#VRML V2.0 utf8

# Vertices: 951
# Triangles: 1898

Group {
    children [
        Shape {
            appearance Appearance {
                material Material {
                    diffuseColor 0.830000 0.860000 0.770000
                    ambientIntensity 0.400000
                    specularColor 0.500000 0.500000 0.500000
                    emissiveColor 0.000000 0.000000 0.000000
                    shininess 0.400000
                    transparency 0.500000
                }
            }
            geometry IndexedFaceSet {
                ccw TRUE
                solid TRUE
                convex TRUE
                coord DEF co Coordinate {
                    point [
                        -0.044391 0.169928 0.016208,
                        -0.109302 0.895920 0.016208,
                        0.086944 0.169928 0.016208,
                        -0.083844 0.169928 0.050309,
                        -0.108359 0.915185 0.016208,
                        -0.085705 0.169928 0.053235,
                        -0.091660 0.169928 0.067131,
                        -0.094117 0.169928 0.073623,
                        -0.139723 0.683918 0.587608,
                        -0.138110 0.703183 0.568317,
                        0.111509 0.895920 0.016208,
                        0.081783 0.169928 0.870474,
                        -0.101164 0.932180 0.016208,
                        -0.138681 0.703183 0.587608,
                        -0.112553 0.895920 0.125277,
                        -0.112925 0.895920 0.144568,
                        -0.112900 0.895920 0.163858,
                        -0.108235 0.915185 0.086788,
                        -0.140219 0.169928 0.876599,
                        -0.140889 0.183085 0.876599,
                        -0.141683 0.202351 0.876599,
                        -0.141981 0.260148 0.857309,
                        -0.140095 0.626120 0.645388,
                        -0.139524 0.645386 0.645388,
                        0.109549 0.908607 0.016208,
                        0.106447 0.876654 0.260127,
                        0.107067 0.876654 0.240928,
                        0.107613 0.857388 0.298708,
                        0.106993 0.838122 0.317999,
                        0.081733 0.169928 0.876599,
                        -0.096846 0.938524 0.016208,
                        -0.108086 0.915185 0.125277,
                        -0.107689 0.915185 0.144568,
                        -0.099700 0.928499 0.144568,
                        -0.135976 0.715557 0.587608,
                        -0.136423 0.717359 0.568317,
                        -0.112255 0.895920 0.202347,
                        -0.112652 0.895920 0.183057,
                        -0.136175 0.701617 0.605161,
                        -0.135008 0.713129 0.597573,
                        -0.140170 0.169928 0.895889,
                        -0.141931 0.221617 0.876599,
                        -0.141907 0.240883 0.876599,
                        -0.141782 0.279414 0.857309,
                        -0.140591 0.414275 0.799529,
                        -0.136398 0.663399 0.643925,
                        -0.139624 0.568401 0.703259,
                        -0.139227 0.626120 0.664678,
                        -0.136522 0.644055 0.663398,
                        0.108482 0.915185 0.016208,
                        0.103196 0.895920 0.221638,
                        0.101757 0.895920 0.240928,
                        0.104933 0.876654 0.279418,
                        0.106149 0.857388 0.317999,
                        0.105355 0.838122 0.337198,
                        0.083048 0.452806 0.780238,
                        0.082751 0.414275 0.799529,
                        0.081832 0.395009 0.818819,
                        0.081733 0.221617 0.876599,
                        0.081783 0.202351 0.876599,
                        0.079922 0.169928 0.888484,
                        -0.094439 0.941813 0.016208,
                        -0.106746 0.915185 0.163858,
                        -0.099030 0.927794 0.163858,
                        -0.091164 0.944789 0.016208,
                        -0.130418 0.725190 0.587608,
                        -0.106250 0.876654 0.317999,
                        -0.109104 0.876654 0.298708,
                        -0.110965 0.895920 0.221638,
                        -0.135281 0.656115 0.656084,
                        -0.135108 0.694177 0.617138,
                        -0.132403 0.668959 0.649411,
                        -0.131634 0.707021 0.610464,
                        -0.124661 0.721274 0.605344,
                        -0.117664 0.734353 0.600224,
                        -0.120791 0.738347 0.587608,
                        -0.139897 0.183085 0.895889,
                        -0.136472 0.169928 0.908232,
                        -0.139276 0.202351 0.895889,
                        -0.141187 0.260148 0.876599,
                        -0.139971 0.395009 0.818819,
                        -0.138954 0.472072 0.780238,
                        -0.139301 0.549135 0.722458,
                        -0.138681 0.606854 0.683969,
                        -0.136100 0.606854 0.698231,
                        -0.135058 0.617035 0.694025,
                        -0.135257 0.636771 0.675283,
                        0.101038 0.932258 0.016208,
                        0.097886 0.907745 0.221638,
                        0.100566 0.931397 0.028916,
                        0.096398 0.905631 0.250894,
                        0.099698 0.896546 0.258390,
                        0.099202 0.890986 0.279418,
                        0.101261 0.878377 0.300262,
                        0.100244 0.874226 0.317999,
                        0.102601 0.857388 0.337198,
                        0.081411 0.606854 0.683969,
                        0.080468 0.589468 0.704996,
                        0.083420 0.568401 0.703259,
                        0.082875 0.549135 0.722458,
                        0.083023 0.491338 0.761039,
                        0.082056 0.472072 0.780238,
                        0.079798 0.415841 0.820556,
                        0.078011 0.410516 0.830704,
                        0.078731 0.395009 0.832990,
                        0.078086 0.237437 0.888576,
                        0.078780 0.221617 0.890404,
                        0.078929 0.202351 0.891318,
                        0.079053 0.169928 0.893421,
                        -0.105307 0.915185 0.183057,
                        -0.088087 0.937427 0.163858,
                        -0.098012 0.926619 0.183057,
                        -0.084812 0.950271 0.016208,
                        -0.115233 0.751035 0.576911,
                        -0.100742 0.853394 0.395069,
                        -0.097218 0.887305 0.329884,
                        -0.098781 0.889263 0.317999,
                        -0.100444 0.911583 0.240928,
                        -0.102156 0.914167 0.221638,
                        -0.108359 0.895920 0.240928,
                        -0.132329 0.649615 0.668884,
                        -0.125877 0.645621 0.684152,
                        -0.119500 0.660423 0.680220,
                        -0.119550 0.679610 0.660473,
                        -0.118781 0.716575 0.620703,
                        -0.098037 0.752679 0.598853,
                        -0.102156 0.756752 0.587608,
                        -0.111784 0.747980 0.587608,
                        -0.112280 0.729419 0.613024,
                        -0.129128 0.169928 0.917831,
                        -0.135430 0.202351 0.906403,
                        -0.137688 0.220285 0.896895,
                        -0.137788 0.240883 0.892507,
                        -0.135008 0.213002 0.905763,
                        -0.136944 0.260148 0.890130,
                        -0.138358 0.280197 0.877879,
                        -0.136621 0.356477 0.851457,
                        -0.139946 0.356477 0.838110,
                        -0.137614 0.414118 0.819459,
                        -0.136671 0.489928 0.779598,
                        -0.137366 0.568714 0.723098,
                        -0.136075 0.472072 0.792855,
                        -0.137614 0.589077 0.704722,
                        -0.136125 0.583594 0.717064,
                        -0.134661 0.596438 0.712127,
                        -0.132577 0.606854 0.707830,
                        -0.132254 0.629879 0.688083,
                        0.094462 0.941891 0.016208,
                        0.089351 0.917378 0.221638,
                        0.079723 0.926776 0.221638,
                        0.078284 0.925680 0.234803,
                        0.087515 0.911035 0.258390,
                        0.094487 0.903360 0.263693,
                        0.096174 0.886052 0.307759,
                        0.097713 0.888323 0.294960,
                        0.093619 0.941030 0.028916,
                        0.098060 0.869840 0.337198,
                        0.096571 0.867412 0.347437,
                        0.098383 0.856526 0.354934,
                        0.097092 0.849556 0.368282,
                        0.077019 0.712738 0.597116,
                        0.078334 0.698406 0.606898,
                        0.078210 0.682195 0.624269,
                        0.078284 0.663085 0.643651,
                        0.081708 0.645386 0.645388,
                        0.078359 0.606854 0.698414,
                        0.078607 0.584221 0.717887,
                        0.080145 0.569419 0.723555,
                        0.079475 0.490868 0.780604,
                        0.078805 0.472072 0.794957,
                        0.078830 0.433541 0.815436,
                        0.076944 0.423359 0.828053,
                        0.073470 0.415841 0.837561,
                        0.074711 0.395009 0.842681,
                        0.073595 0.242684 0.895341,
                        0.074240 0.221617 0.900004,
                        0.076250 0.169928 0.903020,
                        0.077267 0.169928 0.900004,
                        -0.102156 0.916987 0.203719,
                        -0.097069 0.925601 0.198233,
                        -0.085110 0.937505 0.182874,
                        -0.077616 0.944397 0.176292,
                        -0.078460 0.944945 0.163858,
                        -0.074291 0.956615 0.016208,
                        -0.095184 0.770065 0.576728,
                        -0.099054 0.773120 0.563838,
                        -0.095332 0.827549 0.460712,
                        -0.095060 0.866003 0.382910,
                        -0.087243 0.892082 0.336649,
                        -0.085879 0.899757 0.318273,
                        -0.079899 0.926776 0.255556,
                        -0.092727 0.921216 0.240928,
                        -0.095308 0.923800 0.221638,
                        -0.096176 0.924662 0.211124,
                        -0.119426 0.641627 0.698505,
                        -0.114811 0.654471 0.693020,
                        -0.113967 0.692454 0.653707,
                        -0.099427 0.734431 0.618966,
                        -0.086698 0.747354 0.611927,
                        -0.086698 0.755499 0.602236,
                        -0.087938 0.765915 0.587791,
                        -0.119500 0.169928 0.927979,
                        -0.126547 0.202351 0.916003,
                        -0.115927 0.213707 0.925054,
                        -0.124959 0.219816 0.914906,
                        -0.123024 0.240883 0.912620,
                        -0.132651 0.240883 0.902198,
                        -0.135852 0.274245 0.887936,
                        -0.137415 0.298680 0.873125,
                        -0.135629 0.369086 0.849172,
                        -0.137589 0.375587 0.838658,
                        -0.135530 0.407540 0.829790,
                        -0.136448 0.433541 0.813242,
                        -0.135753 0.562449 0.734252,
                        -0.135133 0.482566 0.790478,
                        -0.134066 0.575215 0.729864,
                        -0.131882 0.589077 0.723098,
                        -0.122949 0.607168 0.723190,
                        -0.119178 0.621421 0.717247,
                        -0.125728 0.625650 0.702711,
                        0.084835 0.949958 0.016208,
                        0.083991 0.949253 0.028916,
                        0.067416 0.936096 0.202347,
                        0.082254 0.947765 0.048207,
                        0.067416 0.933120 0.221638,
                        0.068359 0.928734 0.241111,
                        0.075406 0.923957 0.247602,
                        0.081932 0.909233 0.279418,
                        0.091559 0.900618 0.279418,
                        0.084785 0.893022 0.317999,
                        0.094413 0.883859 0.317999,
                        0.085902 0.875401 0.354294,
                        0.080840 0.870623 0.372030,
                        0.093668 0.862400 0.360328,
                        0.060344 0.754559 0.582214,
                        0.073719 0.741950 0.569415,
                        0.076597 0.730829 0.576546,
                        0.090517 0.879473 0.337198,
                        0.074860 0.723624 0.589436,
                        0.074959 0.708039 0.606898,
                        0.074513 0.687442 0.629480,
                        0.077118 0.693707 0.616681,
                        0.077267 0.655645 0.655627,
                        0.078259 0.643585 0.663124,
                        0.078210 0.624319 0.682140,
                        0.077118 0.616722 0.693751,
                        0.077019 0.597065 0.712676,
                        0.078433 0.563702 0.735715,
                        0.078383 0.506296 0.774387,
                        0.077664 0.484133 0.791483,
                        0.077912 0.447481 0.811505,
                        0.075580 0.433541 0.825127,
                        0.076622 0.460325 0.807940,
                        0.075158 0.472072 0.804648,
                        0.065902 0.434950 0.839664,
                        0.060419 0.429468 0.850543,
                        0.063024 0.414275 0.853652,
                        0.064513 0.337525 0.877970,
                        0.063123 0.240883 0.911523,
                        0.064612 0.221617 0.913626,
                        0.063024 0.169928 0.923957,
                        0.069178 0.169928 0.915180,
                        0.071808 0.169928 0.910883,
                        -0.088534 0.931867 0.203719,
                        -0.076276 0.943536 0.189091,
                        -0.068882 0.948470 0.182874,
                        -0.068162 0.960060 0.016208,
                        -0.082330 0.773120 0.581483,
                        -0.075408 0.789409 0.557712,
                        -0.077244 0.809302 0.520320,
                        -0.077045 0.867021 0.404669,
                        -0.082206 0.870075 0.391778,
                        -0.087864 0.863810 0.396989,
                        -0.081189 0.889341 0.352740,
                        -0.074688 0.904769 0.324856,
                        -0.075780 0.924192 0.268447,
                        -0.068584 0.929752 0.261224,
                        -0.067418 0.936722 0.240928,
                        -0.061488 0.945964 0.217615,
                        -0.083100 0.928891 0.240928,
                        -0.085680 0.931162 0.221638,
                        -0.113520 0.634265 0.711396,
                        -0.106349 0.626355 0.722732,
                        -0.100667 0.638651 0.715419,
                        -0.101982 0.658230 0.696677,
                        -0.101312 0.677496 0.677478,
                        -0.101114 0.696605 0.658096,
                        -0.086698 0.737721 0.622440,
                        -0.072132 0.750173 0.615127,
                        -0.067418 0.768421 0.594373,
                        -0.105952 0.169928 0.935750,
                        -0.118483 0.183085 0.927065,
                        -0.116895 0.202351 0.925785,
                        -0.113967 0.226551 0.924048,
                        -0.105952 0.183085 0.934105,
                        -0.105952 0.202351 0.931362,
                        -0.120542 0.260148 0.909786,
                        -0.130195 0.260148 0.899821,
                        -0.134339 0.287089 0.885193,
                        -0.126026 0.376996 0.857949,
                        -0.133817 0.381930 0.845515,
                        -0.133942 0.420383 0.826316,
                        -0.132875 0.298680 0.882724,
                        -0.129971 0.317946 0.878885,
                        -0.130840 0.356477 0.861057,
                        -0.135356 0.444975 0.810225,
                        -0.131733 0.433541 0.822842,
                        -0.125232 0.490633 0.799254,
                        -0.118657 0.544280 0.773838,
                        -0.131659 0.529870 0.764148,
                        -0.129748 0.568714 0.741109,
                        -0.120939 0.586414 0.741566,
                        -0.118061 0.600902 0.735075,
                        -0.112032 0.613746 0.730046,
                        0.067863 0.959747 0.016208,
                        0.056300 0.943614 0.187902,
                        0.052925 0.942518 0.202347,
                        0.047094 0.940951 0.220998,
                        0.048161 0.936096 0.240928,
                        0.062578 0.926854 0.256836,
                        0.068359 0.922547 0.262047,
                        0.067416 0.917300 0.279418,
                        0.068409 0.910330 0.299165,
                        0.075480 0.904691 0.305931,
                        0.078979 0.906884 0.293040,
                        0.080890 0.889341 0.337198,
                        0.078135 0.886991 0.348351,
                        0.076498 0.866551 0.384830,
                        0.056250 0.788626 0.537508,
                        0.058583 0.771553 0.560089,
                        0.053347 0.767403 0.572980,
                        0.055680 0.749468 0.595105,
                        0.056871 0.731220 0.615492,
                        0.061039 0.736624 0.602601,
                        0.064860 0.742576 0.588248,
                        0.065754 0.723859 0.608178,
                        0.061659 0.699268 0.641731,
                        0.074513 0.668489 0.648862,
                        0.074537 0.648832 0.668427,
                        0.074463 0.629566 0.687351,
                        0.074835 0.606854 0.708013,
                        0.074810 0.589468 0.723555,
                        0.076597 0.576468 0.730686,
                        0.075828 0.553678 0.748605,
                        0.075927 0.496977 0.787186,
                        0.073024 0.453511 0.818271,
                        0.065183 0.472855 0.820190,
                        0.071709 0.490868 0.798523,
                        0.059798 0.466903 0.830613,
                        0.056225 0.479747 0.827504,
                        0.056995 0.442312 0.847160,
                        0.048757 0.415528 0.863708,
                        0.055605 0.400335 0.865628,
                        0.059054 0.331338 0.887478,
                        0.060493 0.260148 0.908506,
                        0.055407 0.221617 0.923225,
                        0.057143 0.208773 0.924322,
                        0.060369 0.169928 0.927522,
                        -0.074415 0.942596 0.202347,
                        -0.064788 0.948000 0.202347,
                        -0.048163 0.957241 0.183057,
                        -0.058857 0.963741 0.023522,
                        -0.066128 0.960139 0.029556,
                        -0.048163 0.955205 0.202347,
                        -0.064242 0.961783 0.016208,
                        -0.067418 0.775469 0.584774,
                        -0.068361 0.785807 0.567769,
                        -0.062554 0.791289 0.561004,
                        -0.067418 0.805464 0.532754,
                        -0.067418 0.810711 0.523154,
                        -0.064068 0.849713 0.447272,
                        -0.069254 0.845171 0.453306,
                        -0.064217 0.868979 0.408600,
                        -0.068931 0.892630 0.358134,
                        -0.076351 0.885973 0.365631,
                        -0.067914 0.902420 0.337472,
                        -0.061835 0.906805 0.331164,
                        -0.062927 0.926854 0.274390,
                        -0.048163 0.936252 0.260127,
                        -0.056922 0.943849 0.230506,
                        -0.099178 0.618367 0.733612,
                        -0.086698 0.641940 0.718344,
                        -0.086698 0.651573 0.709567,
                        -0.086698 0.661597 0.699877,
                        -0.086698 0.671230 0.690551,
                        -0.086698 0.680863 0.680860,
                        -0.086698 0.699972 0.661478,
                        -0.086698 0.728479 0.632040,
                        -0.073026 0.731142 0.634783,
                        -0.059279 0.751739 0.616864,
                        -0.066401 0.757535 0.607995,
                        -0.051885 0.769909 0.596293,
                        -0.089427 0.169928 0.942333,
                        -0.110171 0.240883 0.922311,
                        -0.117863 0.274872 0.907317,
                        -0.106895 0.220755 0.927979,
                        -0.100518 0.240883 0.926425,
                        -0.086698 0.202351 0.938310,
                        -0.120344 0.317946 0.890495,
                        -0.121808 0.395009 0.854474,
                        -0.131435 0.395009 0.842224,
                        -0.117639 0.331495 0.888027,
                        -0.118235 0.372062 0.869285,
                        -0.115257 0.384906 0.866817,
                        -0.122081 0.433541 0.835001,
                        -0.118756 0.448812 0.831436,
                        -0.117813 0.485934 0.811322,
                        -0.119302 0.510604 0.794317,
                        -0.113694 0.557124 0.769450,
                        -0.116424 0.579209 0.752171,
                        -0.113372 0.498778 0.807940,
                        -0.105952 0.593227 0.748697,
                        -0.105754 0.607168 0.738549,
                        0.058732 0.963663 0.016208,
                        0.058310 0.963506 0.020688,
                        0.065803 0.959277 0.027819,
                        0.043298 0.945494 0.202347,
                        0.039948 0.944476 0.214141,
                        0.034564 0.943223 0.227032,
                        0.028881 0.935313 0.260127,
                        0.050022 0.929439 0.262047,
                        0.028435 0.941265 0.240106,
                        0.057689 0.924740 0.269727,
                        0.062627 0.907824 0.314616,
                        0.068409 0.903203 0.319827,
                        0.066101 0.889184 0.355483,
                        0.071634 0.883467 0.361151,
                        0.067416 0.896938 0.337198,
                        0.043397 0.792855 0.544456,
                        0.049154 0.785259 0.550124,
                        0.040494 0.771867 0.579745,
                        0.048087 0.760902 0.587425,
                        0.042851 0.754324 0.600682,
                        0.044017 0.735998 0.620703,
                        0.057317 0.693080 0.654622,
                        0.061436 0.718377 0.622075,
                        0.061659 0.680237 0.661021,
                        0.068111 0.664730 0.664770,
                        0.061635 0.641392 0.699328,
                        0.067888 0.625807 0.702985,
                        0.065630 0.607951 0.723647,
                        0.064786 0.587980 0.742297,
                        0.073719 0.569419 0.742023,
                        0.061560 0.491338 0.813882,
                        0.062875 0.567226 0.760948,
                        0.043372 0.485621 0.830887,
                        0.044141 0.448421 0.850543,
                        0.058508 0.560021 0.771370,
                        0.052603 0.572787 0.767256,
                        0.039750 0.578895 0.771279,
                        0.049600 0.434950 0.854749,
                        0.036375 0.422811 0.866542,
                        0.042752 0.409967 0.869011,
                        0.042454 0.356477 0.888393,
                        0.049253 0.337525 0.891501,
                        0.056399 0.344182 0.885193,
                        0.051561 0.240883 0.921122,
                        0.058533 0.271974 0.906312,
                        0.041908 0.240883 0.926425,
                        0.045754 0.221617 0.928436,
                        0.047144 0.169928 0.936573,
                        0.051089 0.169928 0.934013,
                        -0.028883 0.960139 0.183057,
                        -0.048560 0.966013 0.016208,
                        -0.028883 0.958494 0.202347,
                        -0.053250 0.965151 0.016208,
                        -0.059205 0.963820 0.016208,
                        -0.049552 0.948548 0.223101,
                        -0.028883 0.953090 0.221638,
                        -0.048163 0.786747 0.572797,
                        -0.046525 0.775861 0.588979,
                        -0.048163 0.792620 0.563198,
                        -0.048163 0.800765 0.549118,
                        -0.048163 0.807735 0.536776,
                        -0.048163 0.812826 0.527085,
                        -0.048163 0.821362 0.510538,
                        -0.048163 0.840863 0.472139,
                        -0.048163 0.899287 0.356488,
                        -0.063497 0.888401 0.369928,
                        -0.048163 0.904691 0.344512,
                        -0.028883 0.938993 0.260127,
                        -0.044069 0.945572 0.235352,
                        -0.037245 0.905474 0.346706,
                        -0.086698 0.621186 0.735898,
                        -0.086698 0.630819 0.727944,
                        -0.095854 0.597065 0.751257,
                        -0.072132 0.653922 0.711762,
                        -0.067418 0.634030 0.730595,
                        -0.073150 0.673423 0.692745,
                        -0.073497 0.692689 0.673364,
                        -0.073249 0.711955 0.654165,
                        -0.066723 0.722292 0.645296,
                        -0.060197 0.732709 0.636337,
                        -0.048163 0.752366 0.617595,
                        -0.046525 0.763330 0.604978,
                        -0.048163 0.733648 0.637343,
                        -0.048163 0.743281 0.627194,
                        -0.039032 0.770692 0.597299,
                        -0.080122 0.169928 0.944893,
                        -0.078658 0.176272 0.944527,
                        -0.085730 0.182850 0.941601,
                        -0.097144 0.251534 0.925145,
                        -0.104513 0.258817 0.919477,
                        -0.107392 0.280511 0.911157,
                        -0.114786 0.287716 0.905032,
                        -0.086698 0.221617 0.934653,
                        -0.072902 0.189194 0.943521,
                        -0.111163 0.298680 0.903295,
                        -0.104836 0.317084 0.900278,
                        -0.106647 0.337682 0.891410,
                        -0.113520 0.344338 0.885101,
                        -0.100667 0.351543 0.888393,
                        -0.102404 0.391328 0.869742,
                        -0.095506 0.404172 0.866725,
                        -0.107416 0.454294 0.835641,
                        -0.114811 0.461656 0.827961,
                        -0.105183 0.548430 0.779873,
                        -0.100841 0.562214 0.773016,
                        -0.101958 0.467530 0.831344,
                        -0.100518 0.504025 0.811048,
                        -0.096697 0.539816 0.790112,
                        0.048037 0.965699 0.016208,
                        0.028881 0.951446 0.183057,
                        0.047814 0.964603 0.027819,
                        -0.009653 0.957006 0.202347,
                        0.009627 0.953325 0.202347,
                        0.028881 0.949018 0.202347,
                        0.028435 0.945807 0.220998,
                        0.021711 0.944554 0.233157,
                        0.009627 0.938289 0.260127,
                        0.029948 0.928342 0.280881,
                        0.037070 0.924505 0.288286,
                        0.044836 0.926698 0.275395,
                        0.009627 0.942753 0.245957,
                        0.050022 0.923408 0.280881,
                        0.048161 0.918161 0.298708,
                        0.057640 0.905474 0.327507,
                        0.058781 0.886678 0.366911,
                        0.038335 0.809145 0.520046,
                        0.035804 0.789018 0.557255,
                        0.028881 0.774138 0.582854,
                        0.028881 0.767089 0.592545,
                        0.028881 0.757456 0.604339,
                        0.028881 0.749233 0.614029,
                        0.032752 0.729889 0.633594,
                        0.033249 0.710937 0.652976,
                        0.044092 0.717045 0.640177,
                        0.050717 0.705063 0.647399,
                        0.044464 0.698093 0.659376,
                        0.057392 0.673893 0.673912,
                        0.057019 0.634970 0.712127,
                        0.061287 0.622126 0.717978,
                        0.060965 0.602234 0.736263,
                        0.060320 0.581793 0.754457,
                        0.039377 0.520941 0.809585,
                        0.028881 0.498856 0.826956,
                        0.028881 0.489223 0.833081,
                        0.035258 0.461265 0.847069,
                        0.054563 0.594637 0.749063,
                        0.047169 0.586727 0.760216,
                        0.041710 0.599649 0.753268,
                        0.028881 0.612415 0.748148,
                        0.028881 0.590486 0.765245,
                        0.028881 0.580853 0.772741,
                        0.028881 0.523213 0.811139,
                        0.029527 0.432679 0.863251,
                        0.023522 0.425709 0.867822,
                        0.014217 0.384123 0.885833,
                        0.028881 0.356477 0.893147,
                        0.038707 0.366345 0.886381,
                        0.032554 0.321940 0.904026,
                        0.038956 0.309096 0.905763,
                        0.039179 0.251455 0.925054,
                        0.028881 0.221617 0.934653,
                        0.034539 0.169928 0.942881,
                        0.036673 0.169928 0.941876,
                        -0.009653 0.958651 0.183057,
                        0.028881 0.968519 0.016208,
                        0.022306 0.968989 0.016208,
                        0.009627 0.969850 0.016208,
                        0.003051 0.969928 0.016208,
                        -0.009653 0.970007 0.016208,
                        -0.016204 0.969615 0.016208,
                        -0.028883 0.968832 0.016208,
                        -0.035682 0.967892 0.016208,
                        -0.009653 0.952542 0.221638,
                        -0.009653 0.946825 0.239191,
                        -0.009653 0.939620 0.260127,
                        -0.009653 0.943536 0.248882,
                        -0.028883 0.787373 0.574077,
                        -0.028883 0.793560 0.564478,
                        -0.028883 0.802645 0.549118,
                        -0.028883 0.808675 0.538422,
                        -0.028883 0.813766 0.528822,
                        -0.034268 0.828254 0.500481,
                        -0.037593 0.886208 0.385287,
                        -0.028883 0.931710 0.279418,
                        -0.009653 0.932493 0.279418,
                        -0.030248 0.890829 0.377607,
                        -0.030049 0.902107 0.354934,
                        -0.024417 0.905787 0.347529,
                        -0.088335 0.606463 0.746594,
                        -0.083000 0.599806 0.753268,
                        -0.067418 0.612102 0.748057,
                        -0.067418 0.624397 0.738366,
                        -0.086698 0.566130 0.775667,
                        -0.086698 0.575685 0.769084,
                        -0.066401 0.646639 0.719533,
                        -0.059279 0.655410 0.713133,
                        -0.066202 0.664417 0.702985,
                        -0.055210 0.635440 0.731783,
                        -0.060297 0.674833 0.694117,
                        -0.060644 0.694255 0.675009,
                        -0.028883 0.752992 0.618326,
                        -0.028883 0.744064 0.627926,
                        -0.028883 0.724877 0.647765,
                        -0.028883 0.734431 0.638074,
                        -0.048163 0.714461 0.656633,
                        -0.028883 0.705611 0.667147,
                        -0.028883 0.770849 0.597482,
                        -0.028883 0.777975 0.587608,
                        -0.067244 0.169928 0.946995,
                        -0.066847 0.182850 0.945258,
                        -0.084787 0.258817 0.926059,
                        -0.077095 0.269781 0.924779,
                        -0.089948 0.264378 0.923134,
                        -0.084787 0.277535 0.920483,
                        -0.086698 0.298680 0.913169,
                        -0.097665 0.310036 0.906129,
                        -0.101536 0.298680 0.908140,
                        -0.086698 0.240883 0.930356,
                        -0.067418 0.221617 0.938219,
                        -0.060048 0.194363 0.944344,
                        -0.066847 0.201411 0.942150,
                        -0.086698 0.337212 0.898998,
                        -0.093620 0.364387 0.885467,
                        -0.086995 0.375273 0.882450,
                        -0.088137 0.396654 0.872302,
                        -0.082678 0.407775 0.868554,
                        -0.082355 0.446384 0.849355,
                        -0.087938 0.452806 0.844418,
                        -0.095208 0.442469 0.847343,
                        -0.093844 0.480374 0.827687,
                        -0.086698 0.507863 0.813425,
                        -0.086698 0.517496 0.807483,
                        -0.086698 0.529870 0.799620,
                        -0.086698 0.542244 0.791666,
                        -0.086698 0.551876 0.785358,
                        0.009627 0.949566 0.221638,
                        0.009627 0.945572 0.236357,
                        0.009627 0.931632 0.279418,
                        0.024217 0.925680 0.291486,
                        0.029948 0.922312 0.298251,
                        0.049997 0.910251 0.319827,
                        0.044787 0.907119 0.331255,
                        0.049997 0.903125 0.337472,
                        0.048161 0.894901 0.356488,
                        0.048161 0.888166 0.369836,
                        0.025482 0.811181 0.523977,
                        0.030693 0.806247 0.530194,
                        0.029179 0.795440 0.550124,
                        0.022976 0.791054 0.560546,
                        0.029179 0.784476 0.567495,
                        0.009627 0.786355 0.572340,
                        0.009627 0.776722 0.586145,
                        0.009627 0.769517 0.595836,
                        0.017765 0.751113 0.616224,
                        0.027368 0.738269 0.626737,
                        0.019924 0.732317 0.635971,
                        0.020395 0.713208 0.655445,
                        0.033174 0.672248 0.691648,
                        0.044538 0.678670 0.678758,
                        0.044191 0.640060 0.716699,
                        0.056325 0.615078 0.730778,
                        0.016301 0.500658 0.828236,
                        0.009627 0.474578 0.843961,
                        0.022405 0.463692 0.848349,
                        0.028857 0.470897 0.843321,
                        0.028857 0.453981 0.852280,
                        0.049030 0.607403 0.742206,
                        0.043496 0.620090 0.735349,
                        0.009627 0.615078 0.750251,
                        0.028881 0.623692 0.738457,
                        0.016971 0.635361 0.731783,
                        0.009627 0.605445 0.757565,
                        0.009627 0.592679 0.767256,
                        0.009627 0.583046 0.774204,
                        0.017592 0.558533 0.789746,
                        0.009627 0.436752 0.863800,
                        0.009627 0.427119 0.868462,
                        0.009627 0.414275 0.873948,
                        0.008535 0.393286 0.882633,
                        0.001364 0.385689 0.886381,
                        0.008535 0.376918 0.889124,
                        0.009627 0.356477 0.896895,
                        0.019701 0.327892 0.905672,
                        0.027219 0.335489 0.901192,
                        0.019353 0.269860 0.924779,
                        0.027020 0.258739 0.926151,
                        0.028881 0.240883 0.930448,
                        0.009627 0.221617 0.938493,
                        0.016525 0.190682 0.943613,
                        0.022380 0.177838 0.944984,
                        0.025730 0.169928 0.945533,
                        0.028832 0.169928 0.944618,
                        -0.009653 0.787295 0.573986,
                        -0.009653 0.793482 0.564386,
                        -0.009653 0.802567 0.549118,
                        -0.009653 0.813844 0.528731,
                        -0.021415 0.828568 0.501121,
                        -0.009653 0.808597 0.538422,
                        0.009627 0.926463 0.293406,
                        -0.009653 0.910095 0.337198,
                        0.009627 0.922860 0.303097,
                        -0.024739 0.886678 0.386201,
                        -0.009653 0.892239 0.375779,
                        -0.009653 0.901323 0.357311,
                        -0.009653 0.905944 0.347712,
                        -0.076723 0.577877 0.770547,
                        -0.067418 0.602469 0.755188,
                        -0.048163 0.614294 0.749703,
                        -0.048163 0.656194 0.713956,
                        -0.048163 0.675851 0.695031,
                        -0.042357 0.636301 0.732515,
                        -0.048535 0.643820 0.725109,
                        -0.048535 0.627843 0.738732,
                        -0.048163 0.685484 0.685523,
                        -0.048163 0.695195 0.675923,
                        -0.009653 0.752914 0.618235,
                        -0.016229 0.770849 0.597482,
                        -0.009653 0.743908 0.627834,
                        -0.009653 0.724799 0.647673,
                        -0.009653 0.705611 0.667055,
                        -0.009653 0.734275 0.637983,
                        -0.028883 0.686267 0.686346,
                        -0.009653 0.695978 0.676655,
                        -0.048163 0.169928 0.949098,
                        -0.067418 0.240883 0.933922,
                        -0.067418 0.260148 0.928893,
                        -0.067418 0.271974 0.925511,
                        -0.067418 0.281607 0.922494,
                        -0.067418 0.298680 0.916826,
                        -0.076475 0.327344 0.905489,
                        -0.086698 0.314265 0.907683,
                        -0.086698 0.323898 0.904209,
                        -0.048163 0.221617 0.940139,
                        -0.048163 0.196947 0.944801,
                        -0.048163 0.206580 0.943064,
                        -0.048163 0.183085 0.947087,
                        -0.080767 0.368538 0.887296,
                        -0.086995 0.357339 0.890404,
                        -0.067418 0.395009 0.877879,
                        -0.067418 0.411299 0.870199,
                        -0.067418 0.420932 0.865537,
                        -0.067418 0.433541 0.859320,
                        -0.067418 0.449830 0.851092,
                        -0.067418 0.459463 0.846155,
                        -0.080991 0.483820 0.829607,
                        -0.087119 0.473169 0.833721,
                        -0.087119 0.490711 0.823665,
                        -0.076127 0.519923 0.808945,
                        -0.067418 0.545924 0.794135,
                        -0.067418 0.555557 0.787735,
                        0.028881 0.915264 0.317999,
                        0.028881 0.908528 0.334638,
                        0.028881 0.904378 0.344237,
                        0.028881 0.898739 0.356488,
                        0.028881 0.890202 0.373767,
                        0.028881 0.885190 0.383458,
                        0.009627 0.812904 0.527177,
                        0.009627 0.807735 0.536776,
                        0.009627 0.800609 0.549118,
                        0.009627 0.792464 0.562741,
                        -0.003400 0.770457 0.596933,
                        0.004937 0.752288 0.617504,
                        0.010669 0.758709 0.608635,
                        0.009627 0.733257 0.636977,
                        0.009627 0.723859 0.646576,
                        0.009627 0.714226 0.656359,
                        0.020321 0.674676 0.693934,
                        0.019800 0.655254 0.713042,
                        0.032628 0.652904 0.710665,
                        0.009627 0.525562 0.812694,
                        0.009775 0.508959 0.823482,
                        0.003448 0.501441 0.828693,
                        0.009775 0.493061 0.833264,
                        -0.009653 0.474970 0.843961,
                        -0.009653 0.465337 0.849263,
                        0.009627 0.452806 0.855480,
                        0.028881 0.633325 0.729864,
                        0.010172 0.627843 0.739280,
                        0.004143 0.636536 0.732789,
                        -0.009653 0.626120 0.742297,
                        -0.009653 0.615782 0.750800,
                        -0.009653 0.606149 0.758114,
                        -0.009653 0.593071 0.767713,
                        -0.009653 0.583438 0.774478,
                        -0.009653 0.569419 0.784078,
                        0.004738 0.559473 0.790386,
                        0.010545 0.566913 0.784992,
                        0.009627 0.535195 0.806294,
                        -0.009653 0.436908 0.863891,
                        -0.009653 0.427275 0.868645,
                        -0.009653 0.452806 0.855754,
                        -0.009653 0.414275 0.874405,
                        -0.009653 0.395635 0.882450,
                        -0.009653 0.386003 0.886564,
                        -0.009653 0.375743 0.890678,
                        -0.009653 0.356477 0.898266,
                        -0.009653 0.341911 0.903752,
                        -0.009653 0.332278 0.907226,
                        0.009627 0.339483 0.903020,
                        0.009627 0.329850 0.906312,
                        0.009627 0.272053 0.925511,
                        0.009627 0.260148 0.928985,
                        0.009627 0.240883 0.934196,
                        -0.009653 0.221617 0.940413,
                        0.003671 0.195538 0.944618,
                        0.009900 0.202116 0.942424,
                        0.009701 0.169928 0.948732,
                        0.015209 0.169928 0.947727,
                        -0.009752 0.776409 0.589345,
                        -0.003971 0.828254 0.500572,
                        -0.010100 0.824339 0.508709,
                        -0.016799 0.828568 0.501121,
                        -0.009653 0.886835 0.386567,
                        0.002729 0.905709 0.347346,
                        0.009627 0.917065 0.317999,
                        0.004242 0.886600 0.386110,
                        -0.069155 0.570202 0.777404,
                        -0.063870 0.579835 0.771919,
                        -0.069155 0.586805 0.765976,
                        -0.048163 0.591191 0.766433,
                        -0.048163 0.604662 0.756742,
                        -0.028883 0.615547 0.750617,
                        -0.028883 0.605915 0.757748,
                        -0.028883 0.657055 0.714779,
                        -0.028883 0.676634 0.695854,
                        -0.028883 0.636849 0.733063,
                        -0.028883 0.646482 0.724378,
                        -0.028883 0.626120 0.741932,
                        -0.009752 0.764035 0.605070,
                        0.009627 0.704515 0.666050,
                        -0.009653 0.686189 0.686346,
                        0.009627 0.675616 0.694848,
                        -0.028883 0.169928 0.950104,
                        -0.048163 0.240883 0.935842,
                        -0.048163 0.260148 0.930722,
                        -0.048163 0.274950 0.926425,
                        -0.048163 0.298680 0.918745,
                        -0.048163 0.284583 0.923408,
                        -0.048163 0.317946 0.911980,
                        -0.063646 0.329615 0.906312,
                        -0.069006 0.319747 0.909237,
                        -0.069006 0.336507 0.902929,
                        -0.067418 0.356477 0.895067,
                        -0.028883 0.208930 0.943521,
                        -0.028883 0.221617 0.940961,
                        -0.028883 0.183085 0.948001,
                        -0.028883 0.199297 0.945258,
                        -0.067418 0.381069 0.884279,
                        -0.067418 0.371436 0.888667,
                        -0.048163 0.395009 0.880530,
                        -0.055036 0.423203 0.866634,
                        -0.054515 0.461656 0.847252,
                        -0.067418 0.472072 0.839298,
                        -0.067418 0.496115 0.825584,
                        -0.067418 0.486482 0.831253,
                        -0.063274 0.522038 0.810317,
                        -0.068783 0.529008 0.804740,
                        -0.068783 0.512405 0.815254,
                        -0.048163 0.548196 0.795689,
                        -0.048163 0.533550 0.805288,
                        -0.048163 0.557828 0.789289,
                        0.015582 0.905239 0.346157,
                        0.010247 0.890516 0.377516,
                        0.017070 0.886052 0.385012,
                        0.009627 0.821597 0.510538,
                        0.009627 0.656037 0.713773,
                        0.027293 0.646012 0.718893,
                        0.009627 0.665748 0.704448,
                        -0.009653 0.535665 0.806660,
                        -0.009653 0.526032 0.812968,
                        -0.009653 0.510995 0.822659,
                        -0.009653 0.501362 0.828693,
                        -0.009653 0.491338 0.834544,
                        -0.019678 0.501049 0.828510,
                        -0.028883 0.473952 0.843412,
                        -0.028883 0.464319 0.848715,
                        -0.009653 0.646639 0.724378,
                        -0.009653 0.637006 0.733155,
                        -0.009653 0.657055 0.714687,
                        -0.028883 0.592522 0.767347,
                        -0.028883 0.582890 0.774021,
                        -0.025161 0.559395 0.790295,
                        -0.009653 0.559786 0.790569,
                        -0.028883 0.452806 0.854657,
                        -0.028883 0.435733 0.863251,
                        -0.028883 0.426101 0.868097,
                        -0.028883 0.414275 0.873582,
                        -0.029528 0.393443 0.882907,
                        -0.023524 0.385924 0.886473,
                        -0.028883 0.356477 0.898266,
                        -0.028883 0.342459 0.903843,
                        -0.028883 0.332826 0.907500,
                        -0.028883 0.317946 0.912803,
                        -0.009653 0.317946 0.912254,
                        -0.009653 0.298680 0.918837,
                        -0.009653 0.284661 0.923408,
                        -0.009653 0.275029 0.926425,
                        -0.009653 0.260148 0.930813,
                        -0.009653 0.240883 0.935933,
                        -0.009653 0.207990 0.943247,
                        -0.009653 0.198357 0.945075,
                        -0.009653 0.183085 0.947818,
                        -0.009653 0.169928 0.950104,
                        -0.000696 0.847677 0.462449,
                        0.009329 0.908763 0.338752,
                        0.009329 0.901637 0.354843,
                        -0.048163 0.581558 0.773107,
                        -0.009653 0.666688 0.705453,
                        -0.009653 0.676556 0.695854,
                        -0.028883 0.240883 0.936482,
                        -0.028883 0.260148 0.931270,
                        -0.028883 0.275812 0.926699,
                        -0.028883 0.285445 0.923682,
                        -0.028883 0.298680 0.919294,
                        -0.048163 0.331651 0.907043,
                        -0.048163 0.341284 0.903386,
                        -0.048163 0.356477 0.897352,
                        -0.048163 0.374255 0.889764,
                        -0.048163 0.383888 0.885559,
                        -0.042208 0.424847 0.867457,
                        -0.048436 0.415763 0.870931,
                        -0.048113 0.454216 0.851915,
                        -0.041687 0.463222 0.848166,
                        -0.048113 0.470662 0.843229,
                        -0.048163 0.498778 0.827139,
                        -0.048163 0.489145 0.832807,
                        -0.048163 0.523918 0.811505,
                        -0.048163 0.510604 0.819825,
                        -0.038014 0.558768 0.789838,
                        -0.028883 0.525406 0.812511,
                        -0.028883 0.535038 0.806203,
                        -0.027221 0.508724 0.823207,
                        -0.032506 0.500266 0.827961,
                        -0.027221 0.492826 0.832715,
                        -0.030521 0.566835 0.784901,
                        -0.030521 0.551093 0.795506,
                        -0.036352 0.385063 0.886107,
                        -0.029528 0.377544 0.889673,
                    ]
                }
                coordIndex [ 
                        0, 1, 4, -1,
                        0, 4, 12, -1,
                        0, 12, 30, -1,
                        0, 30, 61, -1,
                        0, 61, 64, -1,
                        0, 64, 112, -1,
                        0, 112, 183, -1,
                        0, 183, 266, -1,
                        0, 266, 364, -1,
                        0, 364, 466, -1,
                        0, 466, 465, -1,
                        0, 465, 463, -1,
                        0, 463, 584, -1,
                        0, 584, 583, -1,
                        0, 583, 582, -1,
                        0, 582, 581, -1,
                        0, 581, 580, -1,
                        0, 580, 579, -1,
                        0, 579, 578, -1,
                        0, 578, 577, -1,
                        0, 577, 521, -1,
                        0, 521, 413, -1,
                        0, 413, 314, -1,
                        0, 314, 220, -1,
                        0, 220, 147, -1,
                        0, 147, 87, -1,
                        0, 87, 49, -1,
                        0, 49, 24, -1,
                        0, 24, 10, -1,
                        0, 10, 2, -1,
                        0, 2, 11, -1,
                        0, 11, 29, -1,
                        0, 29, 60, -1,
                        0, 60, 108, -1,
                        0, 108, 177, -1,
                        0, 177, 176, -1,
                        0, 176, 262, -1,
                        0, 262, 261, -1,
                        0, 261, 260, -1,
                        0, 260, 357, -1,
                        0, 357, 461, -1,
                        0, 461, 460, -1,
                        0, 460, 575, -1,
                        0, 575, 574, -1,
                        0, 574, 704, -1,
                        0, 704, 703, -1,
                        0, 703, 820, -1,
                        0, 820, 819, -1,
                        0, 819, 915, -1,
                        0, 915, 845, -1,
                        0, 845, 736, -1,
                        0, 736, 621, -1,
                        0, 621, 498, -1,
                        0, 498, 392, -1,
                        0, 392, 290, -1,
                        0, 290, 201, -1,
                        0, 201, 129, -1,
                        0, 129, 77, -1,
                        0, 77, 40, -1,
                        0, 40, 18, -1,
                        0, 18, 7, -1,
                        0, 7, 6, -1,
                        0, 6, 5, -1,
                        0, 5, 3, -1,
                        0, 3, 1, -1,
                        1, 3, 5, -1,
                        1, 5, 6, -1,
                        1, 6, 7, -1,
                        1, 7, 8, -1,
                        1, 8, 9, -1,
                        1, 9, 4, -1,
                        2, 10, 11, -1,
                        4, 9, 13, -1,
                        4, 13, 14, -1,
                        4, 14, 15, -1,
                        4, 15, 16, -1,
                        4, 16, 17, -1,
                        4, 17, 12, -1,
                        7, 18, 19, -1,
                        7, 19, 20, -1,
                        7, 20, 8, -1,
                        8, 20, 21, -1,
                        8, 21, 22, -1,
                        8, 22, 23, -1,
                        8, 23, 13, -1,
                        8, 13, 9, -1,
                        10, 24, 25, -1,
                        10, 25, 26, -1,
                        10, 26, 27, -1,
                        10, 27, 28, -1,
                        10, 28, 29, -1,
                        10, 29, 11, -1,
                        12, 17, 31, -1,
                        12, 31, 32, -1,
                        12, 32, 33, -1,
                        12, 33, 30, -1,
                        13, 34, 35, -1,
                        13, 35, 36, -1,
                        13, 36, 37, -1,
                        13, 37, 16, -1,
                        13, 16, 15, -1,
                        13, 15, 14, -1,
                        13, 23, 38, -1,
                        13, 38, 39, -1,
                        13, 39, 34, -1,
                        16, 37, 31, -1,
                        16, 31, 17, -1,
                        18, 40, 19, -1,
                        19, 40, 20, -1,
                        20, 40, 41, -1,
                        20, 41, 21, -1,
                        21, 41, 42, -1,
                        21, 42, 43, -1,
                        21, 43, 22, -1,
                        22, 43, 44, -1,
                        22, 44, 23, -1,
                        23, 45, 38, -1,
                        23, 44, 46, -1,
                        23, 46, 47, -1,
                        23, 47, 48, -1,
                        23, 48, 45, -1,
                        24, 49, 25, -1,
                        25, 50, 51, -1,
                        25, 51, 52, -1,
                        25, 52, 53, -1,
                        25, 53, 27, -1,
                        25, 27, 26, -1,
                        25, 49, 50, -1,
                        27, 53, 28, -1,
                        28, 53, 54, -1,
                        28, 54, 55, -1,
                        28, 55, 56, -1,
                        28, 56, 57, -1,
                        28, 57, 58, -1,
                        28, 58, 59, -1,
                        28, 59, 29, -1,
                        29, 59, 60, -1,
                        30, 33, 61, -1,
                        31, 37, 36, -1,
                        31, 36, 32, -1,
                        32, 62, 33, -1,
                        32, 36, 62, -1,
                        33, 62, 63, -1,
                        33, 63, 64, -1,
                        33, 64, 61, -1,
                        34, 39, 65, -1,
                        34, 65, 66, -1,
                        34, 66, 67, -1,
                        34, 67, 68, -1,
                        34, 68, 36, -1,
                        34, 36, 35, -1,
                        36, 68, 62, -1,
                        38, 45, 69, -1,
                        38, 69, 70, -1,
                        38, 70, 39, -1,
                        39, 70, 71, -1,
                        39, 71, 72, -1,
                        39, 72, 73, -1,
                        39, 73, 74, -1,
                        39, 74, 75, -1,
                        39, 75, 65, -1,
                        40, 76, 42, -1,
                        40, 42, 41, -1,
                        40, 77, 76, -1,
                        42, 76, 78, -1,
                        42, 78, 79, -1,
                        42, 79, 43, -1,
                        43, 79, 44, -1,
                        44, 79, 80, -1,
                        44, 80, 81, -1,
                        44, 81, 82, -1,
                        44, 82, 46, -1,
                        45, 48, 69, -1,
                        46, 82, 47, -1,
                        47, 82, 83, -1,
                        47, 83, 84, -1,
                        47, 84, 48, -1,
                        48, 84, 85, -1,
                        48, 85, 86, -1,
                        48, 86, 69, -1,
                        49, 87, 50, -1,
                        50, 88, 51, -1,
                        50, 87, 89, -1,
                        50, 89, 88, -1,
                        51, 90, 91, -1,
                        51, 91, 52, -1,
                        51, 88, 90, -1,
                        52, 91, 92, -1,
                        52, 92, 93, -1,
                        52, 93, 94, -1,
                        52, 94, 53, -1,
                        53, 94, 95, -1,
                        53, 95, 96, -1,
                        53, 96, 97, -1,
                        53, 97, 98, -1,
                        53, 98, 99, -1,
                        53, 99, 100, -1,
                        53, 100, 54, -1,
                        54, 100, 55, -1,
                        55, 100, 101, -1,
                        55, 101, 57, -1,
                        55, 57, 56, -1,
                        57, 102, 103, -1,
                        57, 103, 104, -1,
                        57, 104, 105, -1,
                        57, 105, 58, -1,
                        57, 101, 102, -1,
                        58, 105, 106, -1,
                        58, 106, 107, -1,
                        58, 107, 108, -1,
                        58, 108, 60, -1,
                        58, 60, 59, -1,
                        62, 109, 63, -1,
                        62, 68, 109, -1,
                        63, 110, 64, -1,
                        63, 109, 111, -1,
                        63, 111, 110, -1,
                        64, 110, 112, -1,
                        65, 75, 113, -1,
                        65, 113, 114, -1,
                        65, 114, 115, -1,
                        65, 115, 66, -1,
                        66, 115, 116, -1,
                        66, 116, 117, -1,
                        66, 117, 118, -1,
                        66, 118, 119, -1,
                        66, 119, 67, -1,
                        67, 119, 68, -1,
                        68, 119, 118, -1,
                        68, 118, 109, -1,
                        69, 71, 70, -1,
                        69, 86, 120, -1,
                        69, 120, 71, -1,
                        71, 120, 121, -1,
                        71, 121, 122, -1,
                        71, 122, 123, -1,
                        71, 123, 72, -1,
                        72, 124, 73, -1,
                        72, 123, 124, -1,
                        73, 124, 74, -1,
                        74, 125, 126, -1,
                        74, 126, 127, -1,
                        74, 127, 113, -1,
                        74, 113, 75, -1,
                        74, 124, 128, -1,
                        74, 128, 125, -1,
                        76, 77, 78, -1,
                        77, 129, 130, -1,
                        77, 130, 78, -1,
                        78, 131, 132, -1,
                        78, 132, 79, -1,
                        78, 130, 133, -1,
                        78, 133, 131, -1,
                        79, 132, 134, -1,
                        79, 134, 135, -1,
                        79, 135, 136, -1,
                        79, 136, 137, -1,
                        79, 137, 80, -1,
                        80, 137, 138, -1,
                        80, 138, 81, -1,
                        81, 139, 140, -1,
                        81, 140, 82, -1,
                        81, 138, 141, -1,
                        81, 141, 139, -1,
                        82, 140, 83, -1,
                        83, 142, 84, -1,
                        83, 140, 142, -1,
                        84, 142, 140, -1,
                        84, 140, 143, -1,
                        84, 143, 85, -1,
                        85, 143, 144, -1,
                        85, 144, 145, -1,
                        85, 145, 146, -1,
                        85, 146, 86, -1,
                        86, 146, 120, -1,
                        87, 147, 89, -1,
                        88, 89, 147, -1,
                        88, 147, 90, -1,
                        90, 148, 149, -1,
                        90, 149, 150, -1,
                        90, 150, 151, -1,
                        90, 151, 152, -1,
                        90, 152, 153, -1,
                        90, 153, 154, -1,
                        90, 154, 92, -1,
                        90, 92, 91, -1,
                        90, 147, 155, -1,
                        90, 155, 148, -1,
                        92, 154, 94, -1,
                        92, 94, 93, -1,
                        94, 154, 153, -1,
                        94, 153, 156, -1,
                        94, 156, 95, -1,
                        95, 156, 157, -1,
                        95, 157, 158, -1,
                        95, 158, 159, -1,
                        95, 159, 160, -1,
                        95, 160, 161, -1,
                        95, 161, 162, -1,
                        95, 162, 163, -1,
                        95, 163, 164, -1,
                        95, 164, 96, -1,
                        96, 164, 165, -1,
                        96, 165, 97, -1,
                        97, 166, 167, -1,
                        97, 167, 98, -1,
                        97, 165, 166, -1,
                        98, 167, 99, -1,
                        99, 167, 101, -1,
                        99, 101, 100, -1,
                        101, 167, 168, -1,
                        101, 168, 169, -1,
                        101, 169, 102, -1,
                        102, 169, 170, -1,
                        102, 170, 103, -1,
                        103, 170, 171, -1,
                        103, 171, 172, -1,
                        103, 172, 173, -1,
                        103, 173, 105, -1,
                        103, 105, 104, -1,
                        105, 174, 175, -1,
                        105, 175, 106, -1,
                        105, 173, 174, -1,
                        106, 175, 176, -1,
                        106, 176, 177, -1,
                        106, 177, 108, -1,
                        106, 108, 107, -1,
                        109, 118, 178, -1,
                        109, 178, 111, -1,
                        110, 111, 179, -1,
                        110, 179, 180, -1,
                        110, 180, 181, -1,
                        110, 181, 182, -1,
                        110, 182, 112, -1,
                        111, 178, 118, -1,
                        111, 118, 179, -1,
                        112, 182, 183, -1,
                        113, 127, 184, -1,
                        113, 184, 185, -1,
                        113, 185, 186, -1,
                        113, 186, 187, -1,
                        113, 187, 114, -1,
                        114, 187, 115, -1,
                        115, 187, 188, -1,
                        115, 188, 189, -1,
                        115, 189, 190, -1,
                        115, 190, 191, -1,
                        115, 191, 116, -1,
                        116, 191, 117, -1,
                        117, 191, 192, -1,
                        117, 192, 118, -1,
                        118, 192, 193, -1,
                        118, 193, 179, -1,
                        120, 146, 121, -1,
                        121, 146, 194, -1,
                        121, 194, 122, -1,
                        122, 194, 195, -1,
                        122, 195, 123, -1,
                        123, 195, 196, -1,
                        123, 196, 124, -1,
                        124, 196, 128, -1,
                        125, 128, 197, -1,
                        125, 197, 198, -1,
                        125, 198, 199, -1,
                        125, 199, 200, -1,
                        125, 200, 184, -1,
                        125, 184, 126, -1,
                        126, 184, 127, -1,
                        128, 196, 197, -1,
                        129, 133, 130, -1,
                        129, 201, 133, -1,
                        131, 133, 132, -1,
                        132, 133, 134, -1,
                        133, 201, 202, -1,
                        133, 202, 203, -1,
                        133, 203, 204, -1,
                        133, 204, 205, -1,
                        133, 205, 206, -1,
                        133, 206, 134, -1,
                        134, 206, 207, -1,
                        134, 207, 135, -1,
                        135, 208, 136, -1,
                        135, 207, 208, -1,
                        136, 209, 210, -1,
                        136, 210, 137, -1,
                        136, 208, 209, -1,
                        137, 210, 138, -1,
                        138, 210, 209, -1,
                        138, 209, 211, -1,
                        138, 211, 212, -1,
                        138, 212, 141, -1,
                        139, 213, 140, -1,
                        139, 141, 214, -1,
                        139, 214, 213, -1,
                        140, 213, 143, -1,
                        141, 212, 214, -1,
                        143, 213, 144, -1,
                        144, 213, 215, -1,
                        144, 215, 216, -1,
                        144, 216, 145, -1,
                        145, 216, 217, -1,
                        145, 217, 218, -1,
                        145, 218, 219, -1,
                        145, 219, 146, -1,
                        146, 219, 194, -1,
                        147, 220, 221, -1,
                        147, 221, 155, -1,
                        148, 155, 149, -1,
                        149, 222, 150, -1,
                        149, 155, 221, -1,
                        149, 221, 223, -1,
                        149, 223, 222, -1,
                        150, 222, 224, -1,
                        150, 224, 225, -1,
                        150, 225, 226, -1,
                        150, 226, 227, -1,
                        150, 227, 151, -1,
                        151, 227, 152, -1,
                        152, 227, 228, -1,
                        152, 228, 153, -1,
                        153, 229, 230, -1,
                        153, 230, 157, -1,
                        153, 157, 156, -1,
                        153, 228, 229, -1,
                        157, 231, 232, -1,
                        157, 232, 233, -1,
                        157, 233, 234, -1,
                        157, 234, 235, -1,
                        157, 235, 236, -1,
                        157, 236, 159, -1,
                        157, 159, 158, -1,
                        157, 230, 237, -1,
                        157, 237, 231, -1,
                        159, 236, 160, -1,
                        160, 236, 238, -1,
                        160, 238, 239, -1,
                        160, 239, 240, -1,
                        160, 240, 241, -1,
                        160, 241, 161, -1,
                        161, 241, 162, -1,
                        162, 241, 242, -1,
                        162, 242, 163, -1,
                        163, 242, 243, -1,
                        163, 243, 164, -1,
                        164, 243, 244, -1,
                        164, 244, 165, -1,
                        165, 245, 246, -1,
                        165, 246, 166, -1,
                        165, 244, 242, -1,
                        165, 242, 245, -1,
                        166, 246, 247, -1,
                        166, 247, 167, -1,
                        167, 247, 168, -1,
                        168, 247, 248, -1,
                        168, 248, 249, -1,
                        168, 249, 169, -1,
                        169, 249, 171, -1,
                        169, 171, 250, -1,
                        169, 250, 170, -1,
                        170, 250, 171, -1,
                        171, 251, 172, -1,
                        171, 249, 252, -1,
                        171, 252, 253, -1,
                        171, 253, 251, -1,
                        172, 251, 254, -1,
                        172, 254, 255, -1,
                        172, 255, 256, -1,
                        172, 256, 257, -1,
                        172, 257, 173, -1,
                        173, 257, 174, -1,
                        174, 257, 258, -1,
                        174, 258, 175, -1,
                        175, 258, 259, -1,
                        175, 259, 260, -1,
                        175, 260, 261, -1,
                        175, 261, 262, -1,
                        175, 262, 176, -1,
                        179, 193, 180, -1,
                        180, 193, 263, -1,
                        180, 263, 181, -1,
                        181, 263, 264, -1,
                        181, 264, 265, -1,
                        181, 265, 182, -1,
                        182, 265, 266, -1,
                        182, 266, 183, -1,
                        184, 186, 185, -1,
                        184, 200, 267, -1,
                        184, 267, 268, -1,
                        184, 268, 269, -1,
                        184, 269, 270, -1,
                        184, 270, 186, -1,
                        186, 270, 271, -1,
                        186, 271, 272, -1,
                        186, 272, 187, -1,
                        187, 272, 271, -1,
                        187, 271, 273, -1,
                        187, 273, 188, -1,
                        188, 273, 274, -1,
                        188, 274, 189, -1,
                        189, 274, 190, -1,
                        190, 275, 276, -1,
                        190, 276, 277, -1,
                        190, 277, 278, -1,
                        190, 278, 279, -1,
                        190, 279, 191, -1,
                        190, 274, 275, -1,
                        191, 279, 192, -1,
                        192, 280, 263, -1,
                        192, 263, 193, -1,
                        192, 279, 280, -1,
                        194, 219, 218, -1,
                        194, 218, 195, -1,
                        195, 218, 281, -1,
                        195, 281, 282, -1,
                        195, 282, 283, -1,
                        195, 283, 284, -1,
                        195, 284, 285, -1,
                        195, 285, 286, -1,
                        195, 286, 196, -1,
                        196, 286, 197, -1,
                        197, 287, 198, -1,
                        197, 286, 287, -1,
                        198, 287, 288, -1,
                        198, 288, 199, -1,
                        199, 289, 267, -1,
                        199, 267, 200, -1,
                        199, 288, 289, -1,
                        201, 290, 203, -1,
                        201, 203, 291, -1,
                        201, 291, 202, -1,
                        202, 292, 203, -1,
                        202, 291, 292, -1,
                        203, 293, 205, -1,
                        203, 205, 204, -1,
                        203, 292, 291, -1,
                        203, 290, 294, -1,
                        203, 294, 295, -1,
                        203, 295, 293, -1,
                        205, 293, 296, -1,
                        205, 296, 297, -1,
                        205, 297, 206, -1,
                        206, 297, 207, -1,
                        207, 297, 298, -1,
                        207, 298, 209, -1,
                        207, 209, 208, -1,
                        209, 299, 300, -1,
                        209, 300, 301, -1,
                        209, 301, 211, -1,
                        209, 298, 302, -1,
                        209, 302, 303, -1,
                        209, 303, 304, -1,
                        209, 304, 299, -1,
                        211, 301, 305, -1,
                        211, 305, 212, -1,
                        212, 305, 214, -1,
                        213, 214, 215, -1,
                        214, 305, 301, -1,
                        214, 301, 306, -1,
                        214, 306, 307, -1,
                        214, 307, 308, -1,
                        214, 308, 309, -1,
                        214, 309, 310, -1,
                        214, 310, 215, -1,
                        215, 310, 216, -1,
                        216, 310, 311, -1,
                        216, 311, 217, -1,
                        217, 311, 312, -1,
                        217, 312, 218, -1,
                        218, 312, 313, -1,
                        218, 313, 281, -1,
                        220, 314, 221, -1,
                        221, 314, 223, -1,
                        222, 223, 314, -1,
                        222, 314, 315, -1,
                        222, 315, 224, -1,
                        224, 315, 316, -1,
                        224, 316, 317, -1,
                        224, 317, 225, -1,
                        225, 318, 319, -1,
                        225, 319, 226, -1,
                        225, 317, 318, -1,
                        226, 319, 320, -1,
                        226, 320, 321, -1,
                        226, 321, 322, -1,
                        226, 322, 323, -1,
                        226, 323, 324, -1,
                        226, 324, 227, -1,
                        227, 324, 229, -1,
                        227, 229, 228, -1,
                        229, 325, 230, -1,
                        229, 324, 325, -1,
                        230, 325, 237, -1,
                        231, 237, 326, -1,
                        231, 326, 232, -1,
                        232, 326, 327, -1,
                        232, 327, 328, -1,
                        232, 328, 329, -1,
                        232, 329, 234, -1,
                        232, 234, 233, -1,
                        234, 329, 330, -1,
                        234, 330, 331, -1,
                        234, 331, 332, -1,
                        234, 332, 333, -1,
                        234, 333, 334, -1,
                        234, 334, 235, -1,
                        235, 334, 238, -1,
                        235, 238, 236, -1,
                        237, 325, 326, -1,
                        238, 335, 239, -1,
                        238, 334, 335, -1,
                        239, 335, 240, -1,
                        240, 336, 337, -1,
                        240, 337, 242, -1,
                        240, 242, 241, -1,
                        240, 335, 336, -1,
                        242, 337, 338, -1,
                        242, 338, 339, -1,
                        242, 339, 245, -1,
                        242, 244, 243, -1,
                        245, 339, 246, -1,
                        246, 339, 340, -1,
                        246, 340, 341, -1,
                        246, 341, 342, -1,
                        246, 342, 247, -1,
                        247, 342, 343, -1,
                        247, 343, 344, -1,
                        247, 344, 249, -1,
                        247, 249, 248, -1,
                        249, 253, 252, -1,
                        249, 344, 253, -1,
                        251, 253, 345, -1,
                        251, 345, 346, -1,
                        251, 346, 254, -1,
                        253, 346, 345, -1,
                        253, 344, 347, -1,
                        253, 347, 346, -1,
                        254, 346, 255, -1,
                        255, 346, 348, -1,
                        255, 348, 349, -1,
                        255, 349, 350, -1,
                        255, 350, 351, -1,
                        255, 351, 352, -1,
                        255, 352, 256, -1,
                        256, 352, 353, -1,
                        256, 353, 257, -1,
                        257, 353, 258, -1,
                        258, 354, 355, -1,
                        258, 355, 356, -1,
                        258, 356, 259, -1,
                        258, 353, 354, -1,
                        259, 356, 357, -1,
                        259, 357, 260, -1,
                        263, 280, 264, -1,
                        264, 280, 358, -1,
                        264, 358, 359, -1,
                        264, 359, 265, -1,
                        265, 360, 361, -1,
                        265, 361, 362, -1,
                        265, 362, 266, -1,
                        265, 359, 363, -1,
                        265, 363, 360, -1,
                        266, 362, 361, -1,
                        266, 361, 364, -1,
                        267, 289, 365, -1,
                        267, 365, 366, -1,
                        267, 366, 268, -1,
                        268, 366, 367, -1,
                        268, 367, 368, -1,
                        268, 368, 269, -1,
                        269, 368, 369, -1,
                        269, 369, 370, -1,
                        269, 370, 371, -1,
                        269, 371, 270, -1,
                        270, 372, 373, -1,
                        270, 373, 374, -1,
                        270, 374, 273, -1,
                        270, 273, 271, -1,
                        270, 371, 372, -1,
                        273, 374, 274, -1,
                        274, 374, 375, -1,
                        274, 375, 376, -1,
                        274, 376, 276, -1,
                        274, 276, 275, -1,
                        276, 376, 377, -1,
                        276, 377, 378, -1,
                        276, 378, 379, -1,
                        276, 379, 277, -1,
                        277, 379, 278, -1,
                        278, 379, 363, -1,
                        278, 363, 359, -1,
                        278, 359, 279, -1,
                        279, 359, 358, -1,
                        279, 358, 280, -1,
                        281, 313, 282, -1,
                        282, 313, 380, -1,
                        282, 380, 283, -1,
                        283, 381, 382, -1,
                        283, 382, 284, -1,
                        283, 380, 381, -1,
                        284, 382, 383, -1,
                        284, 383, 384, -1,
                        284, 384, 385, -1,
                        284, 385, 285, -1,
                        285, 385, 386, -1,
                        285, 386, 286, -1,
                        286, 386, 387, -1,
                        286, 387, 287, -1,
                        287, 387, 388, -1,
                        287, 388, 288, -1,
                        288, 389, 390, -1,
                        288, 390, 289, -1,
                        288, 388, 389, -1,
                        289, 390, 389, -1,
                        289, 389, 391, -1,
                        289, 391, 365, -1,
                        290, 392, 294, -1,
                        293, 393, 394, -1,
                        293, 394, 296, -1,
                        293, 295, 395, -1,
                        293, 395, 396, -1,
                        293, 396, 393, -1,
                        294, 392, 295, -1,
                        295, 392, 397, -1,
                        295, 397, 395, -1,
                        296, 394, 398, -1,
                        296, 398, 297, -1,
                        297, 398, 302, -1,
                        297, 302, 298, -1,
                        299, 399, 400, -1,
                        299, 400, 300, -1,
                        299, 304, 401, -1,
                        299, 401, 402, -1,
                        299, 402, 403, -1,
                        299, 403, 399, -1,
                        300, 400, 306, -1,
                        300, 306, 301, -1,
                        302, 398, 303, -1,
                        303, 398, 401, -1,
                        303, 401, 304, -1,
                        306, 400, 399, -1,
                        306, 399, 404, -1,
                        306, 404, 405, -1,
                        306, 405, 307, -1,
                        307, 406, 407, -1,
                        307, 407, 308, -1,
                        307, 405, 406, -1,
                        308, 408, 409, -1,
                        308, 409, 312, -1,
                        308, 312, 311, -1,
                        308, 311, 310, -1,
                        308, 310, 309, -1,
                        308, 407, 410, -1,
                        308, 410, 408, -1,
                        312, 409, 313, -1,
                        313, 409, 411, -1,
                        313, 411, 412, -1,
                        313, 412, 380, -1,
                        314, 413, 414, -1,
                        314, 414, 415, -1,
                        314, 415, 315, -1,
                        315, 415, 414, -1,
                        315, 414, 416, -1,
                        315, 416, 316, -1,
                        316, 416, 417, -1,
                        316, 417, 317, -1,
                        317, 417, 418, -1,
                        317, 418, 318, -1,
                        318, 419, 420, -1,
                        318, 420, 319, -1,
                        318, 418, 421, -1,
                        318, 421, 419, -1,
                        319, 420, 422, -1,
                        319, 422, 423, -1,
                        319, 423, 321, -1,
                        319, 321, 320, -1,
                        321, 423, 322, -1,
                        322, 423, 323, -1,
                        323, 423, 424, -1,
                        323, 424, 326, -1,
                        323, 326, 325, -1,
                        323, 325, 324, -1,
                        326, 425, 426, -1,
                        326, 426, 327, -1,
                        326, 424, 427, -1,
                        326, 427, 425, -1,
                        327, 426, 428, -1,
                        327, 428, 328, -1,
                        328, 428, 429, -1,
                        328, 429, 430, -1,
                        328, 430, 330, -1,
                        328, 330, 329, -1,
                        330, 430, 431, -1,
                        330, 431, 331, -1,
                        331, 432, 332, -1,
                        331, 431, 432, -1,
                        332, 433, 434, -1,
                        332, 434, 336, -1,
                        332, 336, 435, -1,
                        332, 435, 333, -1,
                        332, 432, 433, -1,
                        333, 435, 335, -1,
                        333, 335, 334, -1,
                        335, 435, 336, -1,
                        336, 434, 436, -1,
                        336, 436, 437, -1,
                        336, 437, 337, -1,
                        337, 437, 338, -1,
                        338, 437, 339, -1,
                        339, 438, 439, -1,
                        339, 439, 340, -1,
                        339, 437, 438, -1,
                        340, 439, 440, -1,
                        340, 440, 341, -1,
                        341, 440, 441, -1,
                        341, 441, 442, -1,
                        341, 442, 342, -1,
                        342, 442, 343, -1,
                        343, 442, 344, -1,
                        344, 442, 347, -1,
                        346, 347, 443, -1,
                        346, 443, 348, -1,
                        347, 442, 444, -1,
                        347, 444, 443, -1,
                        348, 443, 349, -1,
                        349, 445, 446, -1,
                        349, 446, 350, -1,
                        349, 443, 447, -1,
                        349, 447, 448, -1,
                        349, 448, 449, -1,
                        349, 449, 445, -1,
                        350, 446, 450, -1,
                        350, 450, 351, -1,
                        351, 451, 452, -1,
                        351, 452, 352, -1,
                        351, 450, 451, -1,
                        352, 452, 453, -1,
                        352, 453, 454, -1,
                        352, 454, 455, -1,
                        352, 455, 353, -1,
                        353, 455, 456, -1,
                        353, 456, 457, -1,
                        353, 457, 354, -1,
                        354, 457, 456, -1,
                        354, 456, 355, -1,
                        355, 456, 458, -1,
                        355, 458, 459, -1,
                        355, 459, 460, -1,
                        355, 460, 356, -1,
                        356, 460, 461, -1,
                        356, 461, 357, -1,
                        360, 462, 463, -1,
                        360, 463, 361, -1,
                        360, 363, 464, -1,
                        360, 464, 462, -1,
                        361, 463, 465, -1,
                        361, 465, 466, -1,
                        361, 466, 364, -1,
                        363, 379, 467, -1,
                        363, 467, 468, -1,
                        363, 468, 464, -1,
                        365, 469, 367, -1,
                        365, 367, 366, -1,
                        365, 391, 470, -1,
                        365, 470, 469, -1,
                        367, 471, 472, -1,
                        367, 472, 473, -1,
                        367, 473, 369, -1,
                        367, 369, 368, -1,
                        367, 469, 471, -1,
                        369, 474, 475, -1,
                        369, 475, 476, -1,
                        369, 476, 477, -1,
                        369, 477, 370, -1,
                        369, 473, 474, -1,
                        370, 477, 372, -1,
                        370, 372, 371, -1,
                        372, 477, 478, -1,
                        372, 478, 373, -1,
                        373, 478, 477, -1,
                        373, 477, 375, -1,
                        373, 375, 374, -1,
                        375, 479, 376, -1,
                        375, 477, 479, -1,
                        376, 479, 378, -1,
                        376, 378, 377, -1,
                        378, 480, 468, -1,
                        378, 468, 481, -1,
                        378, 481, 467, -1,
                        378, 467, 379, -1,
                        378, 479, 482, -1,
                        378, 482, 480, -1,
                        380, 483, 484, -1,
                        380, 484, 381, -1,
                        380, 412, 485, -1,
                        380, 485, 483, -1,
                        381, 486, 382, -1,
                        381, 484, 487, -1,
                        381, 487, 486, -1,
                        382, 486, 488, -1,
                        382, 488, 383, -1,
                        383, 488, 384, -1,
                        384, 488, 489, -1,
                        384, 489, 490, -1,
                        384, 490, 385, -1,
                        385, 490, 386, -1,
                        386, 490, 388, -1,
                        386, 388, 387, -1,
                        388, 490, 491, -1,
                        388, 491, 492, -1,
                        388, 492, 389, -1,
                        389, 493, 494, -1,
                        389, 494, 391, -1,
                        389, 492, 495, -1,
                        389, 495, 496, -1,
                        389, 496, 493, -1,
                        391, 497, 470, -1,
                        391, 494, 497, -1,
                        392, 498, 499, -1,
                        392, 499, 500, -1,
                        392, 500, 397, -1,
                        393, 396, 501, -1,
                        393, 501, 502, -1,
                        393, 502, 503, -1,
                        393, 503, 504, -1,
                        393, 504, 394, -1,
                        394, 504, 401, -1,
                        394, 401, 398, -1,
                        395, 397, 396, -1,
                        396, 397, 505, -1,
                        396, 505, 501, -1,
                        397, 500, 499, -1,
                        397, 499, 506, -1,
                        397, 506, 505, -1,
                        399, 405, 404, -1,
                        399, 403, 405, -1,
                        401, 504, 507, -1,
                        401, 507, 508, -1,
                        401, 508, 509, -1,
                        401, 509, 510, -1,
                        401, 510, 403, -1,
                        401, 403, 402, -1,
                        403, 510, 509, -1,
                        403, 509, 511, -1,
                        403, 511, 512, -1,
                        403, 512, 513, -1,
                        403, 513, 514, -1,
                        403, 514, 515, -1,
                        403, 515, 405, -1,
                        405, 515, 406, -1,
                        406, 410, 407, -1,
                        406, 515, 410, -1,
                        408, 516, 517, -1,
                        408, 517, 411, -1,
                        408, 411, 409, -1,
                        408, 410, 516, -1,
                        410, 515, 518, -1,
                        410, 518, 519, -1,
                        410, 519, 520, -1,
                        410, 520, 516, -1,
                        411, 517, 485, -1,
                        411, 485, 412, -1,
                        413, 521, 414, -1,
                        414, 522, 416, -1,
                        414, 521, 523, -1,
                        414, 523, 524, -1,
                        414, 524, 525, -1,
                        414, 525, 522, -1,
                        416, 526, 417, -1,
                        416, 522, 526, -1,
                        417, 527, 418, -1,
                        417, 526, 525, -1,
                        417, 525, 527, -1,
                        418, 528, 421, -1,
                        418, 527, 528, -1,
                        419, 529, 530, -1,
                        419, 530, 531, -1,
                        419, 531, 532, -1,
                        419, 532, 420, -1,
                        419, 421, 528, -1,
                        419, 528, 533, -1,
                        419, 533, 529, -1,
                        420, 532, 422, -1,
                        422, 532, 534, -1,
                        422, 534, 535, -1,
                        422, 535, 536, -1,
                        422, 536, 423, -1,
                        423, 536, 424, -1,
                        424, 536, 427, -1,
                        425, 427, 536, -1,
                        425, 536, 537, -1,
                        425, 537, 426, -1,
                        426, 537, 428, -1,
                        428, 538, 539, -1,
                        428, 539, 430, -1,
                        428, 430, 429, -1,
                        428, 537, 538, -1,
                        430, 540, 541, -1,
                        430, 541, 432, -1,
                        430, 432, 431, -1,
                        430, 539, 540, -1,
                        432, 541, 542, -1,
                        432, 542, 543, -1,
                        432, 543, 433, -1,
                        433, 543, 544, -1,
                        433, 544, 545, -1,
                        433, 545, 546, -1,
                        433, 546, 547, -1,
                        433, 547, 434, -1,
                        434, 547, 548, -1,
                        434, 548, 549, -1,
                        434, 549, 436, -1,
                        436, 549, 438, -1,
                        436, 438, 437, -1,
                        438, 550, 551, -1,
                        438, 551, 439, -1,
                        438, 549, 550, -1,
                        439, 551, 440, -1,
                        440, 552, 441, -1,
                        440, 551, 552, -1,
                        441, 552, 553, -1,
                        441, 553, 442, -1,
                        442, 553, 444, -1,
                        443, 444, 553, -1,
                        443, 553, 447, -1,
                        445, 554, 555, -1,
                        445, 555, 556, -1,
                        445, 556, 557, -1,
                        445, 557, 446, -1,
                        445, 449, 554, -1,
                        446, 557, 451, -1,
                        446, 451, 450, -1,
                        447, 553, 448, -1,
                        448, 553, 558, -1,
                        448, 558, 559, -1,
                        448, 559, 449, -1,
                        449, 559, 560, -1,
                        449, 560, 561, -1,
                        449, 561, 562, -1,
                        449, 562, 563, -1,
                        449, 563, 564, -1,
                        449, 564, 554, -1,
                        451, 557, 565, -1,
                        451, 565, 566, -1,
                        451, 566, 567, -1,
                        451, 567, 568, -1,
                        451, 568, 569, -1,
                        451, 569, 452, -1,
                        452, 569, 453, -1,
                        453, 569, 570, -1,
                        453, 570, 571, -1,
                        453, 571, 572, -1,
                        453, 572, 454, -1,
                        454, 572, 455, -1,
                        455, 572, 456, -1,
                        456, 572, 458, -1,
                        458, 573, 574, -1,
                        458, 574, 459, -1,
                        458, 572, 573, -1,
                        459, 574, 575, -1,
                        459, 575, 460, -1,
                        462, 576, 577, -1,
                        462, 577, 578, -1,
                        462, 578, 579, -1,
                        462, 579, 580, -1,
                        462, 580, 581, -1,
                        462, 581, 582, -1,
                        462, 582, 583, -1,
                        462, 583, 584, -1,
                        462, 584, 463, -1,
                        462, 464, 524, -1,
                        462, 524, 576, -1,
                        464, 468, 585, -1,
                        464, 585, 524, -1,
                        467, 481, 468, -1,
                        468, 586, 585, -1,
                        468, 480, 587, -1,
                        468, 587, 588, -1,
                        468, 588, 586, -1,
                        469, 589, 590, -1,
                        469, 590, 471, -1,
                        469, 470, 589, -1,
                        470, 497, 589, -1,
                        471, 590, 591, -1,
                        471, 591, 472, -1,
                        472, 591, 473, -1,
                        473, 591, 592, -1,
                        473, 592, 593, -1,
                        473, 593, 594, -1,
                        473, 594, 474, -1,
                        474, 594, 475, -1,
                        475, 594, 476, -1,
                        476, 594, 595, -1,
                        476, 595, 477, -1,
                        477, 595, 482, -1,
                        477, 482, 479, -1,
                        480, 482, 596, -1,
                        480, 596, 597, -1,
                        480, 597, 587, -1,
                        482, 595, 598, -1,
                        482, 598, 599, -1,
                        482, 599, 600, -1,
                        482, 600, 596, -1,
                        483, 487, 484, -1,
                        483, 485, 601, -1,
                        483, 601, 602, -1,
                        483, 602, 603, -1,
                        483, 603, 604, -1,
                        483, 604, 487, -1,
                        485, 605, 606, -1,
                        485, 606, 602, -1,
                        485, 602, 601, -1,
                        485, 517, 520, -1,
                        485, 520, 605, -1,
                        486, 487, 607, -1,
                        486, 607, 608, -1,
                        486, 608, 609, -1,
                        486, 609, 488, -1,
                        487, 604, 610, -1,
                        487, 610, 608, -1,
                        487, 608, 607, -1,
                        488, 609, 611, -1,
                        488, 611, 612, -1,
                        488, 612, 490, -1,
                        488, 490, 489, -1,
                        490, 612, 491, -1,
                        491, 612, 492, -1,
                        492, 612, 495, -1,
                        493, 613, 497, -1,
                        493, 497, 494, -1,
                        493, 496, 614, -1,
                        493, 614, 613, -1,
                        495, 615, 616, -1,
                        495, 616, 614, -1,
                        495, 614, 496, -1,
                        495, 612, 617, -1,
                        495, 617, 618, -1,
                        495, 618, 615, -1,
                        497, 613, 619, -1,
                        497, 619, 620, -1,
                        497, 620, 589, -1,
                        498, 621, 499, -1,
                        499, 621, 622, -1,
                        499, 622, 506, -1,
                        501, 623, 624, -1,
                        501, 624, 625, -1,
                        501, 625, 626, -1,
                        501, 626, 627, -1,
                        501, 627, 628, -1,
                        501, 628, 629, -1,
                        501, 629, 502, -1,
                        501, 505, 630, -1,
                        501, 630, 623, -1,
                        502, 629, 503, -1,
                        503, 629, 507, -1,
                        503, 507, 504, -1,
                        505, 506, 631, -1,
                        505, 631, 737, -1,
                        505, 737, 630, -1,
                        506, 622, 632, -1,
                        506, 632, 633, -1,
                        506, 633, 631, -1,
                        507, 629, 508, -1,
                        508, 629, 628, -1,
                        508, 628, 509, -1,
                        509, 628, 511, -1,
                        511, 634, 635, -1,
                        511, 635, 512, -1,
                        511, 628, 634, -1,
                        512, 635, 513, -1,
                        513, 635, 636, -1,
                        513, 636, 637, -1,
                        513, 637, 638, -1,
                        513, 638, 639, -1,
                        513, 639, 640, -1,
                        513, 640, 641, -1,
                        513, 641, 514, -1,
                        514, 641, 518, -1,
                        514, 518, 515, -1,
                        516, 520, 517, -1,
                        518, 641, 642, -1,
                        518, 642, 519, -1,
                        519, 643, 644, -1,
                        519, 644, 520, -1,
                        519, 642, 643, -1,
                        520, 644, 645, -1,
                        520, 645, 646, -1,
                        520, 646, 647, -1,
                        520, 647, 605, -1,
                        521, 577, 524, -1,
                        521, 524, 523, -1,
                        522, 525, 526, -1,
                        524, 585, 648, -1,
                        524, 648, 525, -1,
                        524, 577, 576, -1,
                        525, 648, 527, -1,
                        527, 648, 528, -1,
                        528, 649, 533, -1,
                        528, 648, 649, -1,
                        529, 533, 585, -1,
                        529, 585, 586, -1,
                        529, 586, 588, -1,
                        529, 588, 650, -1,
                        529, 650, 651, -1,
                        529, 651, 530, -1,
                        530, 651, 652, -1,
                        530, 652, 531, -1,
                        531, 652, 653, -1,
                        531, 653, 535, -1,
                        531, 535, 532, -1,
                        532, 535, 534, -1,
                        533, 649, 585, -1,
                        535, 653, 536, -1,
                        536, 653, 654, -1,
                        536, 654, 655, -1,
                        536, 655, 656, -1,
                        536, 656, 537, -1,
                        537, 656, 657, -1,
                        537, 657, 658, -1,
                        537, 658, 659, -1,
                        537, 659, 538, -1,
                        538, 659, 539, -1,
                        539, 659, 660, -1,
                        539, 660, 661, -1,
                        539, 661, 662, -1,
                        539, 662, 540, -1,
                        540, 662, 661, -1,
                        540, 661, 663, -1,
                        540, 663, 664, -1,
                        540, 664, 541, -1,
                        541, 665, 666, -1,
                        541, 666, 542, -1,
                        541, 664, 665, -1,
                        542, 666, 543, -1,
                        543, 666, 667, -1,
                        543, 667, 544, -1,
                        544, 667, 668, -1,
                        544, 668, 545, -1,
                        545, 668, 669, -1,
                        545, 669, 670, -1,
                        545, 670, 671, -1,
                        545, 671, 548, -1,
                        545, 548, 546, -1,
                        546, 548, 547, -1,
                        548, 671, 549, -1,
                        549, 671, 672, -1,
                        549, 672, 550, -1,
                        550, 672, 673, -1,
                        550, 673, 552, -1,
                        550, 552, 551, -1,
                        552, 673, 553, -1,
                        553, 673, 558, -1,
                        554, 564, 555, -1,
                        555, 674, 556, -1,
                        555, 564, 674, -1,
                        556, 674, 675, -1,
                        556, 675, 676, -1,
                        556, 676, 677, -1,
                        556, 677, 557, -1,
                        557, 677, 678, -1,
                        557, 678, 565, -1,
                        558, 673, 679, -1,
                        558, 679, 560, -1,
                        558, 560, 559, -1,
                        560, 679, 680, -1,
                        560, 680, 561, -1,
                        561, 681, 562, -1,
                        561, 680, 682, -1,
                        561, 682, 683, -1,
                        561, 683, 681, -1,
                        562, 681, 563, -1,
                        563, 681, 684, -1,
                        563, 684, 685, -1,
                        563, 685, 686, -1,
                        563, 686, 687, -1,
                        563, 687, 564, -1,
                        564, 687, 674, -1,
                        565, 678, 676, -1,
                        565, 676, 566, -1,
                        566, 676, 688, -1,
                        566, 688, 689, -1,
                        566, 689, 690, -1,
                        566, 690, 567, -1,
                        567, 690, 691, -1,
                        567, 691, 692, -1,
                        567, 692, 693, -1,
                        567, 693, 694, -1,
                        567, 694, 695, -1,
                        567, 695, 568, -1,
                        568, 695, 696, -1,
                        568, 696, 569, -1,
                        569, 696, 570, -1,
                        570, 572, 571, -1,
                        570, 696, 572, -1,
                        572, 696, 697, -1,
                        572, 697, 698, -1,
                        572, 698, 699, -1,
                        572, 699, 573, -1,
                        573, 699, 700, -1,
                        573, 700, 701, -1,
                        573, 701, 702, -1,
                        573, 702, 703, -1,
                        573, 703, 704, -1,
                        573, 704, 574, -1,
                        585, 649, 648, -1,
                        587, 597, 650, -1,
                        587, 650, 588, -1,
                        589, 620, 705, -1,
                        589, 705, 706, -1,
                        589, 706, 590, -1,
                        590, 706, 707, -1,
                        590, 707, 591, -1,
                        591, 707, 710, -1,
                        591, 710, 592, -1,
                        592, 708, 709, -1,
                        592, 709, 593, -1,
                        592, 710, 708, -1,
                        593, 709, 594, -1,
                        594, 709, 598, -1,
                        594, 598, 595, -1,
                        596, 600, 597, -1,
                        597, 711, 650, -1,
                        597, 600, 712, -1,
                        597, 712, 713, -1,
                        597, 713, 711, -1,
                        598, 714, 715, -1,
                        598, 715, 599, -1,
                        598, 709, 714, -1,
                        599, 715, 716, -1,
                        599, 716, 600, -1,
                        600, 716, 717, -1,
                        600, 717, 712, -1,
                        602, 606, 718, -1,
                        602, 718, 719, -1,
                        602, 719, 603, -1,
                        603, 719, 720, -1,
                        603, 720, 604, -1,
                        604, 720, 610, -1,
                        605, 647, 718, -1,
                        605, 718, 606, -1,
                        608, 610, 721, -1,
                        608, 721, 722, -1,
                        608, 722, 611, -1,
                        608, 611, 609, -1,
                        610, 723, 724, -1,
                        610, 724, 721, -1,
                        610, 720, 725, -1,
                        610, 725, 723, -1,
                        611, 722, 612, -1,
                        612, 722, 726, -1,
                        612, 726, 727, -1,
                        612, 727, 617, -1,
                        613, 728, 729, -1,
                        613, 729, 619, -1,
                        613, 614, 728, -1,
                        614, 616, 733, -1,
                        614, 733, 730, -1,
                        614, 730, 728, -1,
                        615, 731, 616, -1,
                        615, 618, 732, -1,
                        615, 732, 731, -1,
                        616, 731, 733, -1,
                        617, 727, 618, -1,
                        618, 727, 734, -1,
                        618, 734, 735, -1,
                        618, 735, 732, -1,
                        619, 729, 620, -1,
                        620, 729, 705, -1,
                        621, 736, 622, -1,
                        622, 736, 632, -1,
                        623, 630, 624, -1,
                        624, 630, 737, -1,
                        624, 737, 738, -1,
                        624, 738, 739, -1,
                        624, 739, 740, -1,
                        624, 740, 741, -1,
                        624, 741, 742, -1,
                        624, 742, 627, -1,
                        624, 627, 626, -1,
                        624, 626, 625, -1,
                        627, 742, 743, -1,
                        627, 743, 628, -1,
                        628, 743, 744, -1,
                        628, 744, 634, -1,
                        631, 745, 846, -1,
                        631, 846, 737, -1,
                        631, 633, 632, -1,
                        631, 632, 745, -1,
                        632, 746, 747, -1,
                        632, 747, 745, -1,
                        632, 736, 748, -1,
                        632, 748, 746, -1,
                        634, 749, 750, -1,
                        634, 750, 635, -1,
                        634, 744, 742, -1,
                        634, 742, 749, -1,
                        635, 750, 749, -1,
                        635, 749, 636, -1,
                        636, 749, 637, -1,
                        637, 749, 638, -1,
                        638, 749, 751, -1,
                        638, 751, 752, -1,
                        638, 752, 753, -1,
                        638, 753, 754, -1,
                        638, 754, 639, -1,
                        639, 755, 756, -1,
                        639, 756, 757, -1,
                        639, 757, 758, -1,
                        639, 758, 640, -1,
                        639, 754, 755, -1,
                        640, 758, 642, -1,
                        640, 642, 641, -1,
                        642, 758, 757, -1,
                        642, 757, 759, -1,
                        642, 759, 643, -1,
                        643, 760, 644, -1,
                        643, 759, 757, -1,
                        643, 757, 760, -1,
                        644, 760, 645, -1,
                        645, 760, 646, -1,
                        646, 760, 761, -1,
                        646, 761, 647, -1,
                        647, 761, 762, -1,
                        647, 762, 718, -1,
                        650, 711, 651, -1,
                        651, 711, 713, -1,
                        651, 713, 763, -1,
                        651, 763, 652, -1,
                        652, 763, 654, -1,
                        652, 654, 653, -1,
                        654, 763, 764, -1,
                        654, 764, 765, -1,
                        654, 765, 656, -1,
                        654, 656, 655, -1,
                        656, 766, 767, -1,
                        656, 767, 657, -1,
                        656, 765, 766, -1,
                        657, 767, 768, -1,
                        657, 768, 658, -1,
                        658, 769, 770, -1,
                        658, 770, 661, -1,
                        658, 661, 660, -1,
                        658, 660, 659, -1,
                        658, 768, 769, -1,
                        661, 770, 771, -1,
                        661, 771, 772, -1,
                        661, 772, 663, -1,
                        663, 705, 664, -1,
                        663, 772, 706, -1,
                        663, 706, 705, -1,
                        664, 705, 773, -1,
                        664, 773, 665, -1,
                        665, 773, 774, -1,
                        665, 774, 775, -1,
                        665, 775, 666, -1,
                        666, 775, 774, -1,
                        666, 774, 668, -1,
                        666, 668, 667, -1,
                        668, 776, 669, -1,
                        668, 774, 776, -1,
                        669, 776, 777, -1,
                        669, 777, 778, -1,
                        669, 778, 779, -1,
                        669, 779, 670, -1,
                        670, 779, 780, -1,
                        670, 780, 781, -1,
                        670, 781, 672, -1,
                        670, 672, 671, -1,
                        672, 781, 680, -1,
                        672, 680, 673, -1,
                        673, 680, 679, -1,
                        674, 687, 782, -1,
                        674, 782, 783, -1,
                        674, 783, 784, -1,
                        674, 784, 785, -1,
                        674, 785, 675, -1,
                        675, 786, 787, -1,
                        675, 787, 788, -1,
                        675, 788, 676, -1,
                        675, 785, 784, -1,
                        675, 784, 786, -1,
                        676, 788, 688, -1,
                        676, 678, 677, -1,
                        680, 789, 682, -1,
                        680, 781, 789, -1,
                        681, 683, 790, -1,
                        681, 790, 791, -1,
                        681, 791, 792, -1,
                        681, 792, 793, -1,
                        681, 793, 794, -1,
                        681, 794, 684, -1,
                        682, 789, 683, -1,
                        683, 791, 790, -1,
                        683, 789, 780, -1,
                        683, 780, 791, -1,
                        684, 794, 685, -1,
                        685, 794, 795, -1,
                        685, 795, 686, -1,
                        686, 796, 797, -1,
                        686, 797, 798, -1,
                        686, 798, 799, -1,
                        686, 799, 687, -1,
                        686, 795, 796, -1,
                        687, 800, 782, -1,
                        687, 799, 800, -1,
                        688, 801, 802, -1,
                        688, 802, 689, -1,
                        688, 788, 787, -1,
                        688, 787, 803, -1,
                        688, 803, 801, -1,
                        689, 802, 804, -1,
                        689, 804, 805, -1,
                        689, 805, 806, -1,
                        689, 806, 690, -1,
                        690, 806, 692, -1,
                        690, 692, 691, -1,
                        692, 806, 807, -1,
                        692, 807, 808, -1,
                        692, 808, 694, -1,
                        692, 694, 693, -1,
                        694, 808, 809, -1,
                        694, 809, 810, -1,
                        694, 810, 811, -1,
                        694, 811, 695, -1,
                        695, 812, 813, -1,
                        695, 813, 697, -1,
                        695, 697, 696, -1,
                        695, 811, 812, -1,
                        697, 813, 814, -1,
                        697, 814, 815, -1,
                        697, 815, 699, -1,
                        697, 699, 698, -1,
                        699, 815, 700, -1,
                        700, 815, 816, -1,
                        700, 816, 817, -1,
                        700, 817, 818, -1,
                        700, 818, 701, -1,
                        701, 818, 819, -1,
                        701, 819, 702, -1,
                        702, 819, 820, -1,
                        702, 820, 703, -1,
                        705, 729, 821, -1,
                        705, 821, 773, -1,
                        706, 772, 771, -1,
                        706, 771, 707, -1,
                        707, 771, 770, -1,
                        707, 770, 710, -1,
                        708, 769, 822, -1,
                        708, 822, 823, -1,
                        708, 823, 824, -1,
                        708, 824, 709, -1,
                        708, 710, 770, -1,
                        708, 770, 769, -1,
                        709, 825, 714, -1,
                        709, 824, 825, -1,
                        712, 717, 826, -1,
                        712, 826, 827, -1,
                        712, 827, 713, -1,
                        713, 827, 763, -1,
                        714, 825, 715, -1,
                        715, 825, 828, -1,
                        715, 828, 716, -1,
                        716, 828, 826, -1,
                        716, 826, 717, -1,
                        718, 762, 829, -1,
                        718, 829, 830, -1,
                        718, 830, 831, -1,
                        718, 831, 719, -1,
                        719, 831, 830, -1,
                        719, 830, 832, -1,
                        719, 832, 833, -1,
                        719, 833, 720, -1,
                        720, 834, 725, -1,
                        720, 833, 835, -1,
                        720, 835, 834, -1,
                        721, 836, 722, -1,
                        721, 724, 723, -1,
                        721, 723, 836, -1,
                        722, 837, 734, -1,
                        722, 734, 726, -1,
                        722, 836, 837, -1,
                        723, 838, 839, -1,
                        723, 839, 836, -1,
                        723, 725, 834, -1,
                        723, 834, 840, -1,
                        723, 840, 838, -1,
                        726, 734, 727, -1,
                        728, 774, 773, -1,
                        728, 773, 841, -1,
                        728, 841, 729, -1,
                        728, 730, 774, -1,
                        729, 841, 773, -1,
                        729, 773, 821, -1,
                        730, 733, 774, -1,
                        731, 777, 776, -1,
                        731, 776, 733, -1,
                        731, 732, 778, -1,
                        731, 778, 777, -1,
                        732, 735, 844, -1,
                        732, 844, 842, -1,
                        732, 842, 778, -1,
                        733, 776, 774, -1,
                        734, 837, 921, -1,
                        734, 921, 843, -1,
                        734, 843, 735, -1,
                        735, 843, 844, -1,
                        736, 845, 748, -1,
                        737, 846, 738, -1,
                        738, 846, 847, -1,
                        738, 847, 739, -1,
                        739, 847, 848, -1,
                        739, 848, 850, -1,
                        739, 850, 740, -1,
                        740, 849, 741, -1,
                        740, 850, 849, -1,
                        741, 849, 851, -1,
                        741, 851, 852, -1,
                        741, 852, 853, -1,
                        741, 853, 742, -1,
                        742, 852, 854, -1,
                        742, 854, 855, -1,
                        742, 855, 749, -1,
                        742, 744, 743, -1,
                        742, 853, 852, -1,
                        745, 747, 856, -1,
                        745, 856, 857, -1,
                        745, 857, 846, -1,
                        746, 748, 858, -1,
                        746, 858, 859, -1,
                        746, 859, 856, -1,
                        746, 856, 747, -1,
                        748, 845, 858, -1,
                        749, 860, 751, -1,
                        749, 855, 861, -1,
                        749, 861, 860, -1,
                        751, 862, 863, -1,
                        751, 863, 752, -1,
                        751, 860, 862, -1,
                        752, 863, 753, -1,
                        753, 863, 754, -1,
                        754, 863, 755, -1,
                        755, 864, 756, -1,
                        755, 863, 864, -1,
                        756, 864, 865, -1,
                        756, 865, 757, -1,
                        757, 866, 760, -1,
                        757, 865, 867, -1,
                        757, 867, 866, -1,
                        760, 868, 869, -1,
                        760, 869, 761, -1,
                        760, 866, 870, -1,
                        760, 870, 868, -1,
                        761, 871, 873, -1,
                        761, 873, 762, -1,
                        761, 869, 868, -1,
                        761, 868, 872, -1,
                        761, 872, 871, -1,
                        762, 873, 830, -1,
                        762, 830, 829, -1,
                        763, 827, 874, -1,
                        763, 874, 764, -1,
                        764, 874, 765, -1,
                        765, 874, 766, -1,
                        766, 875, 876, -1,
                        766, 876, 767, -1,
                        766, 874, 875, -1,
                        767, 876, 768, -1,
                        768, 876, 877, -1,
                        768, 877, 769, -1,
                        769, 877, 822, -1,
                        778, 842, 779, -1,
                        779, 842, 844, -1,
                        779, 844, 780, -1,
                        780, 878, 791, -1,
                        780, 789, 879, -1,
                        780, 879, 781, -1,
                        780, 844, 880, -1,
                        780, 880, 878, -1,
                        781, 879, 789, -1,
                        782, 800, 798, -1,
                        782, 798, 881, -1,
                        782, 881, 784, -1,
                        782, 784, 783, -1,
                        784, 881, 882, -1,
                        784, 882, 883, -1,
                        784, 883, 884, -1,
                        784, 884, 885, -1,
                        784, 885, 786, -1,
                        786, 885, 886, -1,
                        786, 886, 887, -1,
                        786, 887, 888, -1,
                        786, 888, 787, -1,
                        787, 888, 803, -1,
                        791, 889, 890, -1,
                        791, 890, 792, -1,
                        791, 878, 891, -1,
                        791, 891, 889, -1,
                        792, 890, 838, -1,
                        792, 838, 840, -1,
                        792, 840, 793, -1,
                        793, 840, 834, -1,
                        793, 834, 794, -1,
                        794, 834, 835, -1,
                        794, 835, 795, -1,
                        795, 835, 892, -1,
                        795, 892, 796, -1,
                        796, 892, 893, -1,
                        796, 893, 894, -1,
                        796, 894, 797, -1,
                        797, 894, 895, -1,
                        797, 895, 798, -1,
                        798, 895, 881, -1,
                        798, 800, 799, -1,
                        801, 803, 896, -1,
                        801, 896, 897, -1,
                        801, 897, 898, -1,
                        801, 898, 802, -1,
                        802, 898, 899, -1,
                        802, 899, 900, -1,
                        802, 900, 901, -1,
                        802, 901, 804, -1,
                        803, 888, 896, -1,
                        804, 901, 805, -1,
                        805, 901, 806, -1,
                        806, 901, 902, -1,
                        806, 902, 807, -1,
                        807, 902, 903, -1,
                        807, 903, 808, -1,
                        808, 903, 904, -1,
                        808, 904, 809, -1,
                        809, 904, 810, -1,
                        810, 904, 905, -1,
                        810, 905, 906, -1,
                        810, 906, 811, -1,
                        811, 906, 907, -1,
                        811, 907, 812, -1,
                        812, 907, 813, -1,
                        813, 907, 908, -1,
                        813, 908, 909, -1,
                        813, 909, 910, -1,
                        813, 910, 814, -1,
                        814, 910, 815, -1,
                        815, 910, 911, -1,
                        815, 911, 816, -1,
                        816, 911, 922, -1,
                        816, 922, 857, -1,
                        816, 857, 912, -1,
                        816, 912, 817, -1,
                        817, 912, 913, -1,
                        817, 913, 914, -1,
                        817, 914, 819, -1,
                        817, 819, 818, -1,
                        819, 914, 915, -1,
                        822, 824, 823, -1,
                        822, 877, 876, -1,
                        822, 876, 916, -1,
                        822, 916, 824, -1,
                        824, 916, 828, -1,
                        824, 828, 825, -1,
                        826, 874, 917, -1,
                        826, 917, 827, -1,
                        826, 828, 875, -1,
                        826, 875, 918, -1,
                        826, 918, 874, -1,
                        827, 917, 874, -1,
                        828, 916, 875, -1,
                        830, 919, 832, -1,
                        830, 873, 919, -1,
                        832, 892, 835, -1,
                        832, 835, 833, -1,
                        832, 919, 893, -1,
                        832, 893, 892, -1,
                        836, 891, 920, -1,
                        836, 920, 837, -1,
                        836, 839, 890, -1,
                        836, 890, 889, -1,
                        836, 889, 891, -1,
                        837, 920, 921, -1,
                        838, 890, 839, -1,
                        843, 921, 844, -1,
                        844, 921, 920, -1,
                        844, 920, 880, -1,
                        845, 915, 858, -1,
                        846, 857, 922, -1,
                        846, 922, 847, -1,
                        847, 923, 848, -1,
                        847, 922, 923, -1,
                        848, 923, 924, -1,
                        848, 924, 925, -1,
                        848, 925, 850, -1,
                        849, 850, 925, -1,
                        849, 925, 926, -1,
                        849, 926, 905, -1,
                        849, 905, 851, -1,
                        851, 905, 904, -1,
                        851, 904, 927, -1,
                        851, 927, 852, -1,
                        852, 927, 928, -1,
                        852, 928, 929, -1,
                        852, 929, 854, -1,
                        854, 929, 855, -1,
                        855, 929, 930, -1,
                        855, 930, 861, -1,
                        856, 912, 857, -1,
                        856, 859, 913, -1,
                        856, 913, 912, -1,
                        858, 915, 859, -1,
                        859, 915, 914, -1,
                        859, 914, 913, -1,
                        860, 861, 862, -1,
                        861, 930, 931, -1,
                        861, 931, 862, -1,
                        862, 899, 932, -1,
                        862, 932, 933, -1,
                        862, 933, 863, -1,
                        862, 931, 899, -1,
                        863, 933, 932, -1,
                        863, 932, 934, -1,
                        863, 934, 864, -1,
                        864, 935, 936, -1,
                        864, 936, 867, -1,
                        864, 867, 865, -1,
                        864, 934, 935, -1,
                        866, 867, 938, -1,
                        866, 938, 937, -1,
                        866, 937, 868, -1,
                        866, 868, 870, -1,
                        867, 936, 938, -1,
                        868, 939, 872, -1,
                        868, 937, 940, -1,
                        868, 940, 939, -1,
                        871, 941, 873, -1,
                        871, 872, 941, -1,
                        872, 939, 942, -1,
                        872, 942, 941, -1,
                        873, 941, 919, -1,
                        874, 918, 875, -1,
                        875, 916, 876, -1,
                        878, 880, 920, -1,
                        878, 920, 891, -1,
                        881, 895, 894, -1,
                        881, 894, 943, -1,
                        881, 943, 942, -1,
                        881, 942, 882, -1,
                        882, 942, 883, -1,
                        883, 942, 886, -1,
                        883, 886, 884, -1,
                        884, 886, 885, -1,
                        886, 942, 944, -1,
                        886, 944, 945, -1,
                        886, 945, 946, -1,
                        886, 946, 887, -1,
                        887, 935, 888, -1,
                        887, 946, 945, -1,
                        887, 945, 938, -1,
                        887, 938, 935, -1,
                        888, 935, 896, -1,
                        893, 919, 941, -1,
                        893, 941, 947, -1,
                        893, 947, 894, -1,
                        894, 947, 941, -1,
                        894, 941, 948, -1,
                        894, 948, 943, -1,
                        896, 935, 932, -1,
                        896, 932, 897, -1,
                        897, 932, 898, -1,
                        898, 932, 899, -1,
                        899, 931, 949, -1,
                        899, 949, 900, -1,
                        900, 949, 901, -1,
                        901, 949, 950, -1,
                        901, 950, 902, -1,
                        902, 929, 903, -1,
                        902, 950, 929, -1,
                        903, 929, 928, -1,
                        903, 928, 927, -1,
                        903, 927, 904, -1,
                        905, 926, 907, -1,
                        905, 907, 906, -1,
                        907, 926, 925, -1,
                        907, 925, 908, -1,
                        908, 925, 924, -1,
                        908, 924, 909, -1,
                        909, 924, 910, -1,
                        910, 924, 923, -1,
                        910, 923, 922, -1,
                        910, 922, 911, -1,
                        929, 950, 949, -1,
                        929, 949, 930, -1,
                        930, 949, 931, -1,
                        932, 935, 934, -1,
                        935, 938, 936, -1,
                        937, 938, 945, -1,
                        937, 945, 940, -1,
                        939, 940, 945, -1,
                        939, 945, 944, -1,
                        939, 944, 942, -1,
                        941, 942, 943, -1,
                        941, 943, 948, -1,
                ]
            }
        }
    ]
}
#VRML V2.0 utf8

# Vertices: 1354
# Triangles: 2704

Group {
    children [
        Shape {
            appearance Appearance {
                material Material {
                    diffuseColor 0.150000 0.930000 0.350000
                    ambientIntensity 0.400000
                    specularColor 0.500000 0.500000 0.500000
                    emissiveColor 0.000000 0.000000 0.000000
                    shininess 0.400000
                    transparency 0.500000
                }
            }
            geometry IndexedFaceSet {
                ccw TRUE
                solid TRUE
                convex TRUE
                coord DEF co Coordinate {
                    point [
                        0.086927 0.159860 0.016208,
                        0.088102 0.159860 0.009620,
                        -0.045091 0.159860 0.016208,
                        0.108318 -0.895906 0.016208,
                        0.090776 0.159860 -0.009661,
                        -0.081125 0.159860 -0.895919,
                        -0.081150 0.159085 -0.120504,
                        -0.081425 0.158863 -0.105971,
                        -0.081975 0.139154 0.016208,
                        0.107868 -0.902439 0.016208,
                        0.135507 -0.791824 -0.456036,
                        0.135981 -0.780309 -0.453614,
                        0.094149 0.159860 -0.048224,
                        0.092750 0.159860 -0.028943,
                        -0.111687 -0.009660 -0.028943,
                        -0.111337 0.009606 -0.028943,
                        -0.110712 0.028872 0.009620,
                        -0.108314 0.048138 0.009620,
                        -0.108388 0.048138 0.016208,
                        -0.104140 0.073937 0.016208,
                        -0.100967 0.093203 0.016208,
                        -0.097768 0.110919 0.016208,
                        -0.096868 0.115459 0.016208,
                        -0.096569 0.116677 0.016208,
                        -0.086698 0.144469 -0.105971,
                        -0.080750 0.159860 -0.899020,
                        -0.079301 0.125203 -0.913456,
                        -0.079276 0.086671 -0.915200,
                        -0.079326 -0.048193 -0.915200,
                        -0.080825 -0.183056 -0.895919,
                        -0.106015 -0.876640 -0.240939,
                        -0.090521 0.127085 0.016208,
                        -0.087398 0.132068 0.016208,
                        0.106944 -0.915172 0.016208,
                        0.112441 -0.895906 -0.086786,
                        0.112816 -0.895906 -0.105971,
                        0.109243 -0.915172 -0.086786,
                        0.109293 -0.915172 -0.105971,
                        0.135357 -0.791381 -0.472120,
                        0.136831 -0.780309 -0.472120,
                        0.137781 -0.761043 -0.491304,
                        0.140804 0.159860 -0.876638,
                        -0.111687 0.009606 -0.009661,
                        -0.107839 -0.895906 -0.183096,
                        -0.108339 -0.895906 -0.163814,
                        -0.111962 -0.915172 0.016208,
                        -0.110762 0.028872 0.016208,
                        -0.109963 0.035405 0.016208,
                        -0.078926 0.159860 -0.910550,
                        -0.077127 0.097965 -0.924889,
                        -0.078876 0.104940 -0.916751,
                        -0.077302 0.067404 -0.925277,
                        -0.077577 -0.028927 -0.925858,
                        -0.077552 -0.048193 -0.925761,
                        -0.079101 -0.067459 -0.915200,
                        -0.080575 -0.202323 -0.895919,
                        -0.081150 -0.317920 -0.857357,
                        -0.083574 -0.510582 -0.761048,
                        -0.082750 -0.568381 -0.722485,
                        -0.083899 -0.722510 -0.568332,
                        -0.105665 -0.895906 -0.221658,
                        -0.106889 -0.895906 -0.202377,
                        0.100697 -0.932446 0.016208,
                        0.101146 -0.932778 -0.048224,
                        0.101321 -0.932778 -0.067505,
                        0.101446 -0.932667 -0.086786,
                        0.101321 -0.932224 -0.105971,
                        0.108093 -0.915172 -0.125252,
                        0.130983 -0.801015 -0.472120,
                        0.134882 -0.789942 -0.481809,
                        0.135931 -0.779645 -0.489463,
                        0.139530 -0.722510 -0.549051,
                        0.138780 -0.722510 -0.529770,
                        0.142329 0.048138 -0.876638,
                        0.137256 0.159860 -0.897276,
                        0.143203 0.028872 -0.895919,
                        0.142803 0.048138 -0.895919,
                        0.142104 0.067404 -0.895919,
                        -0.111087 0.016139 0.016208,
                        -0.107189 -0.915172 -0.105971,
                        -0.107964 -0.915172 -0.086786,
                        -0.111012 -0.915172 -0.009661,
                        -0.111762 -0.915172 0.009620,
                        -0.102941 -0.934439 -0.048224,
                        -0.104865 -0.934439 0.016208,
                        -0.078251 0.159860 -0.912487,
                        -0.076877 0.110809 -0.924211,
                        -0.071105 0.104940 -0.932544,
                        -0.070455 0.086671 -0.934772,
                        -0.070905 0.067404 -0.934966,
                        -0.077227 0.086671 -0.925083,
                        -0.071454 -0.009660 -0.935257,
                        -0.071504 -0.028927 -0.935450,
                        -0.071454 -0.048193 -0.935450,
                        -0.077377 -0.067459 -0.925374,
                        -0.078002 -0.202323 -0.907062,
                        -0.077502 -0.215056 -0.906286,
                        -0.078776 -0.317920 -0.870921,
                        -0.077177 -0.078975 -0.924986,
                        -0.080326 -0.375718 -0.838076,
                        -0.081825 -0.491316 -0.780329,
                        -0.079676 -0.509585 -0.780426,
                        -0.080550 -0.531066 -0.762307,
                        -0.082300 -0.549114 -0.741766,
                        -0.079176 -0.567163 -0.740797,
                        -0.080126 -0.646110 -0.665417,
                        -0.080101 -0.665487 -0.646135,
                        -0.080126 -0.684089 -0.626176,
                        -0.079951 -0.703023 -0.606507,
                        -0.079701 -0.722067 -0.587032,
                        -0.079501 -0.741001 -0.567073,
                        -0.083174 -0.741776 -0.549051,
                        -0.101666 -0.897456 -0.242199,
                        -0.099792 -0.909968 -0.221658,
                        -0.100792 -0.912183 -0.202377,
                        -0.103091 -0.915172 -0.163814,
                        -0.104590 -0.915172 -0.144533,
                        -0.106064 -0.915172 -0.125252,
                        0.094774 -0.942079 0.016208,
                        0.094949 -0.942411 -0.048224,
                        0.094899 -0.942411 -0.067505,
                        0.094699 -0.942300 -0.086786,
                        0.094099 -0.941857 -0.105971,
                        0.100497 -0.931117 -0.125252,
                        0.122437 -0.820613 -0.454389,
                        0.121363 -0.816405 -0.472120,
                        0.128335 -0.797693 -0.489463,
                        0.131683 -0.779645 -0.511458,
                        0.134607 -0.769679 -0.518531,
                        0.136681 -0.741666 -0.547985,
                        0.136706 -0.762371 -0.511458,
                        0.137156 -0.722510 -0.568526,
                        0.137531 -0.684642 -0.607379,
                        0.140080 -0.664712 -0.606895,
                        0.143328 0.009606 -0.895919,
                        0.142553 0.028872 -0.876638,
                        0.136356 0.159860 -0.900279,
                        0.139730 0.048138 -0.915200,
                        0.138630 0.067404 -0.915200,
                        0.140279 0.028872 -0.915200,
                        -0.101416 -0.932335 -0.086786,
                        -0.100942 -0.935767 -0.066149,
                        -0.096469 -0.944182 -0.058882,
                        -0.096818 -0.944515 -0.048224,
                        -0.097518 -0.945179 0.016208,
                        -0.074903 0.159860 -0.920142,
                        -0.075678 0.144469 -0.921304,
                        -0.076452 0.125203 -0.923049,
                        -0.068031 0.125203 -0.934385,
                        -0.060109 0.105937 -0.946012,
                        -0.060809 0.086671 -0.946690,
                        -0.061259 0.067404 -0.947077,
                        -0.061509 0.048138 -0.947271,
                        -0.061634 0.028872 -0.947465,
                        -0.061759 0.009606 -0.947562,
                        -0.061884 -0.028927 -0.947659,
                        -0.061834 -0.048193 -0.947562,
                        -0.061584 -0.067459 -0.947368,
                        -0.071229 -0.067459 -0.935063,
                        -0.067781 -0.223028 -0.915491,
                        -0.065357 -0.240855 -0.914038,
                        -0.073603 -0.317920 -0.880514,
                        -0.077877 -0.332203 -0.868693,
                        -0.071829 -0.085950 -0.932641,
                        -0.068955 -0.105992 -0.934385,
                        -0.060184 -0.105992 -0.946205,
                        -0.058960 -0.121161 -0.945140,
                        -0.077902 -0.375718 -0.849605,
                        -0.077227 -0.386016 -0.848055,
                        -0.077527 -0.502610 -0.790696,
                        -0.078626 -0.525419 -0.774128,
                        -0.078726 -0.549114 -0.756203,
                        -0.077552 -0.559855 -0.752327,
                        -0.078426 -0.640241 -0.677722,
                        -0.078426 -0.659508 -0.659506,
                        -0.078401 -0.677777 -0.640225,
                        -0.077977 -0.734026 -0.580153,
                        -0.077502 -0.752185 -0.559806,
                        -0.077377 -0.790385 -0.501962,
                        -0.098218 -0.907865 -0.236676,
                        -0.078426 -0.773555 -0.524150,
                        -0.096644 -0.925138 -0.175150,
                        -0.099667 -0.929235 -0.125252,
                        -0.100692 -0.916280 -0.182224,
                        -0.100642 -0.930895 -0.105971,
                        0.085153 -0.950272 0.016208,
                        0.085153 -0.950383 0.009620,
                        0.085203 -0.950383 -0.009661,
                        0.085303 -0.950272 -0.048224,
                        0.085278 -0.950051 -0.067505,
                        0.085053 -0.949719 -0.086786,
                        0.092800 -0.940750 -0.125252,
                        0.084478 -0.949054 -0.105971,
                        0.083154 -0.948058 -0.125252,
                        0.096773 -0.906093 -0.252082,
                        0.117039 -0.829803 -0.448963,
                        0.115340 -0.828253 -0.461850,
                        0.118189 -0.812087 -0.491304,
                        0.120563 -0.799686 -0.509229,
                        0.123462 -0.781748 -0.531029,
                        0.132933 -0.765693 -0.529770,
                        0.133432 -0.747977 -0.553605,
                        0.135906 -0.735133 -0.562228,
                        0.136206 -0.678663 -0.621041,
                        0.137606 -0.626954 -0.665417,
                        0.140030 -0.606913 -0.664641,
                        0.143278 -0.009660 -0.895919,
                        0.140404 0.009606 -0.915200,
                        0.134807 0.159860 -0.905318,
                        0.134907 0.077480 -0.924889,
                        0.136006 0.048138 -0.927021,
                        0.135357 0.067404 -0.925761,
                        0.136331 0.028872 -0.927602,
                        -0.095419 -0.943186 -0.071768,
                        -0.081075 -0.946729 -0.125252,
                        -0.082899 -0.947947 -0.105971,
                        -0.084524 -0.948944 -0.086786,
                        -0.088072 -0.948722 -0.066149,
                        -0.086698 -0.950937 -0.048224,
                        -0.086698 -0.951490 -0.028943,
                        -0.086698 -0.952598 0.016208,
                        -0.072804 0.159860 -0.922952,
                        -0.058985 0.125203 -0.945043,
                        -0.064982 0.159860 -0.932931,
                        -0.064582 0.143583 -0.935838,
                        -0.048164 0.105937 -0.953375,
                        -0.048164 0.086671 -0.954732,
                        -0.048164 0.067404 -0.955701,
                        -0.048164 0.048138 -0.956185,
                        -0.048164 0.028872 -0.956573,
                        -0.048164 0.009606 -0.956766,
                        -0.048164 -0.009660 -0.956863,
                        -0.048164 -0.048193 -0.956670,
                        -0.048164 -0.067459 -0.956185,
                        -0.061109 -0.086725 -0.946980,
                        -0.057710 -0.231000 -0.924696,
                        -0.061734 -0.337186 -0.889718,
                        -0.072279 -0.338072 -0.875766,
                        -0.076702 -0.345048 -0.865689,
                        -0.048164 -0.086725 -0.955410,
                        -0.048164 -0.105992 -0.953860,
                        -0.049914 -0.126697 -0.949984,
                        -0.057535 -0.134005 -0.943783,
                        -0.064957 -0.356452 -0.877510,
                        -0.059460 -0.350030 -0.887683,
                        -0.067481 -0.394210 -0.856969,
                        -0.075478 -0.515454 -0.787014,
                        -0.063233 -0.452783 -0.833909,
                        -0.076652 -0.538263 -0.769671,
                        -0.073853 -0.549114 -0.765795,
                        -0.067231 -0.567273 -0.760176,
                        -0.074128 -0.572699 -0.746611,
                        -0.076327 -0.653086 -0.672296,
                        -0.076302 -0.672352 -0.653015,
                        -0.074728 -0.728157 -0.593039,
                        -0.074153 -0.746870 -0.572692,
                        -0.075003 -0.786399 -0.514752,
                        -0.067056 -0.760046 -0.567170,
                        -0.061309 -0.793596 -0.529770,
                        -0.075678 -0.806994 -0.478321,
                        -0.077977 -0.810758 -0.465531,
                        -0.095794 -0.904875 -0.249562,
                        -0.088297 -0.912958 -0.242199,
                        -0.086448 -0.920598 -0.223208,
                        -0.092620 -0.921816 -0.202377,
                        -0.095019 -0.923477 -0.188037,
                        -0.077252 -0.944182 -0.154803,
                        -0.078726 -0.945179 -0.144533,
                        -0.090696 -0.938868 -0.125252,
                        -0.092520 -0.940529 -0.105971,
                        0.074533 -0.956694 0.016208,
                        0.069035 -0.960016 0.009620,
                        0.069010 -0.960016 -0.009661,
                        0.068485 -0.959905 -0.048224,
                        0.067436 -0.958909 -0.086786,
                        0.080405 -0.946176 -0.144533,
                        0.067436 -0.957580 -0.105971,
                        0.067436 -0.955366 -0.125252,
                        0.085303 -0.918162 -0.240648,
                        0.087652 -0.911629 -0.259155,
                        0.102246 -0.831685 -0.472120,
                        0.111867 -0.826039 -0.472120,
                        0.116090 -0.809651 -0.501865,
                        0.082479 -0.909747 -0.279405,
                        0.079456 -0.907311 -0.294229,
                        0.083429 -0.890813 -0.337248,
                        0.080205 -0.888377 -0.352266,
                        0.118439 -0.793375 -0.525507,
                        0.119064 -0.775326 -0.549051,
                        0.130534 -0.741666 -0.568526,
                        0.129084 -0.759603 -0.547985,
                        0.133857 -0.728932 -0.575018,
                        0.134032 -0.710331 -0.594396,
                        0.134082 -0.691507 -0.614161,
                        0.134207 -0.672020 -0.633927,
                        0.134257 -0.653086 -0.652821,
                        0.134182 -0.633819 -0.672296,
                        0.136181 -0.620975 -0.678691,
                        0.137106 -0.568159 -0.722582,
                        0.139605 -0.568381 -0.703204,
                        0.143053 -0.028927 -0.895919,
                        0.136381 0.009606 -0.927699,
                        0.140180 -0.009660 -0.915200,
                        0.129109 0.159860 -0.913650,
                        0.128709 0.085010 -0.932544,
                        0.129259 0.067404 -0.935450,
                        0.130009 0.048138 -0.936710,
                        0.130359 0.028872 -0.937291,
                        -0.067431 -0.953262 -0.125252,
                        -0.067431 -0.955587 -0.105971,
                        -0.067431 -0.957469 -0.086786,
                        -0.067431 -0.959020 -0.067505,
                        -0.069255 -0.960570 -0.028943,
                        -0.070430 -0.960791 -0.009661,
                        -0.070680 -0.961013 0.009620,
                        -0.070655 -0.961013 0.016208,
                        -0.058110 0.136497 -0.944268,
                        -0.048164 0.125203 -0.951340,
                        -0.062833 0.159860 -0.935160,
                        -0.033371 0.086671 -0.961805,
                        -0.035195 0.067404 -0.962289,
                        -0.036245 0.048138 -0.962580,
                        -0.036769 0.028872 -0.962774,
                        -0.037119 0.009606 -0.962871,
                        -0.037219 -0.009660 -0.962871,
                        -0.037069 -0.028927 -0.962871,
                        -0.036694 -0.048193 -0.962774,
                        -0.035920 -0.067459 -0.962483,
                        -0.045616 -0.144524 -0.948531,
                        -0.055736 -0.240855 -0.923630,
                        -0.034245 -0.086725 -0.962095,
                        -0.031147 -0.105992 -0.961320,
                        -0.027073 -0.123486 -0.960254,
                        -0.048489 -0.261561 -0.921208,
                        -0.042267 -0.256024 -0.926343,
                        -0.048164 -0.337186 -0.897469,
                        -0.048314 -0.356452 -0.890687,
                        -0.054862 -0.362874 -0.884583,
                        -0.056036 -0.402403 -0.865980,
                        -0.059659 -0.389559 -0.868596,
                        -0.062733 -0.414140 -0.853287,
                        -0.067581 -0.509918 -0.799319,
                        -0.062258 -0.529848 -0.794475,
                        -0.072679 -0.531066 -0.780426,
                        -0.060259 -0.466845 -0.830809,
                        -0.063608 -0.547896 -0.779844,
                        -0.060334 -0.561848 -0.773159,
                        -0.061284 -0.582332 -0.755040,
                        -0.059560 -0.675895 -0.675978,
                        -0.073379 -0.665487 -0.665417,
                        -0.068006 -0.741776 -0.587613,
                        -0.061309 -0.754953 -0.582188,
                        -0.067381 -0.798911 -0.509520,
                        -0.072654 -0.803118 -0.491304,
                        -0.059959 -0.772669 -0.561550,
                        -0.058110 -0.790163 -0.539846,
                        -0.059734 -0.811091 -0.504288,
                        -0.063033 -0.814745 -0.491304,
                        -0.073753 -0.823824 -0.452839,
                        -0.076302 -0.827035 -0.441115,
                        -0.079001 -0.907089 -0.273397,
                        -0.082924 -0.909636 -0.260123,
                        -0.074253 -0.843865 -0.414276,
                        -0.061059 -0.850509 -0.429391,
                        -0.056886 -0.866453 -0.403618,
                        -0.076677 -0.924584 -0.230766,
                        -0.079851 -0.926466 -0.217879,
                        -0.082999 -0.928570 -0.202377,
                        -0.073379 -0.942632 -0.167593,
                        -0.067156 -0.946286 -0.162264,
                        -0.067431 -0.950051 -0.144533,
                        0.069010 -0.959905 0.016208,
                        0.065712 -0.961345 0.016208,
                        0.059414 -0.963892 0.009620,
                        0.059389 -0.963892 -0.009661,
                        0.059189 -0.963892 -0.028943,
                        0.058840 -0.963670 -0.048224,
                        0.058365 -0.963559 -0.062757,
                        0.065837 -0.960348 -0.068474,
                        0.057490 -0.963227 -0.075547,
                        0.067436 -0.951822 -0.144533,
                        0.078031 -0.944736 -0.156451,
                        0.075158 -0.924030 -0.246849,
                        0.077956 -0.925359 -0.234060,
                        0.055791 -0.962895 -0.086786,
                        0.051743 -0.962120 -0.105971,
                        0.046670 -0.960902 -0.123895,
                        0.048144 -0.956916 -0.144533,
                        0.098023 -0.829250 -0.483553,
                        0.076157 -0.885830 -0.365153,
                        0.105045 -0.821720 -0.490529,
                        0.111117 -0.806219 -0.514752,
                        0.114591 -0.789056 -0.538296,
                        0.105195 -0.812751 -0.509229,
                        0.076132 -0.905096 -0.307018,
                        0.065737 -0.900224 -0.335601,
                        0.116140 -0.771229 -0.559418,
                        0.119888 -0.760268 -0.566879,
                        0.131333 -0.703576 -0.607379,
                        0.117214 -0.753292 -0.580153,
                        0.120788 -0.741001 -0.586935,
                        0.121637 -0.703133 -0.625982,
                        0.131508 -0.684642 -0.626951,
                        0.131758 -0.646110 -0.665417,
                        0.131583 -0.626954 -0.684698,
                        0.134157 -0.613889 -0.691577,
                        0.135931 -0.581778 -0.716284,
                        0.135681 -0.561737 -0.734403,
                        0.136631 -0.549114 -0.738278,
                        0.139130 -0.549114 -0.722485,
                        0.138580 -0.394985 -0.818794,
                        0.140554 -0.202323 -0.876638,
                        0.142728 -0.048193 -0.895919,
                        0.130384 0.009606 -0.937388,
                        0.136206 -0.009660 -0.927409,
                        0.139680 -0.028927 -0.915200,
                        0.118464 0.159860 -0.927409,
                        0.118164 0.086671 -0.946399,
                        0.119613 0.067404 -0.947659,
                        0.120388 0.048138 -0.948240,
                        0.120738 0.028872 -0.948628,
                        -0.048164 -0.959130 -0.125252,
                        -0.047515 -0.961566 -0.106746,
                        -0.053012 -0.962231 -0.086786,
                        -0.055836 -0.962895 -0.067505,
                        -0.057260 -0.963227 -0.055297,
                        -0.065857 -0.960681 -0.048611,
                        -0.059609 -0.963892 -0.028943,
                        -0.060784 -0.964334 -0.009661,
                        -0.061034 -0.964445 0.009620,
                        -0.064307 -0.963227 0.016208,
                        -0.056586 0.149341 -0.943299,
                        -0.049364 0.143583 -0.948143,
                        -0.028898 0.125203 -0.959189,
                        -0.054612 0.159860 -0.942233,
                        -0.028323 0.107487 -0.961417,
                        -0.021501 0.102061 -0.963936,
                        -0.023725 0.086671 -0.964615,
                        -0.025549 0.067404 -0.965099,
                        -0.026599 0.048138 -0.965487,
                        -0.027148 0.028872 -0.965680,
                        -0.027473 0.009606 -0.965777,
                        -0.027598 -0.009660 -0.965777,
                        -0.027423 -0.028927 -0.965680,
                        -0.027073 -0.048193 -0.965583,
                        -0.026274 -0.067459 -0.965293,
                        -0.028898 -0.144524 -0.955604,
                        -0.046090 -0.240855 -0.927990,
                        -0.024625 -0.086725 -0.964808,
                        -0.021526 -0.105992 -0.963936,
                        -0.019427 -0.115957 -0.963355,
                        -0.028898 -0.240855 -0.933416,
                        -0.030097 -0.261561 -0.928184,
                        -0.037319 -0.268869 -0.924502,
                        -0.037469 -0.326667 -0.905221,
                        -0.028898 -0.356452 -0.897276,
                        -0.042017 -0.369629 -0.887974,
                        -0.043192 -0.409268 -0.869177,
                        -0.048989 -0.472825 -0.834491,
                        -0.055961 -0.479690 -0.827321,
                        -0.058910 -0.540810 -0.790890,
                        -0.059684 -0.504492 -0.810752,
                        -0.055061 -0.517336 -0.807846,
                        -0.053012 -0.574692 -0.767927,
                        -0.054737 -0.595176 -0.749518,
                        -0.048164 -0.668476 -0.688573,
                        -0.048164 -0.678995 -0.678981,
                        -0.048164 -0.688628 -0.668517,
                        -0.041692 -0.753070 -0.599143,
                        -0.054537 -0.749417 -0.595074,
                        -0.041892 -0.599273 -0.753102,
                        -0.052413 -0.767797 -0.574436,
                        -0.048164 -0.793042 -0.543722,
                        -0.048114 -0.802897 -0.529285,
                        -0.054487 -0.807326 -0.517174,
                        -0.048164 -0.785956 -0.553314,
                        -0.056336 -0.827478 -0.480065,
                        -0.060559 -0.830910 -0.467275,
                        -0.064108 -0.834786 -0.452839,
                        -0.068106 -0.910854 -0.279695,
                        -0.059659 -0.887712 -0.350425,
                        -0.056861 -0.847187 -0.442181,
                        -0.049539 -0.854495 -0.434914,
                        -0.044016 -0.850398 -0.448576,
                        -0.049539 -0.864128 -0.415439,
                        -0.044041 -0.869443 -0.409819,
                        -0.049539 -0.873097 -0.396352,
                        -0.055236 -0.885055 -0.363312,
                        -0.066082 -0.919380 -0.259058,
                        -0.058760 -0.925248 -0.251985,
                        -0.067431 -0.935989 -0.202377,
                        -0.067156 -0.941082 -0.183580,
                        -0.060534 -0.945068 -0.177476,
                        -0.048164 -0.955698 -0.144533,
                        0.059364 -0.963892 0.016208,
                        0.051967 -0.965774 0.016208,
                        0.048144 -0.966660 -0.009661,
                        0.048144 -0.966549 -0.028943,
                        0.048144 -0.966217 -0.048224,
                        0.049893 -0.965110 -0.068474,
                        0.046145 -0.964888 -0.086786,
                        0.048144 -0.952708 -0.163814,
                        0.056790 -0.943850 -0.191913,
                        0.061363 -0.945511 -0.179123,
                        0.062313 -0.926356 -0.256635,
                        0.068210 -0.922812 -0.261868,
                        0.067436 -0.917941 -0.279405,
                        0.042097 -0.964002 -0.105971,
                        0.039248 -0.963449 -0.116532,
                        0.028877 -0.959573 -0.144533,
                        0.086703 -0.838108 -0.472120,
                        0.086703 -0.831243 -0.487719,
                        0.086703 -0.826814 -0.497408,
                        0.098273 -0.810205 -0.522019,
                        0.063313 -0.888377 -0.371160,
                        0.068810 -0.891477 -0.357789,
                        0.106444 -0.799797 -0.530157,
                        0.107294 -0.784959 -0.549826,
                        0.101746 -0.793375 -0.543916,
                        0.062213 -0.907422 -0.317967,
                        0.058190 -0.905650 -0.328044,
                        0.105969 -0.767022 -0.573371,
                        0.104670 -0.756503 -0.586935,
                        0.097373 -0.752074 -0.597981,
                        0.110217 -0.746981 -0.592942,
                        0.110817 -0.728489 -0.612321,
                        0.111092 -0.709445 -0.632280,
                        0.117739 -0.715535 -0.619490,
                        0.117864 -0.696601 -0.638869,
                        0.118114 -0.658511 -0.677819,
                        0.121887 -0.664822 -0.664641,
                        0.121962 -0.645445 -0.684116,
                        0.121313 -0.606581 -0.722098,
                        0.131008 -0.587979 -0.722582,
                        0.134007 -0.594623 -0.709889,
                        0.133707 -0.574581 -0.729074,
                        0.130034 -0.568159 -0.741185,
                        0.134307 -0.517336 -0.768702,
                        0.135457 -0.504492 -0.772481,
                        0.136081 -0.468063 -0.793603,
                        0.136606 -0.451455 -0.799901,
                        0.136806 -0.414362 -0.819473,
                        0.136206 -0.394985 -0.832165,
                        0.140055 -0.221589 -0.876638,
                        0.142029 -0.067459 -0.895919,
                        0.120763 0.009606 -0.948628,
                        0.130059 -0.009660 -0.937001,
                        0.120413 -0.009660 -0.948337,
                        0.135856 -0.028927 -0.926633,
                        0.138855 -0.048193 -0.915200,
                        0.105769 0.159860 -0.935935,
                        0.116665 0.099404 -0.945043,
                        0.105969 0.086671 -0.953860,
                        0.105969 0.067404 -0.956282,
                        0.104145 0.047031 -0.958801,
                        0.106394 0.028872 -0.958317,
                        0.106469 0.009606 -0.958317,
                        -0.036594 -0.963117 -0.113722,
                        -0.040643 -0.963781 -0.100932,
                        -0.043366 -0.964445 -0.086786,
                        -0.046190 -0.964999 -0.067505,
                        -0.048164 -0.966438 -0.028943,
                        -0.048164 -0.967213 -0.009661,
                        -0.061034 -0.964334 0.016208,
                        -0.048164 -0.967324 0.009620,
                        -0.048164 -0.967324 0.016208,
                        -0.053037 0.159860 -0.943105,
                        -0.045241 0.159860 -0.947174,
                        -0.041242 0.159860 -0.948821,
                        -0.028898 0.144469 -0.956282,
                        -0.018727 0.114906 -0.963258,
                        -0.009631 0.086671 -0.967327,
                        -0.009631 0.067404 -0.968587,
                        -0.009631 0.048138 -0.969362,
                        -0.009631 0.028872 -0.969750,
                        -0.009631 0.009606 -0.969943,
                        -0.009631 -0.009660 -0.969847,
                        -0.009631 -0.028927 -0.969653,
                        -0.009631 -0.048193 -0.969265,
                        -0.009631 -0.067459 -0.968684,
                        -0.009631 -0.144524 -0.959092,
                        -0.009631 -0.086725 -0.967521,
                        -0.009631 -0.105992 -0.965680,
                        -0.009631 -0.118836 -0.963839,
                        -0.009631 -0.128469 -0.962289,
                        -0.009631 -0.240855 -0.936904,
                        -0.009631 -0.260121 -0.932156,
                        -0.024475 -0.273740 -0.925955,
                        -0.024625 -0.331761 -0.906965,
                        -0.030172 -0.337850 -0.903574,
                        -0.013554 -0.344605 -0.904736,
                        -0.020976 -0.386459 -0.886715,
                        -0.027998 -0.375940 -0.889524,
                        -0.033821 -0.382473 -0.884874,
                        -0.035345 -0.422112 -0.866174,
                        -0.043117 -0.485558 -0.830712,
                        -0.048164 -0.544575 -0.793797,
                        -0.048164 -0.554208 -0.786433,
                        -0.048439 -0.529516 -0.803776,
                        -0.042217 -0.522983 -0.810752,
                        -0.047215 -0.568270 -0.776066,
                        -0.040168 -0.578900 -0.771512,
                        -0.028898 -0.652310 -0.710568,
                        -0.028898 -0.663051 -0.700879,
                        -0.028898 -0.672684 -0.692061,
                        -0.028898 -0.682428 -0.682469,
                        -0.028898 -0.692061 -0.672683,
                        -0.028898 -0.700919 -0.662994,
                        -0.028898 -0.710552 -0.652433,
                        -0.044366 -0.716088 -0.639450,
                        -0.028898 -0.755064 -0.601469,
                        -0.028898 -0.764697 -0.590133,
                        -0.039568 -0.771119 -0.578603,
                        -0.028898 -0.601598 -0.755234,
                        -0.046865 -0.775437 -0.568138,
                        -0.041642 -0.810648 -0.522503,
                        -0.035395 -0.789056 -0.557577,
                        -0.048114 -0.814523 -0.510682,
                        -0.049214 -0.824599 -0.492176,
                        -0.043491 -0.830910 -0.486266,
                        -0.049214 -0.835007 -0.473089,
                        -0.057585 -0.905429 -0.308084,
                        -0.062133 -0.907975 -0.295295,
                        -0.049539 -0.844751 -0.454098,
                        -0.036295 -0.847187 -0.461462,
                        -0.036070 -0.866343 -0.422706,
                        -0.034145 -0.885166 -0.382884,
                        -0.042392 -0.887823 -0.370094,
                        -0.048539 -0.882398 -0.376198,
                        -0.048539 -0.890591 -0.356723,
                        -0.052113 -0.923255 -0.264871,
                        -0.048164 -0.931228 -0.240939,
                        -0.055086 -0.943518 -0.190362,
                        -0.048164 -0.951380 -0.163814,
                        -0.028898 -0.954591 -0.163814,
                        -0.028898 -0.958687 -0.144533,
                        -0.029647 -0.962120 -0.125155,
                        0.048144 -0.966660 0.016208,
                        0.028877 -0.969760 0.009620,
                        0.028877 -0.969649 -0.009661,
                        0.028877 -0.969428 -0.028943,
                        0.028877 -0.969096 -0.048224,
                        0.028877 -0.968431 -0.067505,
                        0.028877 -0.967213 -0.086786,
                        0.028877 -0.955366 -0.163814,
                        0.033301 -0.943629 -0.210225,
                        0.043946 -0.945179 -0.197435,
                        0.048144 -0.933664 -0.240939,
                        0.057390 -0.924695 -0.269522,
                        0.028877 -0.962452 -0.129321,
                        0.028877 -0.965552 -0.105971,
                        0.028877 -0.964002 -0.119729,
                        0.009636 -0.960570 -0.144533,
                        0.009636 -0.956473 -0.163814,
                        0.009636 -0.962895 -0.132422,
                        0.058465 -0.867228 -0.424353,
                        0.073683 -0.846966 -0.460590,
                        0.054841 -0.885609 -0.384046,
                        0.076507 -0.828364 -0.500703,
                        0.086703 -0.820170 -0.510585,
                        0.086703 -0.812198 -0.525216,
                        0.086703 -0.806219 -0.534808,
                        0.048144 -0.897899 -0.356530,
                        0.092150 -0.788281 -0.556705,
                        0.095299 -0.770233 -0.577537,
                        0.048144 -0.917608 -0.298686,
                        0.048144 -0.911297 -0.317967,
                        0.048144 -0.906757 -0.331144,
                        0.048144 -0.903436 -0.340736,
                        0.097973 -0.733140 -0.617650,
                        0.104545 -0.721292 -0.625013,
                        0.088002 -0.764807 -0.587032,
                        0.086703 -0.753956 -0.600112,
                        0.086703 -0.698151 -0.659991,
                        0.086703 -0.689071 -0.669680,
                        0.098947 -0.695383 -0.656987,
                        0.099247 -0.676449 -0.676462,
                        0.112092 -0.671355 -0.671036,
                        0.111817 -0.651868 -0.690608,
                        0.117614 -0.599937 -0.734693,
                        0.120763 -0.586761 -0.741379,
                        0.120063 -0.568381 -0.757269,
                        0.122337 -0.529959 -0.780910,
                        0.130859 -0.510803 -0.779457,
                        0.132183 -0.473489 -0.799901,
                        0.133832 -0.457102 -0.806489,
                        0.134257 -0.420784 -0.826352,
                        0.135482 -0.407940 -0.829840,
                        0.135556 -0.240855 -0.887683,
                        0.136656 -0.221589 -0.890106,
                        0.138430 -0.240855 -0.876638,
                        0.137206 -0.202323 -0.892043,
                        0.129334 -0.028927 -0.936226,
                        0.119713 -0.028927 -0.947756,
                        0.105969 -0.028927 -0.956863,
                        0.104195 -0.010103 -0.958995,
                        0.135282 -0.048193 -0.925568,
                        0.137431 -0.065798 -0.916363,
                        0.094799 0.151777 -0.943492,
                        0.092175 0.159860 -0.942717,
                        0.106894 0.105826 -0.949015,
                        0.086403 0.087778 -0.961417,
                        0.086703 0.105937 -0.957929,
                        0.092725 0.067404 -0.962386,
                        0.096498 0.039944 -0.963452,
                        0.095224 0.052789 -0.962967,
                        0.096748 0.028872 -0.963549,
                        0.096823 0.009606 -0.963549,
                        0.096598 -0.003903 -0.963452,
                        -0.023750 -0.963781 -0.118663,
                        -0.029647 -0.964556 -0.106746,
                        -0.028898 -0.966549 -0.086786,
                        -0.028898 -0.967767 -0.067505,
                        -0.028898 -0.968653 -0.048224,
                        -0.028898 -0.969317 -0.028943,
                        -0.028898 -0.969871 -0.009661,
                        -0.028898 -0.970092 0.009620,
                        -0.041592 -0.968321 0.016208,
                        -0.028898 0.159860 -0.952988,
                        -0.025074 0.159860 -0.953666,
                        -0.009631 0.144469 -0.959673,
                        -0.005883 0.120442 -0.964033,
                        -0.011230 0.107487 -0.965099,
                        -0.011230 0.126200 -0.962580,
                        0.009636 0.086671 -0.969362,
                        0.009636 0.067404 -0.970912,
                        0.009636 0.048138 -0.971784,
                        0.009636 0.028872 -0.972269,
                        0.009636 0.009606 -0.972463,
                        0.009636 -0.009660 -0.972463,
                        0.009636 -0.028927 -0.972075,
                        0.009636 -0.048193 -0.971494,
                        0.009636 -0.067459 -0.970428,
                        0.009636 -0.144524 -0.960254,
                        0.009636 -0.240855 -0.938454,
                        -0.000810 -0.212509 -0.944171,
                        0.009636 -0.086725 -0.968975,
                        0.009636 -0.105992 -0.966746,
                        0.009636 -0.121825 -0.964421,
                        0.009636 -0.131458 -0.962677,
                        0.009636 -0.260121 -0.933706,
                        -0.000385 -0.289242 -0.924793,
                        -0.007932 -0.279830 -0.926730,
                        -0.013229 -0.286585 -0.924017,
                        -0.008132 -0.337850 -0.907740,
                        -0.000710 -0.347151 -0.905608,
                        -0.008132 -0.354681 -0.901636,
                        -0.009631 -0.375718 -0.893012,
                        -0.009631 -0.388341 -0.887587,
                        -0.009631 -0.397974 -0.883226,
                        -0.022500 -0.425434 -0.867821,
                        -0.027998 -0.393767 -0.881386,
                        -0.022176 -0.463967 -0.848540,
                        -0.028698 -0.471053 -0.843114,
                        -0.035020 -0.460313 -0.846699,
                        -0.028098 -0.491759 -0.832553,
                        -0.033996 -0.498402 -0.827030,
                        -0.028898 -0.535938 -0.806974,
                        -0.036170 -0.557751 -0.789243,
                        -0.028898 -0.526305 -0.812787,
                        -0.021151 -0.501945 -0.829065,
                        -0.023325 -0.560298 -0.791084,
                        -0.028898 -0.580893 -0.773159,
                        -0.028898 -0.590526 -0.764923,
                        -0.013254 -0.654303 -0.712215,
                        -0.018002 -0.674123 -0.693418,
                        -0.017078 -0.693279 -0.674040,
                        -0.009631 -0.712324 -0.654468,
                        -0.009631 -0.748531 -0.613289,
                        -0.009631 -0.766579 -0.592652,
                        -0.009631 -0.774883 -0.582963,
                        -0.028898 -0.772780 -0.580540,
                        -0.009631 -0.592740 -0.766861,
                        -0.028898 -0.806551 -0.535293,
                        -0.028898 -0.812641 -0.525700,
                        -0.034820 -0.827478 -0.499152,
                        -0.028923 -0.783409 -0.567073,
                        -0.022550 -0.790828 -0.559903,
                        -0.028923 -0.796032 -0.550311,
                        -0.038943 -0.905650 -0.328044,
                        -0.029472 -0.843644 -0.471248,
                        -0.023450 -0.848626 -0.464272,
                        -0.029472 -0.852391 -0.454098,
                        -0.023225 -0.867893 -0.425806,
                        -0.029348 -0.863021 -0.432782,
                        -0.028598 -0.832793 -0.492176,
                        -0.029348 -0.871325 -0.415439,
                        -0.028198 -0.881733 -0.393736,
                        -0.021301 -0.886716 -0.386469,
                        -0.028198 -0.889373 -0.376198,
                        -0.028898 -0.897013 -0.356530,
                        -0.039268 -0.924916 -0.270394,
                        -0.046690 -0.926356 -0.259058,
                        -0.042242 -0.944847 -0.195594,
                        -0.048464 -0.941746 -0.202183,
                        -0.009631 -0.956141 -0.163814,
                        -0.028898 -0.949940 -0.183096,
                        -0.017852 -0.943961 -0.211775,
                        -0.009631 -0.960238 -0.144533,
                        -0.009631 -0.962784 -0.131259,
                        0.028877 -0.969760 0.016208,
                        0.009636 -0.970978 0.009620,
                        0.009636 -0.970867 -0.009661,
                        0.009636 -0.970535 -0.028943,
                        0.009636 -0.970092 -0.048224,
                        0.009636 -0.969428 -0.067505,
                        0.009636 -0.968210 -0.086786,
                        0.020456 -0.944182 -0.212356,
                        0.028877 -0.950715 -0.183096,
                        0.028877 -0.936542 -0.240939,
                        0.044546 -0.925913 -0.273591,
                        0.049843 -0.928017 -0.261868,
                        0.049843 -0.923145 -0.279792,
                        0.009636 -0.966549 -0.105971,
                        0.009636 -0.964445 -0.122830,
                        0.009636 -0.951822 -0.183096,
                        0.048144 -0.868003 -0.426194,
                        0.048144 -0.863464 -0.435883,
                        0.060839 -0.848294 -0.463884,
                        0.067336 -0.843865 -0.471054,
                        0.041997 -0.886937 -0.386953,
                        0.048319 -0.889927 -0.376877,
                        0.063662 -0.829471 -0.502737,
                        0.069010 -0.824821 -0.509713,
                        0.069010 -0.833236 -0.493048,
                        0.070909 -0.808212 -0.537909,
                        0.079306 -0.790717 -0.559709,
                        0.086103 -0.795700 -0.549826,
                        0.028877 -0.900446 -0.356530,
                        0.028877 -0.908197 -0.335214,
                        0.028877 -0.904764 -0.344903,
                        0.082454 -0.772558 -0.580153,
                        0.028877 -0.920266 -0.298686,
                        0.028877 -0.914065 -0.317967,
                        0.067436 -0.766136 -0.591974,
                        0.067436 -0.756503 -0.602825,
                        0.067436 -0.747645 -0.612514,
                        0.067436 -0.692172 -0.672780,
                        0.067436 -0.682538 -0.682857,
                        0.086703 -0.679438 -0.679563,
                        0.086703 -0.669694 -0.689252,
                        0.098572 -0.637473 -0.714346,
                        0.105544 -0.664158 -0.683535,
                        0.110842 -0.612781 -0.728299,
                        0.110042 -0.592629 -0.747483,
                        0.116890 -0.579785 -0.752909,
                        0.115490 -0.558526 -0.770543,
                        0.117614 -0.523537 -0.792246,
                        0.120638 -0.510582 -0.796413,
                        0.124061 -0.493087 -0.801354,
                        0.121163 -0.470942 -0.819182,
                        0.129234 -0.451455 -0.817244,
                        0.132408 -0.433406 -0.822379,
                        0.129934 -0.414362 -0.837010,
                        0.131983 -0.394985 -0.841757,
                        0.133807 -0.375718 -0.844858,
                        0.134157 -0.317920 -0.864720,
                        0.134882 -0.250599 -0.886230,
                        0.131383 -0.221589 -0.899698,
                        0.132783 -0.202323 -0.901636,
                        0.133882 -0.183056 -0.903283,
                        0.134382 -0.071113 -0.923630,
                        0.134882 -0.058269 -0.924889,
                        0.128260 -0.048193 -0.935160,
                        0.118614 -0.048193 -0.946787,
                        0.105969 -0.048193 -0.955119,
                        0.096049 -0.016747 -0.963258,
                        0.082604 0.159860 -0.945818,
                        0.079806 0.082131 -0.964033,
                        0.075982 0.094975 -0.963161,
                        0.068710 0.107265 -0.962192,
                        0.067436 0.125203 -0.958317,
                        0.087952 0.047031 -0.965293,
                        0.083104 0.067404 -0.964808,
                        0.086703 0.028872 -0.966359,
                        0.086703 0.009606 -0.966455,
                        0.088452 -0.010103 -0.965680,
                        -0.009631 -0.964224 -0.121667,
                        -0.009631 -0.966217 -0.105971,
                        -0.009631 -0.967988 -0.086786,
                        -0.009631 -0.969206 -0.067505,
                        -0.009631 -0.969981 -0.048224,
                        -0.009631 -0.970535 -0.028943,
                        -0.009631 -0.970978 -0.009661,
                        -0.009631 -0.971089 0.009620,
                        -0.028898 -0.970092 0.016208,
                        -0.009631 0.159860 -0.956088,
                        0.009636 0.144469 -0.960448,
                        0.009636 0.132622 -0.962967,
                        0.009636 0.122989 -0.964615,
                        0.009636 0.105937 -0.967134,
                        0.028877 0.086671 -0.969556,
                        0.028877 0.067404 -0.971397,
                        0.028877 0.048138 -0.972657,
                        0.028877 0.028872 -0.973335,
                        0.028877 0.009606 -0.973625,
                        0.028877 -0.009660 -0.973528,
                        0.028877 -0.028927 -0.973044,
                        0.028877 -0.048193 -0.972172,
                        0.028877 -0.067459 -0.970912,
                        0.028877 -0.129797 -0.962483,
                        0.028877 -0.144524 -0.959673,
                        0.028877 -0.163790 -0.955701,
                        0.028877 -0.215056 -0.944752,
                        0.028877 -0.224689 -0.942523,
                        0.028877 -0.240855 -0.938648,
                        0.028877 -0.086725 -0.968878,
                        0.028877 -0.105992 -0.966262,
                        0.028877 -0.120164 -0.964130,
                        0.028877 -0.260121 -0.933803,
                        0.028877 -0.279387 -0.928474,
                        0.009636 -0.279387 -0.928281,
                        -0.007932 -0.296882 -0.921304,
                        0.009636 -0.290128 -0.925083,
                        0.009636 -0.299761 -0.921983,
                        0.009636 -0.317920 -0.915976,
                        -0.009631 -0.317920 -0.914135,
                        0.009636 -0.347594 -0.905802,
                        0.009636 -0.357227 -0.902120,
                        0.009636 -0.375718 -0.894660,
                        0.009636 -0.337186 -0.909387,
                        0.009636 -0.390334 -0.888459,
                        0.009636 -0.399967 -0.884195,
                        0.009636 -0.414140 -0.877607,
                        0.009636 -0.429974 -0.870049,
                        -0.009631 -0.427759 -0.868984,
                        -0.009631 -0.452783 -0.856582,
                        -0.009631 -0.466292 -0.849702,
                        -0.009631 -0.475925 -0.844761,
                        -0.014154 -0.538374 -0.808524,
                        -0.029397 -0.550443 -0.796606,
                        -0.009631 -0.491316 -0.836622,
                        -0.009631 -0.503606 -0.829937,
                        -0.009631 -0.513239 -0.824511,
                        -0.009631 -0.561848 -0.792343,
                        -0.009631 -0.571481 -0.784689,
                        -0.009631 -0.583107 -0.775000,
                        -0.000410 -0.655079 -0.712893,
                        -0.005158 -0.675009 -0.694193,
                        -0.004233 -0.694165 -0.674912,
                        0.000240 -0.712877 -0.655049,
                        0.009636 -0.767576 -0.593718,
                        0.009636 -0.775880 -0.584125,
                        0.009636 -0.785513 -0.572499,
                        -0.009631 -0.784517 -0.571045,
                        0.009636 -0.584214 -0.775969,
                        0.009636 -0.593847 -0.767636,
                        -0.013329 -0.808322 -0.538006,
                        -0.021976 -0.829139 -0.502059,
                        -0.028598 -0.822938 -0.509326,
                        -0.009631 -0.792046 -0.561453,
                        -0.028898 -0.906647 -0.330854,
                        -0.028898 -0.911186 -0.317967,
                        -0.028898 -0.917719 -0.298686,
                        -0.028898 -0.903103 -0.340446,
                        -0.009631 -0.844751 -0.475899,
                        -0.009631 -0.856488 -0.452839,
                        -0.009631 -0.868889 -0.427841,
                        -0.009631 -0.887380 -0.387922,
                        -0.009631 -0.892474 -0.375811,
                        -0.009631 -0.900114 -0.356530,
                        -0.009631 -0.875201 -0.414276,
                        -0.009631 -0.882951 -0.397514,
                        -0.028898 -0.922812 -0.282893,
                        -0.028898 -0.925802 -0.273204,
                        -0.028898 -0.929567 -0.260123,
                        -0.028898 -0.934992 -0.240939,
                        -0.028898 -0.940086 -0.221658,
                        -0.028898 -0.943297 -0.209159,
                        -0.009631 -0.951490 -0.183096,
                        -0.005008 -0.944293 -0.212744,
                        -0.009631 -0.936875 -0.240939,
                        0.009636 -0.970978 0.016208,
                        -0.003059 -0.971089 0.016208,
                        0.009636 -0.937428 -0.240939,
                        0.028877 -0.931560 -0.260123,
                        0.028877 -0.924030 -0.286478,
                        0.028877 -0.875865 -0.414276,
                        0.048144 -0.855491 -0.452839,
                        0.028877 -0.892806 -0.375811,
                        0.028877 -0.887602 -0.388407,
                        0.028877 -0.883284 -0.398096,
                        0.048144 -0.830357 -0.504385,
                        0.048144 -0.825042 -0.514074,
                        0.065662 -0.813305 -0.530836,
                        0.048144 -0.844751 -0.475414,
                        0.048144 -0.837000 -0.491304,
                        0.058065 -0.809208 -0.539459,
                        0.065662 -0.802454 -0.547210,
                        0.067436 -0.791935 -0.561259,
                        0.067436 -0.784074 -0.570851,
                        0.067436 -0.774440 -0.582381,
                        0.009636 -0.901221 -0.356530,
                        0.009636 -0.905207 -0.345968,
                        0.009636 -0.908529 -0.336279,
                        0.009636 -0.921041 -0.298686,
                        0.009636 -0.924473 -0.287931,
                        0.009636 -0.914729 -0.317967,
                        0.048144 -0.775769 -0.583932,
                        0.048144 -0.767354 -0.593524,
                        0.048144 -0.757721 -0.604279,
                        0.048144 -0.712213 -0.654371,
                        0.055591 -0.693279 -0.674040,
                        0.057665 -0.674345 -0.693612,
                        0.067436 -0.673127 -0.692449,
                        0.086703 -0.640131 -0.716865,
                        0.097998 -0.617653 -0.733143,
                        0.104020 -0.605363 -0.740313,
                        0.097198 -0.597834 -0.751940,
                        0.095649 -0.577682 -0.770349,
                        0.107818 -0.570041 -0.767442,
                        0.102646 -0.564837 -0.775194,
                        0.099947 -0.543024 -0.792343,
                        0.112791 -0.536381 -0.787692,
                        0.115440 -0.500727 -0.809105,
                        0.118764 -0.487883 -0.812981,
                        0.122237 -0.433296 -0.838851,
                        0.119538 -0.414140 -0.852028,
                        0.121288 -0.393877 -0.858035,
                        0.126460 -0.375718 -0.857357,
                        0.127135 -0.317920 -0.876638,
                        0.132508 -0.337186 -0.861135,
                        0.128160 -0.258350 -0.893981,
                        0.129634 -0.240855 -0.897276,
                        0.120013 -0.240855 -0.910065,
                        0.121762 -0.221589 -0.912197,
                        0.125611 -0.183056 -0.915200,
                        0.122712 -0.105992 -0.933125,
                        0.122762 -0.088165 -0.936226,
                        0.128310 -0.065798 -0.932544,
                        0.117414 -0.067459 -0.945721,
                        0.092475 -0.048193 -0.961999,
                        0.094799 -0.028927 -0.962774,
                        0.116440 -0.082628 -0.944752,
                        0.105969 -0.067459 -0.952988,
                        0.085153 -0.028927 -0.965777,
                        0.067436 0.159860 -0.949693,
                        0.067436 0.067404 -0.968006,
                        0.063138 0.101729 -0.964227,
                        0.056366 0.114573 -0.963161,
                        0.068710 0.087778 -0.965293,
                        0.067436 0.028872 -0.970428,
                        0.067436 0.048138 -0.969556,
                        0.067436 0.009606 -0.970719,
                        0.067436 -0.009660 -0.970525,
                        0.067436 -0.028927 -0.969943,
                        -0.009631 -0.971089 0.016208,
                        -0.005808 0.159860 -0.956185,
                        0.009636 0.159860 -0.956573,
                        0.028877 0.159860 -0.955604,
                        0.028877 0.144469 -0.959382,
                        0.028877 0.130961 -0.962580,
                        0.028877 0.121328 -0.964421,
                        0.028877 0.105937 -0.967037,
                        0.048144 0.086671 -0.968296,
                        0.048144 0.067404 -0.970428,
                        0.048144 0.048138 -0.971881,
                        0.048144 0.028872 -0.972753,
                        0.048144 0.009606 -0.973044,
                        0.048144 -0.009660 -0.972947,
                        0.048144 -0.028927 -0.972366,
                        0.048144 -0.048193 -0.971494,
                        0.048144 -0.067459 -0.970040,
                        0.041447 -0.117507 -0.963646,
                        0.047994 -0.124483 -0.961708,
                        0.048144 -0.144524 -0.957735,
                        0.048644 -0.203541 -0.945915,
                        0.042547 -0.213838 -0.944461,
                        0.048144 -0.240855 -0.937679,
                        0.048144 -0.086725 -0.967715,
                        0.048144 -0.260121 -0.932641,
                        0.040223 -0.289685 -0.924986,
                        0.028877 -0.290460 -0.925180,
                        0.028877 -0.300093 -0.922176,
                        0.028877 -0.317920 -0.916266,
                        0.028877 -0.337186 -0.909581,
                        0.028877 -0.347705 -0.905802,
                        0.028877 -0.357338 -0.902217,
                        0.028877 -0.375718 -0.894950,
                        0.028877 -0.390888 -0.888652,
                        0.028877 -0.400521 -0.884389,
                        0.028877 -0.414140 -0.878091,
                        0.028877 -0.430749 -0.870340,
                        0.028877 -0.440382 -0.865689,
                        0.009636 -0.439607 -0.865302,
                        0.009636 -0.452783 -0.858713,
                        0.009636 -0.468396 -0.850865,
                        0.009636 -0.478029 -0.845827,
                        -0.001310 -0.539703 -0.809396,
                        -0.008481 -0.547343 -0.803001,
                        -0.008481 -0.531066 -0.813853,
                        0.009636 -0.491316 -0.838754,
                        0.009636 -0.505267 -0.831002,
                        0.009636 -0.514900 -0.825383,
                        0.009636 -0.562955 -0.793215,
                        0.009636 -0.572588 -0.785561,
                        0.009636 -0.645445 -0.721904,
                        0.009636 -0.655300 -0.713087,
                        0.009636 -0.664933 -0.704270,
                        0.009636 -0.604699 -0.758044,
                        0.009636 -0.675341 -0.694581,
                        0.009636 -0.694608 -0.675396,
                        0.013084 -0.712988 -0.655243,
                        0.028877 -0.767797 -0.594008,
                        0.009636 -0.757942 -0.604569,
                        0.028877 -0.776101 -0.584416,
                        0.028877 -0.785734 -0.572886,
                        0.028877 -0.793375 -0.563197,
                        0.009636 -0.793042 -0.562810,
                        0.028877 -0.584325 -0.776066,
                        0.028877 -0.593958 -0.767830,
                        -0.007982 -0.802565 -0.547210,
                        -0.000485 -0.809208 -0.539556,
                        -0.007982 -0.813637 -0.530836,
                        -0.009631 -0.824267 -0.513202,
                        -0.009631 -0.830025 -0.503609,
                        -0.009631 -0.836668 -0.491304,
                        -0.009631 -0.904653 -0.344418,
                        -0.009631 -0.913844 -0.317967,
                        -0.009631 -0.920266 -0.298686,
                        -0.009631 -0.924141 -0.286768,
                        0.009636 -0.838108 -0.491304,
                        0.009636 -0.845415 -0.477255,
                        0.009636 -0.857706 -0.452839,
                        0.009636 -0.850287 -0.467663,
                        0.009636 -0.869443 -0.428907,
                        0.009636 -0.876419 -0.414276,
                        0.009636 -0.883616 -0.398677,
                        0.009636 -0.887823 -0.388988,
                        0.009636 -0.893470 -0.375811,
                        -0.009631 -0.926909 -0.277079,
                        -0.009631 -0.931670 -0.260123,
                        0.009636 -0.932446 -0.260123,
                        0.009636 -0.927241 -0.278339,
                        0.028877 -0.864571 -0.438014,
                        0.028877 -0.830800 -0.505257,
                        0.028877 -0.845415 -0.477061,
                        0.028877 -0.838108 -0.491304,
                        0.028877 -0.825485 -0.514849,
                        0.048144 -0.815741 -0.529770,
                        0.028877 -0.857374 -0.452839,
                        0.028877 -0.850177 -0.467469,
                        0.048144 -0.809540 -0.539943,
                        0.048144 -0.802675 -0.549632,
                        0.048144 -0.793042 -0.562713,
                        0.048144 -0.785402 -0.572305,
                        0.028877 -0.758164 -0.604763,
                        0.036549 -0.712766 -0.654952,
                        0.042746 -0.694054 -0.674815,
                        0.048769 -0.701030 -0.666482,
                        0.044821 -0.674898 -0.694193,
                        0.039398 -0.655189 -0.712990,
                        0.048144 -0.604256 -0.757753,
                        0.067436 -0.612560 -0.747774,
                        0.086703 -0.629722 -0.726555,
                        0.086703 -0.609681 -0.745157,
                        0.086703 -0.600048 -0.753878,
                        0.088202 -0.587093 -0.764729,
                        0.082804 -0.580228 -0.772577,
                        0.086753 -0.568381 -0.780329,
                        0.090726 -0.555869 -0.787983,
                        0.096873 -0.520658 -0.809493,
                        0.104845 -0.528519 -0.798738,
                        0.111067 -0.510582 -0.806005,
                        0.099247 -0.484562 -0.830227,
                        0.112092 -0.476700 -0.825770,
                        0.116340 -0.463856 -0.829258,
                        0.117114 -0.426874 -0.849218,
                        0.118964 -0.452783 -0.832359,
                        0.116090 -0.386791 -0.867433,
                        0.117864 -0.375718 -0.869274,
                        0.120588 -0.356452 -0.872569,
                        0.122012 -0.336854 -0.877607,
                        0.118214 -0.317920 -0.888943,
                        0.121563 -0.278280 -0.896791,
                        0.115840 -0.193686 -0.924986,
                        0.116940 -0.183056 -0.926052,
                        0.117564 -0.260121 -0.907449,
                        0.118714 -0.163790 -0.927796,
                        0.120163 -0.144524 -0.929443,
                        0.115415 -0.095473 -0.943880,
                        0.082854 -0.048193 -0.965099,
                        0.089726 -0.067459 -0.961030,
                        0.080105 -0.067459 -0.964324,
                        0.107793 -0.088165 -0.949403,
                        0.067436 -0.048193 -0.968781,
                        0.048144 0.159860 -0.953278,
                        0.043521 0.118227 -0.963839,
                        0.049219 0.124871 -0.961708,
                        0.049219 0.107265 -0.965099,
                        0.048144 0.144469 -0.957057,
                        0.067436 -0.067459 -0.967231,
                        0.047994 -0.106656 -0.964711,
                        0.054291 -0.113521 -0.962967,
                        0.055391 -0.210738 -0.943783,
                        0.048644 -0.220814 -0.942330,
                        0.067436 -0.240855 -0.934966,
                        0.067436 -0.260121 -0.930121,
                        0.067686 -0.086282 -0.964905,
                        0.061438 -0.100677 -0.964033,
                        0.053067 -0.287360 -0.924308,
                        0.047245 -0.280384 -0.927021,
                        0.047245 -0.297104 -0.921886,
                        0.048144 -0.317920 -0.915200,
                        0.040023 -0.347151 -0.905608,
                        0.047145 -0.354791 -0.902217,
                        0.048144 -0.375718 -0.893884,
                        0.048144 -0.389670 -0.888071,
                        0.048144 -0.399303 -0.884002,
                        0.048144 -0.414140 -0.877413,
                        0.048144 -0.430085 -0.869952,
                        0.048144 -0.439718 -0.865399,
                        0.048144 -0.452783 -0.858907,
                        0.028877 -0.452783 -0.859488,
                        0.028877 -0.469060 -0.851156,
                        0.028877 -0.478693 -0.846214,
                        0.009636 -0.540256 -0.809687,
                        0.009636 -0.549889 -0.802807,
                        0.009636 -0.529848 -0.816372,
                        0.028877 -0.491316 -0.839432,
                        0.028877 -0.505821 -0.831293,
                        0.028877 -0.515454 -0.825577,
                        0.028877 -0.563066 -0.793312,
                        0.028877 -0.572699 -0.785658,
                        0.028877 -0.655411 -0.713184,
                        0.028877 -0.675341 -0.694581,
                        0.028877 -0.684974 -0.684892,
                        0.028877 -0.694497 -0.675299,
                        0.023705 -0.712988 -0.655243,
                        0.028877 -0.803008 -0.550020,
                        0.009636 -0.802675 -0.549632,
                        0.048144 -0.583771 -0.775484,
                        0.048144 -0.593405 -0.767345,
                        0.009636 -0.809540 -0.540040,
                        0.009636 -0.815962 -0.529770,
                        0.009636 -0.825263 -0.514558,
                        0.009636 -0.830689 -0.504966,
                        0.028877 -0.816516 -0.529770,
                        0.028877 -0.809873 -0.540428,
                        0.029627 -0.705791 -0.662897,
                        0.067436 -0.602927 -0.756397,
                        0.067436 -0.582332 -0.774322,
                        0.067436 -0.570152 -0.783914,
                        0.077881 -0.559080 -0.790212,
                        0.067436 -0.591965 -0.766086,
                        0.085253 -0.549336 -0.794572,
                        0.086703 -0.533391 -0.805133,
                        0.086703 -0.523758 -0.811431,
                        0.090326 -0.497406 -0.826158,
                        0.085028 -0.491094 -0.831874,
                        0.086353 -0.471053 -0.842629,
                        0.092550 -0.459980 -0.846408,
                        0.100047 -0.447136 -0.849799,
                        0.112891 -0.439718 -0.845730,
                        0.106269 -0.433296 -0.853094,
                        0.105919 -0.414583 -0.862104,
                        0.112317 -0.399635 -0.864817,
                        0.096948 -0.367082 -0.886618,
                        0.100147 -0.356452 -0.888555,
                        0.113616 -0.343055 -0.884777,
                        0.116565 -0.330210 -0.887199,
                        0.113741 -0.206530 -0.923436,
                        0.111017 -0.221589 -0.921789,
                        0.101396 -0.221589 -0.927602,
                        0.106769 -0.200994 -0.928765,
                        0.105969 -0.183056 -0.932834,
                        0.101171 -0.125258 -0.946980,
                        0.115965 -0.270972 -0.905899,
                        0.104195 -0.105992 -0.948724,
                        0.086703 -0.105992 -0.956766,
                        0.085353 -0.086282 -0.960158,
                        0.078056 -0.079528 -0.963646,
                        0.067436 -0.125258 -0.958510,
                        0.062663 -0.197894 -0.945140,
                        0.067436 -0.221589 -0.939229,
                        0.082304 -0.260121 -0.926537,
                        0.078106 -0.270972 -0.925180,
                        0.067436 -0.274183 -0.926149,
                        0.074283 -0.092372 -0.962774,
                        0.067686 -0.106656 -0.961805,
                        0.067436 -0.283816 -0.923145,
                        0.067436 -0.298654 -0.918495,
                        0.067436 -0.317920 -0.912294,
                        0.052867 -0.345712 -0.905124,
                        0.047145 -0.338515 -0.908127,
                        0.068910 -0.377490 -0.890396,
                        0.063488 -0.387566 -0.887102,
                        0.067436 -0.356452 -0.898923,
                        0.067436 -0.414140 -0.875185,
                        0.067436 -0.427981 -0.868984,
                        0.067436 -0.452783 -0.856775,
                        0.048144 -0.468506 -0.850962,
                        0.048144 -0.478139 -0.845827,
                        0.048144 -0.491316 -0.838754,
                        0.028877 -0.529848 -0.816663,
                        0.028877 -0.540367 -0.809880,
                        0.028877 -0.550000 -0.802904,
                        0.048144 -0.505156 -0.831002,
                        0.048144 -0.514790 -0.825189,
                        0.042572 -0.539924 -0.809590,
                        0.048144 -0.562291 -0.792731,
                        0.048144 -0.571924 -0.785173,
                        0.067436 -0.560519 -0.791277,
                        0.067436 -0.549114 -0.799707,
                        0.067436 -0.537599 -0.807943,
                        0.077482 -0.501170 -0.828580,
                        0.079706 -0.463967 -0.848540,
                        0.086353 -0.453226 -0.851931,
                        0.086453 -0.432631 -0.862298,
                        0.092725 -0.421227 -0.865883,
                        0.099472 -0.408382 -0.868596,
                        0.105919 -0.393877 -0.870824,
                        0.086703 -0.381144 -0.884583,
                        0.086703 -0.371511 -0.888362,
                        0.086703 -0.356452 -0.894078,
                        0.097273 -0.309837 -0.905996,
                        0.106694 -0.336854 -0.891171,
                        0.100197 -0.298654 -0.907837,
                        0.113366 -0.283816 -0.903767,
                        0.105345 -0.242294 -0.920626,
                        0.095849 -0.249713 -0.924599,
                        0.096148 -0.153825 -0.943977,
                        0.098547 -0.140981 -0.945333,
                        0.106544 -0.278280 -0.909871,
                        0.105969 -0.260121 -0.915491,
                        0.086703 -0.125258 -0.953181,
                        0.079880 -0.178184 -0.944946,
                        0.075507 -0.191029 -0.943686,
                        0.068410 -0.203541 -0.942717,
                        0.086703 -0.221589 -0.933803,
                        0.088327 -0.242294 -0.928765,
                        0.091950 -0.260121 -0.923145,
                        0.085403 -0.278169 -0.920239,
                        0.086703 -0.298654 -0.913359,
                        0.085653 -0.316923 -0.907740,
                        0.078531 -0.329103 -0.905996,
                        0.067436 -0.342279 -0.904058,
                        0.076332 -0.385130 -0.886133,
                        0.068910 -0.394431 -0.883420,
                        0.079880 -0.425545 -0.867821,
                        0.067436 -0.466403 -0.849799,
                        0.067436 -0.476036 -0.844664,
                        0.067436 -0.491316 -0.836235,
                        0.067436 -0.502831 -0.829646,
                        0.067436 -0.512464 -0.823833,
                        0.055416 -0.539149 -0.809008,
                        0.048669 -0.547454 -0.803582,
                        0.067436 -0.527966 -0.814144,
                        0.086453 -0.414583 -0.870631,
                        0.086703 -0.394985 -0.878866,
                        0.091401 -0.322681 -0.903767,
                        0.086703 -0.202323 -0.937776,
                        0.093500 -0.163790 -0.943105,
                        0.086453 -0.183942 -0.941555,
                    ]
                }
                coordIndex [ 
                        0, 1, 4, -1,
                        0, 4, 13, -1,
                        0, 13, 12, -1,
                        0, 12, 41, -1,
                        0, 41, 74, -1,
                        0, 74, 136, -1,
                        0, 136, 208, -1,
                        0, 208, 303, -1,
                        0, 303, 416, -1,
                        0, 416, 550, -1,
                        0, 550, 699, -1,
                        0, 699, 867, -1,
                        0, 867, 1036, -1,
                        0, 1036, 1186, -1,
                        0, 1186, 1049, -1,
                        0, 1049, 1048, -1,
                        0, 1048, 1047, -1,
                        0, 1047, 886, -1,
                        0, 886, 719, -1,
                        0, 719, 718, -1,
                        0, 718, 568, -1,
                        0, 568, 567, -1,
                        0, 567, 566, -1,
                        0, 566, 434, -1,
                        0, 434, 318, -1,
                        0, 318, 223, -1,
                        0, 223, 221, -1,
                        0, 221, 145, -1,
                        0, 145, 85, -1,
                        0, 85, 48, -1,
                        0, 48, 25, -1,
                        0, 25, 5, -1,
                        0, 5, 2, -1,
                        0, 2, 8, -1,
                        0, 8, 32, -1,
                        0, 32, 31, -1,
                        0, 31, 23, -1,
                        0, 23, 22, -1,
                        0, 22, 21, -1,
                        0, 21, 20, -1,
                        0, 20, 19, -1,
                        0, 19, 18, -1,
                        0, 18, 47, -1,
                        0, 47, 46, -1,
                        0, 46, 78, -1,
                        0, 78, 45, -1,
                        0, 45, 84, -1,
                        0, 84, 144, -1,
                        0, 144, 220, -1,
                        0, 220, 315, -1,
                        0, 315, 430, -1,
                        0, 430, 563, -1,
                        0, 563, 565, -1,
                        0, 565, 717, -1,
                        0, 717, 885, -1,
                        0, 885, 1046, -1,
                        0, 1046, 973, -1,
                        0, 973, 972, -1,
                        0, 972, 800, -1,
                        0, 800, 637, -1,
                        0, 637, 495, -1,
                        0, 495, 494, -1,
                        0, 494, 372, -1,
                        0, 372, 371, -1,
                        0, 371, 270, -1,
                        0, 270, 185, -1,
                        0, 185, 118, -1,
                        0, 118, 62, -1,
                        0, 62, 33, -1,
                        0, 33, 9, -1,
                        0, 9, 3, -1,
                        0, 3, 1, -1,
                        1, 3, 4, -1,
                        2, 5, 6, -1,
                        2, 6, 7, -1,
                        2, 7, 8, -1,
                        3, 9, 10, -1,
                        3, 10, 11, -1,
                        3, 11, 12, -1,
                        3, 12, 13, -1,
                        3, 13, 4, -1,
                        5, 14, 15, -1,
                        5, 15, 16, -1,
                        5, 16, 17, -1,
                        5, 17, 18, -1,
                        5, 18, 19, -1,
                        5, 19, 20, -1,
                        5, 20, 21, -1,
                        5, 21, 22, -1,
                        5, 22, 23, -1,
                        5, 23, 24, -1,
                        5, 24, 7, -1,
                        5, 7, 6, -1,
                        5, 25, 26, -1,
                        5, 26, 27, -1,
                        5, 27, 28, -1,
                        5, 28, 29, -1,
                        5, 29, 30, -1,
                        5, 30, 14, -1,
                        7, 24, 23, -1,
                        7, 23, 31, -1,
                        7, 31, 32, -1,
                        7, 32, 8, -1,
                        9, 33, 10, -1,
                        10, 33, 34, -1,
                        10, 34, 35, -1,
                        10, 35, 36, -1,
                        10, 36, 37, -1,
                        10, 37, 38, -1,
                        10, 38, 39, -1,
                        10, 39, 11, -1,
                        11, 39, 40, -1,
                        11, 40, 12, -1,
                        12, 40, 41, -1,
                        14, 42, 15, -1,
                        14, 30, 43, -1,
                        14, 43, 44, -1,
                        14, 44, 45, -1,
                        14, 45, 42, -1,
                        15, 42, 16, -1,
                        16, 42, 46, -1,
                        16, 46, 47, -1,
                        16, 47, 18, -1,
                        16, 18, 17, -1,
                        25, 48, 26, -1,
                        26, 49, 50, -1,
                        26, 50, 27, -1,
                        26, 48, 49, -1,
                        27, 50, 51, -1,
                        27, 51, 52, -1,
                        27, 52, 28, -1,
                        28, 52, 53, -1,
                        28, 53, 54, -1,
                        28, 54, 29, -1,
                        29, 54, 55, -1,
                        29, 55, 56, -1,
                        29, 56, 30, -1,
                        30, 57, 58, -1,
                        30, 58, 59, -1,
                        30, 59, 60, -1,
                        30, 60, 61, -1,
                        30, 61, 43, -1,
                        30, 56, 57, -1,
                        33, 36, 34, -1,
                        33, 62, 36, -1,
                        34, 36, 35, -1,
                        36, 62, 63, -1,
                        36, 63, 64, -1,
                        36, 64, 65, -1,
                        36, 65, 37, -1,
                        37, 65, 66, -1,
                        37, 66, 67, -1,
                        37, 67, 38, -1,
                        38, 68, 69, -1,
                        38, 69, 70, -1,
                        38, 70, 39, -1,
                        38, 67, 68, -1,
                        39, 70, 71, -1,
                        39, 71, 40, -1,
                        40, 71, 72, -1,
                        40, 72, 73, -1,
                        40, 73, 41, -1,
                        41, 73, 75, -1,
                        41, 75, 76, -1,
                        41, 76, 77, -1,
                        41, 77, 74, -1,
                        42, 78, 46, -1,
                        42, 45, 78, -1,
                        43, 61, 79, -1,
                        43, 79, 80, -1,
                        43, 80, 81, -1,
                        43, 81, 82, -1,
                        43, 82, 45, -1,
                        43, 45, 44, -1,
                        45, 82, 83, -1,
                        45, 83, 84, -1,
                        48, 85, 86, -1,
                        48, 86, 49, -1,
                        49, 86, 87, -1,
                        49, 87, 88, -1,
                        49, 88, 89, -1,
                        49, 89, 90, -1,
                        49, 90, 50, -1,
                        50, 90, 51, -1,
                        51, 89, 91, -1,
                        51, 91, 92, -1,
                        51, 92, 52, -1,
                        51, 90, 89, -1,
                        52, 92, 93, -1,
                        52, 93, 53, -1,
                        53, 93, 94, -1,
                        53, 94, 54, -1,
                        54, 94, 55, -1,
                        55, 95, 96, -1,
                        55, 96, 97, -1,
                        55, 97, 56, -1,
                        55, 94, 98, -1,
                        55, 98, 95, -1,
                        56, 97, 99, -1,
                        56, 99, 100, -1,
                        56, 100, 57, -1,
                        57, 100, 101, -1,
                        57, 101, 102, -1,
                        57, 102, 103, -1,
                        57, 103, 58, -1,
                        58, 103, 104, -1,
                        58, 104, 105, -1,
                        58, 105, 59, -1,
                        59, 105, 106, -1,
                        59, 106, 107, -1,
                        59, 107, 108, -1,
                        59, 108, 109, -1,
                        59, 109, 110, -1,
                        59, 110, 111, -1,
                        59, 111, 60, -1,
                        60, 112, 113, -1,
                        60, 113, 114, -1,
                        60, 114, 115, -1,
                        60, 115, 116, -1,
                        60, 116, 117, -1,
                        60, 117, 61, -1,
                        60, 111, 112, -1,
                        61, 117, 79, -1,
                        62, 118, 63, -1,
                        63, 118, 64, -1,
                        64, 118, 119, -1,
                        64, 119, 65, -1,
                        65, 119, 120, -1,
                        65, 120, 121, -1,
                        65, 121, 66, -1,
                        66, 121, 122, -1,
                        66, 122, 123, -1,
                        66, 123, 67, -1,
                        67, 123, 68, -1,
                        68, 124, 125, -1,
                        68, 125, 126, -1,
                        68, 126, 69, -1,
                        68, 123, 124, -1,
                        69, 126, 127, -1,
                        69, 127, 128, -1,
                        69, 128, 129, -1,
                        69, 129, 70, -1,
                        70, 129, 130, -1,
                        70, 130, 71, -1,
                        71, 130, 129, -1,
                        71, 129, 131, -1,
                        71, 131, 132, -1,
                        71, 132, 133, -1,
                        71, 133, 134, -1,
                        71, 134, 75, -1,
                        71, 75, 135, -1,
                        71, 135, 73, -1,
                        71, 73, 72, -1,
                        73, 135, 75, -1,
                        74, 77, 137, -1,
                        74, 137, 138, -1,
                        74, 138, 136, -1,
                        75, 134, 207, -1,
                        75, 207, 139, -1,
                        75, 139, 76, -1,
                        76, 139, 137, -1,
                        76, 137, 77, -1,
                        79, 117, 83, -1,
                        79, 83, 80, -1,
                        80, 83, 81, -1,
                        81, 83, 82, -1,
                        83, 140, 141, -1,
                        83, 141, 142, -1,
                        83, 142, 143, -1,
                        83, 143, 84, -1,
                        83, 117, 140, -1,
                        84, 143, 144, -1,
                        85, 145, 146, -1,
                        85, 146, 147, -1,
                        85, 147, 86, -1,
                        86, 147, 148, -1,
                        86, 148, 87, -1,
                        87, 149, 150, -1,
                        87, 150, 88, -1,
                        87, 148, 149, -1,
                        88, 150, 151, -1,
                        88, 151, 89, -1,
                        89, 151, 152, -1,
                        89, 152, 153, -1,
                        89, 153, 154, -1,
                        89, 154, 92, -1,
                        89, 92, 91, -1,
                        92, 155, 93, -1,
                        92, 154, 155, -1,
                        93, 155, 156, -1,
                        93, 156, 157, -1,
                        93, 157, 158, -1,
                        93, 158, 94, -1,
                        94, 158, 98, -1,
                        95, 98, 96, -1,
                        96, 159, 160, -1,
                        96, 160, 161, -1,
                        96, 161, 162, -1,
                        96, 162, 97, -1,
                        96, 98, 163, -1,
                        96, 163, 164, -1,
                        96, 164, 165, -1,
                        96, 165, 166, -1,
                        96, 166, 159, -1,
                        97, 162, 167, -1,
                        97, 167, 100, -1,
                        97, 100, 99, -1,
                        98, 158, 163, -1,
                        100, 167, 168, -1,
                        100, 168, 101, -1,
                        101, 169, 170, -1,
                        101, 170, 102, -1,
                        101, 168, 169, -1,
                        102, 170, 171, -1,
                        102, 171, 103, -1,
                        103, 171, 104, -1,
                        104, 171, 172, -1,
                        104, 172, 173, -1,
                        104, 173, 105, -1,
                        105, 173, 174, -1,
                        105, 174, 106, -1,
                        106, 174, 175, -1,
                        106, 175, 107, -1,
                        107, 175, 108, -1,
                        108, 175, 109, -1,
                        109, 175, 110, -1,
                        110, 175, 176, -1,
                        110, 176, 177, -1,
                        110, 177, 112, -1,
                        110, 112, 111, -1,
                        112, 178, 179, -1,
                        112, 179, 113, -1,
                        112, 177, 180, -1,
                        112, 180, 178, -1,
                        113, 179, 181, -1,
                        113, 181, 114, -1,
                        114, 181, 182, -1,
                        114, 182, 183, -1,
                        114, 183, 115, -1,
                        115, 183, 182, -1,
                        115, 182, 184, -1,
                        115, 184, 116, -1,
                        116, 184, 117, -1,
                        117, 184, 140, -1,
                        118, 185, 186, -1,
                        118, 186, 119, -1,
                        119, 186, 187, -1,
                        119, 187, 188, -1,
                        119, 188, 120, -1,
                        120, 188, 189, -1,
                        120, 189, 121, -1,
                        121, 189, 190, -1,
                        121, 190, 122, -1,
                        122, 191, 123, -1,
                        122, 190, 192, -1,
                        122, 192, 193, -1,
                        122, 193, 191, -1,
                        123, 191, 194, -1,
                        123, 194, 195, -1,
                        123, 195, 124, -1,
                        124, 195, 196, -1,
                        124, 196, 125, -1,
                        125, 196, 197, -1,
                        125, 197, 126, -1,
                        126, 197, 198, -1,
                        126, 198, 127, -1,
                        127, 199, 200, -1,
                        127, 200, 128, -1,
                        127, 198, 199, -1,
                        128, 200, 201, -1,
                        128, 201, 202, -1,
                        128, 202, 129, -1,
                        129, 202, 131, -1,
                        131, 202, 132, -1,
                        132, 203, 204, -1,
                        132, 204, 133, -1,
                        132, 202, 203, -1,
                        133, 204, 205, -1,
                        133, 205, 206, -1,
                        133, 206, 134, -1,
                        134, 206, 207, -1,
                        136, 138, 209, -1,
                        136, 209, 208, -1,
                        137, 210, 211, -1,
                        137, 211, 138, -1,
                        137, 139, 210, -1,
                        138, 211, 209, -1,
                        139, 212, 210, -1,
                        139, 207, 212, -1,
                        140, 184, 142, -1,
                        140, 142, 141, -1,
                        142, 184, 182, -1,
                        142, 182, 181, -1,
                        142, 181, 213, -1,
                        142, 213, 214, -1,
                        142, 214, 215, -1,
                        142, 215, 216, -1,
                        142, 216, 217, -1,
                        142, 217, 218, -1,
                        142, 218, 143, -1,
                        143, 218, 219, -1,
                        143, 219, 220, -1,
                        143, 220, 144, -1,
                        145, 221, 148, -1,
                        145, 148, 147, -1,
                        145, 147, 146, -1,
                        148, 222, 149, -1,
                        148, 221, 223, -1,
                        148, 223, 224, -1,
                        148, 224, 222, -1,
                        149, 222, 225, -1,
                        149, 225, 226, -1,
                        149, 226, 150, -1,
                        150, 226, 227, -1,
                        150, 227, 151, -1,
                        151, 227, 228, -1,
                        151, 228, 229, -1,
                        151, 229, 152, -1,
                        152, 229, 153, -1,
                        153, 229, 230, -1,
                        153, 230, 154, -1,
                        154, 230, 231, -1,
                        154, 231, 155, -1,
                        155, 231, 232, -1,
                        155, 232, 156, -1,
                        156, 232, 157, -1,
                        157, 232, 233, -1,
                        157, 233, 234, -1,
                        157, 234, 158, -1,
                        158, 234, 163, -1,
                        159, 235, 160, -1,
                        159, 166, 235, -1,
                        160, 235, 236, -1,
                        160, 236, 161, -1,
                        161, 236, 237, -1,
                        161, 237, 162, -1,
                        162, 237, 238, -1,
                        162, 238, 168, -1,
                        162, 168, 167, -1,
                        163, 234, 165, -1,
                        163, 165, 164, -1,
                        165, 234, 239, -1,
                        165, 239, 240, -1,
                        165, 240, 166, -1,
                        166, 240, 241, -1,
                        166, 241, 242, -1,
                        166, 242, 235, -1,
                        168, 238, 237, -1,
                        168, 237, 243, -1,
                        168, 243, 244, -1,
                        168, 244, 245, -1,
                        168, 245, 169, -1,
                        169, 246, 170, -1,
                        169, 245, 247, -1,
                        169, 247, 246, -1,
                        170, 246, 248, -1,
                        170, 248, 172, -1,
                        170, 172, 171, -1,
                        172, 248, 249, -1,
                        172, 249, 250, -1,
                        172, 250, 251, -1,
                        172, 251, 252, -1,
                        172, 252, 173, -1,
                        173, 252, 174, -1,
                        174, 252, 253, -1,
                        174, 253, 175, -1,
                        175, 253, 176, -1,
                        176, 254, 255, -1,
                        176, 255, 177, -1,
                        176, 253, 254, -1,
                        177, 256, 178, -1,
                        177, 178, 180, -1,
                        177, 255, 257, -1,
                        177, 257, 258, -1,
                        177, 258, 256, -1,
                        178, 259, 260, -1,
                        178, 260, 261, -1,
                        178, 261, 179, -1,
                        178, 256, 259, -1,
                        179, 261, 262, -1,
                        179, 262, 263, -1,
                        179, 263, 264, -1,
                        179, 264, 265, -1,
                        179, 265, 181, -1,
                        181, 265, 266, -1,
                        181, 266, 267, -1,
                        181, 267, 214, -1,
                        181, 214, 268, -1,
                        181, 268, 269, -1,
                        181, 269, 213, -1,
                        185, 270, 186, -1,
                        186, 270, 271, -1,
                        186, 271, 187, -1,
                        187, 271, 272, -1,
                        187, 272, 188, -1,
                        188, 272, 273, -1,
                        188, 273, 189, -1,
                        189, 273, 190, -1,
                        190, 273, 274, -1,
                        190, 274, 192, -1,
                        191, 193, 275, -1,
                        191, 275, 194, -1,
                        192, 274, 276, -1,
                        192, 276, 193, -1,
                        193, 276, 277, -1,
                        193, 277, 275, -1,
                        194, 275, 278, -1,
                        194, 278, 279, -1,
                        194, 279, 196, -1,
                        194, 196, 195, -1,
                        196, 280, 281, -1,
                        196, 281, 282, -1,
                        196, 282, 197, -1,
                        196, 279, 283, -1,
                        196, 283, 284, -1,
                        196, 284, 285, -1,
                        196, 285, 286, -1,
                        196, 286, 280, -1,
                        197, 282, 198, -1,
                        198, 282, 287, -1,
                        198, 287, 199, -1,
                        199, 288, 289, -1,
                        199, 289, 290, -1,
                        199, 290, 201, -1,
                        199, 201, 200, -1,
                        199, 287, 288, -1,
                        201, 290, 289, -1,
                        201, 289, 291, -1,
                        201, 291, 202, -1,
                        202, 291, 292, -1,
                        202, 292, 293, -1,
                        202, 293, 203, -1,
                        203, 293, 294, -1,
                        203, 294, 295, -1,
                        203, 295, 296, -1,
                        203, 296, 297, -1,
                        203, 297, 204, -1,
                        204, 297, 298, -1,
                        204, 298, 299, -1,
                        204, 299, 205, -1,
                        205, 299, 300, -1,
                        205, 300, 206, -1,
                        206, 300, 302, -1,
                        206, 302, 207, -1,
                        207, 301, 212, -1,
                        207, 302, 301, -1,
                        208, 209, 304, -1,
                        208, 304, 303, -1,
                        209, 211, 305, -1,
                        209, 305, 304, -1,
                        210, 306, 211, -1,
                        210, 212, 307, -1,
                        210, 307, 306, -1,
                        211, 306, 305, -1,
                        212, 301, 307, -1,
                        213, 269, 214, -1,
                        214, 269, 268, -1,
                        214, 267, 308, -1,
                        214, 308, 309, -1,
                        214, 309, 215, -1,
                        215, 309, 310, -1,
                        215, 310, 216, -1,
                        216, 218, 217, -1,
                        216, 310, 311, -1,
                        216, 311, 218, -1,
                        218, 311, 312, -1,
                        218, 312, 313, -1,
                        218, 313, 219, -1,
                        219, 313, 220, -1,
                        220, 313, 314, -1,
                        220, 314, 315, -1,
                        222, 224, 223, -1,
                        222, 223, 316, -1,
                        222, 316, 317, -1,
                        222, 317, 225, -1,
                        223, 318, 316, -1,
                        225, 317, 319, -1,
                        225, 319, 320, -1,
                        225, 320, 226, -1,
                        226, 320, 227, -1,
                        227, 320, 321, -1,
                        227, 321, 228, -1,
                        228, 321, 322, -1,
                        228, 322, 229, -1,
                        229, 322, 323, -1,
                        229, 323, 230, -1,
                        230, 323, 231, -1,
                        231, 324, 325, -1,
                        231, 325, 232, -1,
                        231, 323, 324, -1,
                        232, 325, 326, -1,
                        232, 326, 233, -1,
                        233, 326, 327, -1,
                        233, 327, 239, -1,
                        233, 239, 234, -1,
                        235, 242, 241, -1,
                        235, 241, 328, -1,
                        235, 328, 329, -1,
                        235, 329, 236, -1,
                        236, 244, 237, -1,
                        236, 329, 244, -1,
                        237, 244, 243, -1,
                        239, 327, 330, -1,
                        239, 330, 240, -1,
                        240, 330, 331, -1,
                        240, 331, 241, -1,
                        241, 331, 332, -1,
                        241, 332, 328, -1,
                        244, 329, 333, -1,
                        244, 333, 334, -1,
                        244, 334, 335, -1,
                        244, 335, 336, -1,
                        244, 336, 337, -1,
                        244, 337, 338, -1,
                        244, 338, 339, -1,
                        244, 339, 340, -1,
                        244, 340, 245, -1,
                        245, 340, 247, -1,
                        246, 341, 342, -1,
                        246, 342, 343, -1,
                        246, 343, 248, -1,
                        246, 247, 344, -1,
                        246, 344, 341, -1,
                        247, 340, 344, -1,
                        248, 343, 249, -1,
                        249, 343, 345, -1,
                        249, 345, 250, -1,
                        250, 345, 346, -1,
                        250, 346, 347, -1,
                        250, 347, 251, -1,
                        251, 347, 348, -1,
                        251, 348, 252, -1,
                        252, 348, 349, -1,
                        252, 349, 253, -1,
                        253, 349, 254, -1,
                        254, 349, 348, -1,
                        254, 348, 255, -1,
                        255, 350, 351, -1,
                        255, 351, 257, -1,
                        255, 348, 350, -1,
                        256, 258, 352, -1,
                        256, 352, 353, -1,
                        256, 353, 259, -1,
                        257, 351, 354, -1,
                        257, 354, 258, -1,
                        258, 355, 356, -1,
                        258, 356, 352, -1,
                        258, 354, 355, -1,
                        259, 353, 357, -1,
                        259, 357, 358, -1,
                        259, 358, 359, -1,
                        259, 359, 260, -1,
                        260, 359, 261, -1,
                        261, 360, 361, -1,
                        261, 361, 262, -1,
                        261, 359, 362, -1,
                        261, 362, 363, -1,
                        261, 363, 364, -1,
                        261, 364, 360, -1,
                        262, 361, 365, -1,
                        262, 365, 263, -1,
                        263, 365, 366, -1,
                        263, 366, 367, -1,
                        263, 367, 264, -1,
                        264, 367, 266, -1,
                        264, 266, 265, -1,
                        266, 368, 369, -1,
                        266, 369, 370, -1,
                        266, 370, 308, -1,
                        266, 308, 267, -1,
                        266, 367, 366, -1,
                        266, 366, 365, -1,
                        266, 365, 368, -1,
                        270, 371, 271, -1,
                        271, 371, 372, -1,
                        271, 372, 373, -1,
                        271, 373, 374, -1,
                        271, 374, 272, -1,
                        272, 374, 375, -1,
                        272, 375, 273, -1,
                        273, 375, 376, -1,
                        273, 376, 377, -1,
                        273, 377, 378, -1,
                        273, 378, 274, -1,
                        274, 378, 377, -1,
                        274, 377, 379, -1,
                        274, 379, 276, -1,
                        275, 277, 380, -1,
                        275, 380, 381, -1,
                        275, 381, 382, -1,
                        275, 382, 383, -1,
                        275, 383, 278, -1,
                        276, 379, 384, -1,
                        276, 384, 385, -1,
                        276, 385, 277, -1,
                        277, 385, 386, -1,
                        277, 386, 387, -1,
                        277, 387, 380, -1,
                        278, 383, 279, -1,
                        279, 383, 382, -1,
                        279, 382, 283, -1,
                        280, 388, 281, -1,
                        280, 286, 389, -1,
                        280, 389, 388, -1,
                        281, 388, 390, -1,
                        281, 390, 282, -1,
                        282, 391, 392, -1,
                        282, 392, 287, -1,
                        282, 390, 393, -1,
                        282, 393, 391, -1,
                        283, 382, 284, -1,
                        284, 382, 394, -1,
                        284, 394, 286, -1,
                        284, 286, 285, -1,
                        286, 394, 395, -1,
                        286, 395, 389, -1,
                        287, 392, 288, -1,
                        288, 392, 396, -1,
                        288, 396, 397, -1,
                        288, 397, 289, -1,
                        289, 398, 291, -1,
                        289, 397, 399, -1,
                        289, 399, 400, -1,
                        289, 400, 401, -1,
                        289, 401, 398, -1,
                        291, 398, 292, -1,
                        292, 398, 293, -1,
                        293, 402, 294, -1,
                        293, 398, 402, -1,
                        294, 402, 403, -1,
                        294, 403, 295, -1,
                        295, 403, 296, -1,
                        296, 403, 404, -1,
                        296, 404, 405, -1,
                        296, 405, 297, -1,
                        297, 405, 406, -1,
                        297, 406, 298, -1,
                        298, 406, 407, -1,
                        298, 407, 408, -1,
                        298, 408, 409, -1,
                        298, 409, 299, -1,
                        299, 409, 410, -1,
                        299, 410, 411, -1,
                        299, 411, 412, -1,
                        299, 412, 300, -1,
                        300, 412, 302, -1,
                        301, 413, 307, -1,
                        301, 302, 414, -1,
                        301, 414, 413, -1,
                        302, 412, 415, -1,
                        302, 415, 414, -1,
                        303, 304, 417, -1,
                        303, 417, 416, -1,
                        304, 305, 417, -1,
                        305, 418, 417, -1,
                        305, 306, 418, -1,
                        306, 419, 418, -1,
                        306, 307, 419, -1,
                        307, 420, 419, -1,
                        307, 413, 420, -1,
                        308, 421, 422, -1,
                        308, 422, 309, -1,
                        308, 370, 421, -1,
                        309, 422, 423, -1,
                        309, 423, 310, -1,
                        310, 423, 424, -1,
                        310, 424, 311, -1,
                        311, 424, 425, -1,
                        311, 425, 426, -1,
                        311, 426, 312, -1,
                        312, 426, 427, -1,
                        312, 427, 428, -1,
                        312, 428, 313, -1,
                        313, 428, 314, -1,
                        314, 428, 429, -1,
                        314, 429, 315, -1,
                        315, 429, 430, -1,
                        316, 318, 431, -1,
                        316, 431, 432, -1,
                        316, 432, 317, -1,
                        317, 432, 433, -1,
                        317, 433, 319, -1,
                        318, 434, 431, -1,
                        319, 433, 435, -1,
                        319, 435, 436, -1,
                        319, 436, 437, -1,
                        319, 437, 438, -1,
                        319, 438, 320, -1,
                        320, 438, 439, -1,
                        320, 439, 321, -1,
                        321, 439, 440, -1,
                        321, 440, 322, -1,
                        322, 440, 323, -1,
                        323, 440, 441, -1,
                        323, 441, 442, -1,
                        323, 442, 324, -1,
                        324, 442, 325, -1,
                        325, 443, 444, -1,
                        325, 444, 326, -1,
                        325, 442, 443, -1,
                        326, 444, 327, -1,
                        327, 444, 445, -1,
                        327, 445, 330, -1,
                        328, 332, 446, -1,
                        328, 446, 447, -1,
                        328, 447, 329, -1,
                        329, 447, 334, -1,
                        329, 334, 333, -1,
                        330, 445, 448, -1,
                        330, 448, 331, -1,
                        331, 449, 450, -1,
                        331, 450, 332, -1,
                        331, 448, 449, -1,
                        332, 450, 446, -1,
                        334, 447, 446, -1,
                        334, 446, 451, -1,
                        334, 451, 452, -1,
                        334, 452, 453, -1,
                        334, 453, 335, -1,
                        335, 453, 454, -1,
                        335, 454, 336, -1,
                        336, 455, 456, -1,
                        336, 456, 337, -1,
                        336, 454, 455, -1,
                        337, 456, 338, -1,
                        338, 344, 339, -1,
                        338, 456, 457, -1,
                        338, 457, 458, -1,
                        338, 458, 459, -1,
                        338, 459, 344, -1,
                        339, 344, 340, -1,
                        341, 344, 342, -1,
                        342, 460, 343, -1,
                        342, 344, 461, -1,
                        342, 461, 462, -1,
                        342, 462, 460, -1,
                        343, 460, 345, -1,
                        344, 459, 462, -1,
                        344, 462, 461, -1,
                        345, 460, 346, -1,
                        346, 463, 464, -1,
                        346, 464, 347, -1,
                        346, 460, 463, -1,
                        347, 464, 348, -1,
                        348, 465, 466, -1,
                        348, 466, 467, -1,
                        348, 467, 468, -1,
                        348, 468, 469, -1,
                        348, 469, 351, -1,
                        348, 351, 350, -1,
                        348, 464, 470, -1,
                        348, 470, 465, -1,
                        351, 469, 471, -1,
                        351, 471, 354, -1,
                        352, 356, 357, -1,
                        352, 357, 353, -1,
                        354, 471, 355, -1,
                        355, 472, 473, -1,
                        355, 473, 474, -1,
                        355, 474, 356, -1,
                        355, 471, 475, -1,
                        355, 475, 472, -1,
                        356, 476, 477, -1,
                        356, 477, 357, -1,
                        356, 474, 476, -1,
                        357, 477, 358, -1,
                        358, 477, 478, -1,
                        358, 478, 362, -1,
                        358, 362, 359, -1,
                        360, 479, 365, -1,
                        360, 365, 361, -1,
                        360, 364, 480, -1,
                        360, 480, 479, -1,
                        362, 478, 363, -1,
                        363, 478, 477, -1,
                        363, 477, 481, -1,
                        363, 481, 364, -1,
                        364, 481, 482, -1,
                        364, 482, 483, -1,
                        364, 483, 484, -1,
                        364, 484, 485, -1,
                        364, 485, 486, -1,
                        364, 486, 487, -1,
                        364, 487, 480, -1,
                        365, 479, 488, -1,
                        365, 488, 489, -1,
                        365, 489, 490, -1,
                        365, 490, 491, -1,
                        365, 491, 368, -1,
                        368, 491, 369, -1,
                        369, 491, 492, -1,
                        369, 492, 370, -1,
                        370, 492, 493, -1,
                        370, 493, 421, -1,
                        372, 494, 373, -1,
                        373, 494, 495, -1,
                        373, 495, 374, -1,
                        374, 495, 496, -1,
                        374, 496, 375, -1,
                        375, 377, 376, -1,
                        375, 496, 497, -1,
                        375, 497, 377, -1,
                        377, 497, 498, -1,
                        377, 498, 499, -1,
                        377, 499, 379, -1,
                        379, 499, 500, -1,
                        379, 500, 384, -1,
                        380, 387, 501, -1,
                        380, 501, 502, -1,
                        380, 502, 503, -1,
                        380, 503, 504, -1,
                        380, 504, 382, -1,
                        380, 382, 381, -1,
                        382, 504, 505, -1,
                        382, 505, 506, -1,
                        382, 506, 394, -1,
                        384, 500, 385, -1,
                        385, 500, 507, -1,
                        385, 507, 508, -1,
                        385, 508, 386, -1,
                        386, 508, 387, -1,
                        387, 509, 644, -1,
                        387, 644, 501, -1,
                        387, 508, 509, -1,
                        388, 510, 511, -1,
                        388, 511, 512, -1,
                        388, 512, 513, -1,
                        388, 513, 393, -1,
                        388, 393, 390, -1,
                        388, 389, 514, -1,
                        388, 514, 510, -1,
                        389, 395, 515, -1,
                        389, 515, 514, -1,
                        391, 393, 513, -1,
                        391, 513, 516, -1,
                        391, 516, 392, -1,
                        392, 517, 396, -1,
                        392, 516, 518, -1,
                        392, 518, 517, -1,
                        394, 506, 395, -1,
                        395, 506, 519, -1,
                        395, 519, 520, -1,
                        395, 520, 515, -1,
                        396, 517, 521, -1,
                        396, 521, 399, -1,
                        396, 399, 397, -1,
                        398, 401, 402, -1,
                        399, 521, 522, -1,
                        399, 522, 523, -1,
                        399, 523, 524, -1,
                        399, 524, 525, -1,
                        399, 525, 526, -1,
                        399, 526, 527, -1,
                        399, 527, 401, -1,
                        399, 401, 400, -1,
                        401, 528, 529, -1,
                        401, 529, 530, -1,
                        401, 530, 402, -1,
                        401, 527, 528, -1,
                        402, 530, 531, -1,
                        402, 531, 403, -1,
                        403, 531, 404, -1,
                        404, 531, 532, -1,
                        404, 532, 533, -1,
                        404, 533, 405, -1,
                        405, 533, 534, -1,
                        405, 534, 406, -1,
                        406, 535, 407, -1,
                        406, 534, 535, -1,
                        407, 535, 536, -1,
                        407, 536, 537, -1,
                        407, 537, 538, -1,
                        407, 538, 539, -1,
                        407, 539, 408, -1,
                        408, 539, 409, -1,
                        409, 539, 540, -1,
                        409, 540, 410, -1,
                        410, 540, 541, -1,
                        410, 541, 542, -1,
                        410, 542, 543, -1,
                        410, 543, 411, -1,
                        411, 543, 412, -1,
                        412, 543, 544, -1,
                        412, 544, 415, -1,
                        413, 545, 420, -1,
                        413, 414, 546, -1,
                        413, 546, 547, -1,
                        413, 547, 545, -1,
                        414, 415, 548, -1,
                        414, 548, 546, -1,
                        415, 544, 543, -1,
                        415, 543, 549, -1,
                        415, 549, 548, -1,
                        416, 417, 551, -1,
                        416, 551, 550, -1,
                        417, 552, 551, -1,
                        417, 418, 553, -1,
                        417, 553, 552, -1,
                        418, 419, 554, -1,
                        418, 554, 553, -1,
                        419, 420, 555, -1,
                        419, 555, 554, -1,
                        420, 545, 556, -1,
                        420, 556, 555, -1,
                        421, 493, 557, -1,
                        421, 557, 422, -1,
                        422, 557, 558, -1,
                        422, 558, 423, -1,
                        423, 558, 559, -1,
                        423, 559, 424, -1,
                        424, 559, 560, -1,
                        424, 560, 425, -1,
                        425, 427, 426, -1,
                        425, 560, 561, -1,
                        425, 561, 427, -1,
                        427, 561, 562, -1,
                        427, 562, 428, -1,
                        428, 562, 429, -1,
                        429, 563, 430, -1,
                        429, 562, 564, -1,
                        429, 564, 565, -1,
                        429, 565, 563, -1,
                        431, 434, 566, -1,
                        431, 566, 567, -1,
                        431, 567, 432, -1,
                        432, 567, 568, -1,
                        432, 568, 569, -1,
                        432, 569, 433, -1,
                        433, 570, 435, -1,
                        433, 569, 570, -1,
                        435, 570, 436, -1,
                        436, 570, 571, -1,
                        436, 571, 437, -1,
                        437, 571, 572, -1,
                        437, 572, 438, -1,
                        438, 572, 573, -1,
                        438, 573, 439, -1,
                        439, 573, 574, -1,
                        439, 574, 440, -1,
                        440, 574, 575, -1,
                        440, 575, 441, -1,
                        441, 575, 442, -1,
                        442, 575, 576, -1,
                        442, 576, 443, -1,
                        443, 576, 444, -1,
                        444, 576, 577, -1,
                        444, 577, 578, -1,
                        444, 578, 445, -1,
                        445, 578, 579, -1,
                        445, 579, 448, -1,
                        446, 450, 580, -1,
                        446, 580, 585, -1,
                        446, 585, 451, -1,
                        448, 579, 581, -1,
                        448, 581, 449, -1,
                        449, 581, 450, -1,
                        450, 581, 582, -1,
                        450, 582, 583, -1,
                        450, 583, 584, -1,
                        450, 584, 580, -1,
                        451, 585, 452, -1,
                        452, 586, 587, -1,
                        452, 587, 453, -1,
                        452, 585, 586, -1,
                        453, 587, 588, -1,
                        453, 588, 589, -1,
                        453, 589, 454, -1,
                        454, 589, 455, -1,
                        455, 589, 588, -1,
                        455, 588, 590, -1,
                        455, 590, 591, -1,
                        455, 591, 592, -1,
                        455, 592, 456, -1,
                        456, 592, 593, -1,
                        456, 593, 594, -1,
                        456, 594, 457, -1,
                        457, 594, 595, -1,
                        457, 595, 458, -1,
                        458, 595, 462, -1,
                        458, 462, 459, -1,
                        460, 596, 597, -1,
                        460, 597, 463, -1,
                        460, 462, 598, -1,
                        460, 598, 596, -1,
                        462, 599, 598, -1,
                        462, 595, 599, -1,
                        463, 597, 600, -1,
                        463, 600, 601, -1,
                        463, 601, 464, -1,
                        464, 601, 470, -1,
                        465, 602, 603, -1,
                        465, 603, 466, -1,
                        465, 470, 602, -1,
                        466, 603, 604, -1,
                        466, 604, 605, -1,
                        466, 605, 606, -1,
                        466, 606, 467, -1,
                        467, 606, 607, -1,
                        467, 607, 608, -1,
                        467, 608, 609, -1,
                        467, 609, 468, -1,
                        468, 609, 608, -1,
                        468, 608, 610, -1,
                        468, 610, 611, -1,
                        468, 611, 612, -1,
                        468, 612, 471, -1,
                        468, 471, 469, -1,
                        470, 601, 613, -1,
                        470, 613, 602, -1,
                        471, 612, 614, -1,
                        471, 614, 475, -1,
                        472, 615, 473, -1,
                        472, 475, 616, -1,
                        472, 616, 615, -1,
                        473, 615, 474, -1,
                        474, 615, 617, -1,
                        474, 617, 618, -1,
                        474, 618, 476, -1,
                        475, 614, 616, -1,
                        476, 618, 619, -1,
                        476, 619, 620, -1,
                        476, 620, 481, -1,
                        476, 481, 477, -1,
                        479, 480, 621, -1,
                        479, 621, 622, -1,
                        479, 622, 488, -1,
                        480, 487, 621, -1,
                        481, 620, 623, -1,
                        481, 623, 483, -1,
                        481, 483, 482, -1,
                        483, 623, 620, -1,
                        483, 620, 619, -1,
                        483, 619, 624, -1,
                        483, 624, 625, -1,
                        483, 625, 485, -1,
                        483, 485, 484, -1,
                        485, 625, 626, -1,
                        485, 626, 627, -1,
                        485, 627, 486, -1,
                        486, 627, 628, -1,
                        486, 628, 487, -1,
                        487, 628, 627, -1,
                        487, 627, 629, -1,
                        487, 629, 621, -1,
                        488, 622, 621, -1,
                        488, 621, 489, -1,
                        489, 621, 630, -1,
                        489, 630, 631, -1,
                        489, 631, 632, -1,
                        489, 632, 490, -1,
                        490, 632, 492, -1,
                        490, 492, 491, -1,
                        492, 632, 633, -1,
                        492, 633, 493, -1,
                        493, 634, 635, -1,
                        493, 635, 636, -1,
                        493, 636, 557, -1,
                        493, 633, 634, -1,
                        495, 637, 496, -1,
                        496, 637, 800, -1,
                        496, 800, 638, -1,
                        496, 638, 639, -1,
                        496, 639, 497, -1,
                        497, 639, 640, -1,
                        497, 640, 641, -1,
                        497, 641, 498, -1,
                        498, 641, 642, -1,
                        498, 642, 499, -1,
                        499, 642, 500, -1,
                        500, 643, 507, -1,
                        500, 642, 643, -1,
                        501, 644, 645, -1,
                        501, 645, 646, -1,
                        501, 646, 647, -1,
                        501, 647, 648, -1,
                        501, 648, 502, -1,
                        502, 648, 504, -1,
                        502, 504, 503, -1,
                        504, 648, 505, -1,
                        505, 648, 506, -1,
                        506, 648, 520, -1,
                        506, 520, 519, -1,
                        507, 643, 508, -1,
                        508, 649, 509, -1,
                        508, 643, 650, -1,
                        508, 650, 651, -1,
                        508, 651, 649, -1,
                        509, 652, 653, -1,
                        509, 653, 644, -1,
                        509, 649, 654, -1,
                        509, 654, 652, -1,
                        510, 655, 656, -1,
                        510, 656, 511, -1,
                        510, 514, 657, -1,
                        510, 657, 655, -1,
                        511, 656, 658, -1,
                        511, 658, 512, -1,
                        512, 658, 659, -1,
                        512, 659, 513, -1,
                        513, 659, 660, -1,
                        513, 660, 661, -1,
                        513, 661, 518, -1,
                        513, 518, 516, -1,
                        514, 515, 520, -1,
                        514, 520, 662, -1,
                        514, 662, 657, -1,
                        517, 518, 521, -1,
                        518, 661, 663, -1,
                        518, 663, 664, -1,
                        518, 664, 521, -1,
                        520, 648, 665, -1,
                        520, 665, 666, -1,
                        520, 666, 667, -1,
                        520, 667, 668, -1,
                        520, 668, 662, -1,
                        521, 664, 523, -1,
                        521, 523, 522, -1,
                        523, 669, 670, -1,
                        523, 670, 525, -1,
                        523, 525, 524, -1,
                        523, 664, 671, -1,
                        523, 671, 672, -1,
                        523, 672, 673, -1,
                        523, 673, 674, -1,
                        523, 674, 675, -1,
                        523, 675, 669, -1,
                        525, 670, 526, -1,
                        526, 670, 675, -1,
                        526, 675, 676, -1,
                        526, 676, 677, -1,
                        526, 677, 527, -1,
                        527, 677, 528, -1,
                        528, 677, 529, -1,
                        529, 531, 530, -1,
                        529, 677, 678, -1,
                        529, 678, 679, -1,
                        529, 679, 531, -1,
                        531, 679, 532, -1,
                        532, 679, 533, -1,
                        533, 679, 680, -1,
                        533, 680, 536, -1,
                        533, 536, 535, -1,
                        533, 535, 534, -1,
                        536, 680, 681, -1,
                        536, 681, 682, -1,
                        536, 682, 683, -1,
                        536, 683, 537, -1,
                        537, 683, 684, -1,
                        537, 684, 685, -1,
                        537, 685, 539, -1,
                        537, 539, 538, -1,
                        539, 685, 686, -1,
                        539, 686, 687, -1,
                        539, 687, 541, -1,
                        539, 541, 540, -1,
                        541, 687, 542, -1,
                        542, 687, 688, -1,
                        542, 688, 689, -1,
                        542, 689, 690, -1,
                        542, 690, 543, -1,
                        543, 690, 689, -1,
                        543, 689, 691, -1,
                        543, 691, 549, -1,
                        545, 547, 556, -1,
                        546, 548, 692, -1,
                        546, 692, 693, -1,
                        546, 693, 547, -1,
                        547, 693, 694, -1,
                        547, 694, 695, -1,
                        547, 695, 556, -1,
                        548, 549, 696, -1,
                        548, 696, 692, -1,
                        549, 697, 696, -1,
                        549, 691, 697, -1,
                        550, 698, 699, -1,
                        550, 551, 700, -1,
                        550, 700, 698, -1,
                        551, 552, 700, -1,
                        552, 701, 702, -1,
                        552, 702, 700, -1,
                        552, 553, 703, -1,
                        552, 703, 701, -1,
                        553, 554, 704, -1,
                        553, 704, 705, -1,
                        553, 705, 703, -1,
                        554, 555, 704, -1,
                        555, 706, 704, -1,
                        555, 556, 707, -1,
                        555, 707, 706, -1,
                        556, 695, 708, -1,
                        556, 708, 707, -1,
                        557, 709, 710, -1,
                        557, 710, 711, -1,
                        557, 711, 558, -1,
                        557, 636, 709, -1,
                        558, 711, 559, -1,
                        559, 711, 712, -1,
                        559, 712, 560, -1,
                        560, 712, 713, -1,
                        560, 713, 561, -1,
                        561, 713, 562, -1,
                        562, 713, 714, -1,
                        562, 714, 715, -1,
                        562, 715, 716, -1,
                        562, 716, 717, -1,
                        562, 717, 564, -1,
                        564, 717, 565, -1,
                        568, 718, 569, -1,
                        569, 718, 719, -1,
                        569, 719, 720, -1,
                        569, 720, 570, -1,
                        570, 721, 722, -1,
                        570, 722, 571, -1,
                        570, 720, 723, -1,
                        570, 723, 721, -1,
                        571, 722, 724, -1,
                        571, 724, 725, -1,
                        571, 725, 572, -1,
                        572, 725, 726, -1,
                        572, 726, 573, -1,
                        573, 726, 727, -1,
                        573, 727, 574, -1,
                        574, 727, 728, -1,
                        574, 728, 575, -1,
                        575, 728, 729, -1,
                        575, 729, 576, -1,
                        576, 729, 577, -1,
                        577, 729, 730, -1,
                        577, 730, 578, -1,
                        578, 730, 731, -1,
                        578, 731, 579, -1,
                        579, 731, 732, -1,
                        579, 732, 581, -1,
                        580, 584, 733, -1,
                        580, 733, 734, -1,
                        580, 734, 735, -1,
                        580, 735, 585, -1,
                        581, 732, 736, -1,
                        581, 736, 582, -1,
                        582, 737, 583, -1,
                        582, 736, 737, -1,
                        583, 737, 738, -1,
                        583, 738, 584, -1,
                        584, 739, 733, -1,
                        584, 738, 739, -1,
                        585, 735, 734, -1,
                        585, 734, 740, -1,
                        585, 740, 586, -1,
                        586, 740, 741, -1,
                        586, 741, 742, -1,
                        586, 742, 743, -1,
                        586, 743, 587, -1,
                        587, 743, 588, -1,
                        588, 743, 590, -1,
                        590, 744, 745, -1,
                        590, 745, 746, -1,
                        590, 746, 747, -1,
                        590, 747, 591, -1,
                        590, 743, 744, -1,
                        591, 747, 748, -1,
                        591, 748, 749, -1,
                        591, 749, 750, -1,
                        591, 750, 594, -1,
                        591, 594, 751, -1,
                        591, 751, 592, -1,
                        592, 751, 593, -1,
                        593, 751, 594, -1,
                        594, 750, 752, -1,
                        594, 752, 753, -1,
                        594, 753, 754, -1,
                        594, 754, 595, -1,
                        595, 754, 755, -1,
                        595, 755, 756, -1,
                        595, 756, 599, -1,
                        596, 598, 599, -1,
                        596, 599, 757, -1,
                        596, 757, 758, -1,
                        596, 758, 601, -1,
                        596, 601, 597, -1,
                        597, 601, 600, -1,
                        599, 759, 757, -1,
                        599, 756, 760, -1,
                        599, 760, 759, -1,
                        601, 758, 761, -1,
                        601, 761, 762, -1,
                        601, 762, 763, -1,
                        601, 763, 613, -1,
                        602, 764, 765, -1,
                        602, 765, 603, -1,
                        602, 613, 764, -1,
                        603, 765, 604, -1,
                        604, 765, 605, -1,
                        605, 765, 606, -1,
                        606, 766, 607, -1,
                        606, 765, 766, -1,
                        607, 766, 608, -1,
                        608, 767, 768, -1,
                        608, 768, 769, -1,
                        608, 769, 610, -1,
                        608, 766, 767, -1,
                        610, 769, 770, -1,
                        610, 770, 611, -1,
                        611, 770, 771, -1,
                        611, 771, 612, -1,
                        612, 771, 616, -1,
                        612, 616, 614, -1,
                        613, 763, 772, -1,
                        613, 772, 764, -1,
                        615, 773, 774, -1,
                        615, 774, 775, -1,
                        615, 775, 617, -1,
                        615, 616, 773, -1,
                        616, 771, 776, -1,
                        616, 776, 777, -1,
                        616, 777, 778, -1,
                        616, 778, 773, -1,
                        617, 775, 619, -1,
                        617, 619, 618, -1,
                        619, 775, 624, -1,
                        621, 779, 630, -1,
                        621, 629, 779, -1,
                        624, 780, 781, -1,
                        624, 781, 782, -1,
                        624, 782, 783, -1,
                        624, 783, 784, -1,
                        624, 784, 625, -1,
                        624, 775, 785, -1,
                        624, 785, 780, -1,
                        625, 784, 783, -1,
                        625, 783, 786, -1,
                        625, 786, 787, -1,
                        625, 787, 626, -1,
                        626, 787, 788, -1,
                        626, 788, 789, -1,
                        626, 789, 790, -1,
                        626, 790, 779, -1,
                        626, 779, 627, -1,
                        627, 779, 629, -1,
                        630, 791, 792, -1,
                        630, 792, 631, -1,
                        630, 779, 791, -1,
                        631, 793, 794, -1,
                        631, 794, 632, -1,
                        631, 792, 791, -1,
                        631, 791, 793, -1,
                        632, 793, 633, -1,
                        632, 794, 793, -1,
                        633, 793, 634, -1,
                        634, 795, 798, -1,
                        634, 798, 635, -1,
                        634, 793, 796, -1,
                        634, 796, 797, -1,
                        634, 797, 795, -1,
                        635, 798, 799, -1,
                        635, 799, 636, -1,
                        636, 799, 709, -1,
                        638, 800, 972, -1,
                        638, 972, 801, -1,
                        638, 801, 802, -1,
                        638, 802, 639, -1,
                        639, 802, 640, -1,
                        640, 802, 803, -1,
                        640, 803, 641, -1,
                        641, 803, 804, -1,
                        641, 804, 805, -1,
                        641, 805, 642, -1,
                        642, 805, 806, -1,
                        642, 806, 643, -1,
                        643, 806, 813, -1,
                        643, 813, 650, -1,
                        644, 653, 807, -1,
                        644, 807, 808, -1,
                        644, 808, 645, -1,
                        645, 808, 809, -1,
                        645, 809, 647, -1,
                        645, 647, 646, -1,
                        647, 809, 810, -1,
                        647, 810, 811, -1,
                        647, 811, 648, -1,
                        648, 811, 810, -1,
                        648, 810, 812, -1,
                        648, 812, 665, -1,
                        649, 651, 814, -1,
                        649, 814, 654, -1,
                        650, 813, 651, -1,
                        651, 813, 814, -1,
                        652, 798, 795, -1,
                        652, 795, 653, -1,
                        652, 654, 798, -1,
                        653, 795, 969, -1,
                        653, 969, 815, -1,
                        653, 815, 807, -1,
                        654, 799, 798, -1,
                        654, 814, 799, -1,
                        655, 816, 817, -1,
                        655, 817, 818, -1,
                        655, 818, 819, -1,
                        655, 819, 658, -1,
                        655, 658, 656, -1,
                        655, 657, 820, -1,
                        655, 820, 816, -1,
                        657, 662, 821, -1,
                        657, 821, 820, -1,
                        658, 822, 823, -1,
                        658, 823, 660, -1,
                        658, 660, 659, -1,
                        658, 819, 824, -1,
                        658, 824, 822, -1,
                        660, 823, 825, -1,
                        660, 825, 661, -1,
                        661, 825, 826, -1,
                        661, 826, 827, -1,
                        661, 827, 663, -1,
                        662, 828, 820, -1,
                        662, 820, 821, -1,
                        662, 668, 829, -1,
                        662, 829, 830, -1,
                        662, 830, 828, -1,
                        663, 827, 826, -1,
                        663, 826, 664, -1,
                        664, 826, 831, -1,
                        664, 831, 671, -1,
                        665, 812, 810, -1,
                        665, 810, 832, -1,
                        665, 832, 833, -1,
                        665, 833, 666, -1,
                        666, 833, 829, -1,
                        666, 829, 667, -1,
                        667, 829, 668, -1,
                        669, 675, 670, -1,
                        671, 831, 672, -1,
                        672, 831, 834, -1,
                        672, 834, 835, -1,
                        672, 835, 836, -1,
                        672, 836, 837, -1,
                        672, 837, 673, -1,
                        673, 837, 674, -1,
                        674, 837, 838, -1,
                        674, 838, 839, -1,
                        674, 839, 676, -1,
                        674, 676, 675, -1,
                        676, 839, 840, -1,
                        676, 840, 841, -1,
                        676, 841, 842, -1,
                        676, 842, 677, -1,
                        677, 842, 678, -1,
                        678, 842, 841, -1,
                        678, 841, 843, -1,
                        678, 843, 679, -1,
                        679, 843, 844, -1,
                        679, 844, 845, -1,
                        679, 845, 680, -1,
                        680, 845, 681, -1,
                        681, 845, 846, -1,
                        681, 846, 847, -1,
                        681, 847, 682, -1,
                        682, 847, 848, -1,
                        682, 848, 683, -1,
                        683, 848, 684, -1,
                        684, 848, 849, -1,
                        684, 849, 850, -1,
                        684, 850, 851, -1,
                        684, 851, 852, -1,
                        684, 852, 685, -1,
                        685, 852, 686, -1,
                        686, 852, 853, -1,
                        686, 853, 687, -1,
                        687, 853, 854, -1,
                        687, 854, 855, -1,
                        687, 855, 856, -1,
                        687, 856, 857, -1,
                        687, 857, 688, -1,
                        688, 857, 858, -1,
                        688, 858, 859, -1,
                        688, 859, 689, -1,
                        689, 859, 860, -1,
                        689, 860, 861, -1,
                        689, 861, 862, -1,
                        689, 862, 697, -1,
                        689, 697, 691, -1,
                        692, 696, 862, -1,
                        692, 862, 863, -1,
                        692, 863, 864, -1,
                        692, 864, 693, -1,
                        693, 864, 694, -1,
                        694, 864, 865, -1,
                        694, 865, 866, -1,
                        694, 866, 695, -1,
                        695, 866, 708, -1,
                        696, 697, 862, -1,
                        698, 700, 702, -1,
                        698, 702, 699, -1,
                        699, 702, 867, -1,
                        701, 703, 868, -1,
                        701, 868, 869, -1,
                        701, 869, 702, -1,
                        702, 869, 870, -1,
                        702, 870, 871, -1,
                        702, 871, 867, -1,
                        703, 705, 872, -1,
                        703, 872, 873, -1,
                        703, 873, 868, -1,
                        704, 872, 705, -1,
                        704, 706, 874, -1,
                        704, 874, 872, -1,
                        706, 707, 875, -1,
                        706, 875, 874, -1,
                        707, 708, 875, -1,
                        708, 866, 876, -1,
                        708, 876, 875, -1,
                        709, 799, 877, -1,
                        709, 877, 878, -1,
                        709, 878, 710, -1,
                        710, 878, 711, -1,
                        711, 878, 879, -1,
                        711, 879, 880, -1,
                        711, 880, 712, -1,
                        712, 880, 713, -1,
                        713, 880, 881, -1,
                        713, 881, 714, -1,
                        714, 881, 882, -1,
                        714, 882, 715, -1,
                        715, 882, 883, -1,
                        715, 883, 716, -1,
                        716, 883, 884, -1,
                        716, 884, 1046, -1,
                        716, 1046, 885, -1,
                        716, 885, 717, -1,
                        719, 886, 720, -1,
                        720, 886, 887, -1,
                        720, 887, 888, -1,
                        720, 888, 721, -1,
                        720, 721, 723, -1,
                        721, 889, 890, -1,
                        721, 890, 722, -1,
                        721, 888, 889, -1,
                        722, 890, 724, -1,
                        724, 890, 891, -1,
                        724, 891, 892, -1,
                        724, 892, 725, -1,
                        725, 892, 893, -1,
                        725, 893, 726, -1,
                        726, 893, 894, -1,
                        726, 894, 727, -1,
                        727, 894, 895, -1,
                        727, 895, 728, -1,
                        728, 895, 729, -1,
                        729, 895, 896, -1,
                        729, 896, 730, -1,
                        730, 897, 731, -1,
                        730, 896, 897, -1,
                        731, 897, 898, -1,
                        731, 898, 732, -1,
                        732, 898, 899, -1,
                        732, 899, 736, -1,
                        733, 739, 900, -1,
                        733, 900, 901, -1,
                        733, 901, 902, -1,
                        733, 902, 903, -1,
                        733, 903, 734, -1,
                        734, 903, 904, -1,
                        734, 904, 905, -1,
                        734, 905, 740, -1,
                        736, 899, 906, -1,
                        736, 906, 737, -1,
                        737, 906, 907, -1,
                        737, 907, 738, -1,
                        738, 907, 908, -1,
                        738, 908, 900, -1,
                        738, 900, 739, -1,
                        740, 905, 909, -1,
                        740, 909, 910, -1,
                        740, 910, 911, -1,
                        740, 911, 741, -1,
                        741, 912, 743, -1,
                        741, 743, 742, -1,
                        741, 911, 913, -1,
                        741, 913, 914, -1,
                        741, 914, 915, -1,
                        741, 915, 745, -1,
                        741, 745, 744, -1,
                        741, 744, 912, -1,
                        743, 912, 916, -1,
                        743, 916, 744, -1,
                        744, 916, 912, -1,
                        745, 917, 918, -1,
                        745, 918, 919, -1,
                        745, 919, 747, -1,
                        745, 747, 746, -1,
                        745, 915, 920, -1,
                        745, 920, 917, -1,
                        747, 919, 921, -1,
                        747, 921, 748, -1,
                        748, 921, 922, -1,
                        748, 922, 749, -1,
                        749, 922, 923, -1,
                        749, 923, 924, -1,
                        749, 924, 925, -1,
                        749, 925, 750, -1,
                        750, 925, 926, -1,
                        750, 926, 752, -1,
                        752, 926, 927, -1,
                        752, 927, 928, -1,
                        752, 928, 760, -1,
                        752, 760, 755, -1,
                        752, 755, 753, -1,
                        753, 755, 754, -1,
                        755, 760, 756, -1,
                        757, 759, 929, -1,
                        757, 929, 761, -1,
                        757, 761, 930, -1,
                        757, 930, 758, -1,
                        758, 930, 761, -1,
                        759, 760, 929, -1,
                        760, 928, 931, -1,
                        760, 931, 932, -1,
                        760, 932, 933, -1,
                        760, 933, 929, -1,
                        761, 929, 934, -1,
                        761, 934, 935, -1,
                        761, 935, 762, -1,
                        762, 935, 936, -1,
                        762, 936, 772, -1,
                        762, 772, 763, -1,
                        764, 937, 938, -1,
                        764, 938, 765, -1,
                        764, 772, 937, -1,
                        765, 938, 939, -1,
                        765, 939, 766, -1,
                        766, 939, 767, -1,
                        767, 940, 768, -1,
                        767, 939, 940, -1,
                        768, 941, 769, -1,
                        768, 940, 941, -1,
                        769, 941, 942, -1,
                        769, 942, 770, -1,
                        770, 942, 943, -1,
                        770, 943, 944, -1,
                        770, 944, 777, -1,
                        770, 777, 771, -1,
                        771, 777, 776, -1,
                        772, 936, 945, -1,
                        772, 945, 946, -1,
                        772, 946, 937, -1,
                        773, 778, 777, -1,
                        773, 777, 947, -1,
                        773, 947, 774, -1,
                        774, 948, 949, -1,
                        774, 949, 775, -1,
                        774, 947, 948, -1,
                        775, 949, 948, -1,
                        775, 948, 785, -1,
                        777, 950, 947, -1,
                        777, 944, 950, -1,
                        779, 951, 952, -1,
                        779, 952, 953, -1,
                        779, 953, 791, -1,
                        779, 790, 954, -1,
                        779, 954, 951, -1,
                        780, 785, 948, -1,
                        780, 948, 781, -1,
                        781, 955, 956, -1,
                        781, 956, 783, -1,
                        781, 783, 782, -1,
                        781, 948, 955, -1,
                        783, 956, 957, -1,
                        783, 957, 788, -1,
                        783, 788, 787, -1,
                        783, 787, 786, -1,
                        788, 958, 959, -1,
                        788, 959, 960, -1,
                        788, 960, 790, -1,
                        788, 790, 789, -1,
                        788, 957, 961, -1,
                        788, 961, 962, -1,
                        788, 962, 958, -1,
                        790, 960, 954, -1,
                        791, 953, 963, -1,
                        791, 963, 964, -1,
                        791, 964, 965, -1,
                        791, 965, 966, -1,
                        791, 966, 793, -1,
                        793, 966, 967, -1,
                        793, 967, 968, -1,
                        793, 968, 796, -1,
                        795, 797, 969, -1,
                        796, 968, 797, -1,
                        797, 970, 969, -1,
                        797, 968, 967, -1,
                        797, 967, 966, -1,
                        797, 966, 971, -1,
                        797, 971, 970, -1,
                        799, 814, 877, -1,
                        801, 972, 973, -1,
                        801, 973, 884, -1,
                        801, 884, 883, -1,
                        801, 883, 802, -1,
                        802, 883, 803, -1,
                        803, 883, 882, -1,
                        803, 882, 804, -1,
                        804, 882, 881, -1,
                        804, 881, 805, -1,
                        805, 880, 879, -1,
                        805, 879, 806, -1,
                        805, 881, 880, -1,
                        806, 879, 813, -1,
                        807, 815, 974, -1,
                        807, 974, 809, -1,
                        807, 809, 808, -1,
                        809, 974, 1132, -1,
                        809, 1132, 975, -1,
                        809, 975, 810, -1,
                        810, 976, 832, -1,
                        810, 975, 976, -1,
                        813, 878, 814, -1,
                        813, 879, 878, -1,
                        814, 878, 877, -1,
                        815, 969, 970, -1,
                        815, 970, 974, -1,
                        816, 977, 817, -1,
                        816, 820, 977, -1,
                        817, 978, 818, -1,
                        817, 977, 978, -1,
                        818, 824, 819, -1,
                        818, 978, 824, -1,
                        820, 828, 979, -1,
                        820, 979, 980, -1,
                        820, 980, 981, -1,
                        820, 981, 977, -1,
                        822, 982, 983, -1,
                        822, 983, 984, -1,
                        822, 984, 823, -1,
                        822, 824, 978, -1,
                        822, 978, 985, -1,
                        822, 985, 986, -1,
                        822, 986, 982, -1,
                        823, 984, 825, -1,
                        825, 987, 988, -1,
                        825, 988, 989, -1,
                        825, 989, 826, -1,
                        825, 984, 987, -1,
                        826, 989, 990, -1,
                        826, 990, 991, -1,
                        826, 991, 831, -1,
                        828, 992, 979, -1,
                        828, 830, 993, -1,
                        828, 993, 992, -1,
                        829, 994, 993, -1,
                        829, 993, 830, -1,
                        829, 833, 994, -1,
                        831, 991, 834, -1,
                        832, 995, 833, -1,
                        832, 976, 996, -1,
                        832, 996, 995, -1,
                        833, 997, 994, -1,
                        833, 995, 997, -1,
                        834, 991, 998, -1,
                        834, 998, 999, -1,
                        834, 999, 835, -1,
                        835, 999, 1000, -1,
                        835, 1000, 1001, -1,
                        835, 1001, 1002, -1,
                        835, 1002, 836, -1,
                        836, 1002, 837, -1,
                        837, 1002, 1003, -1,
                        837, 1003, 838, -1,
                        838, 1003, 1004, -1,
                        838, 1004, 839, -1,
                        839, 1004, 840, -1,
                        840, 1004, 1005, -1,
                        840, 1005, 1006, -1,
                        840, 1006, 841, -1,
                        841, 1006, 1007, -1,
                        841, 1007, 843, -1,
                        843, 1007, 844, -1,
                        844, 1007, 1008, -1,
                        844, 1008, 1009, -1,
                        844, 1009, 845, -1,
                        845, 1009, 1010, -1,
                        845, 1010, 846, -1,
                        846, 1010, 1011, -1,
                        846, 1011, 1012, -1,
                        846, 1012, 1013, -1,
                        846, 1013, 847, -1,
                        847, 1013, 1014, -1,
                        847, 1014, 1015, -1,
                        847, 1015, 848, -1,
                        848, 1015, 849, -1,
                        849, 1015, 850, -1,
                        850, 1016, 851, -1,
                        850, 1015, 1016, -1,
                        851, 1016, 852, -1,
                        852, 1016, 853, -1,
                        853, 1016, 1017, -1,
                        853, 1017, 1018, -1,
                        853, 1018, 854, -1,
                        854, 1018, 1019, -1,
                        854, 1019, 1020, -1,
                        854, 1020, 1021, -1,
                        854, 1021, 856, -1,
                        854, 856, 855, -1,
                        856, 1021, 857, -1,
                        857, 1022, 1023, -1,
                        857, 1023, 858, -1,
                        857, 1021, 1020, -1,
                        857, 1020, 1022, -1,
                        858, 1023, 1024, -1,
                        858, 1024, 1025, -1,
                        858, 1025, 1026, -1,
                        858, 1026, 859, -1,
                        859, 1026, 861, -1,
                        859, 861, 860, -1,
                        861, 1026, 1027, -1,
                        861, 1027, 1028, -1,
                        861, 1028, 1029, -1,
                        861, 1029, 862, -1,
                        862, 1029, 863, -1,
                        863, 1029, 1028, -1,
                        863, 1028, 1030, -1,
                        863, 1030, 864, -1,
                        864, 1030, 865, -1,
                        865, 1031, 1032, -1,
                        865, 1032, 866, -1,
                        865, 1030, 1033, -1,
                        865, 1033, 1034, -1,
                        865, 1034, 1031, -1,
                        866, 1032, 1035, -1,
                        866, 1035, 876, -1,
                        867, 871, 1036, -1,
                        868, 873, 1037, -1,
                        868, 1037, 869, -1,
                        869, 1038, 1039, -1,
                        869, 1039, 870, -1,
                        869, 1037, 1040, -1,
                        869, 1040, 1038, -1,
                        870, 1039, 871, -1,
                        871, 1039, 1036, -1,
                        872, 874, 1041, -1,
                        872, 1041, 1042, -1,
                        872, 1042, 873, -1,
                        873, 1042, 1037, -1,
                        874, 875, 1043, -1,
                        874, 1043, 1041, -1,
                        875, 876, 1044, -1,
                        875, 1044, 1043, -1,
                        876, 1035, 1045, -1,
                        876, 1045, 1044, -1,
                        884, 973, 1046, -1,
                        886, 1047, 887, -1,
                        887, 1047, 1048, -1,
                        887, 1048, 1049, -1,
                        887, 1049, 1050, -1,
                        887, 1050, 1051, -1,
                        887, 1051, 888, -1,
                        888, 1051, 1052, -1,
                        888, 1052, 889, -1,
                        889, 1052, 1053, -1,
                        889, 1053, 890, -1,
                        890, 1053, 891, -1,
                        891, 1053, 1054, -1,
                        891, 1054, 1055, -1,
                        891, 1055, 892, -1,
                        892, 1055, 1056, -1,
                        892, 1056, 893, -1,
                        893, 1056, 1057, -1,
                        893, 1057, 894, -1,
                        894, 1057, 1058, -1,
                        894, 1058, 895, -1,
                        895, 1058, 1059, -1,
                        895, 1059, 896, -1,
                        896, 1059, 897, -1,
                        897, 1059, 1060, -1,
                        897, 1060, 1061, -1,
                        897, 1061, 898, -1,
                        898, 1061, 899, -1,
                        899, 1061, 1062, -1,
                        899, 1062, 906, -1,
                        900, 908, 1063, -1,
                        900, 1063, 1064, -1,
                        900, 1064, 901, -1,
                        901, 1064, 1065, -1,
                        901, 1065, 1066, -1,
                        901, 1066, 1067, -1,
                        901, 1067, 902, -1,
                        902, 1067, 903, -1,
                        903, 1067, 904, -1,
                        904, 1067, 905, -1,
                        905, 1067, 1068, -1,
                        905, 1068, 909, -1,
                        906, 1062, 1069, -1,
                        906, 1069, 907, -1,
                        907, 1063, 908, -1,
                        907, 1069, 1063, -1,
                        909, 1068, 1070, -1,
                        909, 1070, 1071, -1,
                        909, 1071, 910, -1,
                        910, 1071, 1072, -1,
                        910, 1072, 911, -1,
                        911, 1072, 913, -1,
                        913, 1072, 1073, -1,
                        913, 1073, 914, -1,
                        914, 1073, 915, -1,
                        915, 1073, 1074, -1,
                        915, 1074, 920, -1,
                        917, 920, 1074, -1,
                        917, 1074, 1075, -1,
                        917, 1075, 1076, -1,
                        917, 1076, 1077, -1,
                        917, 1077, 918, -1,
                        918, 1077, 1078, -1,
                        918, 1078, 919, -1,
                        919, 1078, 1079, -1,
                        919, 1079, 921, -1,
                        921, 1079, 1080, -1,
                        921, 1080, 922, -1,
                        922, 1080, 1081, -1,
                        922, 1081, 923, -1,
                        923, 1081, 1082, -1,
                        923, 1082, 924, -1,
                        924, 1082, 1083, -1,
                        924, 1083, 1084, -1,
                        924, 1084, 925, -1,
                        925, 1084, 926, -1,
                        926, 1084, 1085, -1,
                        926, 1085, 1086, -1,
                        926, 1086, 927, -1,
                        927, 1086, 928, -1,
                        928, 1087, 931, -1,
                        928, 1086, 1087, -1,
                        929, 1088, 1089, -1,
                        929, 1089, 934, -1,
                        929, 933, 1090, -1,
                        929, 1090, 1088, -1,
                        931, 1091, 932, -1,
                        931, 1087, 1091, -1,
                        932, 1091, 1092, -1,
                        932, 1092, 933, -1,
                        933, 1093, 1088, -1,
                        933, 1088, 1090, -1,
                        933, 1092, 1093, -1,
                        934, 1094, 1095, -1,
                        934, 1095, 935, -1,
                        934, 1089, 1088, -1,
                        934, 1088, 1094, -1,
                        935, 1095, 945, -1,
                        935, 945, 936, -1,
                        937, 1096, 1097, -1,
                        937, 1097, 1098, -1,
                        937, 1098, 938, -1,
                        937, 946, 1099, -1,
                        937, 1099, 1096, -1,
                        938, 1098, 1100, -1,
                        938, 1100, 1101, -1,
                        938, 1101, 939, -1,
                        939, 1101, 940, -1,
                        940, 1102, 1103, -1,
                        940, 1103, 1104, -1,
                        940, 1104, 941, -1,
                        940, 1101, 1102, -1,
                        941, 1104, 1103, -1,
                        941, 1103, 1105, -1,
                        941, 1105, 942, -1,
                        942, 1105, 1106, -1,
                        942, 1106, 943, -1,
                        943, 1106, 1107, -1,
                        943, 1107, 1108, -1,
                        943, 1108, 950, -1,
                        943, 950, 944, -1,
                        945, 1095, 1223, -1,
                        945, 1223, 1109, -1,
                        945, 1109, 1110, -1,
                        945, 1110, 946, -1,
                        946, 1110, 1099, -1,
                        947, 950, 1111, -1,
                        947, 1111, 1112, -1,
                        947, 1112, 1113, -1,
                        947, 1113, 948, -1,
                        948, 1113, 1114, -1,
                        948, 1114, 1115, -1,
                        948, 1115, 1116, -1,
                        948, 1116, 955, -1,
                        950, 1108, 1112, -1,
                        950, 1112, 1111, -1,
                        951, 954, 1117, -1,
                        951, 1117, 952, -1,
                        952, 1117, 1118, -1,
                        952, 1118, 953, -1,
                        953, 1119, 1120, -1,
                        953, 1120, 963, -1,
                        953, 1118, 1119, -1,
                        954, 960, 1117, -1,
                        955, 1116, 1121, -1,
                        955, 1121, 1122, -1,
                        955, 1122, 956, -1,
                        956, 1123, 957, -1,
                        956, 1122, 1124, -1,
                        956, 1124, 1123, -1,
                        957, 1125, 1126, -1,
                        957, 1126, 961, -1,
                        957, 1123, 1125, -1,
                        958, 962, 1126, -1,
                        958, 1126, 1127, -1,
                        958, 1127, 1128, -1,
                        958, 1128, 1129, -1,
                        958, 1129, 959, -1,
                        959, 1129, 992, -1,
                        959, 992, 960, -1,
                        960, 992, 993, -1,
                        960, 993, 1117, -1,
                        961, 1126, 962, -1,
                        963, 1120, 964, -1,
                        964, 1120, 965, -1,
                        965, 1120, 1130, -1,
                        965, 1130, 966, -1,
                        966, 1130, 1131, -1,
                        966, 1131, 971, -1,
                        970, 971, 974, -1,
                        971, 1131, 1132, -1,
                        971, 1132, 974, -1,
                        975, 1132, 1133, -1,
                        975, 1133, 976, -1,
                        976, 1133, 996, -1,
                        977, 1126, 1134, -1,
                        977, 1134, 985, -1,
                        977, 985, 978, -1,
                        977, 981, 1127, -1,
                        977, 1127, 1126, -1,
                        979, 992, 1129, -1,
                        979, 1129, 980, -1,
                        980, 1128, 1127, -1,
                        980, 1127, 981, -1,
                        980, 1129, 1128, -1,
                        982, 1135, 983, -1,
                        982, 986, 1136, -1,
                        982, 1136, 1137, -1,
                        982, 1137, 1135, -1,
                        983, 1135, 1138, -1,
                        983, 1138, 1139, -1,
                        983, 1139, 987, -1,
                        983, 987, 984, -1,
                        985, 1134, 1140, -1,
                        985, 1140, 986, -1,
                        986, 1140, 1141, -1,
                        986, 1141, 1136, -1,
                        987, 1142, 1143, -1,
                        987, 1143, 1144, -1,
                        987, 1144, 989, -1,
                        987, 989, 988, -1,
                        987, 1139, 1142, -1,
                        989, 1144, 1145, -1,
                        989, 1145, 990, -1,
                        990, 1145, 998, -1,
                        990, 998, 991, -1,
                        993, 994, 1118, -1,
                        993, 1118, 1117, -1,
                        994, 997, 1118, -1,
                        995, 1119, 997, -1,
                        995, 996, 1120, -1,
                        995, 1120, 1119, -1,
                        996, 1133, 1120, -1,
                        997, 1119, 1118, -1,
                        998, 1105, 1103, -1,
                        998, 1103, 999, -1,
                        998, 1145, 1106, -1,
                        998, 1106, 1105, -1,
                        999, 1103, 1146, -1,
                        999, 1146, 1000, -1,
                        1000, 1146, 1147, -1,
                        1000, 1147, 1001, -1,
                        1001, 1147, 1148, -1,
                        1001, 1148, 1149, -1,
                        1001, 1149, 1002, -1,
                        1002, 1149, 1148, -1,
                        1002, 1148, 1003, -1,
                        1003, 1148, 1150, -1,
                        1003, 1150, 1151, -1,
                        1003, 1151, 1152, -1,
                        1003, 1152, 1153, -1,
                        1003, 1153, 1004, -1,
                        1004, 1154, 1005, -1,
                        1004, 1153, 1155, -1,
                        1004, 1155, 1154, -1,
                        1005, 1154, 1008, -1,
                        1005, 1008, 1006, -1,
                        1006, 1008, 1007, -1,
                        1008, 1155, 1156, -1,
                        1008, 1156, 1009, -1,
                        1008, 1154, 1155, -1,
                        1009, 1157, 1158, -1,
                        1009, 1158, 1159, -1,
                        1009, 1159, 1160, -1,
                        1009, 1160, 1161, -1,
                        1009, 1161, 1012, -1,
                        1009, 1012, 1011, -1,
                        1009, 1011, 1010, -1,
                        1009, 1156, 1157, -1,
                        1012, 1161, 1162, -1,
                        1012, 1162, 1013, -1,
                        1013, 1162, 1163, -1,
                        1013, 1163, 1014, -1,
                        1014, 1164, 1165, -1,
                        1014, 1165, 1166, -1,
                        1014, 1166, 1015, -1,
                        1014, 1163, 1164, -1,
                        1015, 1166, 1167, -1,
                        1015, 1167, 1168, -1,
                        1015, 1168, 1016, -1,
                        1016, 1167, 1017, -1,
                        1016, 1168, 1167, -1,
                        1017, 1167, 1169, -1,
                        1017, 1169, 1018, -1,
                        1018, 1169, 1170, -1,
                        1018, 1170, 1171, -1,
                        1018, 1171, 1019, -1,
                        1019, 1171, 1172, -1,
                        1019, 1172, 1020, -1,
                        1020, 1172, 1173, -1,
                        1020, 1173, 1022, -1,
                        1022, 1173, 1174, -1,
                        1022, 1174, 1023, -1,
                        1023, 1174, 1024, -1,
                        1024, 1175, 1176, -1,
                        1024, 1176, 1025, -1,
                        1024, 1174, 1177, -1,
                        1024, 1177, 1175, -1,
                        1025, 1176, 1178, -1,
                        1025, 1178, 1026, -1,
                        1026, 1178, 1179, -1,
                        1026, 1179, 1027, -1,
                        1027, 1179, 1028, -1,
                        1028, 1033, 1030, -1,
                        1028, 1179, 1180, -1,
                        1028, 1180, 1033, -1,
                        1031, 1181, 1032, -1,
                        1031, 1034, 1182, -1,
                        1031, 1182, 1183, -1,
                        1031, 1183, 1181, -1,
                        1032, 1181, 1035, -1,
                        1033, 1180, 1034, -1,
                        1034, 1180, 1184, -1,
                        1034, 1184, 1182, -1,
                        1035, 1181, 1185, -1,
                        1035, 1185, 1045, -1,
                        1036, 1039, 1186, -1,
                        1037, 1055, 1054, -1,
                        1037, 1054, 1040, -1,
                        1037, 1042, 1055, -1,
                        1038, 1040, 1054, -1,
                        1038, 1054, 1039, -1,
                        1039, 1187, 1188, -1,
                        1039, 1188, 1186, -1,
                        1039, 1054, 1189, -1,
                        1039, 1189, 1187, -1,
                        1041, 1057, 1056, -1,
                        1041, 1056, 1042, -1,
                        1041, 1043, 1058, -1,
                        1041, 1058, 1057, -1,
                        1042, 1056, 1055, -1,
                        1043, 1044, 1059, -1,
                        1043, 1059, 1058, -1,
                        1044, 1045, 1060, -1,
                        1044, 1060, 1059, -1,
                        1045, 1185, 1061, -1,
                        1045, 1061, 1060, -1,
                        1049, 1186, 1190, -1,
                        1049, 1190, 1050, -1,
                        1050, 1190, 1188, -1,
                        1050, 1188, 1051, -1,
                        1051, 1188, 1187, -1,
                        1051, 1187, 1052, -1,
                        1052, 1187, 1053, -1,
                        1053, 1187, 1189, -1,
                        1053, 1189, 1054, -1,
                        1061, 1185, 1062, -1,
                        1062, 1185, 1191, -1,
                        1062, 1191, 1069, -1,
                        1063, 1069, 1192, -1,
                        1063, 1192, 1193, -1,
                        1063, 1193, 1064, -1,
                        1064, 1193, 1194, -1,
                        1064, 1194, 1065, -1,
                        1065, 1194, 1066, -1,
                        1066, 1194, 1067, -1,
                        1067, 1194, 1195, -1,
                        1067, 1195, 1068, -1,
                        1068, 1195, 1194, -1,
                        1068, 1194, 1196, -1,
                        1068, 1196, 1197, -1,
                        1068, 1197, 1070, -1,
                        1069, 1191, 1198, -1,
                        1069, 1198, 1199, -1,
                        1069, 1199, 1193, -1,
                        1069, 1193, 1192, -1,
                        1070, 1197, 1200, -1,
                        1070, 1200, 1201, -1,
                        1070, 1201, 1071, -1,
                        1071, 1200, 1202, -1,
                        1071, 1202, 1203, -1,
                        1071, 1203, 1073, -1,
                        1071, 1073, 1072, -1,
                        1071, 1201, 1200, -1,
                        1073, 1203, 1074, -1,
                        1074, 1203, 1204, -1,
                        1074, 1204, 1075, -1,
                        1075, 1204, 1076, -1,
                        1076, 1204, 1077, -1,
                        1077, 1204, 1205, -1,
                        1077, 1205, 1078, -1,
                        1078, 1205, 1206, -1,
                        1078, 1206, 1079, -1,
                        1079, 1206, 1207, -1,
                        1079, 1207, 1208, -1,
                        1079, 1208, 1080, -1,
                        1080, 1208, 1209, -1,
                        1080, 1209, 1081, -1,
                        1081, 1209, 1082, -1,
                        1082, 1209, 1210, -1,
                        1082, 1210, 1211, -1,
                        1082, 1211, 1083, -1,
                        1083, 1211, 1212, -1,
                        1083, 1212, 1213, -1,
                        1083, 1213, 1085, -1,
                        1083, 1085, 1084, -1,
                        1085, 1213, 1086, -1,
                        1086, 1213, 1214, -1,
                        1086, 1214, 1215, -1,
                        1086, 1215, 1087, -1,
                        1087, 1215, 1091, -1,
                        1088, 1216, 1217, -1,
                        1088, 1217, 1094, -1,
                        1088, 1093, 1218, -1,
                        1088, 1218, 1216, -1,
                        1091, 1215, 1219, -1,
                        1091, 1219, 1092, -1,
                        1092, 1219, 1220, -1,
                        1092, 1220, 1093, -1,
                        1093, 1221, 1218, -1,
                        1093, 1220, 1221, -1,
                        1094, 1217, 1296, -1,
                        1094, 1296, 1222, -1,
                        1094, 1222, 1223, -1,
                        1094, 1223, 1095, -1,
                        1096, 1224, 1097, -1,
                        1096, 1099, 1110, -1,
                        1096, 1110, 1224, -1,
                        1097, 1224, 1098, -1,
                        1098, 1224, 1100, -1,
                        1100, 1225, 1101, -1,
                        1100, 1224, 1225, -1,
                        1101, 1225, 1226, -1,
                        1101, 1226, 1227, -1,
                        1101, 1227, 1228, -1,
                        1101, 1228, 1102, -1,
                        1102, 1228, 1103, -1,
                        1103, 1228, 1146, -1,
                        1106, 1145, 1144, -1,
                        1106, 1144, 1107, -1,
                        1107, 1144, 1143, -1,
                        1107, 1143, 1229, -1,
                        1107, 1229, 1230, -1,
                        1107, 1230, 1108, -1,
                        1108, 1230, 1112, -1,
                        1109, 1223, 1231, -1,
                        1109, 1231, 1232, -1,
                        1109, 1232, 1110, -1,
                        1110, 1232, 1152, -1,
                        1110, 1152, 1151, -1,
                        1110, 1151, 1224, -1,
                        1112, 1230, 1233, -1,
                        1112, 1233, 1234, -1,
                        1112, 1234, 1235, -1,
                        1112, 1235, 1114, -1,
                        1112, 1114, 1113, -1,
                        1114, 1235, 1115, -1,
                        1115, 1235, 1236, -1,
                        1115, 1236, 1121, -1,
                        1115, 1121, 1116, -1,
                        1120, 1133, 1132, -1,
                        1120, 1132, 1130, -1,
                        1121, 1137, 1122, -1,
                        1121, 1236, 1135, -1,
                        1121, 1135, 1137, -1,
                        1122, 1137, 1136, -1,
                        1122, 1136, 1124, -1,
                        1123, 1124, 1136, -1,
                        1123, 1136, 1141, -1,
                        1123, 1141, 1140, -1,
                        1123, 1140, 1125, -1,
                        1125, 1140, 1134, -1,
                        1125, 1134, 1126, -1,
                        1130, 1132, 1131, -1,
                        1135, 1236, 1138, -1,
                        1138, 1237, 1139, -1,
                        1138, 1236, 1235, -1,
                        1138, 1235, 1237, -1,
                        1139, 1237, 1142, -1,
                        1142, 1238, 1143, -1,
                        1142, 1237, 1238, -1,
                        1143, 1238, 1229, -1,
                        1146, 1228, 1147, -1,
                        1147, 1228, 1239, -1,
                        1147, 1239, 1227, -1,
                        1147, 1227, 1148, -1,
                        1148, 1227, 1150, -1,
                        1150, 1227, 1226, -1,
                        1150, 1226, 1225, -1,
                        1150, 1225, 1151, -1,
                        1151, 1225, 1224, -1,
                        1152, 1232, 1240, -1,
                        1152, 1240, 1153, -1,
                        1153, 1240, 1156, -1,
                        1153, 1156, 1155, -1,
                        1156, 1240, 1158, -1,
                        1156, 1158, 1157, -1,
                        1158, 1241, 1242, -1,
                        1158, 1242, 1243, -1,
                        1158, 1243, 1159, -1,
                        1158, 1240, 1244, -1,
                        1158, 1244, 1241, -1,
                        1159, 1243, 1160, -1,
                        1160, 1243, 1245, -1,
                        1160, 1245, 1246, -1,
                        1160, 1246, 1161, -1,
                        1161, 1163, 1162, -1,
                        1161, 1246, 1247, -1,
                        1161, 1247, 1248, -1,
                        1161, 1248, 1164, -1,
                        1161, 1164, 1163, -1,
                        1164, 1248, 1249, -1,
                        1164, 1249, 1250, -1,
                        1164, 1250, 1251, -1,
                        1164, 1251, 1252, -1,
                        1164, 1252, 1253, -1,
                        1164, 1253, 1165, -1,
                        1165, 1253, 1166, -1,
                        1166, 1253, 1167, -1,
                        1167, 1253, 1254, -1,
                        1167, 1254, 1255, -1,
                        1167, 1255, 1256, -1,
                        1167, 1256, 1169, -1,
                        1169, 1256, 1257, -1,
                        1169, 1257, 1258, -1,
                        1169, 1258, 1259, -1,
                        1169, 1259, 1260, -1,
                        1169, 1260, 1170, -1,
                        1170, 1260, 1171, -1,
                        1171, 1260, 1172, -1,
                        1172, 1260, 1173, -1,
                        1173, 1260, 1177, -1,
                        1173, 1177, 1174, -1,
                        1175, 1177, 1261, -1,
                        1175, 1261, 1262, -1,
                        1175, 1262, 1263, -1,
                        1175, 1263, 1264, -1,
                        1175, 1264, 1265, -1,
                        1175, 1265, 1266, -1,
                        1175, 1266, 1180, -1,
                        1175, 1180, 1176, -1,
                        1176, 1180, 1178, -1,
                        1177, 1260, 1267, -1,
                        1177, 1267, 1262, -1,
                        1177, 1262, 1261, -1,
                        1178, 1180, 1179, -1,
                        1180, 1268, 1184, -1,
                        1180, 1266, 1268, -1,
                        1181, 1183, 1185, -1,
                        1182, 1184, 1268, -1,
                        1182, 1268, 1269, -1,
                        1182, 1269, 1270, -1,
                        1182, 1270, 1271, -1,
                        1182, 1271, 1183, -1,
                        1183, 1191, 1185, -1,
                        1183, 1271, 1191, -1,
                        1186, 1188, 1190, -1,
                        1191, 1271, 1198, -1,
                        1193, 1199, 1272, -1,
                        1193, 1272, 1273, -1,
                        1193, 1273, 1194, -1,
                        1194, 1273, 1274, -1,
                        1194, 1274, 1196, -1,
                        1196, 1274, 1275, -1,
                        1196, 1275, 1276, -1,
                        1196, 1276, 1197, -1,
                        1197, 1276, 1277, -1,
                        1197, 1277, 1200, -1,
                        1198, 1271, 1278, -1,
                        1198, 1278, 1199, -1,
                        1199, 1279, 1272, -1,
                        1199, 1278, 1279, -1,
                        1200, 1280, 1281, -1,
                        1200, 1281, 1282, -1,
                        1200, 1282, 1203, -1,
                        1200, 1203, 1202, -1,
                        1200, 1277, 1280, -1,
                        1203, 1282, 1283, -1,
                        1203, 1283, 1284, -1,
                        1203, 1284, 1204, -1,
                        1204, 1283, 1205, -1,
                        1204, 1284, 1283, -1,
                        1205, 1283, 1206, -1,
                        1206, 1285, 1286, -1,
                        1206, 1286, 1207, -1,
                        1206, 1283, 1287, -1,
                        1206, 1287, 1285, -1,
                        1207, 1286, 1208, -1,
                        1208, 1286, 1288, -1,
                        1208, 1288, 1209, -1,
                        1209, 1288, 1289, -1,
                        1209, 1289, 1210, -1,
                        1210, 1289, 1211, -1,
                        1211, 1290, 1212, -1,
                        1211, 1289, 1290, -1,
                        1212, 1290, 1291, -1,
                        1212, 1291, 1213, -1,
                        1213, 1291, 1214, -1,
                        1214, 1291, 1215, -1,
                        1215, 1291, 1292, -1,
                        1215, 1292, 1293, -1,
                        1215, 1293, 1219, -1,
                        1216, 1218, 1294, -1,
                        1216, 1294, 1295, -1,
                        1216, 1295, 1217, -1,
                        1217, 1295, 1296, -1,
                        1218, 1221, 1294, -1,
                        1219, 1293, 1297, -1,
                        1219, 1297, 1220, -1,
                        1220, 1297, 1221, -1,
                        1221, 1297, 1298, -1,
                        1221, 1298, 1294, -1,
                        1222, 1296, 1299, -1,
                        1222, 1299, 1300, -1,
                        1222, 1300, 1301, -1,
                        1222, 1301, 1223, -1,
                        1223, 1301, 1231, -1,
                        1227, 1239, 1228, -1,
                        1229, 1238, 1233, -1,
                        1229, 1233, 1230, -1,
                        1231, 1301, 1241, -1,
                        1231, 1241, 1232, -1,
                        1232, 1244, 1240, -1,
                        1232, 1241, 1244, -1,
                        1233, 1238, 1234, -1,
                        1234, 1237, 1235, -1,
                        1234, 1238, 1237, -1,
                        1241, 1301, 1242, -1,
                        1242, 1301, 1300, -1,
                        1242, 1300, 1302, -1,
                        1242, 1302, 1243, -1,
                        1243, 1302, 1303, -1,
                        1243, 1303, 1304, -1,
                        1243, 1304, 1246, -1,
                        1243, 1246, 1245, -1,
                        1246, 1304, 1247, -1,
                        1247, 1304, 1305, -1,
                        1247, 1305, 1248, -1,
                        1248, 1305, 1249, -1,
                        1249, 1305, 1250, -1,
                        1250, 1306, 1251, -1,
                        1250, 1305, 1306, -1,
                        1251, 1306, 1307, -1,
                        1251, 1307, 1308, -1,
                        1251, 1308, 1309, -1,
                        1251, 1309, 1252, -1,
                        1252, 1309, 1310, -1,
                        1252, 1310, 1254, -1,
                        1252, 1254, 1253, -1,
                        1254, 1310, 1255, -1,
                        1255, 1310, 1256, -1,
                        1256, 1310, 1311, -1,
                        1256, 1311, 1257, -1,
                        1257, 1312, 1313, -1,
                        1257, 1313, 1314, -1,
                        1257, 1314, 1315, -1,
                        1257, 1315, 1258, -1,
                        1257, 1311, 1310, -1,
                        1257, 1310, 1309, -1,
                        1257, 1309, 1312, -1,
                        1258, 1315, 1316, -1,
                        1258, 1316, 1259, -1,
                        1259, 1316, 1260, -1,
                        1260, 1316, 1315, -1,
                        1260, 1315, 1317, -1,
                        1260, 1317, 1318, -1,
                        1260, 1318, 1267, -1,
                        1262, 1319, 1263, -1,
                        1262, 1267, 1319, -1,
                        1263, 1319, 1320, -1,
                        1263, 1320, 1321, -1,
                        1263, 1321, 1322, -1,
                        1263, 1322, 1265, -1,
                        1263, 1265, 1264, -1,
                        1265, 1322, 1266, -1,
                        1266, 1322, 1269, -1,
                        1266, 1269, 1268, -1,
                        1267, 1318, 1323, -1,
                        1267, 1323, 1324, -1,
                        1267, 1324, 1319, -1,
                        1269, 1278, 1271, -1,
                        1269, 1271, 1270, -1,
                        1269, 1322, 1321, -1,
                        1269, 1321, 1325, -1,
                        1269, 1325, 1278, -1,
                        1272, 1279, 1278, -1,
                        1272, 1278, 1325, -1,
                        1272, 1325, 1326, -1,
                        1272, 1326, 1327, -1,
                        1272, 1327, 1273, -1,
                        1273, 1327, 1328, -1,
                        1273, 1328, 1274, -1,
                        1274, 1328, 1327, -1,
                        1274, 1327, 1329, -1,
                        1274, 1329, 1275, -1,
                        1275, 1329, 1330, -1,
                        1275, 1330, 1320, -1,
                        1275, 1320, 1276, -1,
                        1276, 1320, 1331, -1,
                        1276, 1331, 1332, -1,
                        1276, 1332, 1315, -1,
                        1276, 1315, 1333, -1,
                        1276, 1333, 1334, -1,
                        1276, 1334, 1335, -1,
                        1276, 1335, 1282, -1,
                        1276, 1282, 1281, -1,
                        1276, 1281, 1280, -1,
                        1276, 1280, 1277, -1,
                        1282, 1335, 1336, -1,
                        1282, 1336, 1283, -1,
                        1283, 1336, 1287, -1,
                        1285, 1337, 1286, -1,
                        1285, 1287, 1337, -1,
                        1286, 1337, 1338, -1,
                        1286, 1338, 1288, -1,
                        1287, 1336, 1314, -1,
                        1287, 1314, 1337, -1,
                        1288, 1339, 1289, -1,
                        1288, 1338, 1337, -1,
                        1288, 1337, 1339, -1,
                        1289, 1339, 1290, -1,
                        1290, 1306, 1340, -1,
                        1290, 1340, 1291, -1,
                        1290, 1339, 1306, -1,
                        1291, 1340, 1341, -1,
                        1291, 1341, 1292, -1,
                        1292, 1341, 1293, -1,
                        1293, 1341, 1342, -1,
                        1293, 1342, 1297, -1,
                        1294, 1298, 1299, -1,
                        1294, 1299, 1295, -1,
                        1295, 1299, 1296, -1,
                        1297, 1342, 1343, -1,
                        1297, 1343, 1344, -1,
                        1297, 1344, 1298, -1,
                        1298, 1344, 1345, -1,
                        1298, 1345, 1299, -1,
                        1299, 1345, 1346, -1,
                        1299, 1346, 1300, -1,
                        1300, 1346, 1345, -1,
                        1300, 1345, 1302, -1,
                        1302, 1345, 1303, -1,
                        1303, 1345, 1304, -1,
                        1304, 1345, 1347, -1,
                        1304, 1347, 1305, -1,
                        1305, 1343, 1342, -1,
                        1305, 1342, 1341, -1,
                        1305, 1341, 1306, -1,
                        1305, 1347, 1344, -1,
                        1305, 1344, 1343, -1,
                        1306, 1341, 1340, -1,
                        1306, 1339, 1308, -1,
                        1306, 1308, 1307, -1,
                        1308, 1339, 1309, -1,
                        1309, 1339, 1348, -1,
                        1309, 1348, 1349, -1,
                        1309, 1349, 1312, -1,
                        1312, 1349, 1337, -1,
                        1312, 1337, 1313, -1,
                        1313, 1337, 1314, -1,
                        1314, 1336, 1335, -1,
                        1314, 1335, 1334, -1,
                        1314, 1334, 1350, -1,
                        1314, 1350, 1315, -1,
                        1315, 1350, 1334, -1,
                        1315, 1334, 1333, -1,
                        1315, 1332, 1331, -1,
                        1315, 1331, 1320, -1,
                        1315, 1320, 1317, -1,
                        1317, 1324, 1323, -1,
                        1317, 1323, 1318, -1,
                        1317, 1320, 1324, -1,
                        1319, 1324, 1320, -1,
                        1320, 1330, 1329, -1,
                        1320, 1329, 1351, -1,
                        1320, 1351, 1352, -1,
                        1320, 1352, 1321, -1,
                        1321, 1352, 1325, -1,
                        1325, 1352, 1353, -1,
                        1325, 1353, 1326, -1,
                        1326, 1353, 1351, -1,
                        1326, 1351, 1329, -1,
                        1326, 1329, 1327, -1,
                        1337, 1349, 1348, -1,
                        1337, 1348, 1339, -1,
                        1344, 1347, 1345, -1,
                        1351, 1353, 1352, -1,
                ]
            }
        }
    ]
}
#VRML V2.0 utf8

# Vertices: 633
# Triangles: 1262

Group {
    children [
        Shape {
            appearance Appearance {
                material Material {
                    diffuseColor 0.860000 0.920000 0.490000
                    ambientIntensity 0.400000
                    specularColor 0.500000 0.500000 0.500000
                    emissiveColor 0.000000 0.000000 0.000000
                    shininess 0.400000
                    transparency 0.500000
                }
            }
            geometry IndexedFaceSet {
                ccw TRUE
                solid TRUE
                convex TRUE
                coord DEF co Coordinate {
                    point [
                        0.028880 0.740447 -0.631557,
                        0.009635 0.740277 -0.631557,
                        0.048148 0.739708 -0.631557,
                        0.048148 0.733970 -0.637794,
                        0.028880 0.734310 -0.638112,
                        0.009635 0.734254 -0.638017,
                        -0.001799 0.739652 -0.631557,
                        0.056712 0.738970 -0.631557,
                        0.067416 0.733117 -0.636871,
                        0.067416 0.723912 -0.646513,
                        0.067416 0.714253 -0.656537,
                        0.048148 0.724708 -0.647404,
                        0.028880 0.724992 -0.647754,
                        0.009635 0.724878 -0.647658,
                        -0.009634 0.733685 -0.637444,
                        -0.009634 0.739197 -0.631557,
                        0.067598 0.737947 -0.631557,
                        0.078212 0.732379 -0.636139,
                        0.079351 0.713401 -0.655646,
                        0.079988 0.694252 -0.675025,
                        0.067416 0.695104 -0.675884,
                        0.048148 0.715048 -0.657364,
                        0.028880 0.715332 -0.657619,
                        0.009635 0.715219 -0.657491,
                        -0.009634 0.714651 -0.656950,
                        -0.009634 0.724310 -0.647086,
                        -0.023572 0.732890 -0.636616,
                        -0.026078 0.737208 -0.631557,
                        0.074112 0.737095 -0.631557,
                        0.081970 0.735674 -0.631557,
                        0.091057 0.730901 -0.634484,
                        0.085204 0.722151 -0.645113,
                        0.092196 0.711866 -0.654118,
                        0.092834 0.692775 -0.673561,
                        0.079442 0.674876 -0.694213,
                        0.067416 0.675786 -0.695072,
                        0.048148 0.695843 -0.676648,
                        0.048148 0.705503 -0.666974,
                        0.048148 0.676581 -0.695836,
                        0.028880 0.705787 -0.667229,
                        0.009635 0.696014 -0.676775,
                        -0.009634 0.704991 -0.666560,
                        -0.024028 0.713798 -0.656059,
                        -0.036418 0.731754 -0.635439,
                        -0.033206 0.735901 -0.631557,
                        0.088780 0.734083 -0.631557,
                        0.104244 0.728231 -0.631557,
                        0.105953 0.727549 -0.631557,
                        0.105953 0.718287 -0.641485,
                        0.105953 0.689707 -0.670379,
                        0.105953 0.680104 -0.680021,
                        0.105953 0.660785 -0.699209,
                        0.092287 0.673342 -0.692654,
                        0.085500 0.664422 -0.703028,
                        0.078736 0.655444 -0.713274,
                        0.067416 0.665899 -0.704682,
                        0.048148 0.666694 -0.705478,
                        0.028880 0.696127 -0.676902,
                        0.028880 0.676808 -0.696059,
                        0.028880 0.686411 -0.686544,
                        -0.009634 0.685615 -0.685749,
                        0.009635 0.676638 -0.695868,
                        -0.024051 0.694479 -0.675248,
                        -0.036873 0.693286 -0.674070,
                        -0.036873 0.712548 -0.654755,
                        -0.048147 0.729594 -0.633212,
                        -0.040244 0.734026 -0.631557,
                        0.106613 0.727208 -0.631557,
                        0.117568 0.714878 -0.637953,
                        0.117636 0.657205 -0.695741,
                        0.105953 0.650501 -0.708851,
                        0.091581 0.653853 -0.711810,
                        0.076481 0.635727 -0.732112,
                        0.067416 0.656239 -0.714038,
                        0.048148 0.657035 -0.714833,
                        0.028880 0.666922 -0.705701,
                        -0.009634 0.675956 -0.695231,
                        -0.023185 0.675104 -0.694404,
                        0.009635 0.666694 -0.705510,
                        -0.048147 0.691127 -0.672002,
                        -0.048147 0.700786 -0.662360,
                        -0.036031 0.673797 -0.693163,
                        -0.048147 0.681524 -0.681325,
                        -0.048147 0.710446 -0.652623,
                        -0.061608 0.716298 -0.639289,
                        -0.049787 0.730276 -0.631557,
                        -0.048147 0.731129 -0.631557,
                        0.119322 0.718344 -0.631557,
                        0.126109 0.708400 -0.631557,
                        0.121463 0.702434 -0.644826,
                        0.121645 0.664081 -0.683330,
                        0.131666 0.646807 -0.685240,
                        0.121212 0.644421 -0.702614,
                        0.117044 0.637318 -0.714292,
                        0.105953 0.640898 -0.717570,
                        0.105953 0.630159 -0.727180,
                        0.086684 0.634364 -0.730935,
                        0.063635 0.636466 -0.732813,
                        0.069011 0.643909 -0.725335,
                        0.086684 0.624704 -0.738922,
                        0.086684 0.612829 -0.748532,
                        0.067416 0.615272 -0.750442,
                        0.054890 0.616295 -0.751237,
                        0.048148 0.646750 -0.724475,
                        0.028880 0.657262 -0.715024,
                        0.028880 0.647091 -0.724666,
                        0.009635 0.657035 -0.714802,
                        -0.009634 0.665899 -0.704873,
                        -0.009634 0.656296 -0.714070,
                        -0.021249 0.655501 -0.713306,
                        -0.061653 0.697093 -0.658669,
                        -0.061471 0.677774 -0.677698,
                        -0.048147 0.661865 -0.699973,
                        -0.048147 0.671524 -0.690936,
                        -0.034095 0.654023 -0.711969,
                        -0.048147 0.651410 -0.709583,
                        -0.065252 0.719764 -0.631557,
                        -0.074430 0.709253 -0.632225,
                        -0.073770 0.710616 -0.631557,
                        0.129161 0.703855 -0.631557,
                        0.131621 0.685331 -0.646895,
                        0.131757 0.666126 -0.666147,
                        0.134468 0.654137 -0.673497,
                        0.134331 0.634477 -0.692463,
                        0.131006 0.627318 -0.704078,
                        0.120210 0.624704 -0.721452,
                        0.116315 0.617317 -0.732813,
                        0.105953 0.620556 -0.735454,
                        0.048148 0.637148 -0.733385,
                        0.048330 0.624420 -0.744586,
                        0.100782 0.600158 -0.753656,
                        0.097594 0.578907 -0.771412,
                        0.086684 0.603169 -0.756106,
                        0.067416 0.593510 -0.767816,
                        0.067416 0.605669 -0.758174,
                        0.048148 0.594873 -0.768866,
                        0.048330 0.608681 -0.757824,
                        0.042044 0.616806 -0.751683,
                        0.028880 0.637432 -0.733704,
                        0.009635 0.646807 -0.724444,
                        0.009635 0.637148 -0.733417,
                        -0.004782 0.636466 -0.732813,
                        -0.010567 0.643909 -0.725271,
                        -0.017628 0.635557 -0.731953,
                        -0.028150 0.646750 -0.719766,
                        -0.067985 0.683854 -0.664619,
                        -0.074499 0.689877 -0.651509,
                        -0.061129 0.658228 -0.696568,
                        -0.074294 0.670274 -0.670570,
                        -0.048147 0.641807 -0.718143,
                        -0.028879 0.624647 -0.739431,
                        -0.028879 0.613681 -0.749073,
                        -0.060423 0.638398 -0.715088,
                        -0.074635 0.709594 -0.631557,
                        -0.078462 0.696411 -0.638653,
                        0.133124 0.697832 -0.631557,
                        0.134422 0.692661 -0.634834,
                        0.134490 0.673513 -0.654277,
                        0.136859 0.641296 -0.679639,
                        0.136927 0.660671 -0.660642,
                        0.136631 0.621636 -0.698191,
                        0.133967 0.614192 -0.711015,
                        0.129844 0.607431 -0.722534,
                        0.119641 0.606919 -0.736599,
                        0.118752 0.582884 -0.754769,
                        0.113628 0.595726 -0.750283,
                        0.101671 0.543735 -0.792637,
                        0.097070 0.520723 -0.809566,
                        0.091285 0.556577 -0.788595,
                        0.085591 0.566747 -0.783345,
                        0.086684 0.581180 -0.773098,
                        0.086684 0.590839 -0.765748,
                        0.114516 0.538451 -0.789296,
                        0.067416 0.583907 -0.775135,
                        0.048148 0.585271 -0.776121,
                        0.028880 0.595442 -0.769312,
                        0.028880 0.616976 -0.751810,
                        0.028880 0.626579 -0.743314,
                        0.028880 0.606919 -0.760052,
                        0.013188 0.616806 -0.751714,
                        0.007926 0.624420 -0.744714,
                        0.000342 0.616522 -0.751428,
                        -0.010567 0.627943 -0.739781,
                        -0.009634 0.615783 -0.750823,
                        -0.078348 0.677036 -0.657714,
                        -0.073975 0.650160 -0.689440,
                        -0.078165 0.657433 -0.676584,
                        -0.044389 0.600840 -0.754260,
                        -0.009634 0.606181 -0.758652,
                        -0.028879 0.604078 -0.756838,
                        -0.073269 0.629477 -0.707737,
                        -0.057235 0.596862 -0.751078,
                        -0.061813 0.563054 -0.773767,
                        -0.062678 0.584021 -0.756201,
                        -0.074658 0.554361 -0.767498,
                        -0.079828 0.700105 -0.631557,
                        -0.080807 0.683684 -0.645240,
                        0.136495 0.689366 -0.631557,
                        0.138476 0.683684 -0.631557,
                        0.136927 0.679763 -0.641421,
                        0.138909 0.627318 -0.685240,
                        0.139159 0.646807 -0.666147,
                        0.139205 0.666126 -0.646895,
                        0.138385 0.607431 -0.704078,
                        0.136199 0.601351 -0.716138,
                        0.133124 0.592487 -0.728962,
                        0.125972 0.530212 -0.780576,
                        0.118821 0.525609 -0.793273,
                        0.100441 0.485210 -0.830759,
                        0.090306 0.498052 -0.826622,
                        0.078440 0.559247 -0.790346,
                        0.077460 0.501120 -0.828595,
                        0.116725 0.502654 -0.810266,
                        0.067416 0.570270 -0.784777,
                        0.048148 0.571861 -0.785763,
                        0.028880 0.572486 -0.786145,
                        0.028880 0.585782 -0.776503,
                        0.009635 0.595214 -0.769153,
                        0.007926 0.608794 -0.758047,
                        -0.009634 0.594078 -0.768293,
                        -0.080534 0.664194 -0.664396,
                        -0.077710 0.637318 -0.694913,
                        -0.079942 0.644421 -0.683394,
                        -0.041337 0.579532 -0.771826,
                        -0.054183 0.575895 -0.769057,
                        -0.028879 0.591578 -0.766480,
                        -0.077118 0.616636 -0.712988,
                        -0.059307 0.541121 -0.791205,
                        -0.063339 0.529814 -0.795087,
                        -0.072973 0.529814 -0.785222,
                        -0.076503 0.518393 -0.788882,
                        -0.077755 0.541519 -0.771889,
                        -0.078530 0.562429 -0.754674,
                        -0.080876 0.697377 -0.631557,
                        -0.085135 0.683854 -0.631557,
                        0.142302 0.665046 -0.631557,
                        0.143213 0.626181 -0.664747,
                        0.142712 0.606919 -0.683998,
                        0.143396 0.645443 -0.645463,
                        0.141824 0.587600 -0.703282,
                        0.140412 0.568338 -0.722534,
                        0.137383 0.586691 -0.722534,
                        0.135401 0.521973 -0.771889,
                        0.135310 0.579646 -0.733163,
                        0.132099 0.510552 -0.785127,
                        0.121782 0.509700 -0.799637,
                        0.113286 0.478960 -0.826908,
                        0.106499 0.472312 -0.834482,
                        0.101306 0.448447 -0.850520,
                        0.094155 0.461232 -0.847115,
                        0.087322 0.471403 -0.843519,
                        0.084999 0.491460 -0.832414,
                        0.067416 0.560611 -0.791237,
                        0.067416 0.502370 -0.829422,
                        0.081309 0.464584 -0.848929,
                        0.067416 0.476801 -0.845079,
                        0.067416 0.491290 -0.836391,
                        0.119686 0.491290 -0.813639,
                        0.117705 0.466119 -0.830441,
                        0.048148 0.562202 -0.792350,
                        0.028880 0.562884 -0.792828,
                        0.009635 0.562656 -0.792669,
                        0.009635 0.572259 -0.785922,
                        0.009635 0.585555 -0.776312,
                        -0.009634 0.584419 -0.775421,
                        -0.028879 0.581975 -0.773608,
                        -0.085613 0.645443 -0.664747,
                        -0.086365 0.664706 -0.645463,
                        -0.086706 0.678570 -0.631557,
                        -0.080899 0.568679 -0.742327,
                        -0.035894 0.557940 -0.789391,
                        -0.048147 0.554588 -0.787004,
                        -0.047919 0.569020 -0.776726,
                        -0.048147 0.544928 -0.793846,
                        -0.055936 0.518961 -0.808452,
                        -0.061198 0.506120 -0.812239,
                        -0.058806 0.482881 -0.829263,
                        -0.061790 0.472028 -0.832032,
                        -0.072472 0.473562 -0.818508,
                        -0.076913 0.481006 -0.808834,
                        -0.078234 0.505552 -0.792128,
                        -0.079190 0.529814 -0.775612,
                        -0.080010 0.548394 -0.761070,
                        0.143669 0.645443 -0.631557,
                        0.143646 0.626181 -0.645463,
                        0.143441 0.606919 -0.664747,
                        0.141710 0.452766 -0.780354,
                        0.141779 0.491290 -0.761070,
                        0.140822 0.472028 -0.780354,
                        0.140116 0.510552 -0.761070,
                        0.136586 0.510552 -0.775517,
                        0.134377 0.498904 -0.788786,
                        0.130140 0.492029 -0.799033,
                        0.114152 0.441572 -0.846670,
                        0.107023 0.434470 -0.854689,
                        0.094861 0.423049 -0.866653,
                        0.087755 0.433163 -0.863471,
                        0.087322 0.453959 -0.852843,
                        0.048148 0.549076 -0.801069,
                        0.048148 0.513848 -0.824299,
                        0.048148 0.528507 -0.814657,
                        0.048148 0.538110 -0.808325,
                        0.048148 0.504188 -0.830632,
                        0.082015 0.426458 -0.868244,
                        0.067416 0.438958 -0.864967,
                        0.067416 0.452766 -0.857903,
                        0.067416 0.467141 -0.850329,
                        0.048148 0.469244 -0.851538,
                        0.048148 0.478903 -0.846192,
                        0.048148 0.491290 -0.838714,
                        0.123216 0.472312 -0.819844,
                        0.118206 0.428731 -0.850488,
                        0.028880 0.529303 -0.815262,
                        0.028880 0.538905 -0.808866,
                        0.009635 0.538849 -0.808802,
                        -0.009634 0.549076 -0.800274,
                        -0.009634 0.561349 -0.791809,
                        -0.009634 0.537769 -0.808070,
                        -0.009634 0.570952 -0.785063,
                        -0.023048 0.559872 -0.790791,
                        -0.084497 0.626181 -0.683998,
                        -0.085112 0.549076 -0.741818,
                        -0.088414 0.664706 -0.631557,
                        -0.085864 0.568338 -0.722534,
                        -0.029243 0.550554 -0.795978,
                        -0.028879 0.535383 -0.806511,
                        -0.043091 0.522825 -0.810934,
                        -0.048967 0.529473 -0.804156,
                        -0.036099 0.500040 -0.827927,
                        -0.048147 0.486744 -0.831586,
                        -0.046872 0.470607 -0.841037,
                        -0.052429 0.457368 -0.845269,
                        -0.052338 0.418674 -0.864680,
                        -0.058601 0.444584 -0.848420,
                        -0.061448 0.433561 -0.851315,
                        -0.075478 0.452766 -0.825636,
                        -0.077049 0.443106 -0.828468,
                        -0.080716 0.511404 -0.781627,
                        -0.083632 0.529814 -0.761070,
                        0.142143 0.626181 -0.631557,
                        0.139569 0.159971 -0.857393,
                        0.140822 0.159971 -0.876645,
                        0.141551 0.221621 -0.857393,
                        0.141596 0.240883 -0.857393,
                        0.141278 0.221621 -0.876645,
                        0.140594 0.433561 -0.799574,
                        0.140594 0.240883 -0.876645,
                        0.140230 0.395036 -0.818858,
                        0.137952 0.492029 -0.781563,
                        0.138772 0.414298 -0.818858,
                        0.138134 0.454243 -0.801229,
                        0.137018 0.472028 -0.796137,
                        0.135766 0.486063 -0.792255,
                        0.134695 0.461630 -0.808770,
                        0.133169 0.472028 -0.805779,
                        0.131120 0.454243 -0.818699,
                        0.106955 0.415719 -0.864012,
                        0.101215 0.410207 -0.869358,
                        0.097753 0.367876 -0.886924,
                        0.086684 0.395036 -0.879987,
                        0.087755 0.415719 -0.871490,
                        0.028880 0.514700 -0.824904,
                        0.028880 0.505097 -0.831141,
                        0.076458 0.385150 -0.886192,
                        0.067416 0.414298 -0.876041,
                        0.067416 0.429356 -0.869517,
                        0.048148 0.441288 -0.866112,
                        0.048148 0.452766 -0.860289,
                        0.028880 0.470153 -0.852079,
                        0.028880 0.479812 -0.846701,
                        0.028880 0.491290 -0.839732,
                        0.133101 0.437140 -0.825063,
                        0.130732 0.414298 -0.840369,
                        0.121098 0.414298 -0.853893,
                        0.114061 0.402139 -0.866081,
                        0.009635 0.529189 -0.815198,
                        -0.009634 0.528110 -0.814466,
                        -0.023276 0.502313 -0.829359,
                        -0.085454 0.510552 -0.761070,
                        -0.086387 0.529814 -0.741818,
                        -0.089007 0.659308 -0.631557,
                        -0.028879 0.525780 -0.812875,
                        -0.029357 0.509472 -0.823376,
                        -0.029357 0.492711 -0.833814,
                        -0.028879 0.475096 -0.844156,
                        -0.039584 0.463221 -0.848165,
                        -0.046826 0.432083 -0.860512,
                        -0.039492 0.424640 -0.867353,
                        -0.046826 0.413048 -0.869358,
                        -0.058396 0.405832 -0.867481,
                        -0.064295 0.413048 -0.857903,
                        -0.079304 0.452766 -0.815994,
                        -0.075091 0.414298 -0.844251,
                        -0.076799 0.403162 -0.847083,
                        -0.078165 0.430265 -0.830950,
                        -0.083586 0.491290 -0.780354,
                        0.096273 0.159971 -0.631557,
                        0.137246 0.159971 -0.897297,
                        0.141323 0.202359 -0.876645,
                        0.137725 0.183097 -0.894911,
                        0.137725 0.202359 -0.894465,
                        0.137520 0.221621 -0.893511,
                        0.136996 0.240883 -0.891442,
                        0.139182 0.260145 -0.876645,
                        0.138727 0.317931 -0.857393,
                        0.135766 0.414298 -0.830727,
                        0.136722 0.431856 -0.818699,
                        0.137041 0.336227 -0.857839,
                        0.136996 0.395036 -0.834641,
                        0.136016 0.448845 -0.812207,
                        0.134946 0.424299 -0.828659,
                        0.115245 0.346398 -0.886096,
                        0.107683 0.338841 -0.892620,
                        0.098437 0.311283 -0.906526,
                        0.091809 0.324125 -0.904394,
                        0.086684 0.356455 -0.894147,
                        0.086684 0.372081 -0.888483,
                        0.086684 0.381740 -0.884951,
                        0.009635 0.514586 -0.824840,
                        0.009635 0.504927 -0.831045,
                        0.063613 0.387479 -0.887115,
                        0.068988 0.394355 -0.883742,
                        0.078963 0.328954 -0.906017,
                        0.067416 0.356455 -0.898061,
                        0.068988 0.377536 -0.890074,
                        0.048148 0.399127 -0.884123,
                        0.048148 0.414298 -0.878014,
                        0.048148 0.431629 -0.870504,
                        0.028880 0.442140 -0.866526,
                        0.028880 0.452766 -0.861212,
                        0.009635 0.469926 -0.851888,
                        0.009635 0.479585 -0.846574,
                        0.009635 0.491290 -0.839510,
                        0.133306 0.395036 -0.844283,
                        0.133807 0.341966 -0.864585,
                        0.130459 0.317931 -0.878841,
                        0.118297 0.333557 -0.888642,
                        0.116999 0.389298 -0.868308,
                        -0.009634 0.513450 -0.824076,
                        -0.009634 0.491290 -0.837951,
                        -0.009634 0.478051 -0.845715,
                        -0.009634 0.503790 -0.830345,
                        -0.081696 0.375717 -0.838110,
                        -0.080694 0.202359 -0.895929,
                        -0.081103 0.183097 -0.895929,
                        -0.086866 0.549076 -0.722534,
                        -0.081149 0.163778 -0.895929,
                        -0.081126 0.159971 -0.895929,
                        -0.088187 0.645443 -0.631557,
                        -0.009634 0.468391 -0.851061,
                        -0.028879 0.465437 -0.849438,
                        -0.028879 0.452766 -0.856057,
                        -0.028879 0.436856 -0.864012,
                        -0.028879 0.427253 -0.868531,
                        -0.035643 0.383956 -0.885683,
                        -0.043068 0.371115 -0.888387,
                        -0.055914 0.363558 -0.885205,
                        -0.059717 0.350717 -0.887783,
                        -0.062701 0.337193 -0.890265,
                        -0.060583 0.395036 -0.869422,
                        -0.072335 0.337193 -0.879032,
                        -0.071447 0.396059 -0.856343,
                        -0.079213 0.414298 -0.834641,
                        -0.075182 0.317931 -0.882246,
                        -0.077186 0.347535 -0.867290,
                        -0.078006 0.337193 -0.869422,
                        -0.077801 0.390320 -0.849215,
                        -0.079805 0.396059 -0.839637,
                        -0.014667 0.159971 -0.631557,
                        0.136358 0.159971 -0.900320,
                        0.134217 0.202359 -0.904075,
                        0.134809 0.159971 -0.905380,
                        0.133739 0.221621 -0.903153,
                        0.132349 0.240883 -0.901084,
                        0.135948 0.260145 -0.888547,
                        0.135811 0.317931 -0.869231,
                        0.135174 0.329125 -0.867608,
                        0.115382 0.288669 -0.905412,
                        0.105292 0.317818 -0.900989,
                        0.102559 0.298669 -0.908499,
                        0.097389 0.252020 -0.925237,
                        0.091057 0.264861 -0.923391,
                        0.085910 0.336114 -0.901689,
                        0.086684 0.298669 -0.913940,
                        0.085910 0.317818 -0.907958,
                        0.048148 0.389525 -0.887910,
                        0.048148 0.356455 -0.900320,
                        0.048148 0.375717 -0.893192,
                        0.067416 0.331568 -0.906908,
                        0.067416 0.341171 -0.903566,
                        0.078212 0.270714 -0.925109,
                        0.067416 0.283271 -0.922977,
                        0.067416 0.298669 -0.917886,
                        0.067416 0.317931 -0.911490,
                        0.048148 0.344353 -0.904680,
                        0.028880 0.400434 -0.884601,
                        0.028880 0.390832 -0.888451,
                        0.028880 0.414298 -0.878841,
                        0.028880 0.432481 -0.870918,
                        0.009635 0.432197 -0.870790,
                        0.009635 0.441800 -0.866367,
                        0.009635 0.452766 -0.860894,
                        -0.009634 0.452766 -0.859303,
                        0.134035 0.284407 -0.884314,
                        0.129844 0.260145 -0.898157,
                        0.120825 0.317931 -0.891060,
                        0.120210 0.260145 -0.909835,
                        0.117682 0.275827 -0.907353,
                        -0.078894 0.317931 -0.872604,
                        -0.079236 0.222871 -0.897584,
                        -0.078211 0.202359 -0.907894,
                        -0.078712 0.183097 -0.909262,
                        -0.078621 0.260145 -0.890297,
                        -0.078940 0.159971 -0.910567,
                        -0.080739 0.159971 -0.899048,
                        -0.079669 0.159971 -0.882373,
                        -0.087845 0.640046 -0.631557,
                        -0.009634 0.440209 -0.865635,
                        -0.009634 0.430606 -0.870058,
                        -0.009634 0.414298 -0.877186,
                        -0.022798 0.387025 -0.887019,
                        -0.028879 0.414298 -0.874100,
                        -0.029084 0.376854 -0.890106,
                        -0.028879 0.356455 -0.898157,
                        -0.038923 0.328045 -0.905698,
                        -0.048944 0.356853 -0.891092,
                        -0.052361 0.317931 -0.903089,
                        -0.056574 0.306226 -0.904903,
                        -0.065548 0.317931 -0.893447,
                        -0.059262 0.293385 -0.906780,
                        -0.058715 0.234008 -0.925459,
                        -0.077254 0.290771 -0.886637,
                        -0.076366 0.303612 -0.884378,
                        -0.064295 0.260145 -0.912063,
                        -0.076936 0.230087 -0.905094,
                        -0.079259 0.159971 -0.879350,
                        0.129115 0.159971 -0.913654,
                        0.118456 0.159971 -0.927464,
                        0.124105 0.221621 -0.914163,
                        0.122715 0.240883 -0.912413,
                        0.135105 0.271566 -0.886765,
                        0.109938 0.240883 -0.922054,
                        0.104677 0.259122 -0.919668,
                        0.085455 0.259122 -0.926478,
                        0.100304 0.240883 -0.926509,
                        0.086684 0.221621 -0.934306,
                        0.086684 0.240883 -0.930583,
                        0.085455 0.278043 -0.920813,
                        0.028880 0.375717 -0.894338,
                        0.032433 0.345944 -0.905253,
                        0.027195 0.354580 -0.902389,
                        0.048148 0.287305 -0.924282,
                        0.067416 0.273668 -0.926032,
                        0.067416 0.260145 -0.929787,
                        0.048148 0.277702 -0.927369,
                        0.037876 0.288953 -0.924791,
                        0.009635 0.375717 -0.894561,
                        0.009635 0.400321 -0.884505,
                        0.009635 0.414298 -0.878682,
                        0.113673 0.221621 -0.923805,
                        -0.077847 0.279407 -0.887910,
                        -0.077573 0.217246 -0.906526,
                        -0.073588 0.183097 -0.918904,
                        -0.074909 0.159971 -0.920209,
                        -0.078257 0.159971 -0.912476,
                        -0.009634 0.375717 -0.893574,
                        -0.009634 0.356455 -0.901148,
                        -0.009634 0.345262 -0.905030,
                        -0.028879 0.340887 -0.903534,
                        -0.046462 0.335545 -0.899811,
                        -0.028879 0.298669 -0.917822,
                        -0.028879 0.283100 -0.922946,
                        -0.038627 0.269918 -0.924855,
                        -0.042727 0.317931 -0.907385,
                        -0.055595 0.246849 -0.923805,
                        -0.060241 0.221621 -0.926700,
                        -0.065206 0.240599 -0.916486,
                        -0.048762 0.240599 -0.928101,
                        -0.040950 0.178324 -0.945252,
                        -0.044275 0.163778 -0.947002,
                        -0.054615 0.159971 -0.942293,
                        -0.071242 0.222871 -0.913845,
                        -0.071948 0.202359 -0.917536,
                        0.105770 0.159971 -0.935929,
                        0.116224 0.197415 -0.925332,
                        0.115245 0.210257 -0.924600,
                        0.104039 0.221621 -0.928323,
                        0.092173 0.159971 -0.942770,
                        0.067416 0.221621 -0.938156,
                        0.082608 0.159971 -0.945825,
                        0.067416 0.159971 -0.949676,
                        0.067416 0.240883 -0.934369,
                        0.019610 0.346910 -0.905571,
                        0.010477 0.354580 -0.902739,
                        0.048148 0.260145 -0.932301,
                        0.030429 0.281282 -0.927591,
                        0.028880 0.260145 -0.933701,
                        0.025054 0.289805 -0.925109,
                        0.004624 0.346739 -0.905507,
                        -0.063953 0.183097 -0.930392,
                        -0.065069 0.163778 -0.932301,
                        -0.064978 0.159971 -0.932969,
                        -0.072813 0.159971 -0.922946,
                        -0.001252 0.289407 -0.924950,
                        -0.014098 0.287362 -0.924314,
                        -0.028879 0.273441 -0.925905,
                        -0.028879 0.260145 -0.929405,
                        -0.028879 0.240883 -0.934019,
                        -0.028879 0.163778 -0.952189,
                        -0.036896 0.191165 -0.943725,
                        -0.041770 0.260145 -0.926064,
                        -0.062314 0.202359 -0.928546,
                        -0.028879 0.159971 -0.953017,
                        -0.041223 0.159971 -0.948848,
                        -0.045232 0.159971 -0.947225,
                        -0.062837 0.159971 -0.935197,
                        0.048148 0.159971 -0.953303,
                        0.048148 0.240883 -0.936692,
                        0.017469 0.346910 -0.905571,
                        0.009635 0.289862 -0.925109,
                        0.028880 0.240883 -0.938124,
                        0.009635 0.279407 -0.928419,
                        0.009635 0.260145 -0.933828,
                        0.009635 0.240883 -0.938347,
                        -0.008449 0.280316 -0.927019,
                        -0.009634 0.260145 -0.932556,
                        -0.025098 0.159971 -0.953685,
                        0.032683 0.159971 -0.955149,
                        0.028880 0.159971 -0.955594,
                        0.009635 0.159971 -0.956644,
                        -0.009634 0.163778 -0.955181,
                        -0.005830 0.159971 -0.956231,
                        -0.009634 0.159971 -0.956072,
                    ]
                }
                coordIndex [ 
                        0, 1, 6, -1,
                        0, 6, 15, -1,
                        0, 15, 27, -1,
                        0, 27, 44, -1,
                        0, 44, 66, -1,
                        0, 66, 86, -1,
                        0, 86, 85, -1,
                        0, 85, 116, -1,
                        0, 116, 118, -1,
                        0, 118, 153, -1,
                        0, 153, 195, -1,
                        0, 195, 233, -1,
                        0, 233, 234, -1,
                        0, 234, 268, -1,
                        0, 268, 322, -1,
                        0, 322, 380, -1,
                        0, 380, 448, -1,
                        0, 448, 516, -1,
                        0, 516, 468, -1,
                        0, 468, 396, -1,
                        0, 396, 339, -1,
                        0, 339, 283, -1,
                        0, 283, 235, -1,
                        0, 235, 198, -1,
                        0, 198, 197, -1,
                        0, 197, 155, -1,
                        0, 155, 119, -1,
                        0, 119, 88, -1,
                        0, 88, 87, -1,
                        0, 87, 67, -1,
                        0, 67, 47, -1,
                        0, 47, 46, -1,
                        0, 46, 45, -1,
                        0, 45, 29, -1,
                        0, 29, 28, -1,
                        0, 28, 16, -1,
                        0, 16, 7, -1,
                        0, 7, 2, -1,
                        0, 2, 3, -1,
                        0, 3, 4, -1,
                        0, 4, 5, -1,
                        0, 5, 1, -1,
                        1, 5, 6, -1,
                        2, 7, 3, -1,
                        3, 7, 8, -1,
                        3, 8, 9, -1,
                        3, 9, 10, -1,
                        3, 10, 11, -1,
                        3, 11, 4, -1,
                        4, 11, 12, -1,
                        4, 12, 5, -1,
                        5, 12, 13, -1,
                        5, 13, 25, -1,
                        5, 25, 14, -1,
                        5, 14, 6, -1,
                        6, 14, 15, -1,
                        7, 16, 8, -1,
                        8, 17, 9, -1,
                        8, 16, 17, -1,
                        9, 17, 10, -1,
                        10, 18, 19, -1,
                        10, 19, 20, -1,
                        10, 20, 21, -1,
                        10, 21, 11, -1,
                        10, 17, 18, -1,
                        11, 21, 12, -1,
                        12, 21, 22, -1,
                        12, 22, 13, -1,
                        13, 22, 23, -1,
                        13, 23, 24, -1,
                        13, 24, 25, -1,
                        14, 26, 15, -1,
                        14, 25, 26, -1,
                        15, 26, 27, -1,
                        16, 28, 17, -1,
                        17, 28, 29, -1,
                        17, 29, 30, -1,
                        17, 30, 31, -1,
                        17, 31, 18, -1,
                        18, 32, 33, -1,
                        18, 33, 19, -1,
                        18, 31, 32, -1,
                        19, 33, 34, -1,
                        19, 34, 35, -1,
                        19, 35, 20, -1,
                        20, 36, 37, -1,
                        20, 37, 21, -1,
                        20, 35, 38, -1,
                        20, 38, 36, -1,
                        21, 37, 39, -1,
                        21, 39, 22, -1,
                        22, 39, 23, -1,
                        23, 39, 40, -1,
                        23, 40, 24, -1,
                        24, 40, 41, -1,
                        24, 41, 42, -1,
                        24, 42, 25, -1,
                        25, 42, 26, -1,
                        26, 43, 27, -1,
                        26, 42, 43, -1,
                        27, 43, 44, -1,
                        29, 45, 30, -1,
                        30, 46, 47, -1,
                        30, 47, 48, -1,
                        30, 48, 32, -1,
                        30, 32, 31, -1,
                        30, 45, 46, -1,
                        32, 48, 33, -1,
                        33, 48, 49, -1,
                        33, 49, 50, -1,
                        33, 50, 51, -1,
                        33, 51, 52, -1,
                        33, 52, 53, -1,
                        33, 53, 34, -1,
                        34, 53, 54, -1,
                        34, 54, 35, -1,
                        35, 54, 55, -1,
                        35, 55, 56, -1,
                        35, 56, 38, -1,
                        36, 57, 39, -1,
                        36, 39, 37, -1,
                        36, 38, 57, -1,
                        38, 56, 75, -1,
                        38, 75, 58, -1,
                        38, 58, 59, -1,
                        38, 59, 57, -1,
                        39, 57, 40, -1,
                        40, 60, 41, -1,
                        40, 57, 59, -1,
                        40, 59, 58, -1,
                        40, 58, 61, -1,
                        40, 61, 60, -1,
                        41, 60, 62, -1,
                        41, 62, 42, -1,
                        42, 62, 63, -1,
                        42, 63, 64, -1,
                        42, 64, 43, -1,
                        43, 65, 66, -1,
                        43, 66, 44, -1,
                        43, 64, 65, -1,
                        47, 67, 48, -1,
                        48, 67, 68, -1,
                        48, 68, 49, -1,
                        49, 68, 50, -1,
                        50, 69, 51, -1,
                        50, 68, 69, -1,
                        51, 69, 70, -1,
                        51, 70, 71, -1,
                        51, 71, 52, -1,
                        52, 71, 53, -1,
                        53, 71, 54, -1,
                        54, 71, 72, -1,
                        54, 72, 73, -1,
                        54, 73, 55, -1,
                        55, 73, 74, -1,
                        55, 74, 56, -1,
                        56, 74, 75, -1,
                        58, 75, 61, -1,
                        60, 61, 76, -1,
                        60, 76, 77, -1,
                        60, 77, 62, -1,
                        61, 75, 78, -1,
                        61, 78, 76, -1,
                        62, 77, 63, -1,
                        63, 79, 80, -1,
                        63, 80, 64, -1,
                        63, 77, 81, -1,
                        63, 81, 82, -1,
                        63, 82, 79, -1,
                        64, 80, 83, -1,
                        64, 83, 65, -1,
                        65, 84, 85, -1,
                        65, 85, 86, -1,
                        65, 86, 66, -1,
                        65, 83, 84, -1,
                        67, 87, 68, -1,
                        68, 87, 88, -1,
                        68, 88, 89, -1,
                        68, 89, 90, -1,
                        68, 90, 69, -1,
                        69, 90, 91, -1,
                        69, 91, 92, -1,
                        69, 92, 93, -1,
                        69, 93, 70, -1,
                        70, 93, 94, -1,
                        70, 94, 71, -1,
                        71, 94, 95, -1,
                        71, 95, 96, -1,
                        71, 96, 72, -1,
                        72, 97, 98, -1,
                        72, 98, 73, -1,
                        72, 96, 99, -1,
                        72, 99, 100, -1,
                        72, 100, 101, -1,
                        72, 101, 102, -1,
                        72, 102, 97, -1,
                        73, 98, 97, -1,
                        73, 97, 103, -1,
                        73, 103, 74, -1,
                        74, 104, 75, -1,
                        74, 103, 105, -1,
                        74, 105, 104, -1,
                        75, 104, 78, -1,
                        76, 78, 106, -1,
                        76, 106, 107, -1,
                        76, 107, 77, -1,
                        77, 107, 108, -1,
                        77, 108, 109, -1,
                        77, 109, 81, -1,
                        78, 104, 106, -1,
                        79, 110, 80, -1,
                        79, 82, 111, -1,
                        79, 111, 110, -1,
                        80, 110, 83, -1,
                        81, 112, 113, -1,
                        81, 113, 82, -1,
                        81, 109, 114, -1,
                        81, 114, 115, -1,
                        81, 115, 112, -1,
                        82, 113, 111, -1,
                        83, 110, 84, -1,
                        84, 116, 85, -1,
                        84, 110, 117, -1,
                        84, 117, 118, -1,
                        84, 118, 116, -1,
                        88, 119, 120, -1,
                        88, 120, 89, -1,
                        89, 120, 121, -1,
                        89, 121, 90, -1,
                        90, 121, 91, -1,
                        91, 121, 122, -1,
                        91, 122, 123, -1,
                        91, 123, 124, -1,
                        91, 124, 92, -1,
                        92, 124, 125, -1,
                        92, 125, 93, -1,
                        93, 125, 126, -1,
                        93, 126, 94, -1,
                        94, 126, 95, -1,
                        95, 126, 127, -1,
                        95, 127, 96, -1,
                        96, 127, 99, -1,
                        97, 128, 103, -1,
                        97, 102, 129, -1,
                        97, 129, 128, -1,
                        99, 127, 100, -1,
                        100, 127, 130, -1,
                        100, 130, 131, -1,
                        100, 131, 132, -1,
                        100, 132, 133, -1,
                        100, 133, 134, -1,
                        100, 134, 101, -1,
                        101, 134, 102, -1,
                        102, 134, 133, -1,
                        102, 133, 135, -1,
                        102, 135, 136, -1,
                        102, 136, 137, -1,
                        102, 137, 129, -1,
                        103, 128, 138, -1,
                        103, 138, 105, -1,
                        104, 105, 106, -1,
                        105, 138, 139, -1,
                        105, 139, 106, -1,
                        106, 139, 108, -1,
                        106, 108, 107, -1,
                        108, 139, 140, -1,
                        108, 140, 141, -1,
                        108, 141, 142, -1,
                        108, 142, 109, -1,
                        109, 142, 143, -1,
                        109, 143, 144, -1,
                        109, 144, 114, -1,
                        110, 111, 145, -1,
                        110, 145, 146, -1,
                        110, 146, 117, -1,
                        111, 113, 147, -1,
                        111, 147, 148, -1,
                        111, 148, 145, -1,
                        112, 147, 113, -1,
                        112, 115, 147, -1,
                        114, 149, 115, -1,
                        114, 144, 150, -1,
                        114, 150, 151, -1,
                        114, 151, 149, -1,
                        115, 149, 152, -1,
                        115, 152, 147, -1,
                        117, 153, 118, -1,
                        117, 146, 154, -1,
                        117, 154, 153, -1,
                        119, 155, 120, -1,
                        120, 155, 156, -1,
                        120, 156, 157, -1,
                        120, 157, 121, -1,
                        121, 157, 122, -1,
                        122, 158, 123, -1,
                        122, 157, 159, -1,
                        122, 159, 158, -1,
                        123, 158, 160, -1,
                        123, 160, 161, -1,
                        123, 161, 124, -1,
                        124, 161, 162, -1,
                        124, 162, 125, -1,
                        125, 162, 126, -1,
                        126, 162, 163, -1,
                        126, 163, 164, -1,
                        126, 164, 165, -1,
                        126, 165, 131, -1,
                        126, 131, 130, -1,
                        126, 130, 127, -1,
                        128, 129, 137, -1,
                        128, 137, 138, -1,
                        131, 166, 167, -1,
                        131, 167, 168, -1,
                        131, 168, 169, -1,
                        131, 169, 170, -1,
                        131, 170, 171, -1,
                        131, 171, 132, -1,
                        131, 165, 172, -1,
                        131, 172, 166, -1,
                        132, 171, 133, -1,
                        133, 171, 173, -1,
                        133, 173, 135, -1,
                        135, 173, 174, -1,
                        135, 174, 175, -1,
                        135, 175, 137, -1,
                        135, 137, 136, -1,
                        137, 176, 177, -1,
                        137, 177, 138, -1,
                        137, 175, 178, -1,
                        137, 178, 176, -1,
                        138, 140, 139, -1,
                        138, 177, 179, -1,
                        138, 179, 140, -1,
                        140, 179, 180, -1,
                        140, 180, 181, -1,
                        140, 181, 141, -1,
                        141, 182, 143, -1,
                        141, 143, 142, -1,
                        141, 181, 182, -1,
                        143, 182, 183, -1,
                        143, 183, 151, -1,
                        143, 151, 150, -1,
                        143, 150, 144, -1,
                        145, 148, 146, -1,
                        146, 148, 184, -1,
                        146, 184, 154, -1,
                        147, 152, 185, -1,
                        147, 185, 148, -1,
                        148, 185, 186, -1,
                        148, 186, 184, -1,
                        149, 151, 187, -1,
                        149, 187, 152, -1,
                        151, 183, 188, -1,
                        151, 188, 189, -1,
                        151, 189, 187, -1,
                        152, 190, 185, -1,
                        152, 187, 191, -1,
                        152, 191, 192, -1,
                        152, 192, 193, -1,
                        152, 193, 194, -1,
                        152, 194, 190, -1,
                        153, 154, 195, -1,
                        154, 184, 196, -1,
                        154, 196, 195, -1,
                        155, 197, 156, -1,
                        156, 197, 198, -1,
                        156, 198, 199, -1,
                        156, 199, 157, -1,
                        157, 199, 159, -1,
                        158, 200, 160, -1,
                        158, 159, 201, -1,
                        158, 201, 200, -1,
                        159, 199, 202, -1,
                        159, 202, 201, -1,
                        160, 203, 204, -1,
                        160, 204, 161, -1,
                        160, 200, 203, -1,
                        161, 204, 205, -1,
                        161, 205, 162, -1,
                        162, 205, 163, -1,
                        163, 205, 164, -1,
                        164, 205, 206, -1,
                        164, 206, 207, -1,
                        164, 207, 172, -1,
                        164, 172, 165, -1,
                        166, 172, 208, -1,
                        166, 208, 167, -1,
                        167, 208, 209, -1,
                        167, 209, 168, -1,
                        168, 210, 169, -1,
                        168, 209, 211, -1,
                        168, 211, 210, -1,
                        169, 210, 170, -1,
                        170, 210, 173, -1,
                        170, 173, 171, -1,
                        172, 207, 212, -1,
                        172, 212, 208, -1,
                        173, 210, 213, -1,
                        173, 213, 214, -1,
                        173, 214, 174, -1,
                        174, 214, 215, -1,
                        174, 215, 216, -1,
                        174, 216, 175, -1,
                        175, 216, 217, -1,
                        175, 217, 178, -1,
                        176, 178, 179, -1,
                        176, 179, 177, -1,
                        178, 217, 179, -1,
                        179, 181, 180, -1,
                        179, 217, 218, -1,
                        179, 218, 181, -1,
                        181, 218, 217, -1,
                        181, 217, 219, -1,
                        181, 219, 188, -1,
                        181, 188, 183, -1,
                        181, 183, 182, -1,
                        184, 186, 220, -1,
                        184, 220, 196, -1,
                        185, 190, 221, -1,
                        185, 221, 186, -1,
                        186, 221, 222, -1,
                        186, 222, 220, -1,
                        187, 189, 223, -1,
                        187, 223, 224, -1,
                        187, 224, 191, -1,
                        188, 219, 189, -1,
                        189, 219, 225, -1,
                        189, 225, 223, -1,
                        190, 194, 226, -1,
                        190, 226, 221, -1,
                        191, 224, 192, -1,
                        192, 224, 227, -1,
                        192, 227, 194, -1,
                        192, 194, 193, -1,
                        194, 227, 228, -1,
                        194, 228, 229, -1,
                        194, 229, 230, -1,
                        194, 230, 231, -1,
                        194, 231, 232, -1,
                        194, 232, 226, -1,
                        195, 196, 233, -1,
                        196, 220, 234, -1,
                        196, 234, 233, -1,
                        198, 235, 202, -1,
                        198, 202, 199, -1,
                        200, 201, 236, -1,
                        200, 236, 237, -1,
                        200, 237, 203, -1,
                        201, 238, 236, -1,
                        201, 202, 238, -1,
                        202, 235, 238, -1,
                        203, 237, 239, -1,
                        203, 239, 240, -1,
                        203, 240, 241, -1,
                        203, 241, 204, -1,
                        204, 241, 242, -1,
                        204, 242, 243, -1,
                        204, 243, 205, -1,
                        205, 243, 242, -1,
                        205, 242, 244, -1,
                        205, 244, 206, -1,
                        206, 244, 207, -1,
                        207, 244, 245, -1,
                        207, 245, 212, -1,
                        208, 246, 247, -1,
                        208, 247, 248, -1,
                        208, 248, 249, -1,
                        208, 249, 250, -1,
                        208, 250, 251, -1,
                        208, 251, 209, -1,
                        208, 212, 246, -1,
                        209, 251, 211, -1,
                        210, 252, 213, -1,
                        210, 211, 253, -1,
                        210, 253, 252, -1,
                        211, 251, 254, -1,
                        211, 254, 255, -1,
                        211, 255, 256, -1,
                        211, 256, 253, -1,
                        212, 245, 257, -1,
                        212, 257, 258, -1,
                        212, 258, 246, -1,
                        213, 252, 259, -1,
                        213, 259, 214, -1,
                        214, 259, 260, -1,
                        214, 260, 215, -1,
                        215, 260, 261, -1,
                        215, 261, 262, -1,
                        215, 262, 263, -1,
                        215, 263, 216, -1,
                        216, 263, 217, -1,
                        217, 263, 219, -1,
                        219, 263, 264, -1,
                        219, 264, 265, -1,
                        219, 265, 225, -1,
                        220, 222, 266, -1,
                        220, 266, 267, -1,
                        220, 267, 268, -1,
                        220, 268, 234, -1,
                        221, 226, 232, -1,
                        221, 232, 222, -1,
                        222, 232, 269, -1,
                        222, 269, 266, -1,
                        223, 265, 270, -1,
                        223, 270, 271, -1,
                        223, 271, 272, -1,
                        223, 272, 224, -1,
                        223, 225, 265, -1,
                        224, 272, 271, -1,
                        224, 271, 273, -1,
                        224, 273, 227, -1,
                        227, 273, 274, -1,
                        227, 274, 228, -1,
                        228, 274, 275, -1,
                        228, 275, 230, -1,
                        228, 230, 229, -1,
                        230, 275, 276, -1,
                        230, 276, 277, -1,
                        230, 277, 278, -1,
                        230, 278, 279, -1,
                        230, 279, 280, -1,
                        230, 280, 281, -1,
                        230, 281, 231, -1,
                        231, 282, 232, -1,
                        231, 281, 282, -1,
                        232, 282, 269, -1,
                        235, 283, 238, -1,
                        236, 238, 284, -1,
                        236, 284, 285, -1,
                        236, 285, 286, -1,
                        236, 286, 287, -1,
                        236, 287, 237, -1,
                        237, 287, 239, -1,
                        238, 283, 284, -1,
                        239, 287, 288, -1,
                        239, 288, 289, -1,
                        239, 289, 240, -1,
                        240, 289, 290, -1,
                        240, 290, 241, -1,
                        241, 290, 242, -1,
                        242, 290, 291, -1,
                        242, 291, 244, -1,
                        244, 291, 292, -1,
                        244, 292, 245, -1,
                        245, 292, 257, -1,
                        246, 258, 293, -1,
                        246, 293, 248, -1,
                        246, 248, 247, -1,
                        248, 293, 294, -1,
                        248, 294, 295, -1,
                        248, 295, 249, -1,
                        249, 295, 296, -1,
                        249, 296, 297, -1,
                        249, 297, 254, -1,
                        249, 254, 250, -1,
                        250, 254, 251, -1,
                        252, 298, 259, -1,
                        252, 253, 299, -1,
                        252, 299, 300, -1,
                        252, 300, 301, -1,
                        252, 301, 298, -1,
                        253, 256, 302, -1,
                        253, 302, 299, -1,
                        254, 297, 296, -1,
                        254, 296, 303, -1,
                        254, 303, 304, -1,
                        254, 304, 305, -1,
                        254, 305, 306, -1,
                        254, 306, 255, -1,
                        255, 306, 307, -1,
                        255, 307, 308, -1,
                        255, 308, 256, -1,
                        256, 309, 302, -1,
                        256, 308, 309, -1,
                        257, 292, 310, -1,
                        257, 310, 258, -1,
                        258, 310, 311, -1,
                        258, 311, 293, -1,
                        259, 298, 312, -1,
                        259, 312, 313, -1,
                        259, 313, 260, -1,
                        260, 313, 314, -1,
                        260, 314, 261, -1,
                        261, 315, 316, -1,
                        261, 316, 318, -1,
                        261, 318, 262, -1,
                        261, 314, 317, -1,
                        261, 317, 315, -1,
                        262, 318, 264, -1,
                        262, 264, 263, -1,
                        264, 318, 319, -1,
                        264, 319, 265, -1,
                        265, 319, 270, -1,
                        266, 269, 320, -1,
                        266, 320, 321, -1,
                        266, 321, 323, -1,
                        266, 323, 267, -1,
                        267, 322, 268, -1,
                        267, 323, 322, -1,
                        269, 282, 321, -1,
                        269, 321, 320, -1,
                        270, 319, 324, -1,
                        270, 324, 325, -1,
                        270, 325, 326, -1,
                        270, 326, 273, -1,
                        270, 273, 271, -1,
                        273, 326, 327, -1,
                        273, 327, 274, -1,
                        274, 327, 326, -1,
                        274, 326, 328, -1,
                        274, 328, 329, -1,
                        274, 329, 276, -1,
                        274, 276, 275, -1,
                        276, 329, 330, -1,
                        276, 330, 331, -1,
                        276, 331, 332, -1,
                        276, 332, 333, -1,
                        276, 333, 277, -1,
                        277, 333, 334, -1,
                        277, 334, 335, -1,
                        277, 335, 278, -1,
                        278, 335, 279, -1,
                        279, 335, 336, -1,
                        279, 336, 280, -1,
                        280, 337, 281, -1,
                        280, 336, 337, -1,
                        281, 337, 338, -1,
                        281, 338, 282, -1,
                        282, 338, 321, -1,
                        283, 339, 340, -1,
                        283, 340, 341, -1,
                        283, 341, 342, -1,
                        283, 342, 284, -1,
                        284, 342, 343, -1,
                        284, 343, 285, -1,
                        285, 343, 344, -1,
                        285, 344, 286, -1,
                        286, 345, 288, -1,
                        286, 288, 287, -1,
                        286, 344, 346, -1,
                        286, 346, 347, -1,
                        286, 347, 345, -1,
                        288, 348, 289, -1,
                        288, 345, 349, -1,
                        288, 349, 350, -1,
                        288, 350, 348, -1,
                        289, 348, 290, -1,
                        290, 348, 351, -1,
                        290, 351, 352, -1,
                        290, 352, 291, -1,
                        291, 352, 353, -1,
                        291, 353, 354, -1,
                        291, 354, 292, -1,
                        292, 354, 355, -1,
                        292, 355, 310, -1,
                        293, 311, 294, -1,
                        294, 311, 356, -1,
                        294, 356, 295, -1,
                        295, 356, 357, -1,
                        295, 357, 358, -1,
                        295, 358, 359, -1,
                        295, 359, 360, -1,
                        295, 360, 303, -1,
                        295, 303, 296, -1,
                        298, 301, 312, -1,
                        299, 302, 361, -1,
                        299, 361, 300, -1,
                        300, 361, 301, -1,
                        301, 361, 312, -1,
                        302, 362, 361, -1,
                        302, 309, 362, -1,
                        303, 360, 363, -1,
                        303, 363, 364, -1,
                        303, 364, 365, -1,
                        303, 365, 304, -1,
                        304, 366, 367, -1,
                        304, 367, 305, -1,
                        304, 365, 366, -1,
                        305, 367, 306, -1,
                        306, 367, 307, -1,
                        307, 367, 368, -1,
                        307, 368, 308, -1,
                        308, 368, 369, -1,
                        308, 369, 309, -1,
                        309, 369, 370, -1,
                        309, 370, 362, -1,
                        310, 355, 311, -1,
                        311, 355, 371, -1,
                        311, 371, 372, -1,
                        311, 372, 373, -1,
                        311, 373, 374, -1,
                        311, 374, 356, -1,
                        312, 375, 314, -1,
                        312, 314, 313, -1,
                        312, 361, 418, -1,
                        312, 418, 375, -1,
                        314, 375, 376, -1,
                        314, 376, 317, -1,
                        315, 319, 316, -1,
                        315, 317, 319, -1,
                        316, 319, 318, -1,
                        317, 376, 377, -1,
                        317, 377, 325, -1,
                        317, 325, 319, -1,
                        319, 325, 324, -1,
                        321, 338, 378, -1,
                        321, 378, 379, -1,
                        321, 379, 323, -1,
                        322, 323, 380, -1,
                        323, 379, 380, -1,
                        325, 377, 381, -1,
                        325, 381, 326, -1,
                        326, 381, 328, -1,
                        328, 381, 382, -1,
                        328, 382, 377, -1,
                        328, 377, 383, -1,
                        328, 383, 384, -1,
                        328, 384, 385, -1,
                        328, 385, 329, -1,
                        329, 385, 330, -1,
                        330, 385, 331, -1,
                        331, 385, 386, -1,
                        331, 386, 332, -1,
                        332, 387, 388, -1,
                        332, 388, 389, -1,
                        332, 389, 333, -1,
                        332, 386, 387, -1,
                        333, 389, 334, -1,
                        334, 389, 390, -1,
                        334, 390, 335, -1,
                        335, 390, 336, -1,
                        336, 391, 337, -1,
                        336, 390, 392, -1,
                        336, 392, 393, -1,
                        336, 393, 394, -1,
                        336, 394, 391, -1,
                        337, 395, 338, -1,
                        337, 391, 395, -1,
                        338, 395, 378, -1,
                        339, 396, 340, -1,
                        340, 396, 468, -1,
                        340, 468, 535, -1,
                        340, 535, 515, -1,
                        340, 515, 447, -1,
                        340, 447, 514, -1,
                        340, 514, 513, -1,
                        340, 513, 564, -1,
                        340, 564, 563, -1,
                        340, 563, 602, -1,
                        340, 602, 601, -1,
                        340, 601, 615, -1,
                        340, 615, 580, -1,
                        340, 580, 614, -1,
                        340, 614, 613, -1,
                        340, 613, 612, -1,
                        340, 612, 626, -1,
                        340, 626, 632, -1,
                        340, 632, 631, -1,
                        340, 631, 629, -1,
                        340, 629, 628, -1,
                        340, 628, 627, -1,
                        340, 627, 616, -1,
                        340, 616, 590, -1,
                        340, 590, 589, -1,
                        340, 589, 587, -1,
                        340, 587, 583, -1,
                        340, 583, 537, -1,
                        340, 537, 536, -1,
                        340, 536, 471, -1,
                        340, 471, 469, -1,
                        340, 469, 397, -1,
                        340, 397, 341, -1,
                        341, 397, 398, -1,
                        341, 398, 342, -1,
                        342, 398, 343, -1,
                        343, 398, 344, -1,
                        344, 398, 399, -1,
                        344, 399, 400, -1,
                        344, 400, 401, -1,
                        344, 401, 346, -1,
                        345, 347, 349, -1,
                        346, 401, 402, -1,
                        346, 402, 403, -1,
                        346, 403, 404, -1,
                        346, 404, 347, -1,
                        347, 404, 349, -1,
                        348, 350, 351, -1,
                        349, 405, 406, -1,
                        349, 406, 350, -1,
                        349, 404, 407, -1,
                        349, 407, 408, -1,
                        349, 408, 405, -1,
                        350, 406, 351, -1,
                        351, 406, 409, -1,
                        351, 409, 352, -1,
                        352, 409, 353, -1,
                        353, 409, 410, -1,
                        353, 410, 371, -1,
                        353, 371, 354, -1,
                        354, 371, 355, -1,
                        356, 374, 357, -1,
                        357, 374, 358, -1,
                        358, 411, 412, -1,
                        358, 412, 413, -1,
                        358, 413, 414, -1,
                        358, 414, 415, -1,
                        358, 415, 416, -1,
                        358, 416, 417, -1,
                        358, 417, 359, -1,
                        358, 374, 411, -1,
                        359, 417, 363, -1,
                        359, 363, 360, -1,
                        361, 362, 418, -1,
                        362, 370, 419, -1,
                        362, 419, 418, -1,
                        363, 420, 421, -1,
                        363, 421, 364, -1,
                        363, 417, 416, -1,
                        363, 416, 422, -1,
                        363, 422, 423, -1,
                        363, 423, 424, -1,
                        363, 424, 420, -1,
                        364, 425, 426, -1,
                        364, 426, 365, -1,
                        364, 421, 420, -1,
                        364, 420, 425, -1,
                        365, 426, 427, -1,
                        365, 427, 366, -1,
                        366, 428, 429, -1,
                        366, 429, 367, -1,
                        366, 427, 498, -1,
                        366, 498, 428, -1,
                        367, 429, 368, -1,
                        368, 430, 431, -1,
                        368, 431, 369, -1,
                        368, 429, 430, -1,
                        369, 431, 432, -1,
                        369, 432, 370, -1,
                        370, 432, 419, -1,
                        371, 410, 372, -1,
                        372, 410, 433, -1,
                        372, 433, 434, -1,
                        372, 434, 435, -1,
                        372, 435, 373, -1,
                        373, 435, 436, -1,
                        373, 436, 437, -1,
                        373, 437, 374, -1,
                        374, 437, 436, -1,
                        374, 436, 411, -1,
                        375, 418, 376, -1,
                        376, 418, 438, -1,
                        376, 438, 377, -1,
                        377, 439, 440, -1,
                        377, 440, 384, -1,
                        377, 384, 383, -1,
                        377, 382, 381, -1,
                        377, 438, 441, -1,
                        377, 441, 439, -1,
                        378, 395, 442, -1,
                        378, 442, 443, -1,
                        378, 443, 444, -1,
                        378, 444, 379, -1,
                        379, 445, 380, -1,
                        379, 444, 446, -1,
                        379, 446, 447, -1,
                        379, 447, 445, -1,
                        380, 445, 447, -1,
                        380, 447, 448, -1,
                        384, 440, 449, -1,
                        384, 449, 450, -1,
                        384, 450, 385, -1,
                        385, 451, 452, -1,
                        385, 452, 387, -1,
                        385, 387, 386, -1,
                        385, 450, 451, -1,
                        387, 452, 453, -1,
                        387, 453, 454, -1,
                        387, 454, 455, -1,
                        387, 455, 388, -1,
                        388, 455, 389, -1,
                        389, 455, 456, -1,
                        389, 456, 457, -1,
                        389, 457, 458, -1,
                        389, 458, 459, -1,
                        389, 459, 390, -1,
                        390, 459, 458, -1,
                        390, 458, 460, -1,
                        390, 460, 461, -1,
                        390, 461, 393, -1,
                        390, 393, 392, -1,
                        391, 394, 462, -1,
                        391, 462, 395, -1,
                        393, 462, 394, -1,
                        393, 461, 460, -1,
                        393, 460, 463, -1,
                        393, 463, 464, -1,
                        393, 464, 465, -1,
                        393, 465, 466, -1,
                        393, 466, 462, -1,
                        395, 462, 467, -1,
                        395, 467, 442, -1,
                        397, 469, 400, -1,
                        397, 400, 399, -1,
                        397, 399, 398, -1,
                        400, 470, 401, -1,
                        400, 469, 471, -1,
                        400, 471, 470, -1,
                        401, 472, 402, -1,
                        401, 470, 472, -1,
                        402, 472, 473, -1,
                        402, 473, 474, -1,
                        402, 474, 475, -1,
                        402, 475, 403, -1,
                        403, 475, 407, -1,
                        403, 407, 404, -1,
                        405, 410, 406, -1,
                        405, 408, 476, -1,
                        405, 476, 410, -1,
                        406, 410, 409, -1,
                        407, 476, 408, -1,
                        407, 475, 476, -1,
                        410, 476, 433, -1,
                        411, 436, 477, -1,
                        411, 477, 478, -1,
                        411, 478, 412, -1,
                        412, 478, 413, -1,
                        413, 478, 477, -1,
                        413, 477, 479, -1,
                        413, 479, 480, -1,
                        413, 480, 481, -1,
                        413, 481, 414, -1,
                        414, 422, 482, -1,
                        414, 482, 415, -1,
                        414, 481, 483, -1,
                        414, 483, 484, -1,
                        414, 484, 422, -1,
                        415, 482, 422, -1,
                        415, 422, 416, -1,
                        418, 419, 441, -1,
                        418, 441, 438, -1,
                        419, 432, 441, -1,
                        420, 485, 425, -1,
                        420, 424, 423, -1,
                        420, 423, 486, -1,
                        420, 486, 487, -1,
                        420, 487, 485, -1,
                        422, 488, 489, -1,
                        422, 489, 423, -1,
                        422, 484, 490, -1,
                        422, 490, 491, -1,
                        422, 491, 492, -1,
                        422, 492, 493, -1,
                        422, 493, 488, -1,
                        423, 489, 494, -1,
                        423, 494, 486, -1,
                        425, 495, 426, -1,
                        425, 485, 496, -1,
                        425, 496, 495, -1,
                        426, 495, 497, -1,
                        426, 497, 427, -1,
                        427, 497, 498, -1,
                        428, 498, 499, -1,
                        428, 499, 500, -1,
                        428, 500, 501, -1,
                        428, 501, 429, -1,
                        429, 501, 430, -1,
                        430, 501, 502, -1,
                        430, 502, 449, -1,
                        430, 449, 431, -1,
                        431, 449, 440, -1,
                        431, 440, 439, -1,
                        431, 439, 432, -1,
                        432, 439, 441, -1,
                        433, 476, 434, -1,
                        434, 476, 435, -1,
                        435, 476, 503, -1,
                        435, 503, 473, -1,
                        435, 473, 504, -1,
                        435, 504, 505, -1,
                        435, 505, 436, -1,
                        436, 505, 506, -1,
                        436, 506, 507, -1,
                        436, 507, 477, -1,
                        442, 508, 443, -1,
                        442, 467, 508, -1,
                        443, 509, 510, -1,
                        443, 510, 511, -1,
                        443, 511, 444, -1,
                        443, 508, 512, -1,
                        443, 512, 509, -1,
                        444, 511, 513, -1,
                        444, 513, 514, -1,
                        444, 514, 446, -1,
                        446, 514, 447, -1,
                        447, 515, 516, -1,
                        447, 516, 448, -1,
                        449, 502, 450, -1,
                        450, 502, 451, -1,
                        451, 502, 517, -1,
                        451, 517, 452, -1,
                        452, 517, 453, -1,
                        453, 518, 519, -1,
                        453, 519, 520, -1,
                        453, 520, 521, -1,
                        453, 521, 454, -1,
                        453, 517, 518, -1,
                        454, 522, 523, -1,
                        454, 523, 455, -1,
                        454, 521, 522, -1,
                        455, 523, 524, -1,
                        455, 524, 525, -1,
                        455, 525, 456, -1,
                        456, 525, 526, -1,
                        456, 526, 457, -1,
                        457, 526, 527, -1,
                        457, 527, 458, -1,
                        458, 528, 463, -1,
                        458, 463, 460, -1,
                        458, 527, 529, -1,
                        458, 529, 530, -1,
                        458, 530, 528, -1,
                        462, 466, 465, -1,
                        462, 465, 467, -1,
                        463, 531, 532, -1,
                        463, 532, 465, -1,
                        463, 465, 464, -1,
                        463, 528, 533, -1,
                        463, 533, 534, -1,
                        463, 534, 531, -1,
                        465, 532, 531, -1,
                        465, 531, 508, -1,
                        465, 508, 467, -1,
                        468, 516, 535, -1,
                        470, 471, 536, -1,
                        470, 536, 537, -1,
                        470, 537, 472, -1,
                        472, 538, 539, -1,
                        472, 539, 473, -1,
                        472, 537, 538, -1,
                        473, 539, 506, -1,
                        473, 506, 504, -1,
                        473, 503, 540, -1,
                        473, 540, 474, -1,
                        474, 540, 476, -1,
                        474, 476, 475, -1,
                        476, 540, 503, -1,
                        477, 507, 541, -1,
                        477, 541, 542, -1,
                        477, 542, 479, -1,
                        479, 542, 480, -1,
                        480, 543, 481, -1,
                        480, 542, 541, -1,
                        480, 541, 544, -1,
                        480, 544, 545, -1,
                        480, 545, 546, -1,
                        480, 546, 543, -1,
                        481, 490, 547, -1,
                        481, 547, 483, -1,
                        481, 543, 490, -1,
                        483, 547, 490, -1,
                        483, 490, 484, -1,
                        485, 487, 548, -1,
                        485, 548, 496, -1,
                        486, 494, 549, -1,
                        486, 549, 487, -1,
                        487, 549, 550, -1,
                        487, 550, 548, -1,
                        488, 494, 489, -1,
                        488, 493, 551, -1,
                        488, 551, 494, -1,
                        490, 552, 491, -1,
                        490, 543, 553, -1,
                        490, 553, 552, -1,
                        491, 552, 554, -1,
                        491, 554, 551, -1,
                        491, 551, 492, -1,
                        492, 551, 493, -1,
                        494, 551, 555, -1,
                        494, 555, 549, -1,
                        495, 496, 556, -1,
                        495, 556, 557, -1,
                        495, 557, 497, -1,
                        496, 548, 556, -1,
                        497, 558, 498, -1,
                        497, 557, 558, -1,
                        498, 558, 499, -1,
                        499, 558, 518, -1,
                        499, 518, 517, -1,
                        499, 517, 500, -1,
                        500, 517, 501, -1,
                        501, 517, 502, -1,
                        504, 506, 505, -1,
                        506, 539, 559, -1,
                        506, 559, 541, -1,
                        506, 541, 507, -1,
                        508, 531, 560, -1,
                        508, 560, 512, -1,
                        509, 512, 510, -1,
                        510, 561, 562, -1,
                        510, 562, 563, -1,
                        510, 563, 511, -1,
                        510, 512, 561, -1,
                        511, 563, 564, -1,
                        511, 564, 513, -1,
                        512, 560, 561, -1,
                        515, 535, 516, -1,
                        518, 558, 519, -1,
                        519, 558, 565, -1,
                        519, 565, 520, -1,
                        520, 565, 522, -1,
                        520, 522, 521, -1,
                        522, 565, 566, -1,
                        522, 566, 523, -1,
                        523, 566, 567, -1,
                        523, 567, 568, -1,
                        523, 568, 524, -1,
                        524, 569, 525, -1,
                        524, 568, 570, -1,
                        524, 570, 571, -1,
                        524, 571, 572, -1,
                        524, 572, 573, -1,
                        524, 573, 526, -1,
                        524, 526, 569, -1,
                        525, 569, 526, -1,
                        526, 573, 572, -1,
                        526, 572, 527, -1,
                        527, 572, 574, -1,
                        527, 574, 530, -1,
                        527, 530, 529, -1,
                        528, 530, 533, -1,
                        530, 575, 576, -1,
                        530, 576, 533, -1,
                        530, 574, 577, -1,
                        530, 577, 578, -1,
                        530, 578, 579, -1,
                        530, 579, 580, -1,
                        530, 580, 575, -1,
                        531, 534, 560, -1,
                        533, 576, 534, -1,
                        534, 576, 581, -1,
                        534, 581, 582, -1,
                        534, 582, 562, -1,
                        534, 562, 561, -1,
                        534, 561, 560, -1,
                        537, 583, 584, -1,
                        537, 584, 538, -1,
                        538, 584, 585, -1,
                        538, 585, 539, -1,
                        539, 585, 559, -1,
                        541, 559, 586, -1,
                        541, 586, 544, -1,
                        543, 546, 553, -1,
                        544, 586, 587, -1,
                        544, 587, 545, -1,
                        545, 588, 546, -1,
                        545, 587, 589, -1,
                        545, 589, 590, -1,
                        545, 590, 588, -1,
                        546, 591, 553, -1,
                        546, 588, 591, -1,
                        548, 550, 592, -1,
                        548, 592, 593, -1,
                        548, 593, 556, -1,
                        549, 592, 550, -1,
                        549, 555, 592, -1,
                        551, 554, 555, -1,
                        552, 553, 594, -1,
                        552, 594, 554, -1,
                        553, 591, 594, -1,
                        554, 595, 555, -1,
                        554, 594, 596, -1,
                        554, 596, 595, -1,
                        555, 595, 597, -1,
                        555, 597, 592, -1,
                        556, 593, 598, -1,
                        556, 598, 566, -1,
                        556, 566, 565, -1,
                        556, 565, 557, -1,
                        557, 565, 558, -1,
                        559, 585, 587, -1,
                        559, 587, 586, -1,
                        562, 599, 600, -1,
                        562, 600, 601, -1,
                        562, 601, 602, -1,
                        562, 602, 563, -1,
                        562, 582, 599, -1,
                        566, 598, 567, -1,
                        567, 598, 603, -1,
                        567, 603, 604, -1,
                        567, 604, 568, -1,
                        568, 604, 570, -1,
                        570, 604, 571, -1,
                        571, 604, 605, -1,
                        571, 605, 572, -1,
                        572, 605, 606, -1,
                        572, 606, 607, -1,
                        572, 607, 608, -1,
                        572, 608, 609, -1,
                        572, 609, 610, -1,
                        572, 610, 574, -1,
                        574, 610, 577, -1,
                        575, 611, 582, -1,
                        575, 582, 581, -1,
                        575, 581, 576, -1,
                        575, 580, 611, -1,
                        577, 610, 609, -1,
                        577, 609, 578, -1,
                        578, 608, 612, -1,
                        578, 612, 613, -1,
                        578, 613, 579, -1,
                        578, 609, 608, -1,
                        579, 613, 614, -1,
                        579, 614, 580, -1,
                        580, 615, 599, -1,
                        580, 599, 611, -1,
                        582, 611, 599, -1,
                        583, 587, 585, -1,
                        583, 585, 584, -1,
                        588, 590, 616, -1,
                        588, 616, 591, -1,
                        591, 617, 594, -1,
                        591, 616, 617, -1,
                        592, 618, 593, -1,
                        592, 597, 619, -1,
                        592, 619, 618, -1,
                        593, 618, 598, -1,
                        594, 617, 620, -1,
                        594, 620, 596, -1,
                        595, 596, 621, -1,
                        595, 621, 597, -1,
                        596, 622, 621, -1,
                        596, 620, 623, -1,
                        596, 623, 622, -1,
                        597, 621, 619, -1,
                        598, 618, 619, -1,
                        598, 619, 603, -1,
                        599, 615, 600, -1,
                        600, 615, 601, -1,
                        603, 619, 621, -1,
                        603, 621, 622, -1,
                        603, 622, 624, -1,
                        603, 624, 604, -1,
                        604, 624, 625, -1,
                        604, 625, 605, -1,
                        605, 625, 606, -1,
                        606, 625, 607, -1,
                        607, 625, 608, -1,
                        608, 626, 612, -1,
                        608, 625, 626, -1,
                        616, 627, 617, -1,
                        617, 627, 628, -1,
                        617, 628, 620, -1,
                        620, 628, 629, -1,
                        620, 629, 623, -1,
                        622, 625, 624, -1,
                        622, 623, 630, -1,
                        622, 630, 625, -1,
                        623, 629, 631, -1,
                        623, 631, 632, -1,
                        623, 632, 630, -1,
                        625, 630, 626, -1,
                        626, 630, 632, -1,
                ]
            }
        }
    ]
}
#VRML V2.0 utf8

# Vertices: 371
# Triangles: 738

Group {
    children [
        Shape {
            appearance Appearance {
                material Material {
                    diffuseColor 0.210000 0.620000 0.270000
                    ambientIntensity 0.400000
                    specularColor 0.500000 0.500000 0.500000
                    emissiveColor 0.000000 0.000000 0.000000
                    shininess 0.400000
                    transparency 0.500000
                }
            }
            geometry IndexedFaceSet {
                ccw TRUE
                solid TRUE
                convex TRUE
                coord DEF co Coordinate {
                    point [
                        0.066347 0.169816 0.358036,
                        0.086935 0.169816 0.016208,
                        -0.047683 0.169816 0.358036,
                        0.074227 0.007183 0.358036,
                        -0.044383 0.169816 0.016208,
                        0.075058 -0.011136 0.358036,
                        0.107657 -0.838042 0.337157,
                        0.108398 -0.838042 0.317884,
                        0.109431 -0.857365 0.279372,
                        0.110104 -0.895901 0.105982,
                        0.109745 -0.895901 0.086709,
                        0.108308 -0.895901 0.016208,
                        -0.094607 0.169816 0.092865,
                        -0.115868 0.020475 0.330298,
                        -0.118876 -0.818829 0.358036,
                        -0.083852 0.169816 0.050271,
                        -0.081989 0.139211 0.016208,
                        0.105188 -0.838042 0.358036,
                        0.105524 -0.838042 0.356430,
                        0.105996 -0.857365 0.337157,
                        0.108061 -0.857365 0.317884,
                        0.109094 -0.857365 0.298611,
                        0.109610 -0.876578 0.240826,
                        0.110060 -0.895901 0.125255,
                        0.107837 -0.915114 0.086709,
                        0.106939 -0.915114 0.016208,
                        0.107882 -0.902492 0.016208,
                        -0.094696 0.169816 0.086709,
                        -0.117372 0.022709 0.279372,
                        -0.117035 0.022597 0.298611,
                        -0.116429 0.021816 0.317884,
                        -0.119258 -0.836478 0.358036,
                        -0.085716 0.169816 0.053215,
                        -0.087400 0.132062 0.016208,
                        0.101550 -0.856807 0.358036,
                        0.101079 -0.859153 0.358036,
                        0.100944 -0.859599 0.358036,
                        0.100181 -0.874232 0.337157,
                        0.105547 -0.876578 0.298611,
                        0.107680 -0.876578 0.279372,
                        0.108937 -0.876578 0.260099,
                        0.109723 -0.895901 0.144528,
                        0.107680 -0.915114 0.105982,
                        0.100922 -0.932092 0.086709,
                        0.100899 -0.932315 0.067469,
                        0.100697 -0.932427 0.016208,
                        0.104828 -0.921034 0.016208,
                        -0.094113 0.169816 0.073592,
                        -0.108392 0.048065 0.016208,
                        -0.116766 0.021257 0.202280,
                        -0.117125 0.021816 0.221553,
                        -0.117372 0.022262 0.240826,
                        -0.117484 0.022486 0.260099,
                        -0.118854 -0.838042 0.337157,
                        -0.112298 -0.915114 0.028923,
                        -0.119191 -0.838042 0.356430,
                        -0.119101 -0.838153 0.358036,
                        -0.117125 0.016789 0.221553,
                        -0.116766 0.017236 0.202280,
                        -0.091665 0.169816 0.067101,
                        -0.090520 0.127036 0.016208,
                        -0.096582 0.116648 0.016208,
                        0.098273 -0.870322 0.352984,
                        0.090482 -0.876578 0.358036,
                        0.096252 -0.886184 0.327320,
                        0.097779 -0.888194 0.314471,
                        0.101371 -0.878476 0.319691,
                        0.099395 -0.890763 0.298611,
                        0.100899 -0.894114 0.279372,
                        0.105053 -0.895901 0.240826,
                        0.106580 -0.895901 0.221553,
                        0.107545 -0.895901 0.202280,
                        0.107006 -0.915114 0.125255,
                        0.100697 -0.931422 0.105982,
                        0.094299 -0.941698 0.086709,
                        0.094613 -0.941921 0.067469,
                        0.094725 -0.942033 0.048196,
                        0.100787 -0.932427 0.048196,
                        0.094770 -0.942033 0.016208,
                        0.096813 -0.938794 0.016208,
                        -0.096695 0.116983 0.017179,
                        -0.096874 0.115531 0.016208,
                        -0.097772 0.110951 0.016208,
                        -0.100983 0.093191 0.016208,
                        -0.104148 0.073979 0.016208,
                        -0.109963 0.035443 0.016208,
                        -0.110749 0.028853 0.016208,
                        -0.115868 0.019693 0.163801,
                        -0.111961 -0.915114 0.016208,
                        -0.105338 -0.934438 0.028923,
                        -0.105630 -0.934438 0.048196,
                        -0.112433 -0.915114 0.048196,
                        -0.115868 -0.887077 0.240826,
                        -0.115733 -0.886742 0.221553,
                        -0.116362 -0.876578 0.240826,
                        -0.116317 0.017906 0.183040,
                        -0.115868 0.018688 0.163801,
                        -0.116990 -0.852227 0.356430,
                        -0.116474 -0.877918 0.260467,
                        -0.115801 -0.886854 0.254310,
                        -0.117058 -0.851222 0.358036,
                        0.094231 -0.883838 0.337157,
                        0.088821 -0.878476 0.358036,
                        0.080738 -0.888864 0.352750,
                        0.084577 -0.891880 0.337157,
                        0.080918 -0.908077 0.298611,
                        0.090549 -0.900481 0.298611,
                        0.094546 -0.903720 0.279372,
                        0.096274 -0.905396 0.269535,
                        0.101528 -0.897800 0.261906,
                        0.097464 -0.906848 0.256686,
                        0.105816 -0.915114 0.144528,
                        0.098722 -0.908635 0.240826,
                        0.099373 -0.929188 0.144528,
                        0.100203 -0.930528 0.125255,
                        0.093648 -0.941139 0.105982,
                        0.084667 -0.949629 0.086709,
                        0.084981 -0.949964 0.067469,
                        0.085094 -0.950187 0.048196,
                        0.085116 -0.950299 0.028923,
                        0.085139 -0.950299 0.016208,
                        -0.111086 0.016119 0.016208,
                        -0.115598 0.019247 0.153896,
                        -0.104867 -0.934438 0.016208,
                        -0.100085 -0.941475 0.016208,
                        -0.097817 -0.945496 0.028923,
                        -0.098042 -0.945607 0.048196,
                        -0.098131 -0.945719 0.067469,
                        -0.105563 -0.934438 0.067469,
                        -0.112186 -0.915114 0.067469,
                        -0.114970 -0.864737 0.337157,
                        -0.116923 -0.851892 0.358036,
                        -0.115441 -0.885290 0.267159,
                        -0.104867 -0.934438 0.086709,
                        -0.111759 -0.894338 0.260467,
                        0.086980 -0.880264 0.358036,
                        0.069198 -0.892104 0.358036,
                        0.073262 -0.904055 0.323071,
                        0.078111 -0.906178 0.310222,
                        0.084914 -0.911204 0.279372,
                        0.076809 -0.924720 0.250061,
                        0.095713 -0.924050 0.190000,
                        0.097015 -0.925725 0.177185,
                        0.079032 -0.945272 0.159284,
                        0.090751 -0.938794 0.144528,
                        0.098115 -0.927289 0.163801,
                        0.092547 -0.940134 0.125255,
                        0.082916 -0.948176 0.125255,
                        0.084016 -0.949070 0.105982,
                        0.068120 -0.959681 0.067469,
                        0.068682 -0.959793 0.048196,
                        0.068929 -0.959905 0.028923,
                        0.074519 -0.956666 0.016208,
                        -0.097525 -0.945161 0.016208,
                        -0.086681 -0.952533 0.016208,
                        -0.086681 -0.952868 0.028923,
                        -0.086681 -0.953091 0.048196,
                        -0.097840 -0.945384 0.086709,
                        -0.086681 -0.952868 0.067469,
                        -0.113555 -0.861833 0.356430,
                        -0.113421 -0.861387 0.358036,
                        -0.097144 -0.944826 0.100193,
                        -0.101275 -0.910422 0.260099,
                        -0.107718 -0.895901 0.279372,
                        0.049890 -0.897689 0.358036,
                        0.060420 -0.906401 0.330064,
                        0.067065 -0.901486 0.336756,
                        0.067424 -0.914108 0.298611,
                        0.066392 -0.920810 0.278368,
                        0.073194 -0.923491 0.260099,
                        0.063563 -0.926730 0.260099,
                        0.068816 -0.947953 0.164938,
                        0.076180 -0.943709 0.172132,
                        0.067424 -0.952644 0.144528,
                        0.067424 -0.955772 0.125255,
                        0.081120 -0.946724 0.144528,
                        0.067424 -0.957894 0.105982,
                        0.065606 -0.959905 0.085571,
                        0.057972 -0.963367 0.078377,
                        0.058489 -0.963591 0.067469,
                        0.059050 -0.963814 0.048196,
                        0.068996 -0.959905 0.016208,
                        0.059297 -0.963926 0.028923,
                        0.065718 -0.961357 0.016208,
                        -0.070673 -0.961022 0.016208,
                        -0.070629 -0.961134 0.028923,
                        -0.070224 -0.961134 0.048196,
                        -0.086681 -0.952086 0.086709,
                        -0.069079 -0.960910 0.067469,
                        -0.108437 -0.876578 0.337157,
                        -0.103183 -0.877806 0.356497,
                        -0.103856 -0.876131 0.358036,
                        -0.088185 -0.949182 0.106350,
                        -0.084212 -0.948623 0.125255,
                        -0.095617 -0.943373 0.113042,
                        -0.090767 -0.921480 0.240826,
                        -0.085828 -0.920699 0.260467,
                        -0.098917 -0.907965 0.279372,
                        -0.099411 -0.889200 0.337157,
                        0.048139 -0.898135 0.358036,
                        0.048161 -0.898806 0.356430,
                        0.048161 -0.907742 0.333544,
                        0.048161 -0.913103 0.317884,
                        0.059297 -0.925278 0.271274,
                        0.048161 -0.904167 0.343180,
                        0.058489 -0.944267 0.193614,
                        0.062463 -0.945607 0.183040,
                        0.048161 -0.953538 0.163801,
                        0.048161 -0.957671 0.144528,
                        0.047263 -0.961357 0.124418,
                        0.053190 -0.962474 0.105982,
                        0.056356 -0.963032 0.091226,
                        0.049216 -0.964708 0.085571,
                        0.048161 -0.965825 0.067469,
                        0.048161 -0.966383 0.048196,
                        0.048161 -0.966607 0.028923,
                        0.059364 -0.963926 0.016208,
                        0.048161 -0.966718 0.016208,
                        -0.064320 -0.963256 0.016208,
                        -0.061042 -0.964373 0.016208,
                        -0.060997 -0.964373 0.028923,
                        -0.060570 -0.964149 0.048196,
                        -0.067418 -0.958676 0.105982,
                        -0.065846 -0.960798 0.086073,
                        -0.059448 -0.963814 0.067469,
                        -0.058370 -0.963479 0.079247,
                        -0.097637 -0.887412 0.350106,
                        -0.103048 -0.877359 0.358036,
                        -0.081181 -0.946836 0.144528,
                        -0.067418 -0.956219 0.125255,
                        -0.078846 -0.925613 0.254310,
                        -0.074782 -0.924273 0.267159,
                        -0.086681 -0.915337 0.279372,
                        -0.096986 -0.906066 0.290849,
                        0.028674 -0.900928 0.358036,
                        0.028629 -0.902268 0.354925,
                        0.034893 -0.905172 0.345857,
                        0.028898 -0.915560 0.317884,
                        0.035095 -0.924496 0.287871,
                        0.048161 -0.919135 0.298611,
                        0.048161 -0.923491 0.284491,
                        0.048161 -0.926284 0.274855,
                        0.048161 -0.930193 0.260099,
                        0.048161 -0.935108 0.240826,
                        0.048161 -0.939799 0.221553,
                        0.028898 -0.956107 0.163801,
                        0.037744 -0.944044 0.211682,
                        0.028898 -0.960128 0.144528,
                        0.028898 -0.962697 0.130742,
                        0.040258 -0.963591 0.117458,
                        0.043559 -0.964261 0.105982,
                        0.028898 -0.967612 0.086709,
                        0.028898 -0.968729 0.067469,
                        0.028898 -0.969399 0.048196,
                        0.028898 -0.969623 0.028923,
                        0.028898 -0.969734 0.016208,
                        -0.056641 -0.965378 0.016208,
                        -0.048155 -0.967277 0.028923,
                        -0.048155 -0.966830 0.048196,
                        -0.056035 -0.963032 0.092096,
                        -0.052398 -0.962362 0.105982,
                        -0.048155 -0.966048 0.067469,
                        -0.049030 -0.964708 0.086073,
                        -0.087242 -0.890652 0.356497,
                        -0.095415 -0.885960 0.358036,
                        -0.087063 -0.909417 0.297808,
                        -0.080911 -0.907406 0.314471,
                        -0.076780 -0.905396 0.327287,
                        -0.067418 -0.952756 0.144528,
                        -0.046808 -0.961134 0.123983,
                        -0.048155 -0.957447 0.144528,
                        -0.067979 -0.927289 0.260467,
                        -0.061917 -0.925725 0.273282,
                        -0.067979 -0.922486 0.279573,
                        0.009612 -0.902268 0.358036,
                        0.022050 -0.905731 0.347463,
                        0.028629 -0.908412 0.338529,
                        0.009612 -0.916677 0.317884,
                        0.022252 -0.925055 0.289878,
                        0.028763 -0.922151 0.297239,
                        0.009612 -0.910087 0.337157,
                        0.028763 -0.927065 0.280610,
                        0.028898 -0.932650 0.260099,
                        0.009612 -0.957112 0.163801,
                        0.013743 -0.963144 0.133954,
                        0.028898 -0.951639 0.183040,
                        0.028898 -0.937565 0.240826,
                        0.024902 -0.944490 0.213623,
                        0.028898 -0.964149 0.121106,
                        0.028898 -0.966048 0.105982,
                        0.009612 -0.968841 0.086709,
                        0.009612 -0.969958 0.067469,
                        0.009612 -0.970628 0.048196,
                        0.009612 -0.970851 0.028923,
                        0.009612 -0.970963 0.016208,
                        -0.048155 -0.967277 0.016208,
                        -0.041577 -0.968282 0.016208,
                        -0.028892 -0.970069 0.028923,
                        -0.028892 -0.969623 0.048196,
                        -0.042744 -0.964038 0.105982,
                        -0.039489 -0.963479 0.116689,
                        -0.028892 -0.968841 0.067469,
                        -0.028892 -0.967612 0.086709,
                        -0.086591 -0.890317 0.358036,
                        -0.088859 -0.889311 0.358036,
                        -0.067418 -0.916789 0.298611,
                        -0.069192 -0.909640 0.319691,
                        -0.069192 -0.903832 0.337893,
                        -0.067418 -0.897689 0.356430,
                        -0.028892 -0.955772 0.163801,
                        -0.048155 -0.953091 0.163801,
                        -0.028892 -0.962586 0.129772,
                        -0.028892 -0.959905 0.144528,
                        -0.051500 -0.923938 0.286097,
                        -0.048155 -0.930975 0.260099,
                        -0.046314 -0.926395 0.279573,
                        0.004763 -0.902380 0.358036,
                        0.009612 -0.906066 0.348300,
                        -0.009628 -0.916901 0.317884,
                        0.009612 -0.922262 0.300318,
                        0.009612 -0.925278 0.290681,
                        0.009612 -0.928517 0.279372,
                        0.009612 -0.933767 0.260099,
                        -0.009628 -0.906178 0.348634,
                        -0.009628 -0.910311 0.337157,
                        0.009612 -0.952533 0.183040,
                        -0.009628 -0.957001 0.163801,
                        -0.000603 -0.963367 0.134992,
                        0.000879 -0.963367 0.134992,
                        0.008243 -0.961580 0.142654,
                        0.008243 -0.964485 0.126627,
                        0.009612 -0.938570 0.240826,
                        0.009612 -0.967165 0.105982,
                        -0.009628 -0.968841 0.086709,
                        -0.009628 -0.970069 0.067469,
                        -0.009628 -0.970851 0.048196,
                        -0.009628 -0.971075 0.028923,
                        -0.009628 -0.971186 0.016208,
                        -0.028892 -0.970069 0.016208,
                        -0.028892 -0.965825 0.105982,
                        -0.028892 -0.964038 0.120169,
                        -0.067418 -0.897018 0.358036,
                        -0.063938 -0.906960 0.331971,
                        -0.052084 -0.904837 0.344820,
                        -0.065824 -0.897354 0.358036,
                        -0.028892 -0.932874 0.260099,
                        -0.013423 -0.963032 0.133419,
                        -0.008057 -0.964485 0.126292,
                        -0.008057 -0.961469 0.142654,
                        -0.038658 -0.924831 0.289042,
                        -0.046314 -0.921369 0.296738,
                        -0.048155 -0.914332 0.317884,
                        -0.009628 -0.902603 0.358036,
                        -0.028892 -0.916231 0.317884,
                        -0.028892 -0.922151 0.299515,
                        -0.009628 -0.922374 0.300485,
                        -0.009628 -0.925390 0.290849,
                        -0.009628 -0.928629 0.279372,
                        -0.009628 -0.933767 0.260099,
                        -0.010100 -0.902603 0.358036,
                        -0.028892 -0.902045 0.358036,
                        -0.028892 -0.905843 0.347798,
                        -0.028892 -0.909640 0.337157,
                        -0.009628 -0.938570 0.240826,
                        -0.009628 -0.967054 0.105982,
                        -0.039219 -0.905619 0.347028,
                        -0.046651 -0.901933 0.354623,
                        -0.046898 -0.900593 0.358036,
                        -0.046651 -0.907853 0.337893,
                        -0.028892 -0.927847 0.279372,
                        -0.028892 -0.925055 0.289878,
                    ]
                }
                coordIndex [ 
                        0, 1, 4, -1,
                        0, 4, 15, -1,
                        0, 15, 32, -1,
                        0, 32, 59, -1,
                        0, 59, 47, -1,
                        0, 47, 27, -1,
                        0, 27, 12, -1,
                        0, 12, 2, -1,
                        0, 2, 14, -1,
                        0, 14, 31, -1,
                        0, 31, 56, -1,
                        0, 56, 100, -1,
                        0, 100, 131, -1,
                        0, 131, 160, -1,
                        0, 160, 191, -1,
                        0, 191, 227, -1,
                        0, 227, 264, -1,
                        0, 264, 304, -1,
                        0, 304, 303, -1,
                        0, 303, 341, -1,
                        0, 341, 344, -1,
                        0, 344, 367, -1,
                        0, 367, 360, -1,
                        0, 360, 359, -1,
                        0, 359, 352, -1,
                        0, 352, 316, -1,
                        0, 316, 274, -1,
                        0, 274, 234, -1,
                        0, 234, 199, -1,
                        0, 199, 164, -1,
                        0, 164, 136, -1,
                        0, 136, 135, -1,
                        0, 135, 102, -1,
                        0, 102, 63, -1,
                        0, 63, 36, -1,
                        0, 36, 35, -1,
                        0, 35, 34, -1,
                        0, 34, 17, -1,
                        0, 17, 5, -1,
                        0, 5, 3, -1,
                        0, 3, 1, -1,
                        1, 3, 5, -1,
                        1, 5, 6, -1,
                        1, 6, 7, -1,
                        1, 7, 8, -1,
                        1, 8, 9, -1,
                        1, 9, 10, -1,
                        1, 10, 11, -1,
                        1, 11, 26, -1,
                        1, 26, 25, -1,
                        1, 25, 46, -1,
                        1, 46, 45, -1,
                        1, 45, 79, -1,
                        1, 79, 78, -1,
                        1, 78, 120, -1,
                        1, 120, 152, -1,
                        1, 152, 181, -1,
                        1, 181, 183, -1,
                        1, 183, 216, -1,
                        1, 216, 217, -1,
                        1, 217, 255, -1,
                        1, 255, 294, -1,
                        1, 294, 337, -1,
                        1, 337, 338, -1,
                        1, 338, 296, -1,
                        1, 296, 295, -1,
                        1, 295, 256, -1,
                        1, 256, 219, -1,
                        1, 219, 218, -1,
                        1, 218, 184, -1,
                        1, 184, 154, -1,
                        1, 154, 153, -1,
                        1, 153, 124, -1,
                        1, 124, 123, -1,
                        1, 123, 88, -1,
                        1, 88, 121, -1,
                        1, 121, 86, -1,
                        1, 86, 85, -1,
                        1, 85, 48, -1,
                        1, 48, 84, -1,
                        1, 84, 83, -1,
                        1, 83, 82, -1,
                        1, 82, 81, -1,
                        1, 81, 61, -1,
                        1, 61, 60, -1,
                        1, 60, 33, -1,
                        1, 33, 16, -1,
                        1, 16, 4, -1,
                        2, 12, 13, -1,
                        2, 13, 14, -1,
                        4, 16, 15, -1,
                        5, 17, 18, -1,
                        5, 18, 6, -1,
                        6, 18, 19, -1,
                        6, 19, 20, -1,
                        6, 20, 21, -1,
                        6, 21, 7, -1,
                        7, 21, 8, -1,
                        8, 21, 22, -1,
                        8, 22, 23, -1,
                        8, 23, 9, -1,
                        9, 23, 24, -1,
                        9, 24, 25, -1,
                        9, 25, 10, -1,
                        10, 25, 26, -1,
                        10, 26, 11, -1,
                        12, 27, 28, -1,
                        12, 28, 29, -1,
                        12, 29, 30, -1,
                        12, 30, 13, -1,
                        13, 30, 31, -1,
                        13, 31, 14, -1,
                        15, 16, 33, -1,
                        15, 33, 32, -1,
                        17, 34, 19, -1,
                        17, 19, 18, -1,
                        19, 34, 35, -1,
                        19, 35, 36, -1,
                        19, 36, 37, -1,
                        19, 37, 38, -1,
                        19, 38, 39, -1,
                        19, 39, 20, -1,
                        20, 39, 40, -1,
                        20, 40, 21, -1,
                        21, 40, 22, -1,
                        22, 40, 41, -1,
                        22, 41, 23, -1,
                        23, 41, 42, -1,
                        23, 42, 24, -1,
                        24, 42, 43, -1,
                        24, 43, 44, -1,
                        24, 44, 45, -1,
                        24, 45, 46, -1,
                        24, 46, 25, -1,
                        27, 47, 48, -1,
                        27, 48, 49, -1,
                        27, 49, 50, -1,
                        27, 50, 51, -1,
                        27, 51, 52, -1,
                        27, 52, 28, -1,
                        28, 52, 31, -1,
                        28, 31, 29, -1,
                        29, 31, 30, -1,
                        31, 53, 54, -1,
                        31, 54, 55, -1,
                        31, 55, 56, -1,
                        31, 52, 51, -1,
                        31, 51, 50, -1,
                        31, 50, 57, -1,
                        31, 57, 58, -1,
                        31, 58, 53, -1,
                        32, 33, 60, -1,
                        32, 60, 61, -1,
                        32, 61, 59, -1,
                        36, 62, 37, -1,
                        36, 63, 62, -1,
                        37, 64, 65, -1,
                        37, 65, 66, -1,
                        37, 66, 38, -1,
                        37, 62, 64, -1,
                        38, 66, 67, -1,
                        38, 67, 68, -1,
                        38, 68, 69, -1,
                        38, 69, 39, -1,
                        39, 69, 70, -1,
                        39, 70, 40, -1,
                        40, 70, 71, -1,
                        40, 71, 72, -1,
                        40, 72, 41, -1,
                        41, 72, 42, -1,
                        42, 72, 73, -1,
                        42, 73, 43, -1,
                        43, 73, 74, -1,
                        43, 74, 75, -1,
                        43, 75, 76, -1,
                        43, 76, 44, -1,
                        44, 77, 45, -1,
                        44, 76, 78, -1,
                        44, 78, 79, -1,
                        44, 79, 77, -1,
                        45, 77, 79, -1,
                        47, 59, 61, -1,
                        47, 61, 80, -1,
                        47, 80, 81, -1,
                        47, 81, 82, -1,
                        47, 82, 83, -1,
                        47, 83, 84, -1,
                        47, 84, 48, -1,
                        48, 85, 49, -1,
                        49, 85, 86, -1,
                        49, 86, 87, -1,
                        49, 87, 96, -1,
                        49, 96, 95, -1,
                        49, 95, 58, -1,
                        49, 58, 57, -1,
                        49, 57, 50, -1,
                        53, 58, 54, -1,
                        54, 88, 89, -1,
                        54, 89, 90, -1,
                        54, 90, 91, -1,
                        54, 91, 92, -1,
                        54, 92, 93, -1,
                        54, 93, 94, -1,
                        54, 94, 55, -1,
                        54, 58, 95, -1,
                        54, 95, 96, -1,
                        54, 96, 87, -1,
                        54, 87, 88, -1,
                        55, 97, 56, -1,
                        55, 94, 93, -1,
                        55, 93, 98, -1,
                        55, 98, 92, -1,
                        55, 92, 99, -1,
                        55, 99, 97, -1,
                        56, 97, 100, -1,
                        61, 81, 80, -1,
                        62, 63, 101, -1,
                        62, 101, 64, -1,
                        63, 102, 101, -1,
                        64, 101, 103, -1,
                        64, 103, 104, -1,
                        64, 104, 105, -1,
                        64, 105, 106, -1,
                        64, 106, 107, -1,
                        64, 107, 108, -1,
                        64, 108, 65, -1,
                        65, 67, 66, -1,
                        65, 108, 67, -1,
                        67, 108, 68, -1,
                        68, 109, 69, -1,
                        68, 108, 110, -1,
                        68, 110, 109, -1,
                        69, 111, 70, -1,
                        69, 109, 112, -1,
                        69, 112, 113, -1,
                        69, 113, 111, -1,
                        70, 111, 72, -1,
                        70, 72, 71, -1,
                        72, 111, 114, -1,
                        72, 114, 73, -1,
                        73, 114, 115, -1,
                        73, 115, 74, -1,
                        74, 115, 148, -1,
                        74, 148, 116, -1,
                        74, 116, 117, -1,
                        74, 117, 75, -1,
                        75, 117, 118, -1,
                        75, 118, 76, -1,
                        76, 118, 119, -1,
                        76, 119, 120, -1,
                        76, 120, 78, -1,
                        86, 121, 122, -1,
                        86, 122, 87, -1,
                        87, 122, 88, -1,
                        88, 123, 89, -1,
                        88, 122, 121, -1,
                        89, 123, 124, -1,
                        89, 124, 125, -1,
                        89, 125, 126, -1,
                        89, 126, 90, -1,
                        90, 126, 127, -1,
                        90, 127, 128, -1,
                        90, 128, 91, -1,
                        91, 129, 99, -1,
                        91, 99, 92, -1,
                        91, 128, 129, -1,
                        92, 98, 93, -1,
                        97, 130, 131, -1,
                        97, 131, 100, -1,
                        97, 99, 132, -1,
                        97, 132, 130, -1,
                        99, 129, 128, -1,
                        99, 128, 133, -1,
                        99, 133, 134, -1,
                        99, 134, 132, -1,
                        101, 102, 135, -1,
                        101, 135, 103, -1,
                        103, 136, 137, -1,
                        103, 137, 138, -1,
                        103, 138, 104, -1,
                        103, 135, 136, -1,
                        104, 138, 105, -1,
                        105, 139, 107, -1,
                        105, 107, 106, -1,
                        105, 138, 140, -1,
                        105, 140, 139, -1,
                        107, 139, 108, -1,
                        108, 141, 142, -1,
                        108, 142, 110, -1,
                        108, 139, 140, -1,
                        108, 140, 143, -1,
                        108, 143, 144, -1,
                        108, 144, 141, -1,
                        109, 110, 112, -1,
                        110, 142, 145, -1,
                        110, 145, 112, -1,
                        111, 113, 114, -1,
                        112, 145, 113, -1,
                        113, 145, 146, -1,
                        113, 146, 115, -1,
                        113, 115, 114, -1,
                        115, 146, 147, -1,
                        115, 147, 148, -1,
                        116, 149, 117, -1,
                        116, 148, 149, -1,
                        117, 149, 150, -1,
                        117, 150, 118, -1,
                        118, 150, 151, -1,
                        118, 151, 119, -1,
                        119, 151, 152, -1,
                        119, 152, 120, -1,
                        124, 153, 125, -1,
                        125, 153, 154, -1,
                        125, 154, 155, -1,
                        125, 155, 126, -1,
                        126, 155, 156, -1,
                        126, 156, 127, -1,
                        127, 157, 128, -1,
                        127, 156, 158, -1,
                        127, 158, 157, -1,
                        128, 157, 133, -1,
                        130, 159, 131, -1,
                        130, 132, 159, -1,
                        131, 159, 160, -1,
                        132, 134, 159, -1,
                        133, 157, 161, -1,
                        133, 161, 134, -1,
                        134, 161, 162, -1,
                        134, 162, 163, -1,
                        134, 163, 159, -1,
                        136, 164, 165, -1,
                        136, 165, 166, -1,
                        136, 166, 137, -1,
                        137, 166, 165, -1,
                        137, 165, 167, -1,
                        137, 167, 138, -1,
                        138, 167, 168, -1,
                        138, 168, 169, -1,
                        138, 169, 140, -1,
                        140, 169, 170, -1,
                        140, 170, 171, -1,
                        140, 171, 172, -1,
                        140, 172, 143, -1,
                        141, 144, 142, -1,
                        142, 144, 145, -1,
                        143, 172, 171, -1,
                        143, 171, 173, -1,
                        143, 173, 174, -1,
                        143, 174, 175, -1,
                        143, 175, 144, -1,
                        144, 175, 147, -1,
                        144, 147, 146, -1,
                        144, 146, 145, -1,
                        147, 175, 174, -1,
                        147, 174, 176, -1,
                        147, 176, 148, -1,
                        148, 176, 149, -1,
                        149, 176, 177, -1,
                        149, 177, 178, -1,
                        149, 178, 179, -1,
                        149, 179, 180, -1,
                        149, 180, 150, -1,
                        150, 180, 182, -1,
                        150, 182, 151, -1,
                        151, 181, 152, -1,
                        151, 182, 183, -1,
                        151, 183, 181, -1,
                        154, 184, 155, -1,
                        155, 184, 156, -1,
                        156, 184, 185, -1,
                        156, 185, 186, -1,
                        156, 186, 158, -1,
                        157, 158, 187, -1,
                        157, 187, 161, -1,
                        158, 186, 188, -1,
                        158, 188, 187, -1,
                        159, 163, 189, -1,
                        159, 189, 190, -1,
                        159, 190, 160, -1,
                        160, 190, 191, -1,
                        161, 187, 192, -1,
                        161, 192, 193, -1,
                        161, 193, 194, -1,
                        161, 194, 162, -1,
                        162, 195, 196, -1,
                        162, 196, 197, -1,
                        162, 197, 163, -1,
                        162, 194, 195, -1,
                        163, 198, 190, -1,
                        163, 190, 189, -1,
                        163, 197, 198, -1,
                        164, 199, 200, -1,
                        164, 200, 165, -1,
                        165, 201, 202, -1,
                        165, 202, 203, -1,
                        165, 203, 167, -1,
                        165, 200, 204, -1,
                        165, 204, 201, -1,
                        167, 203, 168, -1,
                        168, 203, 169, -1,
                        169, 203, 170, -1,
                        170, 205, 206, -1,
                        170, 206, 171, -1,
                        170, 203, 205, -1,
                        171, 206, 207, -1,
                        171, 207, 208, -1,
                        171, 208, 173, -1,
                        173, 208, 209, -1,
                        173, 209, 174, -1,
                        174, 209, 210, -1,
                        174, 210, 176, -1,
                        176, 210, 211, -1,
                        176, 211, 178, -1,
                        176, 178, 177, -1,
                        178, 212, 213, -1,
                        178, 213, 179, -1,
                        178, 211, 212, -1,
                        179, 213, 214, -1,
                        179, 214, 180, -1,
                        180, 214, 215, -1,
                        180, 215, 182, -1,
                        182, 216, 183, -1,
                        182, 215, 217, -1,
                        182, 217, 216, -1,
                        184, 218, 185, -1,
                        185, 218, 219, -1,
                        185, 219, 220, -1,
                        185, 220, 186, -1,
                        186, 220, 221, -1,
                        186, 221, 188, -1,
                        187, 188, 222, -1,
                        187, 222, 192, -1,
                        188, 223, 222, -1,
                        188, 221, 224, -1,
                        188, 224, 225, -1,
                        188, 225, 223, -1,
                        190, 226, 227, -1,
                        190, 227, 191, -1,
                        190, 198, 226, -1,
                        192, 222, 193, -1,
                        193, 228, 195, -1,
                        193, 195, 194, -1,
                        193, 222, 229, -1,
                        193, 229, 228, -1,
                        195, 228, 196, -1,
                        196, 228, 230, -1,
                        196, 230, 231, -1,
                        196, 231, 232, -1,
                        196, 232, 197, -1,
                        197, 232, 233, -1,
                        197, 233, 226, -1,
                        197, 226, 198, -1,
                        199, 234, 235, -1,
                        199, 235, 236, -1,
                        199, 236, 200, -1,
                        200, 236, 204, -1,
                        201, 204, 236, -1,
                        201, 236, 237, -1,
                        201, 237, 202, -1,
                        202, 237, 238, -1,
                        202, 238, 239, -1,
                        202, 239, 203, -1,
                        203, 239, 240, -1,
                        203, 240, 241, -1,
                        203, 241, 242, -1,
                        203, 242, 243, -1,
                        203, 243, 244, -1,
                        203, 244, 205, -1,
                        205, 244, 207, -1,
                        205, 207, 206, -1,
                        207, 245, 208, -1,
                        207, 244, 246, -1,
                        207, 246, 245, -1,
                        208, 245, 247, -1,
                        208, 247, 248, -1,
                        208, 248, 249, -1,
                        208, 249, 209, -1,
                        209, 249, 210, -1,
                        210, 249, 250, -1,
                        210, 250, 211, -1,
                        211, 250, 212, -1,
                        212, 250, 251, -1,
                        212, 251, 252, -1,
                        212, 252, 213, -1,
                        213, 252, 253, -1,
                        213, 253, 214, -1,
                        214, 253, 254, -1,
                        214, 254, 215, -1,
                        215, 254, 255, -1,
                        215, 255, 217, -1,
                        219, 256, 220, -1,
                        220, 256, 257, -1,
                        220, 257, 221, -1,
                        221, 257, 258, -1,
                        221, 258, 224, -1,
                        222, 223, 225, -1,
                        222, 225, 259, -1,
                        222, 259, 260, -1,
                        222, 260, 229, -1,
                        224, 258, 261, -1,
                        224, 261, 225, -1,
                        225, 261, 262, -1,
                        225, 262, 259, -1,
                        226, 263, 264, -1,
                        226, 264, 227, -1,
                        226, 233, 232, -1,
                        226, 232, 265, -1,
                        226, 265, 266, -1,
                        226, 266, 267, -1,
                        226, 267, 263, -1,
                        228, 229, 268, -1,
                        228, 268, 230, -1,
                        229, 260, 269, -1,
                        229, 269, 270, -1,
                        229, 270, 268, -1,
                        230, 268, 231, -1,
                        231, 268, 270, -1,
                        231, 270, 271, -1,
                        231, 271, 272, -1,
                        231, 272, 273, -1,
                        231, 273, 267, -1,
                        231, 267, 266, -1,
                        231, 266, 232, -1,
                        232, 266, 265, -1,
                        234, 274, 235, -1,
                        235, 274, 275, -1,
                        235, 275, 236, -1,
                        236, 275, 276, -1,
                        236, 276, 237, -1,
                        237, 277, 278, -1,
                        237, 278, 279, -1,
                        237, 279, 238, -1,
                        237, 276, 275, -1,
                        237, 275, 280, -1,
                        237, 280, 277, -1,
                        238, 240, 239, -1,
                        238, 279, 278, -1,
                        238, 278, 281, -1,
                        238, 281, 282, -1,
                        238, 282, 241, -1,
                        238, 241, 240, -1,
                        241, 282, 242, -1,
                        242, 282, 246, -1,
                        242, 246, 243, -1,
                        243, 246, 244, -1,
                        245, 283, 284, -1,
                        245, 284, 247, -1,
                        245, 246, 285, -1,
                        245, 285, 283, -1,
                        246, 282, 286, -1,
                        246, 286, 287, -1,
                        246, 287, 285, -1,
                        247, 284, 248, -1,
                        248, 284, 288, -1,
                        248, 288, 249, -1,
                        249, 288, 289, -1,
                        249, 289, 250, -1,
                        250, 289, 251, -1,
                        251, 290, 291, -1,
                        251, 291, 252, -1,
                        251, 289, 290, -1,
                        252, 291, 292, -1,
                        252, 292, 253, -1,
                        253, 292, 293, -1,
                        253, 293, 254, -1,
                        254, 293, 294, -1,
                        254, 294, 255, -1,
                        256, 295, 257, -1,
                        257, 295, 296, -1,
                        257, 296, 297, -1,
                        257, 297, 298, -1,
                        257, 298, 258, -1,
                        258, 298, 301, -1,
                        258, 301, 261, -1,
                        259, 262, 299, -1,
                        259, 299, 260, -1,
                        260, 299, 300, -1,
                        260, 300, 269, -1,
                        261, 301, 302, -1,
                        261, 302, 262, -1,
                        262, 302, 299, -1,
                        263, 303, 304, -1,
                        263, 304, 264, -1,
                        263, 267, 303, -1,
                        267, 273, 305, -1,
                        267, 305, 306, -1,
                        267, 306, 307, -1,
                        267, 307, 308, -1,
                        267, 308, 303, -1,
                        269, 300, 270, -1,
                        270, 309, 310, -1,
                        270, 310, 272, -1,
                        270, 272, 271, -1,
                        270, 300, 311, -1,
                        270, 311, 312, -1,
                        270, 312, 309, -1,
                        272, 313, 305, -1,
                        272, 305, 273, -1,
                        272, 310, 314, -1,
                        272, 314, 315, -1,
                        272, 315, 313, -1,
                        274, 316, 317, -1,
                        274, 317, 275, -1,
                        275, 317, 280, -1,
                        277, 280, 324, -1,
                        277, 324, 318, -1,
                        277, 318, 319, -1,
                        277, 319, 278, -1,
                        278, 319, 320, -1,
                        278, 320, 321, -1,
                        278, 321, 322, -1,
                        278, 322, 282, -1,
                        278, 282, 281, -1,
                        280, 317, 323, -1,
                        280, 323, 324, -1,
                        282, 322, 286, -1,
                        283, 285, 325, -1,
                        283, 325, 326, -1,
                        283, 326, 327, -1,
                        283, 327, 328, -1,
                        283, 328, 329, -1,
                        283, 329, 284, -1,
                        284, 329, 328, -1,
                        284, 328, 330, -1,
                        284, 330, 288, -1,
                        285, 287, 325, -1,
                        286, 322, 331, -1,
                        286, 331, 287, -1,
                        287, 331, 325, -1,
                        288, 330, 332, -1,
                        288, 332, 289, -1,
                        289, 332, 290, -1,
                        290, 332, 333, -1,
                        290, 333, 334, -1,
                        290, 334, 291, -1,
                        291, 334, 335, -1,
                        291, 335, 292, -1,
                        292, 335, 336, -1,
                        292, 336, 293, -1,
                        293, 336, 337, -1,
                        293, 337, 294, -1,
                        296, 338, 297, -1,
                        297, 338, 337, -1,
                        297, 337, 336, -1,
                        297, 336, 335, -1,
                        297, 335, 298, -1,
                        298, 335, 334, -1,
                        298, 334, 301, -1,
                        299, 302, 300, -1,
                        300, 302, 339, -1,
                        300, 339, 340, -1,
                        300, 340, 311, -1,
                        301, 334, 333, -1,
                        301, 333, 302, -1,
                        302, 333, 364, -1,
                        302, 364, 339, -1,
                        303, 308, 341, -1,
                        305, 313, 342, -1,
                        305, 342, 307, -1,
                        305, 307, 306, -1,
                        307, 342, 343, -1,
                        307, 343, 308, -1,
                        308, 344, 341, -1,
                        308, 343, 344, -1,
                        309, 312, 326, -1,
                        309, 326, 345, -1,
                        309, 345, 314, -1,
                        309, 314, 310, -1,
                        311, 346, 312, -1,
                        311, 340, 347, -1,
                        311, 347, 346, -1,
                        312, 346, 348, -1,
                        312, 348, 326, -1,
                        313, 315, 349, -1,
                        313, 349, 350, -1,
                        313, 350, 351, -1,
                        313, 351, 342, -1,
                        314, 345, 315, -1,
                        315, 345, 349, -1,
                        316, 352, 317, -1,
                        317, 352, 323, -1,
                        318, 324, 362, -1,
                        318, 362, 353, -1,
                        318, 353, 354, -1,
                        318, 354, 355, -1,
                        318, 355, 319, -1,
                        319, 355, 356, -1,
                        319, 356, 320, -1,
                        320, 356, 321, -1,
                        321, 357, 322, -1,
                        321, 356, 357, -1,
                        322, 357, 358, -1,
                        322, 358, 363, -1,
                        322, 363, 331, -1,
                        323, 352, 359, -1,
                        323, 359, 360, -1,
                        323, 360, 361, -1,
                        323, 361, 324, -1,
                        324, 361, 362, -1,
                        325, 331, 363, -1,
                        325, 363, 326, -1,
                        326, 348, 327, -1,
                        326, 363, 345, -1,
                        327, 348, 346, -1,
                        327, 346, 347, -1,
                        327, 347, 330, -1,
                        327, 330, 328, -1,
                        330, 347, 332, -1,
                        332, 364, 333, -1,
                        332, 347, 364, -1,
                        339, 364, 340, -1,
                        340, 364, 347, -1,
                        342, 351, 343, -1,
                        343, 365, 366, -1,
                        343, 366, 367, -1,
                        343, 367, 344, -1,
                        343, 351, 368, -1,
                        343, 368, 365, -1,
                        345, 363, 358, -1,
                        345, 358, 369, -1,
                        345, 369, 349, -1,
                        349, 370, 354, -1,
                        349, 354, 353, -1,
                        349, 353, 365, -1,
                        349, 365, 351, -1,
                        349, 351, 350, -1,
                        349, 369, 370, -1,
                        351, 365, 368, -1,
                        353, 362, 365, -1,
                        354, 370, 356, -1,
                        354, 356, 355, -1,
                        356, 370, 357, -1,
                        357, 370, 358, -1,
                        358, 370, 369, -1,
                        360, 365, 361, -1,
                        360, 367, 365, -1,
                        361, 365, 362, -1,
                        365, 367, 366, -1,
                ]
            }
        }
    ]
}
#VRML V2.0 utf8

# Vertices: 589
# Triangles: 1174

Group {
    children [
        Shape {
            appearance Appearance {
                material Material {
                    diffuseColor 0.900000 0.590000 0.630000
                    ambientIntensity 0.400000
                    specularColor 0.500000 0.500000 0.500000
                    emissiveColor 0.000000 0.000000 0.000000
                    shininess 0.400000
                    transparency 0.500000
                }
            }
            geometry IndexedFaceSet {
                ccw TRUE
                solid TRUE
                convex TRUE
                coord DEF co Coordinate {
                    point [
                        -0.009615 0.969975 0.016208,
                        0.003071 0.969896 0.016208,
                        -0.009615 0.970531 0.009614,
                        -0.016205 0.969579 0.016208,
                        0.009636 0.969817 0.016208,
                        0.009636 0.970372 0.009614,
                        0.009636 0.970690 -0.009662,
                        -0.009615 0.970769 -0.009662,
                        -0.028891 0.969341 0.009614,
                        -0.028891 0.968785 0.016208,
                        0.022322 0.969023 0.016208,
                        0.028888 0.969102 0.009614,
                        0.028888 0.969499 -0.009662,
                        0.009636 0.969499 -0.028937,
                        -0.009615 0.969579 -0.028937,
                        -0.028891 0.969341 -0.009662,
                        -0.048166 0.966483 0.009614,
                        -0.048563 0.966007 0.016208,
                        -0.035679 0.967912 0.016208,
                        0.028888 0.968468 0.016208,
                        0.041573 0.966642 0.016208,
                        0.048164 0.966325 0.009614,
                        0.048164 0.966801 -0.009662,
                        0.049848 0.965293 -0.030396,
                        0.028888 0.968309 -0.028937,
                        0.009636 0.967356 -0.048213,
                        -0.009615 0.959420 -0.125253,
                        -0.028891 0.968150 -0.028937,
                        -0.028891 0.958467 -0.125253,
                        -0.048166 0.966245 -0.009662,
                        -0.059514 0.963944 0.009614,
                        -0.059192 0.963864 0.016208,
                        -0.053246 0.965134 0.016208,
                        0.048040 0.965690 0.016208,
                        0.058743 0.963706 0.016208,
                        0.059387 0.963944 0.009614,
                        0.060230 0.964182 -0.009662,
                        0.059437 0.963864 -0.025006,
                        0.057405 0.963229 -0.037814,
                        0.043060 0.964102 -0.048213,
                        0.028888 0.965928 -0.048213,
                        -0.009615 0.956880 -0.144528,
                        -0.028891 0.956325 -0.144528,
                        -0.042022 0.964102 -0.048213,
                        -0.048811 0.964896 -0.027986,
                        -0.055649 0.962833 -0.033756,
                        -0.058226 0.963468 -0.020885,
                        -0.059043 0.963785 -0.009662,
                        -0.069152 0.960055 0.009614,
                        -0.064246 0.961801 0.016208,
                        0.067861 0.959737 0.016208,
                        0.069025 0.959975 0.009614,
                        0.069868 0.960690 -0.009662,
                        0.066498 0.961086 -0.030396,
                        0.067415 0.934658 -0.221631,
                        0.047668 0.942436 -0.202546,
                        0.040904 0.944578 -0.196268,
                        0.033223 0.943705 -0.209140,
                        -0.009615 0.949737 -0.183080,
                        -0.011423 0.945769 -0.204258,
                        0.020389 0.944182 -0.212437,
                        0.009636 0.944261 -0.213008,
                        -0.006196 0.944261 -0.212881,
                        -0.048166 0.949182 -0.163804,
                        -0.048166 0.952118 -0.144528,
                        -0.019054 0.944023 -0.211930,
                        -0.028891 0.945610 -0.199946,
                        -0.041774 0.944737 -0.196015,
                        -0.048166 0.945848 -0.182826,
                        -0.061570 0.945531 -0.163804,
                        -0.065758 0.959658 -0.027986,
                        -0.068681 0.959896 -0.009662,
                        -0.064370 0.946721 -0.144528,
                        -0.085207 0.950213 -0.009662,
                        -0.085108 0.950451 0.009614,
                        -0.074305 0.956563 0.016208,
                        -0.068161 0.960055 0.016208,
                        0.084832 0.949975 0.016208,
                        0.085278 0.950372 0.009614,
                        0.086220 0.951086 -0.009662,
                        0.086344 0.950928 -0.028937,
                        0.084609 0.949499 -0.048213,
                        0.082231 0.928150 -0.221631,
                        0.080051 0.926642 -0.240843,
                        0.078068 0.925372 -0.252257,
                        0.067415 0.931245 -0.240843,
                        0.048164 0.939499 -0.221631,
                        0.027624 0.942198 -0.219919,
                        0.028888 0.937594 -0.240843,
                        0.009636 0.942356 -0.222582,
                        -0.011423 0.942515 -0.220236,
                        -0.054608 0.943388 -0.189040,
                        -0.059217 0.944578 -0.176168,
                        -0.009615 0.937594 -0.240843,
                        -0.028891 0.940769 -0.221631,
                        -0.028891 0.943547 -0.209584,
                        -0.048166 0.937594 -0.221631,
                        -0.048166 0.942039 -0.202419,
                        -0.071208 0.941721 -0.163804,
                        -0.083274 0.948229 -0.048213,
                        -0.084563 0.949499 -0.028937,
                        -0.074008 0.942753 -0.144528,
                        -0.077229 0.944182 -0.116629,
                        -0.094201 0.941880 -0.028937,
                        -0.094820 0.942356 -0.009662,
                        -0.094746 0.942118 0.009614,
                        -0.091153 0.944737 0.016208,
                        -0.084810 0.950213 0.016208,
                        0.094470 0.941880 0.016208,
                        0.094891 0.942356 0.009614,
                        0.095833 0.943467 -0.009662,
                        0.095982 0.943626 -0.028937,
                        0.091844 0.920689 -0.221631,
                        0.089688 0.919261 -0.240843,
                        0.097072 0.887118 -0.330057,
                        0.094396 0.884737 -0.342865,
                        0.087459 0.891404 -0.336715,
                        0.077796 0.905927 -0.309767,
                        0.072196 0.904181 -0.322638,
                        0.071949 0.923150 -0.265128,
                        0.066275 0.926801 -0.259295,
                        0.048164 0.935451 -0.240843,
                        0.048164 0.930293 -0.260119,
                        0.028888 0.932356 -0.260119,
                        0.009636 0.938229 -0.240843,
                        -0.067418 0.936245 -0.202355,
                        -0.066352 0.940610 -0.182826,
                        0.009636 0.932991 -0.260119,
                        -0.009615 0.932277 -0.260119,
                        -0.028891 0.935769 -0.240843,
                        -0.048166 0.932277 -0.240843,
                        -0.067418 0.931563 -0.221631,
                        -0.082729 0.928626 -0.202355,
                        -0.087734 0.929658 -0.182065,
                        -0.086693 0.932912 -0.163804,
                        -0.096678 0.925134 -0.174964,
                        -0.092912 0.941086 -0.048213,
                        -0.100841 0.930372 -0.067489,
                        -0.101386 0.931404 -0.048213,
                        -0.101510 0.932277 -0.028937,
                        -0.101460 0.932674 -0.009662,
                        -0.094448 0.941880 0.016208,
                        -0.101287 0.932515 0.009614,
                        -0.096852 0.938547 0.016208,
                        0.101036 0.932277 0.016208,
                        0.101284 0.932753 0.009614,
                        0.101655 0.933785 -0.009662,
                        0.101482 0.933943 -0.028937,
                        0.100218 0.911086 -0.221631,
                        0.099326 0.909658 -0.240843,
                        0.097914 0.907674 -0.256124,
                        0.115778 0.828625 -0.462768,
                        0.081562 0.888943 -0.352630,
                        0.066424 0.901245 -0.335890,
                        0.059338 0.905927 -0.328662,
                        0.059090 0.925213 -0.270962,
                        0.048164 0.926086 -0.273878,
                        0.028888 0.927197 -0.277176,
                        -0.077254 0.924896 -0.231586,
                        -0.079186 0.926245 -0.221631,
                        0.009636 0.927515 -0.278127,
                        -0.009615 0.927118 -0.276922,
                        -0.028891 0.930055 -0.260119,
                        -0.039173 0.924975 -0.270264,
                        -0.046606 0.926721 -0.259358,
                        -0.059365 0.925531 -0.252447,
                        -0.066451 0.926959 -0.239131,
                        -0.094845 0.923309 -0.187835,
                        -0.097025 0.906404 -0.233425,
                        -0.098413 0.908388 -0.221631,
                        -0.100147 0.911404 -0.202355,
                        -0.100593 0.916166 -0.182065,
                        -0.102971 0.915134 -0.163804,
                        -0.097149 0.925610 -0.163804,
                        -0.108051 0.915134 -0.067489,
                        -0.108695 0.915134 -0.048213,
                        -0.108843 0.915134 -0.028937,
                        -0.108769 0.915134 -0.009662,
                        -0.101163 0.932197 0.016208,
                        -0.108521 0.915134 0.009614,
                        -0.108373 0.915134 0.016208,
                        0.108494 0.915134 0.016208,
                        0.108964 0.915134 0.009614,
                        0.109534 0.915134 -0.009662,
                        0.109212 0.915134 -0.028937,
                        0.107626 0.895927 -0.221631,
                        0.106289 0.895927 -0.240843,
                        0.133022 0.803070 -0.452749,
                        0.126803 0.818863 -0.433474,
                        0.124846 0.818863 -0.452749,
                        0.117041 0.829975 -0.452749,
                        0.120485 0.818863 -0.470313,
                        0.121625 0.800054 -0.509498,
                        0.116298 0.809816 -0.502397,
                        0.111021 0.806800 -0.515205,
                        0.104529 0.830768 -0.470313,
                        0.076185 0.886007 -0.365438,
                        0.068827 0.891483 -0.357956,
                        0.063351 0.887911 -0.369623,
                        0.048164 0.896562 -0.356434,
                        0.048164 0.903070 -0.340582,
                        0.048164 0.906880 -0.330945,
                        0.048164 0.911483 -0.317883,
                        0.048164 0.917991 -0.298670,
                        0.048164 0.922991 -0.283516,
                        0.028888 0.920134 -0.298670,
                        -0.057507 0.905372 -0.307928,
                        -0.060109 0.887832 -0.350347,
                        -0.078319 0.906562 -0.272230,
                        -0.081441 0.909181 -0.260119,
                        -0.085876 0.914340 -0.238941,
                        -0.088799 0.917991 -0.221631,
                        -0.092367 0.921007 -0.202355,
                        0.009636 0.924340 -0.287764,
                        -0.009615 0.924023 -0.286560,
                        -0.028891 0.925848 -0.273181,
                        -0.028891 0.922674 -0.282755,
                        -0.028891 0.917356 -0.298670,
                        -0.038281 0.905451 -0.327394,
                        -0.049901 0.903943 -0.319722,
                        -0.048166 0.898070 -0.337158,
                        -0.094473 0.903705 -0.246233,
                        -0.077056 0.789895 -0.520151,
                        -0.098809 0.889975 -0.260119,
                        -0.100717 0.896721 -0.240273,
                        -0.103938 0.895927 -0.221631,
                        -0.105994 0.895927 -0.202355,
                        -0.107431 0.895927 -0.183080,
                        -0.108472 0.895927 -0.163804,
                        -0.109066 0.895927 -0.144528,
                        -0.109166 0.895927 -0.125253,
                        -0.109314 0.895927 0.016208,
                        0.109559 0.908626 0.016208,
                        0.111913 0.895927 0.009614,
                        0.112433 0.895927 -0.009662,
                        0.138275 0.780292 -0.472025,
                        0.135847 0.793466 -0.452749,
                        0.135698 0.792197 -0.472025,
                        0.131213 0.801800 -0.472025,
                        0.134087 0.787990 -0.495993,
                        0.132229 0.784736 -0.510576,
                        0.128761 0.779260 -0.529472,
                        0.118429 0.793070 -0.529852,
                        0.115704 0.790054 -0.539617,
                        0.105124 0.802197 -0.528711,
                        0.098162 0.809974 -0.521609,
                        0.105124 0.812356 -0.509498,
                        0.097146 0.828784 -0.482424,
                        0.086691 0.836641 -0.472025,
                        0.048164 0.884975 -0.382494,
                        0.048164 0.889340 -0.372857,
                        0.067415 0.846403 -0.459217,
                        0.028888 0.898308 -0.356434,
                        0.028888 0.904023 -0.342992,
                        0.028888 0.907832 -0.333354,
                        0.028888 0.913467 -0.317883,
                        0.009636 0.920689 -0.298670,
                        -0.073314 0.882435 -0.337158,
                        -0.076164 0.885213 -0.325365,
                        -0.054509 0.884975 -0.363219,
                        -0.055897 0.866245 -0.403102,
                        -0.060852 0.869181 -0.390230,
                        -0.009615 0.919896 -0.298670,
                        -0.025447 0.906642 -0.330311,
                        -0.030674 0.909578 -0.319722,
                        -0.030674 0.903150 -0.336905,
                        -0.028891 0.895451 -0.356434,
                        -0.041675 0.887356 -0.368545,
                        -0.048117 0.890213 -0.356624,
                        -0.077130 0.847832 -0.404750,
                        -0.077155 0.828625 -0.443428,
                        -0.074132 0.824975 -0.456237,
                        -0.061273 0.831006 -0.467333,
                        -0.060976 0.811562 -0.505821,
                        -0.064643 0.795689 -0.529852,
                        -0.074281 0.787038 -0.529852,
                        -0.076064 0.769339 -0.556737,
                        -0.078616 0.773228 -0.543928,
                        -0.080450 0.777355 -0.529852,
                        -0.081813 0.762117 -0.549825,
                        -0.105870 0.876642 -0.240843,
                        -0.084959 0.741720 -0.568340,
                        -0.088998 0.659339 -0.631557,
                        -0.088180 0.645450 -0.631557,
                        -0.087858 0.640053 -0.631557,
                        -0.046110 0.159971 -0.105977,
                        -0.045094 0.159971 0.016208,
                        0.111492 0.895927 0.016208,
                        0.142313 0.741720 -0.510576,
                        0.140975 0.761006 -0.491301,
                        0.140257 0.761006 -0.510576,
                        0.137135 0.781085 -0.490223,
                        0.135079 0.790451 -0.483121,
                        0.136565 0.775133 -0.510576,
                        0.135524 0.772117 -0.522814,
                        0.133765 0.768228 -0.535622,
                        0.131213 0.764260 -0.549064,
                        0.120461 0.780054 -0.547289,
                        0.118280 0.773466 -0.562887,
                        0.105966 0.786959 -0.553630,
                        0.112978 0.768943 -0.575759,
                        0.106313 0.777197 -0.568974,
                        0.086691 0.811403 -0.524209,
                        0.086691 0.818308 -0.510576,
                        0.086691 0.825768 -0.495105,
                        0.095139 0.789657 -0.558195,
                        0.086691 0.805927 -0.533847,
                        0.067415 0.840530 -0.472025,
                        0.048164 0.879102 -0.394922,
                        0.028888 0.885848 -0.384397,
                        0.028888 0.890213 -0.374759,
                        0.009636 0.898785 -0.356434,
                        0.009636 0.904261 -0.343563,
                        0.009636 0.907991 -0.333925,
                        0.009636 0.913943 -0.317883,
                        -0.048117 0.881880 -0.375266,
                        -0.060951 0.850213 -0.428718,
                        -0.048959 0.872038 -0.396000,
                        -0.043063 0.868546 -0.407667,
                        -0.042963 0.849340 -0.446409,
                        -0.048910 0.843943 -0.452813,
                        -0.055798 0.827673 -0.480204,
                        -0.067393 0.852673 -0.412359,
                        -0.009615 0.913070 -0.317883,
                        -0.009615 0.907515 -0.332720,
                        -0.009615 0.903785 -0.342358,
                        -0.028891 0.888784 -0.371652,
                        -0.009615 0.897912 -0.356434,
                        -0.028891 0.884419 -0.381290,
                        -0.067591 0.833467 -0.451037,
                        -0.055698 0.808387 -0.518693,
                        -0.060505 0.791959 -0.542851,
                        -0.062487 0.774498 -0.568340,
                        -0.058622 0.771244 -0.578802,
                        -0.072125 0.765292 -0.568340,
                        -0.077452 0.752038 -0.578802,
                        -0.079310 0.755689 -0.568340,
                        -0.088230 0.741720 -0.549064,
                        -0.089444 0.722514 -0.568340,
                        -0.089964 0.703228 -0.587616,
                        -0.089791 0.683942 -0.606891,
                        -0.089221 0.664656 -0.626167,
                        -0.079905 0.741006 -0.586221,
                        -0.086421 0.722514 -0.587616,
                        -0.088428 0.664656 -0.631557,
                        -0.014669 0.159971 -0.631557,
                        -0.038727 0.159971 -0.410267,
                        -0.038925 0.159971 -0.408364,
                        -0.039916 0.159971 -0.398283,
                        -0.040213 0.159971 -0.394922,
                        -0.041477 0.159971 -0.379514,
                        -0.041725 0.159971 -0.375710,
                        -0.042567 0.159971 -0.360239,
                        -0.042740 0.159971 -0.356434,
                        -0.043286 0.159971 -0.340963,
                        -0.043409 0.159971 -0.337158,
                        -0.043731 0.159971 -0.321687,
                        -0.043806 0.159971 -0.317883,
                        -0.044004 0.159971 -0.302475,
                        0.086938 0.159971 0.016208,
                        0.087434 0.159971 0.013418,
                        0.088103 0.159971 0.009614,
                        0.090258 0.159971 -0.005857,
                        0.090779 0.159971 -0.009662,
                        0.092364 0.159971 -0.025133,
                        0.092736 0.159971 -0.028937,
                        0.093876 0.159971 -0.044409,
                        0.094148 0.159971 -0.048213,
                        0.142710 0.722514 -0.529852,
                        0.143527 0.703228 -0.568340,
                        0.142883 0.722514 -0.549064,
                        0.141966 0.741720 -0.529852,
                        0.137630 0.761482 -0.529472,
                        0.139836 0.741720 -0.549064,
                        0.136169 0.754657 -0.549064,
                        0.135004 0.751720 -0.559210,
                        0.132502 0.747196 -0.572018,
                        0.129033 0.741165 -0.587616,
                        0.118825 0.755133 -0.587616,
                        0.115827 0.751561 -0.597507,
                        0.100144 0.772593 -0.580578,
                        0.067415 0.807752 -0.536890,
                        0.067415 0.812990 -0.527252,
                        0.067415 0.821721 -0.510576,
                        0.067415 0.827514 -0.498973,
                        0.067415 0.832197 -0.489335,
                        0.086691 0.774736 -0.583304,
                        0.087905 0.785292 -0.567579,
                        0.082305 0.791165 -0.560668,
                        0.087905 0.795768 -0.550713,
                        0.054258 0.828229 -0.500495,
                        0.051830 0.847276 -0.461373,
                        0.048164 0.866245 -0.422124,
                        0.009636 0.886007 -0.384714,
                        0.009636 0.890451 -0.375076,
                        0.028888 0.880848 -0.394922,
                        0.009636 0.881165 -0.394922,
                        -0.009615 0.890054 -0.374252,
                        -0.028891 0.859022 -0.433474,
                        -0.028891 0.851006 -0.449642,
                        -0.028891 0.877911 -0.394922,
                        -0.028891 0.870134 -0.410901,
                        -0.028891 0.831721 -0.488130,
                        -0.042963 0.830054 -0.484833,
                        -0.009615 0.885610 -0.383889,
                        -0.042864 0.810609 -0.522877,
                        -0.048835 0.804895 -0.529535,
                        -0.047448 0.794260 -0.549191,
                        -0.053394 0.788070 -0.555722,
                        -0.040535 0.790689 -0.559907,
                        -0.048166 0.773308 -0.581656,
                        -0.048166 0.766165 -0.591293,
                        -0.060555 0.753625 -0.599980,
                        -0.066005 0.759260 -0.585270,
                        -0.073389 0.746879 -0.591674,
                        -0.078121 0.734022 -0.599473,
                        -0.086966 0.703228 -0.606891,
                        -0.086817 0.683942 -0.626167,
                        -0.086693 0.678625 -0.631557,
                        -0.080698 0.722117 -0.606321,
                        0.096279 0.159971 -0.631557,
                        0.094842 0.159971 -0.063684,
                        0.143750 0.645450 -0.626167,
                        0.143800 0.664656 -0.606891,
                        0.143750 0.683942 -0.587616,
                        0.142660 0.703228 -0.587616,
                        0.143156 0.683942 -0.606891,
                        0.141471 0.722514 -0.568340,
                        0.138027 0.722990 -0.587616,
                        0.136838 0.741165 -0.566692,
                        0.135822 0.734339 -0.581148,
                        0.133691 0.729736 -0.593957,
                        0.119742 0.740688 -0.605116,
                        0.105966 0.746244 -0.610252,
                        0.105966 0.754101 -0.600614,
                        0.117017 0.733545 -0.618115,
                        0.086691 0.767196 -0.592942,
                        0.086691 0.749736 -0.614627,
                        0.086691 0.757593 -0.604989,
                        0.067415 0.800609 -0.549064,
                        0.048164 0.802435 -0.549064,
                        0.048164 0.808625 -0.538475,
                        0.048164 0.813863 -0.528838,
                        0.067415 0.769022 -0.595225,
                        0.067415 0.776482 -0.585650,
                        0.067415 0.786085 -0.572208,
                        0.067415 0.792435 -0.562570,
                        0.047965 0.824340 -0.508864,
                        0.041424 0.828625 -0.501256,
                        0.047965 0.832356 -0.492949,
                        0.046504 0.843546 -0.470123,
                        -0.000249 0.867038 -0.423899,
                        0.038996 0.847753 -0.462451,
                        0.028888 0.852832 -0.452749,
                        0.020736 0.867038 -0.423963,
                        0.009636 0.871880 -0.414198,
                        -0.013083 0.866483 -0.422821,
                        -0.013133 0.827991 -0.499987,
                        -0.028891 0.826879 -0.497768,
                        -0.009615 0.880292 -0.394922,
                        -0.028891 0.812197 -0.525857,
                        -0.028891 0.807038 -0.535495,
                        -0.028891 0.820292 -0.510576,
                        -0.028891 0.799419 -0.549064,
                        -0.028891 0.791879 -0.561809,
                        -0.028891 0.785530 -0.571447,
                        -0.028891 0.775927 -0.585333,
                        -0.028891 0.768863 -0.594908,
                        -0.048166 0.756562 -0.603404,
                        -0.048166 0.748307 -0.613042,
                        -0.061298 0.735212 -0.619827,
                        -0.067343 0.741085 -0.606131,
                        -0.074157 0.728307 -0.612345,
                        -0.078418 0.715450 -0.619319,
                        -0.080921 0.702990 -0.625914,
                        -0.085133 0.683863 -0.631557,
                        0.142140 0.626164 -0.631557,
                        0.096056 0.159971 -0.198551,
                        0.094991 0.159971 -0.067489,
                        0.143651 0.645450 -0.631557,
                        0.095486 0.159971 -0.086765,
                        0.095734 0.159971 -0.102172,
                        0.095783 0.159971 -0.105977,
                        0.143379 0.664656 -0.626167,
                        0.138795 0.704339 -0.607843,
                        0.142313 0.665053 -0.631557,
                        0.139092 0.685291 -0.627499,
                        0.136516 0.716879 -0.602073,
                        0.130767 0.722990 -0.607843,
                        0.134187 0.711482 -0.614944,
                        0.105966 0.736561 -0.621539,
                        0.105966 0.727911 -0.631176,
                        0.121080 0.721799 -0.625153,
                        0.119321 0.718307 -0.631557,
                        0.106611 0.727196 -0.631557,
                        0.074525 0.751085 -0.616149,
                        0.088797 0.734101 -0.631557,
                        0.048164 0.793308 -0.564028,
                        0.028888 0.793705 -0.564599,
                        0.028888 0.803149 -0.549064,
                        0.028888 0.808943 -0.539046,
                        0.028888 0.814181 -0.529408,
                        0.048164 0.770133 -0.596620,
                        0.067836 0.758069 -0.608603,
                        0.048164 0.777355 -0.586982,
                        0.048164 0.786959 -0.573666,
                        0.028888 0.823784 -0.511147,
                        0.028888 0.828784 -0.501509,
                        0.028888 0.833864 -0.491301,
                        0.028888 0.847911 -0.462768,
                        0.009636 0.847911 -0.462831,
                        0.009636 0.843149 -0.472469,
                        -0.000522 0.847753 -0.462451,
                        -0.007880 0.832117 -0.492632,
                        -0.007856 0.862594 -0.431571,
                        -0.000299 0.828467 -0.500939,
                        -0.007880 0.823943 -0.508674,
                        -0.009615 0.813467 -0.528330,
                        -0.009615 0.808387 -0.537968,
                        -0.009615 0.801959 -0.549064,
                        -0.009615 0.786800 -0.573349,
                        -0.009615 0.793070 -0.563711,
                        -0.009615 0.777197 -0.586918,
                        -0.009615 0.770133 -0.596556,
                        -0.021036 0.751720 -0.616846,
                        -0.028023 0.757831 -0.608286,
                        -0.033871 0.750609 -0.615642,
                        -0.040263 0.734022 -0.631557,
                        -0.048166 0.738704 -0.623504,
                        -0.048166 0.731165 -0.631557,
                        -0.049777 0.730292 -0.631557,
                        -0.065262 0.719815 -0.631557,
                        -0.073760 0.710609 -0.631557,
                        -0.074627 0.709577 -0.631557,
                        -0.079830 0.700053 -0.631557,
                        -0.080871 0.697355 -0.631557,
                        0.095907 0.159971 -0.121448,
                        0.095932 0.159971 -0.125253,
                        0.096006 0.159971 -0.144528,
                        0.096031 0.159971 -0.160000,
                        0.136813 0.698625 -0.621919,
                        0.138473 0.683704 -0.631557,
                        0.131536 0.704339 -0.627499,
                        0.133121 0.697831 -0.631557,
                        0.104257 0.728228 -0.631557,
                        0.105966 0.727514 -0.631557,
                        0.126110 0.708387 -0.631557,
                        0.061691 0.751879 -0.617037,
                        0.081958 0.735609 -0.631557,
                        0.074129 0.737117 -0.631557,
                        0.028888 0.787355 -0.574237,
                        0.009636 0.787355 -0.574174,
                        0.009636 0.793625 -0.564536,
                        0.009636 0.802990 -0.549064,
                        0.009636 0.808943 -0.538919,
                        0.009636 0.814102 -0.529281,
                        0.048164 0.761482 -0.606891,
                        0.032901 0.770609 -0.597127,
                        0.009636 0.823705 -0.510957,
                        0.009636 0.828625 -0.501319,
                        0.009636 0.833705 -0.491301,
                        0.011247 0.776324 -0.589455,
                        0.005920 0.770530 -0.597063,
                        0.009636 0.752831 -0.618115,
                        -0.009615 0.761323 -0.606891,
                        -0.009615 0.752276 -0.617480,
                        -0.009615 0.739180 -0.631557,
                        -0.026066 0.737196 -0.631557,
                        -0.033226 0.735926 -0.631557,
                        0.136516 0.689339 -0.631557,
                        0.129182 0.703863 -0.631557,
                        0.048164 0.743625 -0.627309,
                        0.048164 0.752355 -0.617671,
                        0.067613 0.737911 -0.631557,
                        0.056711 0.738942 -0.631557,
                        0.027451 0.776324 -0.589518,
                        0.028888 0.752831 -0.618115,
                        0.027451 0.764022 -0.604989,
                        0.020067 0.770689 -0.597254,
                        0.018729 0.770689 -0.597254,
                        0.011247 0.764022 -0.604989,
                        0.028888 0.743942 -0.627752,
                        0.016722 0.740371 -0.631557,
                        0.009636 0.743863 -0.627752,
                        -0.001810 0.739657 -0.631557,
                        0.048164 0.739657 -0.631557,
                        0.036172 0.740133 -0.631557,
                        0.028888 0.740371 -0.631557,
                        0.009636 0.740292 -0.631557,
                    ]
                }
                coordIndex [ 
                        0, 1, 2, -1,
                        0, 2, 3, -1,
                        0, 3, 9, -1,
                        0, 9, 18, -1,
                        0, 18, 17, -1,
                        0, 17, 32, -1,
                        0, 32, 31, -1,
                        0, 31, 49, -1,
                        0, 49, 76, -1,
                        0, 76, 75, -1,
                        0, 75, 107, -1,
                        0, 107, 106, -1,
                        0, 106, 141, -1,
                        0, 141, 143, -1,
                        0, 143, 178, -1,
                        0, 178, 180, -1,
                        0, 180, 231, -1,
                        0, 231, 286, -1,
                        0, 286, 359, -1,
                        0, 359, 287, -1,
                        0, 287, 232, -1,
                        0, 232, 181, -1,
                        0, 181, 144, -1,
                        0, 144, 108, -1,
                        0, 108, 77, -1,
                        0, 77, 50, -1,
                        0, 50, 34, -1,
                        0, 34, 33, -1,
                        0, 33, 20, -1,
                        0, 20, 19, -1,
                        0, 19, 10, -1,
                        0, 10, 4, -1,
                        0, 4, 1, -1,
                        1, 4, 5, -1,
                        1, 5, 2, -1,
                        2, 6, 7, -1,
                        2, 7, 8, -1,
                        2, 8, 3, -1,
                        2, 5, 6, -1,
                        3, 8, 9, -1,
                        4, 10, 5, -1,
                        5, 10, 11, -1,
                        5, 11, 12, -1,
                        5, 12, 6, -1,
                        6, 12, 24, -1,
                        6, 24, 13, -1,
                        6, 13, 14, -1,
                        6, 14, 7, -1,
                        7, 14, 27, -1,
                        7, 27, 15, -1,
                        7, 15, 8, -1,
                        8, 15, 16, -1,
                        8, 16, 17, -1,
                        8, 17, 18, -1,
                        8, 18, 9, -1,
                        10, 19, 11, -1,
                        11, 19, 20, -1,
                        11, 20, 21, -1,
                        11, 21, 22, -1,
                        11, 22, 12, -1,
                        12, 22, 23, -1,
                        12, 23, 24, -1,
                        13, 24, 25, -1,
                        13, 25, 26, -1,
                        13, 26, 14, -1,
                        14, 26, 28, -1,
                        14, 28, 27, -1,
                        15, 27, 29, -1,
                        15, 29, 16, -1,
                        16, 29, 30, -1,
                        16, 30, 31, -1,
                        16, 31, 32, -1,
                        16, 32, 17, -1,
                        20, 33, 21, -1,
                        21, 33, 34, -1,
                        21, 34, 35, -1,
                        21, 35, 22, -1,
                        22, 35, 36, -1,
                        22, 36, 37, -1,
                        22, 37, 23, -1,
                        23, 37, 38, -1,
                        23, 38, 39, -1,
                        23, 39, 24, -1,
                        24, 40, 26, -1,
                        24, 26, 25, -1,
                        24, 39, 40, -1,
                        26, 40, 41, -1,
                        26, 41, 42, -1,
                        26, 42, 28, -1,
                        27, 43, 44, -1,
                        27, 44, 29, -1,
                        27, 28, 43, -1,
                        28, 42, 45, -1,
                        28, 45, 44, -1,
                        28, 44, 43, -1,
                        29, 44, 46, -1,
                        29, 46, 47, -1,
                        29, 47, 30, -1,
                        30, 47, 71, -1,
                        30, 71, 48, -1,
                        30, 48, 31, -1,
                        31, 48, 49, -1,
                        34, 50, 51, -1,
                        34, 51, 35, -1,
                        35, 51, 52, -1,
                        35, 52, 36, -1,
                        36, 52, 37, -1,
                        37, 52, 53, -1,
                        37, 53, 38, -1,
                        38, 53, 54, -1,
                        38, 54, 55, -1,
                        38, 55, 56, -1,
                        38, 56, 39, -1,
                        39, 56, 40, -1,
                        40, 56, 57, -1,
                        40, 57, 41, -1,
                        41, 58, 59, -1,
                        41, 59, 42, -1,
                        41, 57, 60, -1,
                        41, 60, 61, -1,
                        41, 61, 62, -1,
                        41, 62, 58, -1,
                        42, 63, 64, -1,
                        42, 64, 45, -1,
                        42, 59, 65, -1,
                        42, 65, 66, -1,
                        42, 66, 67, -1,
                        42, 67, 68, -1,
                        42, 68, 63, -1,
                        44, 45, 46, -1,
                        45, 64, 69, -1,
                        45, 69, 46, -1,
                        46, 70, 71, -1,
                        46, 71, 47, -1,
                        46, 69, 72, -1,
                        46, 72, 70, -1,
                        48, 71, 73, -1,
                        48, 73, 74, -1,
                        48, 74, 75, -1,
                        48, 75, 76, -1,
                        48, 76, 49, -1,
                        50, 77, 51, -1,
                        51, 77, 78, -1,
                        51, 78, 79, -1,
                        51, 79, 52, -1,
                        52, 79, 80, -1,
                        52, 80, 53, -1,
                        53, 80, 81, -1,
                        53, 81, 82, -1,
                        53, 82, 83, -1,
                        53, 83, 54, -1,
                        54, 83, 84, -1,
                        54, 84, 85, -1,
                        54, 85, 86, -1,
                        54, 86, 55, -1,
                        55, 86, 56, -1,
                        56, 86, 57, -1,
                        57, 86, 87, -1,
                        57, 87, 60, -1,
                        58, 62, 59, -1,
                        59, 62, 65, -1,
                        60, 87, 88, -1,
                        60, 88, 89, -1,
                        60, 89, 61, -1,
                        61, 89, 62, -1,
                        62, 89, 90, -1,
                        62, 90, 65, -1,
                        63, 68, 91, -1,
                        63, 91, 92, -1,
                        63, 92, 64, -1,
                        64, 92, 69, -1,
                        65, 90, 93, -1,
                        65, 93, 94, -1,
                        65, 94, 95, -1,
                        65, 95, 66, -1,
                        66, 95, 67, -1,
                        67, 95, 94, -1,
                        67, 94, 96, -1,
                        67, 96, 97, -1,
                        67, 97, 91, -1,
                        67, 91, 68, -1,
                        69, 92, 98, -1,
                        69, 98, 72, -1,
                        70, 99, 100, -1,
                        70, 100, 71, -1,
                        70, 72, 98, -1,
                        70, 98, 101, -1,
                        70, 101, 102, -1,
                        70, 102, 99, -1,
                        71, 100, 73, -1,
                        73, 100, 103, -1,
                        73, 103, 104, -1,
                        73, 104, 74, -1,
                        74, 104, 105, -1,
                        74, 105, 106, -1,
                        74, 106, 107, -1,
                        74, 107, 75, -1,
                        77, 108, 109, -1,
                        77, 109, 78, -1,
                        78, 109, 110, -1,
                        78, 110, 79, -1,
                        79, 110, 111, -1,
                        79, 111, 80, -1,
                        80, 111, 82, -1,
                        80, 82, 81, -1,
                        82, 111, 112, -1,
                        82, 112, 113, -1,
                        82, 113, 83, -1,
                        83, 113, 84, -1,
                        84, 113, 114, -1,
                        84, 114, 115, -1,
                        84, 115, 116, -1,
                        84, 116, 117, -1,
                        84, 117, 118, -1,
                        84, 118, 119, -1,
                        84, 119, 120, -1,
                        84, 120, 85, -1,
                        85, 120, 121, -1,
                        85, 121, 86, -1,
                        86, 121, 87, -1,
                        87, 121, 88, -1,
                        88, 121, 122, -1,
                        88, 122, 123, -1,
                        88, 123, 127, -1,
                        88, 127, 124, -1,
                        88, 124, 89, -1,
                        89, 124, 90, -1,
                        90, 124, 93, -1,
                        91, 97, 96, -1,
                        91, 96, 125, -1,
                        91, 125, 92, -1,
                        92, 125, 126, -1,
                        92, 126, 98, -1,
                        93, 124, 127, -1,
                        93, 127, 128, -1,
                        93, 128, 129, -1,
                        93, 129, 94, -1,
                        94, 129, 96, -1,
                        96, 129, 130, -1,
                        96, 130, 131, -1,
                        96, 131, 125, -1,
                        98, 126, 132, -1,
                        98, 132, 133, -1,
                        98, 133, 134, -1,
                        98, 134, 101, -1,
                        99, 102, 134, -1,
                        99, 134, 135, -1,
                        99, 135, 100, -1,
                        100, 136, 103, -1,
                        100, 135, 136, -1,
                        101, 134, 102, -1,
                        103, 137, 138, -1,
                        103, 138, 104, -1,
                        103, 136, 135, -1,
                        103, 135, 137, -1,
                        104, 138, 139, -1,
                        104, 139, 140, -1,
                        104, 140, 105, -1,
                        105, 141, 106, -1,
                        105, 140, 142, -1,
                        105, 142, 143, -1,
                        105, 143, 141, -1,
                        108, 144, 109, -1,
                        109, 144, 110, -1,
                        110, 144, 145, -1,
                        110, 145, 146, -1,
                        110, 146, 111, -1,
                        111, 146, 147, -1,
                        111, 147, 148, -1,
                        111, 148, 149, -1,
                        111, 149, 112, -1,
                        112, 149, 113, -1,
                        113, 149, 150, -1,
                        113, 150, 114, -1,
                        114, 150, 151, -1,
                        114, 151, 115, -1,
                        115, 151, 116, -1,
                        116, 151, 152, -1,
                        116, 152, 117, -1,
                        117, 152, 118, -1,
                        118, 153, 154, -1,
                        118, 154, 155, -1,
                        118, 155, 119, -1,
                        118, 152, 153, -1,
                        119, 155, 120, -1,
                        120, 155, 121, -1,
                        121, 155, 122, -1,
                        122, 156, 157, -1,
                        122, 157, 123, -1,
                        122, 155, 156, -1,
                        123, 157, 127, -1,
                        125, 131, 158, -1,
                        125, 158, 159, -1,
                        125, 159, 132, -1,
                        125, 132, 126, -1,
                        127, 157, 160, -1,
                        127, 160, 128, -1,
                        128, 160, 161, -1,
                        128, 161, 162, -1,
                        128, 162, 129, -1,
                        129, 162, 130, -1,
                        130, 162, 163, -1,
                        130, 163, 164, -1,
                        130, 164, 165, -1,
                        130, 165, 131, -1,
                        131, 165, 166, -1,
                        131, 166, 158, -1,
                        132, 159, 167, -1,
                        132, 167, 135, -1,
                        132, 135, 133, -1,
                        133, 135, 134, -1,
                        135, 167, 168, -1,
                        135, 168, 169, -1,
                        135, 169, 170, -1,
                        135, 170, 171, -1,
                        135, 171, 172, -1,
                        135, 172, 173, -1,
                        135, 173, 137, -1,
                        137, 173, 172, -1,
                        137, 172, 138, -1,
                        138, 172, 174, -1,
                        138, 174, 175, -1,
                        138, 175, 139, -1,
                        139, 175, 176, -1,
                        139, 176, 140, -1,
                        140, 176, 177, -1,
                        140, 177, 142, -1,
                        142, 178, 143, -1,
                        142, 177, 179, -1,
                        142, 179, 180, -1,
                        142, 180, 178, -1,
                        144, 181, 182, -1,
                        144, 182, 145, -1,
                        145, 182, 146, -1,
                        146, 182, 183, -1,
                        146, 183, 147, -1,
                        147, 183, 184, -1,
                        147, 184, 185, -1,
                        147, 185, 148, -1,
                        148, 185, 186, -1,
                        148, 186, 149, -1,
                        149, 186, 187, -1,
                        149, 187, 188, -1,
                        149, 188, 189, -1,
                        149, 189, 190, -1,
                        149, 190, 150, -1,
                        150, 190, 151, -1,
                        151, 190, 189, -1,
                        151, 189, 191, -1,
                        151, 191, 192, -1,
                        151, 192, 193, -1,
                        151, 193, 194, -1,
                        151, 194, 195, -1,
                        151, 195, 152, -1,
                        152, 196, 153, -1,
                        152, 195, 196, -1,
                        153, 196, 197, -1,
                        153, 197, 154, -1,
                        154, 197, 198, -1,
                        154, 198, 199, -1,
                        154, 199, 200, -1,
                        154, 200, 201, -1,
                        154, 201, 202, -1,
                        154, 202, 203, -1,
                        154, 203, 155, -1,
                        155, 203, 204, -1,
                        155, 204, 156, -1,
                        156, 204, 157, -1,
                        157, 204, 205, -1,
                        157, 205, 160, -1,
                        158, 165, 206, -1,
                        158, 206, 207, -1,
                        158, 207, 208, -1,
                        158, 208, 209, -1,
                        158, 209, 210, -1,
                        158, 210, 168, -1,
                        158, 168, 211, -1,
                        158, 211, 212, -1,
                        158, 212, 167, -1,
                        158, 167, 159, -1,
                        158, 166, 165, -1,
                        160, 205, 213, -1,
                        160, 213, 214, -1,
                        160, 214, 161, -1,
                        161, 214, 162, -1,
                        162, 214, 215, -1,
                        162, 215, 163, -1,
                        163, 215, 216, -1,
                        163, 216, 217, -1,
                        163, 217, 218, -1,
                        163, 218, 164, -1,
                        164, 218, 165, -1,
                        165, 218, 219, -1,
                        165, 219, 220, -1,
                        165, 220, 206, -1,
                        167, 212, 168, -1,
                        168, 221, 222, -1,
                        168, 222, 223, -1,
                        168, 223, 224, -1,
                        168, 224, 169, -1,
                        168, 212, 211, -1,
                        168, 210, 221, -1,
                        169, 224, 170, -1,
                        170, 224, 225, -1,
                        170, 225, 171, -1,
                        171, 225, 172, -1,
                        172, 225, 226, -1,
                        172, 226, 227, -1,
                        172, 227, 228, -1,
                        172, 228, 174, -1,
                        174, 228, 175, -1,
                        175, 228, 229, -1,
                        175, 229, 176, -1,
                        176, 229, 230, -1,
                        176, 230, 231, -1,
                        176, 231, 177, -1,
                        177, 231, 179, -1,
                        179, 231, 180, -1,
                        181, 232, 182, -1,
                        182, 232, 233, -1,
                        182, 233, 183, -1,
                        183, 233, 234, -1,
                        183, 234, 235, -1,
                        183, 235, 236, -1,
                        183, 236, 184, -1,
                        184, 236, 187, -1,
                        184, 187, 185, -1,
                        185, 187, 186, -1,
                        187, 236, 237, -1,
                        187, 237, 238, -1,
                        187, 238, 189, -1,
                        187, 189, 188, -1,
                        189, 238, 191, -1,
                        191, 238, 239, -1,
                        191, 239, 240, -1,
                        191, 240, 192, -1,
                        192, 240, 241, -1,
                        192, 241, 242, -1,
                        192, 242, 193, -1,
                        193, 242, 243, -1,
                        193, 243, 194, -1,
                        194, 244, 245, -1,
                        194, 245, 246, -1,
                        194, 246, 195, -1,
                        194, 243, 244, -1,
                        195, 246, 247, -1,
                        195, 247, 196, -1,
                        196, 247, 248, -1,
                        196, 248, 197, -1,
                        197, 248, 198, -1,
                        198, 249, 250, -1,
                        198, 250, 199, -1,
                        198, 248, 251, -1,
                        198, 251, 249, -1,
                        199, 252, 253, -1,
                        199, 253, 200, -1,
                        199, 250, 252, -1,
                        200, 253, 254, -1,
                        200, 254, 201, -1,
                        201, 254, 255, -1,
                        201, 255, 202, -1,
                        202, 255, 205, -1,
                        202, 205, 203, -1,
                        203, 205, 204, -1,
                        205, 255, 256, -1,
                        205, 256, 213, -1,
                        206, 220, 207, -1,
                        207, 257, 258, -1,
                        207, 258, 208, -1,
                        207, 220, 259, -1,
                        207, 259, 260, -1,
                        207, 260, 261, -1,
                        207, 261, 257, -1,
                        208, 258, 209, -1,
                        209, 258, 221, -1,
                        209, 221, 210, -1,
                        213, 256, 214, -1,
                        214, 256, 262, -1,
                        214, 262, 217, -1,
                        214, 217, 216, -1,
                        214, 216, 215, -1,
                        217, 262, 263, -1,
                        217, 263, 264, -1,
                        217, 264, 218, -1,
                        218, 264, 263, -1,
                        218, 263, 265, -1,
                        218, 265, 266, -1,
                        218, 266, 267, -1,
                        218, 267, 268, -1,
                        218, 268, 220, -1,
                        218, 220, 219, -1,
                        220, 268, 259, -1,
                        221, 258, 269, -1,
                        221, 269, 270, -1,
                        221, 270, 222, -1,
                        222, 270, 271, -1,
                        222, 271, 272, -1,
                        222, 272, 273, -1,
                        222, 273, 274, -1,
                        222, 274, 275, -1,
                        222, 275, 276, -1,
                        222, 276, 277, -1,
                        222, 277, 278, -1,
                        222, 278, 223, -1,
                        223, 278, 279, -1,
                        223, 279, 224, -1,
                        224, 280, 225, -1,
                        224, 279, 281, -1,
                        224, 281, 280, -1,
                        225, 280, 226, -1,
                        226, 280, 227, -1,
                        227, 280, 228, -1,
                        228, 280, 229, -1,
                        229, 280, 282, -1,
                        229, 282, 283, -1,
                        229, 283, 284, -1,
                        229, 284, 230, -1,
                        230, 284, 231, -1,
                        231, 284, 285, -1,
                        231, 285, 286, -1,
                        232, 287, 233, -1,
                        233, 287, 288, -1,
                        233, 288, 289, -1,
                        233, 289, 235, -1,
                        233, 235, 234, -1,
                        235, 289, 290, -1,
                        235, 290, 291, -1,
                        235, 291, 237, -1,
                        235, 237, 236, -1,
                        237, 291, 292, -1,
                        237, 292, 238, -1,
                        238, 292, 239, -1,
                        239, 292, 293, -1,
                        239, 293, 294, -1,
                        239, 294, 240, -1,
                        240, 294, 295, -1,
                        240, 295, 241, -1,
                        241, 295, 296, -1,
                        241, 296, 297, -1,
                        241, 297, 242, -1,
                        242, 297, 298, -1,
                        242, 298, 243, -1,
                        243, 299, 244, -1,
                        243, 298, 300, -1,
                        243, 300, 301, -1,
                        243, 301, 299, -1,
                        244, 299, 245, -1,
                        245, 302, 303, -1,
                        245, 303, 304, -1,
                        245, 304, 247, -1,
                        245, 247, 246, -1,
                        245, 299, 305, -1,
                        245, 305, 306, -1,
                        245, 306, 302, -1,
                        247, 304, 248, -1,
                        248, 304, 307, -1,
                        248, 307, 251, -1,
                        249, 308, 309, -1,
                        249, 309, 310, -1,
                        249, 310, 250, -1,
                        249, 251, 307, -1,
                        249, 307, 308, -1,
                        250, 310, 252, -1,
                        252, 310, 311, -1,
                        252, 311, 312, -1,
                        252, 312, 253, -1,
                        253, 312, 254, -1,
                        254, 312, 313, -1,
                        254, 313, 314, -1,
                        254, 314, 255, -1,
                        255, 314, 256, -1,
                        256, 314, 262, -1,
                        257, 261, 269, -1,
                        257, 269, 258, -1,
                        259, 268, 267, -1,
                        259, 267, 315, -1,
                        259, 315, 260, -1,
                        260, 316, 261, -1,
                        260, 315, 267, -1,
                        260, 267, 317, -1,
                        260, 317, 318, -1,
                        260, 318, 319, -1,
                        260, 319, 320, -1,
                        260, 320, 321, -1,
                        260, 321, 272, -1,
                        260, 272, 316, -1,
                        261, 316, 272, -1,
                        261, 272, 322, -1,
                        261, 322, 269, -1,
                        262, 314, 323, -1,
                        262, 323, 263, -1,
                        263, 323, 324, -1,
                        263, 324, 325, -1,
                        263, 325, 266, -1,
                        263, 266, 265, -1,
                        266, 326, 267, -1,
                        266, 325, 327, -1,
                        266, 327, 326, -1,
                        267, 326, 328, -1,
                        267, 328, 318, -1,
                        267, 318, 317, -1,
                        269, 322, 329, -1,
                        269, 329, 270, -1,
                        270, 329, 271, -1,
                        271, 329, 272, -1,
                        272, 321, 330, -1,
                        272, 330, 273, -1,
                        272, 329, 322, -1,
                        273, 330, 331, -1,
                        273, 331, 274, -1,
                        274, 331, 275, -1,
                        275, 331, 276, -1,
                        276, 331, 332, -1,
                        276, 332, 333, -1,
                        276, 333, 334, -1,
                        276, 334, 335, -1,
                        276, 335, 336, -1,
                        276, 336, 277, -1,
                        277, 336, 279, -1,
                        277, 279, 278, -1,
                        279, 336, 281, -1,
                        280, 281, 337, -1,
                        280, 337, 338, -1,
                        280, 338, 339, -1,
                        280, 339, 340, -1,
                        280, 340, 341, -1,
                        280, 341, 282, -1,
                        281, 336, 342, -1,
                        281, 342, 343, -1,
                        281, 343, 337, -1,
                        282, 341, 344, -1,
                        282, 344, 418, -1,
                        282, 418, 475, -1,
                        282, 475, 535, -1,
                        282, 535, 534, -1,
                        282, 534, 533, -1,
                        282, 533, 532, -1,
                        282, 532, 531, -1,
                        282, 531, 530, -1,
                        282, 530, 529, -1,
                        282, 529, 527, -1,
                        282, 527, 568, -1,
                        282, 568, 567, -1,
                        282, 567, 566, -1,
                        282, 566, 584, -1,
                        282, 584, 588, -1,
                        282, 588, 582, -1,
                        282, 582, 587, -1,
                        282, 587, 586, -1,
                        282, 586, 585, -1,
                        282, 585, 574, -1,
                        282, 574, 573, -1,
                        282, 573, 549, -1,
                        282, 549, 548, -1,
                        282, 548, 496, -1,
                        282, 496, 544, -1,
                        282, 544, 545, -1,
                        282, 545, 494, -1,
                        282, 494, 493, -1,
                        282, 493, 546, -1,
                        282, 546, 570, -1,
                        282, 570, 543, -1,
                        282, 543, 569, -1,
                        282, 569, 541, -1,
                        282, 541, 485, -1,
                        282, 485, 479, -1,
                        282, 479, 476, -1,
                        282, 476, 420, -1,
                        282, 420, 345, -1,
                        282, 345, 284, -1,
                        282, 284, 283, -1,
                        284, 345, 346, -1,
                        284, 346, 347, -1,
                        284, 347, 348, -1,
                        284, 348, 349, -1,
                        284, 349, 350, -1,
                        284, 350, 351, -1,
                        284, 351, 352, -1,
                        284, 352, 353, -1,
                        284, 353, 354, -1,
                        284, 354, 355, -1,
                        284, 355, 356, -1,
                        284, 356, 357, -1,
                        284, 357, 358, -1,
                        284, 358, 285, -1,
                        285, 358, 357, -1,
                        285, 357, 356, -1,
                        285, 356, 355, -1,
                        285, 355, 354, -1,
                        285, 354, 353, -1,
                        285, 353, 352, -1,
                        285, 352, 351, -1,
                        285, 351, 350, -1,
                        285, 350, 349, -1,
                        285, 349, 348, -1,
                        285, 348, 347, -1,
                        285, 347, 346, -1,
                        285, 346, 345, -1,
                        285, 345, 420, -1,
                        285, 420, 477, -1,
                        285, 477, 539, -1,
                        285, 539, 538, -1,
                        285, 538, 537, -1,
                        285, 537, 536, -1,
                        285, 536, 482, -1,
                        285, 482, 481, -1,
                        285, 481, 480, -1,
                        285, 480, 478, -1,
                        285, 478, 421, -1,
                        285, 421, 367, -1,
                        285, 367, 366, -1,
                        285, 366, 365, -1,
                        285, 365, 364, -1,
                        285, 364, 363, -1,
                        285, 363, 362, -1,
                        285, 362, 361, -1,
                        285, 361, 360, -1,
                        285, 360, 359, -1,
                        285, 359, 286, -1,
                        287, 359, 360, -1,
                        287, 360, 361, -1,
                        287, 361, 362, -1,
                        287, 362, 363, -1,
                        287, 363, 364, -1,
                        287, 364, 365, -1,
                        287, 365, 366, -1,
                        287, 366, 367, -1,
                        287, 367, 288, -1,
                        288, 368, 369, -1,
                        288, 369, 370, -1,
                        288, 370, 371, -1,
                        288, 371, 289, -1,
                        288, 367, 368, -1,
                        289, 371, 290, -1,
                        290, 372, 293, -1,
                        290, 293, 291, -1,
                        290, 371, 373, -1,
                        290, 373, 372, -1,
                        291, 293, 292, -1,
                        293, 372, 294, -1,
                        294, 372, 374, -1,
                        294, 374, 375, -1,
                        294, 375, 295, -1,
                        295, 375, 296, -1,
                        296, 298, 297, -1,
                        296, 375, 376, -1,
                        296, 376, 298, -1,
                        298, 376, 377, -1,
                        298, 377, 378, -1,
                        298, 378, 379, -1,
                        298, 379, 300, -1,
                        299, 301, 305, -1,
                        300, 380, 301, -1,
                        300, 379, 380, -1,
                        301, 380, 305, -1,
                        302, 306, 381, -1,
                        302, 381, 382, -1,
                        302, 382, 383, -1,
                        302, 383, 303, -1,
                        303, 383, 384, -1,
                        303, 384, 385, -1,
                        303, 385, 304, -1,
                        304, 385, 307, -1,
                        305, 380, 386, -1,
                        305, 386, 387, -1,
                        305, 387, 388, -1,
                        305, 388, 389, -1,
                        305, 389, 306, -1,
                        306, 389, 388, -1,
                        306, 388, 381, -1,
                        307, 385, 390, -1,
                        307, 390, 391, -1,
                        307, 391, 392, -1,
                        307, 392, 308, -1,
                        308, 392, 309, -1,
                        309, 393, 394, -1,
                        309, 394, 310, -1,
                        309, 392, 395, -1,
                        309, 395, 396, -1,
                        309, 396, 393, -1,
                        310, 394, 311, -1,
                        311, 394, 397, -1,
                        311, 397, 327, -1,
                        311, 327, 312, -1,
                        312, 327, 325, -1,
                        312, 325, 324, -1,
                        312, 324, 313, -1,
                        313, 324, 323, -1,
                        313, 323, 314, -1,
                        318, 398, 399, -1,
                        318, 399, 319, -1,
                        318, 328, 400, -1,
                        318, 400, 401, -1,
                        318, 401, 398, -1,
                        319, 399, 402, -1,
                        319, 402, 403, -1,
                        319, 403, 321, -1,
                        319, 321, 320, -1,
                        321, 403, 330, -1,
                        326, 397, 328, -1,
                        326, 327, 397, -1,
                        328, 397, 404, -1,
                        328, 404, 400, -1,
                        330, 405, 406, -1,
                        330, 406, 407, -1,
                        330, 407, 408, -1,
                        330, 408, 331, -1,
                        330, 403, 405, -1,
                        331, 408, 333, -1,
                        331, 333, 332, -1,
                        333, 408, 409, -1,
                        333, 409, 410, -1,
                        333, 410, 411, -1,
                        333, 411, 412, -1,
                        333, 412, 413, -1,
                        333, 413, 334, -1,
                        334, 413, 414, -1,
                        334, 414, 335, -1,
                        335, 414, 415, -1,
                        335, 415, 342, -1,
                        335, 342, 336, -1,
                        337, 343, 338, -1,
                        338, 343, 416, -1,
                        338, 416, 339, -1,
                        339, 416, 417, -1,
                        339, 417, 340, -1,
                        340, 417, 418, -1,
                        340, 418, 344, -1,
                        340, 344, 341, -1,
                        342, 415, 419, -1,
                        342, 419, 343, -1,
                        343, 419, 416, -1,
                        367, 421, 422, -1,
                        367, 422, 423, -1,
                        367, 423, 424, -1,
                        367, 424, 368, -1,
                        368, 424, 369, -1,
                        369, 425, 370, -1,
                        369, 424, 483, -1,
                        369, 483, 426, -1,
                        369, 426, 425, -1,
                        370, 425, 371, -1,
                        371, 425, 427, -1,
                        371, 427, 373, -1,
                        372, 373, 374, -1,
                        373, 427, 428, -1,
                        373, 428, 429, -1,
                        373, 429, 374, -1,
                        374, 429, 375, -1,
                        375, 429, 430, -1,
                        375, 430, 431, -1,
                        375, 431, 376, -1,
                        376, 431, 377, -1,
                        377, 431, 432, -1,
                        377, 432, 378, -1,
                        378, 432, 379, -1,
                        379, 433, 434, -1,
                        379, 434, 380, -1,
                        379, 432, 435, -1,
                        379, 435, 433, -1,
                        380, 436, 386, -1,
                        380, 434, 433, -1,
                        380, 433, 437, -1,
                        380, 437, 438, -1,
                        380, 438, 436, -1,
                        381, 388, 439, -1,
                        381, 439, 440, -1,
                        381, 440, 441, -1,
                        381, 441, 442, -1,
                        381, 442, 382, -1,
                        382, 442, 390, -1,
                        382, 390, 383, -1,
                        383, 390, 384, -1,
                        384, 390, 385, -1,
                        386, 436, 443, -1,
                        386, 443, 444, -1,
                        386, 444, 445, -1,
                        386, 445, 388, -1,
                        386, 388, 387, -1,
                        388, 445, 446, -1,
                        388, 446, 439, -1,
                        390, 442, 447, -1,
                        390, 447, 448, -1,
                        390, 448, 449, -1,
                        390, 449, 450, -1,
                        390, 450, 391, -1,
                        391, 450, 395, -1,
                        391, 395, 392, -1,
                        393, 396, 451, -1,
                        393, 451, 404, -1,
                        393, 404, 397, -1,
                        393, 397, 394, -1,
                        395, 450, 452, -1,
                        395, 452, 453, -1,
                        395, 453, 454, -1,
                        395, 454, 396, -1,
                        396, 454, 455, -1,
                        396, 455, 451, -1,
                        398, 456, 399, -1,
                        398, 401, 456, -1,
                        399, 456, 457, -1,
                        399, 457, 402, -1,
                        400, 404, 456, -1,
                        400, 456, 401, -1,
                        402, 457, 458, -1,
                        402, 458, 403, -1,
                        403, 458, 405, -1,
                        404, 459, 456, -1,
                        404, 451, 459, -1,
                        405, 460, 461, -1,
                        405, 461, 409, -1,
                        405, 409, 406, -1,
                        405, 458, 462, -1,
                        405, 462, 460, -1,
                        406, 409, 407, -1,
                        407, 409, 408, -1,
                        409, 461, 463, -1,
                        409, 463, 464, -1,
                        409, 464, 465, -1,
                        409, 465, 466, -1,
                        409, 466, 410, -1,
                        410, 466, 467, -1,
                        410, 467, 411, -1,
                        411, 467, 468, -1,
                        411, 468, 412, -1,
                        412, 468, 469, -1,
                        412, 469, 470, -1,
                        412, 470, 471, -1,
                        412, 471, 414, -1,
                        412, 414, 413, -1,
                        414, 471, 472, -1,
                        414, 472, 415, -1,
                        415, 472, 473, -1,
                        415, 473, 419, -1,
                        416, 419, 474, -1,
                        416, 474, 475, -1,
                        416, 475, 417, -1,
                        417, 475, 418, -1,
                        419, 473, 474, -1,
                        420, 476, 477, -1,
                        421, 478, 422, -1,
                        422, 476, 479, -1,
                        422, 479, 423, -1,
                        422, 478, 480, -1,
                        422, 480, 481, -1,
                        422, 481, 482, -1,
                        422, 482, 476, -1,
                        423, 479, 483, -1,
                        423, 483, 424, -1,
                        425, 484, 428, -1,
                        425, 428, 427, -1,
                        425, 426, 484, -1,
                        426, 483, 485, -1,
                        426, 485, 486, -1,
                        426, 486, 484, -1,
                        428, 430, 429, -1,
                        428, 484, 487, -1,
                        428, 487, 430, -1,
                        430, 487, 431, -1,
                        431, 488, 432, -1,
                        431, 487, 489, -1,
                        431, 489, 488, -1,
                        432, 488, 435, -1,
                        433, 435, 490, -1,
                        433, 490, 437, -1,
                        435, 491, 490, -1,
                        435, 488, 492, -1,
                        435, 492, 493, -1,
                        435, 493, 494, -1,
                        435, 494, 491, -1,
                        436, 438, 495, -1,
                        436, 495, 443, -1,
                        437, 495, 438, -1,
                        437, 490, 496, -1,
                        437, 496, 495, -1,
                        439, 446, 440, -1,
                        440, 446, 497, -1,
                        440, 497, 498, -1,
                        440, 498, 499, -1,
                        440, 499, 441, -1,
                        441, 499, 500, -1,
                        441, 500, 501, -1,
                        441, 501, 442, -1,
                        442, 501, 448, -1,
                        442, 448, 447, -1,
                        443, 502, 444, -1,
                        443, 495, 503, -1,
                        443, 503, 502, -1,
                        444, 502, 504, -1,
                        444, 504, 505, -1,
                        444, 505, 445, -1,
                        445, 505, 497, -1,
                        445, 497, 446, -1,
                        448, 501, 506, -1,
                        448, 506, 507, -1,
                        448, 507, 508, -1,
                        448, 508, 509, -1,
                        448, 509, 453, -1,
                        448, 453, 452, -1,
                        448, 452, 449, -1,
                        449, 452, 450, -1,
                        451, 510, 511, -1,
                        451, 511, 512, -1,
                        451, 512, 513, -1,
                        451, 513, 514, -1,
                        451, 514, 456, -1,
                        451, 456, 459, -1,
                        451, 455, 510, -1,
                        453, 509, 454, -1,
                        454, 509, 455, -1,
                        455, 509, 508, -1,
                        455, 508, 510, -1,
                        456, 514, 457, -1,
                        457, 513, 515, -1,
                        457, 515, 516, -1,
                        457, 516, 517, -1,
                        457, 517, 518, -1,
                        457, 518, 462, -1,
                        457, 462, 458, -1,
                        457, 514, 513, -1,
                        460, 518, 461, -1,
                        460, 462, 518, -1,
                        461, 518, 463, -1,
                        463, 518, 519, -1,
                        463, 519, 464, -1,
                        464, 520, 465, -1,
                        464, 519, 521, -1,
                        464, 521, 520, -1,
                        465, 520, 466, -1,
                        466, 522, 523, -1,
                        466, 523, 467, -1,
                        466, 520, 522, -1,
                        467, 523, 524, -1,
                        467, 524, 525, -1,
                        467, 525, 526, -1,
                        467, 526, 468, -1,
                        468, 526, 469, -1,
                        469, 526, 527, -1,
                        469, 527, 528, -1,
                        469, 528, 470, -1,
                        470, 472, 471, -1,
                        470, 528, 529, -1,
                        470, 529, 530, -1,
                        470, 530, 531, -1,
                        470, 531, 532, -1,
                        470, 532, 472, -1,
                        472, 532, 533, -1,
                        472, 533, 473, -1,
                        473, 533, 534, -1,
                        473, 534, 474, -1,
                        474, 534, 535, -1,
                        474, 535, 475, -1,
                        476, 482, 536, -1,
                        476, 536, 537, -1,
                        476, 537, 538, -1,
                        476, 538, 539, -1,
                        476, 539, 477, -1,
                        479, 485, 483, -1,
                        484, 486, 540, -1,
                        484, 540, 487, -1,
                        485, 541, 486, -1,
                        486, 541, 540, -1,
                        487, 540, 489, -1,
                        488, 489, 542, -1,
                        488, 542, 492, -1,
                        489, 540, 543, -1,
                        489, 543, 542, -1,
                        490, 491, 544, -1,
                        490, 544, 496, -1,
                        491, 494, 545, -1,
                        491, 545, 544, -1,
                        492, 542, 493, -1,
                        493, 542, 546, -1,
                        495, 547, 503, -1,
                        495, 496, 548, -1,
                        495, 548, 549, -1,
                        495, 549, 547, -1,
                        497, 505, 550, -1,
                        497, 550, 498, -1,
                        498, 550, 551, -1,
                        498, 551, 552, -1,
                        498, 552, 499, -1,
                        499, 552, 553, -1,
                        499, 553, 554, -1,
                        499, 554, 500, -1,
                        500, 554, 501, -1,
                        501, 554, 555, -1,
                        501, 555, 506, -1,
                        502, 503, 547, -1,
                        502, 547, 556, -1,
                        502, 556, 557, -1,
                        502, 557, 504, -1,
                        504, 557, 550, -1,
                        504, 550, 505, -1,
                        506, 558, 507, -1,
                        506, 555, 558, -1,
                        507, 558, 559, -1,
                        507, 559, 560, -1,
                        507, 560, 511, -1,
                        507, 511, 508, -1,
                        508, 511, 510, -1,
                        511, 560, 515, -1,
                        511, 515, 512, -1,
                        512, 515, 513, -1,
                        515, 560, 559, -1,
                        515, 559, 558, -1,
                        515, 558, 555, -1,
                        515, 555, 516, -1,
                        516, 555, 518, -1,
                        516, 518, 517, -1,
                        518, 555, 554, -1,
                        518, 554, 519, -1,
                        519, 554, 553, -1,
                        519, 553, 552, -1,
                        519, 552, 521, -1,
                        520, 521, 552, -1,
                        520, 552, 551, -1,
                        520, 551, 522, -1,
                        522, 561, 562, -1,
                        522, 562, 523, -1,
                        522, 551, 561, -1,
                        523, 562, 563, -1,
                        523, 563, 564, -1,
                        523, 564, 524, -1,
                        524, 526, 525, -1,
                        524, 564, 565, -1,
                        524, 565, 566, -1,
                        524, 566, 567, -1,
                        524, 567, 526, -1,
                        526, 567, 568, -1,
                        526, 568, 527, -1,
                        527, 529, 528, -1,
                        540, 541, 569, -1,
                        540, 569, 543, -1,
                        542, 570, 546, -1,
                        542, 543, 570, -1,
                        547, 571, 572, -1,
                        547, 572, 556, -1,
                        547, 549, 573, -1,
                        547, 573, 574, -1,
                        547, 574, 571, -1,
                        550, 557, 575, -1,
                        550, 575, 551, -1,
                        551, 575, 561, -1,
                        556, 572, 557, -1,
                        557, 572, 576, -1,
                        557, 576, 577, -1,
                        557, 577, 578, -1,
                        557, 578, 575, -1,
                        561, 575, 579, -1,
                        561, 579, 562, -1,
                        562, 579, 580, -1,
                        562, 580, 563, -1,
                        563, 576, 581, -1,
                        563, 581, 582, -1,
                        563, 582, 583, -1,
                        563, 583, 584, -1,
                        563, 584, 565, -1,
                        563, 565, 564, -1,
                        563, 580, 579, -1,
                        563, 579, 578, -1,
                        563, 578, 576, -1,
                        565, 584, 566, -1,
                        571, 581, 576, -1,
                        571, 576, 572, -1,
                        571, 574, 585, -1,
                        571, 585, 586, -1,
                        571, 586, 581, -1,
                        575, 578, 579, -1,
                        576, 578, 577, -1,
                        581, 586, 587, -1,
                        581, 587, 582, -1,
                        582, 588, 583, -1,
                        583, 588, 584, -1,
                ]
            }
        }
    ]
}
#VRML V2.0 utf8

# Vertices: 1052
# Triangles: 2100

Group {
    children [
        Shape {
            appearance Appearance {
                material Material {
                    diffuseColor 0.720000 0.360000 0.110000
                    ambientIntensity 0.400000
                    specularColor 0.500000 0.500000 0.500000
                    emissiveColor 0.000000 0.000000 0.000000
                    shininess 0.400000
                    transparency 0.500000
                }
            }
            geometry IndexedFaceSet {
                ccw TRUE
                solid TRUE
                convex TRUE
                coord DEF co Coordinate {
                    point [
                        -0.009654 -0.009708 0.973248,
                        -0.028887 -0.009708 0.973007,
                        -0.009654 -0.028921 0.972405,
                        0.009628 -0.028921 0.971080,
                        0.009628 -0.009708 0.971743,
                        0.009628 0.009610 0.971682,
                        -0.009654 0.009610 0.973128,
                        -0.028887 0.009610 0.972947,
                        -0.048145 -0.009708 0.971321,
                        -0.028887 -0.028921 0.971983,
                        -0.048145 0.009610 0.971441,
                        -0.009654 -0.048239 0.970719,
                        0.009628 -0.048239 0.969695,
                        0.028885 -0.048239 0.966443,
                        0.028885 -0.028921 0.967527,
                        0.028885 -0.009708 0.968069,
                        0.028885 0.009610 0.968069,
                        0.028885 0.028823 0.967587,
                        0.009628 0.028823 0.970960,
                        -0.009654 0.028823 0.972164,
                        -0.028887 0.028823 0.971803,
                        -0.067427 -0.009708 0.968069,
                        -0.067427 -0.028921 0.966985,
                        -0.048145 -0.028921 0.970116,
                        -0.028887 -0.048239 0.970056,
                        -0.067427 0.009610 0.968129,
                        -0.048145 0.028823 0.970177,
                        -0.067427 0.028823 0.966925,
                        -0.009654 -0.067452 0.968310,
                        0.009628 -0.067452 0.967587,
                        0.023084 -0.082885 0.964094,
                        0.029251 -0.065877 0.964757,
                        0.038636 -0.058423 0.963372,
                        0.039392 -0.048239 0.963733,
                        0.040464 -0.028921 0.964215,
                        0.040952 -0.009708 0.964456,
                        0.040952 0.009610 0.964456,
                        0.040562 0.028823 0.964275,
                        0.039611 0.048141 0.963854,
                        0.038807 0.059060 0.963492,
                        0.028885 0.048141 0.966503,
                        0.009628 0.048141 0.969635,
                        -0.009654 0.048141 0.970598,
                        -0.028887 0.048141 0.969936,
                        -0.081102 -0.009708 0.964697,
                        -0.079835 -0.028921 0.964215,
                        -0.078226 -0.041099 0.963673,
                        -0.067671 -0.047819 0.964877,
                        -0.048145 -0.048239 0.968009,
                        -0.028887 -0.067452 0.967346,
                        -0.080980 0.009610 0.964697,
                        -0.079371 0.028823 0.964094,
                        -0.048145 0.048141 0.968009,
                        -0.067622 0.047301 0.964817,
                        -0.077811 0.040267 0.963553,
                        -0.009069 -0.088029 0.964817,
                        -0.002268 -0.096848 0.963432,
                        0.003753 -0.096848 0.963432,
                        0.009945 -0.088344 0.964636,
                        0.016600 -0.095799 0.963251,
                        0.035930 -0.071231 0.962770,
                        0.029251 -0.088344 0.962167,
                        0.048167 -0.086769 0.955664,
                        0.046290 -0.065877 0.958735,
                        0.049021 -0.048239 0.958675,
                        0.050093 -0.028921 0.959096,
                        0.050581 -0.009708 0.959277,
                        0.050581 0.009610 0.959277,
                        0.050191 0.028823 0.959096,
                        0.049240 0.048141 0.958795,
                        0.046412 0.066199 0.959036,
                        0.048167 0.086672 0.956266,
                        0.048167 0.105885 0.953676,
                        0.035735 0.071869 0.962830,
                        0.029154 0.066199 0.964697,
                        0.022889 0.081633 0.964034,
                        0.009628 0.067354 0.967346,
                        -0.009654 0.067354 0.968129,
                        -0.028887 0.067354 0.967467,
                        -0.090755 -0.009708 0.961385,
                        -0.089463 -0.028921 0.961083,
                        -0.085466 -0.047819 0.960301,
                        -0.105966 -0.202362 0.932178,
                        -0.086684 -0.202362 0.937778,
                        -0.074252 -0.053908 0.962770,
                        -0.061406 -0.061572 0.964034,
                        -0.048145 -0.067767 0.964998,
                        -0.067427 -0.202362 0.940669,
                        -0.067427 -0.221575 0.937417,
                        -0.048145 -0.221575 0.938983,
                        -0.090609 0.009610 0.961264,
                        -0.089025 0.028823 0.960903,
                        -0.043440 0.081108 0.964034,
                        -0.049169 0.068404 0.965118,
                        -0.056287 0.075543 0.963131,
                        -0.061357 0.062630 0.964034,
                        -0.074179 0.053076 0.962770,
                        -0.085027 0.169823 0.943559,
                        -0.091194 0.163734 0.942656,
                        -0.085222 0.047301 0.960301,
                        -0.028887 -0.221575 0.939826,
                        -0.009654 -0.221575 0.939886,
                        0.028885 -0.105982 0.959397,
                        0.009628 -0.240893 0.935369,
                        0.028885 -0.260211 0.928866,
                        0.048167 -0.105982 0.952833,
                        0.061575 -0.086769 0.947413,
                        0.060088 -0.105982 0.946028,
                        0.062550 -0.067452 0.948377,
                        0.063135 -0.048239 0.949039,
                        0.063476 -0.028921 0.949461,
                        0.063647 -0.009708 0.949642,
                        0.063695 0.009610 0.949642,
                        0.063647 0.028823 0.949461,
                        0.063476 0.048141 0.949160,
                        0.063135 0.067354 0.948738,
                        0.062452 0.086672 0.948076,
                        0.060965 0.105885 0.946811,
                        0.059234 0.119954 0.945306,
                        0.049411 0.125938 0.948798,
                        0.028885 0.125203 0.955543,
                        0.028885 0.105885 0.959397,
                        0.029154 0.087512 0.962047,
                        0.014162 0.094441 0.963071,
                        0.008482 0.087512 0.964456,
                        0.001315 0.096646 0.963432,
                        -0.009654 0.086672 0.965058,
                        -0.019722 0.096436 0.963372,
                        -0.027254 0.087197 0.964456,
                        -0.032568 0.093916 0.962950,
                        -0.105966 -0.009708 0.953375,
                        -0.105966 -0.028921 0.952532,
                        -0.105966 0.009610 0.953315,
                        -0.116960 -0.217691 0.925734,
                        -0.115278 -0.230604 0.924710,
                        -0.107697 -0.223150 0.928564,
                        -0.086684 -0.221575 0.934647,
                        -0.067427 -0.240893 0.933021,
                        -0.048145 -0.240893 0.934767,
                        -0.028887 -0.240893 0.935731,
                        -0.105966 0.028823 0.952653,
                        -0.105966 0.048141 0.951027,
                        -0.103992 0.086672 0.947474,
                        -0.113645 0.086672 0.943138,
                        -0.048145 0.169823 0.949100,
                        -0.067232 0.169823 0.947052,
                        -0.080127 0.169823 0.944884,
                        -0.067622 0.068404 0.961927,
                        -0.089415 0.169823 0.942295,
                        -0.105966 0.169823 0.935791,
                        -0.094290 0.149350 0.943499,
                        -0.096801 0.136542 0.944282,
                        -0.009654 -0.240893 0.936092,
                        0.038587 -0.269870 0.924831,
                        0.040928 -0.260211 0.925915,
                        0.009628 -0.260211 0.931033,
                        0.028885 -0.272390 0.925674,
                        0.056675 -0.132230 0.943439,
                        0.058722 -0.119316 0.944824,
                        0.071228 -0.086769 0.935550,
                        0.072178 -0.067452 0.936574,
                        0.070935 -0.105353 0.932720,
                        0.063549 -0.260211 0.911341,
                        0.072763 -0.048239 0.937176,
                        0.073105 -0.028921 0.937537,
                        0.073275 -0.009708 0.937778,
                        0.073324 0.009610 0.937838,
                        0.073275 0.028823 0.937838,
                        0.073105 0.048141 0.937718,
                        0.072763 0.067354 0.937236,
                        0.072105 0.086672 0.936212,
                        0.071618 0.105675 0.932900,
                        0.064890 0.125938 0.935911,
                        0.060356 0.169823 0.927480,
                        0.056675 0.132762 0.943258,
                        0.036686 0.169823 0.941933,
                        0.034541 0.169823 0.942897,
                        0.009628 0.125203 0.957651,
                        0.025741 0.169823 0.945607,
                        0.015210 0.169823 0.947775,
                        0.009701 0.169823 0.948738,
                        0.008482 0.104205 0.961746,
                        -0.009654 0.106305 0.961686,
                        -0.009654 0.096646 0.963432,
                        -0.009654 0.169823 0.950184,
                        -0.028887 0.169823 0.950123,
                        -0.117423 -0.009708 0.945727,
                        -0.117545 0.009610 0.945788,
                        -0.116790 -0.028921 0.945185,
                        -0.116083 -0.040784 0.944523,
                        -0.118277 -0.202362 0.926698,
                        -0.117204 0.028823 0.945426,
                        -0.127905 -0.202362 0.917604,
                        -0.125907 -0.224515 0.915737,
                        -0.096923 -0.251182 0.925011,
                        -0.101359 -0.240893 0.926517,
                        -0.134853 -0.231234 0.905500,
                        -0.121909 -0.317955 0.891288,
                        -0.118789 -0.332968 0.888699,
                        -0.104626 -0.316695 0.900863,
                        -0.086684 -0.240893 0.930070,
                        -0.066817 -0.260946 0.927300,
                        -0.048145 -0.260211 0.929528,
                        -0.028887 -0.260211 0.930732,
                        -0.009654 -0.260211 0.931274,
                        -0.115059 0.073128 0.943800,
                        -0.115815 0.060320 0.944222,
                        -0.116400 0.048141 0.944704,
                        -0.119495 0.169823 0.927962,
                        -0.119983 0.163734 0.928384,
                        0.046266 -0.277534 0.918628,
                        0.050556 -0.260211 0.920977,
                        0.030787 -0.337588 0.903874,
                        0.038465 -0.327614 0.905500,
                        0.049216 -0.299477 0.910257,
                        0.056334 -0.306406 0.904777,
                        0.054383 -0.240893 0.922904,
                        0.009628 -0.275329 0.926637,
                        0.009628 -0.343362 0.904476,
                        0.025619 -0.331393 0.906644,
                        0.077224 -0.098423 0.925132,
                        0.077639 -0.086769 0.925915,
                        0.078102 -0.067452 0.926939,
                        0.076639 -0.111232 0.923687,
                        0.073178 -0.260211 0.898996,
                        0.061501 -0.279424 0.908993,
                        0.078370 -0.048239 0.927541,
                        0.078516 -0.028921 0.927902,
                        0.078614 -0.009708 0.928143,
                        0.078663 0.009610 0.928203,
                        0.078663 0.028823 0.928203,
                        0.078638 0.048141 0.928083,
                        0.078443 0.067354 0.927601,
                        0.077931 0.086672 0.926577,
                        0.077395 0.099061 0.925433,
                        0.076591 0.111869 0.923446,
                        0.069180 0.169823 0.915196,
                        0.063013 0.169823 0.923988,
                        0.051093 0.169823 0.934045,
                        0.047144 0.169823 0.936574,
                        -0.126687 -0.009708 0.934466,
                        -0.125614 -0.028921 0.934466,
                        -0.135560 0.048141 0.925734,
                        -0.135316 0.067354 0.925373,
                        -0.136437 -0.202362 0.907969,
                        -0.128929 -0.183044 0.918447,
                        -0.123444 0.066934 0.936694,
                        -0.134975 0.078378 0.924951,
                        -0.135706 -0.218320 0.906825,
                        -0.086684 -0.254437 0.926095,
                        -0.097313 -0.309556 0.905922,
                        -0.086684 -0.322994 0.904055,
                        -0.138534 -0.223570 0.897792,
                        -0.137705 -0.297377 0.877377,
                        -0.135023 -0.290028 0.886470,
                        -0.133658 -0.302941 0.884242,
                        -0.131538 -0.317955 0.881532,
                        -0.126150 -0.396906 0.857926,
                        -0.117716 -0.390712 0.868585,
                        -0.114791 -0.403521 0.866658,
                        -0.101944 -0.409610 0.869067,
                        -0.072814 -0.267980 0.924168,
                        -0.074691 -0.326669 0.905199,
                        -0.067939 -0.319320 0.908511,
                        -0.059968 -0.270710 0.925132,
                        -0.048145 -0.272600 0.925734,
                        -0.028887 -0.274804 0.926397,
                        -0.009654 -0.275644 0.926698,
                        -0.126857 0.085517 0.931816,
                        -0.121397 0.144416 0.929588,
                        -0.123908 0.105885 0.932178,
                        -0.129124 0.169823 0.917905,
                        -0.132342 0.125203 0.921157,
                        -0.133536 0.105885 0.922723,
                        -0.134365 0.091187 0.923988,
                        0.059454 -0.293492 0.907006,
                        0.028885 -0.356486 0.897671,
                        0.043048 -0.370764 0.888337,
                        0.048947 -0.356801 0.890987,
                        0.059381 -0.350606 0.887615,
                        0.055895 -0.363415 0.885206,
                        -0.009654 -0.285303 0.923626,
                        -0.009654 -0.298742 0.919290,
                        -0.009654 -0.317955 0.912967,
                        -0.009654 -0.334018 0.907668,
                        -0.009654 -0.343572 0.904416,
                        -0.009654 -0.356486 0.899779,
                        0.009628 -0.356486 0.899659,
                        0.080808 -0.086769 0.915196,
                        0.077809 -0.274909 0.887735,
                        0.078468 -0.260211 0.889361,
                        0.081515 -0.067452 0.915196,
                        0.074543 -0.240893 0.900622,
                        0.072178 -0.280579 0.894841,
                        0.076859 -0.287823 0.885688,
                        0.064305 -0.317955 0.893034,
                        0.065572 -0.299477 0.897370,
                        0.081905 -0.048239 0.915196,
                        0.082148 -0.028921 0.915196,
                        0.082295 -0.009708 0.915196,
                        0.082368 0.009610 0.915196,
                        0.082417 0.028823 0.915196,
                        0.082343 0.048141 0.915196,
                        0.082075 0.067354 0.915196,
                        0.081295 0.086672 0.915196,
                        0.079491 0.105675 0.916280,
                        0.077273 0.169823 0.900020,
                        0.076249 0.169823 0.903091,
                        0.071813 0.169823 0.910920,
                        -0.134511 -0.009708 0.923867,
                        -0.136949 -0.183044 0.908812,
                        -0.135218 0.028823 0.925313,
                        -0.140094 0.048141 0.915196,
                        -0.137266 -0.163831 0.909414,
                        -0.139655 0.067354 0.915196,
                        -0.140874 -0.202362 0.895925,
                        -0.136486 0.169823 0.908270,
                        -0.137851 0.125203 0.911522,
                        -0.138363 0.105885 0.913088,
                        -0.138070 0.085517 0.916581,
                        -0.096362 -0.366145 0.886290,
                        -0.086684 -0.337273 0.899177,
                        -0.141629 -0.260211 0.876654,
                        -0.139947 -0.279424 0.876654,
                        -0.137193 -0.317955 0.871897,
                        -0.135755 -0.390292 0.849194,
                        -0.134560 -0.403101 0.847086,
                        -0.122762 -0.414230 0.854734,
                        -0.119032 -0.429243 0.850940,
                        -0.114401 -0.442052 0.847086,
                        -0.107405 -0.415280 0.864550,
                        -0.093510 -0.422419 0.866417,
                        -0.086684 -0.394912 0.878582,
                        -0.071449 -0.383153 0.885567,
                        -0.067939 -0.336223 0.902790,
                        -0.061845 -0.329189 0.906042,
                        -0.048145 -0.298742 0.917303,
                        -0.028887 -0.284463 0.923325,
                        0.061672 -0.337273 0.889843,
                        0.021451 -0.386198 0.886651,
                        0.028276 -0.376539 0.889602,
                        0.034297 -0.383573 0.885507,
                        0.038539 -0.423889 0.867019,
                        0.046242 -0.431553 0.860034,
                        0.058625 -0.444571 0.848471,
                        0.057431 -0.404046 0.866778,
                        0.060551 -0.391237 0.869548,
                        0.063525 -0.375699 0.872981,
                        0.065499 -0.356801 0.877919,
                        -0.028887 -0.298742 0.918688,
                        -0.028887 -0.317955 0.912365,
                        -0.028887 -0.332968 0.907367,
                        -0.028887 -0.342522 0.904055,
                        -0.028887 -0.356486 0.899177,
                        -0.028887 -0.375699 0.892131,
                        -0.028887 -0.388297 0.887434,
                        -0.009654 -0.375699 0.892553,
                        -0.009654 -0.398271 0.883821,
                        0.009628 -0.375699 0.892011,
                        0.081758 -0.260211 0.876654,
                        0.077005 -0.346512 0.866839,
                        0.077785 -0.333598 0.868645,
                        0.079589 -0.356486 0.854975,
                        0.079491 -0.298742 0.874065,
                        0.079906 -0.280579 0.878220,
                        0.084001 -0.086769 0.895925,
                        0.082417 -0.240893 0.876654,
                        0.072447 -0.338953 0.875691,
                        0.073934 -0.317955 0.880509,
                        0.075908 -0.298742 0.883700,
                        0.084342 -0.067452 0.895925,
                        0.084562 -0.048239 0.895925,
                        0.084684 -0.028921 0.895925,
                        0.084757 -0.009708 0.895925,
                        0.084830 0.009610 0.895925,
                        0.084854 0.028823 0.895925,
                        0.084830 0.048141 0.895925,
                        0.084659 0.067354 0.895925,
                        0.084245 0.086672 0.895925,
                        0.083294 0.105885 0.895925,
                        0.079053 0.169823 0.893456,
                        -0.141459 -0.183044 0.895925,
                        -0.143068 0.067354 0.895925,
                        -0.143336 0.048141 0.895925,
                        -0.141776 -0.163831 0.895925,
                        -0.140167 0.169823 0.895925,
                        -0.142068 0.105885 0.895925,
                        -0.142605 0.086672 0.895925,
                        -0.142726 -0.240893 0.876654,
                        -0.142531 -0.298742 0.857384,
                        -0.141191 -0.375699 0.838113,
                        -0.138363 -0.395962 0.839619,
                        -0.137412 -0.414230 0.834560,
                        -0.136120 -0.429138 0.830766,
                        -0.134511 -0.441947 0.827695,
                        -0.132391 -0.414230 0.844196,
                        -0.122274 -0.452761 0.834560,
                        -0.118423 -0.466199 0.830827,
                        -0.107161 -0.434702 0.854674,
                        -0.112524 -0.479008 0.826732,
                        -0.106040 -0.472393 0.834139,
                        -0.107161 -0.453600 0.844316,
                        -0.101554 -0.447826 0.850218,
                        -0.080663 -0.425358 0.867742,
                        -0.086928 -0.415280 0.870753,
                        -0.092657 -0.460635 0.846785,
                        -0.086416 -0.453600 0.852085,
                        -0.086928 -0.432498 0.862864,
                        -0.067427 -0.414230 0.874487,
                        -0.065989 -0.393127 0.882676,
                        -0.058602 -0.385568 0.886350,
                        -0.067427 -0.356486 0.895624,
                        -0.048145 -0.356486 0.897852,
                        -0.048145 -0.340632 0.903453,
                        -0.048145 -0.331078 0.906704,
                        -0.048145 -0.317955 0.911040,
                        0.009628 -0.397221 0.883279,
                        0.009628 -0.414230 0.876293,
                        0.009628 -0.429768 0.869669,
                        0.028885 -0.426303 0.868103,
                        0.028885 -0.435962 0.863888,
                        0.039611 -0.463259 0.848170,
                        0.046875 -0.451711 0.850639,
                        0.063915 -0.451711 0.838414,
                        0.060965 -0.433443 0.850760,
                        0.052433 -0.457485 0.845039,
                        0.052092 -0.495176 0.825588,
                        0.058211 -0.482367 0.828839,
                        0.061233 -0.507040 0.812761,
                        0.064427 -0.414230 0.854855,
                        0.074055 -0.414230 0.842509,
                        0.073178 -0.375699 0.860274,
                        0.075884 -0.356486 0.864610,
                        -0.048145 -0.375699 0.890927,
                        -0.048145 -0.386828 0.886832,
                        -0.048145 -0.396382 0.883218,
                        -0.028887 -0.397956 0.883700,
                        -0.028887 -0.414230 0.877257,
                        -0.009654 -0.414230 0.877317,
                        0.082100 -0.317955 0.857384,
                        0.083538 -0.356486 0.838113,
                        0.083050 -0.298742 0.857384,
                        0.076079 -0.399426 0.845641,
                        0.077858 -0.427458 0.830044,
                        0.078906 -0.414230 0.832874,
                        0.082807 -0.414230 0.818843,
                        0.082002 -0.375699 0.838113,
                        0.079979 -0.338953 0.859191,
                        0.083562 -0.279424 0.857384,
                        0.084147 -0.337273 0.838113,
                        0.084927 -0.375699 0.818843,
                        0.105184 -0.838069 0.358036,
                        0.105672 -0.009708 0.472094,
                        0.105696 0.009610 0.472094,
                        0.081734 0.169823 0.876654,
                        0.079930 0.169823 0.888458,
                        -0.143214 -0.221575 0.876654,
                        -0.115790 0.038692 0.381823,
                        -0.139070 -0.683946 0.587657,
                        -0.140216 0.169823 0.876654,
                        -0.139631 -0.664628 0.606927,
                        -0.142215 -0.491291 0.761031,
                        -0.142897 -0.375699 0.818843,
                        -0.142653 -0.394912 0.818843,
                        -0.142312 -0.356486 0.838113,
                        -0.141483 -0.414230 0.818843,
                        -0.138339 -0.434702 0.820288,
                        -0.136925 -0.452761 0.814627,
                        -0.131903 -0.452761 0.824263,
                        -0.135633 -0.464624 0.810773,
                        -0.133951 -0.536752 0.768619,
                        -0.121348 -0.549035 0.775725,
                        -0.117765 -0.560899 0.772232,
                        -0.116619 -0.502105 0.809990,
                        -0.099677 -0.484047 0.830104,
                        -0.079810 -0.463574 0.848411,
                        -0.067427 -0.452761 0.856300,
                        -0.067427 -0.437222 0.864129,
                        -0.067427 -0.427563 0.868766,
                        -0.086684 -0.487407 0.832272,
                        -0.086416 -0.470819 0.842509,
                        -0.048145 -0.429768 0.869729,
                        -0.048145 -0.414230 0.876293,
                        -0.009654 -0.430923 0.870151,
                        -0.009654 -0.440477 0.865815,
                        0.009628 -0.439322 0.865273,
                        0.028885 -0.452761 0.855939,
                        0.028885 -0.465779 0.849435,
                        0.039246 -0.501475 0.828779,
                        0.074445 -0.452761 0.823721,
                        0.071471 -0.433758 0.837090,
                        0.063500 -0.489822 0.819024,
                        0.071325 -0.472078 0.817940,
                        0.057479 -0.519848 0.809027,
                        0.063183 -0.529822 0.796080,
                        0.073641 -0.531607 0.780663,
                        0.068522 -0.511449 0.800054,
                        0.074250 -0.491291 0.803908,
                        0.076371 -0.440372 0.826852,
                        -0.028887 -0.430923 0.870151,
                        0.084294 -0.394912 0.818843,
                        0.077834 -0.465779 0.810894,
                        0.078955 -0.452761 0.814085,
                        0.080003 -0.433758 0.819806,
                        0.082855 -0.452761 0.799572,
                        0.084732 -0.471973 0.780302,
                        0.085781 -0.491291 0.761031,
                        0.075055 -0.010863 0.358036,
                        0.097847 0.009610 0.420425,
                        0.101772 0.009610 0.433553,
                        0.105087 0.009610 0.452823,
                        0.085610 -0.529822 0.741761,
                        0.086268 -0.549035 0.722490,
                        0.084562 -0.587566 0.703220,
                        0.084976 -0.606884 0.683949,
                        0.085269 -0.626097 0.664739,
                        0.101089 -0.859172 0.358036,
                        0.103502 0.028823 0.452823,
                        0.103844 0.028823 0.472094,
                        0.081783 0.169823 0.870452,
                        -0.047682 0.169823 0.358036,
                        -0.118862 -0.818857 0.358036,
                        -0.119252 -0.836495 0.358036,
                        -0.137827 -0.703159 0.568446,
                        -0.136827 -0.703999 0.588018,
                        -0.137364 -0.685521 0.608433,
                        -0.138290 -0.664628 0.626198,
                        -0.139899 -0.645415 0.626198,
                        -0.141093 -0.549035 0.722490,
                        -0.141313 -0.529822 0.741761,
                        -0.140825 -0.510504 0.761031,
                        -0.141703 -0.471973 0.780302,
                        -0.140581 -0.452761 0.799572,
                        -0.137729 -0.530137 0.761754,
                        -0.135828 -0.523943 0.772353,
                        -0.131001 -0.549035 0.764584,
                        -0.134999 -0.559009 0.751757,
                        -0.124395 -0.566463 0.759345,
                        -0.118203 -0.581267 0.754106,
                        -0.109940 -0.594075 0.748686,
                        -0.105966 -0.574128 0.767354,
                        -0.105966 -0.564574 0.774882,
                        -0.094656 -0.519428 0.808726,
                        -0.067427 -0.475123 0.844075,
                        -0.067427 -0.465569 0.849495,
                        -0.048145 -0.467774 0.850699,
                        -0.048145 -0.452761 0.858588,
                        -0.048145 -0.439427 0.865273,
                        -0.086684 -0.555125 0.787588,
                        -0.081809 -0.522263 0.810593,
                        -0.072887 -0.499796 0.827695,
                        -0.028887 -0.440477 0.865815,
                        -0.009654 -0.452761 0.859973,
                        0.009628 -0.452761 0.858889,
                        0.009628 -0.468614 0.850940,
                        0.028885 -0.475333 0.844557,
                        0.028885 -0.503260 0.829803,
                        0.028885 -0.512814 0.824142,
                        0.032664 -0.537591 0.808003,
                        0.044633 -0.524678 0.812098,
                        0.028885 -0.491291 0.836247,
                        0.076298 -0.478588 0.807461,
                        0.049898 -0.530557 0.805655,
                        0.052872 -0.555230 0.787348,
                        0.059771 -0.542421 0.791864,
                        0.064768 -0.548930 0.780663,
                        0.077029 -0.539271 0.770546,
                        0.075835 -0.515754 0.787348,
                        0.077566 -0.502945 0.791021,
                        0.078760 -0.491291 0.794273,
                        0.080076 -0.472078 0.800415,
                        0.082855 -0.491291 0.780302,
                        0.084611 -0.510504 0.761031,
                        0.074226 0.007195 0.358036,
                        0.066328 0.169823 0.358036,
                        0.097262 0.024204 0.421930,
                        0.099456 0.029978 0.432107,
                        0.083099 -0.549035 0.741761,
                        0.083952 -0.568353 0.722490,
                        0.080296 -0.606884 0.703400,
                        0.080613 -0.626622 0.684551,
                        0.080783 -0.646255 0.665642,
                        0.085342 -0.645415 0.645468,
                        0.101040 -0.859172 0.358277,
                        0.100943 -0.859592 0.358036,
                        0.098920 0.049611 0.452342,
                        0.099724 0.048141 0.472094,
                        0.081588 0.169823 0.857384,
                        -0.119105 -0.838174 0.358036,
                        -0.136072 -0.717647 0.568446,
                        -0.135584 -0.715023 0.581815,
                        -0.135974 -0.698014 0.603013,
                        -0.135852 -0.678696 0.626198,
                        -0.138461 -0.645415 0.645468,
                        -0.139119 -0.568353 0.722490,
                        -0.139119 -0.549035 0.741761,
                        -0.136072 -0.549035 0.754949,
                        -0.136047 -0.566568 0.740135,
                        -0.135072 -0.578432 0.732607,
                        -0.131586 -0.591346 0.726164,
                        -0.131050 -0.571923 0.745434,
                        -0.118740 -0.600795 0.735859,
                        -0.097093 -0.597540 0.751697,
                        -0.104504 -0.587671 0.756635,
                        -0.110964 -0.633341 0.710326,
                        -0.097776 -0.617278 0.732908,
                        -0.093705 -0.577067 0.769944,
                        -0.066842 -0.492551 0.833476,
                        -0.048145 -0.491291 0.836909,
                        -0.048145 -0.477328 0.845340,
                        -0.028887 -0.478588 0.846062,
                        -0.028887 -0.469034 0.851362,
                        -0.028887 -0.452761 0.859793,
                        -0.073107 -0.557644 0.789214,
                        -0.087050 -0.569718 0.777110,
                        -0.067427 -0.524783 0.812219,
                        -0.066842 -0.508930 0.822757,
                        -0.060041 -0.501475 0.828839,
                        -0.009654 -0.469349 0.851482,
                        0.009628 -0.478168 0.845942,
                        0.009628 -0.505150 0.830947,
                        0.009628 -0.514809 0.825286,
                        0.009628 -0.491291 0.838836,
                        0.019817 -0.539586 0.809328,
                        0.027301 -0.530557 0.813483,
                        0.027301 -0.547250 0.802162,
                        0.040026 -0.559429 0.790539,
                        0.047144 -0.548930 0.794574,
                        0.047436 -0.567723 0.779880,
                        0.054847 -0.576017 0.768980,
                        0.061063 -0.563104 0.774521,
                        0.074665 -0.549035 0.766572,
                        0.074616 -0.572868 0.747000,
                        0.077566 -0.559954 0.752480,
                        0.078955 -0.549035 0.756936,
                        0.080930 -0.531607 0.762898,
                        0.078565 -0.526463 0.774521,
                        0.079760 -0.509874 0.780663,
                        0.079321 -0.567198 0.741038,
                        0.079881 -0.587041 0.722249,
                        0.078273 -0.600480 0.715625,
                        0.078492 -0.620533 0.697077,
                        0.078687 -0.640481 0.678529,
                        0.078736 -0.659588 0.659861,
                        0.080759 -0.665468 0.646191,
                        0.098188 -0.852663 0.375741,
                        0.096238 -0.866836 0.365865,
                        0.080515 -0.684366 0.626559,
                        0.078614 -0.678276 0.640289,
                        0.078419 -0.696859 0.620296,
                        0.090461 -0.876600 0.358036,
                        -0.117058 -0.851193 0.358036,
                        -0.116912 -0.851928 0.358036,
                        -0.116351 -0.849723 0.371044,
                        -0.133293 -0.727306 0.568446,
                        -0.134292 -0.710823 0.594703,
                        -0.131026 -0.721847 0.588018,
                        -0.134706 -0.692975 0.615840,
                        -0.134877 -0.674392 0.635893,
                        -0.135730 -0.662843 0.643602,
                        -0.135803 -0.643630 0.662932,
                        -0.135877 -0.624417 0.682203,
                        -0.135998 -0.585991 0.720864,
                        -0.135048 -0.597645 0.713337,
                        -0.131708 -0.648880 0.668111,
                        -0.118764 -0.620428 0.716528,
                        -0.118862 -0.658854 0.678349,
                        -0.086684 -0.599325 0.753263,
                        -0.086684 -0.619168 0.734715,
                        -0.086684 -0.608879 0.744350,
                        -0.111159 -0.652554 0.691176,
                        -0.098312 -0.656019 0.694548,
                        -0.098117 -0.636701 0.713698,
                        -0.086684 -0.638696 0.715685,
                        -0.086684 -0.628827 0.725321,
                        -0.080858 -0.579272 0.771630,
                        -0.087050 -0.586411 0.763982,
                        -0.048145 -0.502840 0.829683,
                        -0.028887 -0.514179 0.824684,
                        -0.028887 -0.504520 0.830706,
                        -0.028887 -0.491291 0.838655,
                        -0.009654 -0.505360 0.831128,
                        -0.009654 -0.491291 0.839318,
                        -0.009654 -0.479008 0.846303,
                        -0.066988 -0.566778 0.783674,
                        -0.060260 -0.559324 0.790359,
                        -0.066988 -0.550400 0.795176,
                        -0.067427 -0.534337 0.805835,
                        -0.048145 -0.527303 0.813905,
                        -0.048145 -0.536962 0.807521,
                        -0.048145 -0.512499 0.823540,
                        -0.009654 -0.514914 0.825286,
                        0.009628 -0.529822 0.816013,
                        0.009628 -0.540006 0.809569,
                        0.009628 -0.562264 0.792647,
                        0.028885 -0.560899 0.791623,
                        0.028885 -0.570453 0.783855,
                        0.028885 -0.582212 0.774220,
                        0.042000 -0.580007 0.772353,
                        0.057821 -0.616543 0.732186,
                        0.061770 -0.583367 0.756093,
                        0.071179 -0.606884 0.722249,
                        0.075104 -0.593131 0.728512,
                        0.077980 -0.580322 0.734113,
                        0.076030 -0.633341 0.691356,
                        0.076347 -0.653289 0.672628,
                        0.076249 -0.672397 0.653116,
                        0.078199 -0.715443 0.600303,
                        0.077883 -0.733921 0.580129,
                        0.059551 -0.791559 0.542130,
                        0.079565 -0.869251 0.388749,
                        0.083684 -0.873346 0.375741,
                        0.088486 -0.878175 0.359361,
                        0.088828 -0.878490 0.358036,
                        0.077444 -0.752189 0.559775,
                        0.076834 -0.770037 0.538758,
                        0.064402 -0.780431 0.548815,
                        -0.113426 -0.861377 0.358036,
                        -0.115351 -0.846889 0.383931,
                        -0.114279 -0.844159 0.395012,
                        -0.112451 -0.837650 0.416089,
                        -0.132366 -0.703999 0.608433,
                        -0.123615 -0.743475 0.570072,
                        -0.118203 -0.755233 0.564713,
                        -0.120861 -0.738540 0.587657,
                        -0.117765 -0.734550 0.600183,
                        -0.122226 -0.722582 0.606747,
                        -0.132196 -0.688355 0.626198,
                        -0.131611 -0.668093 0.648780,
                        -0.134975 -0.636071 0.674615,
                        -0.125126 -0.682791 0.644264,
                        -0.118764 -0.678276 0.658897,
                        -0.111085 -0.691190 0.652635,
                        -0.067427 -0.611504 0.746759,
                        -0.067427 -0.601845 0.755431,
                        -0.067427 -0.621688 0.737124,
                        -0.067427 -0.631347 0.727850,
                        -0.086684 -0.658014 0.696595,
                        -0.098239 -0.694445 0.656007,
                        -0.086684 -0.677332 0.677325,
                        -0.067427 -0.641215 0.718215,
                        -0.067427 -0.650874 0.708700,
                        -0.067427 -0.580952 0.773015,
                        -0.067427 -0.590506 0.765066,
                        -0.009654 -0.529822 0.815952,
                        -0.032105 -0.538431 0.808545,
                        -0.026962 -0.531187 0.813845,
                        -0.019259 -0.539481 0.809208,
                        -0.048145 -0.570033 0.784035,
                        -0.048145 -0.560374 0.791202,
                        -0.009654 -0.539901 0.809509,
                        -0.009654 -0.562474 0.792767,
                        -0.009654 -0.572028 0.785300,
                        0.009628 -0.571818 0.785119,
                        0.009628 -0.583682 0.775484,
                        0.009628 -0.593236 0.767234,
                        0.028885 -0.591766 0.765909,
                        0.043365 -0.599955 0.753986,
                        0.048167 -0.660008 0.697920,
                        0.048167 -0.669667 0.689249,
                        0.059259 -0.656754 0.695030,
                        0.073056 -0.646255 0.684551,
                        0.075591 -0.613288 0.709904,
                        0.073349 -0.665468 0.665642,
                        0.072593 -0.684366 0.646191,
                        0.075908 -0.691085 0.633183,
                        0.075055 -0.728251 0.593016,
                        0.074543 -0.746729 0.572602,
                        0.049289 -0.804998 0.530447,
                        0.056455 -0.808358 0.518885,
                        0.076566 -0.886049 0.365624,
                        0.060892 -0.774236 0.563328,
                        0.055383 -0.769092 0.576155,
                        0.052775 -0.787045 0.555017,
                        0.086975 -0.880275 0.358036,
                        0.074397 -0.765942 0.549176,
                        -0.111841 -0.856653 0.376765,
                        -0.103846 -0.876180 0.358036,
                        -0.104406 -0.859067 0.396457,
                        -0.102042 -0.854343 0.414282,
                        -0.119593 -0.761323 0.547670,
                        -0.112548 -0.768042 0.553090,
                        -0.115230 -0.751139 0.577600,
                        -0.101944 -0.834815 0.452823,
                        -0.098946 -0.831035 0.467577,
                        -0.101505 -0.814972 0.491364,
                        -0.096557 -0.790090 0.539782,
                        -0.099702 -0.772976 0.562003,
                        -0.107673 -0.748514 0.589102,
                        -0.094461 -0.750719 0.596449,
                        -0.104455 -0.737280 0.606747,
                        -0.109867 -0.729091 0.613010,
                        -0.118593 -0.716177 0.620296,
                        -0.122981 -0.703474 0.626559,
                        -0.118642 -0.697279 0.639747,
                        -0.110842 -0.710193 0.633183,
                        -0.097995 -0.713658 0.636736,
                        -0.048145 -0.613078 0.748265,
                        -0.048145 -0.603419 0.756876,
                        -0.048145 -0.592291 0.766511,
                        -0.048145 -0.623262 0.738629,
                        -0.048145 -0.632921 0.729416,
                        -0.067427 -0.670192 0.689489,
                        -0.086684 -0.686991 0.667629,
                        -0.067427 -0.699064 0.660644,
                        -0.067427 -0.689510 0.670219,
                        -0.048145 -0.652449 0.710326,
                        -0.048145 -0.642790 0.719780,
                        -0.048145 -0.671872 0.691176,
                        -0.048145 -0.582632 0.774400,
                        -0.026962 -0.547145 0.802945,
                        -0.028887 -0.561739 0.792225,
                        -0.028887 -0.571398 0.784879,
                        -0.028887 -0.583682 0.775243,
                        -0.009654 -0.583997 0.775665,
                        -0.009654 -0.593656 0.767595,
                        0.009628 -0.604154 0.757599,
                        0.028885 -0.602475 0.756274,
                        0.028885 -0.672817 0.692199,
                        0.048167 -0.679221 0.679613,
                        0.059551 -0.676177 0.676241,
                        0.028885 -0.612134 0.747482,
                        0.063159 -0.663788 0.683166,
                        0.062793 -0.683106 0.663474,
                        0.071764 -0.703264 0.626559,
                        0.068814 -0.723737 0.608373,
                        0.061721 -0.756283 0.583261,
                        0.067717 -0.760693 0.567965,
                        0.043609 -0.811717 0.524365,
                        0.047070 -0.794289 0.548815,
                        0.069058 -0.883110 0.376644,
                        0.063720 -0.888464 0.370803,
                        0.069058 -0.892139 0.358157,
                        0.037417 -0.828201 0.500518,
                        0.042536 -0.772661 0.580370,
                        0.047655 -0.779801 0.567904,
                        0.057552 -0.731926 0.616442,
                        0.039928 -0.790510 0.559594,
                        0.069058 -0.892139 0.358036,
                        -0.101432 -0.872611 0.375741,
                        -0.103041 -0.877335 0.358036,
                        -0.098702 -0.869251 0.391037,
                        -0.095753 -0.866626 0.403864,
                        -0.099043 -0.850563 0.429398,
                        -0.098361 -0.811087 0.504071,
                        -0.095509 -0.847204 0.442224,
                        -0.095192 -0.827781 0.480464,
                        -0.092705 -0.806993 0.516898,
                        -0.086441 -0.802583 0.529363,
                        -0.086684 -0.792924 0.543455,
                        -0.090707 -0.768357 0.574830,
                        -0.073497 -0.788830 0.557306,
                        -0.077884 -0.770982 0.578503,
                        -0.081614 -0.752924 0.599159,
                        -0.097020 -0.732451 0.616984,
                        -0.086684 -0.715548 0.638663,
                        -0.086684 -0.706099 0.648299,
                        -0.086684 -0.734236 0.618851,
                        -0.086684 -0.725207 0.628486,
                        -0.028887 -0.613918 0.749047,
                        -0.028887 -0.604259 0.757719,
                        -0.028887 -0.633866 0.730319,
                        -0.028887 -0.624207 0.739412,
                        -0.028887 -0.593341 0.767354,
                        -0.028887 -0.653499 0.711349,
                        -0.028887 -0.643840 0.720684,
                        -0.048145 -0.700639 0.662270,
                        -0.067427 -0.718067 0.641193,
                        -0.048145 -0.710298 0.652514,
                        -0.028887 -0.682581 0.682564,
                        -0.028887 -0.672922 0.692199,
                        -0.009654 -0.604574 0.757960,
                        -0.009654 -0.614233 0.749288,
                        0.009628 -0.613813 0.748867,
                        0.009628 -0.673552 0.692862,
                        0.009628 -0.683001 0.683227,
                        0.009628 -0.692660 0.673350,
                        0.028885 -0.682161 0.682564,
                        0.009628 -0.633761 0.730259,
                        0.028885 -0.691820 0.672266,
                        0.028885 -0.747569 0.612407,
                        0.032469 -0.807728 0.537192,
                        0.054164 -0.885314 0.383690,
                        0.049874 -0.897703 0.358036,
                        0.027179 -0.813082 0.530447,
                        0.030153 -0.824421 0.509912,
                        0.024571 -0.829565 0.502987,
                        0.030153 -0.833660 0.492990,
                        0.041318 -0.886889 0.386581,
                        0.028885 -0.766047 0.592354,
                        0.028885 -0.774656 0.582719,
                        0.028885 -0.791874 0.561340,
                        0.027179 -0.802268 0.547309,
                        0.028885 -0.784315 0.570976,
                        -0.095411 -0.885944 0.358036,
                        -0.094046 -0.884999 0.362974,
                        -0.081200 -0.888149 0.370622,
                        -0.088269 -0.873451 0.396457,
                        -0.082906 -0.869776 0.410549,
                        -0.088269 -0.864422 0.415908,
                        -0.088123 -0.854868 0.434878,
                        -0.082662 -0.850563 0.448909,
                        -0.087952 -0.824631 0.492147,
                        -0.079859 -0.810667 0.522619,
                        -0.087952 -0.835235 0.473238,
                        -0.082345 -0.831035 0.486246,
                        -0.086684 -0.785995 0.553090,
                        -0.067427 -0.806678 0.535626,
                        -0.067207 -0.796179 0.550200,
                        -0.060650 -0.790824 0.559895,
                        -0.067427 -0.772452 0.580250,
                        -0.067427 -0.764577 0.589885,
                        -0.067427 -0.754918 0.601387,
                        -0.067427 -0.727726 0.631256,
                        -0.067427 -0.736755 0.621621,
                        -0.067427 -0.746414 0.611022,
                        -0.009654 -0.634181 0.730560,
                        -0.009654 -0.653814 0.711711,
                        -0.009654 -0.644260 0.720925,
                        -0.009654 -0.624522 0.739653,
                        -0.009654 -0.673447 0.692741,
                        -0.009654 -0.663788 0.702076,
                        -0.028887 -0.692135 0.672929,
                        -0.048145 -0.729301 0.632942,
                        -0.028887 -0.711243 0.653478,
                        -0.028887 -0.701584 0.663354,
                        -0.009654 -0.692660 0.673411,
                        -0.009654 -0.702004 0.663836,
                        -0.009654 -0.711663 0.653839,
                        -0.009654 -0.730561 0.634207,
                        0.009628 -0.701794 0.663775,
                        0.009628 -0.711453 0.653598,
                        0.009628 -0.748934 0.614033,
                        0.009628 -0.757963 0.604398,
                        0.019622 -0.809303 0.539661,
                        0.047899 -0.890039 0.376644,
                        0.048143 -0.898123 0.358036,
                        0.009628 -0.825156 0.514429,
                        0.009628 -0.830615 0.504793,
                        0.009628 -0.837860 0.491364,
                        0.009628 -0.845314 0.477032,
                        0.025546 -0.849093 0.465048,
                        0.009628 -0.857702 0.452823,
                        0.028885 -0.887729 0.388327,
                        0.028885 -0.893504 0.375741,
                        0.009628 -0.767517 0.593859,
                        0.009628 -0.776021 0.584224,
                        0.009628 -0.785680 0.572843,
                        0.009628 -0.793344 0.563207,
                        -0.088854 -0.889304 0.358036,
                        -0.086587 -0.890354 0.358036,
                        -0.067427 -0.897073 0.358036,
                        -0.073765 -0.885419 0.383510,
                        -0.076105 -0.866731 0.423436,
                        -0.075617 -0.847309 0.461736,
                        -0.067427 -0.812662 0.525991,
                        -0.072985 -0.827256 0.499073,
                        -0.052508 -0.808463 0.538397,
                        -0.048145 -0.791979 0.561401,
                        -0.048145 -0.784210 0.571036,
                        -0.048145 -0.774551 0.582719,
                        -0.048145 -0.766467 0.592354,
                        -0.048145 -0.756808 0.603374,
                        -0.048145 -0.748094 0.613010,
                        -0.048145 -0.738435 0.623307,
                        -0.028887 -0.739485 0.624271,
                        -0.028887 -0.730246 0.633906,
                        -0.009654 -0.749354 0.614455,
                        -0.009654 -0.758278 0.604820,
                        -0.009654 -0.767937 0.594281,
                        0.009628 -0.809723 0.540263,
                        0.009628 -0.816022 0.529905,
                        0.009628 -0.802898 0.549899,
                        0.028666 -0.900958 0.358036,
                        -0.009654 -0.825681 0.515392,
                        -0.009654 -0.831140 0.505757,
                        -0.009654 -0.838909 0.491364,
                        -0.009654 -0.845944 0.478297,
                        0.009628 -0.850248 0.467397,
                        -0.009654 -0.850878 0.468661,
                        -0.009654 -0.865367 0.439936,
                        0.009628 -0.864737 0.438792,
                        0.009628 -0.876915 0.414282,
                        0.009628 -0.883950 0.399829,
                        0.009628 -0.888464 0.390194,
                        0.009628 -0.869566 0.429157,
                        0.009628 -0.894973 0.375741,
                        -0.009654 -0.776336 0.584646,
                        -0.009654 -0.785995 0.573204,
                        -0.009654 -0.793659 0.563569,
                        -0.009654 -0.803213 0.550441,
                        -0.065842 -0.897388 0.358036,
                        -0.067378 -0.889829 0.376524,
                        -0.060918 -0.886994 0.387002,
                        -0.067378 -0.882270 0.394048,
                        -0.068792 -0.871981 0.415908,
                        -0.063283 -0.868306 0.426507,
                        -0.068792 -0.863582 0.433191,
                        -0.068475 -0.852873 0.454329,
                        -0.062771 -0.848883 0.464687,
                        -0.068475 -0.843949 0.471492,
                        -0.066915 -0.832925 0.492147,
                        -0.066915 -0.822846 0.509310,
                        -0.060138 -0.829040 0.502023,
                        -0.048145 -0.824316 0.513345,
                        -0.046902 -0.813712 0.531110,
                        -0.039662 -0.809303 0.539721,
                        -0.046902 -0.802688 0.547369,
                        -0.028887 -0.793134 0.562906,
                        -0.028887 -0.785470 0.572541,
                        -0.028887 -0.775811 0.584164,
                        -0.028887 -0.767517 0.593799,
                        -0.028887 -0.757858 0.604458,
                        -0.028887 -0.749039 0.614093,
                        -0.009654 -0.810037 0.540805,
                        -0.009654 -0.816967 0.529905,
                        0.009628 -0.902323 0.358036,
                        -0.028887 -0.825366 0.515031,
                        -0.028887 -0.830930 0.505396,
                        -0.028887 -0.838699 0.491364,
                        -0.028887 -0.850878 0.468420,
                        -0.028887 -0.858857 0.452823,
                        -0.028887 -0.865367 0.439876,
                        -0.009654 -0.870196 0.430301,
                        -0.009654 -0.884475 0.400672,
                        -0.009654 -0.877965 0.414282,
                        -0.009654 -0.895393 0.375741,
                        -0.009654 -0.888779 0.391037,
                        -0.028887 -0.802793 0.549959,
                        -0.028887 -0.809723 0.540324,
                        -0.046902 -0.900538 0.358036,
                        -0.048145 -0.893504 0.375741,
                        -0.048145 -0.883530 0.398685,
                        -0.048145 -0.876390 0.414282,
                        -0.048145 -0.887939 0.389050,
                        -0.048145 -0.869461 0.428916,
                        -0.048145 -0.864632 0.438551,
                        -0.048145 -0.857387 0.452823,
                        -0.048145 -0.844999 0.476550,
                        -0.048145 -0.837020 0.491364,
                        -0.048145 -0.850038 0.466915,
                        -0.048145 -0.830090 0.503710,
                        -0.028887 -0.816337 0.529905,
                        -0.009654 -0.902533 0.358337,
                        -0.009654 -0.902638 0.358036,
                        -0.028887 -0.870091 0.430241,
                        -0.028887 -0.877755 0.414282,
                        -0.028887 -0.884265 0.400371,
                        -0.028887 -0.888674 0.390736,
                        -0.028887 -0.894973 0.375741,
                        -0.043806 -0.900853 0.358036,
                        -0.028887 -0.902008 0.358036,
                    ]
                }
                coordIndex [ 
                        0, 1, 2, -1,
                        0, 2, 3, -1,
                        0, 3, 4, -1,
                        0, 4, 5, -1,
                        0, 5, 6, -1,
                        0, 6, 7, -1,
                        0, 7, 1, -1,
                        1, 8, 9, -1,
                        1, 9, 2, -1,
                        1, 7, 10, -1,
                        1, 10, 8, -1,
                        2, 9, 11, -1,
                        2, 11, 12, -1,
                        2, 12, 3, -1,
                        3, 12, 13, -1,
                        3, 13, 14, -1,
                        3, 14, 4, -1,
                        4, 14, 15, -1,
                        4, 15, 16, -1,
                        4, 16, 5, -1,
                        5, 16, 17, -1,
                        5, 17, 18, -1,
                        5, 18, 6, -1,
                        6, 18, 19, -1,
                        6, 19, 7, -1,
                        7, 19, 20, -1,
                        7, 20, 10, -1,
                        8, 21, 22, -1,
                        8, 22, 23, -1,
                        8, 23, 9, -1,
                        8, 10, 21, -1,
                        9, 23, 24, -1,
                        9, 24, 11, -1,
                        10, 25, 21, -1,
                        10, 20, 26, -1,
                        10, 26, 27, -1,
                        10, 27, 25, -1,
                        11, 24, 28, -1,
                        11, 28, 29, -1,
                        11, 29, 12, -1,
                        12, 29, 30, -1,
                        12, 30, 31, -1,
                        12, 31, 13, -1,
                        13, 31, 32, -1,
                        13, 32, 14, -1,
                        14, 32, 33, -1,
                        14, 33, 34, -1,
                        14, 34, 15, -1,
                        15, 34, 35, -1,
                        15, 35, 36, -1,
                        15, 36, 16, -1,
                        16, 36, 37, -1,
                        16, 37, 17, -1,
                        17, 37, 38, -1,
                        17, 38, 39, -1,
                        17, 39, 40, -1,
                        17, 40, 18, -1,
                        18, 40, 41, -1,
                        18, 41, 19, -1,
                        19, 41, 42, -1,
                        19, 42, 20, -1,
                        20, 42, 43, -1,
                        20, 43, 26, -1,
                        21, 44, 45, -1,
                        21, 45, 22, -1,
                        21, 25, 44, -1,
                        22, 45, 46, -1,
                        22, 46, 47, -1,
                        22, 47, 48, -1,
                        22, 48, 23, -1,
                        23, 48, 24, -1,
                        24, 48, 49, -1,
                        24, 49, 28, -1,
                        25, 50, 44, -1,
                        25, 27, 51, -1,
                        25, 51, 50, -1,
                        26, 43, 52, -1,
                        26, 52, 27, -1,
                        27, 52, 53, -1,
                        27, 53, 54, -1,
                        27, 54, 51, -1,
                        28, 49, 55, -1,
                        28, 55, 56, -1,
                        28, 56, 57, -1,
                        28, 57, 58, -1,
                        28, 58, 29, -1,
                        29, 58, 59, -1,
                        29, 59, 30, -1,
                        30, 60, 31, -1,
                        30, 59, 61, -1,
                        30, 61, 60, -1,
                        31, 60, 32, -1,
                        32, 60, 62, -1,
                        32, 62, 63, -1,
                        32, 63, 64, -1,
                        32, 64, 33, -1,
                        33, 64, 34, -1,
                        34, 64, 65, -1,
                        34, 65, 35, -1,
                        35, 65, 66, -1,
                        35, 66, 67, -1,
                        35, 67, 36, -1,
                        36, 67, 68, -1,
                        36, 68, 37, -1,
                        37, 68, 69, -1,
                        37, 69, 38, -1,
                        38, 69, 70, -1,
                        38, 70, 39, -1,
                        39, 70, 71, -1,
                        39, 71, 72, -1,
                        39, 72, 73, -1,
                        39, 73, 74, -1,
                        39, 74, 40, -1,
                        40, 74, 41, -1,
                        41, 74, 75, -1,
                        41, 75, 76, -1,
                        41, 76, 42, -1,
                        42, 76, 77, -1,
                        42, 77, 78, -1,
                        42, 78, 43, -1,
                        43, 78, 52, -1,
                        44, 79, 80, -1,
                        44, 80, 45, -1,
                        44, 50, 79, -1,
                        45, 80, 46, -1,
                        46, 81, 82, -1,
                        46, 82, 83, -1,
                        46, 83, 84, -1,
                        46, 84, 47, -1,
                        46, 80, 81, -1,
                        47, 84, 85, -1,
                        47, 85, 48, -1,
                        48, 85, 86, -1,
                        48, 86, 49, -1,
                        49, 86, 87, -1,
                        49, 87, 88, -1,
                        49, 88, 89, -1,
                        49, 89, 55, -1,
                        50, 90, 79, -1,
                        50, 51, 91, -1,
                        50, 91, 90, -1,
                        51, 54, 91, -1,
                        52, 78, 92, -1,
                        52, 92, 93, -1,
                        52, 93, 94, -1,
                        52, 94, 95, -1,
                        52, 95, 53, -1,
                        53, 95, 96, -1,
                        53, 96, 54, -1,
                        54, 96, 97, -1,
                        54, 97, 98, -1,
                        54, 98, 99, -1,
                        54, 99, 91, -1,
                        55, 89, 100, -1,
                        55, 100, 56, -1,
                        56, 100, 101, -1,
                        56, 101, 57, -1,
                        57, 59, 58, -1,
                        57, 101, 59, -1,
                        59, 102, 61, -1,
                        59, 101, 103, -1,
                        59, 103, 104, -1,
                        59, 104, 102, -1,
                        60, 61, 102, -1,
                        60, 102, 105, -1,
                        60, 105, 62, -1,
                        62, 106, 64, -1,
                        62, 64, 63, -1,
                        62, 105, 107, -1,
                        62, 107, 106, -1,
                        64, 106, 108, -1,
                        64, 108, 65, -1,
                        65, 108, 109, -1,
                        65, 109, 110, -1,
                        65, 110, 66, -1,
                        66, 110, 111, -1,
                        66, 111, 112, -1,
                        66, 112, 67, -1,
                        67, 112, 113, -1,
                        67, 113, 114, -1,
                        67, 114, 68, -1,
                        68, 114, 115, -1,
                        68, 115, 69, -1,
                        69, 115, 116, -1,
                        69, 116, 70, -1,
                        70, 116, 71, -1,
                        71, 116, 117, -1,
                        71, 117, 72, -1,
                        72, 117, 118, -1,
                        72, 118, 119, -1,
                        72, 119, 120, -1,
                        72, 120, 121, -1,
                        72, 121, 73, -1,
                        73, 75, 74, -1,
                        73, 121, 122, -1,
                        73, 122, 75, -1,
                        75, 122, 121, -1,
                        75, 121, 123, -1,
                        75, 123, 76, -1,
                        76, 123, 124, -1,
                        76, 124, 125, -1,
                        76, 125, 77, -1,
                        77, 125, 126, -1,
                        77, 126, 127, -1,
                        77, 127, 78, -1,
                        78, 127, 128, -1,
                        78, 128, 129, -1,
                        78, 129, 92, -1,
                        79, 130, 131, -1,
                        79, 131, 80, -1,
                        79, 90, 132, -1,
                        79, 132, 130, -1,
                        80, 131, 133, -1,
                        80, 133, 81, -1,
                        81, 133, 82, -1,
                        82, 133, 134, -1,
                        82, 134, 135, -1,
                        82, 135, 83, -1,
                        83, 135, 136, -1,
                        83, 136, 87, -1,
                        83, 87, 85, -1,
                        83, 85, 84, -1,
                        85, 87, 86, -1,
                        87, 136, 88, -1,
                        88, 136, 137, -1,
                        88, 137, 138, -1,
                        88, 138, 89, -1,
                        89, 138, 139, -1,
                        89, 139, 100, -1,
                        90, 91, 140, -1,
                        90, 140, 132, -1,
                        91, 141, 140, -1,
                        91, 99, 142, -1,
                        91, 142, 143, -1,
                        91, 143, 141, -1,
                        92, 94, 93, -1,
                        92, 129, 144, -1,
                        92, 144, 145, -1,
                        92, 145, 94, -1,
                        94, 145, 146, -1,
                        94, 146, 95, -1,
                        95, 146, 147, -1,
                        95, 147, 96, -1,
                        96, 147, 146, -1,
                        96, 146, 97, -1,
                        97, 146, 145, -1,
                        97, 145, 144, -1,
                        97, 144, 185, -1,
                        97, 185, 184, -1,
                        97, 184, 180, -1,
                        97, 180, 179, -1,
                        97, 179, 178, -1,
                        97, 178, 176, -1,
                        97, 176, 175, -1,
                        97, 175, 239, -1,
                        97, 239, 238, -1,
                        97, 238, 173, -1,
                        97, 173, 237, -1,
                        97, 237, 236, -1,
                        97, 236, 308, -1,
                        97, 308, 307, -1,
                        97, 307, 306, -1,
                        97, 306, 380, -1,
                        97, 380, 455, -1,
                        97, 455, 454, -1,
                        97, 454, 519, -1,
                        97, 519, 587, -1,
                        97, 587, 574, -1,
                        97, 574, 520, -1,
                        97, 520, 459, -1,
                        97, 459, 385, -1,
                        97, 385, 316, -1,
                        97, 316, 271, -1,
                        97, 271, 208, -1,
                        97, 208, 149, -1,
                        97, 149, 148, -1,
                        97, 148, 98, -1,
                        98, 148, 149, -1,
                        98, 149, 150, -1,
                        98, 150, 99, -1,
                        99, 150, 151, -1,
                        99, 151, 142, -1,
                        100, 139, 152, -1,
                        100, 152, 101, -1,
                        101, 152, 103, -1,
                        102, 104, 153, -1,
                        102, 153, 154, -1,
                        102, 154, 105, -1,
                        103, 152, 155, -1,
                        103, 155, 104, -1,
                        104, 155, 156, -1,
                        104, 156, 153, -1,
                        105, 157, 158, -1,
                        105, 158, 107, -1,
                        105, 154, 157, -1,
                        106, 107, 159, -1,
                        106, 159, 160, -1,
                        106, 160, 108, -1,
                        107, 161, 159, -1,
                        107, 158, 162, -1,
                        107, 162, 161, -1,
                        108, 160, 109, -1,
                        109, 160, 163, -1,
                        109, 163, 110, -1,
                        110, 163, 164, -1,
                        110, 164, 165, -1,
                        110, 165, 111, -1,
                        111, 165, 166, -1,
                        111, 166, 112, -1,
                        112, 166, 167, -1,
                        112, 167, 113, -1,
                        113, 167, 168, -1,
                        113, 168, 114, -1,
                        114, 168, 115, -1,
                        115, 168, 169, -1,
                        115, 169, 116, -1,
                        116, 169, 170, -1,
                        116, 170, 117, -1,
                        117, 170, 171, -1,
                        117, 171, 118, -1,
                        118, 171, 172, -1,
                        118, 172, 173, -1,
                        118, 173, 174, -1,
                        118, 174, 119, -1,
                        119, 174, 175, -1,
                        119, 175, 176, -1,
                        119, 176, 120, -1,
                        120, 177, 121, -1,
                        120, 176, 178, -1,
                        120, 178, 179, -1,
                        120, 179, 180, -1,
                        120, 180, 177, -1,
                        121, 177, 123, -1,
                        123, 177, 181, -1,
                        123, 181, 125, -1,
                        123, 125, 124, -1,
                        125, 182, 183, -1,
                        125, 183, 126, -1,
                        125, 181, 184, -1,
                        125, 184, 182, -1,
                        126, 183, 127, -1,
                        127, 183, 185, -1,
                        127, 185, 144, -1,
                        127, 144, 128, -1,
                        128, 144, 129, -1,
                        130, 186, 131, -1,
                        130, 132, 187, -1,
                        130, 187, 186, -1,
                        131, 188, 189, -1,
                        131, 189, 190, -1,
                        131, 190, 133, -1,
                        131, 186, 188, -1,
                        132, 140, 191, -1,
                        132, 191, 187, -1,
                        133, 190, 192, -1,
                        133, 192, 193, -1,
                        133, 193, 134, -1,
                        134, 194, 195, -1,
                        134, 195, 135, -1,
                        134, 193, 196, -1,
                        134, 196, 197, -1,
                        134, 197, 198, -1,
                        134, 198, 199, -1,
                        134, 199, 194, -1,
                        135, 195, 136, -1,
                        136, 195, 200, -1,
                        136, 200, 137, -1,
                        137, 200, 201, -1,
                        137, 201, 202, -1,
                        137, 202, 138, -1,
                        138, 202, 203, -1,
                        138, 203, 139, -1,
                        139, 203, 204, -1,
                        139, 204, 152, -1,
                        140, 141, 205, -1,
                        140, 205, 206, -1,
                        140, 206, 207, -1,
                        140, 207, 191, -1,
                        141, 143, 205, -1,
                        142, 151, 143, -1,
                        143, 151, 149, -1,
                        143, 149, 208, -1,
                        143, 208, 209, -1,
                        143, 209, 205, -1,
                        149, 151, 150, -1,
                        152, 204, 155, -1,
                        153, 210, 211, -1,
                        153, 211, 154, -1,
                        153, 156, 212, -1,
                        153, 212, 213, -1,
                        153, 213, 214, -1,
                        153, 214, 215, -1,
                        153, 215, 210, -1,
                        154, 211, 216, -1,
                        154, 216, 157, -1,
                        155, 204, 217, -1,
                        155, 217, 156, -1,
                        156, 217, 218, -1,
                        156, 218, 219, -1,
                        156, 219, 212, -1,
                        157, 216, 158, -1,
                        158, 216, 162, -1,
                        159, 161, 220, -1,
                        159, 220, 160, -1,
                        160, 220, 221, -1,
                        160, 221, 222, -1,
                        160, 222, 163, -1,
                        161, 223, 220, -1,
                        161, 162, 224, -1,
                        161, 224, 223, -1,
                        162, 216, 225, -1,
                        162, 225, 224, -1,
                        163, 222, 226, -1,
                        163, 226, 164, -1,
                        164, 226, 227, -1,
                        164, 227, 165, -1,
                        165, 227, 228, -1,
                        165, 228, 229, -1,
                        165, 229, 166, -1,
                        166, 229, 230, -1,
                        166, 230, 167, -1,
                        167, 230, 231, -1,
                        167, 231, 168, -1,
                        168, 231, 232, -1,
                        168, 232, 169, -1,
                        169, 232, 233, -1,
                        169, 233, 170, -1,
                        170, 233, 234, -1,
                        170, 234, 171, -1,
                        171, 234, 235, -1,
                        171, 235, 236, -1,
                        171, 236, 172, -1,
                        172, 236, 237, -1,
                        172, 237, 173, -1,
                        173, 238, 174, -1,
                        174, 238, 239, -1,
                        174, 239, 175, -1,
                        177, 180, 184, -1,
                        177, 184, 181, -1,
                        182, 184, 185, -1,
                        182, 185, 183, -1,
                        186, 240, 241, -1,
                        186, 241, 188, -1,
                        186, 187, 242, -1,
                        186, 242, 240, -1,
                        187, 191, 243, -1,
                        187, 243, 242, -1,
                        188, 241, 244, -1,
                        188, 244, 245, -1,
                        188, 245, 192, -1,
                        188, 192, 190, -1,
                        188, 190, 189, -1,
                        191, 207, 246, -1,
                        191, 246, 247, -1,
                        191, 247, 243, -1,
                        192, 245, 244, -1,
                        192, 244, 248, -1,
                        192, 248, 196, -1,
                        192, 196, 193, -1,
                        194, 249, 200, -1,
                        194, 200, 195, -1,
                        194, 199, 250, -1,
                        194, 250, 251, -1,
                        194, 251, 249, -1,
                        196, 248, 252, -1,
                        196, 252, 253, -1,
                        196, 253, 254, -1,
                        196, 254, 255, -1,
                        196, 255, 197, -1,
                        197, 255, 256, -1,
                        197, 256, 257, -1,
                        197, 257, 258, -1,
                        197, 258, 259, -1,
                        197, 259, 198, -1,
                        198, 259, 199, -1,
                        199, 259, 260, -1,
                        199, 260, 250, -1,
                        200, 249, 201, -1,
                        201, 261, 262, -1,
                        201, 262, 263, -1,
                        201, 263, 264, -1,
                        201, 264, 202, -1,
                        201, 249, 261, -1,
                        202, 264, 265, -1,
                        202, 265, 266, -1,
                        202, 266, 203, -1,
                        203, 266, 267, -1,
                        203, 267, 204, -1,
                        204, 267, 217, -1,
                        205, 268, 246, -1,
                        205, 246, 206, -1,
                        205, 209, 269, -1,
                        205, 269, 270, -1,
                        205, 270, 268, -1,
                        206, 246, 207, -1,
                        208, 271, 209, -1,
                        209, 271, 272, -1,
                        209, 272, 273, -1,
                        209, 273, 274, -1,
                        209, 274, 269, -1,
                        210, 215, 275, -1,
                        210, 275, 211, -1,
                        211, 275, 225, -1,
                        211, 225, 216, -1,
                        212, 219, 276, -1,
                        212, 276, 213, -1,
                        213, 276, 277, -1,
                        213, 277, 278, -1,
                        213, 278, 215, -1,
                        213, 215, 214, -1,
                        215, 279, 275, -1,
                        215, 278, 280, -1,
                        215, 280, 279, -1,
                        217, 267, 281, -1,
                        217, 281, 282, -1,
                        217, 282, 218, -1,
                        218, 282, 283, -1,
                        218, 283, 284, -1,
                        218, 284, 285, -1,
                        218, 285, 286, -1,
                        218, 286, 287, -1,
                        218, 287, 276, -1,
                        218, 276, 219, -1,
                        220, 288, 221, -1,
                        220, 223, 289, -1,
                        220, 289, 290, -1,
                        220, 290, 288, -1,
                        221, 288, 222, -1,
                        222, 291, 226, -1,
                        222, 288, 291, -1,
                        223, 224, 292, -1,
                        223, 292, 289, -1,
                        224, 225, 293, -1,
                        224, 293, 294, -1,
                        224, 294, 289, -1,
                        224, 289, 292, -1,
                        225, 275, 295, -1,
                        225, 295, 296, -1,
                        225, 296, 293, -1,
                        226, 291, 297, -1,
                        226, 297, 227, -1,
                        227, 297, 298, -1,
                        227, 298, 228, -1,
                        228, 298, 299, -1,
                        228, 299, 300, -1,
                        228, 300, 229, -1,
                        229, 300, 301, -1,
                        229, 301, 230, -1,
                        230, 301, 231, -1,
                        231, 301, 302, -1,
                        231, 302, 303, -1,
                        231, 303, 232, -1,
                        232, 303, 304, -1,
                        232, 304, 233, -1,
                        233, 304, 234, -1,
                        234, 305, 235, -1,
                        234, 304, 305, -1,
                        235, 305, 306, -1,
                        235, 306, 307, -1,
                        235, 307, 308, -1,
                        235, 308, 236, -1,
                        240, 309, 310, -1,
                        240, 310, 241, -1,
                        240, 242, 311, -1,
                        240, 311, 309, -1,
                        241, 310, 244, -1,
                        242, 243, 312, -1,
                        242, 312, 313, -1,
                        242, 313, 311, -1,
                        243, 247, 314, -1,
                        243, 314, 312, -1,
                        244, 310, 315, -1,
                        244, 315, 248, -1,
                        246, 268, 247, -1,
                        247, 268, 270, -1,
                        247, 270, 274, -1,
                        247, 274, 316, -1,
                        247, 316, 317, -1,
                        247, 317, 318, -1,
                        247, 318, 319, -1,
                        247, 319, 314, -1,
                        248, 315, 252, -1,
                        249, 251, 262, -1,
                        249, 262, 261, -1,
                        250, 260, 320, -1,
                        250, 320, 321, -1,
                        250, 321, 251, -1,
                        251, 321, 262, -1,
                        252, 322, 323, -1,
                        252, 323, 253, -1,
                        252, 315, 322, -1,
                        253, 324, 254, -1,
                        253, 323, 324, -1,
                        254, 324, 325, -1,
                        254, 325, 326, -1,
                        254, 326, 255, -1,
                        255, 326, 256, -1,
                        256, 326, 257, -1,
                        257, 326, 327, -1,
                        257, 327, 259, -1,
                        257, 259, 258, -1,
                        259, 327, 328, -1,
                        259, 328, 329, -1,
                        259, 329, 330, -1,
                        259, 330, 260, -1,
                        260, 330, 331, -1,
                        260, 331, 332, -1,
                        260, 332, 320, -1,
                        262, 321, 332, -1,
                        262, 332, 333, -1,
                        262, 333, 334, -1,
                        262, 334, 335, -1,
                        262, 335, 263, -1,
                        263, 335, 264, -1,
                        264, 335, 336, -1,
                        264, 336, 265, -1,
                        265, 337, 266, -1,
                        265, 336, 337, -1,
                        266, 337, 281, -1,
                        266, 281, 267, -1,
                        269, 274, 270, -1,
                        271, 316, 272, -1,
                        272, 316, 273, -1,
                        273, 316, 274, -1,
                        275, 279, 338, -1,
                        275, 338, 295, -1,
                        276, 287, 339, -1,
                        276, 339, 340, -1,
                        276, 340, 341, -1,
                        276, 341, 277, -1,
                        277, 341, 342, -1,
                        277, 342, 343, -1,
                        277, 343, 344, -1,
                        277, 344, 345, -1,
                        277, 345, 280, -1,
                        277, 280, 278, -1,
                        279, 280, 346, -1,
                        279, 346, 347, -1,
                        279, 347, 348, -1,
                        279, 348, 338, -1,
                        280, 345, 346, -1,
                        281, 337, 282, -1,
                        282, 349, 350, -1,
                        282, 350, 283, -1,
                        282, 337, 349, -1,
                        283, 350, 284, -1,
                        284, 351, 285, -1,
                        284, 350, 351, -1,
                        285, 352, 353, -1,
                        285, 353, 286, -1,
                        285, 351, 352, -1,
                        286, 353, 354, -1,
                        286, 354, 355, -1,
                        286, 355, 356, -1,
                        286, 356, 287, -1,
                        287, 356, 357, -1,
                        287, 357, 358, -1,
                        287, 358, 339, -1,
                        288, 290, 359, -1,
                        288, 359, 291, -1,
                        289, 294, 360, -1,
                        289, 360, 361, -1,
                        289, 361, 362, -1,
                        289, 362, 363, -1,
                        289, 363, 364, -1,
                        289, 364, 290, -1,
                        290, 364, 359, -1,
                        291, 365, 297, -1,
                        291, 359, 366, -1,
                        291, 366, 365, -1,
                        293, 296, 367, -1,
                        293, 367, 368, -1,
                        293, 368, 369, -1,
                        293, 369, 294, -1,
                        294, 369, 360, -1,
                        295, 338, 367, -1,
                        295, 367, 296, -1,
                        297, 365, 370, -1,
                        297, 370, 298, -1,
                        298, 370, 371, -1,
                        298, 371, 299, -1,
                        299, 371, 372, -1,
                        299, 372, 373, -1,
                        299, 373, 374, -1,
                        299, 374, 300, -1,
                        300, 374, 301, -1,
                        301, 374, 375, -1,
                        301, 375, 376, -1,
                        301, 376, 302, -1,
                        302, 376, 377, -1,
                        302, 377, 303, -1,
                        303, 377, 378, -1,
                        303, 378, 304, -1,
                        304, 378, 379, -1,
                        304, 379, 380, -1,
                        304, 380, 305, -1,
                        305, 380, 306, -1,
                        309, 311, 310, -1,
                        310, 313, 381, -1,
                        310, 381, 315, -1,
                        310, 311, 313, -1,
                        312, 314, 382, -1,
                        312, 382, 383, -1,
                        312, 383, 384, -1,
                        312, 384, 381, -1,
                        312, 381, 313, -1,
                        314, 319, 318, -1,
                        314, 318, 385, -1,
                        314, 385, 386, -1,
                        314, 386, 387, -1,
                        314, 387, 382, -1,
                        315, 381, 388, -1,
                        315, 388, 322, -1,
                        316, 385, 317, -1,
                        317, 385, 318, -1,
                        320, 332, 321, -1,
                        322, 388, 389, -1,
                        322, 389, 464, -1,
                        322, 464, 390, -1,
                        322, 390, 323, -1,
                        323, 390, 324, -1,
                        324, 390, 391, -1,
                        324, 391, 325, -1,
                        325, 391, 392, -1,
                        325, 392, 326, -1,
                        326, 392, 393, -1,
                        326, 393, 394, -1,
                        326, 394, 395, -1,
                        326, 395, 327, -1,
                        327, 395, 394, -1,
                        327, 394, 328, -1,
                        328, 394, 396, -1,
                        328, 396, 397, -1,
                        328, 397, 329, -1,
                        329, 398, 330, -1,
                        329, 397, 399, -1,
                        329, 399, 400, -1,
                        329, 400, 401, -1,
                        329, 401, 398, -1,
                        330, 398, 402, -1,
                        330, 402, 331, -1,
                        331, 403, 404, -1,
                        331, 404, 332, -1,
                        331, 402, 405, -1,
                        331, 405, 406, -1,
                        331, 406, 407, -1,
                        331, 407, 403, -1,
                        332, 404, 408, -1,
                        332, 408, 333, -1,
                        333, 408, 409, -1,
                        333, 409, 410, -1,
                        333, 410, 411, -1,
                        333, 411, 334, -1,
                        334, 411, 410, -1,
                        334, 410, 335, -1,
                        335, 412, 413, -1,
                        335, 413, 414, -1,
                        335, 414, 415, -1,
                        335, 415, 336, -1,
                        335, 410, 412, -1,
                        336, 415, 349, -1,
                        336, 349, 337, -1,
                        338, 348, 367, -1,
                        339, 358, 416, -1,
                        339, 416, 417, -1,
                        339, 417, 418, -1,
                        339, 418, 419, -1,
                        339, 419, 340, -1,
                        340, 419, 341, -1,
                        341, 419, 342, -1,
                        342, 419, 420, -1,
                        342, 420, 421, -1,
                        342, 421, 422, -1,
                        342, 422, 343, -1,
                        343, 422, 344, -1,
                        344, 423, 424, -1,
                        344, 424, 346, -1,
                        344, 346, 345, -1,
                        344, 422, 425, -1,
                        344, 425, 426, -1,
                        344, 426, 427, -1,
                        344, 427, 428, -1,
                        344, 428, 423, -1,
                        346, 424, 347, -1,
                        347, 424, 429, -1,
                        347, 429, 430, -1,
                        347, 430, 431, -1,
                        347, 431, 432, -1,
                        347, 432, 348, -1,
                        348, 432, 367, -1,
                        349, 415, 350, -1,
                        350, 415, 414, -1,
                        350, 414, 351, -1,
                        351, 414, 413, -1,
                        351, 413, 352, -1,
                        352, 413, 353, -1,
                        353, 412, 433, -1,
                        353, 433, 354, -1,
                        353, 413, 412, -1,
                        354, 433, 434, -1,
                        354, 434, 355, -1,
                        355, 434, 435, -1,
                        355, 435, 436, -1,
                        355, 436, 356, -1,
                        356, 436, 357, -1,
                        357, 436, 437, -1,
                        357, 437, 438, -1,
                        357, 438, 416, -1,
                        357, 416, 358, -1,
                        359, 364, 439, -1,
                        359, 439, 440, -1,
                        359, 440, 441, -1,
                        359, 441, 366, -1,
                        360, 367, 432, -1,
                        360, 432, 442, -1,
                        360, 442, 443, -1,
                        360, 443, 444, -1,
                        360, 444, 362, -1,
                        360, 362, 361, -1,
                        360, 369, 368, -1,
                        360, 368, 367, -1,
                        362, 444, 445, -1,
                        362, 445, 446, -1,
                        362, 446, 440, -1,
                        362, 440, 439, -1,
                        362, 439, 447, -1,
                        362, 447, 363, -1,
                        363, 447, 439, -1,
                        363, 439, 364, -1,
                        365, 366, 448, -1,
                        365, 448, 449, -1,
                        365, 449, 370, -1,
                        366, 441, 448, -1,
                        370, 449, 450, -1,
                        370, 450, 451, -1,
                        370, 451, 371, -1,
                        371, 451, 452, -1,
                        371, 452, 372, -1,
                        372, 452, 373, -1,
                        373, 452, 374, -1,
                        374, 452, 375, -1,
                        375, 452, 453, -1,
                        375, 453, 376, -1,
                        376, 453, 377, -1,
                        377, 453, 378, -1,
                        378, 454, 379, -1,
                        378, 453, 454, -1,
                        379, 454, 455, -1,
                        379, 455, 380, -1,
                        381, 384, 456, -1,
                        381, 456, 388, -1,
                        382, 457, 458, -1,
                        382, 458, 383, -1,
                        382, 387, 459, -1,
                        382, 459, 457, -1,
                        383, 456, 384, -1,
                        383, 458, 460, -1,
                        383, 460, 461, -1,
                        383, 461, 462, -1,
                        383, 462, 456, -1,
                        385, 459, 386, -1,
                        386, 459, 387, -1,
                        388, 456, 463, -1,
                        388, 463, 389, -1,
                        389, 463, 464, -1,
                        390, 464, 463, -1,
                        390, 463, 465, -1,
                        390, 465, 391, -1,
                        391, 465, 392, -1,
                        392, 465, 466, -1,
                        392, 466, 393, -1,
                        393, 466, 467, -1,
                        393, 467, 394, -1,
                        394, 468, 396, -1,
                        394, 467, 469, -1,
                        394, 469, 470, -1,
                        394, 470, 468, -1,
                        396, 468, 397, -1,
                        397, 468, 471, -1,
                        397, 471, 472, -1,
                        397, 472, 473, -1,
                        397, 473, 399, -1,
                        398, 401, 402, -1,
                        399, 474, 400, -1,
                        399, 473, 472, -1,
                        399, 472, 474, -1,
                        400, 474, 405, -1,
                        400, 405, 402, -1,
                        400, 402, 401, -1,
                        403, 408, 404, -1,
                        403, 407, 475, -1,
                        403, 475, 476, -1,
                        403, 476, 477, -1,
                        403, 477, 478, -1,
                        403, 478, 408, -1,
                        405, 474, 479, -1,
                        405, 479, 480, -1,
                        405, 480, 475, -1,
                        405, 475, 406, -1,
                        406, 475, 407, -1,
                        408, 478, 481, -1,
                        408, 481, 482, -1,
                        408, 482, 435, -1,
                        408, 435, 410, -1,
                        408, 410, 409, -1,
                        410, 435, 434, -1,
                        410, 434, 433, -1,
                        410, 433, 412, -1,
                        416, 438, 417, -1,
                        417, 438, 418, -1,
                        418, 483, 484, -1,
                        418, 484, 485, -1,
                        418, 485, 420, -1,
                        418, 420, 419, -1,
                        418, 438, 483, -1,
                        420, 485, 486, -1,
                        420, 486, 421, -1,
                        421, 486, 487, -1,
                        421, 487, 488, -1,
                        421, 488, 422, -1,
                        422, 488, 425, -1,
                        423, 489, 490, -1,
                        423, 490, 424, -1,
                        423, 428, 491, -1,
                        423, 491, 492, -1,
                        423, 492, 489, -1,
                        424, 490, 430, -1,
                        424, 430, 429, -1,
                        425, 488, 426, -1,
                        426, 488, 493, -1,
                        426, 493, 427, -1,
                        427, 493, 428, -1,
                        428, 493, 494, -1,
                        428, 494, 495, -1,
                        428, 495, 496, -1,
                        428, 496, 497, -1,
                        428, 497, 491, -1,
                        430, 442, 432, -1,
                        430, 432, 431, -1,
                        430, 490, 498, -1,
                        430, 498, 442, -1,
                        435, 482, 436, -1,
                        436, 482, 437, -1,
                        437, 482, 481, -1,
                        437, 481, 499, -1,
                        437, 499, 438, -1,
                        438, 499, 483, -1,
                        440, 449, 441, -1,
                        440, 446, 445, -1,
                        440, 445, 500, -1,
                        440, 500, 450, -1,
                        440, 450, 449, -1,
                        441, 449, 448, -1,
                        442, 498, 443, -1,
                        443, 498, 501, -1,
                        443, 501, 502, -1,
                        443, 502, 503, -1,
                        443, 503, 444, -1,
                        444, 503, 445, -1,
                        445, 503, 504, -1,
                        445, 504, 505, -1,
                        445, 505, 500, -1,
                        450, 500, 506, -1,
                        450, 506, 451, -1,
                        451, 507, 508, -1,
                        451, 508, 509, -1,
                        451, 509, 510, -1,
                        451, 510, 453, -1,
                        451, 453, 452, -1,
                        451, 506, 511, -1,
                        451, 511, 512, -1,
                        451, 512, 513, -1,
                        451, 513, 514, -1,
                        451, 514, 515, -1,
                        451, 515, 516, -1,
                        451, 516, 584, -1,
                        451, 584, 650, -1,
                        451, 650, 713, -1,
                        451, 713, 774, -1,
                        451, 774, 838, -1,
                        451, 838, 883, -1,
                        451, 883, 936, -1,
                        451, 936, 973, -1,
                        451, 973, 1016, -1,
                        451, 1016, 1044, -1,
                        451, 1044, 1051, -1,
                        451, 1051, 1050, -1,
                        451, 1050, 1030, -1,
                        451, 1030, 991, -1,
                        451, 991, 951, -1,
                        451, 951, 950, -1,
                        451, 950, 949, -1,
                        451, 949, 894, -1,
                        451, 894, 840, -1,
                        451, 840, 777, -1,
                        451, 777, 717, -1,
                        451, 717, 652, -1,
                        451, 652, 651, -1,
                        451, 651, 588, -1,
                        451, 588, 522, -1,
                        451, 522, 521, -1,
                        451, 521, 520, -1,
                        451, 520, 574, -1,
                        451, 574, 573, -1,
                        451, 573, 507, -1,
                        453, 510, 517, -1,
                        453, 517, 518, -1,
                        453, 518, 454, -1,
                        454, 518, 519, -1,
                        456, 462, 463, -1,
                        457, 459, 520, -1,
                        457, 520, 521, -1,
                        457, 521, 522, -1,
                        457, 522, 523, -1,
                        457, 523, 458, -1,
                        458, 523, 524, -1,
                        458, 524, 525, -1,
                        458, 525, 526, -1,
                        458, 526, 460, -1,
                        460, 526, 527, -1,
                        460, 527, 461, -1,
                        461, 528, 529, -1,
                        461, 529, 530, -1,
                        461, 530, 531, -1,
                        461, 531, 463, -1,
                        461, 463, 462, -1,
                        461, 527, 528, -1,
                        463, 531, 465, -1,
                        465, 531, 530, -1,
                        465, 530, 532, -1,
                        465, 532, 466, -1,
                        466, 532, 467, -1,
                        467, 532, 533, -1,
                        467, 533, 534, -1,
                        467, 534, 469, -1,
                        468, 470, 535, -1,
                        468, 535, 471, -1,
                        469, 534, 470, -1,
                        470, 534, 536, -1,
                        470, 536, 535, -1,
                        471, 535, 472, -1,
                        472, 535, 536, -1,
                        472, 536, 537, -1,
                        472, 537, 538, -1,
                        472, 538, 539, -1,
                        472, 539, 540, -1,
                        472, 540, 541, -1,
                        472, 541, 474, -1,
                        474, 541, 542, -1,
                        474, 542, 479, -1,
                        475, 480, 543, -1,
                        475, 543, 544, -1,
                        475, 544, 476, -1,
                        476, 544, 545, -1,
                        476, 545, 546, -1,
                        476, 546, 477, -1,
                        477, 546, 547, -1,
                        477, 547, 478, -1,
                        478, 547, 481, -1,
                        479, 543, 480, -1,
                        479, 542, 548, -1,
                        479, 548, 549, -1,
                        479, 549, 550, -1,
                        479, 550, 543, -1,
                        481, 547, 551, -1,
                        481, 551, 499, -1,
                        483, 499, 551, -1,
                        483, 551, 484, -1,
                        484, 551, 552, -1,
                        484, 552, 553, -1,
                        484, 553, 485, -1,
                        485, 553, 486, -1,
                        486, 553, 487, -1,
                        487, 554, 555, -1,
                        487, 555, 488, -1,
                        487, 553, 554, -1,
                        488, 556, 557, -1,
                        488, 557, 558, -1,
                        488, 558, 559, -1,
                        488, 559, 493, -1,
                        488, 555, 560, -1,
                        488, 560, 556, -1,
                        489, 498, 490, -1,
                        489, 492, 497, -1,
                        489, 497, 561, -1,
                        489, 561, 498, -1,
                        491, 497, 492, -1,
                        493, 559, 562, -1,
                        493, 562, 563, -1,
                        493, 563, 564, -1,
                        493, 564, 494, -1,
                        494, 564, 565, -1,
                        494, 565, 495, -1,
                        495, 565, 566, -1,
                        495, 566, 567, -1,
                        495, 567, 496, -1,
                        496, 567, 497, -1,
                        497, 567, 561, -1,
                        498, 561, 501, -1,
                        500, 505, 506, -1,
                        501, 561, 568, -1,
                        501, 568, 569, -1,
                        501, 569, 570, -1,
                        501, 570, 502, -1,
                        502, 570, 503, -1,
                        503, 570, 504, -1,
                        504, 570, 571, -1,
                        504, 571, 505, -1,
                        505, 571, 572, -1,
                        505, 572, 506, -1,
                        506, 572, 511, -1,
                        507, 573, 508, -1,
                        508, 573, 574, -1,
                        508, 574, 575, -1,
                        508, 575, 509, -1,
                        509, 575, 574, -1,
                        509, 574, 576, -1,
                        509, 576, 517, -1,
                        509, 517, 510, -1,
                        511, 572, 577, -1,
                        511, 577, 578, -1,
                        511, 578, 512, -1,
                        512, 578, 513, -1,
                        513, 578, 579, -1,
                        513, 579, 580, -1,
                        513, 580, 514, -1,
                        514, 580, 581, -1,
                        514, 581, 515, -1,
                        515, 581, 582, -1,
                        515, 582, 516, -1,
                        516, 582, 583, -1,
                        516, 583, 584, -1,
                        517, 585, 586, -1,
                        517, 586, 587, -1,
                        517, 587, 518, -1,
                        517, 576, 574, -1,
                        517, 574, 585, -1,
                        518, 587, 519, -1,
                        522, 588, 523, -1,
                        523, 588, 589, -1,
                        523, 589, 524, -1,
                        524, 589, 590, -1,
                        524, 590, 591, -1,
                        524, 591, 525, -1,
                        525, 591, 592, -1,
                        525, 592, 526, -1,
                        526, 592, 593, -1,
                        526, 593, 529, -1,
                        526, 529, 528, -1,
                        526, 528, 527, -1,
                        529, 593, 594, -1,
                        529, 594, 595, -1,
                        529, 595, 530, -1,
                        530, 595, 533, -1,
                        530, 533, 532, -1,
                        533, 595, 596, -1,
                        533, 596, 534, -1,
                        534, 596, 536, -1,
                        536, 597, 598, -1,
                        536, 598, 599, -1,
                        536, 599, 600, -1,
                        536, 600, 537, -1,
                        536, 596, 595, -1,
                        536, 595, 597, -1,
                        537, 600, 601, -1,
                        537, 601, 538, -1,
                        538, 601, 539, -1,
                        539, 602, 603, -1,
                        539, 603, 540, -1,
                        539, 601, 604, -1,
                        539, 604, 605, -1,
                        539, 605, 602, -1,
                        540, 603, 602, -1,
                        540, 602, 606, -1,
                        540, 606, 541, -1,
                        541, 548, 542, -1,
                        541, 606, 548, -1,
                        543, 550, 607, -1,
                        543, 607, 608, -1,
                        543, 608, 609, -1,
                        543, 609, 544, -1,
                        544, 609, 545, -1,
                        545, 609, 610, -1,
                        545, 610, 611, -1,
                        545, 611, 546, -1,
                        546, 611, 612, -1,
                        546, 612, 547, -1,
                        547, 612, 551, -1,
                        548, 613, 550, -1,
                        548, 550, 549, -1,
                        548, 606, 614, -1,
                        548, 614, 613, -1,
                        550, 613, 615, -1,
                        550, 615, 616, -1,
                        550, 616, 617, -1,
                        550, 617, 607, -1,
                        551, 612, 552, -1,
                        552, 612, 618, -1,
                        552, 618, 554, -1,
                        552, 554, 553, -1,
                        554, 618, 619, -1,
                        554, 619, 560, -1,
                        554, 560, 555, -1,
                        556, 620, 621, -1,
                        556, 621, 557, -1,
                        556, 560, 619, -1,
                        556, 619, 622, -1,
                        556, 622, 620, -1,
                        557, 621, 623, -1,
                        557, 623, 624, -1,
                        557, 624, 558, -1,
                        558, 624, 623, -1,
                        558, 623, 625, -1,
                        558, 625, 626, -1,
                        558, 626, 559, -1,
                        559, 626, 627, -1,
                        559, 627, 562, -1,
                        561, 567, 568, -1,
                        562, 627, 563, -1,
                        563, 626, 628, -1,
                        563, 628, 629, -1,
                        563, 629, 630, -1,
                        563, 630, 564, -1,
                        563, 627, 626, -1,
                        564, 630, 565, -1,
                        565, 631, 566, -1,
                        565, 630, 631, -1,
                        566, 631, 632, -1,
                        566, 632, 633, -1,
                        566, 633, 634, -1,
                        566, 634, 635, -1,
                        566, 635, 636, -1,
                        566, 636, 568, -1,
                        566, 568, 567, -1,
                        568, 636, 637, -1,
                        568, 637, 569, -1,
                        569, 637, 570, -1,
                        570, 637, 571, -1,
                        571, 637, 635, -1,
                        571, 635, 572, -1,
                        572, 635, 577, -1,
                        574, 587, 585, -1,
                        577, 635, 634, -1,
                        577, 634, 638, -1,
                        577, 638, 578, -1,
                        578, 639, 579, -1,
                        578, 638, 639, -1,
                        579, 640, 641, -1,
                        579, 641, 642, -1,
                        579, 642, 580, -1,
                        579, 639, 640, -1,
                        580, 642, 581, -1,
                        581, 642, 643, -1,
                        581, 643, 644, -1,
                        581, 644, 583, -1,
                        581, 583, 582, -1,
                        583, 645, 646, -1,
                        583, 646, 584, -1,
                        583, 644, 647, -1,
                        583, 647, 648, -1,
                        583, 648, 649, -1,
                        583, 649, 645, -1,
                        584, 646, 650, -1,
                        585, 587, 586, -1,
                        588, 651, 589, -1,
                        589, 651, 652, -1,
                        589, 652, 653, -1,
                        589, 653, 654, -1,
                        589, 654, 590, -1,
                        590, 655, 591, -1,
                        590, 654, 656, -1,
                        590, 656, 655, -1,
                        591, 657, 592, -1,
                        591, 655, 657, -1,
                        592, 657, 658, -1,
                        592, 658, 659, -1,
                        592, 659, 593, -1,
                        593, 659, 594, -1,
                        594, 659, 660, -1,
                        594, 660, 661, -1,
                        594, 661, 662, -1,
                        594, 662, 597, -1,
                        594, 597, 595, -1,
                        597, 662, 598, -1,
                        598, 662, 663, -1,
                        598, 663, 664, -1,
                        598, 664, 599, -1,
                        599, 665, 601, -1,
                        599, 601, 600, -1,
                        599, 664, 666, -1,
                        599, 666, 665, -1,
                        601, 665, 604, -1,
                        602, 667, 606, -1,
                        602, 605, 668, -1,
                        602, 668, 669, -1,
                        602, 669, 667, -1,
                        604, 665, 670, -1,
                        604, 670, 671, -1,
                        604, 671, 672, -1,
                        604, 672, 605, -1,
                        605, 672, 673, -1,
                        605, 673, 674, -1,
                        605, 674, 668, -1,
                        606, 675, 614, -1,
                        606, 667, 676, -1,
                        606, 676, 675, -1,
                        607, 617, 677, -1,
                        607, 677, 608, -1,
                        608, 677, 678, -1,
                        608, 678, 679, -1,
                        608, 679, 609, -1,
                        609, 679, 680, -1,
                        609, 680, 610, -1,
                        610, 680, 681, -1,
                        610, 681, 682, -1,
                        610, 682, 683, -1,
                        610, 683, 611, -1,
                        611, 683, 618, -1,
                        611, 618, 612, -1,
                        613, 614, 675, -1,
                        613, 675, 684, -1,
                        613, 684, 685, -1,
                        613, 685, 686, -1,
                        613, 686, 687, -1,
                        613, 687, 615, -1,
                        615, 688, 616, -1,
                        615, 687, 689, -1,
                        615, 689, 688, -1,
                        616, 688, 617, -1,
                        617, 688, 690, -1,
                        617, 690, 677, -1,
                        618, 683, 619, -1,
                        619, 683, 622, -1,
                        620, 681, 621, -1,
                        620, 622, 682, -1,
                        620, 682, 681, -1,
                        621, 681, 691, -1,
                        621, 691, 692, -1,
                        621, 692, 623, -1,
                        622, 683, 682, -1,
                        623, 693, 694, -1,
                        623, 694, 695, -1,
                        623, 695, 625, -1,
                        623, 692, 693, -1,
                        625, 695, 626, -1,
                        626, 695, 696, -1,
                        626, 696, 697, -1,
                        626, 697, 698, -1,
                        626, 698, 628, -1,
                        628, 698, 629, -1,
                        629, 698, 699, -1,
                        629, 699, 630, -1,
                        630, 699, 700, -1,
                        630, 700, 632, -1,
                        630, 632, 631, -1,
                        632, 700, 701, -1,
                        632, 701, 702, -1,
                        632, 702, 703, -1,
                        632, 703, 633, -1,
                        633, 638, 634, -1,
                        633, 703, 638, -1,
                        635, 637, 636, -1,
                        638, 703, 639, -1,
                        639, 703, 640, -1,
                        640, 704, 641, -1,
                        640, 703, 704, -1,
                        641, 704, 705, -1,
                        641, 705, 642, -1,
                        642, 705, 643, -1,
                        643, 705, 706, -1,
                        643, 706, 648, -1,
                        643, 648, 644, -1,
                        644, 648, 647, -1,
                        645, 649, 707, -1,
                        645, 707, 708, -1,
                        645, 708, 646, -1,
                        646, 709, 710, -1,
                        646, 710, 711, -1,
                        646, 711, 712, -1,
                        646, 712, 713, -1,
                        646, 713, 650, -1,
                        646, 708, 714, -1,
                        646, 714, 715, -1,
                        646, 715, 716, -1,
                        646, 716, 709, -1,
                        648, 706, 649, -1,
                        649, 706, 707, -1,
                        652, 717, 653, -1,
                        653, 717, 718, -1,
                        653, 718, 654, -1,
                        654, 718, 719, -1,
                        654, 719, 720, -1,
                        654, 720, 656, -1,
                        655, 656, 721, -1,
                        655, 721, 657, -1,
                        656, 722, 723, -1,
                        656, 723, 724, -1,
                        656, 724, 725, -1,
                        656, 725, 726, -1,
                        656, 726, 721, -1,
                        656, 720, 722, -1,
                        657, 727, 658, -1,
                        657, 721, 727, -1,
                        658, 727, 728, -1,
                        658, 728, 664, -1,
                        658, 664, 729, -1,
                        658, 729, 660, -1,
                        658, 660, 659, -1,
                        660, 729, 662, -1,
                        660, 662, 661, -1,
                        662, 729, 663, -1,
                        663, 729, 664, -1,
                        664, 728, 730, -1,
                        664, 730, 731, -1,
                        664, 731, 666, -1,
                        665, 666, 670, -1,
                        666, 731, 732, -1,
                        666, 732, 670, -1,
                        667, 675, 676, -1,
                        667, 669, 733, -1,
                        667, 733, 734, -1,
                        667, 734, 675, -1,
                        668, 735, 733, -1,
                        668, 733, 669, -1,
                        668, 674, 736, -1,
                        668, 736, 735, -1,
                        670, 732, 671, -1,
                        671, 737, 673, -1,
                        671, 673, 672, -1,
                        671, 732, 738, -1,
                        671, 738, 739, -1,
                        671, 739, 737, -1,
                        673, 740, 736, -1,
                        673, 736, 674, -1,
                        673, 737, 741, -1,
                        673, 741, 740, -1,
                        675, 742, 684, -1,
                        675, 734, 743, -1,
                        675, 743, 742, -1,
                        677, 690, 678, -1,
                        678, 744, 691, -1,
                        678, 691, 679, -1,
                        678, 690, 745, -1,
                        678, 745, 746, -1,
                        678, 746, 747, -1,
                        678, 747, 744, -1,
                        679, 691, 681, -1,
                        679, 681, 680, -1,
                        684, 742, 685, -1,
                        685, 742, 748, -1,
                        685, 748, 749, -1,
                        685, 749, 689, -1,
                        685, 689, 686, -1,
                        686, 689, 687, -1,
                        688, 689, 745, -1,
                        688, 745, 690, -1,
                        689, 749, 745, -1,
                        691, 744, 692, -1,
                        692, 744, 693, -1,
                        693, 750, 751, -1,
                        693, 751, 694, -1,
                        693, 744, 750, -1,
                        694, 751, 752, -1,
                        694, 752, 753, -1,
                        694, 753, 695, -1,
                        695, 753, 754, -1,
                        695, 754, 696, -1,
                        696, 754, 697, -1,
                        697, 754, 755, -1,
                        697, 755, 756, -1,
                        697, 756, 698, -1,
                        698, 756, 757, -1,
                        698, 757, 699, -1,
                        699, 757, 758, -1,
                        699, 758, 759, -1,
                        699, 759, 760, -1,
                        699, 760, 700, -1,
                        700, 760, 701, -1,
                        701, 760, 761, -1,
                        701, 761, 702, -1,
                        702, 761, 762, -1,
                        702, 762, 703, -1,
                        703, 762, 704, -1,
                        704, 762, 761, -1,
                        704, 761, 705, -1,
                        705, 761, 763, -1,
                        705, 763, 706, -1,
                        706, 763, 764, -1,
                        706, 764, 765, -1,
                        706, 765, 707, -1,
                        707, 765, 708, -1,
                        708, 765, 766, -1,
                        708, 766, 767, -1,
                        708, 767, 714, -1,
                        709, 768, 769, -1,
                        709, 769, 770, -1,
                        709, 770, 710, -1,
                        709, 716, 771, -1,
                        709, 771, 772, -1,
                        709, 772, 773, -1,
                        709, 773, 768, -1,
                        710, 770, 711, -1,
                        711, 770, 712, -1,
                        712, 770, 774, -1,
                        712, 774, 713, -1,
                        714, 767, 775, -1,
                        714, 775, 715, -1,
                        715, 775, 716, -1,
                        716, 775, 771, -1,
                        717, 776, 718, -1,
                        717, 777, 776, -1,
                        718, 776, 719, -1,
                        719, 776, 720, -1,
                        720, 776, 778, -1,
                        720, 778, 779, -1,
                        720, 779, 723, -1,
                        720, 723, 780, -1,
                        720, 780, 722, -1,
                        721, 726, 727, -1,
                        722, 780, 723, -1,
                        723, 781, 782, -1,
                        723, 782, 724, -1,
                        723, 779, 783, -1,
                        723, 783, 784, -1,
                        723, 784, 785, -1,
                        723, 785, 781, -1,
                        724, 782, 725, -1,
                        725, 782, 786, -1,
                        725, 786, 787, -1,
                        725, 787, 788, -1,
                        725, 788, 789, -1,
                        725, 789, 790, -1,
                        725, 790, 791, -1,
                        725, 791, 792, -1,
                        725, 792, 726, -1,
                        726, 792, 793, -1,
                        726, 793, 727, -1,
                        727, 793, 728, -1,
                        728, 793, 730, -1,
                        730, 794, 731, -1,
                        730, 793, 794, -1,
                        731, 794, 732, -1,
                        732, 794, 792, -1,
                        732, 792, 795, -1,
                        732, 795, 796, -1,
                        732, 796, 738, -1,
                        733, 797, 734, -1,
                        733, 735, 800, -1,
                        733, 800, 797, -1,
                        734, 797, 798, -1,
                        734, 798, 799, -1,
                        734, 799, 743, -1,
                        735, 736, 801, -1,
                        735, 801, 800, -1,
                        736, 740, 807, -1,
                        736, 807, 801, -1,
                        737, 739, 805, -1,
                        737, 805, 802, -1,
                        737, 802, 741, -1,
                        738, 803, 739, -1,
                        738, 796, 803, -1,
                        739, 803, 804, -1,
                        739, 804, 805, -1,
                        740, 741, 806, -1,
                        740, 806, 807, -1,
                        741, 802, 808, -1,
                        741, 808, 806, -1,
                        742, 743, 799, -1,
                        742, 799, 809, -1,
                        742, 809, 748, -1,
                        744, 747, 750, -1,
                        745, 810, 747, -1,
                        745, 747, 746, -1,
                        745, 749, 810, -1,
                        747, 810, 811, -1,
                        747, 811, 750, -1,
                        748, 809, 812, -1,
                        748, 812, 811, -1,
                        748, 811, 749, -1,
                        749, 811, 810, -1,
                        750, 811, 751, -1,
                        751, 811, 812, -1,
                        751, 812, 752, -1,
                        752, 812, 813, -1,
                        752, 813, 814, -1,
                        752, 814, 753, -1,
                        753, 814, 754, -1,
                        754, 814, 815, -1,
                        754, 815, 755, -1,
                        755, 815, 871, -1,
                        755, 871, 816, -1,
                        755, 816, 756, -1,
                        756, 816, 817, -1,
                        756, 817, 757, -1,
                        757, 817, 759, -1,
                        757, 759, 758, -1,
                        759, 818, 819, -1,
                        759, 819, 820, -1,
                        759, 820, 760, -1,
                        759, 817, 821, -1,
                        759, 821, 818, -1,
                        760, 820, 822, -1,
                        760, 822, 761, -1,
                        761, 822, 763, -1,
                        763, 820, 823, -1,
                        763, 823, 764, -1,
                        763, 822, 820, -1,
                        764, 823, 824, -1,
                        764, 824, 765, -1,
                        765, 824, 766, -1,
                        766, 824, 825, -1,
                        766, 825, 826, -1,
                        766, 826, 767, -1,
                        767, 826, 827, -1,
                        767, 827, 775, -1,
                        768, 828, 769, -1,
                        768, 773, 829, -1,
                        768, 829, 828, -1,
                        769, 828, 770, -1,
                        770, 830, 831, -1,
                        770, 831, 832, -1,
                        770, 832, 774, -1,
                        770, 828, 833, -1,
                        770, 833, 830, -1,
                        771, 775, 827, -1,
                        771, 827, 826, -1,
                        771, 826, 772, -1,
                        772, 834, 835, -1,
                        772, 835, 773, -1,
                        772, 826, 836, -1,
                        772, 836, 834, -1,
                        773, 835, 837, -1,
                        773, 837, 829, -1,
                        774, 832, 838, -1,
                        776, 777, 839, -1,
                        776, 839, 778, -1,
                        777, 840, 839, -1,
                        778, 839, 779, -1,
                        779, 839, 841, -1,
                        779, 841, 842, -1,
                        779, 842, 843, -1,
                        779, 843, 783, -1,
                        781, 785, 844, -1,
                        781, 844, 782, -1,
                        782, 844, 786, -1,
                        783, 843, 784, -1,
                        784, 843, 845, -1,
                        784, 845, 846, -1,
                        784, 846, 785, -1,
                        785, 846, 844, -1,
                        786, 844, 847, -1,
                        786, 847, 848, -1,
                        786, 848, 849, -1,
                        786, 849, 787, -1,
                        787, 850, 789, -1,
                        787, 789, 788, -1,
                        787, 849, 850, -1,
                        789, 850, 851, -1,
                        789, 851, 852, -1,
                        789, 852, 853, -1,
                        789, 853, 854, -1,
                        789, 854, 790, -1,
                        790, 854, 791, -1,
                        791, 854, 795, -1,
                        791, 795, 792, -1,
                        792, 794, 793, -1,
                        795, 854, 796, -1,
                        796, 855, 856, -1,
                        796, 856, 803, -1,
                        796, 854, 857, -1,
                        796, 857, 858, -1,
                        796, 858, 855, -1,
                        797, 859, 860, -1,
                        797, 860, 798, -1,
                        797, 800, 861, -1,
                        797, 861, 862, -1,
                        797, 862, 859, -1,
                        798, 860, 863, -1,
                        798, 863, 799, -1,
                        799, 863, 813, -1,
                        799, 813, 809, -1,
                        800, 801, 861, -1,
                        801, 807, 864, -1,
                        801, 864, 865, -1,
                        801, 865, 861, -1,
                        802, 805, 808, -1,
                        803, 856, 804, -1,
                        804, 866, 808, -1,
                        804, 808, 805, -1,
                        804, 856, 855, -1,
                        804, 855, 867, -1,
                        804, 867, 868, -1,
                        804, 868, 866, -1,
                        806, 864, 807, -1,
                        806, 808, 870, -1,
                        806, 870, 864, -1,
                        808, 866, 869, -1,
                        808, 869, 870, -1,
                        809, 813, 812, -1,
                        813, 863, 814, -1,
                        814, 863, 815, -1,
                        815, 863, 860, -1,
                        815, 860, 871, -1,
                        816, 871, 872, -1,
                        816, 872, 873, -1,
                        816, 873, 817, -1,
                        817, 873, 821, -1,
                        818, 874, 875, -1,
                        818, 875, 876, -1,
                        818, 876, 877, -1,
                        818, 877, 819, -1,
                        818, 821, 873, -1,
                        818, 873, 878, -1,
                        818, 878, 874, -1,
                        819, 877, 879, -1,
                        819, 879, 880, -1,
                        819, 880, 834, -1,
                        819, 834, 836, -1,
                        819, 836, 820, -1,
                        820, 836, 826, -1,
                        820, 826, 823, -1,
                        823, 826, 825, -1,
                        823, 825, 824, -1,
                        828, 829, 837, -1,
                        828, 837, 881, -1,
                        828, 881, 833, -1,
                        830, 882, 831, -1,
                        830, 833, 882, -1,
                        831, 883, 832, -1,
                        831, 882, 883, -1,
                        832, 883, 838, -1,
                        833, 881, 884, -1,
                        833, 884, 885, -1,
                        833, 885, 886, -1,
                        833, 886, 887, -1,
                        833, 887, 888, -1,
                        833, 888, 882, -1,
                        834, 880, 889, -1,
                        834, 889, 890, -1,
                        834, 890, 837, -1,
                        834, 837, 835, -1,
                        837, 891, 892, -1,
                        837, 892, 881, -1,
                        837, 890, 893, -1,
                        837, 893, 891, -1,
                        839, 840, 894, -1,
                        839, 894, 841, -1,
                        841, 894, 842, -1,
                        842, 894, 895, -1,
                        842, 895, 896, -1,
                        842, 896, 897, -1,
                        842, 897, 898, -1,
                        842, 898, 899, -1,
                        842, 899, 900, -1,
                        842, 900, 845, -1,
                        842, 845, 843, -1,
                        844, 846, 847, -1,
                        845, 900, 901, -1,
                        845, 901, 846, -1,
                        846, 902, 903, -1,
                        846, 903, 847, -1,
                        846, 901, 904, -1,
                        846, 904, 905, -1,
                        846, 905, 902, -1,
                        847, 903, 848, -1,
                        848, 903, 849, -1,
                        849, 903, 851, -1,
                        849, 851, 906, -1,
                        849, 906, 850, -1,
                        850, 906, 851, -1,
                        851, 903, 907, -1,
                        851, 907, 908, -1,
                        851, 908, 909, -1,
                        851, 909, 852, -1,
                        852, 910, 911, -1,
                        852, 911, 853, -1,
                        852, 909, 910, -1,
                        853, 911, 912, -1,
                        853, 912, 857, -1,
                        853, 857, 854, -1,
                        855, 858, 913, -1,
                        855, 913, 867, -1,
                        857, 914, 913, -1,
                        857, 913, 858, -1,
                        857, 912, 915, -1,
                        857, 915, 914, -1,
                        859, 872, 871, -1,
                        859, 871, 860, -1,
                        859, 862, 919, -1,
                        859, 919, 872, -1,
                        861, 916, 919, -1,
                        861, 919, 862, -1,
                        861, 865, 921, -1,
                        861, 921, 917, -1,
                        861, 917, 918, -1,
                        861, 918, 916, -1,
                        864, 870, 920, -1,
                        864, 920, 921, -1,
                        864, 921, 865, -1,
                        866, 922, 869, -1,
                        866, 868, 922, -1,
                        867, 913, 868, -1,
                        868, 913, 923, -1,
                        868, 923, 966, -1,
                        868, 966, 924, -1,
                        868, 924, 925, -1,
                        868, 925, 922, -1,
                        869, 920, 870, -1,
                        869, 922, 926, -1,
                        869, 926, 920, -1,
                        872, 919, 878, -1,
                        872, 878, 873, -1,
                        874, 918, 917, -1,
                        874, 917, 921, -1,
                        874, 921, 920, -1,
                        874, 920, 926, -1,
                        874, 926, 875, -1,
                        874, 878, 919, -1,
                        874, 919, 916, -1,
                        874, 916, 918, -1,
                        875, 926, 876, -1,
                        876, 926, 927, -1,
                        876, 927, 928, -1,
                        876, 928, 929, -1,
                        876, 929, 930, -1,
                        876, 930, 877, -1,
                        877, 930, 931, -1,
                        877, 931, 932, -1,
                        877, 932, 879, -1,
                        879, 932, 933, -1,
                        879, 933, 880, -1,
                        880, 933, 889, -1,
                        881, 892, 934, -1,
                        881, 934, 884, -1,
                        882, 888, 935, -1,
                        882, 935, 883, -1,
                        883, 935, 936, -1,
                        884, 934, 885, -1,
                        885, 934, 886, -1,
                        886, 937, 938, -1,
                        886, 938, 939, -1,
                        886, 939, 940, -1,
                        886, 940, 941, -1,
                        886, 941, 888, -1,
                        886, 888, 887, -1,
                        886, 934, 937, -1,
                        888, 941, 942, -1,
                        888, 942, 943, -1,
                        888, 943, 944, -1,
                        888, 944, 936, -1,
                        888, 936, 935, -1,
                        889, 945, 890, -1,
                        889, 933, 945, -1,
                        890, 945, 946, -1,
                        890, 946, 947, -1,
                        890, 947, 893, -1,
                        891, 948, 934, -1,
                        891, 934, 892, -1,
                        891, 893, 948, -1,
                        893, 947, 948, -1,
                        894, 949, 895, -1,
                        895, 949, 896, -1,
                        896, 949, 950, -1,
                        896, 950, 951, -1,
                        896, 951, 952, -1,
                        896, 952, 898, -1,
                        896, 898, 897, -1,
                        898, 953, 899, -1,
                        898, 952, 953, -1,
                        899, 953, 901, -1,
                        899, 901, 900, -1,
                        901, 953, 954, -1,
                        901, 954, 904, -1,
                        902, 905, 903, -1,
                        903, 955, 907, -1,
                        903, 905, 956, -1,
                        903, 956, 955, -1,
                        904, 954, 905, -1,
                        905, 954, 956, -1,
                        907, 955, 957, -1,
                        907, 957, 909, -1,
                        907, 909, 908, -1,
                        909, 957, 958, -1,
                        909, 958, 959, -1,
                        909, 959, 960, -1,
                        909, 960, 911, -1,
                        909, 911, 910, -1,
                        911, 960, 961, -1,
                        911, 961, 912, -1,
                        912, 962, 915, -1,
                        912, 961, 962, -1,
                        913, 914, 963, -1,
                        913, 963, 964, -1,
                        913, 964, 923, -1,
                        914, 915, 963, -1,
                        915, 962, 963, -1,
                        922, 925, 926, -1,
                        923, 964, 965, -1,
                        923, 965, 966, -1,
                        924, 966, 927, -1,
                        924, 927, 926, -1,
                        924, 926, 925, -1,
                        927, 966, 928, -1,
                        928, 966, 929, -1,
                        929, 966, 965, -1,
                        929, 965, 967, -1,
                        929, 967, 930, -1,
                        930, 967, 931, -1,
                        931, 967, 932, -1,
                        932, 967, 933, -1,
                        933, 967, 968, -1,
                        933, 968, 969, -1,
                        933, 969, 945, -1,
                        934, 970, 971, -1,
                        934, 971, 937, -1,
                        934, 948, 972, -1,
                        934, 972, 970, -1,
                        936, 944, 973, -1,
                        937, 971, 974, -1,
                        937, 974, 975, -1,
                        937, 975, 938, -1,
                        938, 975, 976, -1,
                        938, 976, 939, -1,
                        939, 976, 977, -1,
                        939, 977, 940, -1,
                        940, 977, 979, -1,
                        940, 979, 978, -1,
                        940, 978, 941, -1,
                        941, 978, 942, -1,
                        942, 978, 979, -1,
                        942, 979, 980, -1,
                        942, 980, 981, -1,
                        942, 981, 943, -1,
                        943, 982, 983, -1,
                        943, 983, 984, -1,
                        943, 984, 944, -1,
                        943, 981, 985, -1,
                        943, 985, 982, -1,
                        944, 984, 986, -1,
                        944, 986, 973, -1,
                        945, 969, 946, -1,
                        946, 969, 987, -1,
                        946, 987, 947, -1,
                        947, 987, 988, -1,
                        947, 988, 989, -1,
                        947, 989, 948, -1,
                        948, 989, 990, -1,
                        948, 990, 972, -1,
                        951, 991, 992, -1,
                        951, 992, 952, -1,
                        952, 992, 993, -1,
                        952, 993, 994, -1,
                        952, 994, 953, -1,
                        953, 994, 995, -1,
                        953, 995, 996, -1,
                        953, 996, 997, -1,
                        953, 997, 954, -1,
                        954, 997, 998, -1,
                        954, 998, 999, -1,
                        954, 999, 1000, -1,
                        954, 1000, 1001, -1,
                        954, 1001, 956, -1,
                        955, 956, 1002, -1,
                        955, 1002, 1003, -1,
                        955, 1003, 957, -1,
                        956, 1001, 1003, -1,
                        956, 1003, 1002, -1,
                        957, 1003, 1004, -1,
                        957, 1004, 1005, -1,
                        957, 1005, 1006, -1,
                        957, 1006, 1007, -1,
                        957, 1007, 958, -1,
                        958, 1007, 1008, -1,
                        958, 1008, 1009, -1,
                        958, 1009, 959, -1,
                        959, 1009, 960, -1,
                        960, 1010, 961, -1,
                        960, 1009, 1010, -1,
                        961, 1011, 962, -1,
                        961, 1010, 1011, -1,
                        962, 1011, 963, -1,
                        963, 1011, 1012, -1,
                        963, 1012, 1013, -1,
                        963, 1013, 964, -1,
                        964, 1013, 965, -1,
                        965, 1013, 967, -1,
                        967, 1013, 968, -1,
                        968, 1013, 969, -1,
                        969, 1011, 987, -1,
                        969, 1013, 1012, -1,
                        969, 1012, 1011, -1,
                        970, 972, 990, -1,
                        970, 990, 1014, -1,
                        970, 1014, 1015, -1,
                        970, 1015, 971, -1,
                        971, 1015, 974, -1,
                        973, 986, 1016, -1,
                        974, 1015, 1017, -1,
                        974, 1017, 1018, -1,
                        974, 1018, 975, -1,
                        975, 1018, 1019, -1,
                        975, 1019, 976, -1,
                        976, 1019, 977, -1,
                        977, 1020, 979, -1,
                        977, 1019, 1020, -1,
                        979, 1020, 1021, -1,
                        979, 1021, 980, -1,
                        980, 1021, 1022, -1,
                        980, 1022, 1023, -1,
                        980, 1023, 985, -1,
                        980, 985, 981, -1,
                        982, 1023, 983, -1,
                        982, 985, 1023, -1,
                        983, 1024, 984, -1,
                        983, 1023, 1025, -1,
                        983, 1025, 1024, -1,
                        984, 1024, 986, -1,
                        986, 1026, 1016, -1,
                        986, 1024, 1027, -1,
                        986, 1027, 1026, -1,
                        987, 1011, 1010, -1,
                        987, 1010, 988, -1,
                        988, 1010, 1009, -1,
                        988, 1009, 1008, -1,
                        988, 1008, 989, -1,
                        989, 1008, 1028, -1,
                        989, 1028, 990, -1,
                        990, 1028, 1029, -1,
                        990, 1029, 1014, -1,
                        991, 1030, 1031, -1,
                        991, 1031, 993, -1,
                        991, 993, 992, -1,
                        993, 1032, 1033, -1,
                        993, 1033, 996, -1,
                        993, 996, 995, -1,
                        993, 995, 994, -1,
                        993, 1031, 1034, -1,
                        993, 1034, 1032, -1,
                        996, 1035, 1036, -1,
                        996, 1036, 1037, -1,
                        996, 1037, 999, -1,
                        996, 999, 998, -1,
                        996, 998, 997, -1,
                        996, 1033, 1035, -1,
                        999, 1038, 1039, -1,
                        999, 1039, 1003, -1,
                        999, 1003, 1000, -1,
                        999, 1037, 1040, -1,
                        999, 1040, 1038, -1,
                        1000, 1003, 1001, -1,
                        1003, 1039, 1041, -1,
                        1003, 1041, 1004, -1,
                        1004, 1041, 1017, -1,
                        1004, 1017, 1006, -1,
                        1004, 1006, 1005, -1,
                        1006, 1017, 1042, -1,
                        1006, 1042, 1029, -1,
                        1006, 1029, 1028, -1,
                        1006, 1028, 1008, -1,
                        1006, 1008, 1007, -1,
                        1014, 1029, 1015, -1,
                        1015, 1029, 1042, -1,
                        1015, 1042, 1017, -1,
                        1016, 1026, 1043, -1,
                        1016, 1043, 1044, -1,
                        1017, 1041, 1018, -1,
                        1018, 1041, 1039, -1,
                        1018, 1039, 1019, -1,
                        1019, 1039, 1038, -1,
                        1019, 1038, 1020, -1,
                        1020, 1038, 1040, -1,
                        1020, 1040, 1037, -1,
                        1020, 1037, 1021, -1,
                        1021, 1037, 1036, -1,
                        1021, 1036, 1022, -1,
                        1022, 1036, 1035, -1,
                        1022, 1035, 1045, -1,
                        1022, 1045, 1023, -1,
                        1023, 1045, 1025, -1,
                        1024, 1025, 1046, -1,
                        1024, 1046, 1047, -1,
                        1024, 1047, 1048, -1,
                        1024, 1048, 1027, -1,
                        1025, 1045, 1046, -1,
                        1026, 1027, 1048, -1,
                        1026, 1048, 1049, -1,
                        1026, 1049, 1043, -1,
                        1030, 1050, 1031, -1,
                        1031, 1050, 1051, -1,
                        1031, 1051, 1049, -1,
                        1031, 1049, 1034, -1,
                        1032, 1034, 1048, -1,
                        1032, 1048, 1047, -1,
                        1032, 1047, 1033, -1,
                        1033, 1047, 1046, -1,
                        1033, 1046, 1035, -1,
                        1034, 1049, 1048, -1,
                        1035, 1046, 1045, -1,
                        1043, 1051, 1044, -1,
                        1043, 1049, 1051, -1,
                ]
            }
        }
    ]
}
