#VRML V2.0 utf8

# Vertices: 1383
# Triangles: 2762

Group {
    children [
        Shape {
            appearance Appearance {
                material Material {
                    diffuseColor 0.830000 0.860000 0.770000
                    ambientIntensity 0.400000
                    specularColor 0.500000 0.500000 0.500000
                    emissiveColor 0.000000 0.000000 0.000000
                    shininess 0.400000
                    transparency 0.500000
                }
            }
            geometry IndexedFaceSet {
                ccw TRUE
                solid TRUE
                convex TRUE
                coord DEF co Coordinate {
                    point [
                        -0.036330 -0.605001 -0.169224,
                        -0.138432 -0.590426 -0.167899,
                        -0.007178 -0.605001 -0.169224,
                        -0.123786 -0.619589 -0.165381,
                        -0.561206 -0.619589 -0.165348,
                        -0.561206 -0.605001 -0.169125,
                        -0.546561 -0.590426 -0.167601,
                        -0.123786 -0.578297 -0.163227,
                        -0.109280 -0.578283 -0.163227,
                        -0.094634 -0.578270 -0.163227,
                        0.080139 -0.590426 -0.167899,
                        0.590370 -0.605001 -0.169125,
                        0.575724 -0.619589 -0.165348,
                        0.094645 -0.619589 -0.165381,
                        -0.502902 -0.627912 -0.161207,
                        -0.575852 -0.627885 -0.161173,
                        -0.575852 -0.619589 -0.165315,
                        -0.575852 -0.605001 -0.169091,
                        -0.575852 -0.590426 -0.167534,
                        -0.561206 -0.579125 -0.162962,
                        -0.123786 -0.571003 -0.158556,
                        -0.094634 -0.570976 -0.158589,
                        0.050987 -0.578270 -0.163227,
                        0.080139 -0.578297 -0.163227,
                        0.619522 -0.590426 -0.167601,
                        0.604876 -0.605001 -0.169091,
                        0.590370 -0.619589 -0.165315,
                        0.590370 -0.627898 -0.161173,
                        0.517420 -0.627912 -0.161207,
                        -0.532054 -0.635085 -0.153057,
                        -0.546561 -0.627912 -0.161173,
                        -0.561206 -0.635059 -0.153057,
                        -0.575852 -0.635032 -0.153057,
                        -0.590359 -0.627831 -0.161140,
                        -0.590359 -0.619589 -0.165215,
                        -0.590359 -0.605001 -0.168992,
                        -0.590359 -0.590426 -0.167468,
                        -0.575852 -0.579165 -0.162929,
                        -0.590359 -0.579232 -0.162896,
                        -0.575852 -0.571871 -0.157463,
                        -0.138432 -0.571029 -0.158523,
                        -0.123786 -0.563482 -0.151268,
                        -0.094634 -0.563441 -0.151301,
                        0.050987 -0.570976 -0.158589,
                        0.634168 -0.579071 -0.162996,
                        0.648674 -0.579071 -0.162962,
                        0.634168 -0.590426 -0.167534,
                        0.604876 -0.619589 -0.165282,
                        0.619522 -0.605001 -0.169025,
                        0.604876 -0.627858 -0.161140,
                        0.590370 -0.635032 -0.153057,
                        0.575724 -0.635072 -0.153057,
                        0.575724 -0.627912 -0.161173,
                        0.546572 -0.635085 -0.153057,
                        -0.532054 -0.641337 -0.145536,
                        -0.561206 -0.641324 -0.145536,
                        -0.575852 -0.641311 -0.145503,
                        -0.590359 -0.634925 -0.153057,
                        -0.605004 -0.627711 -0.161041,
                        -0.605004 -0.619589 -0.165016,
                        -0.605004 -0.605001 -0.168826,
                        -0.605004 -0.590426 -0.167269,
                        -0.605004 -0.579405 -0.162797,
                        -0.590359 -0.571951 -0.157397,
                        -0.590359 -0.565285 -0.150108,
                        -0.575852 -0.565232 -0.150174,
                        -0.138432 -0.563535 -0.151235,
                        -0.065482 -0.519290 -0.101408,
                        -0.057950 -0.519290 -0.101441,
                        -0.043304 -0.519290 -0.101474,
                        0.050987 -0.563441 -0.151301,
                        0.080139 -0.571003 -0.158556,
                        0.648674 -0.571791 -0.157430,
                        0.663320 -0.571844 -0.157330,
                        0.663320 -0.579138 -0.162863,
                        0.634168 -0.605001 -0.168893,
                        0.648674 -0.590426 -0.167402,
                        0.619522 -0.619589 -0.165182,
                        0.619522 -0.627778 -0.161074,
                        0.604876 -0.634952 -0.153057,
                        0.575724 -0.641324 -0.145536,
                        0.546572 -0.641337 -0.145536,
                        -0.532054 -0.644637 -0.138248,
                        -0.561206 -0.644624 -0.138248,
                        -0.575852 -0.644597 -0.138215,
                        -0.590359 -0.641257 -0.145404,
                        -0.605004 -0.634711 -0.153057,
                        -0.619511 -0.627498 -0.160842,
                        -0.619511 -0.619589 -0.164652,
                        -0.619511 -0.605001 -0.168429,
                        -0.619511 -0.590426 -0.166872,
                        -0.619511 -0.579726 -0.162598,
                        -0.605004 -0.572111 -0.157264,
                        -0.605004 -0.565392 -0.149943,
                        -0.094634 -0.519290 -0.101043,
                        -0.080128 -0.519290 -0.101275,
                        0.044013 -0.519290 -0.101474,
                        0.080139 -0.563482 -0.151268,
                        0.619522 -0.565232 -0.150208,
                        0.634168 -0.565285 -0.150174,
                        0.648674 -0.565365 -0.150141,
                        0.094645 -0.563522 -0.151235,
                        0.663320 -0.565525 -0.150042,
                        0.677826 -0.572098 -0.157065,
                        0.677826 -0.579392 -0.162565,
                        0.648674 -0.605001 -0.168528,
                        0.634168 -0.619589 -0.164950,
                        0.663320 -0.590426 -0.167004,
                        0.634168 -0.627604 -0.160942,
                        0.619522 -0.634778 -0.153057,
                        0.604876 -0.641257 -0.145404,
                        0.590370 -0.641297 -0.145470,
                        0.575724 -0.644624 -0.138248,
                        0.546572 -0.644637 -0.138248,
                        -0.546561 -0.649526 -0.123903,
                        -0.561206 -0.649500 -0.123903,
                        -0.575852 -0.649460 -0.123903,
                        -0.590359 -0.644544 -0.138115,
                        -0.605004 -0.641150 -0.145205,
                        -0.619511 -0.634257 -0.153057,
                        -0.630111 -0.627190 -0.160610,
                        -0.634575 -0.620898 -0.163261,
                        -0.634156 -0.605001 -0.167700,
                        -0.634156 -0.590426 -0.166110,
                        -0.634156 -0.580354 -0.162167,
                        -0.619511 -0.572432 -0.156966,
                        -0.619511 -0.565619 -0.149677,
                        -0.109280 -0.519290 -0.100646,
                        -0.102724 -0.519290 -0.100844,
                        0.058519 -0.519290 -0.101408,
                        0.065493 -0.519290 -0.101374,
                        0.072886 -0.519290 -0.101308,
                        0.080139 -0.519290 -0.101209,
                        0.086974 -0.519290 -0.101076,
                        0.677826 -0.565886 -0.149777,
                        0.094645 -0.519290 -0.100878,
                        0.109291 -0.519290 -0.100215,
                        0.692472 -0.566634 -0.148949,
                        0.692472 -0.573113 -0.156237,
                        0.692472 -0.580407 -0.161803,
                        0.677826 -0.590426 -0.166077,
                        0.663320 -0.605001 -0.167833,
                        0.648674 -0.619589 -0.164420,
                        0.648674 -0.627257 -0.160677,
                        0.634168 -0.634431 -0.153057,
                        0.619522 -0.641177 -0.145238,
                        0.604876 -0.644557 -0.138115,
                        0.590370 -0.644597 -0.138181,
                        0.590370 -0.649460 -0.123903,
                        0.575724 -0.649500 -0.123903,
                        0.561218 -0.649513 -0.123903,
                        0.546572 -0.649526 -0.123903,
                        -0.532054 -0.652238 -0.109326,
                        -0.561206 -0.652212 -0.109326,
                        -0.575852 -0.652145 -0.109326,
                        -0.590359 -0.649353 -0.123903,
                        -0.605004 -0.644437 -0.137916,
                        -0.619511 -0.640923 -0.144741,
                        -0.634575 -0.632080 -0.154415,
                        -0.639736 -0.626629 -0.160180,
                        -0.648663 -0.618173 -0.163029,
                        -0.648663 -0.605001 -0.166275,
                        -0.648663 -0.590426 -0.164685,
                        -0.648663 -0.581556 -0.161405,
                        -0.634156 -0.573060 -0.156370,
                        -0.634156 -0.566087 -0.149081,
                        -0.619511 -0.559434 -0.138480,
                        -0.123786 -0.519290 -0.099851,
                        -0.118486 -0.519290 -0.100149,
                        0.663320 -0.559674 -0.138480,
                        0.677826 -0.560756 -0.138480,
                        0.112220 -0.519290 -0.099983,
                        0.692472 -0.562987 -0.138480,
                        0.701538 -0.567636 -0.147491,
                        0.700980 -0.581863 -0.160942,
                        0.692472 -0.590426 -0.163824,
                        0.677826 -0.605001 -0.166309,
                        0.662204 -0.620537 -0.163062,
                        0.677826 -0.617158 -0.162797,
                        0.656624 -0.626976 -0.160411,
                        0.648674 -0.633763 -0.153057,
                        0.634168 -0.640977 -0.144874,
                        0.619522 -0.644477 -0.137950,
                        0.604876 -0.649366 -0.123903,
                        0.590370 -0.652158 -0.109326,
                        0.575724 -0.652212 -0.109326,
                        0.561218 -0.652225 -0.109326,
                        0.546572 -0.652238 -0.109326,
                        -0.532054 -0.653868 -0.094749,
                        -0.546561 -0.653855 -0.094749,
                        -0.561206 -0.653828 -0.094749,
                        -0.575852 -0.653761 -0.094749,
                        -0.590359 -0.652038 -0.109326,
                        -0.605004 -0.649099 -0.123903,
                        -0.619511 -0.644183 -0.137453,
                        -0.634156 -0.643715 -0.136459,
                        -0.634156 -0.640442 -0.143747,
                        -0.648663 -0.632280 -0.152162,
                        -0.648663 -0.625454 -0.159484,
                        -0.663308 -0.614980 -0.161538,
                        -0.663308 -0.605001 -0.163459,
                        -0.671817 -0.595449 -0.161008,
                        -0.662751 -0.590520 -0.162101,
                        -0.657450 -0.582598 -0.160710,
                        -0.648663 -0.574262 -0.155276,
                        -0.648663 -0.566901 -0.147988,
                        -0.634156 -0.560356 -0.138480,
                        -0.619511 -0.555105 -0.126454,
                        -0.137595 -0.519290 -0.098658,
                        0.648674 -0.555065 -0.126387,
                        0.122960 -0.519290 -0.099055,
                        0.124355 -0.519290 -0.098923,
                        0.138443 -0.519290 -0.096769,
                        0.677826 -0.557069 -0.123903,
                        0.663599 -0.555239 -0.123141,
                        0.692472 -0.560476 -0.123903,
                        0.703351 -0.566527 -0.138480,
                        0.710605 -0.572298 -0.138480,
                        0.715208 -0.581236 -0.147458,
                        0.706141 -0.576694 -0.152328,
                        0.708791 -0.590426 -0.155475,
                        0.701399 -0.590426 -0.161306,
                        0.693030 -0.605255 -0.162697,
                        0.700841 -0.600553 -0.161008,
                        0.688706 -0.614753 -0.161571,
                        0.666388 -0.626041 -0.159815,
                        0.677826 -0.624452 -0.158722,
                        0.662204 -0.631612 -0.154183,
                        0.648674 -0.640656 -0.144178,
                        0.634168 -0.644276 -0.137585,
                        0.619522 -0.649192 -0.123903,
                        0.604876 -0.652051 -0.109326,
                        0.590370 -0.653788 -0.094749,
                        0.575724 -0.653828 -0.094749,
                        0.561218 -0.653855 -0.094749,
                        0.546572 -0.653868 -0.094749,
                        -0.532054 -0.654817 -0.080172,
                        -0.546561 -0.654803 -0.080172,
                        -0.561206 -0.654776 -0.080172,
                        -0.575852 -0.654696 -0.080172,
                        -0.590359 -0.653641 -0.094749,
                        -0.605004 -0.651771 -0.109326,
                        -0.619511 -0.648565 -0.123903,
                        -0.634156 -0.647616 -0.123903,
                        -0.648663 -0.642807 -0.134438,
                        -0.648663 -0.639574 -0.141726,
                        -0.663308 -0.630517 -0.150208,
                        -0.663308 -0.622261 -0.157529,
                        -0.670841 -0.612642 -0.160511,
                        -0.671677 -0.605001 -0.160942,
                        -0.679070 -0.605001 -0.156237,
                        -0.686742 -0.590426 -0.147756,
                        -0.677117 -0.590520 -0.155508,
                        -0.667214 -0.585738 -0.159384,
                        -0.662890 -0.576026 -0.153090,
                        -0.658566 -0.567796 -0.146795,
                        -0.648663 -0.562106 -0.138480,
                        -0.634435 -0.555346 -0.123174,
                        -0.629832 -0.553730 -0.117807,
                        -0.152938 -0.519290 -0.096041,
                        0.648674 -0.553436 -0.119099,
                        0.658856 -0.553743 -0.117774,
                        0.140814 -0.519290 -0.096306,
                        0.153228 -0.519290 -0.093158,
                        0.668620 -0.554157 -0.114792,
                        0.677268 -0.555132 -0.109690,
                        0.692472 -0.559273 -0.109326,
                        0.704328 -0.565646 -0.123903,
                        0.711581 -0.571390 -0.123903,
                        0.716184 -0.579579 -0.138480,
                        0.721205 -0.590426 -0.123903,
                        0.718834 -0.590426 -0.138480,
                        0.715765 -0.590426 -0.148187,
                        0.715068 -0.605001 -0.146994,
                        0.698330 -0.610264 -0.159782,
                        0.706141 -0.605255 -0.155144,
                        0.693030 -0.619602 -0.156734,
                        0.677826 -0.631532 -0.151433,
                        0.692472 -0.629461 -0.148949,
                        0.663320 -0.640028 -0.142853,
                        0.663320 -0.643314 -0.135564,
                        0.648674 -0.643929 -0.136889,
                        0.634168 -0.648792 -0.123903,
                        0.619522 -0.651864 -0.109326,
                        0.604876 -0.653668 -0.094749,
                        0.590370 -0.654736 -0.080172,
                        0.575724 -0.654776 -0.080172,
                        0.561218 -0.654803 -0.080172,
                        0.546572 -0.654817 -0.080172,
                        -0.517409 -0.655297 -0.065594,
                        -0.532054 -0.655284 -0.065594,
                        -0.546561 -0.655271 -0.065594,
                        -0.561206 -0.655244 -0.065594,
                        -0.575852 -0.655164 -0.065594,
                        -0.590359 -0.654563 -0.080172,
                        -0.605004 -0.653347 -0.094749,
                        -0.619511 -0.651183 -0.109326,
                        -0.634156 -0.650168 -0.109326,
                        -0.648663 -0.645692 -0.123903,
                        -0.657450 -0.641939 -0.132450,
                        -0.662611 -0.637837 -0.137784,
                        -0.673072 -0.628499 -0.147855,
                        -0.676838 -0.618574 -0.152626,
                        -0.686602 -0.614793 -0.147623,
                        -0.687579 -0.605001 -0.148949,
                        -0.692739 -0.605001 -0.138480,
                        -0.691066 -0.590426 -0.138480,
                        -0.685347 -0.582905 -0.146033,
                        -0.677815 -0.579966 -0.148882,
                        -0.668190 -0.569440 -0.143946,
                        -0.663308 -0.565753 -0.138844,
                        -0.648663 -0.557403 -0.123903,
                        -0.639596 -0.554157 -0.115355,
                        -0.634435 -0.553021 -0.110021,
                        -0.619511 -0.551886 -0.109326,
                        -0.170931 -0.519290 -0.090475,
                        -0.166747 -0.519290 -0.092330,
                        0.156436 -0.519290 -0.092098,
                        0.163550 -0.519290 -0.089117,
                        0.170524 -0.519290 -0.085671,
                        0.648674 -0.552073 -0.109326,
                        0.671968 -0.553730 -0.105085,
                        0.663599 -0.553235 -0.109690,
                        0.680755 -0.554905 -0.094749,
                        0.692472 -0.558686 -0.094749,
                        0.704607 -0.565258 -0.109326,
                        0.711860 -0.571150 -0.109326,
                        0.717021 -0.578684 -0.123903,
                        0.722042 -0.590426 -0.109326,
                        0.723019 -0.605001 -0.109326,
                        0.721624 -0.605001 -0.123903,
                        0.718276 -0.605001 -0.138480,
                        0.714371 -0.612402 -0.145834,
                        0.706281 -0.618200 -0.149015,
                        0.700980 -0.627725 -0.146795,
                        0.679221 -0.639320 -0.138413,
                        0.692472 -0.635286 -0.138480,
                        0.675176 -0.642433 -0.133477,
                        0.663320 -0.646788 -0.123903,
                        0.648674 -0.648044 -0.123903,
                        0.634168 -0.651437 -0.109326,
                        0.619522 -0.653467 -0.094749,
                        0.604876 -0.654616 -0.080172,
                        0.590370 -0.655204 -0.065594,
                        0.575724 -0.655257 -0.065594,
                        0.561218 -0.655284 -0.065594,
                        0.532066 -0.655297 -0.065594,
                        -0.517409 -0.655551 -0.051017,
                        -0.532054 -0.655538 -0.051017,
                        -0.546561 -0.655525 -0.051017,
                        -0.561206 -0.655498 -0.051017,
                        -0.575852 -0.655404 -0.051017,
                        -0.590359 -0.655004 -0.065594,
                        -0.605004 -0.654229 -0.080172,
                        -0.619511 -0.652719 -0.094749,
                        -0.634156 -0.651664 -0.094749,
                        -0.648663 -0.648150 -0.109326,
                        -0.660519 -0.642914 -0.123903,
                        -0.667772 -0.640496 -0.123903,
                        -0.677954 -0.630370 -0.137784,
                        -0.682836 -0.624505 -0.142157,
                        -0.688276 -0.619629 -0.137784,
                        -0.692042 -0.619589 -0.123903,
                        -0.696645 -0.605001 -0.123903,
                        -0.695111 -0.590426 -0.123903,
                        -0.686881 -0.580888 -0.138480,
                        -0.677675 -0.573113 -0.138844,
                        -0.672654 -0.567396 -0.134206,
                        -0.663308 -0.561090 -0.123903,
                        -0.648663 -0.554999 -0.110021,
                        -0.643920 -0.553529 -0.105648,
                        -0.634156 -0.551392 -0.094749,
                        -0.619511 -0.550336 -0.094749,
                        -0.183485 -0.519290 -0.084048,
                        0.171919 -0.519290 -0.084843,
                        0.648674 -0.550737 -0.094749,
                        0.182938 -0.519290 -0.077389,
                        0.663320 -0.552020 -0.094749,
                        0.673362 -0.553396 -0.094749,
                        0.681871 -0.554718 -0.080172,
                        0.674618 -0.553088 -0.080172,
                        0.682568 -0.554598 -0.065594,
                        0.692472 -0.558418 -0.080172,
                        0.704607 -0.565071 -0.094749,
                        0.711999 -0.571069 -0.080172,
                        0.717439 -0.578377 -0.094749,
                        0.717300 -0.578444 -0.109326,
                        0.722461 -0.590426 -0.094749,
                        0.723716 -0.605001 -0.094749,
                        0.719671 -0.619589 -0.094749,
                        0.718834 -0.619589 -0.109326,
                        0.716881 -0.620230 -0.122677,
                        0.715626 -0.615007 -0.138480,
                        0.710884 -0.622301 -0.138480,
                        0.703491 -0.629715 -0.138480,
                        0.684940 -0.641404 -0.130959,
                        0.692472 -0.639694 -0.125228,
                        0.679221 -0.643835 -0.125228,
                        0.663320 -0.649299 -0.109326,
                        0.648674 -0.650622 -0.109326,
                        0.677826 -0.646828 -0.109326,
                        0.634168 -0.653026 -0.094749,
                        0.619522 -0.654389 -0.080172,
                        0.604876 -0.655084 -0.065594,
                        0.590370 -0.655458 -0.051017,
                        0.575724 -0.655511 -0.051017,
                        0.561218 -0.655538 -0.051017,
                        0.546572 -0.655551 -0.051017,
                        -0.502902 -0.655685 -0.036440,
                        -0.532054 -0.655671 -0.036440,
                        -0.546561 -0.655658 -0.036440,
                        -0.561206 -0.655618 -0.036440,
                        -0.575852 -0.655538 -0.036440,
                        -0.590359 -0.655244 -0.051017,
                        -0.605004 -0.654656 -0.065594,
                        -0.619511 -0.653574 -0.080172,
                        -0.634156 -0.652452 -0.080172,
                        -0.648663 -0.649566 -0.094749,
                        -0.664564 -0.643835 -0.110187,
                        -0.670283 -0.641351 -0.115620,
                        -0.677815 -0.634778 -0.123903,
                        -0.685626 -0.627391 -0.132450,
                        -0.694274 -0.619589 -0.109326,
                        -0.686602 -0.628459 -0.123903,
                        -0.698877 -0.603665 -0.107934,
                        -0.699714 -0.597907 -0.102170,
                        -0.699714 -0.597680 -0.102170,
                        -0.699435 -0.608114 -0.094749,
                        -0.697621 -0.591856 -0.107934,
                        -0.690089 -0.576694 -0.109326,
                        -0.688973 -0.578096 -0.123903,
                        -0.682139 -0.570816 -0.123903,
                        -0.674886 -0.566006 -0.123903,
                        -0.663308 -0.558632 -0.109326,
                        -0.653684 -0.554438 -0.094749,
                        -0.646431 -0.553021 -0.094749,
                        -0.634156 -0.550590 -0.080172,
                        -0.619511 -0.549468 -0.080172,
                        -0.195341 -0.519290 -0.072121,
                        -0.189343 -0.519290 -0.078846,
                        -0.185019 -0.519290 -0.082921,
                        0.648674 -0.549922 -0.080172,
                        0.188657 -0.519290 -0.071989,
                        0.194655 -0.519290 -0.065329,
                        0.663320 -0.551325 -0.080172,
                        0.675315 -0.552928 -0.065594,
                        0.663320 -0.550964 -0.065594,
                        0.682847 -0.554544 -0.051017,
                        0.692472 -0.558272 -0.065594,
                        0.704607 -0.564991 -0.080172,
                        0.704607 -0.564938 -0.051017,
                        0.704607 -0.564938 0.021868,
                        0.711999 -0.571096 -0.036440,
                        0.717439 -0.578403 0.007258,
                        0.717439 -0.578363 -0.065594,
                        0.717439 -0.578363 -0.080172,
                        0.722600 -0.590426 -0.080172,
                        0.724134 -0.605001 -0.080172,
                        0.720089 -0.619589 -0.080172,
                        0.715487 -0.628286 -0.080172,
                        0.715208 -0.627992 -0.094749,
                        0.714650 -0.627391 -0.109326,
                        0.714371 -0.626963 -0.116979,
                        0.713255 -0.625520 -0.126719,
                        0.707815 -0.631024 -0.122677,
                        0.687590 -0.642406 -0.121252,
                        0.697214 -0.640402 -0.109326,
                        0.663320 -0.650782 -0.094749,
                        0.648674 -0.652158 -0.094749,
                        0.677826 -0.648257 -0.094749,
                        0.689822 -0.643301 -0.109326,
                        0.634168 -0.653948 -0.080172,
                        0.619522 -0.654857 -0.065594,
                        0.604876 -0.655338 -0.051017,
                        0.590370 -0.655591 -0.036440,
                        0.575724 -0.655645 -0.036440,
                        0.561218 -0.655671 -0.036440,
                        0.517420 -0.655685 -0.036440,
                        -0.502902 -0.655738 -0.021863,
                        -0.532054 -0.655725 -0.021863,
                        -0.546561 -0.655712 -0.021863,
                        -0.561206 -0.655671 -0.021863,
                        -0.575852 -0.655578 -0.021863,
                        -0.590359 -0.655418 -0.021863,
                        -0.590359 -0.655364 -0.036440,
                        -0.605004 -0.654883 -0.051017,
                        -0.619511 -0.653988 -0.065594,
                        -0.634156 -0.652826 -0.065594,
                        -0.648663 -0.650274 -0.080172,
                        -0.663308 -0.645666 -0.094749,
                        -0.671398 -0.641872 -0.105913,
                        -0.676838 -0.637851 -0.110187,
                        -0.695529 -0.619589 -0.094749,
                        -0.699574 -0.611387 -0.084876,
                        -0.687858 -0.629742 -0.109326,
                        -0.699853 -0.600820 -0.094749,
                        -0.700132 -0.605923 -0.080072,
                        -0.700411 -0.605001 -0.065594,
                        -0.700132 -0.595957 -0.080172,
                        -0.699853 -0.596972 -0.094749,
                        -0.697900 -0.589678 -0.094749,
                        -0.691066 -0.575865 -0.080172,
                        -0.689531 -0.574529 -0.094218,
                        -0.684789 -0.568785 -0.098757,
                        -0.684091 -0.569400 -0.109326,
                        -0.698179 -0.588663 -0.080172,
                        -0.676838 -0.564804 -0.109326,
                        -0.663308 -0.557323 -0.094749,
                        -0.655358 -0.554117 -0.080172,
                        -0.648105 -0.552647 -0.080172,
                        -0.634156 -0.550229 -0.065594,
                        -0.619511 -0.549067 -0.065594,
                        -0.199944 -0.519290 -0.064932,
                        -0.198828 -0.519290 -0.067649,
                        -0.197573 -0.519290 -0.069438,
                        0.648674 -0.549495 -0.065594,
                        0.195352 -0.519290 -0.064302,
                        0.202745 -0.519290 -0.052409,
                        0.663320 -0.550804 -0.051017,
                        0.675455 -0.552848 -0.051017,
                        0.648674 -0.549294 -0.051017,
                        0.682987 -0.554518 -0.036440,
                        0.675594 -0.552808 -0.036440,
                        0.692472 -0.558205 -0.051017,
                        0.692472 -0.558165 -0.036440,
                        0.692472 -0.558151 -0.021863,
                        0.704607 -0.564951 0.036445,
                        0.692472 -0.558151 0.007258,
                        0.692472 -0.558165 0.021868,
                        0.711860 -0.571150 0.036445,
                        0.711860 -0.571190 0.051022,
                        0.717439 -0.578430 0.036445,
                        0.717439 -0.578417 0.021868,
                        0.722600 -0.590426 0.051022,
                        0.724274 -0.605001 -0.051017,
                        0.720368 -0.619589 -0.051017,
                        0.715626 -0.628446 -0.051017,
                        0.707257 -0.635753 -0.036440,
                        0.707117 -0.635727 -0.051017,
                        0.705583 -0.636835 -0.066356,
                        0.706978 -0.635446 -0.080172,
                        0.706978 -0.634832 -0.094749,
                        0.706978 -0.633616 -0.109326,
                        0.698748 -0.641003 -0.094749,
                        0.691356 -0.644009 -0.094749,
                        0.663320 -0.651624 -0.080172,
                        0.648674 -0.653053 -0.080172,
                        0.677826 -0.649045 -0.080172,
                        0.634168 -0.654402 -0.065594,
                        0.619522 -0.655097 -0.051017,
                        0.604876 -0.655471 -0.036440,
                        0.590370 -0.655645 -0.021863,
                        0.575724 -0.655698 -0.021863,
                        0.561218 -0.655725 -0.021863,
                        0.532066 -0.655738 -0.021863,
                        -0.532054 -0.655752 -0.007286,
                        -0.546561 -0.655738 -0.007286,
                        -0.561206 -0.655698 -0.007286,
                        -0.575852 -0.655605 -0.007286,
                        -0.590359 -0.655431 -0.007286,
                        -0.605004 -0.655030 -0.021863,
                        -0.605004 -0.654990 -0.036440,
                        -0.619511 -0.654202 -0.051017,
                        -0.634156 -0.653013 -0.051017,
                        -0.648663 -0.650595 -0.065594,
                        -0.663308 -0.646334 -0.080172,
                        -0.672235 -0.642313 -0.094749,
                        -0.679488 -0.637757 -0.094749,
                        -0.688415 -0.630477 -0.094749,
                        -0.688834 -0.630864 -0.080172,
                        -0.696227 -0.619910 -0.065594,
                        -0.696784 -0.618213 -0.080072,
                        -0.699714 -0.612429 -0.075169,
                        -0.699853 -0.612616 -0.065594,
                        -0.700551 -0.605001 -0.051017,
                        -0.700272 -0.595490 -0.065594,
                        -0.691484 -0.575865 -0.065594,
                        -0.685207 -0.568478 -0.089017,
                        -0.679070 -0.564991 -0.094218,
                        -0.698319 -0.588196 -0.065594,
                        -0.663308 -0.556668 -0.080172,
                        -0.677815 -0.563602 -0.080172,
                        -0.655916 -0.554010 -0.072187,
                        -0.648663 -0.552273 -0.051017,
                        -0.650057 -0.552754 -0.066622,
                        -0.634156 -0.550029 -0.051017,
                        -0.619511 -0.548853 -0.051017,
                        -0.204686 -0.519290 -0.051017,
                        0.206372 -0.519290 -0.036440,
                        0.648674 -0.549187 -0.036440,
                        0.663320 -0.550710 -0.036440,
                        0.675734 -0.552794 -0.021863,
                        0.682987 -0.554504 -0.021863,
                        0.663320 -0.550670 -0.021863,
                        0.704607 -0.564991 0.051022,
                        0.692472 -0.558191 0.036445,
                        0.682987 -0.554504 0.021868,
                        0.682987 -0.554518 0.036445,
                        0.704467 -0.565071 0.065599,
                        0.711720 -0.571297 0.065599,
                        0.717439 -0.578484 0.051022,
                        0.724134 -0.605001 0.051022,
                        0.722461 -0.590426 0.065599,
                        0.720368 -0.619589 0.036445,
                        0.715626 -0.628459 -0.036440,
                        0.707257 -0.635753 0.051022,
                        0.700004 -0.641631 0.051022,
                        0.700004 -0.641618 0.007258,
                        0.700004 -0.641605 -0.021863,
                        0.699864 -0.641551 -0.051017,
                        0.699725 -0.641444 -0.071723,
                        0.699446 -0.641324 -0.080172,
                        0.692193 -0.644397 -0.080172,
                        0.663320 -0.652025 -0.065594,
                        0.648674 -0.653494 -0.065594,
                        0.677826 -0.649433 -0.065594,
                        0.634168 -0.654643 -0.051017,
                        0.619522 -0.655231 -0.036440,
                        0.604876 -0.655525 -0.021863,
                        0.590370 -0.655671 -0.007286,
                        0.575724 -0.655725 -0.007286,
                        0.561218 -0.655738 -0.007286,
                        0.546572 -0.655752 -0.007286,
                        -0.532054 -0.655752 0.007258,
                        -0.546561 -0.655738 0.007258,
                        -0.561206 -0.655698 0.007258,
                        -0.575852 -0.655605 0.007258,
                        -0.590359 -0.655431 0.007258,
                        -0.605004 -0.655044 -0.007286,
                        -0.619511 -0.654336 -0.021863,
                        -0.619511 -0.654296 -0.036440,
                        -0.634156 -0.653107 -0.036440,
                        -0.648663 -0.650769 -0.051017,
                        -0.663308 -0.646654 -0.065594,
                        -0.673212 -0.642820 -0.065594,
                        -0.672793 -0.642660 -0.080172,
                        -0.680186 -0.638145 -0.080172,
                        -0.680465 -0.638358 -0.065594,
                        -0.688973 -0.631064 -0.065594,
                        -0.696366 -0.620070 -0.051017,
                        -0.699993 -0.612856 -0.036440,
                        -0.700690 -0.605001 0.007258,
                        -0.700411 -0.595182 -0.036440,
                        -0.685626 -0.568170 -0.065594,
                        -0.685347 -0.568331 -0.080172,
                        -0.691624 -0.575865 -0.051017,
                        -0.698319 -0.587982 -0.051017,
                        -0.663587 -0.556335 -0.051017,
                        -0.661914 -0.555934 -0.066622,
                        -0.677815 -0.563294 -0.065594,
                        -0.656195 -0.553930 -0.062447,
                        -0.656334 -0.553876 -0.051017,
                        -0.648663 -0.552207 -0.036440,
                        -0.634156 -0.549949 -0.036440,
                        -0.619511 -0.548760 -0.036440,
                        -0.205523 -0.519290 -0.036440,
                        0.206232 -0.519290 -0.021863,
                        0.648674 -0.549121 0.007258,
                        0.648674 -0.549121 -0.007286,
                        0.648674 -0.549147 -0.021863,
                        0.675734 -0.552781 -0.007286,
                        0.663320 -0.550657 -0.007286,
                        0.692472 -0.558258 0.051022,
                        0.675734 -0.552781 0.007258,
                        0.675734 -0.552794 0.021868,
                        0.675594 -0.552808 0.036445,
                        0.682847 -0.554544 0.051022,
                        0.704188 -0.565232 0.080176,
                        0.711581 -0.571537 0.080176,
                        0.692472 -0.558418 0.065599,
                        0.717160 -0.578818 0.080176,
                        0.717300 -0.578590 0.065599,
                        0.723995 -0.605001 0.065599,
                        0.720229 -0.619589 0.065599,
                        0.722182 -0.590426 0.080176,
                        0.715626 -0.628433 0.065599,
                        0.715626 -0.628459 0.051022,
                        0.707257 -0.635727 0.065599,
                        0.700004 -0.641605 0.065599,
                        0.692472 -0.644944 0.051022,
                        0.692472 -0.644944 0.036445,
                        0.692472 -0.644931 0.007258,
                        0.692472 -0.644904 -0.021863,
                        0.692472 -0.644864 -0.036440,
                        0.692472 -0.644784 -0.051017,
                        0.693867 -0.643982 -0.066356,
                        0.663320 -0.652238 -0.051017,
                        0.648674 -0.653734 -0.051017,
                        0.677826 -0.649620 -0.051017,
                        0.634168 -0.654776 -0.036440,
                        0.619522 -0.655284 -0.021863,
                        0.604876 -0.655551 -0.007286,
                        0.590370 -0.655671 0.007258,
                        0.575724 -0.655725 0.007258,
                        0.561218 -0.655738 0.007258,
                        0.546572 -0.655752 0.007258,
                        -0.502902 -0.655738 0.021868,
                        -0.532054 -0.655725 0.021868,
                        -0.546561 -0.655712 0.021868,
                        -0.561206 -0.655671 0.021868,
                        -0.575852 -0.655578 0.021868,
                        -0.590359 -0.655404 0.021868,
                        -0.605004 -0.655030 0.021868,
                        -0.605004 -0.655044 0.007258,
                        -0.619511 -0.654349 -0.007286,
                        -0.634156 -0.653133 -0.021863,
                        -0.648663 -0.650849 -0.036440,
                        -0.663308 -0.646828 -0.051017,
                        -0.673351 -0.642914 -0.051017,
                        -0.680604 -0.638452 -0.051017,
                        -0.689113 -0.631171 -0.051017,
                        -0.696366 -0.620137 -0.036440,
                        -0.699993 -0.612883 -0.021863,
                        -0.696505 -0.620163 0.065599,
                        -0.700551 -0.605001 0.065599,
                        -0.700411 -0.595209 0.051022,
                        -0.700411 -0.595142 0.036445,
                        -0.700411 -0.595129 0.021868,
                        -0.700411 -0.595115 0.007258,
                        -0.700411 -0.595142 -0.021863,
                        -0.699993 -0.612896 -0.007286,
                        -0.699993 -0.612896 0.051022,
                        -0.699993 -0.612869 0.065599,
                        -0.698319 -0.587888 -0.036440,
                        -0.677815 -0.563148 -0.051017,
                        -0.685765 -0.568050 -0.021863,
                        -0.698319 -0.587848 -0.021863,
                        -0.698319 -0.587835 -0.007286,
                        -0.691624 -0.575865 0.051022,
                        -0.663727 -0.556308 -0.036440,
                        -0.656474 -0.553850 -0.036440,
                        -0.648663 -0.552180 -0.021863,
                        -0.634156 -0.549922 -0.021863,
                        -0.619511 -0.548720 -0.021863,
                        -0.204268 -0.519290 -0.029781,
                        -0.619511 -0.548707 -0.007286,
                        -0.619511 -0.548707 0.007258,
                        -0.619511 -0.548733 0.021868,
                        -0.619511 -0.548787 0.036445,
                        -0.619511 -0.548907 0.051022,
                        0.201908 -0.519290 -0.007651,
                        0.648674 -0.549455 0.065599,
                        0.648674 -0.549254 0.051022,
                        0.648674 -0.549174 0.036445,
                        0.648674 -0.549134 0.021868,
                        0.663320 -0.550657 0.021868,
                        0.663320 -0.550697 0.036445,
                        0.675455 -0.552848 0.051022,
                        0.682429 -0.554625 0.065599,
                        0.675176 -0.552928 0.065599,
                        0.703770 -0.565565 0.094753,
                        0.692472 -0.558752 0.080176,
                        0.711023 -0.571978 0.094753,
                        0.716881 -0.579258 0.094753,
                        0.723716 -0.605001 0.080176,
                        0.719950 -0.619589 0.080176,
                        0.715347 -0.628125 0.094753,
                        0.715487 -0.628366 0.080176,
                        0.721624 -0.590426 0.094753,
                        0.707117 -0.635660 0.080176,
                        0.699864 -0.641564 0.080176,
                        0.692472 -0.644904 0.065599,
                        0.677826 -0.649767 0.051022,
                        0.677826 -0.649794 0.036445,
                        0.677826 -0.649794 0.007258,
                        0.677826 -0.649767 -0.021863,
                        0.677826 -0.649727 -0.036440,
                        0.663320 -0.652345 -0.036440,
                        0.648674 -0.653855 -0.036440,
                        0.634168 -0.654830 -0.021863,
                        0.619522 -0.655311 -0.007286,
                        0.604876 -0.655551 0.007258,
                        0.590370 -0.655645 0.021868,
                        0.575724 -0.655698 0.021868,
                        0.561218 -0.655725 0.021868,
                        0.532066 -0.655738 0.021868,
                        -0.502902 -0.655685 0.036445,
                        -0.532054 -0.655671 0.036445,
                        -0.546561 -0.655658 0.036445,
                        -0.561206 -0.655618 0.036445,
                        -0.575852 -0.655525 0.036445,
                        -0.590359 -0.655351 0.036445,
                        -0.605004 -0.654977 0.036445,
                        -0.619511 -0.654282 0.036445,
                        -0.619511 -0.654322 0.021868,
                        -0.619511 -0.654349 0.007258,
                        -0.634156 -0.653147 -0.007286,
                        -0.648663 -0.650876 -0.021863,
                        -0.663308 -0.646895 -0.036440,
                        -0.673491 -0.642967 -0.007286,
                        -0.680744 -0.638492 -0.036440,
                        -0.689113 -0.631211 -0.036440,
                        -0.696366 -0.620177 -0.021863,
                        -0.696505 -0.620070 0.080176,
                        -0.689113 -0.631238 -0.007286,
                        -0.689113 -0.631278 0.065599,
                        -0.689113 -0.631278 0.080176,
                        -0.689113 -0.631265 0.094753,
                        -0.689113 -0.631185 0.109330,
                        -0.700411 -0.605001 0.080176,
                        -0.700272 -0.595623 0.080176,
                        -0.699853 -0.612576 0.094753,
                        -0.698319 -0.588049 0.065599,
                        -0.698319 -0.587915 0.051022,
                        -0.698319 -0.587862 0.036445,
                        -0.698319 -0.587835 0.021868,
                        -0.696505 -0.619870 0.094753,
                        -0.677815 -0.563081 -0.036440,
                        -0.685765 -0.568050 0.007258,
                        -0.677815 -0.563054 -0.007286,
                        -0.691484 -0.575865 0.065599,
                        -0.685626 -0.568117 0.051022,
                        -0.663727 -0.556294 -0.021863,
                        -0.656474 -0.553836 -0.021863,
                        -0.648663 -0.552167 -0.007286,
                        -0.634156 -0.549909 -0.007286,
                        -0.202315 -0.519290 -0.021267,
                        -0.634156 -0.549909 0.007258,
                        -0.634156 -0.549936 0.021868,
                        -0.634156 -0.549976 0.036445,
                        -0.634156 -0.550096 0.051022,
                        -0.634156 -0.550323 0.065599,
                        -0.619511 -0.549147 0.065599,
                        0.200792 -0.519290 -0.005166,
                        0.648674 -0.549815 0.080176,
                        0.663320 -0.551285 0.080176,
                        0.663320 -0.550951 0.065599,
                        0.663320 -0.550777 0.051022,
                        0.681731 -0.554798 0.080176,
                        0.674478 -0.553088 0.080176,
                        0.692472 -0.559380 0.094753,
                        0.702933 -0.566153 0.109330,
                        0.710326 -0.572846 0.109330,
                        0.716323 -0.580140 0.109330,
                        0.723158 -0.605001 0.094753,
                        0.719532 -0.619589 0.094753,
                        0.714789 -0.627444 0.109330,
                        0.706978 -0.634164 0.109330,
                        0.705583 -0.636528 0.094057,
                        0.722042 -0.605001 0.109330,
                        0.720368 -0.590426 0.109330,
                        0.699725 -0.641498 0.088723,
                        0.692472 -0.644757 0.080176,
                        0.677826 -0.649673 0.065599,
                        0.663320 -0.652345 0.051022,
                        0.663320 -0.652412 0.036445,
                        0.663320 -0.652425 0.021868,
                        0.663320 -0.652425 0.007258,
                        0.663320 -0.652412 -0.007286,
                        0.663320 -0.652385 -0.021863,
                        0.648674 -0.653908 -0.021863,
                        0.634168 -0.654857 -0.007286,
                        0.619522 -0.655311 0.007258,
                        0.619522 -0.655297 0.021868,
                        0.604876 -0.655525 0.021868,
                        0.590370 -0.655605 0.036445,
                        0.575724 -0.655645 0.036445,
                        0.561218 -0.655671 0.036445,
                        0.532066 -0.655685 0.036445,
                        -0.517409 -0.655551 0.051022,
                        -0.532054 -0.655538 0.051022,
                        -0.546561 -0.655525 0.051022,
                        -0.561206 -0.655484 0.051022,
                        -0.575852 -0.655391 0.051022,
                        -0.590359 -0.655231 0.051022,
                        -0.605004 -0.654843 0.051022,
                        -0.619511 -0.654175 0.051022,
                        -0.634156 -0.653093 0.036445,
                        -0.634156 -0.653133 0.021868,
                        -0.634156 -0.653147 0.007258,
                        -0.648663 -0.650889 -0.007286,
                        -0.663308 -0.646921 -0.021863,
                        -0.663308 -0.646935 -0.007286,
                        -0.673491 -0.642967 0.021868,
                        -0.680744 -0.638559 0.065599,
                        -0.680744 -0.638532 0.007258,
                        -0.680744 -0.638519 -0.021863,
                        -0.680604 -0.638572 0.080176,
                        -0.680465 -0.638559 0.094753,
                        -0.680186 -0.638479 0.109330,
                        -0.688973 -0.630957 0.123907,
                        -0.699714 -0.612389 0.102836,
                        -0.700132 -0.605001 0.094753,
                        -0.700132 -0.596291 0.094753,
                        -0.698179 -0.588329 0.080176,
                        -0.696924 -0.618186 0.108336,
                        -0.695669 -0.619589 0.123907,
                        -0.677815 -0.563107 0.036445,
                        -0.677815 -0.563067 0.021868,
                        -0.677815 -0.563054 0.007258,
                        -0.691066 -0.575865 0.080176,
                        -0.685347 -0.568371 0.080176,
                        -0.685486 -0.568197 0.065599,
                        -0.677815 -0.563188 0.051022,
                        -0.663727 -0.556294 0.021868,
                        -0.656474 -0.553836 0.007258,
                        -0.656474 -0.553850 0.021868,
                        -0.648663 -0.552193 0.021868,
                        -0.194783 -0.519290 -0.007154,
                        -0.619511 -0.549602 0.080176,
                        -0.648663 -0.552247 0.036445,
                        -0.648663 -0.552354 0.051022,
                        -0.634156 -0.550764 0.080176,
                        -0.650057 -0.552808 0.065234,
                        -0.647547 -0.552754 0.080176,
                        0.200095 -0.519290 -0.003940,
                        0.634168 -0.548960 0.080176,
                        0.648674 -0.550563 0.094753,
                        0.663320 -0.551979 0.094753,
                        0.192981 -0.519290 0.006959,
                        0.673084 -0.553422 0.094753,
                        0.680337 -0.555092 0.094753,
                        0.692472 -0.560569 0.109330,
                        0.701538 -0.567222 0.123907,
                        0.708791 -0.574569 0.123907,
                        0.715208 -0.581863 0.123907,
                        0.718416 -0.619589 0.109330,
                        0.714371 -0.626936 0.116883,
                        0.707815 -0.631412 0.122615,
                        0.698330 -0.640883 0.109330,
                        0.699306 -0.641297 0.098430,
                        0.719950 -0.605001 0.123907,
                        0.718137 -0.590426 0.123907,
                        0.693727 -0.643809 0.094057,
                        0.677826 -0.649433 0.080176,
                        0.663320 -0.652212 0.065599,
                        0.648674 -0.653841 0.051022,
                        0.648674 -0.653908 0.036445,
                        0.648674 -0.653935 0.021868,
                        0.648674 -0.653948 0.007258,
                        0.648674 -0.653935 -0.007286,
                        0.634168 -0.654857 0.007258,
                        0.634168 -0.654843 0.021868,
                        0.634168 -0.654817 0.036445,
                        0.619522 -0.655257 0.036445,
                        0.604876 -0.655484 0.036445,
                        0.590370 -0.655471 0.051022,
                        0.604876 -0.655364 0.051022,
                        0.575724 -0.655511 0.051022,
                        0.561218 -0.655538 0.051022,
                        0.546572 -0.655551 0.051022,
                        -0.502902 -0.655297 0.065599,
                        -0.532054 -0.655284 0.065599,
                        -0.546561 -0.655271 0.065599,
                        -0.561206 -0.655231 0.065599,
                        -0.575852 -0.655137 0.065599,
                        -0.590359 -0.654977 0.065599,
                        -0.605004 -0.654603 0.065599,
                        -0.619511 -0.653948 0.065599,
                        -0.634156 -0.652799 0.065599,
                        -0.634156 -0.652986 0.051022,
                        -0.648663 -0.650755 0.051022,
                        -0.648663 -0.650836 0.036445,
                        -0.648663 -0.650862 0.021868,
                        -0.648663 -0.650889 0.007258,
                        -0.663308 -0.646935 0.007258,
                        -0.673491 -0.642954 0.051022,
                        -0.673351 -0.642874 0.080176,
                        -0.673212 -0.642753 0.094753,
                        -0.672933 -0.642553 0.109330,
                        -0.679349 -0.638238 0.123907,
                        -0.688415 -0.630356 0.138484,
                        -0.699853 -0.605001 0.104758,
                        -0.693855 -0.619589 0.138484,
                        -0.698319 -0.605001 0.123907,
                        -0.699435 -0.605001 0.112047,
                        -0.699853 -0.597079 0.104857,
                        -0.697900 -0.589010 0.094753,
                        -0.663727 -0.556321 0.036445,
                        -0.690089 -0.576707 0.109330,
                        -0.689531 -0.574543 0.093891,
                        -0.685207 -0.568518 0.088458,
                        -0.677815 -0.563735 0.080176,
                        -0.677815 -0.563361 0.065599,
                        -0.663448 -0.556361 0.051022,
                        -0.656334 -0.553863 0.036445,
                        -0.189483 -0.519290 -0.000097,
                        -0.634156 -0.551632 0.094753,
                        -0.619511 -0.550510 0.094753,
                        -0.182230 -0.519290 0.006827,
                        -0.656195 -0.553917 0.051022,
                        -0.656055 -0.553970 0.060132,
                        -0.645594 -0.553182 0.094753,
                        -0.655776 -0.554037 0.069873,
                        -0.654939 -0.554210 0.080176,
                        0.648674 -0.552006 0.109330,
                        0.662901 -0.553262 0.108999,
                        0.182101 -0.519290 0.016633,
                        0.634168 -0.549789 0.094753,
                        0.671549 -0.553770 0.103930,
                        0.676989 -0.555560 0.108999,
                        0.677826 -0.558085 0.123907,
                        0.692472 -0.562787 0.123907,
                        0.700283 -0.568144 0.132388,
                        0.714371 -0.583052 0.131361,
                        0.716323 -0.619856 0.122615,
                        0.713115 -0.624906 0.126590,
                        0.703212 -0.629915 0.138484,
                        0.695401 -0.639788 0.123907,
                        0.691077 -0.643755 0.109330,
                        0.716323 -0.605001 0.136198,
                        0.715487 -0.615181 0.134045,
                        0.715487 -0.590426 0.134210,
                        0.677826 -0.648765 0.094753,
                        0.663320 -0.651878 0.080176,
                        0.648674 -0.653668 0.065599,
                        0.634168 -0.654710 0.051022,
                        0.619522 -0.655150 0.051022,
                        0.590370 -0.655231 0.065599,
                        0.604876 -0.655124 0.065599,
                        0.575724 -0.655271 0.065599,
                        0.561218 -0.655284 0.065599,
                        0.532066 -0.655297 0.065599,
                        -0.517409 -0.654817 0.080176,
                        -0.532054 -0.654803 0.080176,
                        -0.546561 -0.654790 0.080176,
                        -0.561206 -0.654763 0.080176,
                        -0.575852 -0.654670 0.080176,
                        -0.590359 -0.654509 0.080176,
                        -0.605004 -0.654162 0.080176,
                        -0.619511 -0.653534 0.080176,
                        -0.634156 -0.652412 0.080176,
                        -0.648663 -0.650288 0.080176,
                        -0.648663 -0.650595 0.065599,
                        -0.663308 -0.646774 0.065599,
                        -0.663308 -0.646855 0.051022,
                        -0.663308 -0.646908 0.036445,
                        -0.663308 -0.646921 0.021868,
                        -0.663308 -0.646587 0.080176,
                        -0.663308 -0.646213 0.094753,
                        -0.663308 -0.645586 0.109330,
                        -0.671956 -0.642112 0.123907,
                        -0.671119 -0.641685 0.132123,
                        -0.676699 -0.637784 0.137589,
                        -0.687160 -0.628914 0.148655,
                        -0.695250 -0.605001 0.138484,
                        -0.688834 -0.619589 0.150841,
                        -0.695669 -0.590426 0.123907,
                        -0.697761 -0.591509 0.109562,
                        -0.689113 -0.578136 0.123907,
                        -0.683952 -0.569413 0.109330,
                        -0.684789 -0.568798 0.098165,
                        -0.679070 -0.565111 0.093891,
                        -0.663308 -0.557617 0.094753,
                        -0.663308 -0.556869 0.080176,
                        -0.661914 -0.555987 0.065234,
                        -0.643223 -0.553636 0.105222,
                        -0.634296 -0.553142 0.109761,
                        -0.619511 -0.552020 0.109330,
                        -0.167723 -0.519290 0.017263,
                        -0.173442 -0.519290 0.013751,
                        -0.652847 -0.554611 0.094753,
                        0.168293 -0.519290 0.024551,
                        0.634168 -0.551312 0.109330,
                        0.648674 -0.553462 0.119203,
                        0.657740 -0.553783 0.117645,
                        0.667504 -0.554344 0.113637,
                        0.677826 -0.562520 0.138484,
                        0.691774 -0.566501 0.137755,
                        0.662901 -0.555480 0.123079,
                        0.702375 -0.580194 0.148323,
                        0.706141 -0.576760 0.136728,
                        0.696238 -0.570468 0.142095,
                        0.712278 -0.590426 0.141499,
                        0.710605 -0.619856 0.138749,
                        0.700701 -0.627685 0.146667,
                        0.691356 -0.636755 0.137291,
                        0.685777 -0.641645 0.131626,
                        0.688148 -0.642553 0.123907,
                        0.677826 -0.647456 0.109330,
                        0.712976 -0.605001 0.143487,
                        0.663320 -0.651129 0.094753,
                        0.648674 -0.653294 0.080176,
                        0.634168 -0.654509 0.065599,
                        0.619522 -0.654910 0.065599,
                        0.590370 -0.654750 0.080176,
                        0.604876 -0.654656 0.080176,
                        0.619522 -0.654469 0.080176,
                        0.575724 -0.654790 0.080176,
                        0.561218 -0.654817 0.080176,
                        -0.517409 -0.653868 0.094753,
                        -0.532054 -0.653855 0.094753,
                        -0.546561 -0.653841 0.094753,
                        -0.561206 -0.653815 0.094753,
                        -0.575852 -0.653734 0.094753,
                        -0.590359 -0.653588 0.094753,
                        -0.605004 -0.653267 0.094753,
                        -0.619511 -0.652706 0.094753,
                        -0.634156 -0.651650 0.094753,
                        -0.648663 -0.649647 0.094753,
                        -0.648663 -0.648605 0.109330,
                        -0.663308 -0.644330 0.123907,
                        -0.648663 -0.646748 0.123907,
                        -0.663308 -0.642459 0.134508,
                        -0.663308 -0.640322 0.141797,
                        -0.676559 -0.630477 0.153326,
                        -0.680465 -0.619589 0.158130,
                        -0.670980 -0.627003 0.160449,
                        -0.688973 -0.605001 0.150874,
                        -0.687021 -0.590426 0.148290,
                        -0.691763 -0.590426 0.138484,
                        -0.681720 -0.605001 0.158163,
                        -0.687021 -0.580781 0.138484,
                        -0.681999 -0.570842 0.123907,
                        -0.674746 -0.566140 0.123907,
                        -0.676699 -0.564924 0.109330,
                        -0.663308 -0.558899 0.109330,
                        -0.639178 -0.554184 0.114929,
                        -0.648384 -0.555119 0.109761,
                        -0.629553 -0.553756 0.117645,
                        -0.619511 -0.553462 0.118904,
                        -0.152938 -0.519290 0.023425,
                        -0.155309 -0.519290 0.022729,
                        0.152949 -0.519290 0.028295,
                        0.648674 -0.555012 0.126491,
                        0.634168 -0.553128 0.120627,
                        0.663320 -0.560275 0.138484,
                        0.677826 -0.567035 0.147860,
                        0.686474 -0.568037 0.146534,
                        0.704886 -0.590426 0.150709,
                        0.691774 -0.575545 0.150676,
                        0.685079 -0.583186 0.160350,
                        0.692751 -0.588997 0.158461,
                        0.703212 -0.619589 0.149085,
                        0.692053 -0.619068 0.156043,
                        0.692472 -0.629515 0.148688,
                        0.677826 -0.638959 0.140737,
                        0.677826 -0.642419 0.133448,
                        0.677826 -0.645011 0.123907,
                        0.663320 -0.649687 0.109330,
                        0.705723 -0.605001 0.151405,
                        0.648674 -0.652479 0.094753,
                        0.634168 -0.654095 0.080176,
                        0.590370 -0.653815 0.094753,
                        0.604876 -0.653734 0.094753,
                        0.619522 -0.653547 0.094753,
                        0.634168 -0.653200 0.094753,
                        0.575724 -0.653841 0.094753,
                        0.561218 -0.653855 0.094753,
                        0.546572 -0.653868 0.094753,
                        -0.517409 -0.652238 0.109330,
                        -0.546561 -0.652225 0.109330,
                        -0.561206 -0.652185 0.109330,
                        -0.575852 -0.652131 0.109330,
                        -0.590359 -0.651998 0.109330,
                        -0.605004 -0.651731 0.109330,
                        -0.619511 -0.651276 0.109330,
                        -0.634156 -0.650355 0.109330,
                        -0.648663 -0.643488 0.137026,
                        -0.634156 -0.648084 0.123907,
                        -0.648663 -0.640897 0.144315,
                        -0.663308 -0.633576 0.153061,
                        -0.673212 -0.619589 0.161443,
                        -0.674467 -0.605001 0.162172,
                        -0.663308 -0.627417 0.160780,
                        -0.648663 -0.619589 0.164789,
                        -0.663308 -0.619589 0.163464,
                        -0.677675 -0.589852 0.156208,
                        -0.685486 -0.582718 0.146203,
                        -0.672654 -0.594327 0.161443,
                        -0.677536 -0.572993 0.138749,
                        -0.672514 -0.567489 0.134078,
                        -0.663308 -0.561344 0.123907,
                        -0.648663 -0.557630 0.123907,
                        -0.634296 -0.555453 0.123046,
                        -0.619511 -0.555186 0.126193,
                        -0.605004 -0.553182 0.120097,
                        -0.138571 -0.519290 0.027268,
                        -0.140524 -0.519290 0.026837,
                        -0.141500 -0.519290 0.026572,
                        0.138443 -0.519290 0.030647,
                        0.634168 -0.554745 0.127916,
                        0.648674 -0.559193 0.138484,
                        0.663320 -0.565980 0.149218,
                        0.679221 -0.576453 0.156175,
                        0.663320 -0.573167 0.156506,
                        0.696098 -0.605001 0.158693,
                        0.688148 -0.592898 0.161542,
                        0.675315 -0.581703 0.161211,
                        0.663320 -0.590426 0.165518,
                        0.679221 -0.588997 0.162834,
                        0.687032 -0.613858 0.161045,
                        0.677826 -0.623503 0.158428,
                        0.677826 -0.631666 0.151139,
                        0.663320 -0.640068 0.143089,
                        0.663320 -0.643501 0.135800,
                        0.663320 -0.647162 0.123907,
                        0.648674 -0.650969 0.109330,
                        0.590370 -0.652185 0.109330,
                        0.575724 -0.652225 0.109330,
                        0.604876 -0.652118 0.109330,
                        0.619522 -0.651944 0.109330,
                        0.634168 -0.651637 0.109330,
                        0.546572 -0.652238 0.109330,
                        -0.532054 -0.649526 0.123907,
                        -0.561206 -0.649500 0.123907,
                        -0.575852 -0.649460 0.123907,
                        -0.590359 -0.649353 0.123907,
                        -0.605004 -0.649166 0.123907,
                        -0.619511 -0.648818 0.123907,
                        -0.634156 -0.644036 0.137755,
                        -0.648663 -0.634618 0.153061,
                        -0.634156 -0.641124 0.145044,
                        -0.663308 -0.605001 0.165617,
                        -0.648663 -0.627885 0.161145,
                        -0.648663 -0.605001 0.167936,
                        -0.634156 -0.619589 0.165319,
                        -0.634156 -0.605001 0.168864,
                        -0.668888 -0.584615 0.159786,
                        -0.677815 -0.579793 0.149317,
                        -0.668051 -0.569400 0.143785,
                        -0.663727 -0.589852 0.162934,
                        -0.663169 -0.565913 0.138749,
                        -0.648663 -0.562306 0.138484,
                        -0.634156 -0.560449 0.138484,
                        -0.619511 -0.559541 0.138484,
                        -0.605004 -0.554905 0.127386,
                        -0.109280 -0.519290 0.031442,
                        -0.123786 -0.519290 0.029819,
                        -0.130202 -0.519290 0.028726,
                        0.123797 -0.519290 0.031972,
                        0.619522 -0.554651 0.128413,
                        0.634168 -0.558712 0.138484,
                        0.648674 -0.565472 0.149847,
                        0.648674 -0.572392 0.157136,
                        0.663320 -0.580461 0.162006,
                        0.688845 -0.605001 0.161774,
                        0.677826 -0.605001 0.164623,
                        0.648674 -0.590426 0.166611,
                        0.648674 -0.605001 0.168002,
                        0.663320 -0.605001 0.166810,
                        0.677826 -0.616209 0.162172,
                        0.665691 -0.625681 0.159654,
                        0.656066 -0.626883 0.160350,
                        0.661785 -0.631599 0.154088,
                        0.648674 -0.640669 0.144315,
                        0.648674 -0.644076 0.137026,
                        0.648674 -0.648351 0.123907,
                        0.590370 -0.649486 0.123907,
                        0.575724 -0.649513 0.123907,
                        0.561218 -0.649526 0.123907,
                        0.619522 -0.649259 0.123907,
                        0.604876 -0.649420 0.123907,
                        0.634168 -0.648952 0.123907,
                        -0.502902 -0.644637 0.138252,
                        -0.561206 -0.644624 0.138252,
                        -0.575852 -0.644597 0.138252,
                        -0.590359 -0.644570 0.138219,
                        -0.605004 -0.644490 0.138186,
                        -0.619511 -0.644343 0.138053,
                        -0.634156 -0.634992 0.153061,
                        -0.619511 -0.641230 0.145342,
                        -0.648663 -0.590426 0.166114,
                        -0.634156 -0.628019 0.161277,
                        -0.634156 -0.590426 0.167240,
                        -0.619511 -0.619589 0.165418,
                        -0.619511 -0.605001 0.169129,
                        -0.619511 -0.590426 0.167572,
                        -0.659124 -0.581837 0.161244,
                        -0.663587 -0.575611 0.153293,
                        -0.658287 -0.567877 0.146833,
                        -0.648663 -0.566941 0.148158,
                        -0.634156 -0.566060 0.149284,
                        -0.619511 -0.565632 0.149781,
                        -0.605004 -0.559033 0.138484,
                        -0.590359 -0.554758 0.128048,
                        -0.094634 -0.519290 0.032337,
                        0.109570 -0.519290 0.032635,
                        0.604876 -0.554625 0.128545,
                        0.619522 -0.558565 0.138484,
                        0.103433 -0.519290 0.032800,
                        0.094645 -0.519290 0.033032,
                        0.634168 -0.565258 0.150112,
                        0.634168 -0.572045 0.157401,
                        0.648674 -0.579686 0.162536,
                        0.634168 -0.590426 0.167174,
                        0.634168 -0.605001 0.168632,
                        0.648674 -0.619589 0.164126,
                        0.661785 -0.620324 0.162702,
                        0.634168 -0.619589 0.164756,
                        0.648674 -0.627137 0.160548,
                        0.648674 -0.633643 0.153061,
                        0.634168 -0.641017 0.144944,
                        0.634168 -0.644343 0.137656,
                        0.590370 -0.644610 0.138219,
                        0.604876 -0.644584 0.138153,
                        0.575724 -0.644624 0.138219,
                        0.561218 -0.644624 0.138252,
                        0.532066 -0.644637 0.138252,
                        0.619522 -0.644503 0.137987,
                        -0.532054 -0.641337 0.145541,
                        -0.575852 -0.641324 0.145541,
                        -0.605004 -0.641297 0.145474,
                        -0.619511 -0.635099 0.153061,
                        -0.648663 -0.580487 0.162172,
                        -0.605004 -0.635112 0.153061,
                        -0.619511 -0.628019 0.161277,
                        -0.634156 -0.579592 0.162768,
                        -0.605004 -0.605001 0.169195,
                        -0.590359 -0.619589 0.165418,
                        -0.590359 -0.605001 0.169228,
                        -0.605004 -0.590426 0.167671,
                        -0.619511 -0.579299 0.162934,
                        -0.605004 -0.579152 0.163000,
                        -0.648663 -0.573193 0.155446,
                        -0.634156 -0.572312 0.156573,
                        -0.619511 -0.572005 0.157070,
                        -0.605004 -0.565405 0.150013,
                        -0.590359 -0.558766 0.138484,
                        -0.575852 -0.554691 0.128313,
                        -0.080267 -0.519290 0.032834,
                        -0.094076 -0.519290 0.032370,
                        0.590370 -0.554625 0.128578,
                        0.604876 -0.558525 0.138484,
                        0.080139 -0.519290 0.033198,
                        0.065493 -0.519290 0.033264,
                        0.619522 -0.565191 0.150179,
                        0.619522 -0.571911 0.157467,
                        0.619522 -0.579192 0.162900,
                        0.634168 -0.579339 0.162768,
                        0.619522 -0.590426 0.167406,
                        0.619522 -0.605001 0.168897,
                        0.619522 -0.619589 0.165087,
                        0.634168 -0.627524 0.160880,
                        0.634168 -0.634377 0.153061,
                        0.619522 -0.641190 0.145276,
                        0.590370 -0.641311 0.145507,
                        0.575724 -0.641324 0.145541,
                        0.604876 -0.641271 0.145441,
                        0.546572 -0.641337 0.145541,
                        -0.590359 -0.635112 0.153061,
                        0.561218 -0.635072 0.153061,
                        0.561218 -0.627912 0.161178,
                        0.561218 -0.619589 0.165352,
                        -0.590359 -0.590426 0.167671,
                        0.575724 -0.605001 0.169129,
                        0.561218 -0.590426 0.167605,
                        -0.575852 -0.579098 0.163000,
                        -0.590359 -0.579111 0.163000,
                        -0.605004 -0.571871 0.157335,
                        -0.561206 -0.571817 0.157500,
                        -0.575852 -0.571817 0.157467,
                        -0.590359 -0.571817 0.157434,
                        -0.590359 -0.565285 0.150146,
                        -0.575852 -0.558646 0.138484,
                        -0.561206 -0.554665 0.128479,
                        -0.066040 -0.519290 0.033099,
                        0.050987 -0.519290 0.033297,
                        0.036341 -0.519290 0.033331,
                        0.167595 -0.554531 0.129175,
                        0.604876 -0.565178 0.150212,
                        0.167595 -0.558405 0.138484,
                        0.604876 -0.571858 0.157500,
                        0.604876 -0.579138 0.162934,
                        0.590370 -0.590426 0.167572,
                        0.604876 -0.590426 0.167506,
                        0.604876 -0.605001 0.169029,
                        0.604876 -0.619589 0.165253,
                        0.619522 -0.627738 0.161045,
                        0.619522 -0.634765 0.153061,
                        0.590370 -0.635032 0.153061,
                        0.604876 -0.634952 0.153061,
                        0.575724 -0.635059 0.153061,
                        0.590370 -0.627885 0.161178,
                        0.590370 -0.619589 0.165319,
                        0.590370 -0.579125 0.162967,
                        0.590370 -0.605001 0.169096,
                        0.590370 -0.571831 0.157500,
                        0.284203 -0.571817 0.157500,
                        -0.094634 -0.565165 0.150212,
                        -0.546561 -0.565205 0.150212,
                        -0.575852 -0.565232 0.150179,
                        -0.561206 -0.558592 0.138484,
                        -0.546561 -0.558565 0.138484,
                        -0.532054 -0.554638 0.128545,
                        -0.051534 -0.519290 0.033231,
                        -0.008015 -0.519290 0.033331,
                        -0.050976 -0.554531 0.129175,
                        0.225899 -0.565165 0.150212,
                        -0.050976 -0.558405 0.138484,
                        0.604876 -0.627845 0.161145,
                        -0.532054 -0.558552 0.138484,
                        -0.037027 -0.519290 0.033297,
                    ]
                }
                coordIndex [ 
                        0, 1, 10, -1,
                        0, 10, 2, -1,
                        0, 2, 13, -1,
                        0, 13, 3, -1,
                        0, 3, 4, -1,
                        0, 4, 5, -1,
                        0, 5, 1, -1,
                        1, 5, 6, -1,
                        1, 6, 7, -1,
                        1, 7, 8, -1,
                        1, 8, 9, -1,
                        1, 9, 22, -1,
                        1, 22, 10, -1,
                        2, 10, 11, -1,
                        2, 11, 12, -1,
                        2, 12, 13, -1,
                        3, 14, 4, -1,
                        3, 13, 28, -1,
                        3, 28, 14, -1,
                        4, 14, 15, -1,
                        4, 15, 16, -1,
                        4, 16, 17, -1,
                        4, 17, 5, -1,
                        5, 17, 18, -1,
                        5, 18, 6, -1,
                        6, 18, 19, -1,
                        6, 19, 7, -1,
                        7, 20, 21, -1,
                        7, 21, 8, -1,
                        7, 19, 20, -1,
                        8, 21, 9, -1,
                        9, 21, 43, -1,
                        9, 43, 22, -1,
                        10, 22, 23, -1,
                        10, 23, 24, -1,
                        10, 24, 11, -1,
                        11, 24, 25, -1,
                        11, 25, 47, -1,
                        11, 47, 26, -1,
                        11, 26, 12, -1,
                        12, 26, 27, -1,
                        12, 27, 28, -1,
                        12, 28, 13, -1,
                        14, 29, 30, -1,
                        14, 30, 15, -1,
                        14, 28, 53, -1,
                        14, 53, 29, -1,
                        15, 30, 29, -1,
                        15, 29, 31, -1,
                        15, 31, 32, -1,
                        15, 32, 33, -1,
                        15, 33, 16, -1,
                        16, 33, 34, -1,
                        16, 34, 35, -1,
                        16, 35, 17, -1,
                        17, 35, 36, -1,
                        17, 36, 18, -1,
                        18, 37, 19, -1,
                        18, 36, 38, -1,
                        18, 38, 37, -1,
                        19, 37, 39, -1,
                        19, 39, 40, -1,
                        19, 40, 20, -1,
                        20, 40, 41, -1,
                        20, 41, 42, -1,
                        20, 42, 21, -1,
                        21, 42, 70, -1,
                        21, 70, 43, -1,
                        22, 43, 23, -1,
                        23, 43, 44, -1,
                        23, 44, 24, -1,
                        24, 44, 45, -1,
                        24, 45, 46, -1,
                        24, 46, 48, -1,
                        24, 48, 25, -1,
                        25, 48, 47, -1,
                        26, 47, 27, -1,
                        27, 47, 49, -1,
                        27, 49, 50, -1,
                        27, 50, 51, -1,
                        27, 51, 52, -1,
                        27, 52, 28, -1,
                        28, 52, 51, -1,
                        28, 51, 53, -1,
                        29, 54, 55, -1,
                        29, 55, 31, -1,
                        29, 53, 81, -1,
                        29, 81, 54, -1,
                        31, 55, 32, -1,
                        32, 55, 56, -1,
                        32, 56, 57, -1,
                        32, 57, 33, -1,
                        33, 57, 58, -1,
                        33, 58, 34, -1,
                        34, 58, 59, -1,
                        34, 59, 60, -1,
                        34, 60, 35, -1,
                        35, 60, 36, -1,
                        36, 60, 61, -1,
                        36, 61, 62, -1,
                        36, 62, 38, -1,
                        37, 38, 39, -1,
                        38, 63, 39, -1,
                        38, 62, 63, -1,
                        39, 63, 64, -1,
                        39, 64, 65, -1,
                        39, 65, 66, -1,
                        39, 66, 41, -1,
                        39, 41, 40, -1,
                        41, 66, 67, -1,
                        41, 67, 68, -1,
                        41, 68, 42, -1,
                        42, 68, 69, -1,
                        42, 69, 96, -1,
                        42, 96, 70, -1,
                        43, 70, 71, -1,
                        43, 71, 44, -1,
                        44, 71, 45, -1,
                        45, 72, 73, -1,
                        45, 73, 74, -1,
                        45, 74, 46, -1,
                        45, 71, 72, -1,
                        46, 75, 48, -1,
                        46, 74, 76, -1,
                        46, 76, 75, -1,
                        47, 48, 77, -1,
                        47, 77, 49, -1,
                        48, 75, 77, -1,
                        49, 77, 78, -1,
                        49, 78, 79, -1,
                        49, 79, 50, -1,
                        50, 80, 51, -1,
                        50, 79, 80, -1,
                        51, 80, 81, -1,
                        51, 81, 53, -1,
                        54, 82, 83, -1,
                        54, 83, 55, -1,
                        54, 81, 113, -1,
                        54, 113, 82, -1,
                        55, 83, 56, -1,
                        56, 83, 84, -1,
                        56, 84, 117, -1,
                        56, 117, 85, -1,
                        56, 85, 57, -1,
                        57, 85, 86, -1,
                        57, 86, 58, -1,
                        58, 86, 87, -1,
                        58, 87, 59, -1,
                        59, 87, 88, -1,
                        59, 88, 60, -1,
                        60, 88, 89, -1,
                        60, 89, 90, -1,
                        60, 90, 61, -1,
                        61, 90, 91, -1,
                        61, 91, 62, -1,
                        62, 92, 63, -1,
                        62, 91, 92, -1,
                        63, 92, 93, -1,
                        63, 93, 64, -1,
                        64, 93, 94, -1,
                        64, 94, 95, -1,
                        64, 95, 67, -1,
                        64, 67, 65, -1,
                        65, 67, 66, -1,
                        67, 95, 94, -1,
                        67, 94, 128, -1,
                        67, 128, 127, -1,
                        67, 127, 168, -1,
                        67, 168, 167, -1,
                        67, 167, 208, -1,
                        67, 208, 259, -1,
                        67, 259, 316, -1,
                        67, 316, 315, -1,
                        67, 315, 373, -1,
                        67, 373, 440, -1,
                        67, 440, 439, -1,
                        67, 439, 438, -1,
                        67, 438, 514, -1,
                        67, 514, 513, -1,
                        67, 513, 512, -1,
                        67, 512, 587, -1,
                        67, 587, 655, -1,
                        67, 655, 734, -1,
                        67, 734, 816, -1,
                        67, 816, 898, -1,
                        67, 898, 976, -1,
                        67, 976, 979, -1,
                        67, 979, 1050, -1,
                        67, 1050, 1049, -1,
                        67, 1049, 1112, -1,
                        67, 1112, 1111, -1,
                        67, 1111, 1169, -1,
                        67, 1169, 1168, -1,
                        67, 1168, 1167, -1,
                        67, 1167, 1219, -1,
                        67, 1219, 1218, -1,
                        67, 1218, 1217, -1,
                        67, 1217, 1266, -1,
                        67, 1266, 1311, -1,
                        67, 1311, 1310, -1,
                        67, 1310, 1346, -1,
                        67, 1346, 1375, -1,
                        67, 1375, 1382, -1,
                        67, 1382, 1376, -1,
                        67, 1376, 1348, -1,
                        67, 1348, 1347, -1,
                        67, 1347, 1315, -1,
                        67, 1315, 1314, -1,
                        67, 1314, 1271, -1,
                        67, 1271, 1270, -1,
                        67, 1270, 1267, -1,
                        67, 1267, 1220, -1,
                        67, 1220, 1170, -1,
                        67, 1170, 1113, -1,
                        67, 1113, 1052, -1,
                        67, 1052, 987, -1,
                        67, 987, 909, -1,
                        67, 909, 905, -1,
                        67, 905, 823, -1,
                        67, 823, 740, -1,
                        67, 740, 656, -1,
                        67, 656, 588, -1,
                        67, 588, 517, -1,
                        67, 517, 516, -1,
                        67, 516, 443, -1,
                        67, 443, 442, -1,
                        67, 442, 376, -1,
                        67, 376, 374, -1,
                        67, 374, 319, -1,
                        67, 319, 318, -1,
                        67, 318, 317, -1,
                        67, 317, 263, -1,
                        67, 263, 262, -1,
                        67, 262, 212, -1,
                        67, 212, 211, -1,
                        67, 211, 210, -1,
                        67, 210, 171, -1,
                        67, 171, 136, -1,
                        67, 136, 135, -1,
                        67, 135, 133, -1,
                        67, 133, 132, -1,
                        67, 132, 131, -1,
                        67, 131, 130, -1,
                        67, 130, 129, -1,
                        67, 129, 96, -1,
                        67, 96, 69, -1,
                        67, 69, 68, -1,
                        70, 96, 97, -1,
                        70, 97, 71, -1,
                        71, 97, 72, -1,
                        72, 98, 99, -1,
                        72, 99, 100, -1,
                        72, 100, 73, -1,
                        72, 97, 101, -1,
                        72, 101, 98, -1,
                        73, 100, 102, -1,
                        73, 102, 103, -1,
                        73, 103, 74, -1,
                        74, 103, 104, -1,
                        74, 104, 76, -1,
                        75, 76, 105, -1,
                        75, 105, 106, -1,
                        75, 106, 77, -1,
                        76, 104, 107, -1,
                        76, 107, 105, -1,
                        77, 106, 108, -1,
                        77, 108, 78, -1,
                        78, 108, 109, -1,
                        78, 109, 79, -1,
                        79, 109, 110, -1,
                        79, 110, 111, -1,
                        79, 111, 80, -1,
                        80, 111, 147, -1,
                        80, 147, 112, -1,
                        80, 112, 113, -1,
                        80, 113, 81, -1,
                        82, 114, 83, -1,
                        82, 113, 151, -1,
                        82, 151, 114, -1,
                        83, 114, 115, -1,
                        83, 115, 84, -1,
                        84, 115, 116, -1,
                        84, 116, 117, -1,
                        85, 117, 156, -1,
                        85, 156, 118, -1,
                        85, 118, 86, -1,
                        86, 118, 119, -1,
                        86, 119, 87, -1,
                        87, 119, 120, -1,
                        87, 120, 88, -1,
                        88, 120, 121, -1,
                        88, 121, 122, -1,
                        88, 122, 89, -1,
                        89, 122, 90, -1,
                        90, 122, 123, -1,
                        90, 123, 124, -1,
                        90, 124, 91, -1,
                        91, 125, 92, -1,
                        91, 124, 125, -1,
                        92, 125, 126, -1,
                        92, 126, 93, -1,
                        93, 126, 127, -1,
                        93, 127, 128, -1,
                        93, 128, 94, -1,
                        96, 129, 97, -1,
                        97, 129, 130, -1,
                        97, 130, 101, -1,
                        98, 101, 130, -1,
                        98, 130, 99, -1,
                        99, 130, 100, -1,
                        100, 130, 131, -1,
                        100, 131, 132, -1,
                        100, 132, 133, -1,
                        100, 133, 102, -1,
                        102, 134, 103, -1,
                        102, 133, 135, -1,
                        102, 135, 136, -1,
                        102, 136, 134, -1,
                        103, 134, 137, -1,
                        103, 137, 138, -1,
                        103, 138, 139, -1,
                        103, 139, 104, -1,
                        104, 139, 140, -1,
                        104, 140, 107, -1,
                        105, 107, 141, -1,
                        105, 141, 142, -1,
                        105, 142, 106, -1,
                        106, 142, 143, -1,
                        106, 143, 108, -1,
                        107, 140, 141, -1,
                        108, 143, 144, -1,
                        108, 144, 109, -1,
                        109, 144, 145, -1,
                        109, 145, 110, -1,
                        110, 145, 182, -1,
                        110, 182, 146, -1,
                        110, 146, 147, -1,
                        110, 147, 111, -1,
                        112, 147, 148, -1,
                        112, 148, 149, -1,
                        112, 149, 150, -1,
                        112, 150, 151, -1,
                        112, 151, 113, -1,
                        114, 152, 153, -1,
                        114, 153, 115, -1,
                        114, 151, 187, -1,
                        114, 187, 152, -1,
                        115, 153, 116, -1,
                        116, 153, 154, -1,
                        116, 154, 192, -1,
                        116, 192, 155, -1,
                        116, 155, 117, -1,
                        117, 155, 156, -1,
                        118, 156, 157, -1,
                        118, 157, 119, -1,
                        119, 157, 158, -1,
                        119, 158, 120, -1,
                        120, 158, 159, -1,
                        120, 159, 121, -1,
                        121, 159, 160, -1,
                        121, 160, 122, -1,
                        122, 160, 161, -1,
                        122, 161, 162, -1,
                        122, 162, 123, -1,
                        123, 162, 163, -1,
                        123, 163, 124, -1,
                        124, 164, 125, -1,
                        124, 163, 164, -1,
                        125, 164, 165, -1,
                        125, 165, 126, -1,
                        126, 165, 166, -1,
                        126, 166, 167, -1,
                        126, 167, 168, -1,
                        126, 168, 127, -1,
                        134, 169, 170, -1,
                        134, 170, 137, -1,
                        134, 136, 169, -1,
                        136, 171, 169, -1,
                        137, 170, 172, -1,
                        137, 172, 173, -1,
                        137, 173, 138, -1,
                        138, 173, 174, -1,
                        138, 174, 139, -1,
                        139, 174, 140, -1,
                        140, 174, 175, -1,
                        140, 175, 176, -1,
                        140, 176, 141, -1,
                        141, 177, 142, -1,
                        141, 176, 178, -1,
                        141, 178, 177, -1,
                        142, 177, 179, -1,
                        142, 179, 143, -1,
                        143, 179, 180, -1,
                        143, 180, 144, -1,
                        144, 180, 181, -1,
                        144, 181, 145, -1,
                        145, 181, 229, -1,
                        145, 229, 182, -1,
                        146, 182, 183, -1,
                        146, 183, 148, -1,
                        146, 148, 147, -1,
                        148, 183, 184, -1,
                        148, 184, 185, -1,
                        148, 185, 149, -1,
                        149, 185, 186, -1,
                        149, 186, 150, -1,
                        150, 186, 187, -1,
                        150, 187, 151, -1,
                        152, 188, 153, -1,
                        152, 187, 235, -1,
                        152, 235, 188, -1,
                        153, 189, 190, -1,
                        153, 190, 191, -1,
                        153, 191, 154, -1,
                        153, 188, 189, -1,
                        154, 191, 192, -1,
                        155, 192, 193, -1,
                        155, 193, 156, -1,
                        156, 193, 194, -1,
                        156, 194, 157, -1,
                        157, 194, 195, -1,
                        157, 195, 196, -1,
                        157, 196, 158, -1,
                        158, 197, 159, -1,
                        158, 196, 197, -1,
                        159, 197, 198, -1,
                        159, 198, 160, -1,
                        160, 198, 199, -1,
                        160, 199, 161, -1,
                        161, 199, 200, -1,
                        161, 200, 201, -1,
                        161, 201, 162, -1,
                        162, 201, 202, -1,
                        162, 202, 203, -1,
                        162, 203, 163, -1,
                        163, 203, 204, -1,
                        163, 204, 164, -1,
                        164, 204, 205, -1,
                        164, 205, 165, -1,
                        165, 206, 166, -1,
                        165, 205, 206, -1,
                        166, 206, 207, -1,
                        166, 207, 208, -1,
                        166, 208, 167, -1,
                        169, 209, 170, -1,
                        169, 171, 210, -1,
                        169, 210, 211, -1,
                        169, 211, 212, -1,
                        169, 212, 209, -1,
                        170, 213, 172, -1,
                        170, 209, 214, -1,
                        170, 214, 213, -1,
                        172, 213, 215, -1,
                        172, 215, 216, -1,
                        172, 216, 173, -1,
                        173, 216, 217, -1,
                        173, 217, 218, -1,
                        173, 218, 219, -1,
                        173, 219, 174, -1,
                        174, 219, 218, -1,
                        174, 218, 220, -1,
                        174, 220, 221, -1,
                        174, 221, 175, -1,
                        175, 222, 176, -1,
                        175, 221, 223, -1,
                        175, 223, 222, -1,
                        176, 222, 224, -1,
                        176, 224, 178, -1,
                        177, 178, 225, -1,
                        177, 225, 179, -1,
                        178, 224, 226, -1,
                        178, 226, 225, -1,
                        179, 225, 227, -1,
                        179, 227, 180, -1,
                        180, 227, 228, -1,
                        180, 228, 181, -1,
                        181, 228, 229, -1,
                        182, 229, 230, -1,
                        182, 230, 183, -1,
                        183, 230, 231, -1,
                        183, 231, 184, -1,
                        184, 231, 232, -1,
                        184, 232, 185, -1,
                        185, 232, 233, -1,
                        185, 233, 234, -1,
                        185, 234, 186, -1,
                        186, 234, 235, -1,
                        186, 235, 187, -1,
                        188, 236, 237, -1,
                        188, 237, 189, -1,
                        188, 235, 288, -1,
                        188, 288, 236, -1,
                        189, 237, 238, -1,
                        189, 238, 190, -1,
                        190, 238, 191, -1,
                        191, 238, 239, -1,
                        191, 239, 240, -1,
                        191, 240, 192, -1,
                        192, 241, 193, -1,
                        192, 240, 241, -1,
                        193, 241, 242, -1,
                        193, 242, 194, -1,
                        194, 242, 195, -1,
                        195, 242, 243, -1,
                        195, 243, 244, -1,
                        195, 244, 245, -1,
                        195, 245, 196, -1,
                        196, 245, 197, -1,
                        197, 245, 246, -1,
                        197, 246, 198, -1,
                        198, 246, 247, -1,
                        198, 247, 199, -1,
                        199, 247, 248, -1,
                        199, 248, 200, -1,
                        200, 248, 249, -1,
                        200, 249, 201, -1,
                        201, 249, 250, -1,
                        201, 250, 251, -1,
                        201, 251, 252, -1,
                        201, 252, 253, -1,
                        201, 253, 202, -1,
                        202, 253, 203, -1,
                        203, 253, 254, -1,
                        203, 254, 255, -1,
                        203, 255, 204, -1,
                        204, 255, 205, -1,
                        205, 255, 256, -1,
                        205, 256, 206, -1,
                        206, 256, 257, -1,
                        206, 257, 207, -1,
                        207, 257, 258, -1,
                        207, 258, 259, -1,
                        207, 259, 208, -1,
                        209, 260, 261, -1,
                        209, 261, 214, -1,
                        209, 212, 262, -1,
                        209, 262, 263, -1,
                        209, 263, 260, -1,
                        213, 214, 264, -1,
                        213, 264, 265, -1,
                        213, 265, 215, -1,
                        214, 261, 264, -1,
                        215, 265, 266, -1,
                        215, 266, 267, -1,
                        215, 267, 216, -1,
                        216, 267, 268, -1,
                        216, 268, 217, -1,
                        217, 268, 269, -1,
                        217, 269, 218, -1,
                        218, 269, 270, -1,
                        218, 270, 271, -1,
                        218, 271, 272, -1,
                        218, 272, 220, -1,
                        220, 223, 221, -1,
                        220, 272, 273, -1,
                        220, 273, 223, -1,
                        222, 274, 224, -1,
                        222, 223, 274, -1,
                        223, 273, 275, -1,
                        223, 275, 274, -1,
                        224, 274, 276, -1,
                        224, 276, 226, -1,
                        225, 226, 277, -1,
                        225, 277, 227, -1,
                        226, 276, 278, -1,
                        226, 278, 277, -1,
                        227, 277, 279, -1,
                        227, 279, 228, -1,
                        228, 279, 280, -1,
                        228, 280, 281, -1,
                        228, 281, 229, -1,
                        229, 281, 282, -1,
                        229, 282, 230, -1,
                        230, 282, 283, -1,
                        230, 283, 231, -1,
                        231, 283, 284, -1,
                        231, 284, 232, -1,
                        232, 284, 342, -1,
                        232, 342, 285, -1,
                        232, 285, 286, -1,
                        232, 286, 233, -1,
                        233, 286, 287, -1,
                        233, 287, 234, -1,
                        234, 287, 288, -1,
                        234, 288, 235, -1,
                        236, 289, 290, -1,
                        236, 290, 291, -1,
                        236, 291, 237, -1,
                        236, 288, 346, -1,
                        236, 346, 289, -1,
                        237, 291, 292, -1,
                        237, 292, 238, -1,
                        238, 292, 293, -1,
                        238, 293, 239, -1,
                        239, 293, 294, -1,
                        239, 294, 240, -1,
                        240, 294, 295, -1,
                        240, 295, 241, -1,
                        241, 295, 296, -1,
                        241, 296, 242, -1,
                        242, 296, 243, -1,
                        243, 296, 297, -1,
                        243, 297, 298, -1,
                        243, 298, 244, -1,
                        244, 298, 299, -1,
                        244, 299, 245, -1,
                        245, 299, 300, -1,
                        245, 300, 246, -1,
                        246, 301, 247, -1,
                        246, 300, 301, -1,
                        247, 301, 248, -1,
                        248, 301, 302, -1,
                        248, 302, 303, -1,
                        248, 303, 250, -1,
                        248, 250, 249, -1,
                        250, 303, 304, -1,
                        250, 304, 251, -1,
                        251, 304, 305, -1,
                        251, 305, 306, -1,
                        251, 306, 307, -1,
                        251, 307, 252, -1,
                        252, 307, 253, -1,
                        253, 307, 308, -1,
                        253, 308, 254, -1,
                        254, 308, 309, -1,
                        254, 309, 255, -1,
                        255, 309, 310, -1,
                        255, 310, 256, -1,
                        256, 311, 257, -1,
                        256, 310, 311, -1,
                        257, 311, 312, -1,
                        257, 312, 258, -1,
                        258, 312, 313, -1,
                        258, 313, 314, -1,
                        258, 314, 315, -1,
                        258, 315, 316, -1,
                        258, 316, 259, -1,
                        260, 263, 261, -1,
                        261, 263, 317, -1,
                        261, 317, 318, -1,
                        261, 318, 319, -1,
                        261, 319, 320, -1,
                        261, 320, 264, -1,
                        264, 321, 265, -1,
                        264, 320, 322, -1,
                        264, 322, 321, -1,
                        265, 321, 323, -1,
                        265, 323, 266, -1,
                        266, 323, 324, -1,
                        266, 324, 267, -1,
                        267, 325, 268, -1,
                        267, 324, 325, -1,
                        268, 325, 326, -1,
                        268, 326, 386, -1,
                        268, 386, 327, -1,
                        268, 327, 269, -1,
                        269, 327, 270, -1,
                        270, 328, 329, -1,
                        270, 329, 330, -1,
                        270, 330, 271, -1,
                        270, 327, 328, -1,
                        271, 331, 272, -1,
                        271, 330, 331, -1,
                        272, 331, 273, -1,
                        273, 331, 332, -1,
                        273, 332, 275, -1,
                        274, 275, 332, -1,
                        274, 332, 333, -1,
                        274, 333, 334, -1,
                        274, 334, 276, -1,
                        276, 334, 278, -1,
                        277, 278, 335, -1,
                        277, 335, 279, -1,
                        278, 336, 335, -1,
                        278, 334, 336, -1,
                        279, 335, 337, -1,
                        279, 337, 280, -1,
                        280, 338, 339, -1,
                        280, 339, 281, -1,
                        280, 337, 338, -1,
                        281, 339, 282, -1,
                        282, 339, 340, -1,
                        282, 340, 283, -1,
                        283, 340, 341, -1,
                        283, 341, 284, -1,
                        284, 341, 342, -1,
                        285, 342, 403, -1,
                        285, 403, 343, -1,
                        285, 343, 344, -1,
                        285, 344, 286, -1,
                        286, 344, 345, -1,
                        286, 345, 287, -1,
                        287, 345, 288, -1,
                        288, 345, 346, -1,
                        289, 347, 348, -1,
                        289, 348, 290, -1,
                        289, 346, 407, -1,
                        289, 407, 347, -1,
                        290, 348, 349, -1,
                        290, 349, 291, -1,
                        291, 349, 350, -1,
                        291, 350, 292, -1,
                        292, 350, 293, -1,
                        293, 350, 351, -1,
                        293, 351, 413, -1,
                        293, 413, 352, -1,
                        293, 352, 294, -1,
                        294, 352, 353, -1,
                        294, 353, 295, -1,
                        295, 353, 354, -1,
                        295, 354, 296, -1,
                        296, 354, 297, -1,
                        297, 354, 355, -1,
                        297, 355, 356, -1,
                        297, 356, 298, -1,
                        298, 356, 357, -1,
                        298, 357, 299, -1,
                        299, 357, 358, -1,
                        299, 358, 300, -1,
                        300, 358, 359, -1,
                        300, 359, 301, -1,
                        301, 359, 360, -1,
                        301, 360, 303, -1,
                        301, 303, 302, -1,
                        303, 361, 305, -1,
                        303, 305, 304, -1,
                        303, 360, 361, -1,
                        305, 362, 363, -1,
                        305, 363, 364, -1,
                        305, 364, 306, -1,
                        305, 361, 362, -1,
                        306, 365, 307, -1,
                        306, 364, 365, -1,
                        307, 365, 366, -1,
                        307, 366, 309, -1,
                        307, 309, 308, -1,
                        309, 366, 367, -1,
                        309, 367, 310, -1,
                        310, 367, 368, -1,
                        310, 368, 311, -1,
                        311, 369, 312, -1,
                        311, 368, 369, -1,
                        312, 369, 370, -1,
                        312, 370, 313, -1,
                        313, 371, 372, -1,
                        313, 372, 314, -1,
                        313, 370, 371, -1,
                        314, 372, 373, -1,
                        314, 373, 315, -1,
                        319, 374, 320, -1,
                        320, 375, 322, -1,
                        320, 374, 376, -1,
                        320, 376, 375, -1,
                        321, 322, 377, -1,
                        321, 377, 378, -1,
                        321, 378, 323, -1,
                        322, 375, 377, -1,
                        323, 379, 324, -1,
                        323, 378, 380, -1,
                        323, 380, 379, -1,
                        324, 379, 381, -1,
                        324, 381, 382, -1,
                        324, 382, 325, -1,
                        325, 383, 326, -1,
                        325, 382, 383, -1,
                        326, 383, 384, -1,
                        326, 384, 385, -1,
                        326, 385, 386, -1,
                        327, 386, 387, -1,
                        327, 387, 328, -1,
                        328, 387, 457, -1,
                        328, 457, 388, -1,
                        328, 388, 329, -1,
                        329, 388, 389, -1,
                        329, 389, 390, -1,
                        329, 390, 330, -1,
                        330, 390, 391, -1,
                        330, 391, 392, -1,
                        330, 392, 331, -1,
                        331, 392, 332, -1,
                        332, 393, 334, -1,
                        332, 334, 333, -1,
                        332, 392, 393, -1,
                        334, 393, 394, -1,
                        334, 394, 336, -1,
                        335, 336, 395, -1,
                        335, 395, 337, -1,
                        336, 396, 395, -1,
                        336, 394, 396, -1,
                        337, 395, 397, -1,
                        337, 397, 338, -1,
                        338, 398, 399, -1,
                        338, 399, 339, -1,
                        338, 397, 400, -1,
                        338, 400, 398, -1,
                        339, 399, 340, -1,
                        340, 399, 401, -1,
                        340, 401, 341, -1,
                        341, 401, 471, -1,
                        341, 471, 402, -1,
                        341, 402, 342, -1,
                        342, 402, 472, -1,
                        342, 472, 403, -1,
                        343, 403, 473, -1,
                        343, 473, 404, -1,
                        343, 404, 405, -1,
                        343, 405, 344, -1,
                        344, 405, 406, -1,
                        344, 406, 345, -1,
                        345, 406, 407, -1,
                        345, 407, 346, -1,
                        347, 408, 409, -1,
                        347, 409, 348, -1,
                        347, 407, 477, -1,
                        347, 477, 408, -1,
                        348, 409, 410, -1,
                        348, 410, 349, -1,
                        349, 410, 350, -1,
                        350, 410, 411, -1,
                        350, 411, 412, -1,
                        350, 412, 351, -1,
                        351, 412, 413, -1,
                        352, 413, 414, -1,
                        352, 414, 353, -1,
                        353, 414, 415, -1,
                        353, 415, 354, -1,
                        354, 415, 355, -1,
                        355, 415, 416, -1,
                        355, 416, 417, -1,
                        355, 417, 356, -1,
                        356, 417, 418, -1,
                        356, 418, 357, -1,
                        357, 418, 419, -1,
                        357, 419, 358, -1,
                        358, 419, 420, -1,
                        358, 420, 359, -1,
                        359, 420, 421, -1,
                        359, 421, 360, -1,
                        360, 421, 361, -1,
                        361, 421, 362, -1,
                        362, 422, 363, -1,
                        362, 421, 423, -1,
                        362, 423, 422, -1,
                        363, 424, 425, -1,
                        363, 425, 426, -1,
                        363, 426, 364, -1,
                        363, 422, 427, -1,
                        363, 427, 424, -1,
                        364, 426, 428, -1,
                        364, 428, 429, -1,
                        364, 429, 430, -1,
                        364, 430, 365, -1,
                        365, 430, 431, -1,
                        365, 431, 366, -1,
                        366, 431, 367, -1,
                        367, 431, 432, -1,
                        367, 432, 368, -1,
                        368, 433, 369, -1,
                        368, 432, 433, -1,
                        369, 433, 434, -1,
                        369, 434, 370, -1,
                        370, 435, 371, -1,
                        370, 434, 435, -1,
                        371, 435, 436, -1,
                        371, 436, 437, -1,
                        371, 437, 372, -1,
                        372, 437, 438, -1,
                        372, 438, 439, -1,
                        372, 439, 440, -1,
                        372, 440, 373, -1,
                        375, 441, 377, -1,
                        375, 376, 442, -1,
                        375, 442, 443, -1,
                        375, 443, 441, -1,
                        377, 444, 378, -1,
                        377, 441, 444, -1,
                        378, 444, 380, -1,
                        379, 380, 445, -1,
                        379, 445, 381, -1,
                        380, 444, 446, -1,
                        380, 446, 445, -1,
                        381, 445, 447, -1,
                        381, 447, 382, -1,
                        382, 447, 448, -1,
                        382, 448, 383, -1,
                        383, 449, 384, -1,
                        383, 448, 449, -1,
                        384, 449, 450, -1,
                        384, 450, 451, -1,
                        384, 451, 452, -1,
                        384, 452, 453, -1,
                        384, 453, 454, -1,
                        384, 454, 455, -1,
                        384, 455, 385, -1,
                        385, 455, 456, -1,
                        385, 456, 387, -1,
                        385, 387, 386, -1,
                        387, 456, 457, -1,
                        388, 457, 458, -1,
                        388, 458, 389, -1,
                        389, 458, 459, -1,
                        389, 459, 460, -1,
                        389, 460, 390, -1,
                        390, 460, 461, -1,
                        390, 461, 462, -1,
                        390, 462, 391, -1,
                        391, 462, 463, -1,
                        391, 463, 392, -1,
                        392, 463, 393, -1,
                        393, 463, 394, -1,
                        394, 463, 464, -1,
                        394, 464, 396, -1,
                        395, 465, 397, -1,
                        395, 396, 465, -1,
                        396, 464, 466, -1,
                        396, 466, 465, -1,
                        397, 465, 400, -1,
                        398, 467, 468, -1,
                        398, 468, 399, -1,
                        398, 400, 467, -1,
                        399, 468, 401, -1,
                        400, 469, 467, -1,
                        400, 465, 470, -1,
                        400, 470, 469, -1,
                        401, 468, 471, -1,
                        402, 471, 472, -1,
                        403, 472, 473, -1,
                        404, 473, 550, -1,
                        404, 550, 474, -1,
                        404, 474, 475, -1,
                        404, 475, 405, -1,
                        405, 475, 476, -1,
                        405, 476, 406, -1,
                        406, 476, 407, -1,
                        407, 476, 477, -1,
                        408, 478, 479, -1,
                        408, 479, 409, -1,
                        408, 477, 554, -1,
                        408, 554, 478, -1,
                        409, 479, 480, -1,
                        409, 480, 410, -1,
                        410, 480, 481, -1,
                        410, 481, 411, -1,
                        411, 481, 412, -1,
                        412, 481, 482, -1,
                        412, 482, 483, -1,
                        412, 483, 484, -1,
                        412, 484, 413, -1,
                        413, 484, 485, -1,
                        413, 485, 414, -1,
                        414, 485, 486, -1,
                        414, 486, 415, -1,
                        415, 486, 416, -1,
                        416, 486, 487, -1,
                        416, 487, 488, -1,
                        416, 488, 417, -1,
                        417, 488, 489, -1,
                        417, 489, 418, -1,
                        418, 489, 490, -1,
                        418, 490, 419, -1,
                        419, 490, 491, -1,
                        419, 491, 420, -1,
                        420, 423, 421, -1,
                        420, 491, 423, -1,
                        422, 492, 493, -1,
                        422, 493, 427, -1,
                        422, 423, 494, -1,
                        422, 494, 492, -1,
                        423, 491, 494, -1,
                        424, 427, 425, -1,
                        425, 427, 495, -1,
                        425, 495, 496, -1,
                        425, 496, 497, -1,
                        425, 497, 426, -1,
                        426, 497, 498, -1,
                        426, 498, 499, -1,
                        426, 499, 500, -1,
                        426, 500, 428, -1,
                        427, 493, 496, -1,
                        427, 496, 495, -1,
                        428, 500, 429, -1,
                        429, 501, 502, -1,
                        429, 502, 503, -1,
                        429, 503, 504, -1,
                        429, 504, 430, -1,
                        429, 500, 505, -1,
                        429, 505, 501, -1,
                        430, 504, 431, -1,
                        431, 504, 432, -1,
                        432, 506, 433, -1,
                        432, 504, 506, -1,
                        433, 507, 434, -1,
                        433, 506, 507, -1,
                        434, 508, 509, -1,
                        434, 509, 435, -1,
                        434, 507, 508, -1,
                        435, 509, 436, -1,
                        436, 510, 511, -1,
                        436, 511, 437, -1,
                        436, 509, 510, -1,
                        437, 511, 512, -1,
                        437, 512, 513, -1,
                        437, 513, 514, -1,
                        437, 514, 438, -1,
                        441, 515, 444, -1,
                        441, 443, 516, -1,
                        441, 516, 517, -1,
                        441, 517, 515, -1,
                        444, 515, 446, -1,
                        445, 446, 518, -1,
                        445, 518, 519, -1,
                        445, 519, 447, -1,
                        446, 515, 520, -1,
                        446, 520, 518, -1,
                        447, 521, 448, -1,
                        447, 519, 522, -1,
                        447, 522, 521, -1,
                        448, 521, 523, -1,
                        448, 523, 449, -1,
                        449, 523, 524, -1,
                        449, 524, 450, -1,
                        450, 524, 525, -1,
                        450, 525, 527, -1,
                        450, 527, 451, -1,
                        451, 526, 452, -1,
                        451, 527, 528, -1,
                        451, 528, 526, -1,
                        452, 526, 529, -1,
                        452, 529, 530, -1,
                        452, 530, 531, -1,
                        452, 531, 532, -1,
                        452, 532, 453, -1,
                        453, 532, 533, -1,
                        453, 533, 454, -1,
                        454, 533, 456, -1,
                        454, 456, 455, -1,
                        456, 533, 534, -1,
                        456, 534, 457, -1,
                        457, 534, 535, -1,
                        457, 535, 458, -1,
                        458, 535, 459, -1,
                        459, 535, 536, -1,
                        459, 536, 537, -1,
                        459, 537, 538, -1,
                        459, 538, 539, -1,
                        459, 539, 540, -1,
                        459, 540, 460, -1,
                        460, 540, 541, -1,
                        460, 541, 461, -1,
                        461, 541, 542, -1,
                        461, 542, 462, -1,
                        462, 542, 464, -1,
                        462, 464, 463, -1,
                        464, 542, 466, -1,
                        465, 466, 470, -1,
                        466, 543, 544, -1,
                        466, 544, 470, -1,
                        466, 542, 543, -1,
                        467, 545, 546, -1,
                        467, 546, 468, -1,
                        467, 469, 545, -1,
                        468, 546, 471, -1,
                        469, 470, 544, -1,
                        469, 544, 547, -1,
                        469, 547, 545, -1,
                        471, 546, 548, -1,
                        471, 548, 472, -1,
                        472, 548, 616, -1,
                        472, 616, 549, -1,
                        472, 549, 473, -1,
                        473, 549, 617, -1,
                        473, 617, 550, -1,
                        474, 550, 618, -1,
                        474, 618, 551, -1,
                        474, 551, 552, -1,
                        474, 552, 475, -1,
                        475, 552, 553, -1,
                        475, 553, 476, -1,
                        476, 553, 554, -1,
                        476, 554, 477, -1,
                        478, 555, 479, -1,
                        478, 554, 622, -1,
                        478, 622, 555, -1,
                        479, 555, 556, -1,
                        479, 556, 480, -1,
                        480, 556, 557, -1,
                        480, 557, 481, -1,
                        481, 557, 558, -1,
                        481, 558, 482, -1,
                        482, 558, 483, -1,
                        483, 559, 628, -1,
                        483, 628, 560, -1,
                        483, 560, 561, -1,
                        483, 561, 484, -1,
                        483, 558, 559, -1,
                        484, 561, 485, -1,
                        485, 561, 562, -1,
                        485, 562, 486, -1,
                        486, 562, 487, -1,
                        487, 562, 563, -1,
                        487, 563, 564, -1,
                        487, 564, 488, -1,
                        488, 564, 633, -1,
                        488, 633, 565, -1,
                        488, 565, 489, -1,
                        489, 565, 566, -1,
                        489, 566, 490, -1,
                        490, 566, 567, -1,
                        490, 567, 491, -1,
                        491, 567, 494, -1,
                        492, 494, 568, -1,
                        492, 568, 569, -1,
                        492, 569, 570, -1,
                        492, 570, 571, -1,
                        492, 571, 572, -1,
                        492, 572, 493, -1,
                        493, 572, 496, -1,
                        494, 567, 568, -1,
                        496, 572, 573, -1,
                        496, 573, 497, -1,
                        497, 574, 575, -1,
                        497, 575, 498, -1,
                        497, 573, 574, -1,
                        498, 575, 579, -1,
                        498, 579, 505, -1,
                        498, 505, 500, -1,
                        498, 500, 499, -1,
                        501, 576, 577, -1,
                        501, 577, 502, -1,
                        501, 505, 576, -1,
                        502, 577, 503, -1,
                        503, 577, 578, -1,
                        503, 578, 506, -1,
                        503, 506, 504, -1,
                        505, 579, 576, -1,
                        506, 578, 507, -1,
                        507, 580, 508, -1,
                        507, 578, 581, -1,
                        507, 581, 580, -1,
                        508, 582, 509, -1,
                        508, 580, 582, -1,
                        509, 583, 510, -1,
                        509, 582, 584, -1,
                        509, 584, 583, -1,
                        510, 585, 586, -1,
                        510, 586, 511, -1,
                        510, 583, 585, -1,
                        511, 586, 587, -1,
                        511, 587, 512, -1,
                        515, 517, 588, -1,
                        515, 588, 520, -1,
                        518, 520, 589, -1,
                        518, 589, 590, -1,
                        518, 590, 519, -1,
                        519, 590, 522, -1,
                        520, 588, 589, -1,
                        521, 522, 591, -1,
                        521, 591, 660, -1,
                        521, 660, 592, -1,
                        521, 592, 525, -1,
                        521, 525, 524, -1,
                        521, 524, 523, -1,
                        522, 590, 593, -1,
                        522, 593, 591, -1,
                        525, 592, 596, -1,
                        525, 596, 527, -1,
                        526, 594, 530, -1,
                        526, 530, 529, -1,
                        526, 528, 595, -1,
                        526, 595, 594, -1,
                        527, 596, 528, -1,
                        528, 596, 597, -1,
                        528, 597, 595, -1,
                        530, 594, 598, -1,
                        530, 598, 599, -1,
                        530, 599, 671, -1,
                        530, 671, 600, -1,
                        530, 600, 531, -1,
                        531, 600, 533, -1,
                        531, 533, 532, -1,
                        533, 601, 534, -1,
                        533, 600, 602, -1,
                        533, 602, 672, -1,
                        533, 672, 601, -1,
                        534, 601, 603, -1,
                        534, 603, 535, -1,
                        535, 603, 676, -1,
                        535, 676, 604, -1,
                        535, 604, 536, -1,
                        536, 604, 537, -1,
                        537, 605, 606, -1,
                        537, 606, 607, -1,
                        537, 607, 608, -1,
                        537, 608, 609, -1,
                        537, 609, 539, -1,
                        537, 539, 538, -1,
                        537, 604, 676, -1,
                        537, 676, 605, -1,
                        539, 609, 610, -1,
                        539, 610, 540, -1,
                        540, 610, 611, -1,
                        540, 611, 541, -1,
                        541, 611, 543, -1,
                        541, 543, 542, -1,
                        543, 611, 612, -1,
                        543, 612, 544, -1,
                        544, 612, 547, -1,
                        545, 613, 614, -1,
                        545, 614, 546, -1,
                        545, 547, 613, -1,
                        546, 614, 548, -1,
                        547, 612, 615, -1,
                        547, 615, 613, -1,
                        548, 614, 687, -1,
                        548, 687, 616, -1,
                        549, 616, 689, -1,
                        549, 689, 617, -1,
                        550, 617, 690, -1,
                        550, 690, 618, -1,
                        551, 619, 620, -1,
                        551, 620, 552, -1,
                        551, 618, 691, -1,
                        551, 691, 619, -1,
                        552, 620, 553, -1,
                        553, 620, 621, -1,
                        553, 621, 622, -1,
                        553, 622, 554, -1,
                        555, 623, 624, -1,
                        555, 624, 556, -1,
                        555, 622, 695, -1,
                        555, 695, 623, -1,
                        556, 624, 625, -1,
                        556, 625, 557, -1,
                        557, 625, 626, -1,
                        557, 626, 558, -1,
                        558, 626, 627, -1,
                        558, 627, 559, -1,
                        559, 627, 703, -1,
                        559, 703, 628, -1,
                        560, 628, 704, -1,
                        560, 704, 629, -1,
                        560, 629, 630, -1,
                        560, 630, 561, -1,
                        561, 630, 562, -1,
                        562, 630, 631, -1,
                        562, 631, 563, -1,
                        563, 631, 632, -1,
                        563, 632, 564, -1,
                        564, 632, 707, -1,
                        564, 707, 633, -1,
                        565, 633, 634, -1,
                        565, 634, 635, -1,
                        565, 635, 566, -1,
                        566, 635, 636, -1,
                        566, 636, 567, -1,
                        567, 636, 568, -1,
                        568, 636, 569, -1,
                        569, 636, 637, -1,
                        569, 637, 638, -1,
                        569, 638, 570, -1,
                        570, 639, 573, -1,
                        570, 573, 571, -1,
                        570, 638, 639, -1,
                        571, 573, 572, -1,
                        573, 640, 574, -1,
                        573, 639, 640, -1,
                        574, 641, 642, -1,
                        574, 642, 575, -1,
                        574, 640, 641, -1,
                        575, 642, 579, -1,
                        576, 643, 644, -1,
                        576, 644, 577, -1,
                        576, 579, 645, -1,
                        576, 645, 643, -1,
                        577, 644, 581, -1,
                        577, 581, 578, -1,
                        579, 646, 645, -1,
                        579, 642, 646, -1,
                        580, 647, 648, -1,
                        580, 648, 582, -1,
                        580, 581, 649, -1,
                        580, 649, 647, -1,
                        581, 644, 643, -1,
                        581, 643, 649, -1,
                        582, 648, 650, -1,
                        582, 650, 584, -1,
                        583, 584, 650, -1,
                        583, 650, 651, -1,
                        583, 651, 652, -1,
                        583, 652, 653, -1,
                        583, 653, 585, -1,
                        585, 653, 654, -1,
                        585, 654, 586, -1,
                        586, 654, 587, -1,
                        587, 654, 655, -1,
                        588, 656, 657, -1,
                        588, 657, 658, -1,
                        588, 658, 659, -1,
                        588, 659, 589, -1,
                        589, 659, 593, -1,
                        589, 593, 590, -1,
                        591, 593, 661, -1,
                        591, 661, 660, -1,
                        592, 660, 663, -1,
                        592, 663, 596, -1,
                        593, 659, 658, -1,
                        593, 658, 661, -1,
                        594, 595, 662, -1,
                        594, 662, 598, -1,
                        595, 597, 662, -1,
                        596, 663, 664, -1,
                        596, 664, 597, -1,
                        597, 664, 665, -1,
                        597, 665, 666, -1,
                        597, 666, 662, -1,
                        598, 667, 668, -1,
                        598, 668, 599, -1,
                        598, 662, 669, -1,
                        598, 669, 667, -1,
                        599, 668, 670, -1,
                        599, 670, 671, -1,
                        600, 671, 602, -1,
                        601, 672, 673, -1,
                        601, 673, 603, -1,
                        602, 674, 754, -1,
                        602, 754, 672, -1,
                        602, 671, 670, -1,
                        602, 670, 674, -1,
                        603, 673, 675, -1,
                        603, 675, 676, -1,
                        605, 677, 678, -1,
                        605, 678, 606, -1,
                        605, 676, 675, -1,
                        605, 675, 677, -1,
                        606, 678, 679, -1,
                        606, 679, 680, -1,
                        606, 680, 607, -1,
                        607, 680, 681, -1,
                        607, 681, 608, -1,
                        608, 681, 682, -1,
                        608, 682, 683, -1,
                        608, 683, 609, -1,
                        609, 683, 684, -1,
                        609, 684, 610, -1,
                        610, 684, 685, -1,
                        610, 685, 612, -1,
                        610, 612, 611, -1,
                        612, 685, 684, -1,
                        612, 684, 615, -1,
                        613, 686, 687, -1,
                        613, 687, 614, -1,
                        613, 615, 686, -1,
                        615, 684, 688, -1,
                        615, 688, 686, -1,
                        616, 687, 689, -1,
                        617, 689, 769, -1,
                        617, 769, 690, -1,
                        618, 690, 770, -1,
                        618, 770, 691, -1,
                        619, 692, 693, -1,
                        619, 693, 620, -1,
                        619, 691, 771, -1,
                        619, 771, 692, -1,
                        620, 693, 694, -1,
                        620, 694, 621, -1,
                        621, 694, 695, -1,
                        621, 695, 622, -1,
                        623, 696, 697, -1,
                        623, 697, 698, -1,
                        623, 698, 624, -1,
                        623, 695, 775, -1,
                        623, 775, 696, -1,
                        624, 698, 699, -1,
                        624, 699, 625, -1,
                        625, 699, 700, -1,
                        625, 700, 626, -1,
                        626, 700, 701, -1,
                        626, 701, 627, -1,
                        627, 701, 702, -1,
                        627, 702, 703, -1,
                        628, 703, 785, -1,
                        628, 785, 704, -1,
                        629, 704, 786, -1,
                        629, 786, 705, -1,
                        629, 705, 631, -1,
                        629, 631, 630, -1,
                        631, 705, 787, -1,
                        631, 787, 706, -1,
                        631, 706, 632, -1,
                        632, 706, 707, -1,
                        633, 707, 634, -1,
                        634, 707, 708, -1,
                        634, 708, 709, -1,
                        634, 709, 637, -1,
                        634, 637, 636, -1,
                        634, 636, 635, -1,
                        637, 709, 710, -1,
                        637, 710, 638, -1,
                        638, 710, 639, -1,
                        639, 711, 640, -1,
                        639, 710, 711, -1,
                        640, 712, 641, -1,
                        640, 711, 713, -1,
                        640, 713, 712, -1,
                        641, 714, 715, -1,
                        641, 715, 716, -1,
                        641, 716, 717, -1,
                        641, 717, 718, -1,
                        641, 718, 719, -1,
                        641, 719, 642, -1,
                        641, 712, 720, -1,
                        641, 720, 721, -1,
                        641, 721, 722, -1,
                        641, 722, 714, -1,
                        642, 719, 726, -1,
                        642, 726, 723, -1,
                        642, 723, 646, -1,
                        643, 724, 649, -1,
                        643, 645, 725, -1,
                        643, 725, 724, -1,
                        645, 646, 723, -1,
                        645, 723, 726, -1,
                        645, 726, 727, -1,
                        645, 727, 805, -1,
                        645, 805, 728, -1,
                        645, 728, 808, -1,
                        645, 808, 725, -1,
                        647, 729, 730, -1,
                        647, 730, 651, -1,
                        647, 651, 650, -1,
                        647, 650, 648, -1,
                        647, 649, 724, -1,
                        647, 724, 729, -1,
                        651, 730, 652, -1,
                        652, 730, 731, -1,
                        652, 731, 732, -1,
                        652, 732, 653, -1,
                        653, 732, 733, -1,
                        653, 733, 654, -1,
                        654, 733, 655, -1,
                        655, 733, 735, -1,
                        655, 735, 736, -1,
                        655, 736, 737, -1,
                        655, 737, 738, -1,
                        655, 738, 739, -1,
                        655, 739, 734, -1,
                        656, 740, 741, -1,
                        656, 741, 742, -1,
                        656, 742, 743, -1,
                        656, 743, 744, -1,
                        656, 744, 657, -1,
                        657, 744, 745, -1,
                        657, 745, 661, -1,
                        657, 661, 658, -1,
                        660, 661, 745, -1,
                        660, 745, 663, -1,
                        662, 666, 669, -1,
                        663, 745, 664, -1,
                        664, 745, 665, -1,
                        665, 745, 746, -1,
                        665, 746, 747, -1,
                        665, 747, 666, -1,
                        666, 748, 669, -1,
                        666, 747, 749, -1,
                        666, 749, 748, -1,
                        667, 750, 668, -1,
                        667, 669, 751, -1,
                        667, 751, 750, -1,
                        668, 750, 752, -1,
                        668, 752, 753, -1,
                        668, 753, 670, -1,
                        669, 748, 751, -1,
                        670, 753, 674, -1,
                        672, 754, 755, -1,
                        672, 755, 673, -1,
                        673, 755, 756, -1,
                        673, 756, 757, -1,
                        673, 757, 675, -1,
                        674, 753, 758, -1,
                        674, 758, 834, -1,
                        674, 834, 754, -1,
                        675, 757, 759, -1,
                        675, 759, 677, -1,
                        677, 759, 760, -1,
                        677, 760, 678, -1,
                        678, 760, 761, -1,
                        678, 761, 679, -1,
                        679, 761, 762, -1,
                        679, 762, 763, -1,
                        679, 763, 764, -1,
                        679, 764, 680, -1,
                        680, 764, 681, -1,
                        681, 764, 765, -1,
                        681, 765, 682, -1,
                        682, 765, 766, -1,
                        682, 766, 683, -1,
                        683, 766, 684, -1,
                        684, 766, 688, -1,
                        686, 767, 768, -1,
                        686, 768, 687, -1,
                        686, 688, 766, -1,
                        686, 766, 767, -1,
                        687, 768, 689, -1,
                        689, 768, 850, -1,
                        689, 850, 769, -1,
                        690, 769, 851, -1,
                        690, 851, 770, -1,
                        691, 770, 852, -1,
                        691, 852, 771, -1,
                        692, 772, 773, -1,
                        692, 773, 693, -1,
                        692, 771, 854, -1,
                        692, 854, 772, -1,
                        693, 773, 774, -1,
                        693, 774, 694, -1,
                        694, 774, 695, -1,
                        695, 774, 775, -1,
                        696, 776, 777, -1,
                        696, 777, 697, -1,
                        696, 775, 858, -1,
                        696, 858, 776, -1,
                        697, 777, 778, -1,
                        697, 778, 698, -1,
                        698, 778, 779, -1,
                        698, 779, 699, -1,
                        699, 779, 780, -1,
                        699, 780, 700, -1,
                        700, 780, 781, -1,
                        700, 781, 701, -1,
                        701, 781, 782, -1,
                        701, 782, 702, -1,
                        702, 782, 783, -1,
                        702, 783, 784, -1,
                        702, 784, 785, -1,
                        702, 785, 703, -1,
                        704, 785, 869, -1,
                        704, 869, 786, -1,
                        705, 786, 870, -1,
                        705, 870, 787, -1,
                        706, 787, 871, -1,
                        706, 871, 788, -1,
                        706, 788, 707, -1,
                        707, 788, 708, -1,
                        708, 788, 789, -1,
                        708, 789, 790, -1,
                        708, 790, 709, -1,
                        709, 790, 710, -1,
                        710, 790, 791, -1,
                        710, 791, 792, -1,
                        710, 792, 711, -1,
                        711, 792, 713, -1,
                        712, 713, 720, -1,
                        713, 793, 722, -1,
                        713, 722, 721, -1,
                        713, 721, 720, -1,
                        713, 792, 791, -1,
                        713, 791, 794, -1,
                        713, 794, 795, -1,
                        713, 795, 796, -1,
                        713, 796, 797, -1,
                        713, 797, 798, -1,
                        713, 798, 793, -1,
                        714, 799, 800, -1,
                        714, 800, 715, -1,
                        714, 722, 801, -1,
                        714, 801, 799, -1,
                        715, 800, 802, -1,
                        715, 802, 803, -1,
                        715, 803, 716, -1,
                        716, 803, 804, -1,
                        716, 804, 805, -1,
                        716, 805, 717, -1,
                        717, 805, 718, -1,
                        718, 805, 727, -1,
                        718, 727, 726, -1,
                        718, 726, 719, -1,
                        722, 793, 806, -1,
                        722, 806, 801, -1,
                        724, 807, 729, -1,
                        724, 725, 807, -1,
                        725, 808, 889, -1,
                        725, 889, 809, -1,
                        725, 809, 807, -1,
                        728, 810, 811, -1,
                        728, 811, 808, -1,
                        728, 805, 804, -1,
                        728, 804, 803, -1,
                        728, 803, 802, -1,
                        728, 802, 810, -1,
                        729, 812, 813, -1,
                        729, 813, 730, -1,
                        729, 807, 809, -1,
                        729, 809, 812, -1,
                        730, 813, 814, -1,
                        730, 814, 731, -1,
                        731, 814, 815, -1,
                        731, 815, 732, -1,
                        732, 815, 735, -1,
                        732, 735, 733, -1,
                        734, 739, 816, -1,
                        735, 815, 817, -1,
                        735, 817, 736, -1,
                        736, 817, 818, -1,
                        736, 818, 737, -1,
                        737, 818, 819, -1,
                        737, 819, 738, -1,
                        738, 819, 820, -1,
                        738, 820, 739, -1,
                        739, 820, 821, -1,
                        739, 821, 822, -1,
                        739, 822, 816, -1,
                        740, 823, 824, -1,
                        740, 824, 741, -1,
                        741, 824, 825, -1,
                        741, 825, 826, -1,
                        741, 826, 742, -1,
                        742, 826, 827, -1,
                        742, 827, 746, -1,
                        742, 746, 743, -1,
                        743, 746, 745, -1,
                        743, 745, 744, -1,
                        746, 827, 747, -1,
                        747, 827, 749, -1,
                        748, 828, 751, -1,
                        748, 749, 829, -1,
                        748, 829, 828, -1,
                        749, 827, 826, -1,
                        749, 826, 829, -1,
                        750, 751, 830, -1,
                        750, 830, 831, -1,
                        750, 831, 752, -1,
                        751, 828, 830, -1,
                        752, 831, 832, -1,
                        752, 832, 833, -1,
                        752, 833, 753, -1,
                        753, 833, 758, -1,
                        754, 834, 835, -1,
                        754, 835, 755, -1,
                        755, 835, 756, -1,
                        756, 836, 837, -1,
                        756, 837, 838, -1,
                        756, 838, 759, -1,
                        756, 759, 757, -1,
                        756, 835, 836, -1,
                        758, 839, 834, -1,
                        758, 833, 840, -1,
                        758, 840, 839, -1,
                        759, 838, 841, -1,
                        759, 841, 760, -1,
                        760, 841, 842, -1,
                        760, 842, 761, -1,
                        761, 842, 843, -1,
                        761, 843, 762, -1,
                        762, 843, 844, -1,
                        762, 844, 845, -1,
                        762, 845, 763, -1,
                        763, 845, 846, -1,
                        763, 846, 847, -1,
                        763, 847, 764, -1,
                        764, 847, 765, -1,
                        765, 847, 848, -1,
                        765, 848, 849, -1,
                        765, 849, 767, -1,
                        765, 767, 766, -1,
                        767, 849, 850, -1,
                        767, 850, 768, -1,
                        769, 850, 930, -1,
                        769, 930, 851, -1,
                        770, 851, 931, -1,
                        770, 931, 852, -1,
                        771, 852, 853, -1,
                        771, 853, 854, -1,
                        772, 855, 773, -1,
                        772, 854, 935, -1,
                        772, 935, 855, -1,
                        773, 855, 856, -1,
                        773, 856, 857, -1,
                        773, 857, 774, -1,
                        774, 857, 858, -1,
                        774, 858, 775, -1,
                        776, 859, 777, -1,
                        776, 858, 940, -1,
                        776, 940, 859, -1,
                        777, 860, 861, -1,
                        777, 861, 778, -1,
                        777, 859, 860, -1,
                        778, 861, 862, -1,
                        778, 862, 779, -1,
                        779, 862, 863, -1,
                        779, 863, 780, -1,
                        780, 863, 864, -1,
                        780, 864, 781, -1,
                        781, 864, 782, -1,
                        782, 865, 866, -1,
                        782, 866, 783, -1,
                        782, 864, 865, -1,
                        783, 866, 950, -1,
                        783, 950, 867, -1,
                        783, 867, 868, -1,
                        783, 868, 784, -1,
                        784, 868, 785, -1,
                        785, 868, 869, -1,
                        786, 869, 954, -1,
                        786, 954, 870, -1,
                        787, 870, 872, -1,
                        787, 872, 871, -1,
                        788, 871, 789, -1,
                        789, 871, 872, -1,
                        789, 872, 955, -1,
                        789, 955, 873, -1,
                        789, 873, 874, -1,
                        789, 874, 875, -1,
                        789, 875, 876, -1,
                        789, 876, 790, -1,
                        790, 876, 791, -1,
                        791, 876, 794, -1,
                        793, 798, 806, -1,
                        794, 876, 795, -1,
                        795, 876, 875, -1,
                        795, 875, 874, -1,
                        795, 874, 796, -1,
                        796, 874, 797, -1,
                        797, 874, 798, -1,
                        798, 874, 877, -1,
                        798, 877, 878, -1,
                        798, 878, 879, -1,
                        798, 879, 880, -1,
                        798, 880, 806, -1,
                        799, 801, 881, -1,
                        799, 881, 882, -1,
                        799, 882, 883, -1,
                        799, 883, 800, -1,
                        800, 883, 884, -1,
                        800, 884, 802, -1,
                        801, 806, 885, -1,
                        801, 885, 881, -1,
                        802, 884, 810, -1,
                        806, 886, 885, -1,
                        806, 880, 886, -1,
                        808, 811, 887, -1,
                        808, 887, 888, -1,
                        808, 888, 889, -1,
                        809, 889, 894, -1,
                        809, 894, 812, -1,
                        810, 890, 891, -1,
                        810, 891, 892, -1,
                        810, 892, 811, -1,
                        810, 884, 890, -1,
                        811, 892, 893, -1,
                        811, 893, 887, -1,
                        812, 894, 895, -1,
                        812, 895, 813, -1,
                        813, 895, 814, -1,
                        814, 895, 896, -1,
                        814, 896, 897, -1,
                        814, 897, 817, -1,
                        814, 817, 815, -1,
                        816, 822, 899, -1,
                        816, 899, 898, -1,
                        817, 897, 818, -1,
                        818, 897, 819, -1,
                        819, 897, 900, -1,
                        819, 900, 901, -1,
                        819, 901, 820, -1,
                        820, 901, 821, -1,
                        821, 902, 822, -1,
                        821, 901, 903, -1,
                        821, 903, 904, -1,
                        821, 904, 902, -1,
                        822, 902, 899, -1,
                        823, 905, 824, -1,
                        824, 906, 907, -1,
                        824, 907, 908, -1,
                        824, 908, 825, -1,
                        824, 905, 909, -1,
                        824, 909, 906, -1,
                        825, 908, 910, -1,
                        825, 910, 829, -1,
                        825, 829, 826, -1,
                        828, 829, 911, -1,
                        828, 911, 830, -1,
                        829, 910, 911, -1,
                        830, 911, 912, -1,
                        830, 912, 831, -1,
                        831, 913, 832, -1,
                        831, 912, 913, -1,
                        832, 913, 914, -1,
                        832, 914, 915, -1,
                        832, 915, 833, -1,
                        833, 915, 840, -1,
                        834, 839, 916, -1,
                        834, 916, 835, -1,
                        835, 916, 836, -1,
                        836, 916, 917, -1,
                        836, 917, 837, -1,
                        837, 917, 918, -1,
                        837, 918, 919, -1,
                        837, 919, 920, -1,
                        837, 920, 838, -1,
                        838, 920, 841, -1,
                        839, 840, 921, -1,
                        839, 921, 916, -1,
                        840, 915, 922, -1,
                        840, 922, 921, -1,
                        841, 920, 923, -1,
                        841, 923, 842, -1,
                        842, 923, 924, -1,
                        842, 924, 843, -1,
                        843, 924, 925, -1,
                        843, 925, 844, -1,
                        844, 925, 926, -1,
                        844, 926, 927, -1,
                        844, 927, 845, -1,
                        845, 927, 928, -1,
                        845, 928, 846, -1,
                        846, 928, 929, -1,
                        846, 929, 847, -1,
                        847, 929, 930, -1,
                        847, 930, 848, -1,
                        848, 930, 850, -1,
                        848, 850, 849, -1,
                        851, 930, 929, -1,
                        851, 929, 931, -1,
                        852, 931, 932, -1,
                        852, 932, 853, -1,
                        853, 932, 933, -1,
                        853, 933, 934, -1,
                        853, 934, 935, -1,
                        853, 935, 854, -1,
                        855, 936, 938, -1,
                        855, 938, 856, -1,
                        855, 935, 937, -1,
                        855, 937, 936, -1,
                        856, 938, 939, -1,
                        856, 939, 857, -1,
                        857, 939, 940, -1,
                        857, 940, 858, -1,
                        859, 941, 942, -1,
                        859, 942, 860, -1,
                        859, 940, 1012, -1,
                        859, 1012, 941, -1,
                        860, 942, 943, -1,
                        860, 943, 861, -1,
                        861, 943, 944, -1,
                        861, 944, 862, -1,
                        862, 944, 945, -1,
                        862, 945, 863, -1,
                        863, 945, 946, -1,
                        863, 946, 864, -1,
                        864, 946, 947, -1,
                        864, 947, 865, -1,
                        865, 947, 948, -1,
                        865, 948, 866, -1,
                        866, 948, 949, -1,
                        866, 949, 950, -1,
                        867, 950, 951, -1,
                        867, 951, 952, -1,
                        867, 952, 868, -1,
                        868, 952, 953, -1,
                        868, 953, 954, -1,
                        868, 954, 869, -1,
                        870, 954, 955, -1,
                        870, 955, 872, -1,
                        873, 955, 956, -1,
                        873, 956, 874, -1,
                        874, 956, 877, -1,
                        877, 956, 957, -1,
                        877, 957, 878, -1,
                        878, 957, 958, -1,
                        878, 958, 879, -1,
                        879, 958, 959, -1,
                        879, 959, 960, -1,
                        879, 960, 880, -1,
                        880, 960, 961, -1,
                        880, 961, 886, -1,
                        881, 962, 882, -1,
                        881, 885, 886, -1,
                        881, 886, 963, -1,
                        881, 963, 964, -1,
                        881, 964, 965, -1,
                        881, 965, 962, -1,
                        882, 962, 966, -1,
                        882, 966, 883, -1,
                        883, 966, 967, -1,
                        883, 967, 884, -1,
                        884, 967, 890, -1,
                        886, 961, 963, -1,
                        887, 893, 968, -1,
                        887, 968, 888, -1,
                        888, 968, 894, -1,
                        888, 894, 889, -1,
                        890, 969, 970, -1,
                        890, 970, 971, -1,
                        890, 971, 891, -1,
                        890, 967, 969, -1,
                        891, 971, 972, -1,
                        891, 972, 973, -1,
                        891, 973, 892, -1,
                        892, 973, 893, -1,
                        893, 973, 974, -1,
                        893, 974, 968, -1,
                        894, 968, 896, -1,
                        894, 896, 895, -1,
                        896, 975, 897, -1,
                        896, 968, 975, -1,
                        897, 975, 900, -1,
                        898, 899, 976, -1,
                        899, 902, 977, -1,
                        899, 977, 978, -1,
                        899, 978, 979, -1,
                        899, 979, 976, -1,
                        900, 975, 980, -1,
                        900, 980, 901, -1,
                        901, 980, 981, -1,
                        901, 981, 903, -1,
                        902, 904, 982, -1,
                        902, 982, 977, -1,
                        903, 981, 983, -1,
                        903, 983, 904, -1,
                        904, 983, 984, -1,
                        904, 984, 982, -1,
                        906, 909, 907, -1,
                        907, 985, 986, -1,
                        907, 986, 908, -1,
                        907, 909, 987, -1,
                        907, 987, 988, -1,
                        907, 988, 985, -1,
                        908, 989, 910, -1,
                        908, 986, 989, -1,
                        910, 989, 911, -1,
                        911, 989, 990, -1,
                        911, 990, 912, -1,
                        912, 990, 991, -1,
                        912, 991, 992, -1,
                        912, 992, 913, -1,
                        913, 992, 993, -1,
                        913, 993, 914, -1,
                        914, 994, 915, -1,
                        914, 993, 994, -1,
                        915, 994, 922, -1,
                        916, 995, 917, -1,
                        916, 921, 995, -1,
                        917, 996, 918, -1,
                        917, 995, 996, -1,
                        918, 996, 997, -1,
                        918, 997, 998, -1,
                        918, 998, 919, -1,
                        919, 998, 999, -1,
                        919, 999, 920, -1,
                        920, 999, 923, -1,
                        921, 1000, 1001, -1,
                        921, 1001, 995, -1,
                        921, 922, 1002, -1,
                        921, 1002, 1000, -1,
                        922, 994, 1002, -1,
                        923, 999, 1003, -1,
                        923, 1003, 924, -1,
                        924, 1003, 1004, -1,
                        924, 1004, 925, -1,
                        925, 1004, 1005, -1,
                        925, 1005, 926, -1,
                        926, 1005, 1006, -1,
                        926, 1006, 933, -1,
                        926, 933, 927, -1,
                        927, 933, 932, -1,
                        927, 932, 928, -1,
                        928, 932, 931, -1,
                        928, 931, 929, -1,
                        933, 1006, 1007, -1,
                        933, 1007, 934, -1,
                        934, 1007, 935, -1,
                        935, 1007, 937, -1,
                        936, 1008, 1010, -1,
                        936, 1010, 938, -1,
                        936, 937, 1009, -1,
                        936, 1009, 1008, -1,
                        937, 1007, 1074, -1,
                        937, 1074, 1009, -1,
                        938, 1010, 939, -1,
                        939, 1010, 1011, -1,
                        939, 1011, 940, -1,
                        940, 1011, 1012, -1,
                        941, 1013, 942, -1,
                        941, 1012, 1079, -1,
                        941, 1079, 1013, -1,
                        942, 1014, 1015, -1,
                        942, 1015, 943, -1,
                        942, 1013, 1014, -1,
                        943, 1015, 1016, -1,
                        943, 1016, 944, -1,
                        944, 1016, 1017, -1,
                        944, 1017, 945, -1,
                        945, 1017, 1018, -1,
                        945, 1018, 946, -1,
                        946, 1018, 1019, -1,
                        946, 1019, 947, -1,
                        947, 1019, 1020, -1,
                        947, 1020, 948, -1,
                        948, 1021, 949, -1,
                        948, 1020, 1021, -1,
                        949, 1021, 1022, -1,
                        949, 1022, 1023, -1,
                        949, 1023, 950, -1,
                        950, 1023, 951, -1,
                        951, 1023, 1024, -1,
                        951, 1024, 1025, -1,
                        951, 1025, 952, -1,
                        952, 1025, 1026, -1,
                        952, 1026, 953, -1,
                        953, 1026, 954, -1,
                        954, 1026, 1027, -1,
                        954, 1027, 955, -1,
                        955, 1027, 956, -1,
                        956, 1027, 1026, -1,
                        956, 1026, 1025, -1,
                        956, 1025, 957, -1,
                        957, 1025, 1024, -1,
                        957, 1024, 958, -1,
                        958, 1024, 1028, -1,
                        958, 1028, 959, -1,
                        959, 1028, 1029, -1,
                        959, 1029, 1030, -1,
                        959, 1030, 1031, -1,
                        959, 1031, 960, -1,
                        960, 1031, 1032, -1,
                        960, 1032, 1033, -1,
                        960, 1033, 961, -1,
                        961, 1033, 1034, -1,
                        961, 1034, 963, -1,
                        962, 965, 966, -1,
                        963, 1035, 964, -1,
                        963, 1034, 1036, -1,
                        963, 1036, 1035, -1,
                        964, 1035, 1037, -1,
                        964, 1037, 966, -1,
                        964, 966, 965, -1,
                        966, 1037, 1038, -1,
                        966, 1038, 967, -1,
                        967, 1038, 969, -1,
                        968, 974, 980, -1,
                        968, 980, 975, -1,
                        969, 1039, 1040, -1,
                        969, 1040, 1041, -1,
                        969, 1041, 970, -1,
                        969, 1038, 1037, -1,
                        969, 1037, 1039, -1,
                        970, 1041, 971, -1,
                        971, 1041, 1042, -1,
                        971, 1042, 972, -1,
                        972, 1043, 1044, -1,
                        972, 1044, 973, -1,
                        972, 1042, 1043, -1,
                        973, 1044, 974, -1,
                        974, 1044, 1045, -1,
                        974, 1045, 980, -1,
                        977, 982, 1046, -1,
                        977, 1046, 1047, -1,
                        977, 1047, 978, -1,
                        978, 1047, 1048, -1,
                        978, 1048, 1049, -1,
                        978, 1049, 1050, -1,
                        978, 1050, 979, -1,
                        980, 1045, 981, -1,
                        981, 1045, 983, -1,
                        982, 984, 1051, -1,
                        982, 1051, 1046, -1,
                        983, 1045, 1044, -1,
                        983, 1044, 984, -1,
                        984, 1044, 1043, -1,
                        984, 1043, 1051, -1,
                        985, 988, 1052, -1,
                        985, 1052, 1053, -1,
                        985, 1053, 1054, -1,
                        985, 1054, 1055, -1,
                        985, 1055, 986, -1,
                        986, 1055, 1056, -1,
                        986, 1056, 989, -1,
                        987, 1052, 988, -1,
                        989, 1056, 990, -1,
                        990, 1056, 991, -1,
                        991, 1057, 1058, -1,
                        991, 1058, 992, -1,
                        991, 1056, 1059, -1,
                        991, 1059, 1057, -1,
                        992, 1058, 993, -1,
                        993, 1060, 1061, -1,
                        993, 1061, 994, -1,
                        993, 1058, 1062, -1,
                        993, 1062, 1060, -1,
                        994, 1061, 1060, -1,
                        994, 1060, 1063, -1,
                        994, 1063, 1002, -1,
                        995, 1001, 996, -1,
                        996, 1064, 1065, -1,
                        996, 1065, 997, -1,
                        996, 1001, 1064, -1,
                        997, 1065, 1066, -1,
                        997, 1066, 998, -1,
                        998, 1066, 1067, -1,
                        998, 1067, 1068, -1,
                        998, 1068, 999, -1,
                        999, 1068, 1069, -1,
                        999, 1069, 1003, -1,
                        1000, 1002, 1063, -1,
                        1000, 1063, 1070, -1,
                        1000, 1070, 1001, -1,
                        1001, 1070, 1064, -1,
                        1003, 1069, 1071, -1,
                        1003, 1071, 1004, -1,
                        1004, 1071, 1072, -1,
                        1004, 1072, 1005, -1,
                        1005, 1072, 1073, -1,
                        1005, 1073, 1006, -1,
                        1006, 1073, 1007, -1,
                        1007, 1073, 1074, -1,
                        1008, 1075, 1078, -1,
                        1008, 1078, 1010, -1,
                        1008, 1009, 1076, -1,
                        1008, 1076, 1075, -1,
                        1009, 1074, 1077, -1,
                        1009, 1077, 1076, -1,
                        1010, 1078, 1079, -1,
                        1010, 1079, 1011, -1,
                        1011, 1079, 1012, -1,
                        1013, 1080, 1081, -1,
                        1013, 1081, 1014, -1,
                        1013, 1079, 1139, -1,
                        1013, 1139, 1080, -1,
                        1014, 1081, 1082, -1,
                        1014, 1082, 1015, -1,
                        1015, 1082, 1083, -1,
                        1015, 1083, 1016, -1,
                        1016, 1083, 1084, -1,
                        1016, 1084, 1017, -1,
                        1017, 1084, 1085, -1,
                        1017, 1085, 1018, -1,
                        1018, 1085, 1086, -1,
                        1018, 1086, 1019, -1,
                        1019, 1086, 1087, -1,
                        1019, 1087, 1020, -1,
                        1020, 1087, 1088, -1,
                        1020, 1088, 1021, -1,
                        1021, 1088, 1089, -1,
                        1021, 1089, 1022, -1,
                        1022, 1089, 1030, -1,
                        1022, 1030, 1029, -1,
                        1022, 1029, 1028, -1,
                        1022, 1028, 1023, -1,
                        1023, 1028, 1024, -1,
                        1030, 1089, 1090, -1,
                        1030, 1090, 1091, -1,
                        1030, 1091, 1032, -1,
                        1030, 1032, 1031, -1,
                        1032, 1091, 1092, -1,
                        1032, 1092, 1093, -1,
                        1032, 1093, 1094, -1,
                        1032, 1094, 1033, -1,
                        1033, 1094, 1095, -1,
                        1033, 1095, 1034, -1,
                        1034, 1096, 1036, -1,
                        1034, 1095, 1097, -1,
                        1034, 1097, 1096, -1,
                        1035, 1036, 1098, -1,
                        1035, 1098, 1099, -1,
                        1035, 1099, 1100, -1,
                        1035, 1100, 1037, -1,
                        1036, 1096, 1101, -1,
                        1036, 1101, 1098, -1,
                        1037, 1100, 1102, -1,
                        1037, 1102, 1039, -1,
                        1039, 1102, 1103, -1,
                        1039, 1103, 1040, -1,
                        1040, 1103, 1104, -1,
                        1040, 1104, 1105, -1,
                        1040, 1105, 1041, -1,
                        1041, 1105, 1042, -1,
                        1042, 1105, 1043, -1,
                        1043, 1106, 1051, -1,
                        1043, 1105, 1106, -1,
                        1046, 1107, 1047, -1,
                        1046, 1051, 1108, -1,
                        1046, 1108, 1107, -1,
                        1047, 1109, 1048, -1,
                        1047, 1107, 1109, -1,
                        1048, 1109, 1110, -1,
                        1048, 1110, 1111, -1,
                        1048, 1111, 1112, -1,
                        1048, 1112, 1049, -1,
                        1051, 1106, 1108, -1,
                        1052, 1113, 1054, -1,
                        1052, 1054, 1053, -1,
                        1054, 1114, 1055, -1,
                        1054, 1113, 1115, -1,
                        1054, 1115, 1114, -1,
                        1055, 1059, 1056, -1,
                        1055, 1114, 1059, -1,
                        1057, 1059, 1116, -1,
                        1057, 1116, 1117, -1,
                        1057, 1117, 1118, -1,
                        1057, 1118, 1058, -1,
                        1058, 1118, 1062, -1,
                        1059, 1114, 1116, -1,
                        1060, 1119, 1063, -1,
                        1060, 1062, 1118, -1,
                        1060, 1118, 1120, -1,
                        1060, 1120, 1121, -1,
                        1060, 1121, 1122, -1,
                        1060, 1122, 1119, -1,
                        1063, 1119, 1070, -1,
                        1064, 1070, 1123, -1,
                        1064, 1123, 1065, -1,
                        1065, 1123, 1124, -1,
                        1065, 1124, 1125, -1,
                        1065, 1125, 1066, -1,
                        1066, 1126, 1067, -1,
                        1066, 1125, 1126, -1,
                        1067, 1126, 1127, -1,
                        1067, 1127, 1128, -1,
                        1067, 1128, 1068, -1,
                        1068, 1128, 1069, -1,
                        1069, 1128, 1129, -1,
                        1069, 1129, 1071, -1,
                        1070, 1119, 1130, -1,
                        1070, 1130, 1123, -1,
                        1071, 1129, 1131, -1,
                        1071, 1131, 1072, -1,
                        1072, 1131, 1132, -1,
                        1072, 1132, 1073, -1,
                        1073, 1132, 1074, -1,
                        1074, 1132, 1077, -1,
                        1075, 1133, 1078, -1,
                        1075, 1076, 1134, -1,
                        1075, 1134, 1133, -1,
                        1076, 1077, 1135, -1,
                        1076, 1135, 1134, -1,
                        1077, 1132, 1136, -1,
                        1077, 1136, 1135, -1,
                        1078, 1133, 1079, -1,
                        1079, 1133, 1137, -1,
                        1079, 1137, 1138, -1,
                        1079, 1138, 1139, -1,
                        1080, 1140, 1141, -1,
                        1080, 1141, 1081, -1,
                        1080, 1139, 1193, -1,
                        1080, 1193, 1140, -1,
                        1081, 1141, 1082, -1,
                        1082, 1141, 1083, -1,
                        1083, 1142, 1143, -1,
                        1083, 1143, 1084, -1,
                        1083, 1141, 1142, -1,
                        1084, 1143, 1144, -1,
                        1084, 1144, 1085, -1,
                        1085, 1144, 1145, -1,
                        1085, 1145, 1086, -1,
                        1086, 1145, 1146, -1,
                        1086, 1146, 1087, -1,
                        1087, 1146, 1147, -1,
                        1087, 1147, 1088, -1,
                        1088, 1147, 1090, -1,
                        1088, 1090, 1089, -1,
                        1090, 1092, 1091, -1,
                        1090, 1147, 1092, -1,
                        1092, 1148, 1093, -1,
                        1092, 1147, 1149, -1,
                        1092, 1149, 1148, -1,
                        1093, 1148, 1094, -1,
                        1094, 1148, 1150, -1,
                        1094, 1150, 1151, -1,
                        1094, 1151, 1095, -1,
                        1095, 1151, 1097, -1,
                        1096, 1097, 1152, -1,
                        1096, 1152, 1153, -1,
                        1096, 1153, 1101, -1,
                        1097, 1151, 1154, -1,
                        1097, 1154, 1155, -1,
                        1097, 1155, 1156, -1,
                        1097, 1156, 1152, -1,
                        1098, 1101, 1099, -1,
                        1099, 1101, 1157, -1,
                        1099, 1157, 1158, -1,
                        1099, 1158, 1100, -1,
                        1100, 1158, 1102, -1,
                        1101, 1153, 1159, -1,
                        1101, 1159, 1157, -1,
                        1102, 1158, 1160, -1,
                        1102, 1160, 1103, -1,
                        1103, 1160, 1161, -1,
                        1103, 1161, 1104, -1,
                        1104, 1161, 1162, -1,
                        1104, 1162, 1106, -1,
                        1104, 1106, 1105, -1,
                        1106, 1162, 1108, -1,
                        1107, 1108, 1163, -1,
                        1107, 1163, 1164, -1,
                        1107, 1164, 1109, -1,
                        1108, 1162, 1163, -1,
                        1109, 1164, 1165, -1,
                        1109, 1165, 1110, -1,
                        1110, 1165, 1216, -1,
                        1110, 1216, 1166, -1,
                        1110, 1166, 1167, -1,
                        1110, 1167, 1168, -1,
                        1110, 1168, 1169, -1,
                        1110, 1169, 1111, -1,
                        1113, 1170, 1115, -1,
                        1114, 1115, 1171, -1,
                        1114, 1171, 1172, -1,
                        1114, 1172, 1116, -1,
                        1115, 1170, 1171, -1,
                        1116, 1173, 1117, -1,
                        1116, 1172, 1173, -1,
                        1117, 1174, 1118, -1,
                        1117, 1173, 1175, -1,
                        1117, 1175, 1174, -1,
                        1118, 1121, 1120, -1,
                        1118, 1174, 1121, -1,
                        1119, 1122, 1176, -1,
                        1119, 1176, 1130, -1,
                        1121, 1177, 1122, -1,
                        1121, 1174, 1178, -1,
                        1121, 1178, 1179, -1,
                        1121, 1179, 1180, -1,
                        1121, 1180, 1177, -1,
                        1122, 1177, 1176, -1,
                        1123, 1130, 1176, -1,
                        1123, 1176, 1181, -1,
                        1123, 1181, 1124, -1,
                        1124, 1181, 1182, -1,
                        1124, 1182, 1125, -1,
                        1125, 1182, 1183, -1,
                        1125, 1183, 1126, -1,
                        1126, 1183, 1184, -1,
                        1126, 1184, 1127, -1,
                        1127, 1184, 1185, -1,
                        1127, 1185, 1186, -1,
                        1127, 1186, 1128, -1,
                        1128, 1186, 1129, -1,
                        1129, 1186, 1187, -1,
                        1129, 1187, 1131, -1,
                        1131, 1187, 1136, -1,
                        1131, 1136, 1132, -1,
                        1133, 1188, 1189, -1,
                        1133, 1189, 1137, -1,
                        1133, 1134, 1190, -1,
                        1133, 1190, 1188, -1,
                        1134, 1135, 1191, -1,
                        1134, 1191, 1190, -1,
                        1135, 1136, 1192, -1,
                        1135, 1192, 1191, -1,
                        1136, 1187, 1192, -1,
                        1137, 1189, 1138, -1,
                        1138, 1189, 1139, -1,
                        1139, 1189, 1193, -1,
                        1140, 1194, 1141, -1,
                        1140, 1193, 1240, -1,
                        1140, 1240, 1194, -1,
                        1141, 1194, 1195, -1,
                        1141, 1195, 1196, -1,
                        1141, 1196, 1142, -1,
                        1142, 1196, 1143, -1,
                        1143, 1196, 1197, -1,
                        1143, 1197, 1144, -1,
                        1144, 1197, 1198, -1,
                        1144, 1198, 1145, -1,
                        1145, 1198, 1199, -1,
                        1145, 1199, 1146, -1,
                        1146, 1199, 1149, -1,
                        1146, 1149, 1147, -1,
                        1148, 1149, 1200, -1,
                        1148, 1200, 1150, -1,
                        1149, 1199, 1200, -1,
                        1150, 1201, 1151, -1,
                        1150, 1200, 1202, -1,
                        1150, 1202, 1201, -1,
                        1151, 1201, 1154, -1,
                        1152, 1156, 1203, -1,
                        1152, 1203, 1153, -1,
                        1153, 1203, 1159, -1,
                        1154, 1201, 1204, -1,
                        1154, 1204, 1155, -1,
                        1155, 1205, 1156, -1,
                        1155, 1204, 1206, -1,
                        1155, 1206, 1207, -1,
                        1155, 1207, 1205, -1,
                        1156, 1205, 1203, -1,
                        1157, 1159, 1208, -1,
                        1157, 1208, 1158, -1,
                        1158, 1208, 1209, -1,
                        1158, 1209, 1210, -1,
                        1158, 1210, 1160, -1,
                        1159, 1203, 1211, -1,
                        1159, 1211, 1208, -1,
                        1160, 1210, 1161, -1,
                        1161, 1210, 1212, -1,
                        1161, 1212, 1162, -1,
                        1162, 1212, 1163, -1,
                        1163, 1213, 1164, -1,
                        1163, 1212, 1213, -1,
                        1164, 1214, 1165, -1,
                        1164, 1213, 1214, -1,
                        1165, 1214, 1215, -1,
                        1165, 1215, 1216, -1,
                        1166, 1216, 1217, -1,
                        1166, 1217, 1218, -1,
                        1166, 1218, 1219, -1,
                        1166, 1219, 1167, -1,
                        1170, 1220, 1171, -1,
                        1171, 1221, 1222, -1,
                        1171, 1222, 1172, -1,
                        1171, 1220, 1221, -1,
                        1172, 1222, 1223, -1,
                        1172, 1223, 1173, -1,
                        1173, 1223, 1224, -1,
                        1173, 1224, 1175, -1,
                        1174, 1175, 1178, -1,
                        1175, 1224, 1225, -1,
                        1175, 1225, 1178, -1,
                        1176, 1177, 1226, -1,
                        1176, 1226, 1181, -1,
                        1177, 1180, 1227, -1,
                        1177, 1227, 1226, -1,
                        1178, 1225, 1179, -1,
                        1179, 1225, 1228, -1,
                        1179, 1228, 1229, -1,
                        1179, 1229, 1230, -1,
                        1179, 1230, 1227, -1,
                        1179, 1227, 1180, -1,
                        1181, 1226, 1227, -1,
                        1181, 1227, 1231, -1,
                        1181, 1231, 1182, -1,
                        1182, 1231, 1232, -1,
                        1182, 1232, 1183, -1,
                        1183, 1232, 1233, -1,
                        1183, 1233, 1234, -1,
                        1183, 1234, 1184, -1,
                        1184, 1234, 1235, -1,
                        1184, 1235, 1185, -1,
                        1185, 1235, 1236, -1,
                        1185, 1236, 1237, -1,
                        1185, 1237, 1186, -1,
                        1186, 1237, 1187, -1,
                        1187, 1237, 1192, -1,
                        1188, 1238, 1189, -1,
                        1188, 1190, 1242, -1,
                        1188, 1242, 1238, -1,
                        1189, 1239, 1240, -1,
                        1189, 1240, 1193, -1,
                        1189, 1238, 1239, -1,
                        1190, 1191, 1241, -1,
                        1190, 1241, 1242, -1,
                        1191, 1192, 1243, -1,
                        1191, 1243, 1241, -1,
                        1192, 1237, 1243, -1,
                        1194, 1244, 1245, -1,
                        1194, 1245, 1195, -1,
                        1194, 1240, 1288, -1,
                        1194, 1288, 1244, -1,
                        1195, 1245, 1246, -1,
                        1195, 1246, 1247, -1,
                        1195, 1247, 1196, -1,
                        1196, 1247, 1248, -1,
                        1196, 1248, 1197, -1,
                        1197, 1248, 1198, -1,
                        1198, 1248, 1249, -1,
                        1198, 1249, 1199, -1,
                        1199, 1249, 1200, -1,
                        1200, 1249, 1202, -1,
                        1201, 1202, 1250, -1,
                        1201, 1250, 1204, -1,
                        1202, 1249, 1251, -1,
                        1202, 1251, 1250, -1,
                        1203, 1205, 1252, -1,
                        1203, 1252, 1211, -1,
                        1204, 1250, 1253, -1,
                        1204, 1253, 1206, -1,
                        1205, 1207, 1254, -1,
                        1205, 1254, 1252, -1,
                        1206, 1253, 1255, -1,
                        1206, 1255, 1256, -1,
                        1206, 1256, 1207, -1,
                        1207, 1256, 1257, -1,
                        1207, 1257, 1254, -1,
                        1208, 1211, 1258, -1,
                        1208, 1258, 1259, -1,
                        1208, 1259, 1209, -1,
                        1209, 1259, 1210, -1,
                        1210, 1259, 1260, -1,
                        1210, 1260, 1212, -1,
                        1211, 1252, 1258, -1,
                        1212, 1260, 1213, -1,
                        1213, 1260, 1261, -1,
                        1213, 1261, 1214, -1,
                        1214, 1261, 1262, -1,
                        1214, 1262, 1215, -1,
                        1215, 1262, 1263, -1,
                        1215, 1263, 1264, -1,
                        1215, 1264, 1216, -1,
                        1216, 1264, 1265, -1,
                        1216, 1265, 1217, -1,
                        1217, 1265, 1266, -1,
                        1220, 1267, 1221, -1,
                        1221, 1268, 1269, -1,
                        1221, 1269, 1222, -1,
                        1221, 1267, 1270, -1,
                        1221, 1270, 1271, -1,
                        1221, 1271, 1268, -1,
                        1222, 1269, 1272, -1,
                        1222, 1272, 1223, -1,
                        1223, 1272, 1273, -1,
                        1223, 1273, 1224, -1,
                        1224, 1273, 1274, -1,
                        1224, 1274, 1225, -1,
                        1225, 1274, 1228, -1,
                        1227, 1230, 1231, -1,
                        1228, 1274, 1275, -1,
                        1228, 1275, 1276, -1,
                        1228, 1276, 1229, -1,
                        1229, 1276, 1279, -1,
                        1229, 1279, 1277, -1,
                        1229, 1277, 1230, -1,
                        1230, 1277, 1278, -1,
                        1230, 1278, 1231, -1,
                        1231, 1278, 1232, -1,
                        1232, 1278, 1233, -1,
                        1233, 1277, 1279, -1,
                        1233, 1279, 1280, -1,
                        1233, 1280, 1281, -1,
                        1233, 1281, 1234, -1,
                        1233, 1278, 1277, -1,
                        1234, 1281, 1235, -1,
                        1235, 1281, 1282, -1,
                        1235, 1282, 1236, -1,
                        1236, 1282, 1283, -1,
                        1236, 1283, 1243, -1,
                        1236, 1243, 1237, -1,
                        1238, 1284, 1239, -1,
                        1238, 1242, 1285, -1,
                        1238, 1285, 1284, -1,
                        1239, 1284, 1240, -1,
                        1240, 1284, 1286, -1,
                        1240, 1286, 1287, -1,
                        1240, 1287, 1288, -1,
                        1241, 1289, 1242, -1,
                        1241, 1243, 1283, -1,
                        1241, 1283, 1289, -1,
                        1242, 1289, 1285, -1,
                        1244, 1290, 1245, -1,
                        1244, 1288, 1329, -1,
                        1244, 1329, 1290, -1,
                        1245, 1291, 1246, -1,
                        1245, 1290, 1291, -1,
                        1246, 1291, 1292, -1,
                        1246, 1292, 1247, -1,
                        1247, 1292, 1248, -1,
                        1248, 1292, 1251, -1,
                        1248, 1251, 1249, -1,
                        1250, 1251, 1292, -1,
                        1250, 1292, 1293, -1,
                        1250, 1293, 1253, -1,
                        1252, 1294, 1258, -1,
                        1252, 1254, 1294, -1,
                        1253, 1293, 1295, -1,
                        1253, 1295, 1330, -1,
                        1253, 1330, 1296, -1,
                        1253, 1296, 1299, -1,
                        1253, 1299, 1255, -1,
                        1254, 1257, 1297, -1,
                        1254, 1297, 1294, -1,
                        1255, 1298, 1256, -1,
                        1255, 1299, 1300, -1,
                        1255, 1300, 1298, -1,
                        1256, 1298, 1301, -1,
                        1256, 1301, 1257, -1,
                        1257, 1302, 1297, -1,
                        1257, 1301, 1303, -1,
                        1257, 1303, 1302, -1,
                        1258, 1294, 1304, -1,
                        1258, 1304, 1260, -1,
                        1258, 1260, 1259, -1,
                        1260, 1304, 1261, -1,
                        1261, 1304, 1305, -1,
                        1261, 1305, 1262, -1,
                        1262, 1305, 1263, -1,
                        1263, 1305, 1306, -1,
                        1263, 1306, 1307, -1,
                        1263, 1307, 1264, -1,
                        1264, 1307, 1308, -1,
                        1264, 1308, 1265, -1,
                        1265, 1308, 1309, -1,
                        1265, 1309, 1310, -1,
                        1265, 1310, 1311, -1,
                        1265, 1311, 1266, -1,
                        1268, 1312, 1313, -1,
                        1268, 1313, 1269, -1,
                        1268, 1271, 1314, -1,
                        1268, 1314, 1315, -1,
                        1268, 1315, 1347, -1,
                        1268, 1347, 1312, -1,
                        1269, 1313, 1316, -1,
                        1269, 1316, 1272, -1,
                        1272, 1316, 1317, -1,
                        1272, 1317, 1273, -1,
                        1273, 1317, 1318, -1,
                        1273, 1318, 1319, -1,
                        1273, 1319, 1274, -1,
                        1274, 1319, 1275, -1,
                        1275, 1319, 1320, -1,
                        1275, 1320, 1321, -1,
                        1275, 1321, 1276, -1,
                        1276, 1321, 1322, -1,
                        1276, 1322, 1279, -1,
                        1279, 1322, 1323, -1,
                        1279, 1323, 1280, -1,
                        1280, 1323, 1324, -1,
                        1280, 1324, 1281, -1,
                        1281, 1324, 1282, -1,
                        1282, 1324, 1325, -1,
                        1282, 1325, 1283, -1,
                        1283, 1325, 1289, -1,
                        1284, 1326, 1327, -1,
                        1284, 1327, 1287, -1,
                        1284, 1287, 1286, -1,
                        1284, 1285, 1326, -1,
                        1285, 1289, 1325, -1,
                        1285, 1325, 1328, -1,
                        1285, 1328, 1326, -1,
                        1287, 1327, 1329, -1,
                        1287, 1329, 1288, -1,
                        1290, 1295, 1291, -1,
                        1290, 1329, 1330, -1,
                        1290, 1330, 1295, -1,
                        1291, 1295, 1293, -1,
                        1291, 1293, 1292, -1,
                        1294, 1297, 1305, -1,
                        1294, 1305, 1304, -1,
                        1296, 1330, 1331, -1,
                        1296, 1331, 1332, -1,
                        1296, 1332, 1333, -1,
                        1296, 1333, 1299, -1,
                        1297, 1302, 1306, -1,
                        1297, 1306, 1305, -1,
                        1298, 1300, 1301, -1,
                        1299, 1333, 1300, -1,
                        1300, 1334, 1301, -1,
                        1300, 1333, 1335, -1,
                        1300, 1335, 1336, -1,
                        1300, 1336, 1334, -1,
                        1301, 1334, 1337, -1,
                        1301, 1337, 1338, -1,
                        1301, 1338, 1303, -1,
                        1302, 1303, 1339, -1,
                        1302, 1339, 1306, -1,
                        1303, 1338, 1340, -1,
                        1303, 1340, 1341, -1,
                        1303, 1341, 1342, -1,
                        1303, 1342, 1339, -1,
                        1306, 1339, 1307, -1,
                        1307, 1339, 1343, -1,
                        1307, 1343, 1308, -1,
                        1308, 1343, 1344, -1,
                        1308, 1344, 1309, -1,
                        1309, 1344, 1345, -1,
                        1309, 1345, 1346, -1,
                        1309, 1346, 1310, -1,
                        1312, 1347, 1348, -1,
                        1312, 1348, 1349, -1,
                        1312, 1349, 1313, -1,
                        1313, 1350, 1316, -1,
                        1313, 1349, 1351, -1,
                        1313, 1351, 1350, -1,
                        1316, 1350, 1352, -1,
                        1316, 1352, 1317, -1,
                        1317, 1352, 1353, -1,
                        1317, 1353, 1318, -1,
                        1318, 1353, 1354, -1,
                        1318, 1354, 1355, -1,
                        1318, 1355, 1320, -1,
                        1318, 1320, 1319, -1,
                        1320, 1355, 1356, -1,
                        1320, 1356, 1321, -1,
                        1321, 1356, 1357, -1,
                        1321, 1357, 1322, -1,
                        1322, 1357, 1358, -1,
                        1322, 1358, 1323, -1,
                        1323, 1358, 1359, -1,
                        1323, 1359, 1324, -1,
                        1324, 1359, 1325, -1,
                        1325, 1359, 1328, -1,
                        1326, 1360, 1327, -1,
                        1326, 1328, 1361, -1,
                        1326, 1361, 1360, -1,
                        1327, 1360, 1362, -1,
                        1327, 1362, 1331, -1,
                        1327, 1331, 1329, -1,
                        1328, 1359, 1361, -1,
                        1329, 1331, 1330, -1,
                        1331, 1362, 1363, -1,
                        1331, 1363, 1332, -1,
                        1332, 1363, 1333, -1,
                        1333, 1363, 1364, -1,
                        1333, 1364, 1335, -1,
                        1334, 1336, 1365, -1,
                        1334, 1365, 1337, -1,
                        1335, 1364, 1366, -1,
                        1335, 1366, 1354, -1,
                        1335, 1354, 1336, -1,
                        1336, 1354, 1365, -1,
                        1337, 1340, 1338, -1,
                        1337, 1365, 1367, -1,
                        1337, 1367, 1368, -1,
                        1337, 1368, 1340, -1,
                        1339, 1342, 1343, -1,
                        1340, 1369, 1370, -1,
                        1340, 1370, 1371, -1,
                        1340, 1371, 1341, -1,
                        1340, 1368, 1378, -1,
                        1340, 1378, 1369, -1,
                        1341, 1371, 1342, -1,
                        1342, 1371, 1343, -1,
                        1343, 1371, 1344, -1,
                        1344, 1371, 1372, -1,
                        1344, 1372, 1345, -1,
                        1345, 1372, 1373, -1,
                        1345, 1373, 1374, -1,
                        1345, 1374, 1375, -1,
                        1345, 1375, 1346, -1,
                        1348, 1376, 1377, -1,
                        1348, 1377, 1349, -1,
                        1349, 1377, 1379, -1,
                        1349, 1379, 1351, -1,
                        1350, 1367, 1352, -1,
                        1350, 1351, 1378, -1,
                        1350, 1378, 1368, -1,
                        1350, 1368, 1367, -1,
                        1351, 1379, 1369, -1,
                        1351, 1369, 1378, -1,
                        1352, 1367, 1365, -1,
                        1352, 1365, 1353, -1,
                        1353, 1365, 1354, -1,
                        1354, 1366, 1356, -1,
                        1354, 1356, 1355, -1,
                        1356, 1366, 1364, -1,
                        1356, 1364, 1357, -1,
                        1357, 1380, 1358, -1,
                        1357, 1364, 1380, -1,
                        1358, 1380, 1359, -1,
                        1359, 1380, 1361, -1,
                        1360, 1363, 1362, -1,
                        1360, 1361, 1380, -1,
                        1360, 1380, 1363, -1,
                        1363, 1380, 1364, -1,
                        1369, 1379, 1370, -1,
                        1370, 1381, 1373, -1,
                        1370, 1373, 1371, -1,
                        1370, 1379, 1381, -1,
                        1371, 1373, 1372, -1,
                        1373, 1381, 1374, -1,
                        1374, 1381, 1377, -1,
                        1374, 1377, 1382, -1,
                        1374, 1382, 1375, -1,
                        1376, 1382, 1377, -1,
                        1377, 1381, 1379, -1,
                ]
            }
        }
    ]
}
#VRML V2.0 utf8

# Vertices: 175
# Triangles: 346

Group {
    children [
        Shape {
            appearance Appearance {
                material Material {
                    diffuseColor 0.150000 0.930000 0.350000
                    ambientIntensity 0.400000
                    specularColor 0.500000 0.500000 0.500000
                    emissiveColor 0.000000 0.000000 0.000000
                    shininess 0.400000
                    transparency 0.500000
                }
            }
            geometry IndexedFaceSet {
                ccw TRUE
                solid TRUE
                convex TRUE
                coord DEF co Coordinate {
                    point [
                        0.213643 -0.276497 -0.007291,
                        0.206444 -0.519290 -0.036434,
                        0.210402 -0.276497 -0.021862,
                        0.209686 -0.276497 0.005869,
                        0.206234 -0.519290 -0.021875,
                        0.204676 -0.519290 -0.044366,
                        0.202740 -0.519290 -0.052431,
                        0.205855 -0.276497 -0.032303,
                        0.208002 -0.276497 0.007809,
                        0.193058 -0.519290 0.006978,
                        0.200130 -0.519290 -0.003951,
                        0.200803 -0.519290 -0.005179,
                        0.201898 -0.519290 -0.007660,
                        0.202361 -0.276497 -0.039021,
                        0.201898 -0.519290 -0.053817,
                        0.195541 -0.276497 -0.051019,
                        0.201182 -0.276497 0.012548,
                        0.182196 -0.519290 0.016652,
                        0.195373 -0.519290 -0.064310,
                        0.194699 -0.519290 -0.065340,
                        0.190069 -0.276497 -0.058899,
                        0.199204 -0.276497 0.013683,
                        0.168346 -0.519290 0.024559,
                        0.188679 -0.519290 -0.072018,
                        0.182954 -0.519290 -0.077390,
                        0.182196 -0.276497 -0.065881,
                        0.189900 -0.276497 0.018632,
                        0.175419 -0.276497 0.022896,
                        0.153065 -0.519290 0.028307,
                        0.172009 -0.519290 -0.084848,
                        0.174366 -0.276497 -0.072573,
                        0.160811 -0.276497 0.025945,
                        0.138457 -0.519290 0.030657,
                        0.170493 -0.519290 -0.085692,
                        0.166410 -0.519290 -0.087712,
                        0.163547 -0.519290 -0.089124,
                        0.167041 -0.276497 -0.075965,
                        0.147887 -0.276497 0.027766,
                        0.141446 -0.276497 0.028545,
                        0.137068 -0.276497 0.029020,
                        0.133069 -0.276497 0.029442,
                        0.123892 -0.519290 0.031976,
                        0.156559 -0.519290 -0.092107,
                        0.153065 -0.276497 -0.081112,
                        0.123892 -0.276497 0.030036,
                        0.114714 -0.276497 0.030498,
                        0.109621 -0.519290 0.032636,
                        0.153360 -0.519290 -0.093163,
                        0.140899 -0.519290 -0.096304,
                        0.138457 -0.276497 -0.084491,
                        0.109326 -0.276497 0.030723,
                        0.109326 -0.519290 0.032650,
                        0.138457 -0.519290 -0.096780,
                        0.124397 -0.519290 -0.098918,
                        0.123765 -0.519290 -0.099010,
                        0.130669 -0.276497 -0.085600,
                        0.101033 -0.276497 0.030987,
                        0.094760 -0.276497 0.031158,
                        0.094760 -0.519290 0.033032,
                        0.123008 -0.519290 -0.099076,
                        0.115135 -0.276497 -0.087395,
                        0.119219 -0.276497 -0.087012,
                        0.123892 -0.276497 -0.086564,
                        0.086804 -0.276497 0.031277,
                        0.080153 -0.276497 0.031369,
                        0.080153 -0.519290 0.033217,
                        0.112315 -0.519290 -0.100000,
                        0.109326 -0.519290 -0.100225,
                        0.107853 -0.276497 -0.087751,
                        0.072449 -0.276497 0.031435,
                        0.065587 -0.276497 0.031475,
                        0.065587 -0.519290 0.033283,
                        0.094760 -0.519290 -0.100898,
                        0.100864 -0.276497 -0.088042,
                        0.051021 -0.276497 0.031528,
                        0.050263 -0.519290 0.033323,
                        0.080153 -0.519290 -0.101228,
                        0.080153 -0.276497 -0.088636,
                        0.094760 -0.276497 -0.088279,
                        0.036413 -0.276497 0.031554,
                        0.014270 -0.276497 0.031567,
                        0.007282 -0.519290 0.033336,
                        0.072912 -0.519290 -0.101320,
                        0.065587 -0.276497 -0.088794,
                        -0.036415 -0.276497 0.031567,
                        -0.022565 -0.519290 0.033323,
                        0.065587 -0.519290 -0.101399,
                        0.051021 -0.276497 -0.088873,
                        -0.058642 -0.276497 0.031554,
                        -0.037131 -0.519290 0.033296,
                        0.051021 -0.519290 -0.101465,
                        0.036413 -0.276497 -0.088913,
                        -0.065588 -0.276497 0.031541,
                        -0.080154 -0.276497 0.031501,
                        -0.051654 -0.519290 0.033244,
                        0.044033 -0.519290 -0.101478,
                        0.036413 -0.519290 -0.101492,
                        0.021848 -0.276497 -0.088926,
                        -0.094720 -0.276497 0.031422,
                        -0.065588 -0.519290 0.033125,
                        0.007282 -0.519290 -0.101505,
                        -0.021849 -0.276497 -0.088926,
                        -0.109328 -0.276497 0.031224,
                        -0.080322 -0.519290 0.032834,
                        -0.036415 -0.519290 -0.101492,
                        -0.036415 -0.276497 -0.088913,
                        -0.123893 -0.276497 0.030815,
                        -0.094720 -0.519290 0.032359,
                        -0.051023 -0.519290 -0.101465,
                        -0.051023 -0.276497 -0.088873,
                        -0.138459 -0.276497 0.030049,
                        -0.109328 -0.519290 0.031435,
                        -0.065588 -0.519290 -0.101412,
                        -0.058811 -0.276497 -0.088834,
                        -0.147089 -0.276497 0.029389,
                        -0.123893 -0.519290 0.029838,
                        -0.080154 -0.519290 -0.101294,
                        -0.065588 -0.276497 -0.088794,
                        -0.155592 -0.276497 0.028386,
                        -0.167632 -0.276497 0.026446,
                        -0.138585 -0.519290 0.027291,
                        -0.094720 -0.519290 -0.101069,
                        -0.080154 -0.276497 -0.088623,
                        -0.140522 -0.519290 0.026855,
                        -0.183124 -0.276497 0.022896,
                        -0.102802 -0.519290 -0.100845,
                        -0.094720 -0.276497 -0.088279,
                        -0.153067 -0.519290 0.023437,
                        -0.196806 -0.276497 0.018579,
                        -0.109328 -0.519290 -0.100660,
                        -0.107602 -0.276497 -0.087751,
                        -0.155298 -0.519290 0.022724,
                        -0.205352 -0.276497 0.015293,
                        -0.114926 -0.276497 -0.087382,
                        -0.123893 -0.519290 -0.099868,
                        -0.167716 -0.519290 0.017273,
                        -0.213182 -0.276497 0.007281,
                        -0.189481 -0.519290 -0.000123,
                        -0.182282 -0.519290 0.006846,
                        -0.173484 -0.519290 0.013749,
                        -0.123893 -0.276497 -0.086550,
                        -0.137575 -0.519290 -0.098680,
                        -0.214318 -0.276497 0.005301,
                        -0.194785 -0.519290 -0.007185,
                        -0.131681 -0.276497 -0.085455,
                        -0.138459 -0.276497 -0.084491,
                        -0.153067 -0.519290 -0.096067,
                        -0.216423 -0.276497 -0.007370,
                        -0.205520 -0.519290 -0.036434,
                        -0.204257 -0.519290 -0.029821,
                        -0.202363 -0.519290 -0.021295,
                        -0.153067 -0.276497 -0.081126,
                        -0.166875 -0.519290 -0.092332,
                        -0.216297 -0.276497 -0.008980,
                        -0.204720 -0.519290 -0.051019,
                        -0.160644 -0.276497 -0.078380,
                        -0.170958 -0.519290 -0.090484,
                        -0.167169 -0.276497 -0.075991,
                        -0.211161 -0.276497 -0.026825,
                        -0.200005 -0.519290 -0.064957,
                        -0.174452 -0.276497 -0.072639,
                        -0.171042 -0.276497 -0.074223,
                        -0.183545 -0.519290 -0.084043,
                        -0.204973 -0.276497 -0.038163,
                        -0.198911 -0.519290 -0.067676,
                        -0.185061 -0.519290 -0.082934,
                        -0.178535 -0.276497 -0.069379,
                        -0.200805 -0.276497 -0.044960,
                        -0.197143 -0.276497 -0.050359,
                        -0.194406 -0.276497 -0.054345,
                        -0.197563 -0.519290 -0.069458,
                        -0.189439 -0.519290 -0.078869,
                        -0.190407 -0.276497 -0.059268,
                        -0.186744 -0.276497 -0.062515,
                        -0.195417 -0.519290 -0.072124,
                    ]
                }
                coordIndex [ 
                        0, 1, 2, -1,
                        0, 2, 7, -1,
                        0, 7, 13, -1,
                        0, 13, 15, -1,
                        0, 15, 20, -1,
                        0, 20, 25, -1,
                        0, 25, 30, -1,
                        0, 30, 36, -1,
                        0, 36, 43, -1,
                        0, 43, 49, -1,
                        0, 49, 55, -1,
                        0, 55, 62, -1,
                        0, 62, 61, -1,
                        0, 61, 60, -1,
                        0, 60, 68, -1,
                        0, 68, 73, -1,
                        0, 73, 78, -1,
                        0, 78, 77, -1,
                        0, 77, 83, -1,
                        0, 83, 87, -1,
                        0, 87, 91, -1,
                        0, 91, 97, -1,
                        0, 97, 101, -1,
                        0, 101, 105, -1,
                        0, 105, 109, -1,
                        0, 109, 113, -1,
                        0, 113, 117, -1,
                        0, 117, 122, -1,
                        0, 122, 126, -1,
                        0, 126, 130, -1,
                        0, 130, 133, -1,
                        0, 133, 140, -1,
                        0, 140, 144, -1,
                        0, 144, 145, -1,
                        0, 145, 151, -1,
                        0, 151, 155, -1,
                        0, 155, 157, -1,
                        0, 157, 161, -1,
                        0, 161, 160, -1,
                        0, 160, 166, -1,
                        0, 166, 173, -1,
                        0, 173, 172, -1,
                        0, 172, 169, -1,
                        0, 169, 168, -1,
                        0, 168, 167, -1,
                        0, 167, 163, -1,
                        0, 163, 158, -1,
                        0, 158, 153, -1,
                        0, 153, 147, -1,
                        0, 147, 142, -1,
                        0, 142, 136, -1,
                        0, 136, 132, -1,
                        0, 132, 128, -1,
                        0, 128, 124, -1,
                        0, 124, 119, -1,
                        0, 119, 118, -1,
                        0, 118, 114, -1,
                        0, 114, 110, -1,
                        0, 110, 106, -1,
                        0, 106, 102, -1,
                        0, 102, 98, -1,
                        0, 98, 93, -1,
                        0, 93, 92, -1,
                        0, 92, 88, -1,
                        0, 88, 84, -1,
                        0, 84, 80, -1,
                        0, 80, 79, -1,
                        0, 79, 74, -1,
                        0, 74, 70, -1,
                        0, 70, 69, -1,
                        0, 69, 64, -1,
                        0, 64, 63, -1,
                        0, 63, 57, -1,
                        0, 57, 56, -1,
                        0, 56, 50, -1,
                        0, 50, 45, -1,
                        0, 45, 44, -1,
                        0, 44, 40, -1,
                        0, 40, 39, -1,
                        0, 39, 38, -1,
                        0, 38, 37, -1,
                        0, 37, 31, -1,
                        0, 31, 27, -1,
                        0, 27, 26, -1,
                        0, 26, 21, -1,
                        0, 21, 16, -1,
                        0, 16, 8, -1,
                        0, 8, 3, -1,
                        0, 3, 4, -1,
                        0, 4, 1, -1,
                        1, 4, 12, -1,
                        1, 12, 11, -1,
                        1, 11, 10, -1,
                        1, 10, 9, -1,
                        1, 9, 17, -1,
                        1, 17, 22, -1,
                        1, 22, 28, -1,
                        1, 28, 32, -1,
                        1, 32, 41, -1,
                        1, 41, 46, -1,
                        1, 46, 51, -1,
                        1, 51, 58, -1,
                        1, 58, 65, -1,
                        1, 65, 71, -1,
                        1, 71, 75, -1,
                        1, 75, 81, -1,
                        1, 81, 85, -1,
                        1, 85, 89, -1,
                        1, 89, 94, -1,
                        1, 94, 99, -1,
                        1, 99, 103, -1,
                        1, 103, 107, -1,
                        1, 107, 111, -1,
                        1, 111, 115, -1,
                        1, 115, 120, -1,
                        1, 120, 123, -1,
                        1, 123, 127, -1,
                        1, 127, 131, -1,
                        1, 131, 135, -1,
                        1, 135, 139, -1,
                        1, 139, 138, -1,
                        1, 138, 137, -1,
                        1, 137, 143, -1,
                        1, 143, 150, -1,
                        1, 150, 149, -1,
                        1, 149, 148, -1,
                        1, 148, 154, -1,
                        1, 154, 159, -1,
                        1, 159, 164, -1,
                        1, 164, 170, -1,
                        1, 170, 174, -1,
                        1, 174, 171, -1,
                        1, 171, 165, -1,
                        1, 165, 162, -1,
                        1, 162, 156, -1,
                        1, 156, 152, -1,
                        1, 152, 146, -1,
                        1, 146, 141, -1,
                        1, 141, 134, -1,
                        1, 134, 129, -1,
                        1, 129, 125, -1,
                        1, 125, 121, -1,
                        1, 121, 116, -1,
                        1, 116, 112, -1,
                        1, 112, 108, -1,
                        1, 108, 104, -1,
                        1, 104, 100, -1,
                        1, 100, 96, -1,
                        1, 96, 95, -1,
                        1, 95, 90, -1,
                        1, 90, 86, -1,
                        1, 86, 82, -1,
                        1, 82, 76, -1,
                        1, 76, 72, -1,
                        1, 72, 67, -1,
                        1, 67, 66, -1,
                        1, 66, 59, -1,
                        1, 59, 54, -1,
                        1, 54, 53, -1,
                        1, 53, 52, -1,
                        1, 52, 48, -1,
                        1, 48, 47, -1,
                        1, 47, 42, -1,
                        1, 42, 35, -1,
                        1, 35, 34, -1,
                        1, 34, 33, -1,
                        1, 33, 29, -1,
                        1, 29, 24, -1,
                        1, 24, 23, -1,
                        1, 23, 19, -1,
                        1, 19, 18, -1,
                        1, 18, 14, -1,
                        1, 14, 6, -1,
                        1, 6, 5, -1,
                        1, 5, 2, -1,
                        2, 5, 6, -1,
                        2, 6, 7, -1,
                        3, 8, 9, -1,
                        3, 9, 10, -1,
                        3, 10, 11, -1,
                        3, 11, 12, -1,
                        3, 12, 4, -1,
                        6, 13, 7, -1,
                        6, 14, 15, -1,
                        6, 15, 13, -1,
                        8, 16, 17, -1,
                        8, 17, 9, -1,
                        14, 18, 15, -1,
                        15, 18, 19, -1,
                        15, 19, 20, -1,
                        16, 21, 17, -1,
                        17, 21, 22, -1,
                        19, 23, 20, -1,
                        20, 23, 24, -1,
                        20, 24, 25, -1,
                        21, 26, 22, -1,
                        22, 26, 27, -1,
                        22, 27, 28, -1,
                        24, 29, 30, -1,
                        24, 30, 25, -1,
                        27, 31, 28, -1,
                        28, 31, 32, -1,
                        29, 33, 30, -1,
                        30, 33, 34, -1,
                        30, 34, 35, -1,
                        30, 35, 36, -1,
                        31, 37, 32, -1,
                        32, 37, 38, -1,
                        32, 38, 39, -1,
                        32, 39, 40, -1,
                        32, 40, 41, -1,
                        35, 42, 36, -1,
                        36, 42, 43, -1,
                        40, 44, 41, -1,
                        41, 44, 45, -1,
                        41, 45, 46, -1,
                        42, 47, 43, -1,
                        43, 47, 48, -1,
                        43, 48, 49, -1,
                        45, 50, 51, -1,
                        45, 51, 46, -1,
                        48, 52, 49, -1,
                        49, 52, 53, -1,
                        49, 53, 54, -1,
                        49, 54, 55, -1,
                        50, 56, 51, -1,
                        51, 56, 57, -1,
                        51, 57, 58, -1,
                        54, 59, 60, -1,
                        54, 60, 61, -1,
                        54, 61, 62, -1,
                        54, 62, 55, -1,
                        57, 63, 58, -1,
                        58, 63, 64, -1,
                        58, 64, 65, -1,
                        59, 66, 60, -1,
                        60, 66, 67, -1,
                        60, 67, 68, -1,
                        64, 69, 65, -1,
                        65, 69, 70, -1,
                        65, 70, 71, -1,
                        67, 72, 68, -1,
                        68, 72, 73, -1,
                        70, 74, 71, -1,
                        71, 74, 75, -1,
                        72, 76, 77, -1,
                        72, 77, 78, -1,
                        72, 78, 73, -1,
                        74, 79, 75, -1,
                        75, 79, 80, -1,
                        75, 80, 81, -1,
                        76, 82, 77, -1,
                        77, 82, 83, -1,
                        80, 84, 81, -1,
                        81, 84, 85, -1,
                        82, 86, 83, -1,
                        83, 86, 87, -1,
                        84, 88, 85, -1,
                        85, 88, 89, -1,
                        86, 90, 87, -1,
                        87, 90, 91, -1,
                        88, 92, 89, -1,
                        89, 92, 93, -1,
                        89, 93, 94, -1,
                        90, 95, 91, -1,
                        91, 95, 96, -1,
                        91, 96, 97, -1,
                        93, 98, 94, -1,
                        94, 98, 99, -1,
                        96, 100, 97, -1,
                        97, 100, 101, -1,
                        98, 102, 99, -1,
                        99, 102, 103, -1,
                        100, 104, 101, -1,
                        101, 104, 105, -1,
                        102, 106, 103, -1,
                        103, 106, 107, -1,
                        104, 108, 105, -1,
                        105, 108, 109, -1,
                        106, 110, 107, -1,
                        107, 110, 111, -1,
                        108, 112, 109, -1,
                        109, 112, 113, -1,
                        110, 114, 111, -1,
                        111, 114, 115, -1,
                        112, 116, 117, -1,
                        112, 117, 113, -1,
                        114, 118, 115, -1,
                        115, 118, 119, -1,
                        115, 119, 120, -1,
                        116, 121, 122, -1,
                        116, 122, 117, -1,
                        119, 123, 120, -1,
                        119, 124, 123, -1,
                        121, 125, 126, -1,
                        121, 126, 122, -1,
                        123, 124, 127, -1,
                        124, 128, 127, -1,
                        125, 129, 126, -1,
                        126, 129, 130, -1,
                        127, 128, 131, -1,
                        128, 132, 131, -1,
                        129, 133, 130, -1,
                        129, 134, 133, -1,
                        131, 132, 135, -1,
                        132, 136, 137, -1,
                        132, 137, 138, -1,
                        132, 138, 139, -1,
                        132, 139, 135, -1,
                        133, 134, 141, -1,
                        133, 141, 140, -1,
                        136, 142, 143, -1,
                        136, 143, 137, -1,
                        140, 141, 144, -1,
                        141, 145, 144, -1,
                        141, 146, 145, -1,
                        142, 147, 148, -1,
                        142, 148, 149, -1,
                        142, 149, 150, -1,
                        142, 150, 143, -1,
                        145, 146, 151, -1,
                        146, 152, 151, -1,
                        147, 153, 154, -1,
                        147, 154, 148, -1,
                        151, 152, 155, -1,
                        152, 156, 157, -1,
                        152, 157, 155, -1,
                        153, 158, 154, -1,
                        154, 158, 159, -1,
                        156, 160, 161, -1,
                        156, 161, 157, -1,
                        156, 162, 160, -1,
                        158, 163, 164, -1,
                        158, 164, 159, -1,
                        160, 162, 165, -1,
                        160, 165, 166, -1,
                        163, 167, 164, -1,
                        164, 167, 168, -1,
                        164, 168, 169, -1,
                        164, 169, 170, -1,
                        165, 171, 172, -1,
                        165, 172, 173, -1,
                        165, 173, 166, -1,
                        169, 174, 170, -1,
                        169, 172, 174, -1,
                        171, 174, 172, -1,
                ]
            }
        }
    ]
}
#VRML V2.0 utf8

# Vertices: 500
# Triangles: 996

Group {
    children [
        Shape {
            appearance Appearance {
                material Material {
                    diffuseColor 0.860000 0.920000 0.490000
                    ambientIntensity 0.400000
                    specularColor 0.500000 0.500000 0.500000
                    emissiveColor 0.000000 0.000000 0.000000
                    shininess 0.400000
                    transparency 0.500000
                }
            }
            geometry IndexedFaceSet {
                ccw TRUE
                solid TRUE
                convex TRUE
                coord DEF co Coordinate {
                    point [
                        0.036429 0.119860 -0.020451,
                        0.055100 0.119821 -0.020451,
                        0.051021 0.000790 -0.073368,
                        0.036429 0.000790 -0.073375,
                        -0.036415 0.000790 -0.073375,
                        -0.094726 0.119821 -0.020451,
                        0.065555 0.119782 -0.020451,
                        0.080147 0.000751 -0.073341,
                        0.051021 -0.007319 -0.076841,
                        0.021837 -0.007319 -0.076855,
                        -0.021824 -0.007319 -0.076855,
                        -0.036415 -0.007319 -0.076848,
                        -0.051007 -0.007319 -0.076834,
                        -0.065599 0.000751 -0.073348,
                        -0.109317 0.119782 -0.020451,
                        0.080147 0.119588 -0.020451,
                        0.094739 0.000635 -0.073295,
                        0.080147 -0.007319 -0.076761,
                        0.065555 -0.007319 -0.076814,
                        0.051021 -0.021868 -0.081668,
                        0.036429 -0.021868 -0.081688,
                        0.021837 -0.021868 -0.081695,
                        -0.021824 -0.021868 -0.081695,
                        -0.036415 -0.021868 -0.081688,
                        -0.051007 -0.021868 -0.081675,
                        -0.065599 -0.007319 -0.076801,
                        -0.080134 0.000673 -0.073301,
                        -0.134193 0.119627 -0.020451,
                        -0.119716 0.119743 -0.020451,
                        0.094739 0.119084 -0.020451,
                        0.109331 0.000479 -0.073194,
                        0.094739 -0.007319 -0.076647,
                        0.080147 -0.021868 -0.081541,
                        0.065555 -0.021868 -0.081628,
                        0.051021 -0.036456 -0.084712,
                        0.036429 -0.036456 -0.084732,
                        0.021837 -0.036456 -0.084746,
                        -0.021824 -0.036456 -0.084746,
                        -0.036415 -0.036456 -0.084739,
                        -0.051007 -0.036456 -0.084725,
                        -0.065599 -0.021868 -0.081628,
                        -0.080134 -0.007319 -0.076707,
                        -0.094726 0.000479 -0.073201,
                        -0.148555 0.119394 -0.020451,
                        0.109331 0.118153 -0.020451,
                        0.132253 0.000053 -0.072946,
                        0.123865 0.000247 -0.073053,
                        0.109331 -0.007319 -0.076412,
                        0.094739 -0.021868 -0.081380,
                        0.080147 -0.036456 -0.084544,
                        0.065555 -0.036456 -0.084665,
                        0.051021 -0.051044 -0.086650,
                        0.036429 -0.051044 -0.086676,
                        0.021837 -0.051044 -0.086690,
                        0.007245 -0.051044 -0.086697,
                        -0.007289 -0.051044 -0.086697,
                        -0.036415 -0.051044 -0.086683,
                        -0.051007 -0.051044 -0.086663,
                        -0.065599 -0.036456 -0.084672,
                        -0.080134 -0.021868 -0.081534,
                        -0.094726 -0.007319 -0.076506,
                        -0.106560 0.000247 -0.073053,
                        -0.162687 0.118967 -0.020451,
                        0.123865 0.116368 -0.020451,
                        0.141962 -0.000529 -0.072684,
                        0.137653 -0.006155 -0.074964,
                        0.123865 -0.007319 -0.076010,
                        0.109331 -0.021868 -0.081058,
                        0.094739 -0.036456 -0.084316,
                        0.080147 -0.051044 -0.086455,
                        0.065555 -0.051044 -0.086589,
                        0.051021 -0.059308 -0.087427,
                        0.036429 -0.058959 -0.087441,
                        0.021837 -0.058842 -0.087447,
                        0.007245 -0.058765 -0.087447,
                        -0.007289 -0.058765 -0.087447,
                        -0.021824 -0.058803 -0.087447,
                        -0.036415 -0.058881 -0.087441,
                        -0.051007 -0.059153 -0.087434,
                        -0.065599 -0.051044 -0.086609,
                        -0.080134 -0.036456 -0.084578,
                        -0.094726 -0.021868 -0.081326,
                        -0.109317 -0.021868 -0.080897,
                        -0.110581 -0.005883 -0.075453,
                        -0.116269 -0.000064 -0.072879,
                        -0.176475 0.118191 -0.020451,
                        0.138457 0.113031 -0.020451,
                        0.153049 -0.002004 -0.072215,
                        0.138457 -0.021868 -0.079416,
                        0.123865 -0.021868 -0.080435,
                        0.153049 -0.009298 -0.074642,
                        0.109331 -0.036456 -0.083914,
                        0.094739 -0.051044 -0.086174,
                        0.080147 -0.061674 -0.087320,
                        0.065555 -0.060045 -0.087394,
                        0.051021 -0.066602 -0.087756,
                        0.036429 -0.066253 -0.087769,
                        0.021837 -0.066136 -0.087776,
                        0.007245 -0.066059 -0.087776,
                        -0.007289 -0.066059 -0.087776,
                        -0.021824 -0.066097 -0.087776,
                        -0.036415 -0.066175 -0.087776,
                        -0.051007 -0.066447 -0.087763,
                        -0.065599 -0.067067 -0.087729,
                        -0.065599 -0.059812 -0.087400,
                        -0.080134 -0.051044 -0.086502,
                        -0.094726 -0.036456 -0.084357,
                        -0.109317 -0.036456 -0.083894,
                        -0.123909 -0.021868 -0.080093,
                        -0.123909 -0.008017 -0.075581,
                        -0.202097 0.114661 -0.020451,
                        -0.189630 0.116756 -0.020451,
                        0.167641 0.104263 -0.020451,
                        0.196767 0.089210 -0.020451,
                        0.167641 -0.007125 -0.070807,
                        0.162815 -0.011897 -0.073683,
                        0.138457 -0.036456 -0.081695,
                        0.123865 -0.036456 -0.083103,
                        0.153049 -0.021868 -0.077559,
                        0.109331 -0.051044 -0.085704,
                        0.094911 -0.065981 -0.087193,
                        0.090201 -0.071064 -0.087548,
                        0.080147 -0.068930 -0.087642,
                        0.065555 -0.067300 -0.087716,
                        0.051021 -0.080181 -0.088265,
                        0.036429 -0.080181 -0.088299,
                        0.021837 -0.080181 -0.088312,
                        -0.021824 -0.080181 -0.088312,
                        -0.036415 -0.080181 -0.088299,
                        -0.051007 -0.080181 -0.088272,
                        -0.065599 -0.080181 -0.088212,
                        -0.080134 -0.068425 -0.087669,
                        -0.080134 -0.061131 -0.087347,
                        -0.094726 -0.051044 -0.086254,
                        -0.109317 -0.051044 -0.085745,
                        -0.123909 -0.036456 -0.083069,
                        -0.138444 -0.021868 -0.078638,
                        -0.138444 -0.009724 -0.074877,
                        -0.213414 0.111402 -0.020451,
                        0.211359 0.077997 -0.020451,
                        0.172524 -0.021868 -0.071987,
                        0.225951 0.065194 -0.020451,
                        0.239854 0.050994 -0.020451,
                        0.252435 0.036445 -0.020451,
                        0.263178 0.021857 -0.020451,
                        0.165228 -0.021868 -0.074609,
                        0.138457 -0.051044 -0.083076,
                        0.123865 -0.051044 -0.084772,
                        0.153049 -0.036456 -0.079349,
                        0.109331 -0.065632 -0.086676,
                        0.099909 -0.075098 -0.087407,
                        0.080147 -0.080181 -0.088037,
                        0.094911 -0.080026 -0.087695,
                        0.065555 -0.080181 -0.088192,
                        0.051021 -0.094730 -0.088594,
                        0.036429 -0.094730 -0.088627,
                        0.021837 -0.094730 -0.088641,
                        0.007245 -0.094730 -0.088647,
                        -0.007289 -0.094730 -0.088647,
                        -0.036415 -0.094730 -0.088634,
                        -0.051007 -0.094730 -0.088601,
                        -0.065599 -0.094730 -0.088534,
                        -0.080134 -0.080181 -0.088078,
                        -0.091106 -0.070520 -0.087575,
                        -0.095472 -0.065632 -0.087240,
                        -0.109317 -0.065632 -0.086730,
                        -0.123909 -0.051044 -0.084860,
                        -0.138444 -0.036456 -0.081507,
                        -0.150106 -0.012052 -0.073911,
                        -0.154185 -0.020704 -0.075427,
                        -0.234727 0.103526 -0.020451,
                        -0.224157 0.107522 -0.020451,
                        0.174133 -0.036456 -0.072544,
                        0.166837 -0.036456 -0.075380,
                        0.277655 -0.007319 -0.020451,
                        0.282251 -0.021868 -0.020451,
                        0.289489 -0.051044 -0.020451,
                        0.138457 -0.065632 -0.083827,
                        0.123865 -0.065632 -0.085671,
                        0.153049 -0.051044 -0.080348,
                        0.108871 -0.080026 -0.087179,
                        0.103644 -0.084798 -0.087541,
                        0.080147 -0.094730 -0.088359,
                        0.065555 -0.094730 -0.088520,
                        0.094739 -0.094730 -0.088024,
                        0.051021 -0.109318 -0.088748,
                        0.036429 -0.109318 -0.088782,
                        0.021837 -0.109318 -0.088795,
                        0.007245 -0.109318 -0.088802,
                        -0.007289 -0.109318 -0.088802,
                        -0.021824 -0.109318 -0.088795,
                        -0.036415 -0.109318 -0.088782,
                        -0.051007 -0.109318 -0.088748,
                        -0.065599 -0.109318 -0.088674,
                        -0.080134 -0.094730 -0.088386,
                        -0.095472 -0.079444 -0.087736,
                        -0.100873 -0.074167 -0.087434,
                        -0.109088 -0.079444 -0.087213,
                        -0.123909 -0.065632 -0.085765,
                        -0.138444 -0.051044 -0.083143,
                        -0.153036 -0.036456 -0.078638,
                        -0.159815 -0.015079 -0.072772,
                        -0.252191 0.091809 -0.020451,
                        -0.162802 -0.024817 -0.073918,
                        0.174707 -0.046931 -0.072785,
                        0.168962 -0.051471 -0.075232,
                        0.291557 -0.065632 -0.020451,
                        0.153049 -0.065632 -0.080891,
                        0.138457 -0.080181 -0.084196,
                        0.123865 -0.080181 -0.086113,
                        0.112835 -0.094730 -0.087293,
                        0.105539 -0.094730 -0.087628,
                        0.080147 -0.109318 -0.088513,
                        0.065555 -0.109318 -0.088668,
                        0.094739 -0.109318 -0.088171,
                        0.051021 -0.123906 -0.088822,
                        0.036429 -0.123906 -0.088855,
                        0.021837 -0.123906 -0.088869,
                        0.007245 -0.123906 -0.088875,
                        -0.007289 -0.123906 -0.088875,
                        -0.036415 -0.123906 -0.088862,
                        -0.051007 -0.123906 -0.088822,
                        -0.065599 -0.123906 -0.088748,
                        -0.080134 -0.109318 -0.088527,
                        -0.094726 -0.094730 -0.088064,
                        -0.104032 -0.083828 -0.087561,
                        -0.113166 -0.094730 -0.087300,
                        -0.123909 -0.080181 -0.086200,
                        -0.138444 -0.065632 -0.083921,
                        -0.153036 -0.051044 -0.080059,
                        -0.164985 -0.036456 -0.074850,
                        -0.266956 0.077454 -0.020451,
                        -0.260407 0.085446 -0.020451,
                        -0.278790 0.060150 -0.020451,
                        0.174994 -0.056631 -0.072939,
                        0.292649 -0.080181 -0.020451,
                        0.167641 -0.065632 -0.076131,
                        0.153049 -0.080181 -0.081152,
                        0.138457 -0.094730 -0.084417,
                        0.123865 -0.094730 -0.086388,
                        0.114272 -0.109318 -0.087360,
                        0.106976 -0.109318 -0.087702,
                        0.080147 -0.123906 -0.088587,
                        0.065555 -0.123906 -0.088741,
                        0.094739 -0.123906 -0.088239,
                        0.051021 -0.138494 -0.088855,
                        0.036429 -0.138494 -0.088896,
                        0.021837 -0.138494 -0.088909,
                        -0.021824 -0.138494 -0.088909,
                        -0.036415 -0.138494 -0.088896,
                        -0.051007 -0.138494 -0.088855,
                        -0.065599 -0.138494 -0.088775,
                        -0.080134 -0.123906 -0.088594,
                        -0.094726 -0.109318 -0.088192,
                        -0.105871 -0.094730 -0.087655,
                        -0.106962 -0.109318 -0.087716,
                        -0.114258 -0.109318 -0.087354,
                        -0.123909 -0.094730 -0.086428,
                        -0.138444 -0.080181 -0.084283,
                        -0.153036 -0.065632 -0.080750,
                        -0.166479 -0.051044 -0.075507,
                        -0.289418 0.026978 -0.020451,
                        -0.286201 0.038385 -0.020451,
                        -0.282582 0.049326 -0.020451,
                        0.175109 -0.065632 -0.073020,
                        0.293223 -0.094730 -0.020451,
                        0.167641 -0.080181 -0.076305,
                        0.153049 -0.094730 -0.081300,
                        0.138457 -0.109318 -0.084524,
                        0.123865 -0.109318 -0.086509,
                        0.114903 -0.123906 -0.087387,
                        0.107608 -0.123906 -0.087736,
                        0.080147 -0.138494 -0.088621,
                        0.065555 -0.138494 -0.088775,
                        0.094739 -0.138494 -0.088272,
                        0.051021 -0.153043 -0.088869,
                        0.036429 -0.153043 -0.088902,
                        0.021837 -0.153043 -0.088916,
                        0.007245 -0.153043 -0.088922,
                        -0.007289 -0.153043 -0.088922,
                        -0.021824 -0.153043 -0.088916,
                        -0.036415 -0.153043 -0.088902,
                        -0.051007 -0.153043 -0.088869,
                        -0.065599 -0.153043 -0.088788,
                        -0.080134 -0.138494 -0.088621,
                        -0.094726 -0.123906 -0.088245,
                        -0.107422 -0.123906 -0.087736,
                        -0.114718 -0.123906 -0.087374,
                        -0.123909 -0.109318 -0.086516,
                        -0.138444 -0.094730 -0.084451,
                        -0.153036 -0.080181 -0.081065,
                        -0.167225 -0.065632 -0.075842,
                        -0.291256 0.014291 -0.020451,
                        0.175224 -0.080181 -0.073093,
                        0.293395 -0.109318 -0.020451,
                        0.167641 -0.094730 -0.076379,
                        0.153049 -0.109318 -0.081367,
                        0.138457 -0.123906 -0.084571,
                        0.123865 -0.123906 -0.086562,
                        0.115191 -0.138494 -0.087400,
                        0.107895 -0.138494 -0.087749,
                        0.080147 -0.153043 -0.088634,
                        0.065555 -0.153043 -0.088788,
                        0.094739 -0.153043 -0.088285,
                        0.051021 -0.167631 -0.088875,
                        0.036429 -0.182219 -0.088916,
                        0.021837 -0.182219 -0.088929,
                        0.007245 -0.167631 -0.088929,
                        -0.007289 -0.167631 -0.088929,
                        -0.021824 -0.182219 -0.088929,
                        -0.036415 -0.167631 -0.088909,
                        -0.051007 -0.167631 -0.088875,
                        -0.065599 -0.167631 -0.088795,
                        -0.080134 -0.153043 -0.088627,
                        -0.094726 -0.138494 -0.088272,
                        -0.107594 -0.138494 -0.087749,
                        -0.114890 -0.138494 -0.087380,
                        -0.123909 -0.123906 -0.086549,
                        -0.138444 -0.109318 -0.084511,
                        -0.153036 -0.094730 -0.081206,
                        -0.167628 -0.094730 -0.076124,
                        -0.169006 -0.080530 -0.075393,
                        -0.174809 -0.075952 -0.072839,
                        -0.174521 -0.065632 -0.072711,
                        -0.292405 0.000829 -0.020451,
                        0.175282 -0.094730 -0.073120,
                        0.293051 -0.123906 -0.020451,
                        0.174994 -0.235837 -0.072926,
                        0.175052 -0.225944 -0.072979,
                        0.175167 -0.211356 -0.073040,
                        0.175224 -0.196807 -0.073087,
                        0.175282 -0.182219 -0.073107,
                        0.175339 -0.138494 -0.073134,
                        0.175339 -0.123906 -0.073134,
                        0.167641 -0.109318 -0.076412,
                        0.153049 -0.123906 -0.081393,
                        0.138457 -0.138494 -0.084591,
                        0.123865 -0.138494 -0.086596,
                        0.115306 -0.153043 -0.087407,
                        0.108010 -0.153043 -0.087756,
                        0.094739 -0.167631 -0.088292,
                        0.080147 -0.182219 -0.088641,
                        0.065555 -0.167631 -0.088795,
                        0.057800 -0.276497 -0.088842,
                        0.051021 -0.276497 -0.088875,
                        0.036429 -0.276497 -0.088916,
                        0.021837 -0.276497 -0.088929,
                        0.007245 -0.225944 -0.088936,
                        -0.021824 -0.276497 -0.088929,
                        -0.036415 -0.276497 -0.088909,
                        -0.044228 -0.276497 -0.088896,
                        -0.051007 -0.276497 -0.088875,
                        -0.065599 -0.276497 -0.088795,
                        -0.080134 -0.167631 -0.088634,
                        -0.094726 -0.153043 -0.088279,
                        -0.107651 -0.153043 -0.087749,
                        -0.114947 -0.153043 -0.087387,
                        -0.123909 -0.138494 -0.086562,
                        -0.138444 -0.123906 -0.084531,
                        -0.153036 -0.109318 -0.081259,
                        -0.167628 -0.109318 -0.076171,
                        -0.175038 -0.109318 -0.072973,
                        -0.174981 -0.085651 -0.072919,
                        -0.293037 -0.013100 -0.020451,
                        0.292534 -0.132170 -0.020451,
                        0.174363 -0.276497 -0.072577,
                        0.167067 -0.276497 -0.075970,
                        0.167181 -0.269669 -0.075990,
                        0.167411 -0.255120 -0.076030,
                        0.167641 -0.225944 -0.076198,
                        0.167641 -0.211356 -0.076291,
                        0.167641 -0.196807 -0.076358,
                        0.167641 -0.182219 -0.076392,
                        0.167641 -0.167631 -0.076412,
                        0.167641 -0.153043 -0.076425,
                        0.167641 -0.123906 -0.076425,
                        0.153049 -0.138494 -0.081407,
                        0.138457 -0.153043 -0.084598,
                        0.123865 -0.153043 -0.086603,
                        0.115306 -0.211356 -0.087407,
                        0.108010 -0.167631 -0.087763,
                        0.094739 -0.225944 -0.088292,
                        0.080147 -0.240532 -0.088641,
                        0.065555 -0.276497 -0.088795,
                        0.007245 -0.276497 -0.088936,
                        -0.080134 -0.276497 -0.088634,
                        -0.087947 -0.276497 -0.088446,
                        -0.094726 -0.276497 -0.088279,
                        -0.101619 -0.276497 -0.087997,
                        -0.107651 -0.269669 -0.087749,
                        -0.114947 -0.255120 -0.087387,
                        -0.123909 -0.240532 -0.086562,
                        -0.138444 -0.138494 -0.084538,
                        -0.153036 -0.123906 -0.081279,
                        -0.167628 -0.123906 -0.076191,
                        -0.175096 -0.138494 -0.072986,
                        -0.293439 -0.041888 -0.020451,
                        -0.293325 -0.027416 -0.020451,
                        0.292074 -0.138494 -0.020451,
                        0.182233 -0.276497 -0.065880,
                        0.289604 -0.153043 -0.020451,
                        0.285180 -0.167631 -0.020451,
                        0.279493 -0.182219 -0.020451,
                        0.153049 -0.276497 -0.081112,
                        0.153049 -0.269669 -0.081139,
                        0.153049 -0.240532 -0.081253,
                        0.153049 -0.225944 -0.081306,
                        0.153049 -0.211356 -0.081346,
                        0.153049 -0.196807 -0.081373,
                        0.153049 -0.182219 -0.081393,
                        0.153049 -0.167631 -0.081407,
                        0.138457 -0.182219 -0.084598,
                        0.123865 -0.196807 -0.086603,
                        0.115191 -0.269669 -0.087400,
                        0.108010 -0.211356 -0.087763,
                        0.094739 -0.276497 -0.088285,
                        0.086926 -0.276497 -0.088473,
                        0.080147 -0.276497 -0.088634,
                        0.072392 -0.276497 -0.088721,
                        -0.107594 -0.276497 -0.087749,
                        -0.111500 -0.276497 -0.087555,
                        -0.114890 -0.276497 -0.087380,
                        -0.119716 -0.276497 -0.086938,
                        -0.123909 -0.269669 -0.086556,
                        -0.138444 -0.211356 -0.084538,
                        -0.153036 -0.138494 -0.081286,
                        -0.167628 -0.138494 -0.076198,
                        -0.175096 -0.167631 -0.072986,
                        -0.293497 -0.065632 -0.020451,
                        0.190046 -0.276497 -0.058900,
                        0.261512 -0.211356 -0.020451,
                        0.138457 -0.276497 -0.084498,
                        0.138457 -0.255120 -0.084524,
                        0.138457 -0.211356 -0.084578,
                        0.138457 -0.196807 -0.084591,
                        0.123865 -0.276497 -0.086569,
                        0.115133 -0.276497 -0.087394,
                        0.111227 -0.276497 -0.087588,
                        0.107837 -0.276497 -0.087756,
                        0.107895 -0.269669 -0.087756,
                        0.119212 -0.276497 -0.087012,
                        -0.123909 -0.276497 -0.086549,
                        -0.138444 -0.269669 -0.084498,
                        -0.138444 -0.255120 -0.084511,
                        -0.138444 -0.240532 -0.084524,
                        -0.153036 -0.196807 -0.081279,
                        -0.153036 -0.153043 -0.081286,
                        -0.167628 -0.182219 -0.076198,
                        -0.167628 -0.196807 -0.076191,
                        -0.175038 -0.211356 -0.072966,
                        -0.293439 -0.085574 -0.020451,
                        0.195504 -0.276497 -0.051029,
                        0.210498 -0.276497 -0.020451,
                        0.210383 -0.276497 -0.021859,
                        0.205844 -0.276497 -0.032298,
                        0.202340 -0.276497 -0.039035,
                        -0.138444 -0.276497 -0.084491,
                        -0.153036 -0.225944 -0.081259,
                        -0.153036 -0.211356 -0.081273,
                        -0.153036 -0.240532 -0.081239,
                        -0.167628 -0.211356 -0.076171,
                        -0.167628 -0.225944 -0.076137,
                        -0.174981 -0.225944 -0.072939,
                        -0.293382 -0.094730 -0.020451,
                        -0.212954 -0.276497 -0.020451,
                        -0.146257 -0.276497 -0.082707,
                        -0.153036 -0.255120 -0.081206,
                        -0.169064 -0.240764 -0.075447,
                        -0.153036 -0.269669 -0.081159,
                        -0.153036 -0.276497 -0.081132,
                        -0.167455 -0.255120 -0.076043,
                        -0.174923 -0.236031 -0.072912,
                        -0.293325 -0.100239 -0.020451,
                        -0.250813 -0.225944 -0.020451,
                        -0.211116 -0.276497 -0.026813,
                        -0.174866 -0.245769 -0.072872,
                        -0.160619 -0.276497 -0.078376,
                        -0.167283 -0.269669 -0.076010,
                        -0.293210 -0.109318 -0.020451,
                        -0.260866 -0.211356 -0.020451,
                        -0.200833 -0.276497 -0.044975,
                        -0.204969 -0.276497 -0.038177,
                        -0.167168 -0.276497 -0.075990,
                        -0.174751 -0.255120 -0.072819,
                        -0.293095 -0.115099 -0.020451,
                        -0.279479 -0.182219 -0.020451,
                        -0.194398 -0.276497 -0.054348,
                        -0.171074 -0.276497 -0.074220,
                        -0.292807 -0.123906 -0.020451,
                        -0.284707 -0.167631 -0.020451,
                        -0.174464 -0.276497 -0.072644,
                        -0.178543 -0.276497 -0.069386,
                        -0.182219 -0.276497 -0.066309,
                        -0.186700 -0.276497 -0.062514,
                        -0.190435 -0.276497 -0.059269,
                        -0.292405 -0.130346 -0.020451,
                        -0.284937 -0.166933 -0.020451,
                        -0.289361 -0.153043 -0.020451,
                        -0.290452 -0.146874 -0.020451,
                        -0.291831 -0.138494 -0.020451,
                    ]
                }
                coordIndex [ 
                        0, 1, 2, -1,
                        0, 2, 3, -1,
                        0, 3, 4, -1,
                        0, 4, 5, -1,
                        0, 5, 14, -1,
                        0, 14, 28, -1,
                        0, 28, 27, -1,
                        0, 27, 43, -1,
                        0, 43, 62, -1,
                        0, 62, 85, -1,
                        0, 85, 111, -1,
                        0, 111, 110, -1,
                        0, 110, 138, -1,
                        0, 138, 171, -1,
                        0, 171, 170, -1,
                        0, 170, 202, -1,
                        0, 202, 232, -1,
                        0, 232, 231, -1,
                        0, 231, 233, -1,
                        0, 233, 263, -1,
                        0, 263, 262, -1,
                        0, 262, 261, -1,
                        0, 261, 292, -1,
                        0, 292, 324, -1,
                        0, 324, 363, -1,
                        0, 363, 397, -1,
                        0, 397, 396, -1,
                        0, 396, 428, -1,
                        0, 428, 450, -1,
                        0, 450, 463, -1,
                        0, 463, 472, -1,
                        0, 472, 478, -1,
                        0, 478, 484, -1,
                        0, 484, 488, -1,
                        0, 488, 495, -1,
                        0, 495, 499, -1,
                        0, 499, 498, -1,
                        0, 498, 497, -1,
                        0, 497, 496, -1,
                        0, 496, 489, -1,
                        0, 489, 485, -1,
                        0, 485, 479, -1,
                        0, 479, 473, -1,
                        0, 473, 464, -1,
                        0, 464, 452, -1,
                        0, 452, 430, -1,
                        0, 430, 402, -1,
                        0, 402, 401, -1,
                        0, 401, 400, -1,
                        0, 400, 398, -1,
                        0, 398, 364, -1,
                        0, 364, 326, -1,
                        0, 326, 294, -1,
                        0, 294, 265, -1,
                        0, 265, 235, -1,
                        0, 235, 206, -1,
                        0, 206, 176, -1,
                        0, 176, 175, -1,
                        0, 175, 174, -1,
                        0, 174, 144, -1,
                        0, 144, 143, -1,
                        0, 143, 142, -1,
                        0, 142, 141, -1,
                        0, 141, 139, -1,
                        0, 139, 113, -1,
                        0, 113, 112, -1,
                        0, 112, 86, -1,
                        0, 86, 63, -1,
                        0, 63, 44, -1,
                        0, 44, 29, -1,
                        0, 29, 15, -1,
                        0, 15, 6, -1,
                        0, 6, 1, -1,
                        1, 6, 7, -1,
                        1, 7, 2, -1,
                        2, 8, 9, -1,
                        2, 9, 3, -1,
                        2, 7, 8, -1,
                        3, 9, 10, -1,
                        3, 10, 4, -1,
                        4, 10, 11, -1,
                        4, 11, 12, -1,
                        4, 12, 13, -1,
                        4, 13, 14, -1,
                        4, 14, 5, -1,
                        6, 15, 7, -1,
                        7, 15, 16, -1,
                        7, 16, 17, -1,
                        7, 17, 18, -1,
                        7, 18, 8, -1,
                        8, 18, 19, -1,
                        8, 19, 20, -1,
                        8, 20, 21, -1,
                        8, 21, 9, -1,
                        9, 21, 22, -1,
                        9, 22, 10, -1,
                        10, 22, 23, -1,
                        10, 23, 11, -1,
                        11, 23, 24, -1,
                        11, 24, 12, -1,
                        12, 24, 25, -1,
                        12, 25, 13, -1,
                        13, 25, 26, -1,
                        13, 26, 27, -1,
                        13, 27, 28, -1,
                        13, 28, 14, -1,
                        15, 29, 30, -1,
                        15, 30, 16, -1,
                        16, 30, 31, -1,
                        16, 31, 17, -1,
                        17, 31, 32, -1,
                        17, 32, 33, -1,
                        17, 33, 18, -1,
                        18, 33, 19, -1,
                        19, 33, 34, -1,
                        19, 34, 35, -1,
                        19, 35, 20, -1,
                        20, 35, 36, -1,
                        20, 36, 21, -1,
                        21, 36, 37, -1,
                        21, 37, 22, -1,
                        22, 37, 38, -1,
                        22, 38, 23, -1,
                        23, 38, 39, -1,
                        23, 39, 24, -1,
                        24, 39, 40, -1,
                        24, 40, 25, -1,
                        25, 40, 59, -1,
                        25, 59, 41, -1,
                        25, 41, 26, -1,
                        26, 41, 42, -1,
                        26, 42, 43, -1,
                        26, 43, 27, -1,
                        29, 44, 45, -1,
                        29, 45, 46, -1,
                        29, 46, 30, -1,
                        30, 47, 31, -1,
                        30, 46, 47, -1,
                        31, 48, 32, -1,
                        31, 47, 48, -1,
                        32, 48, 49, -1,
                        32, 49, 50, -1,
                        32, 50, 33, -1,
                        33, 50, 34, -1,
                        34, 50, 51, -1,
                        34, 51, 52, -1,
                        34, 52, 35, -1,
                        35, 52, 53, -1,
                        35, 53, 36, -1,
                        36, 53, 54, -1,
                        36, 54, 55, -1,
                        36, 55, 37, -1,
                        37, 55, 38, -1,
                        38, 55, 56, -1,
                        38, 56, 39, -1,
                        39, 56, 57, -1,
                        39, 57, 79, -1,
                        39, 79, 58, -1,
                        39, 58, 40, -1,
                        40, 58, 80, -1,
                        40, 80, 59, -1,
                        41, 59, 60, -1,
                        41, 60, 42, -1,
                        42, 60, 61, -1,
                        42, 61, 62, -1,
                        42, 62, 43, -1,
                        44, 63, 64, -1,
                        44, 64, 45, -1,
                        45, 65, 66, -1,
                        45, 66, 47, -1,
                        45, 47, 46, -1,
                        45, 64, 65, -1,
                        47, 66, 67, -1,
                        47, 67, 48, -1,
                        48, 68, 49, -1,
                        48, 67, 68, -1,
                        49, 68, 69, -1,
                        49, 69, 70, -1,
                        49, 70, 50, -1,
                        50, 70, 51, -1,
                        51, 70, 71, -1,
                        51, 71, 72, -1,
                        51, 72, 52, -1,
                        52, 72, 73, -1,
                        52, 73, 53, -1,
                        53, 73, 74, -1,
                        53, 74, 54, -1,
                        54, 74, 75, -1,
                        54, 75, 55, -1,
                        55, 75, 76, -1,
                        55, 76, 56, -1,
                        56, 76, 77, -1,
                        56, 77, 57, -1,
                        57, 77, 78, -1,
                        57, 78, 79, -1,
                        58, 79, 80, -1,
                        59, 80, 81, -1,
                        59, 81, 60, -1,
                        60, 81, 82, -1,
                        60, 82, 83, -1,
                        60, 83, 61, -1,
                        61, 83, 84, -1,
                        61, 84, 85, -1,
                        61, 85, 62, -1,
                        63, 86, 87, -1,
                        63, 87, 64, -1,
                        64, 87, 65, -1,
                        65, 88, 89, -1,
                        65, 89, 66, -1,
                        65, 87, 90, -1,
                        65, 90, 88, -1,
                        66, 89, 67, -1,
                        67, 89, 91, -1,
                        67, 91, 68, -1,
                        68, 92, 69, -1,
                        68, 91, 92, -1,
                        69, 92, 93, -1,
                        69, 93, 94, -1,
                        69, 94, 70, -1,
                        70, 94, 71, -1,
                        71, 94, 95, -1,
                        71, 95, 96, -1,
                        71, 96, 72, -1,
                        72, 96, 97, -1,
                        72, 97, 73, -1,
                        73, 97, 98, -1,
                        73, 98, 74, -1,
                        74, 98, 99, -1,
                        74, 99, 75, -1,
                        75, 99, 100, -1,
                        75, 100, 76, -1,
                        76, 100, 101, -1,
                        76, 101, 77, -1,
                        77, 101, 78, -1,
                        78, 101, 102, -1,
                        78, 102, 103, -1,
                        78, 103, 104, -1,
                        78, 104, 79, -1,
                        79, 104, 105, -1,
                        79, 105, 80, -1,
                        80, 105, 106, -1,
                        80, 106, 81, -1,
                        81, 106, 82, -1,
                        82, 107, 108, -1,
                        82, 108, 109, -1,
                        82, 109, 83, -1,
                        82, 106, 107, -1,
                        83, 109, 84, -1,
                        84, 109, 110, -1,
                        84, 110, 111, -1,
                        84, 111, 85, -1,
                        86, 112, 87, -1,
                        87, 112, 113, -1,
                        87, 113, 114, -1,
                        87, 114, 115, -1,
                        87, 115, 90, -1,
                        88, 116, 117, -1,
                        88, 117, 89, -1,
                        88, 90, 118, -1,
                        88, 118, 116, -1,
                        89, 117, 91, -1,
                        90, 115, 118, -1,
                        91, 117, 119, -1,
                        91, 119, 92, -1,
                        92, 119, 120, -1,
                        92, 120, 93, -1,
                        93, 120, 121, -1,
                        93, 121, 122, -1,
                        93, 122, 123, -1,
                        93, 123, 94, -1,
                        94, 123, 95, -1,
                        95, 123, 124, -1,
                        95, 124, 125, -1,
                        95, 125, 96, -1,
                        96, 125, 126, -1,
                        96, 126, 97, -1,
                        97, 126, 98, -1,
                        98, 126, 127, -1,
                        98, 127, 99, -1,
                        99, 127, 100, -1,
                        100, 127, 101, -1,
                        101, 127, 128, -1,
                        101, 128, 102, -1,
                        102, 128, 129, -1,
                        102, 129, 103, -1,
                        103, 129, 130, -1,
                        103, 130, 131, -1,
                        103, 131, 132, -1,
                        103, 132, 104, -1,
                        104, 132, 105, -1,
                        105, 132, 133, -1,
                        105, 133, 106, -1,
                        106, 133, 107, -1,
                        107, 133, 134, -1,
                        107, 134, 135, -1,
                        107, 135, 108, -1,
                        108, 135, 136, -1,
                        108, 136, 137, -1,
                        108, 137, 109, -1,
                        109, 137, 110, -1,
                        110, 137, 138, -1,
                        113, 139, 114, -1,
                        114, 140, 115, -1,
                        114, 139, 141, -1,
                        114, 141, 142, -1,
                        114, 142, 143, -1,
                        114, 143, 144, -1,
                        114, 144, 140, -1,
                        115, 145, 118, -1,
                        115, 140, 145, -1,
                        116, 146, 147, -1,
                        116, 147, 117, -1,
                        116, 118, 148, -1,
                        116, 148, 146, -1,
                        117, 147, 119, -1,
                        118, 145, 148, -1,
                        119, 147, 149, -1,
                        119, 149, 120, -1,
                        120, 149, 150, -1,
                        120, 150, 121, -1,
                        121, 151, 122, -1,
                        121, 150, 152, -1,
                        121, 152, 151, -1,
                        122, 151, 153, -1,
                        122, 153, 123, -1,
                        123, 153, 124, -1,
                        124, 153, 183, -1,
                        124, 183, 154, -1,
                        124, 154, 155, -1,
                        124, 155, 125, -1,
                        125, 155, 156, -1,
                        125, 156, 126, -1,
                        126, 156, 157, -1,
                        126, 157, 158, -1,
                        126, 158, 127, -1,
                        127, 158, 159, -1,
                        127, 159, 128, -1,
                        128, 159, 129, -1,
                        129, 159, 160, -1,
                        129, 160, 130, -1,
                        130, 160, 161, -1,
                        130, 161, 162, -1,
                        130, 162, 131, -1,
                        131, 162, 163, -1,
                        131, 163, 132, -1,
                        132, 163, 164, -1,
                        132, 164, 133, -1,
                        133, 164, 134, -1,
                        134, 164, 165, -1,
                        134, 165, 166, -1,
                        134, 166, 135, -1,
                        135, 166, 167, -1,
                        135, 167, 136, -1,
                        136, 168, 137, -1,
                        136, 167, 169, -1,
                        136, 169, 168, -1,
                        137, 168, 170, -1,
                        137, 170, 171, -1,
                        137, 171, 138, -1,
                        140, 172, 173, -1,
                        140, 173, 145, -1,
                        140, 144, 174, -1,
                        140, 174, 175, -1,
                        140, 175, 176, -1,
                        140, 176, 172, -1,
                        145, 173, 148, -1,
                        146, 177, 178, -1,
                        146, 178, 147, -1,
                        146, 148, 179, -1,
                        146, 179, 177, -1,
                        147, 178, 149, -1,
                        148, 173, 179, -1,
                        149, 180, 150, -1,
                        149, 178, 180, -1,
                        150, 180, 181, -1,
                        150, 181, 152, -1,
                        151, 152, 182, -1,
                        151, 182, 183, -1,
                        151, 183, 153, -1,
                        152, 181, 184, -1,
                        152, 184, 182, -1,
                        154, 183, 185, -1,
                        154, 185, 186, -1,
                        154, 186, 155, -1,
                        155, 186, 187, -1,
                        155, 187, 156, -1,
                        156, 187, 188, -1,
                        156, 188, 157, -1,
                        157, 188, 189, -1,
                        157, 189, 158, -1,
                        158, 189, 159, -1,
                        159, 189, 190, -1,
                        159, 190, 191, -1,
                        159, 191, 192, -1,
                        159, 192, 160, -1,
                        160, 192, 161, -1,
                        161, 192, 193, -1,
                        161, 193, 223, -1,
                        161, 223, 194, -1,
                        161, 194, 162, -1,
                        162, 194, 195, -1,
                        162, 195, 163, -1,
                        163, 195, 196, -1,
                        163, 196, 164, -1,
                        164, 196, 165, -1,
                        165, 196, 197, -1,
                        165, 197, 198, -1,
                        165, 198, 166, -1,
                        166, 198, 199, -1,
                        166, 199, 167, -1,
                        167, 199, 200, -1,
                        167, 200, 169, -1,
                        168, 169, 201, -1,
                        168, 201, 202, -1,
                        168, 202, 170, -1,
                        169, 203, 201, -1,
                        169, 200, 203, -1,
                        172, 204, 205, -1,
                        172, 205, 173, -1,
                        172, 176, 206, -1,
                        172, 206, 204, -1,
                        173, 207, 179, -1,
                        173, 205, 207, -1,
                        177, 208, 209, -1,
                        177, 209, 178, -1,
                        177, 179, 207, -1,
                        177, 207, 208, -1,
                        178, 209, 180, -1,
                        180, 209, 210, -1,
                        180, 210, 181, -1,
                        181, 210, 211, -1,
                        181, 211, 184, -1,
                        182, 184, 212, -1,
                        182, 212, 183, -1,
                        183, 213, 185, -1,
                        183, 212, 213, -1,
                        184, 211, 214, -1,
                        184, 214, 212, -1,
                        185, 213, 243, -1,
                        185, 243, 215, -1,
                        185, 215, 216, -1,
                        185, 216, 186, -1,
                        186, 216, 217, -1,
                        186, 217, 187, -1,
                        187, 217, 218, -1,
                        187, 218, 188, -1,
                        188, 218, 219, -1,
                        188, 219, 189, -1,
                        189, 219, 220, -1,
                        189, 220, 190, -1,
                        190, 220, 191, -1,
                        191, 220, 192, -1,
                        192, 220, 221, -1,
                        192, 221, 222, -1,
                        192, 222, 193, -1,
                        193, 222, 223, -1,
                        194, 223, 224, -1,
                        194, 224, 195, -1,
                        195, 224, 225, -1,
                        195, 225, 196, -1,
                        196, 225, 197, -1,
                        197, 226, 227, -1,
                        197, 227, 198, -1,
                        197, 225, 226, -1,
                        198, 227, 228, -1,
                        198, 228, 199, -1,
                        199, 228, 229, -1,
                        199, 229, 200, -1,
                        200, 229, 230, -1,
                        200, 230, 203, -1,
                        201, 203, 231, -1,
                        201, 231, 232, -1,
                        201, 232, 202, -1,
                        203, 230, 233, -1,
                        203, 233, 231, -1,
                        204, 234, 205, -1,
                        204, 206, 235, -1,
                        204, 235, 234, -1,
                        205, 234, 236, -1,
                        205, 236, 207, -1,
                        207, 236, 237, -1,
                        207, 237, 208, -1,
                        208, 238, 239, -1,
                        208, 239, 209, -1,
                        208, 237, 238, -1,
                        209, 239, 210, -1,
                        210, 239, 240, -1,
                        210, 240, 241, -1,
                        210, 241, 211, -1,
                        211, 241, 214, -1,
                        212, 214, 242, -1,
                        212, 242, 243, -1,
                        212, 243, 213, -1,
                        214, 244, 242, -1,
                        214, 241, 244, -1,
                        215, 243, 273, -1,
                        215, 273, 245, -1,
                        215, 245, 246, -1,
                        215, 246, 216, -1,
                        216, 246, 247, -1,
                        216, 247, 217, -1,
                        217, 247, 218, -1,
                        218, 247, 248, -1,
                        218, 248, 219, -1,
                        219, 248, 220, -1,
                        220, 248, 249, -1,
                        220, 249, 250, -1,
                        220, 250, 221, -1,
                        221, 250, 222, -1,
                        222, 250, 251, -1,
                        222, 251, 284, -1,
                        222, 284, 252, -1,
                        222, 252, 223, -1,
                        223, 252, 253, -1,
                        223, 253, 224, -1,
                        224, 253, 254, -1,
                        224, 254, 225, -1,
                        225, 254, 226, -1,
                        226, 254, 255, -1,
                        226, 255, 256, -1,
                        226, 256, 257, -1,
                        226, 257, 227, -1,
                        227, 257, 258, -1,
                        227, 258, 228, -1,
                        228, 258, 259, -1,
                        228, 259, 229, -1,
                        229, 259, 260, -1,
                        229, 260, 230, -1,
                        230, 260, 261, -1,
                        230, 261, 262, -1,
                        230, 262, 263, -1,
                        230, 263, 233, -1,
                        234, 264, 236, -1,
                        234, 235, 265, -1,
                        234, 265, 264, -1,
                        236, 264, 266, -1,
                        236, 266, 237, -1,
                        237, 266, 267, -1,
                        237, 267, 238, -1,
                        238, 268, 269, -1,
                        238, 269, 239, -1,
                        238, 267, 268, -1,
                        239, 269, 240, -1,
                        240, 269, 270, -1,
                        240, 270, 271, -1,
                        240, 271, 241, -1,
                        241, 271, 244, -1,
                        242, 244, 274, -1,
                        242, 274, 272, -1,
                        242, 272, 273, -1,
                        242, 273, 243, -1,
                        244, 271, 274, -1,
                        245, 273, 302, -1,
                        245, 302, 275, -1,
                        245, 275, 246, -1,
                        246, 276, 277, -1,
                        246, 277, 247, -1,
                        246, 275, 276, -1,
                        247, 277, 278, -1,
                        247, 278, 279, -1,
                        247, 279, 248, -1,
                        248, 279, 280, -1,
                        248, 280, 281, -1,
                        248, 281, 249, -1,
                        249, 281, 282, -1,
                        249, 282, 250, -1,
                        250, 282, 283, -1,
                        250, 283, 251, -1,
                        251, 283, 284, -1,
                        252, 284, 314, -1,
                        252, 314, 285, -1,
                        252, 285, 253, -1,
                        253, 285, 255, -1,
                        253, 255, 254, -1,
                        255, 286, 287, -1,
                        255, 287, 256, -1,
                        255, 285, 286, -1,
                        256, 287, 288, -1,
                        256, 288, 257, -1,
                        257, 288, 289, -1,
                        257, 289, 258, -1,
                        258, 289, 290, -1,
                        258, 290, 259, -1,
                        259, 290, 291, -1,
                        259, 291, 260, -1,
                        260, 291, 292, -1,
                        260, 292, 261, -1,
                        264, 293, 266, -1,
                        264, 265, 293, -1,
                        265, 294, 293, -1,
                        266, 293, 295, -1,
                        266, 295, 267, -1,
                        267, 295, 296, -1,
                        267, 296, 268, -1,
                        268, 297, 298, -1,
                        268, 298, 269, -1,
                        268, 296, 297, -1,
                        269, 298, 270, -1,
                        270, 298, 299, -1,
                        270, 299, 300, -1,
                        270, 300, 271, -1,
                        271, 300, 274, -1,
                        272, 274, 303, -1,
                        272, 303, 301, -1,
                        272, 301, 302, -1,
                        272, 302, 273, -1,
                        274, 300, 303, -1,
                        275, 302, 342, -1,
                        275, 342, 304, -1,
                        275, 304, 305, -1,
                        275, 305, 276, -1,
                        276, 305, 306, -1,
                        276, 306, 277, -1,
                        277, 306, 307, -1,
                        277, 307, 278, -1,
                        278, 307, 308, -1,
                        278, 308, 279, -1,
                        279, 308, 309, -1,
                        279, 309, 280, -1,
                        280, 309, 310, -1,
                        280, 310, 281, -1,
                        281, 310, 311, -1,
                        281, 311, 282, -1,
                        282, 311, 312, -1,
                        282, 312, 283, -1,
                        283, 312, 353, -1,
                        283, 353, 313, -1,
                        283, 313, 284, -1,
                        284, 313, 354, -1,
                        284, 354, 314, -1,
                        285, 314, 286, -1,
                        286, 314, 315, -1,
                        286, 315, 287, -1,
                        287, 315, 316, -1,
                        287, 316, 317, -1,
                        287, 317, 288, -1,
                        288, 317, 318, -1,
                        288, 318, 289, -1,
                        289, 318, 319, -1,
                        289, 319, 290, -1,
                        290, 319, 320, -1,
                        290, 320, 291, -1,
                        291, 320, 321, -1,
                        291, 321, 322, -1,
                        291, 322, 323, -1,
                        291, 323, 324, -1,
                        291, 324, 292, -1,
                        293, 325, 295, -1,
                        293, 294, 325, -1,
                        294, 326, 327, -1,
                        294, 327, 328, -1,
                        294, 328, 329, -1,
                        294, 329, 330, -1,
                        294, 330, 331, -1,
                        294, 331, 332, -1,
                        294, 332, 333, -1,
                        294, 333, 325, -1,
                        295, 325, 334, -1,
                        295, 334, 296, -1,
                        296, 334, 335, -1,
                        296, 335, 297, -1,
                        297, 336, 337, -1,
                        297, 337, 298, -1,
                        297, 335, 336, -1,
                        298, 337, 299, -1,
                        299, 337, 338, -1,
                        299, 338, 339, -1,
                        299, 339, 300, -1,
                        300, 339, 303, -1,
                        301, 303, 340, -1,
                        301, 340, 341, -1,
                        301, 341, 342, -1,
                        301, 342, 302, -1,
                        303, 339, 380, -1,
                        303, 380, 340, -1,
                        304, 342, 343, -1,
                        304, 343, 344, -1,
                        304, 344, 345, -1,
                        304, 345, 305, -1,
                        305, 345, 346, -1,
                        305, 346, 306, -1,
                        306, 346, 384, -1,
                        306, 384, 347, -1,
                        306, 347, 307, -1,
                        307, 347, 308, -1,
                        308, 347, 309, -1,
                        309, 348, 349, -1,
                        309, 349, 310, -1,
                        309, 347, 384, -1,
                        309, 384, 348, -1,
                        310, 349, 350, -1,
                        310, 350, 311, -1,
                        311, 350, 351, -1,
                        311, 351, 352, -1,
                        311, 352, 312, -1,
                        312, 352, 385, -1,
                        312, 385, 353, -1,
                        313, 353, 354, -1,
                        314, 354, 315, -1,
                        315, 355, 356, -1,
                        315, 356, 316, -1,
                        315, 354, 355, -1,
                        316, 356, 357, -1,
                        316, 357, 317, -1,
                        317, 357, 358, -1,
                        317, 358, 318, -1,
                        318, 358, 393, -1,
                        318, 393, 359, -1,
                        318, 359, 319, -1,
                        319, 359, 320, -1,
                        320, 360, 361, -1,
                        320, 361, 362, -1,
                        320, 362, 321, -1,
                        320, 359, 360, -1,
                        321, 362, 322, -1,
                        322, 362, 363, -1,
                        322, 363, 324, -1,
                        322, 324, 323, -1,
                        325, 333, 334, -1,
                        326, 364, 365, -1,
                        326, 365, 366, -1,
                        326, 366, 327, -1,
                        327, 366, 367, -1,
                        327, 367, 368, -1,
                        327, 368, 369, -1,
                        327, 369, 328, -1,
                        328, 369, 329, -1,
                        329, 369, 370, -1,
                        329, 370, 330, -1,
                        330, 370, 371, -1,
                        330, 371, 331, -1,
                        331, 371, 372, -1,
                        331, 372, 373, -1,
                        331, 373, 332, -1,
                        332, 373, 374, -1,
                        332, 374, 375, -1,
                        332, 375, 333, -1,
                        333, 375, 334, -1,
                        334, 375, 376, -1,
                        334, 376, 335, -1,
                        335, 376, 336, -1,
                        336, 377, 378, -1,
                        336, 378, 337, -1,
                        336, 376, 377, -1,
                        337, 378, 338, -1,
                        338, 378, 412, -1,
                        338, 412, 379, -1,
                        338, 379, 414, -1,
                        338, 414, 380, -1,
                        338, 380, 339, -1,
                        340, 381, 382, -1,
                        340, 382, 341, -1,
                        340, 380, 414, -1,
                        340, 414, 381, -1,
                        341, 382, 383, -1,
                        341, 383, 342, -1,
                        342, 383, 343, -1,
                        343, 383, 418, -1,
                        343, 418, 417, -1,
                        343, 417, 416, -1,
                        343, 416, 415, -1,
                        343, 415, 438, -1,
                        343, 438, 437, -1,
                        343, 437, 436, -1,
                        343, 436, 440, -1,
                        343, 440, 435, -1,
                        343, 435, 431, -1,
                        343, 431, 403, -1,
                        343, 403, 366, -1,
                        343, 366, 365, -1,
                        343, 365, 399, -1,
                        343, 399, 429, -1,
                        343, 429, 451, -1,
                        343, 451, 455, -1,
                        343, 455, 454, -1,
                        343, 454, 453, -1,
                        343, 453, 452, -1,
                        343, 452, 464, -1,
                        343, 464, 474, -1,
                        343, 474, 481, -1,
                        343, 481, 480, -1,
                        343, 480, 486, -1,
                        343, 486, 494, -1,
                        343, 494, 493, -1,
                        343, 493, 492, -1,
                        343, 492, 491, -1,
                        343, 491, 490, -1,
                        343, 490, 487, -1,
                        343, 487, 482, -1,
                        343, 482, 476, -1,
                        343, 476, 469, -1,
                        343, 469, 465, -1,
                        343, 465, 456, -1,
                        343, 456, 441, -1,
                        343, 441, 422, -1,
                        343, 422, 421, -1,
                        343, 421, 420, -1,
                        343, 420, 419, -1,
                        343, 419, 388, -1,
                        343, 388, 387, -1,
                        343, 387, 386, -1,
                        343, 386, 385, -1,
                        343, 385, 352, -1,
                        343, 352, 351, -1,
                        343, 351, 350, -1,
                        343, 350, 349, -1,
                        343, 349, 348, -1,
                        343, 348, 384, -1,
                        343, 384, 346, -1,
                        343, 346, 345, -1,
                        343, 345, 344, -1,
                        353, 385, 386, -1,
                        353, 386, 354, -1,
                        354, 386, 387, -1,
                        354, 387, 388, -1,
                        354, 388, 355, -1,
                        355, 388, 389, -1,
                        355, 389, 390, -1,
                        355, 390, 356, -1,
                        356, 390, 391, -1,
                        356, 391, 357, -1,
                        357, 391, 424, -1,
                        357, 424, 392, -1,
                        357, 392, 358, -1,
                        358, 392, 425, -1,
                        358, 425, 393, -1,
                        359, 393, 394, -1,
                        359, 394, 360, -1,
                        360, 394, 361, -1,
                        361, 394, 395, -1,
                        361, 395, 396, -1,
                        361, 396, 362, -1,
                        362, 396, 397, -1,
                        362, 397, 363, -1,
                        364, 398, 365, -1,
                        365, 398, 400, -1,
                        365, 400, 401, -1,
                        365, 401, 402, -1,
                        365, 402, 399, -1,
                        366, 403, 367, -1,
                        367, 403, 369, -1,
                        367, 369, 368, -1,
                        369, 403, 370, -1,
                        370, 403, 371, -1,
                        371, 403, 404, -1,
                        371, 404, 405, -1,
                        371, 405, 406, -1,
                        371, 406, 407, -1,
                        371, 407, 372, -1,
                        372, 407, 408, -1,
                        372, 408, 409, -1,
                        372, 409, 373, -1,
                        373, 409, 410, -1,
                        373, 410, 374, -1,
                        374, 410, 376, -1,
                        374, 376, 375, -1,
                        376, 410, 411, -1,
                        376, 411, 377, -1,
                        377, 411, 412, -1,
                        377, 412, 378, -1,
                        379, 412, 413, -1,
                        379, 413, 439, -1,
                        379, 439, 414, -1,
                        381, 414, 415, -1,
                        381, 415, 416, -1,
                        381, 416, 382, -1,
                        382, 416, 417, -1,
                        382, 417, 418, -1,
                        382, 418, 383, -1,
                        388, 419, 389, -1,
                        389, 419, 420, -1,
                        389, 420, 390, -1,
                        390, 420, 421, -1,
                        390, 421, 422, -1,
                        390, 422, 423, -1,
                        390, 423, 391, -1,
                        391, 423, 424, -1,
                        392, 424, 446, -1,
                        392, 446, 425, -1,
                        393, 425, 426, -1,
                        393, 426, 394, -1,
                        394, 426, 395, -1,
                        395, 426, 447, -1,
                        395, 447, 427, -1,
                        395, 427, 428, -1,
                        395, 428, 396, -1,
                        399, 402, 429, -1,
                        402, 430, 429, -1,
                        403, 431, 404, -1,
                        404, 431, 405, -1,
                        405, 431, 406, -1,
                        406, 431, 407, -1,
                        407, 431, 408, -1,
                        408, 431, 409, -1,
                        409, 431, 432, -1,
                        409, 432, 433, -1,
                        409, 433, 434, -1,
                        409, 434, 410, -1,
                        410, 434, 411, -1,
                        411, 434, 435, -1,
                        411, 435, 412, -1,
                        412, 435, 413, -1,
                        413, 436, 437, -1,
                        413, 437, 438, -1,
                        413, 438, 439, -1,
                        413, 435, 440, -1,
                        413, 440, 436, -1,
                        414, 439, 415, -1,
                        415, 439, 438, -1,
                        422, 441, 423, -1,
                        423, 441, 456, -1,
                        423, 456, 442, -1,
                        423, 442, 443, -1,
                        423, 443, 444, -1,
                        423, 444, 424, -1,
                        424, 444, 445, -1,
                        424, 445, 446, -1,
                        425, 446, 447, -1,
                        425, 447, 426, -1,
                        427, 447, 448, -1,
                        427, 448, 449, -1,
                        427, 449, 428, -1,
                        428, 449, 450, -1,
                        429, 430, 451, -1,
                        430, 452, 453, -1,
                        430, 453, 454, -1,
                        430, 454, 455, -1,
                        430, 455, 451, -1,
                        431, 435, 432, -1,
                        432, 435, 433, -1,
                        433, 435, 434, -1,
                        442, 456, 457, -1,
                        442, 457, 443, -1,
                        443, 457, 458, -1,
                        443, 458, 444, -1,
                        444, 458, 445, -1,
                        445, 458, 448, -1,
                        445, 448, 447, -1,
                        445, 447, 446, -1,
                        448, 458, 457, -1,
                        448, 457, 459, -1,
                        448, 459, 460, -1,
                        448, 460, 449, -1,
                        449, 460, 461, -1,
                        449, 461, 462, -1,
                        449, 462, 463, -1,
                        449, 463, 450, -1,
                        456, 465, 459, -1,
                        456, 459, 457, -1,
                        459, 465, 466, -1,
                        459, 466, 461, -1,
                        459, 461, 460, -1,
                        461, 467, 462, -1,
                        461, 466, 468, -1,
                        461, 468, 469, -1,
                        461, 469, 470, -1,
                        461, 470, 467, -1,
                        462, 467, 471, -1,
                        462, 471, 472, -1,
                        462, 472, 463, -1,
                        464, 473, 474, -1,
                        465, 469, 468, -1,
                        465, 468, 466, -1,
                        467, 470, 475, -1,
                        467, 475, 471, -1,
                        469, 476, 477, -1,
                        469, 477, 470, -1,
                        470, 477, 475, -1,
                        471, 475, 478, -1,
                        471, 478, 472, -1,
                        473, 479, 480, -1,
                        473, 480, 481, -1,
                        473, 481, 474, -1,
                        475, 477, 482, -1,
                        475, 482, 483, -1,
                        475, 483, 484, -1,
                        475, 484, 478, -1,
                        476, 482, 477, -1,
                        479, 485, 486, -1,
                        479, 486, 480, -1,
                        482, 487, 483, -1,
                        483, 487, 484, -1,
                        484, 487, 488, -1,
                        485, 489, 490, -1,
                        485, 490, 491, -1,
                        485, 491, 492, -1,
                        485, 492, 493, -1,
                        485, 493, 494, -1,
                        485, 494, 486, -1,
                        487, 490, 488, -1,
                        488, 490, 495, -1,
                        489, 496, 490, -1,
                        490, 496, 497, -1,
                        490, 497, 498, -1,
                        490, 498, 499, -1,
                        490, 499, 495, -1,
                ]
            }
        }
    ]
}
#VRML V2.0 utf8

# Vertices: 1310
# Triangles: 2616

Group {
    children [
        Shape {
            appearance Appearance {
                material Material {
                    diffuseColor 0.210000 0.620000 0.270000
                    ambientIntensity 0.400000
                    specularColor 0.500000 0.500000 0.500000
                    emissiveColor 0.000000 0.000000 0.000000
                    shininess 0.400000
                    transparency 0.500000
                }
            }
            geometry IndexedFaceSet {
                ccw TRUE
                solid TRUE
                convex TRUE
                coord DEF co Coordinate {
                    point [
                        0.692456 0.652770 0.007292,
                        0.648658 0.648403 0.021865,
                        0.692456 0.648312 0.021346,
                        0.706959 0.652315 0.007292,
                        0.706959 0.645674 -0.002750,
                        0.692456 0.645856 -0.003140,
                        0.677809 0.645765 -0.003282,
                        -0.575818 0.645493 -0.003338,
                        -0.604969 0.645493 -0.003325,
                        -0.590322 0.651769 0.007292,
                        -0.619472 0.648403 0.021865,
                        0.575853 0.642127 0.029658,
                        0.605003 0.642127 0.029652,
                        0.619507 0.642127 0.029646,
                        0.663305 0.648312 0.021865,
                        -0.604969 0.642127 0.029665,
                        0.682691 0.641126 0.029016,
                        0.706959 0.648040 0.020493,
                        0.648658 0.641945 0.029535,
                        0.663305 0.641763 0.029411,
                        0.672926 0.641581 0.029275,
                        0.721607 0.646129 0.018448,
                        0.721607 0.648858 0.007292,
                        0.721607 0.644219 -0.001650,
                        0.706959 0.634122 -0.007416,
                        0.692456 0.634122 -0.008603,
                        0.677809 0.634122 -0.009165,
                        0.663305 0.634122 -0.009462,
                        0.648658 0.634122 -0.009610,
                        0.634154 0.634122 -0.009672,
                        0.619507 0.634122 -0.009703,
                        0.605003 0.634122 -0.009716,
                        0.575853 0.634122 -0.009722,
                        -0.561171 0.634122 -0.009722,
                        -0.590322 0.634122 -0.009716,
                        -0.604969 0.634122 -0.009703,
                        -0.619472 0.634122 -0.009666,
                        -0.634119 0.645402 -0.003270,
                        -0.619472 0.651678 0.007292,
                        -0.634119 0.648312 0.021865,
                        -0.648623 0.642127 0.029646,
                        -0.634119 0.642127 0.029665,
                        0.575853 0.634122 0.033008,
                        -0.561171 0.634122 0.033014,
                        0.619507 0.634122 0.032965,
                        0.634154 0.642036 0.029609,
                        0.590356 0.634122 0.033002,
                        0.605003 0.634122 0.032990,
                        0.677809 0.635396 0.031333,
                        0.692456 0.632667 0.031105,
                        0.692456 0.639944 0.028639,
                        0.706959 0.636669 0.027780,
                        0.648658 0.634122 0.032699,
                        0.634154 0.634122 0.032878,
                        0.663305 0.634122 0.032402,
                        0.720171 0.632758 0.025153,
                        0.730366 0.643400 0.016155,
                        0.730510 0.643673 0.007292,
                        0.729504 0.642400 -0.000544,
                        0.706959 0.619568 -0.010117,
                        0.692456 0.619568 -0.011996,
                        0.721607 0.634122 -0.004388,
                        0.676947 0.618295 -0.013300,
                        0.663305 0.620660 -0.013417,
                        0.648658 0.621570 -0.013553,
                        0.634154 0.622024 -0.013609,
                        0.619507 0.622206 -0.013646,
                        0.605003 0.622388 -0.013658,
                        0.575853 0.622388 -0.013671,
                        -0.575818 0.622388 -0.013671,
                        -0.604969 0.622388 -0.013658,
                        -0.619472 0.622297 -0.013640,
                        -0.634119 0.634122 -0.009580,
                        -0.648623 0.645311 -0.003177,
                        -0.648623 0.651496 0.007292,
                        -0.634119 0.651587 0.007292,
                        -0.648623 0.648221 0.021865,
                        -0.663270 0.642036 0.029566,
                        -0.648623 0.634122 0.032915,
                        -0.634119 0.634122 0.032996,
                        -0.619472 0.634122 0.033014,
                        0.561206 0.619568 0.037340,
                        0.575853 0.619568 0.037334,
                        0.605003 0.619568 0.037310,
                        0.619507 0.619568 0.037266,
                        0.590356 0.619568 0.037328,
                        0.677809 0.619568 0.035820,
                        0.663305 0.619568 0.036568,
                        0.692456 0.619568 0.034386,
                        0.706959 0.629301 0.029937,
                        0.714283 0.626936 0.029176,
                        0.634154 0.619568 0.037155,
                        0.648658 0.619568 0.036939,
                        0.722899 0.619568 0.026247,
                        0.731659 0.634122 0.017817,
                        0.732807 0.634122 0.007292,
                        0.730079 0.634122 -0.001088,
                        0.721607 0.619568 -0.005785,
                        0.706959 0.604924 -0.011285,
                        0.691738 0.604742 -0.013708,
                        0.681111 0.609381 -0.014320,
                        0.671490 0.612564 -0.014629,
                        0.663305 0.613383 -0.014783,
                        0.648658 0.614293 -0.014962,
                        0.634154 0.614747 -0.015055,
                        0.619507 0.614929 -0.015105,
                        0.605003 0.615020 -0.015129,
                        0.590356 0.615111 -0.015136,
                        0.575853 0.615111 -0.015142,
                        -0.590322 0.615111 -0.015142,
                        -0.604969 0.615111 -0.015129,
                        -0.619472 0.614929 -0.015111,
                        -0.634119 0.614747 -0.015068,
                        -0.634119 0.622024 -0.013597,
                        -0.648623 0.634122 -0.009400,
                        -0.663270 0.645129 -0.003004,
                        -0.663270 0.651132 0.007292,
                        -0.663270 0.648040 0.021865,
                        -0.675189 0.641763 0.029393,
                        -0.663270 0.634122 0.032699,
                        -0.648623 0.619568 0.037124,
                        -0.634119 0.619568 0.037272,
                        -0.619472 0.619568 0.037322,
                        -0.604969 0.619568 0.037340,
                        0.561206 0.604924 0.039652,
                        0.575853 0.604924 0.039646,
                        0.590356 0.604924 0.039639,
                        0.605003 0.604924 0.039609,
                        0.619507 0.604924 0.039559,
                        0.677809 0.604924 0.037934,
                        0.663305 0.604924 0.038756,
                        0.648658 0.604924 0.039182,
                        0.692456 0.604924 0.036382,
                        0.706959 0.619568 0.031871,
                        0.706959 0.604924 0.033657,
                        0.715575 0.619568 0.029714,
                        0.634154 0.604924 0.039435,
                        0.717299 0.604924 0.030542,
                        0.724622 0.604924 0.026673,
                        0.732233 0.619568 0.018954,
                        0.733813 0.619568 0.007292,
                        0.730366 0.619568 -0.001348,
                        0.721607 0.604924 -0.006199,
                        0.706959 0.590370 -0.011891,
                        0.697913 0.575816 -0.014314,
                        0.695902 0.590370 -0.014073,
                        0.686568 0.599648 -0.014752,
                        0.676947 0.604742 -0.015049,
                        0.663305 0.604924 -0.015741,
                        0.648658 0.604924 -0.016131,
                        0.634154 0.604924 -0.016347,
                        0.619507 0.604924 -0.016458,
                        0.605003 0.604924 -0.016508,
                        0.590356 0.604924 -0.016532,
                        0.575853 0.604924 -0.016538,
                        0.561206 0.604924 -0.016545,
                        -0.561171 0.604924 -0.016545,
                        -0.575818 0.604924 -0.016538,
                        -0.590322 0.604924 -0.016532,
                        -0.604969 0.604924 -0.016520,
                        -0.619472 0.604924 -0.016470,
                        -0.634119 0.604924 -0.016384,
                        -0.648623 0.614293 -0.014969,
                        -0.648623 0.621570 -0.013516,
                        -0.663270 0.634122 -0.009042,
                        -0.677774 0.644674 -0.002658,
                        -0.677774 0.650404 0.007292,
                        -0.692421 0.646584 0.021272,
                        -0.679066 0.646220 0.023311,
                        -0.684810 0.641399 0.029139,
                        -0.679066 0.635578 0.031543,
                        -0.663270 0.619568 0.036803,
                        -0.648623 0.604924 0.039355,
                        -0.634119 0.604924 0.039547,
                        -0.619472 0.604924 0.039621,
                        -0.604969 0.604924 0.039646,
                        -0.590322 0.604924 0.039652,
                        0.561206 0.590370 0.041024,
                        0.575853 0.590370 0.041018,
                        0.590356 0.590370 0.041005,
                        0.605003 0.590370 0.040974,
                        0.619507 0.590370 0.040913,
                        0.677809 0.590370 0.039120,
                        0.663305 0.590370 0.040016,
                        0.648658 0.590370 0.040492,
                        0.634154 0.590370 0.040783,
                        0.692456 0.590370 0.037458,
                        0.706959 0.590370 0.034603,
                        0.718160 0.590370 0.030981,
                        0.725484 0.590370 0.026933,
                        0.732377 0.604924 0.019387,
                        0.733238 -0.167616 0.007292,
                        0.729935 -0.153062 -0.001082,
                        0.732377 0.590370 0.019640,
                        0.732233 -0.138417 0.019820,
                        0.732233 -0.153062 0.019795,
                        0.729935 -0.138417 -0.001100,
                        0.721607 -0.123863 -0.006428,
                        0.721607 -0.109309 -0.006434,
                        0.721607 -0.080110 -0.006440,
                        0.721607 0.561262 -0.006440,
                        0.721607 0.575816 -0.006415,
                        0.721607 0.590370 -0.006347,
                        0.706959 0.561262 -0.012429,
                        0.706959 0.575816 -0.012249,
                        0.698774 0.561262 -0.014443,
                        0.691594 0.561262 -0.015543,
                        0.690589 0.575816 -0.015377,
                        0.688579 0.590370 -0.015049,
                        0.677809 0.590370 -0.016118,
                        0.663305 0.590370 -0.016983,
                        0.648658 0.590370 -0.017422,
                        0.634154 0.590370 -0.017688,
                        0.619507 0.590370 -0.017812,
                        0.605003 0.590370 -0.017867,
                        0.590356 0.590370 -0.017898,
                        0.575853 0.590370 -0.017910,
                        0.546558 0.590370 -0.017917,
                        -0.561171 0.590370 -0.017917,
                        -0.575818 0.590370 -0.017910,
                        -0.590322 0.590370 -0.017904,
                        -0.604969 0.590370 -0.017886,
                        -0.619472 0.590370 -0.017836,
                        -0.634119 0.590370 -0.017737,
                        -0.648623 0.604924 -0.016180,
                        -0.663270 0.613201 -0.014765,
                        -0.663270 0.620569 -0.013325,
                        -0.677774 0.634122 -0.008337,
                        -0.692421 0.643855 -0.001972,
                        -0.692421 0.649040 0.007292,
                        -0.706925 0.645311 0.019609,
                        -0.692421 0.640035 0.028558,
                        -0.692421 0.632758 0.031259,
                        -0.677774 0.619568 0.036098,
                        -0.663270 0.604924 0.038966,
                        -0.648623 0.590370 0.040653,
                        -0.634119 0.590370 0.040875,
                        -0.619472 0.590370 0.040968,
                        -0.604969 0.590370 0.041005,
                        -0.590322 0.590370 0.041024,
                        0.546558 0.575816 0.041846,
                        0.575853 0.575816 0.041840,
                        0.590356 0.575816 0.041827,
                        0.605003 0.575816 0.041796,
                        0.619507 0.575816 0.041728,
                        0.677809 0.575816 0.039862,
                        0.663305 0.575816 0.040795,
                        0.648658 0.575816 0.041290,
                        0.634154 0.575816 0.041586,
                        0.692456 0.575816 0.038119,
                        0.706959 0.575816 0.035134,
                        0.718447 0.575816 0.031203,
                        0.718735 0.561262 0.031346,
                        0.725771 0.575816 0.027050,
                        0.732664 -0.196724 0.007292,
                        0.729792 -0.182170 -0.000933,
                        0.729935 -0.167616 -0.001039,
                        0.732089 -0.182170 0.019591,
                        0.731946 -0.196724 0.019325,
                        0.721607 -0.153062 -0.006372,
                        0.721607 -0.138417 -0.006415,
                        0.732233 0.532063 0.019832,
                        0.732233 -0.123863 0.019832,
                        0.725915 0.561262 0.027087,
                        0.726058 0.546617 0.027106,
                        0.726058 0.532063 0.027118,
                        0.726058 0.517509 0.027125,
                        0.726058 -0.138417 0.027106,
                        0.726058 -0.153062 0.027081,
                        0.706959 -0.123863 -0.012589,
                        0.706959 -0.094755 -0.012602,
                        0.706959 0.473757 -0.012602,
                        0.706959 0.502955 -0.012595,
                        0.706959 0.517509 -0.012583,
                        0.706959 0.532063 -0.012565,
                        0.706959 0.546617 -0.012515,
                        0.699492 0.532063 -0.014536,
                        0.699205 0.546617 -0.014499,
                        0.691881 0.546617 -0.015624,
                        0.677809 0.546617 -0.017336,
                        0.677809 0.561262 -0.017163,
                        0.677809 0.575816 -0.016810,
                        0.663305 0.575816 -0.017731,
                        0.648658 0.575816 -0.018201,
                        0.634154 0.575816 -0.018485,
                        0.619507 0.575816 -0.018621,
                        0.605003 0.575816 -0.018683,
                        0.590356 0.575816 -0.018714,
                        0.575853 0.575816 -0.018726,
                        0.561206 0.575816 -0.018732,
                        -0.575818 0.575816 -0.018732,
                        -0.590322 0.575816 -0.018720,
                        -0.604969 0.575816 -0.018695,
                        -0.619472 0.575816 -0.018646,
                        -0.634119 0.575816 -0.018528,
                        -0.648623 0.590370 -0.017503,
                        -0.663270 0.604924 -0.015760,
                        -0.671168 0.612473 -0.014616,
                        -0.676769 0.618204 -0.013133,
                        -0.692421 0.619568 -0.011502,
                        -0.692421 0.634122 -0.007046,
                        -0.704053 0.642673 -0.001020,
                        -0.708073 0.645220 0.006007,
                        -0.717120 0.643400 0.010012,
                        -0.717120 0.643400 0.017205,
                        -0.708073 0.634486 0.027254,
                        -0.703909 0.629938 0.030239,
                        -0.692421 0.619568 0.034621,
                        -0.677774 0.604924 0.038169,
                        -0.663270 0.590370 0.040214,
                        -0.648623 0.575816 0.041388,
                        -0.634119 0.575816 0.041654,
                        -0.619472 0.575816 0.041765,
                        -0.604969 0.575816 0.041815,
                        -0.590322 0.575816 0.041833,
                        -0.575818 0.575816 0.041840,
                        -0.561171 0.575816 0.041846,
                        0.561206 0.561262 0.042260,
                        0.575853 0.561262 0.042254,
                        0.590356 0.561262 0.042241,
                        0.605003 0.561262 0.042210,
                        0.619507 0.561262 0.042142,
                        0.677809 0.561262 0.040245,
                        0.663305 0.561262 0.041197,
                        0.648658 0.561262 0.041704,
                        0.634154 0.561262 0.042000,
                        0.692456 0.561262 0.038471,
                        0.706959 0.561262 0.035443,
                        0.706959 0.546617 0.035585,
                        0.706959 0.532063 0.035653,
                        0.718735 0.546617 0.031407,
                        0.718878 0.517509 0.031451,
                        0.731659 -0.211368 0.018788,
                        0.731084 -0.225922 0.017786,
                        0.731946 -0.211368 0.007292,
                        0.729217 -0.211368 -0.000322,
                        0.729504 -0.196724 -0.000717,
                        0.721607 -0.182170 -0.006069,
                        0.721607 -0.167616 -0.006279,
                        0.725915 -0.167616 0.027020,
                        0.725771 -0.182170 0.026884,
                        0.725340 -0.196724 0.026618,
                        0.706959 -0.153062 -0.012527,
                        0.706959 -0.138417 -0.012571,
                        0.726058 -0.109309 0.027125,
                        0.726058 -0.123863 0.027118,
                        0.718878 0.502955 0.031457,
                        0.718878 0.459203 0.031463,
                        0.718878 -0.123863 0.031457,
                        0.718735 -0.153062 0.031426,
                        0.718591 -0.167616 0.031370,
                        0.699636 -0.123863 -0.014555,
                        0.699636 -0.109309 -0.014561,
                        0.699636 0.488310 -0.014561,
                        0.699636 0.502955 -0.014555,
                        0.692312 0.517509 -0.015692,
                        0.692169 0.532063 -0.015673,
                        0.677809 0.532063 -0.017435,
                        0.663305 0.532063 -0.018405,
                        0.663305 0.546617 -0.018300,
                        0.663305 0.561262 -0.018108,
                        0.648658 0.561262 -0.018596,
                        0.634154 0.561262 -0.018893,
                        0.619507 0.561262 -0.019035,
                        0.605003 0.561262 -0.019103,
                        0.590356 0.561262 -0.019134,
                        0.575853 0.561262 -0.019146,
                        0.561206 0.561262 -0.019153,
                        -0.561171 0.561262 -0.019153,
                        -0.575818 0.561262 -0.019146,
                        -0.590322 0.561262 -0.019140,
                        -0.604969 0.561262 -0.019109,
                        -0.619472 0.561262 -0.019054,
                        -0.634119 0.561262 -0.018924,
                        -0.648623 0.575816 -0.018269,
                        -0.663270 0.590370 -0.017051,
                        -0.676769 0.604924 -0.015086,
                        -0.680933 0.609745 -0.014320,
                        -0.691990 0.604924 -0.013634,
                        -0.706925 0.619568 -0.008943,
                        -0.708073 0.635396 -0.003702,
                        -0.713674 0.641126 0.000296,
                        -0.722433 0.634759 0.006254,
                        -0.729470 0.628301 0.012206,
                        -0.729470 0.628301 0.015487,
                        -0.721859 0.633577 0.019517,
                        -0.713674 0.625845 0.028991,
                        -0.708073 0.620387 0.031309,
                        -0.692421 0.604924 0.036574,
                        -0.677774 0.590370 0.039355,
                        -0.663270 0.575816 0.040906,
                        -0.648623 0.561262 0.041747,
                        -0.634119 0.561262 0.042037,
                        -0.619472 0.561262 0.042167,
                        -0.604969 0.561262 0.042223,
                        -0.590322 0.561262 0.042247,
                        -0.575818 0.561262 0.042260,
                        0.561206 0.546617 0.042482,
                        0.575853 0.546617 0.042476,
                        0.590356 0.546617 0.042464,
                        0.605003 0.546617 0.042433,
                        0.619507 0.546617 0.042365,
                        0.677809 0.546617 0.040431,
                        0.663305 0.546617 0.041401,
                        0.648658 0.546617 0.041914,
                        0.634154 0.546617 0.042217,
                        0.692456 0.546617 0.038638,
                        0.692456 0.532063 0.038731,
                        0.692456 0.517509 0.038774,
                        0.706959 0.517509 0.035690,
                        0.706959 0.502955 0.035703,
                        0.724479 -0.211368 0.026080,
                        0.730079 -0.237565 0.016291,
                        0.730079 -0.237565 0.011260,
                        0.722755 -0.225922 0.025079,
                        0.730653 -0.224649 0.006761,
                        0.728930 -0.218918 -0.000044,
                        0.721607 -0.211368 -0.004790,
                        0.721607 -0.196724 -0.005624,
                        0.706959 -0.182170 -0.012188,
                        0.706959 -0.167616 -0.012422,
                        0.718447 -0.182170 0.031259,
                        0.718017 -0.196724 0.031024,
                        0.717155 -0.211368 0.030579,
                        0.699349 -0.153062 -0.014524,
                        0.699492 -0.138417 -0.014548,
                        0.718878 -0.080110 0.031463,
                        0.706959 0.488310 0.035709,
                        0.706959 -0.109309 0.035709,
                        0.706959 -0.123863 0.035703,
                        0.706959 -0.138417 0.035684,
                        0.706959 -0.153062 0.035635,
                        0.706959 -0.167616 0.035517,
                        0.692312 -0.123863 -0.015698,
                        0.692312 -0.109309 -0.015704,
                        0.692312 0.488310 -0.015704,
                        0.692312 0.502955 -0.015698,
                        0.677809 0.502955 -0.017490,
                        0.677809 0.517509 -0.017472,
                        0.663305 0.517509 -0.018442,
                        0.648658 0.517509 -0.018961,
                        0.648658 0.532063 -0.018918,
                        0.648658 0.546617 -0.018807,
                        0.634154 0.546617 -0.019109,
                        0.619507 0.546617 -0.019252,
                        0.605003 0.546617 -0.019320,
                        0.590356 0.546617 -0.019357,
                        0.575853 0.546617 -0.019369,
                        0.546558 0.546617 -0.019375,
                        -0.546667 0.546617 -0.019375,
                        -0.575818 0.546617 -0.019369,
                        -0.590322 0.546617 -0.019357,
                        -0.604969 0.546617 -0.019326,
                        -0.619472 0.546617 -0.019264,
                        -0.634119 0.546617 -0.019128,
                        -0.648623 0.561262 -0.018646,
                        -0.663270 0.575816 -0.017793,
                        -0.677774 0.590370 -0.016248,
                        -0.686821 0.600012 -0.014814,
                        -0.696442 0.590370 -0.014110,
                        -0.706925 0.604924 -0.010803,
                        -0.722290 0.618113 -0.002899,
                        -0.717982 0.631393 -0.002015,
                        -0.727747 0.622024 0.002490,
                        -0.730044 0.618113 0.007329,
                        -0.731624 0.604924 0.007292,
                        -0.730331 0.619568 0.016927,
                        -0.720854 0.620387 0.025110,
                        -0.715541 0.616112 0.029751,
                        -0.706925 0.604924 0.033564,
                        -0.692421 0.590370 0.037649,
                        -0.677774 0.575816 0.039986,
                        -0.663270 0.561262 0.041240,
                        -0.648623 0.546617 0.041938,
                        -0.634119 0.546617 0.042241,
                        -0.619472 0.546617 0.042377,
                        -0.604969 0.546617 0.042439,
                        -0.590322 0.546617 0.042470,
                        -0.575818 0.546617 0.042476,
                        -0.561171 0.546617 0.042482,
                        0.561206 0.532063 0.042600,
                        0.575853 0.532063 0.042594,
                        0.590356 0.532063 0.042581,
                        0.605003 0.532063 0.042550,
                        0.619507 0.532063 0.042476,
                        0.634154 0.532063 0.042334,
                        0.677809 0.532063 0.040536,
                        0.648658 0.532063 0.042025,
                        0.663305 0.532063 0.041506,
                        0.677809 0.517509 0.040579,
                        0.677809 0.502955 0.040597,
                        0.692456 0.502955 0.038787,
                        0.692456 0.488310 0.038799,
                        0.715432 -0.225922 0.029739,
                        0.721463 -0.240294 0.021884,
                        0.718878 -0.250664 0.017755,
                        0.718447 -0.250482 0.007292,
                        0.725771 -0.241659 0.006761,
                        0.727781 -0.228651 0.001545,
                        0.714283 -0.233290 0.029170,
                        0.722325 -0.224649 -0.002923,
                        0.706959 -0.211368 -0.010779,
                        0.706959 -0.196724 -0.011712,
                        0.698200 -0.182170 -0.014344,
                        0.698918 -0.167616 -0.014462,
                        0.706959 -0.182170 0.035289,
                        0.706959 -0.196724 0.034800,
                        0.706959 -0.211368 0.033855,
                        0.691738 -0.167616 -0.015593,
                        0.692025 -0.153062 -0.015655,
                        0.692169 -0.138417 -0.015686,
                        0.692456 -0.094755 0.038799,
                        0.692456 -0.123863 0.038787,
                        0.692456 -0.138417 0.038768,
                        0.692456 -0.153062 0.038706,
                        0.692456 -0.167616 0.038576,
                        0.677809 -0.138417 -0.017459,
                        0.677809 -0.123863 -0.017484,
                        0.677809 -0.109309 -0.017496,
                        0.677809 -0.094755 -0.017503,
                        0.677809 0.473757 -0.017503,
                        0.663305 0.502955 -0.018467,
                        0.648658 0.502955 -0.018986,
                        0.634154 0.517509 -0.019270,
                        0.634154 0.532063 -0.019227,
                        0.619507 0.532063 -0.019369,
                        0.605003 0.532063 -0.019437,
                        0.590356 0.532063 -0.019474,
                        0.575853 0.532063 -0.019480,
                        0.546558 0.532063 -0.019493,
                        -0.546667 0.532063 -0.019493,
                        -0.575818 0.532063 -0.019486,
                        -0.590322 0.532063 -0.019474,
                        -0.604969 0.532063 -0.019443,
                        -0.619472 0.532063 -0.019375,
                        -0.634119 0.532063 -0.019233,
                        -0.648623 0.546617 -0.018837,
                        -0.663270 0.561262 -0.018151,
                        -0.677774 0.575816 -0.016922,
                        -0.689118 0.590370 -0.015154,
                        -0.698309 0.575816 -0.014357,
                        -0.706925 0.590370 -0.011755,
                        -0.690985 0.575816 -0.015463,
                        -0.721572 0.604924 -0.004796,
                        -0.728895 0.612382 -0.000013,
                        -0.731337 0.604924 0.018330,
                        -0.729183 0.604924 -0.000297,
                        -0.732342 0.590370 0.007292,
                        -0.724013 0.604924 0.025623,
                        -0.716689 0.604924 0.030375,
                        -0.706925 0.590370 0.034553,
                        -0.692421 0.575816 0.038206,
                        -0.677774 0.561262 0.040282,
                        -0.663270 0.546617 0.041419,
                        -0.648623 0.532063 0.042031,
                        -0.634119 0.532063 0.042340,
                        -0.619472 0.532063 0.042482,
                        -0.604969 0.532063 0.042550,
                        -0.590322 0.532063 0.042581,
                        -0.575818 0.532063 0.042594,
                        -0.561171 0.532063 0.042600,
                        0.561206 0.517509 0.042649,
                        0.575853 0.517509 0.042643,
                        0.590356 0.517509 0.042631,
                        0.605003 0.517509 0.042600,
                        0.619507 0.517509 0.042526,
                        0.634154 0.517509 0.042383,
                        0.663305 0.517509 0.041555,
                        0.648658 0.517509 0.042074,
                        0.677809 0.488310 0.040610,
                        0.663305 0.502955 0.041574,
                        0.706959 -0.243296 0.027570,
                        0.706959 -0.252847 0.020277,
                        0.706959 -0.254848 0.007292,
                        0.715288 -0.248481 -0.000495,
                        0.717873 -0.240476 -0.001898,
                        0.706959 -0.225922 0.032081,
                        0.706959 -0.236019 0.030042,
                        0.706959 -0.225922 -0.009030,
                        0.692025 -0.211550 -0.013677,
                        0.696333 -0.196724 -0.014097,
                        0.690876 -0.182170 -0.015457,
                        0.692456 -0.182170 0.038317,
                        0.692456 -0.196724 0.037773,
                        0.692456 -0.211368 0.036710,
                        0.677809 -0.167616 -0.017243,
                        0.677809 -0.153062 -0.017391,
                        0.677809 -0.109309 0.040610,
                        0.677809 -0.123863 0.040597,
                        0.677809 -0.138417 0.040566,
                        0.677809 -0.153062 0.040498,
                        0.677809 -0.167616 0.040344,
                        0.663305 -0.138417 -0.018423,
                        0.663305 -0.123863 -0.018460,
                        0.663305 -0.109309 -0.018473,
                        0.663305 -0.080110 -0.018479,
                        0.663305 0.473757 -0.018479,
                        0.648658 0.473757 -0.018998,
                        0.634154 0.488310 -0.019307,
                        0.634154 0.502955 -0.019295,
                        0.619507 0.517509 -0.019418,
                        0.605003 0.517509 -0.019486,
                        0.590356 0.517509 -0.019523,
                        0.575853 0.517509 -0.019536,
                        0.546558 0.517509 -0.019542,
                        -0.546667 0.517509 -0.019542,
                        -0.575818 0.517509 -0.019536,
                        -0.590322 0.517509 -0.019523,
                        -0.604969 0.517509 -0.019486,
                        -0.619472 0.517509 -0.019418,
                        -0.634119 0.517509 -0.019276,
                        -0.648623 0.532063 -0.018930,
                        -0.663270 0.546617 -0.018325,
                        -0.677774 0.561262 -0.017224,
                        -0.699027 0.561262 -0.014462,
                        -0.706925 0.575816 -0.012194,
                        -0.691703 0.561262 -0.015593,
                        -0.721572 0.590370 -0.005612,
                        -0.731767 0.590370 0.018948,
                        -0.724875 0.590370 0.026241,
                        -0.729470 0.590370 -0.000680,
                        -0.732629 0.575816 0.007292,
                        -0.717551 0.590370 0.030870,
                        -0.706925 0.575816 0.035078,
                        -0.692421 0.561262 0.038484,
                        -0.677774 0.546617 0.040449,
                        -0.663270 0.532063 0.041506,
                        -0.648623 0.517509 0.042068,
                        -0.634119 0.517509 0.042383,
                        -0.619472 0.517509 0.042532,
                        -0.604969 0.517509 0.042600,
                        -0.590322 0.517509 0.042631,
                        -0.575818 0.517509 0.042643,
                        -0.561171 0.517509 0.042649,
                        0.561206 0.502955 0.042674,
                        0.575853 0.502955 0.042668,
                        0.590356 0.502955 0.042655,
                        0.605003 0.502955 0.042618,
                        0.619507 0.502955 0.042550,
                        0.634154 0.502955 0.042408,
                        0.648658 0.502955 0.042093,
                        0.663305 0.488310 0.041586,
                        0.696046 -0.246662 0.028719,
                        0.686425 -0.248026 0.029281,
                        0.691738 -0.252665 0.023064,
                        0.677809 -0.254757 0.021865,
                        0.677809 -0.258487 0.007292,
                        0.692456 -0.257213 0.007292,
                        0.706959 -0.249754 -0.001508,
                        0.706959 -0.240476 -0.005457,
                        0.692456 -0.225922 0.034819,
                        0.691738 -0.241295 0.031012,
                        0.692456 -0.225922 -0.011767,
                        0.682260 -0.216553 -0.014382,
                        0.686855 -0.206820 -0.014827,
                        0.689153 -0.196724 -0.015160,
                        0.677809 -0.182170 -0.016940,
                        0.677809 -0.182170 0.040047,
                        0.677809 -0.196724 0.039411,
                        0.677809 -0.211368 0.038274,
                        0.663305 -0.167616 -0.018182,
                        0.663305 -0.153062 -0.018343,
                        0.663305 -0.094755 0.041586,
                        0.663305 -0.109309 0.041580,
                        0.663305 -0.123863 0.041568,
                        0.663305 -0.138417 0.041537,
                        0.663305 -0.153062 0.041456,
                        0.663305 -0.167616 0.041290,
                        0.648658 -0.138417 -0.018936,
                        0.648658 -0.123863 -0.018973,
                        0.648658 -0.109309 -0.018992,
                        0.648658 -0.080110 -0.018998,
                        0.634154 -0.094755 -0.019307,
                        0.619507 0.473757 -0.019455,
                        0.619507 0.502955 -0.019443,
                        0.605003 0.502955 -0.019511,
                        0.590356 0.502955 -0.019542,
                        0.196749 0.089261 -0.020444,
                        0.167598 0.104360 -0.020444,
                        0.138448 0.113093 -0.020444,
                        0.123800 0.116458 -0.020444,
                        0.109297 0.118187 -0.020444,
                        0.094650 0.119187 -0.020444,
                        0.080146 0.119642 -0.020444,
                        0.069663 0.119824 -0.020444,
                        0.055016 0.119915 -0.020444,
                        -0.094759 0.119915 -0.020444,
                        -0.119745 0.119824 -0.020444,
                        -0.134105 0.119733 -0.020444,
                        -0.148465 0.119460 -0.020444,
                        -0.162681 0.119005 -0.020444,
                        -0.176467 0.118278 -0.020444,
                        -0.189678 0.116822 -0.020444,
                        -0.202028 0.114730 -0.020444,
                        -0.213372 0.111455 -0.020444,
                        -0.224142 0.107544 -0.020444,
                        -0.234625 0.103542 -0.020444,
                        -0.590322 0.502955 -0.019542,
                        -0.604969 0.502955 -0.019511,
                        -0.252144 0.091899 -0.020444,
                        -0.260329 0.085531 -0.020444,
                        -0.619472 0.502955 -0.019443,
                        -0.634119 0.502955 -0.019295,
                        -0.648623 0.517509 -0.018967,
                        -0.663270 0.532063 -0.018405,
                        -0.677774 0.546617 -0.017367,
                        -0.691990 0.546617 -0.015648,
                        -0.699170 0.546617 -0.014499,
                        -0.706925 0.561262 -0.012379,
                        -0.721572 0.575816 -0.005952,
                        -0.731911 0.575816 0.019270,
                        -0.725449 0.575816 0.026562,
                        -0.729613 0.575816 -0.000828,
                        -0.729757 0.561262 -0.000890,
                        -0.732773 0.561262 0.007292,
                        -0.718125 0.575816 0.031123,
                        -0.706925 0.561262 0.035344,
                        -0.692421 0.546617 0.038626,
                        -0.677774 0.532063 0.040523,
                        -0.663270 0.517509 0.041543,
                        -0.648623 0.502955 0.042087,
                        -0.634119 0.502955 0.042402,
                        -0.619472 0.502955 0.042550,
                        -0.604969 0.502955 0.042618,
                        -0.590322 0.502955 0.042655,
                        -0.575818 0.502955 0.042668,
                        -0.561171 0.502955 0.042674,
                        0.546558 0.488310 0.042686,
                        0.561206 0.473757 0.042686,
                        0.575853 0.473757 0.042680,
                        0.590356 0.473757 0.042668,
                        0.605003 0.488310 0.042631,
                        0.619507 0.488310 0.042563,
                        0.634154 0.473757 0.042421,
                        0.648658 0.488310 0.042105,
                        0.677809 -0.240476 0.032415,
                        0.663305 -0.240476 0.032983,
                        0.677809 -0.248299 0.029498,
                        0.123800 -0.276497 0.030042,
                        0.132991 -0.276497 0.029448,
                        0.663305 -0.255485 0.021865,
                        0.692456 -0.251301 -0.002627,
                        0.663305 -0.259123 0.007292,
                        0.210535 -0.276497 -0.020444,
                        0.692456 -0.240476 -0.007905,
                        0.677809 -0.225922 0.036277,
                        0.677521 -0.224922 -0.013362,
                        0.672495 -0.219373 -0.014709,
                        0.677521 -0.211550 -0.015173,
                        0.677809 -0.196724 -0.016297,
                        0.663305 -0.182170 -0.017836,
                        0.663305 -0.182170 0.040950,
                        0.663305 -0.196724 0.040264,
                        0.663305 -0.211368 0.039077,
                        0.648658 -0.167616 -0.018671,
                        0.648658 -0.153062 -0.018850,
                        0.648658 -0.094755 0.042105,
                        0.648658 -0.109309 0.042099,
                        0.648658 -0.123863 0.042087,
                        0.648658 -0.138417 0.042050,
                        0.648658 -0.153062 0.041957,
                        0.648658 -0.167616 0.041784,
                        0.634154 -0.138417 -0.019245,
                        0.634154 -0.123863 -0.019282,
                        0.634154 -0.109309 -0.019301,
                        0.619507 -0.094755 -0.019449,
                        0.619507 -0.080110 -0.019455,
                        0.605003 0.488310 -0.019523,
                        0.590356 0.488310 -0.019554,
                        0.263092 0.021949 -0.020444,
                        0.252466 0.036503 -0.020444,
                        0.240547 0.050238 -0.020444,
                        0.239829 0.051057 -0.020444,
                        0.225900 0.065247 -0.020444,
                        0.211253 0.078072 -0.020444,
                        -0.590322 0.488310 -0.019554,
                        -0.266935 0.077527 -0.020444,
                        -0.278710 0.060153 -0.020444,
                        -0.604969 0.473757 -0.019523,
                        -0.619472 0.488310 -0.019449,
                        -0.634119 0.488310 -0.019301,
                        -0.648623 0.502955 -0.018980,
                        -0.663270 0.517509 -0.018436,
                        -0.677774 0.532063 -0.017435,
                        -0.691990 0.532063 -0.015673,
                        -0.699314 0.532063 -0.014511,
                        -0.706925 0.546617 -0.012441,
                        -0.721572 0.561262 -0.006094,
                        -0.732916 0.546617 0.007292,
                        -0.732055 0.546617 0.019511,
                        -0.725736 0.546617 0.026797,
                        -0.725593 0.561262 0.026723,
                        -0.718413 0.561262 0.031253,
                        -0.721572 0.546617 -0.006143,
                        -0.729757 0.546617 -0.000909,
                        -0.706925 0.546617 0.035474,
                        -0.692421 0.532063 0.038694,
                        -0.677774 0.517509 0.040554,
                        -0.663270 0.502955 0.041555,
                        -0.648623 0.488310 0.042093,
                        -0.634119 0.473757 0.042414,
                        -0.619472 0.473757 0.042563,
                        -0.604969 0.488310 0.042631,
                        -0.590322 0.473757 0.042668,
                        -0.575818 0.473757 0.042680,
                        -0.546667 0.488310 0.042686,
                        0.488257 0.430004 0.042692,
                        0.502904 0.415450 0.042692,
                        0.561206 -0.080110 0.042686,
                        0.575853 -0.080110 0.042680,
                        0.590356 -0.094755 0.042668,
                        0.605003 0.459203 0.042637,
                        0.619507 -0.094755 0.042563,
                        0.634154 -0.080110 0.042421,
                        0.663305 -0.225922 0.036994,
                        0.648658 -0.225922 0.037359,
                        0.648658 -0.240476 0.033292,
                        0.094650 -0.276497 0.031160,
                        0.663305 -0.248663 0.029745,
                        0.109297 -0.276497 0.030734,
                        0.114610 -0.276497 0.030505,
                        0.141320 -0.276497 0.028552,
                        0.147782 -0.276497 0.027767,
                        0.160706 -0.276497 0.025950,
                        0.677809 -0.240476 -0.009110,
                        0.175353 -0.276497 0.022897,
                        0.189856 -0.276497 0.018633,
                        0.199190 -0.276497 0.013683,
                        0.201201 -0.276497 0.012558,
                        0.207950 -0.276497 0.007824,
                        0.209673 -0.276497 0.005877,
                        0.213550 -0.276497 -0.007287,
                        0.261513 -0.211368 -0.020444,
                        0.605003 -0.123863 -0.019493,
                        0.605003 -0.138417 -0.019449,
                        0.619507 -0.138417 -0.019381,
                        0.619507 -0.153062 -0.019276,
                        0.619507 -0.167616 -0.019085,
                        0.634154 -0.167616 -0.018955,
                        0.634154 -0.182170 -0.018578,
                        0.634154 -0.196724 -0.017830,
                        0.648658 -0.196724 -0.017589,
                        0.648658 -0.211368 -0.016378,
                        0.663305 -0.220374 -0.014901,
                        0.663305 -0.227651 -0.013516,
                        -0.212941 -0.276497 -0.020444,
                        0.663305 -0.211368 -0.015957,
                        0.663305 -0.196724 -0.017138,
                        0.648658 -0.182170 -0.018312,
                        0.648658 -0.182170 0.041419,
                        0.648658 -0.196724 0.040702,
                        0.648658 -0.211368 0.039491,
                        0.634154 -0.153062 -0.019146,
                        0.634154 -0.094755 0.042414,
                        0.634154 -0.109309 0.042408,
                        0.634154 -0.123863 0.042390,
                        0.634154 -0.138417 0.042353,
                        0.634154 -0.153062 0.042254,
                        0.634154 -0.167616 0.042068,
                        0.619507 -0.123863 -0.019425,
                        0.619507 -0.109309 -0.019443,
                        0.605003 -0.094755 -0.019523,
                        0.293392 -0.109309 -0.020444,
                        0.293248 -0.094755 -0.020444,
                        0.292530 -0.080110 -0.020444,
                        0.291525 -0.065556 -0.020444,
                        0.289515 -0.051003 -0.020444,
                        0.282191 -0.021804 -0.020444,
                        0.277596 -0.007250 -0.020444,
                        -0.282587 0.049419 -0.020444,
                        -0.286177 0.038413 -0.020444,
                        -0.289336 0.027043 -0.020444,
                        -0.291203 0.014308 -0.020444,
                        -0.604969 -0.080110 -0.019523,
                        -0.292352 0.000937 -0.020444,
                        -0.292926 -0.013071 -0.020444,
                        -0.293213 -0.021804 -0.020444,
                        -0.293357 -0.036358 -0.020444,
                        -0.619472 -0.094755 -0.019449,
                        -0.634119 -0.094755 -0.019301,
                        -0.648623 0.488310 -0.018986,
                        -0.663270 0.502955 -0.018448,
                        -0.677774 0.517509 -0.017453,
                        -0.691990 0.517509 -0.015686,
                        -0.699314 0.517509 -0.014518,
                        -0.706925 0.532063 -0.012466,
                        -0.733203 -0.211368 0.007292,
                        -0.732485 -0.225922 0.019721,
                        -0.732055 0.532063 0.019548,
                        -0.725880 0.517509 0.026846,
                        -0.718556 0.532063 0.031352,
                        -0.721572 0.532063 -0.006156,
                        -0.729757 0.532063 -0.000915,
                        -0.706925 0.532063 0.035536,
                        -0.692421 0.517509 0.038719,
                        -0.677774 0.502955 0.040566,
                        -0.663270 0.488310 0.041561,
                        -0.648623 -0.094755 0.042093,
                        -0.634119 -0.080110 0.042414,
                        -0.619472 -0.080110 0.042563,
                        -0.604969 -0.094755 0.042631,
                        -0.590322 -0.080110 0.042668,
                        -0.575818 -0.080110 0.042680,
                        -0.561171 0.473757 0.042686,
                        -0.502869 0.430004 0.042692,
                        0.502904 -0.036358 0.042692,
                        0.546558 -0.094755 0.042686,
                        0.575853 -0.094755 0.042674,
                        0.590356 -0.109309 0.042655,
                        0.605003 -0.109309 0.042624,
                        0.605003 -0.094755 0.042631,
                        0.605003 -0.080110 0.042637,
                        0.575853 -0.109309 0.042668,
                        0.619507 -0.109309 0.042556,
                        0.634154 -0.211368 0.039707,
                        0.634154 -0.225922 0.037544,
                        0.080146 -0.276497 0.031377,
                        0.086752 -0.276497 0.031284,
                        0.100968 -0.276497 0.030993,
                        0.279463 -0.182170 -0.020444,
                        0.605003 -0.109309 -0.019511,
                        -0.216244 -0.276497 -0.008974,
                        -0.715397 -0.262580 0.014016,
                        -0.706925 -0.258214 0.006501,
                        -0.692421 -0.252028 -0.002862,
                        -0.677774 -0.240476 -0.009085,
                        -0.663270 -0.227287 -0.013448,
                        -0.663270 -0.220010 -0.014827,
                        -0.648623 -0.211368 -0.016254,
                        -0.648623 -0.196724 -0.017472,
                        -0.634119 -0.196724 -0.017762,
                        -0.634119 -0.182170 -0.018522,
                        -0.634119 -0.167616 -0.018918,
                        -0.619472 -0.167616 -0.019066,
                        -0.619472 -0.153062 -0.019264,
                        -0.619472 -0.138417 -0.019375,
                        -0.604969 -0.138417 -0.019443,
                        -0.604969 -0.123863 -0.019486,
                        -0.250708 -0.225922 -0.020444,
                        0.634154 -0.182170 0.041691,
                        0.634154 -0.196724 0.040943,
                        0.619507 -0.123863 0.042538,
                        0.619507 -0.138417 0.042495,
                        0.619507 -0.153062 0.042390,
                        0.619507 -0.167616 0.042198,
                        0.289515 -0.153062 -0.020444,
                        0.290951 -0.145148 -0.020444,
                        0.292099 -0.138417 -0.020444,
                        0.292530 -0.132141 -0.020444,
                        0.292961 -0.123863 -0.020444,
                        -0.604969 -0.094755 -0.019517,
                        -0.293357 -0.100213 -0.020444,
                        -0.293213 -0.109309 -0.020444,
                        -0.293070 -0.115040 -0.020444,
                        -0.292783 -0.123863 -0.020444,
                        -0.292352 -0.130321 -0.020444,
                        -0.291777 -0.138417 -0.020444,
                        -0.619472 -0.109309 -0.019437,
                        -0.604969 -0.109309 -0.019511,
                        -0.634119 -0.109309 -0.019289,
                        -0.648623 -0.109309 -0.018973,
                        -0.648623 -0.094755 -0.018980,
                        -0.648623 -0.080110 -0.018986,
                        -0.663270 0.473757 -0.018454,
                        -0.677774 0.488310 -0.017465,
                        -0.677774 0.502955 -0.017459,
                        -0.691990 -0.094755 -0.015686,
                        -0.699314 -0.080110 -0.014518,
                        -0.706925 -0.080110 -0.012466,
                        -0.733060 -0.225922 0.007292,
                        -0.729757 -0.109309 -0.000921,
                        -0.729757 -0.167616 -0.000921,
                        -0.729757 -0.182170 -0.000896,
                        -0.729757 -0.196724 -0.000847,
                        -0.732198 -0.240476 0.019232,
                        -0.724875 -0.225922 0.027007,
                        -0.725449 -0.211368 0.027063,
                        -0.725736 -0.196724 0.027020,
                        -0.725880 -0.182170 0.026970,
                        -0.725880 0.502955 0.026853,
                        -0.718556 0.517509 0.031364,
                        -0.706925 0.517509 0.035561,
                        -0.721572 -0.109309 -0.006156,
                        -0.692421 0.502955 0.038731,
                        -0.677774 0.488310 0.040573,
                        -0.663270 -0.080110 0.041561,
                        -0.663270 -0.094755 0.041555,
                        -0.648623 -0.109309 0.042087,
                        -0.634119 -0.094755 0.042408,
                        -0.619472 -0.094755 0.042556,
                        -0.619472 -0.109309 0.042550,
                        -0.604969 -0.109309 0.042618,
                        -0.590322 -0.109309 0.042655,
                        -0.590322 -0.094755 0.042662,
                        -0.575818 -0.094755 0.042674,
                        -0.546667 -0.094755 0.042686,
                        -0.561171 -0.080110 0.042686,
                        -0.502869 -0.021804 0.042692,
                        -0.488366 -0.036358 0.042692,
                        0.123800 -0.109309 0.042680,
                        0.561206 -0.109309 0.042674,
                        0.590356 -0.123863 0.042637,
                        0.605003 -0.123863 0.042606,
                        0.575853 -0.123863 0.042649,
                        0.619507 -0.196724 0.041042,
                        0.619507 -0.211368 0.039800,
                        0.619507 -0.225922 0.037619,
                        0.065499 -0.255121 0.035567,
                        0.080146 -0.255121 0.035486,
                        0.065499 -0.269675 0.032854,
                        0.080146 -0.269675 0.032761,
                        0.072392 -0.276497 0.031438,
                        0.285207 -0.167616 -0.020444,
                        0.288366 -0.157155 -0.020444,
                        -0.216388 -0.276497 -0.007367,
                        -0.715397 -0.262580 0.015018,
                        -0.730906 -0.251210 0.010877,
                        -0.721141 -0.255121 0.007589,
                        -0.717120 -0.249390 -0.000933,
                        -0.706925 -0.250937 -0.001990,
                        -0.692421 -0.240476 -0.008022,
                        -0.676912 -0.224740 -0.013183,
                        -0.671455 -0.219009 -0.014653,
                        -0.663270 -0.211368 -0.015803,
                        -0.648623 -0.182170 -0.018219,
                        -0.663270 -0.196724 -0.016990,
                        -0.648623 -0.167616 -0.018609,
                        -0.634119 -0.153062 -0.019116,
                        -0.619472 -0.123863 -0.019418,
                        -0.634119 -0.138417 -0.019227,
                        -0.279428 -0.182170 -0.020444,
                        -0.260760 -0.211368 -0.020444,
                        0.619507 -0.182170 0.041809,
                        0.605003 -0.138417 0.042563,
                        0.605003 -0.153062 0.042451,
                        0.605003 -0.167616 0.042254,
                        -0.289336 -0.153062 -0.020444,
                        -0.284741 -0.167616 -0.020444,
                        -0.634119 -0.123863 -0.019270,
                        -0.648623 -0.123863 -0.018955,
                        -0.663270 -0.109309 -0.018442,
                        -0.663270 -0.094755 -0.018448,
                        -0.663270 -0.065556 -0.018454,
                        -0.677774 -0.065556 -0.017465,
                        -0.677774 -0.094755 -0.017459,
                        -0.691990 -0.123863 -0.015673,
                        -0.699314 -0.109309 -0.014511,
                        -0.706925 -0.109309 -0.012460,
                        -0.729613 -0.211368 -0.000730,
                        -0.729470 -0.225922 -0.000507,
                        -0.729183 -0.234473 -0.000235,
                        -0.731767 -0.239839 0.006526,
                        -0.721572 -0.138417 -0.006143,
                        -0.721572 -0.153062 -0.006119,
                        -0.721572 -0.167616 -0.006069,
                        -0.721572 -0.182170 -0.005946,
                        -0.730906 -0.251210 0.017409,
                        -0.721141 -0.241204 0.026902,
                        -0.716115 -0.236747 0.029807,
                        -0.717551 -0.225922 0.030431,
                        -0.718269 -0.211368 0.030901,
                        -0.718413 -0.196724 0.031154,
                        -0.718556 -0.182170 0.031271,
                        -0.718556 -0.167616 0.031321,
                        -0.718556 -0.153062 0.031346,
                        -0.718556 -0.138417 0.031358,
                        -0.718556 -0.109309 0.031370,
                        -0.718556 0.488310 0.031370,
                        -0.706925 0.502955 0.035573,
                        -0.692421 0.473757 0.038737,
                        -0.677774 -0.094755 0.040573,
                        -0.663270 -0.109309 0.041549,
                        -0.648623 -0.123863 0.042062,
                        -0.634119 -0.123863 0.042383,
                        -0.634119 -0.109309 0.042402,
                        -0.663270 -0.123863 0.041537,
                        -0.619472 -0.123863 0.042526,
                        -0.604969 -0.123863 0.042600,
                        -0.590322 -0.123863 0.042637,
                        -0.575818 -0.109309 0.042668,
                        -0.561171 -0.109309 0.042674,
                        -0.240512 -0.109309 0.042680,
                        0.109297 -0.123863 0.042662,
                        0.561206 -0.123863 0.042655,
                        0.590356 -0.138417 0.042594,
                        0.575853 -0.138417 0.042600,
                        0.605003 -0.196724 0.041092,
                        0.605003 -0.211368 0.039843,
                        0.065499 -0.240476 0.037804,
                        0.080146 -0.240476 0.037742,
                        0.050995 -0.255121 0.035604,
                        0.050995 -0.269675 0.032903,
                        0.065499 -0.276497 0.031482,
                        0.050995 -0.276497 0.031537,
                        0.057888 -0.276497 0.031513,
                        -0.214234 -0.276497 0.005309,
                        -0.213085 -0.276497 0.007292,
                        -0.205330 -0.276497 0.015302,
                        -0.196714 -0.276497 0.018590,
                        -0.183072 -0.276497 0.022904,
                        -0.167564 -0.276497 0.026451,
                        -0.155501 -0.276497 0.028385,
                        -0.147029 -0.276497 0.029393,
                        -0.138413 -0.276497 0.030054,
                        -0.123909 -0.276497 0.030820,
                        -0.692421 -0.248390 0.029498,
                        -0.701468 -0.248026 0.029288,
                        -0.711089 -0.246480 0.028911,
                        -0.720710 -0.255667 0.019313,
                        -0.726885 -0.244206 0.001155,
                        -0.706925 -0.240476 -0.006057,
                        -0.721859 -0.239839 -0.002046,
                        -0.692421 -0.225922 -0.011508,
                        -0.681220 -0.215280 -0.014264,
                        -0.676912 -0.210732 -0.015037,
                        -0.663270 -0.182170 -0.017719,
                        -0.677774 -0.196724 -0.016063,
                        -0.648623 -0.153062 -0.018800,
                        -0.663270 -0.167616 -0.018090,
                        -0.648623 -0.138417 -0.018905,
                        0.605003 -0.182170 0.041858,
                        0.590356 -0.153062 0.042482,
                        0.590356 -0.167616 0.042285,
                        -0.663270 -0.138417 -0.018380,
                        -0.663270 -0.123863 -0.018423,
                        -0.677774 -0.109309 -0.017453,
                        -0.677774 -0.123863 -0.017435,
                        -0.691847 -0.138417 -0.015648,
                        -0.699170 -0.138417 -0.014487,
                        -0.699314 -0.123863 -0.014505,
                        -0.706925 -0.123863 -0.012447,
                        -0.721572 -0.196724 -0.005692,
                        -0.721572 -0.211368 -0.005223,
                        -0.721572 -0.225922 -0.004320,
                        -0.706925 -0.138417 -0.012416,
                        -0.706925 -0.153062 -0.012354,
                        -0.706925 -0.167616 -0.012231,
                        -0.706925 -0.182170 -0.011984,
                        -0.706925 -0.225922 0.033039,
                        -0.706925 -0.211368 0.034281,
                        -0.706925 -0.196724 0.034930,
                        -0.706925 -0.182170 0.035245,
                        -0.706925 -0.167616 0.035418,
                        -0.706925 -0.153062 0.035505,
                        -0.706925 -0.138417 0.035542,
                        -0.706925 -0.123863 0.035561,
                        -0.706925 -0.109309 0.035573,
                        -0.692421 -0.080110 0.038737,
                        -0.677774 -0.123863 0.040548,
                        -0.692421 -0.094755 0.038731,
                        -0.692421 -0.109309 0.038725,
                        -0.648623 -0.138417 0.042019,
                        -0.634119 -0.138417 0.042334,
                        -0.619472 -0.138417 0.042482,
                        -0.663270 -0.138417 0.041494,
                        -0.677774 -0.138417 0.040511,
                        -0.604969 -0.138417 0.042556,
                        -0.590322 -0.138417 0.042587,
                        -0.575818 -0.123863 0.042649,
                        -0.561171 -0.123863 0.042655,
                        -0.225865 -0.123863 0.042662,
                        0.065499 -0.138417 0.042624,
                        0.546558 -0.138417 0.042612,
                        0.575853 -0.153062 0.042495,
                        0.590356 -0.182170 0.041883,
                        0.590356 -0.196724 0.041110,
                        0.050995 -0.211368 0.040826,
                        0.065499 -0.211368 0.040808,
                        0.080146 -0.211368 0.040783,
                        0.065499 -0.225922 0.039590,
                        0.050995 -0.240476 0.037835,
                        0.036348 -0.255121 0.035622,
                        0.036348 -0.269675 0.032922,
                        0.036348 -0.276497 0.031556,
                        -0.109262 -0.276497 0.031222,
                        -0.677774 -0.248663 0.029726,
                        -0.663270 -0.240476 0.033082,
                        -0.677774 -0.240476 0.032681,
                        -0.692421 -0.240476 0.031939,
                        -0.692421 -0.225922 0.035140,
                        -0.706637 -0.241204 0.030474,
                        -0.706925 -0.225922 -0.009147,
                        -0.691559 -0.210732 -0.013492,
                        -0.686103 -0.205547 -0.014709,
                        -0.677774 -0.182170 -0.016761,
                        -0.687969 -0.196724 -0.014993,
                        -0.663270 -0.153062 -0.018275,
                        -0.677774 -0.167616 -0.017119,
                        0.575853 -0.167616 0.042291,
                        0.575853 -0.182170 0.041895,
                        -0.677774 -0.153062 -0.017299,
                        -0.677774 -0.138417 -0.017391,
                        -0.691559 -0.153062 -0.015599,
                        -0.698883 -0.153062 -0.014450,
                        -0.706925 -0.196724 -0.011489,
                        -0.706925 -0.211368 -0.010661,
                        -0.698452 -0.167616 -0.014375,
                        -0.697447 -0.182170 -0.014221,
                        -0.692421 -0.211368 0.036834,
                        -0.692421 -0.196724 0.037711,
                        -0.692421 -0.182170 0.038199,
                        -0.692421 -0.167616 0.038484,
                        -0.692421 -0.153062 0.038614,
                        -0.692421 -0.138417 0.038682,
                        -0.692421 -0.123863 0.038712,
                        -0.648623 -0.153062 0.041914,
                        -0.663270 -0.153062 0.041395,
                        -0.634119 -0.153062 0.042229,
                        -0.619472 -0.153062 0.042371,
                        -0.677774 -0.153062 0.040424,
                        -0.604969 -0.153062 0.042445,
                        -0.590322 -0.153062 0.042476,
                        -0.575818 -0.138417 0.042600,
                        -0.561171 -0.138417 0.042606,
                        -0.532020 -0.138417 0.042612,
                        -0.196714 -0.138417 0.042624,
                        0.065499 -0.153062 0.042538,
                        0.546558 -0.153062 0.042501,
                        0.561206 -0.167616 0.042297,
                        0.036348 -0.211368 0.040838,
                        0.050995 -0.225922 0.039615,
                        0.065499 -0.196724 0.041574,
                        0.036348 -0.240476 0.037853,
                        0.021845 -0.255121 0.035629,
                        0.021845 -0.269675 0.032934,
                        0.028737 -0.276497 0.031562,
                        -0.094759 -0.276497 0.031426,
                        -0.648623 -0.225922 0.037310,
                        -0.663270 -0.225922 0.036988,
                        -0.677774 -0.225922 0.036352,
                        -0.677774 -0.211368 0.038280,
                        -0.695293 -0.196724 -0.013930,
                        -0.690123 -0.182170 -0.015339,
                        -0.691129 -0.167616 -0.015513,
                        0.036348 -0.182170 0.042105,
                        0.021845 -0.196724 0.041592,
                        0.050995 -0.196724 0.041580,
                        -0.677774 -0.196724 0.039300,
                        -0.677774 -0.182170 0.039930,
                        -0.677774 -0.167616 0.040270,
                        -0.648623 -0.167616 0.041735,
                        -0.663270 -0.167616 0.041228,
                        -0.634119 -0.167616 0.042037,
                        -0.619472 -0.167616 0.042180,
                        -0.604969 -0.167616 0.042241,
                        -0.590322 -0.167616 0.042278,
                        -0.575818 -0.153062 0.042489,
                        -0.546667 -0.153062 0.042501,
                        -0.182211 -0.153062 0.042538,
                        0.050995 -0.167616 0.042390,
                        0.021845 -0.225922 0.039633,
                        0.036348 -0.225922 0.039627,
                        -0.021810 -0.211368 0.040845,
                        0.021845 -0.240476 0.037860,
                        0.007197 -0.255121 0.035635,
                        -0.036313 -0.269675 0.032934,
                        0.014234 -0.276497 0.031568,
                        -0.080111 -0.276497 0.031513,
                        -0.094759 -0.269675 0.032823,
                        -0.634119 -0.225922 0.037507,
                        -0.634119 -0.211368 0.039670,
                        -0.648623 -0.211368 0.039429,
                        -0.663270 -0.211368 0.039040,
                        -0.663270 -0.196724 0.040152,
                        -0.123909 -0.182170 0.042105,
                        -0.109262 -0.196724 0.041592,
                        -0.663270 -0.182170 0.040857,
                        -0.648623 -0.182170 0.041351,
                        -0.634119 -0.182170 0.041648,
                        -0.619472 -0.182170 0.041784,
                        -0.604969 -0.182170 0.041846,
                        -0.590322 -0.182170 0.041877,
                        -0.575818 -0.167616 0.042291,
                        -0.561171 -0.167616 0.042297,
                        -0.153060 -0.167616 0.042390,
                        -0.080111 -0.225922 0.039633,
                        -0.050961 -0.211368 0.040845,
                        -0.065464 -0.240476 0.037860,
                        -0.036313 -0.255121 0.035635,
                        -0.065464 -0.255121 0.035629,
                        -0.050961 -0.269675 0.032928,
                        -0.036313 -0.276497 0.031568,
                        -0.065464 -0.276497 0.031550,
                        -0.080111 -0.269675 0.032891,
                        -0.094759 -0.255121 0.035579,
                        -0.109262 -0.255121 0.035499,
                        -0.619472 -0.225922 0.037600,
                        -0.619472 -0.211368 0.039782,
                        -0.634119 -0.196724 0.040882,
                        -0.619472 -0.196724 0.041011,
                        -0.648623 -0.196724 0.040610,
                        -0.153060 -0.182170 0.042093,
                        -0.123909 -0.196724 0.041586,
                        -0.094759 -0.211368 0.040838,
                        -0.604969 -0.196724 0.041073,
                        -0.590322 -0.196724 0.041104,
                        -0.109262 -0.211368 0.040832,
                        -0.138413 -0.196724 0.041574,
                        -0.575818 -0.182170 0.041889,
                        -0.094759 -0.225922 0.039621,
                        -0.080111 -0.240476 0.037853,
                        -0.080111 -0.255121 0.035610,
                        -0.065464 -0.269675 0.032922,
                        -0.050961 -0.276497 0.031562,
                        -0.094759 -0.240476 0.037835,
                        -0.109262 -0.240476 0.037798,
                        -0.123909 -0.225922 0.039571,
                        -0.604969 -0.211368 0.039825,
                        -0.109262 -0.225922 0.039609,
                        -0.123909 -0.211368 0.040814,
                    ]
                }
                coordIndex [ 
                        0, 1, 2, -1,
                        0, 2, 3, -1,
                        0, 3, 4, -1,
                        0, 4, 5, -1,
                        0, 5, 6, -1,
                        0, 6, 7, -1,
                        0, 7, 8, -1,
                        0, 8, 9, -1,
                        0, 9, 10, -1,
                        0, 10, 1, -1,
                        1, 11, 12, -1,
                        1, 12, 13, -1,
                        1, 13, 14, -1,
                        1, 14, 2, -1,
                        1, 10, 41, -1,
                        1, 41, 15, -1,
                        1, 15, 11, -1,
                        2, 16, 17, -1,
                        2, 17, 3, -1,
                        2, 14, 18, -1,
                        2, 18, 19, -1,
                        2, 19, 20, -1,
                        2, 20, 16, -1,
                        3, 17, 21, -1,
                        3, 21, 22, -1,
                        3, 22, 23, -1,
                        3, 23, 4, -1,
                        4, 24, 25, -1,
                        4, 25, 26, -1,
                        4, 26, 5, -1,
                        4, 23, 24, -1,
                        5, 26, 27, -1,
                        5, 27, 28, -1,
                        5, 28, 6, -1,
                        6, 28, 29, -1,
                        6, 29, 30, -1,
                        6, 30, 31, -1,
                        6, 31, 32, -1,
                        6, 32, 33, -1,
                        6, 33, 7, -1,
                        7, 33, 34, -1,
                        7, 34, 8, -1,
                        8, 34, 35, -1,
                        8, 35, 36, -1,
                        8, 36, 37, -1,
                        8, 37, 38, -1,
                        8, 38, 9, -1,
                        9, 38, 10, -1,
                        10, 38, 75, -1,
                        10, 75, 39, -1,
                        10, 39, 40, -1,
                        10, 40, 41, -1,
                        11, 42, 12, -1,
                        11, 15, 43, -1,
                        11, 43, 42, -1,
                        12, 42, 46, -1,
                        12, 46, 13, -1,
                        13, 44, 45, -1,
                        13, 45, 14, -1,
                        13, 46, 47, -1,
                        13, 47, 44, -1,
                        14, 45, 18, -1,
                        15, 41, 80, -1,
                        15, 80, 43, -1,
                        16, 48, 49, -1,
                        16, 49, 50, -1,
                        16, 50, 17, -1,
                        16, 20, 48, -1,
                        17, 50, 51, -1,
                        17, 51, 21, -1,
                        18, 52, 19, -1,
                        18, 45, 53, -1,
                        18, 53, 52, -1,
                        19, 52, 54, -1,
                        19, 54, 20, -1,
                        20, 54, 48, -1,
                        21, 51, 55, -1,
                        21, 55, 56, -1,
                        21, 56, 22, -1,
                        22, 56, 57, -1,
                        22, 57, 58, -1,
                        22, 58, 23, -1,
                        23, 58, 24, -1,
                        24, 59, 60, -1,
                        24, 60, 25, -1,
                        24, 58, 61, -1,
                        24, 61, 59, -1,
                        25, 60, 62, -1,
                        25, 62, 63, -1,
                        25, 63, 26, -1,
                        26, 63, 64, -1,
                        26, 64, 27, -1,
                        27, 64, 65, -1,
                        27, 65, 28, -1,
                        28, 65, 66, -1,
                        28, 66, 67, -1,
                        28, 67, 29, -1,
                        29, 67, 30, -1,
                        30, 67, 31, -1,
                        31, 67, 68, -1,
                        31, 68, 32, -1,
                        32, 68, 69, -1,
                        32, 69, 33, -1,
                        33, 69, 34, -1,
                        34, 70, 35, -1,
                        34, 69, 70, -1,
                        35, 70, 36, -1,
                        36, 70, 71, -1,
                        36, 71, 72, -1,
                        36, 72, 37, -1,
                        37, 72, 73, -1,
                        37, 73, 74, -1,
                        37, 74, 75, -1,
                        37, 75, 38, -1,
                        39, 75, 74, -1,
                        39, 74, 76, -1,
                        39, 76, 40, -1,
                        40, 76, 77, -1,
                        40, 77, 78, -1,
                        40, 78, 79, -1,
                        40, 79, 41, -1,
                        41, 79, 80, -1,
                        42, 81, 82, -1,
                        42, 82, 85, -1,
                        42, 85, 46, -1,
                        42, 43, 81, -1,
                        43, 80, 123, -1,
                        43, 123, 81, -1,
                        44, 47, 83, -1,
                        44, 83, 84, -1,
                        44, 84, 53, -1,
                        44, 53, 45, -1,
                        46, 85, 47, -1,
                        47, 85, 83, -1,
                        48, 86, 49, -1,
                        48, 54, 87, -1,
                        48, 87, 86, -1,
                        49, 86, 88, -1,
                        49, 88, 89, -1,
                        49, 89, 51, -1,
                        49, 51, 50, -1,
                        51, 90, 55, -1,
                        51, 89, 90, -1,
                        52, 53, 91, -1,
                        52, 91, 92, -1,
                        52, 92, 54, -1,
                        53, 84, 91, -1,
                        54, 92, 87, -1,
                        55, 90, 93, -1,
                        55, 93, 94, -1,
                        55, 94, 56, -1,
                        56, 94, 95, -1,
                        56, 95, 57, -1,
                        57, 95, 58, -1,
                        58, 95, 96, -1,
                        58, 96, 97, -1,
                        58, 97, 61, -1,
                        59, 98, 99, -1,
                        59, 99, 60, -1,
                        59, 61, 97, -1,
                        59, 97, 98, -1,
                        60, 99, 100, -1,
                        60, 100, 101, -1,
                        60, 101, 62, -1,
                        62, 101, 63, -1,
                        63, 101, 102, -1,
                        63, 102, 103, -1,
                        63, 103, 64, -1,
                        64, 103, 104, -1,
                        64, 104, 65, -1,
                        65, 104, 105, -1,
                        65, 105, 66, -1,
                        66, 105, 67, -1,
                        67, 106, 107, -1,
                        67, 107, 108, -1,
                        67, 108, 68, -1,
                        67, 105, 106, -1,
                        68, 108, 109, -1,
                        68, 109, 69, -1,
                        69, 109, 70, -1,
                        70, 109, 110, -1,
                        70, 110, 71, -1,
                        71, 111, 112, -1,
                        71, 112, 113, -1,
                        71, 113, 72, -1,
                        71, 110, 111, -1,
                        72, 113, 114, -1,
                        72, 114, 73, -1,
                        73, 114, 115, -1,
                        73, 115, 74, -1,
                        74, 115, 116, -1,
                        74, 116, 117, -1,
                        74, 117, 76, -1,
                        76, 117, 77, -1,
                        77, 117, 118, -1,
                        77, 118, 119, -1,
                        77, 119, 78, -1,
                        78, 119, 120, -1,
                        78, 120, 121, -1,
                        78, 121, 79, -1,
                        79, 121, 122, -1,
                        79, 122, 123, -1,
                        79, 123, 80, -1,
                        81, 124, 125, -1,
                        81, 125, 82, -1,
                        81, 123, 176, -1,
                        81, 176, 124, -1,
                        82, 125, 126, -1,
                        82, 126, 85, -1,
                        83, 85, 126, -1,
                        83, 126, 127, -1,
                        83, 127, 84, -1,
                        84, 127, 128, -1,
                        84, 128, 91, -1,
                        86, 129, 88, -1,
                        86, 87, 130, -1,
                        86, 130, 129, -1,
                        87, 92, 131, -1,
                        87, 131, 130, -1,
                        88, 129, 132, -1,
                        88, 132, 133, -1,
                        88, 133, 90, -1,
                        88, 90, 89, -1,
                        90, 133, 134, -1,
                        90, 134, 135, -1,
                        90, 135, 93, -1,
                        91, 128, 136, -1,
                        91, 136, 92, -1,
                        92, 136, 131, -1,
                        93, 135, 137, -1,
                        93, 137, 138, -1,
                        93, 138, 94, -1,
                        94, 139, 140, -1,
                        94, 140, 95, -1,
                        94, 138, 139, -1,
                        95, 140, 96, -1,
                        96, 140, 141, -1,
                        96, 141, 142, -1,
                        96, 142, 97, -1,
                        97, 142, 143, -1,
                        97, 143, 98, -1,
                        98, 143, 144, -1,
                        98, 144, 145, -1,
                        98, 145, 99, -1,
                        99, 146, 100, -1,
                        99, 145, 146, -1,
                        100, 146, 147, -1,
                        100, 147, 101, -1,
                        101, 148, 102, -1,
                        101, 147, 148, -1,
                        102, 148, 149, -1,
                        102, 149, 103, -1,
                        103, 149, 150, -1,
                        103, 150, 104, -1,
                        104, 150, 151, -1,
                        104, 151, 105, -1,
                        105, 151, 152, -1,
                        105, 152, 106, -1,
                        106, 152, 153, -1,
                        106, 153, 107, -1,
                        107, 153, 154, -1,
                        107, 154, 108, -1,
                        108, 154, 155, -1,
                        108, 155, 156, -1,
                        108, 156, 109, -1,
                        109, 156, 157, -1,
                        109, 157, 158, -1,
                        109, 158, 159, -1,
                        109, 159, 110, -1,
                        110, 159, 111, -1,
                        111, 160, 112, -1,
                        111, 159, 160, -1,
                        112, 161, 162, -1,
                        112, 162, 163, -1,
                        112, 163, 113, -1,
                        112, 160, 161, -1,
                        113, 163, 114, -1,
                        114, 163, 164, -1,
                        114, 164, 115, -1,
                        115, 164, 165, -1,
                        115, 165, 116, -1,
                        116, 165, 166, -1,
                        116, 166, 117, -1,
                        117, 166, 167, -1,
                        117, 167, 168, -1,
                        117, 168, 118, -1,
                        118, 168, 169, -1,
                        118, 169, 170, -1,
                        118, 170, 119, -1,
                        119, 170, 171, -1,
                        119, 171, 120, -1,
                        120, 171, 172, -1,
                        120, 172, 173, -1,
                        120, 173, 121, -1,
                        121, 173, 174, -1,
                        121, 174, 122, -1,
                        122, 174, 175, -1,
                        122, 175, 123, -1,
                        123, 175, 176, -1,
                        124, 177, 178, -1,
                        124, 178, 125, -1,
                        124, 176, 239, -1,
                        124, 239, 177, -1,
                        125, 178, 126, -1,
                        126, 178, 179, -1,
                        126, 179, 180, -1,
                        126, 180, 127, -1,
                        127, 180, 128, -1,
                        128, 180, 181, -1,
                        128, 181, 136, -1,
                        129, 182, 132, -1,
                        129, 130, 183, -1,
                        129, 183, 182, -1,
                        130, 131, 184, -1,
                        130, 184, 183, -1,
                        131, 136, 185, -1,
                        131, 185, 184, -1,
                        132, 182, 186, -1,
                        132, 186, 134, -1,
                        132, 134, 133, -1,
                        134, 186, 187, -1,
                        134, 187, 137, -1,
                        134, 137, 135, -1,
                        136, 181, 185, -1,
                        137, 187, 188, -1,
                        137, 188, 138, -1,
                        138, 188, 189, -1,
                        138, 189, 139, -1,
                        139, 190, 140, -1,
                        139, 189, 190, -1,
                        140, 191, 192, -1,
                        140, 192, 141, -1,
                        140, 190, 193, -1,
                        140, 193, 194, -1,
                        140, 194, 195, -1,
                        140, 195, 191, -1,
                        141, 192, 196, -1,
                        141, 196, 197, -1,
                        141, 197, 198, -1,
                        141, 198, 199, -1,
                        141, 199, 200, -1,
                        141, 200, 201, -1,
                        141, 201, 202, -1,
                        141, 202, 142, -1,
                        142, 202, 203, -1,
                        142, 203, 204, -1,
                        142, 204, 143, -1,
                        143, 204, 144, -1,
                        144, 205, 206, -1,
                        144, 206, 207, -1,
                        144, 207, 145, -1,
                        144, 204, 205, -1,
                        145, 207, 208, -1,
                        145, 208, 146, -1,
                        146, 208, 209, -1,
                        146, 209, 147, -1,
                        147, 209, 210, -1,
                        147, 210, 148, -1,
                        148, 210, 211, -1,
                        148, 211, 149, -1,
                        149, 211, 212, -1,
                        149, 212, 150, -1,
                        150, 212, 213, -1,
                        150, 213, 151, -1,
                        151, 213, 214, -1,
                        151, 214, 152, -1,
                        152, 214, 215, -1,
                        152, 215, 153, -1,
                        153, 215, 216, -1,
                        153, 216, 154, -1,
                        154, 216, 155, -1,
                        155, 216, 217, -1,
                        155, 217, 218, -1,
                        155, 218, 156, -1,
                        156, 218, 219, -1,
                        156, 219, 157, -1,
                        157, 219, 220, -1,
                        157, 220, 158, -1,
                        158, 220, 159, -1,
                        159, 221, 222, -1,
                        159, 222, 160, -1,
                        159, 220, 221, -1,
                        160, 222, 161, -1,
                        161, 223, 224, -1,
                        161, 224, 162, -1,
                        161, 222, 223, -1,
                        162, 224, 225, -1,
                        162, 225, 226, -1,
                        162, 226, 163, -1,
                        163, 226, 164, -1,
                        164, 226, 227, -1,
                        164, 227, 165, -1,
                        165, 227, 228, -1,
                        165, 228, 166, -1,
                        166, 228, 229, -1,
                        166, 229, 167, -1,
                        167, 169, 168, -1,
                        167, 229, 230, -1,
                        167, 230, 169, -1,
                        169, 230, 231, -1,
                        169, 231, 232, -1,
                        169, 232, 170, -1,
                        170, 232, 233, -1,
                        170, 233, 171, -1,
                        171, 234, 172, -1,
                        171, 233, 234, -1,
                        172, 234, 235, -1,
                        172, 235, 236, -1,
                        172, 236, 173, -1,
                        173, 236, 237, -1,
                        173, 237, 174, -1,
                        174, 237, 238, -1,
                        174, 238, 175, -1,
                        175, 238, 239, -1,
                        175, 239, 176, -1,
                        177, 240, 241, -1,
                        177, 241, 178, -1,
                        177, 239, 316, -1,
                        177, 316, 240, -1,
                        178, 241, 242, -1,
                        178, 242, 179, -1,
                        179, 242, 243, -1,
                        179, 243, 180, -1,
                        180, 243, 181, -1,
                        181, 243, 244, -1,
                        181, 244, 185, -1,
                        182, 245, 186, -1,
                        182, 183, 246, -1,
                        182, 246, 245, -1,
                        183, 184, 247, -1,
                        183, 247, 246, -1,
                        184, 185, 248, -1,
                        184, 248, 247, -1,
                        185, 244, 248, -1,
                        186, 245, 249, -1,
                        186, 249, 187, -1,
                        187, 249, 250, -1,
                        187, 250, 188, -1,
                        188, 250, 251, -1,
                        188, 251, 189, -1,
                        189, 251, 252, -1,
                        189, 252, 253, -1,
                        189, 253, 190, -1,
                        190, 253, 193, -1,
                        191, 254, 255, -1,
                        191, 255, 256, -1,
                        191, 256, 192, -1,
                        191, 195, 257, -1,
                        191, 257, 258, -1,
                        191, 258, 254, -1,
                        192, 256, 259, -1,
                        192, 259, 260, -1,
                        192, 260, 196, -1,
                        193, 261, 262, -1,
                        193, 262, 194, -1,
                        193, 253, 263, -1,
                        193, 263, 264, -1,
                        193, 264, 265, -1,
                        193, 265, 266, -1,
                        193, 266, 261, -1,
                        194, 262, 345, -1,
                        194, 345, 267, -1,
                        194, 267, 268, -1,
                        194, 268, 195, -1,
                        195, 268, 257, -1,
                        196, 260, 197, -1,
                        197, 260, 269, -1,
                        197, 269, 270, -1,
                        197, 270, 198, -1,
                        198, 270, 199, -1,
                        199, 270, 271, -1,
                        199, 271, 200, -1,
                        200, 271, 272, -1,
                        200, 272, 273, -1,
                        200, 273, 274, -1,
                        200, 274, 201, -1,
                        201, 274, 275, -1,
                        201, 275, 202, -1,
                        202, 275, 203, -1,
                        203, 275, 276, -1,
                        203, 276, 277, -1,
                        203, 277, 205, -1,
                        203, 205, 204, -1,
                        205, 277, 278, -1,
                        205, 278, 206, -1,
                        206, 278, 279, -1,
                        206, 279, 280, -1,
                        206, 280, 207, -1,
                        207, 280, 281, -1,
                        207, 281, 208, -1,
                        208, 281, 209, -1,
                        209, 281, 282, -1,
                        209, 282, 210, -1,
                        210, 282, 283, -1,
                        210, 283, 211, -1,
                        211, 283, 284, -1,
                        211, 284, 212, -1,
                        212, 284, 285, -1,
                        212, 285, 213, -1,
                        213, 285, 286, -1,
                        213, 286, 214, -1,
                        214, 286, 287, -1,
                        214, 287, 215, -1,
                        215, 287, 288, -1,
                        215, 288, 216, -1,
                        216, 288, 289, -1,
                        216, 289, 217, -1,
                        217, 289, 290, -1,
                        217, 290, 218, -1,
                        218, 290, 219, -1,
                        219, 290, 220, -1,
                        220, 291, 221, -1,
                        220, 290, 291, -1,
                        221, 292, 293, -1,
                        221, 293, 222, -1,
                        221, 291, 292, -1,
                        222, 293, 223, -1,
                        223, 294, 295, -1,
                        223, 295, 224, -1,
                        223, 293, 294, -1,
                        224, 295, 296, -1,
                        224, 296, 225, -1,
                        225, 296, 297, -1,
                        225, 297, 226, -1,
                        226, 297, 298, -1,
                        226, 298, 227, -1,
                        227, 298, 299, -1,
                        227, 299, 300, -1,
                        227, 300, 228, -1,
                        228, 300, 301, -1,
                        228, 301, 229, -1,
                        229, 301, 302, -1,
                        229, 302, 303, -1,
                        229, 303, 304, -1,
                        229, 304, 230, -1,
                        230, 304, 305, -1,
                        230, 305, 231, -1,
                        231, 305, 306, -1,
                        231, 306, 232, -1,
                        232, 306, 307, -1,
                        232, 307, 233, -1,
                        233, 307, 308, -1,
                        233, 308, 234, -1,
                        234, 309, 235, -1,
                        234, 308, 309, -1,
                        235, 309, 310, -1,
                        235, 310, 311, -1,
                        235, 311, 236, -1,
                        236, 311, 312, -1,
                        236, 312, 237, -1,
                        237, 312, 313, -1,
                        237, 313, 238, -1,
                        238, 313, 314, -1,
                        238, 314, 239, -1,
                        239, 314, 315, -1,
                        239, 315, 316, -1,
                        240, 317, 241, -1,
                        240, 316, 396, -1,
                        240, 396, 317, -1,
                        241, 317, 318, -1,
                        241, 318, 319, -1,
                        241, 319, 242, -1,
                        242, 319, 320, -1,
                        242, 320, 243, -1,
                        243, 320, 321, -1,
                        243, 321, 244, -1,
                        244, 321, 325, -1,
                        244, 325, 248, -1,
                        245, 322, 249, -1,
                        245, 246, 323, -1,
                        245, 323, 322, -1,
                        246, 247, 324, -1,
                        246, 324, 323, -1,
                        247, 248, 325, -1,
                        247, 325, 324, -1,
                        249, 322, 326, -1,
                        249, 326, 250, -1,
                        250, 327, 251, -1,
                        250, 326, 327, -1,
                        251, 327, 252, -1,
                        252, 327, 328, -1,
                        252, 328, 329, -1,
                        252, 329, 330, -1,
                        252, 330, 331, -1,
                        252, 331, 264, -1,
                        252, 264, 263, -1,
                        252, 263, 253, -1,
                        254, 258, 332, -1,
                        254, 332, 333, -1,
                        254, 333, 334, -1,
                        254, 334, 335, -1,
                        254, 335, 336, -1,
                        254, 336, 255, -1,
                        255, 336, 337, -1,
                        255, 337, 338, -1,
                        255, 338, 256, -1,
                        256, 338, 259, -1,
                        257, 268, 339, -1,
                        257, 339, 340, -1,
                        257, 340, 258, -1,
                        258, 340, 341, -1,
                        258, 341, 332, -1,
                        259, 338, 342, -1,
                        259, 342, 343, -1,
                        259, 343, 260, -1,
                        260, 343, 269, -1,
                        261, 266, 344, -1,
                        261, 344, 262, -1,
                        262, 344, 345, -1,
                        264, 331, 265, -1,
                        265, 331, 346, -1,
                        265, 346, 266, -1,
                        266, 346, 347, -1,
                        266, 347, 426, -1,
                        266, 426, 344, -1,
                        267, 345, 348, -1,
                        267, 348, 268, -1,
                        268, 348, 349, -1,
                        268, 349, 350, -1,
                        268, 350, 339, -1,
                        269, 343, 351, -1,
                        269, 351, 352, -1,
                        269, 352, 270, -1,
                        270, 352, 353, -1,
                        270, 353, 271, -1,
                        271, 353, 272, -1,
                        272, 353, 354, -1,
                        272, 354, 273, -1,
                        273, 354, 274, -1,
                        274, 354, 276, -1,
                        274, 276, 275, -1,
                        276, 354, 355, -1,
                        276, 355, 356, -1,
                        276, 356, 277, -1,
                        277, 356, 278, -1,
                        278, 356, 357, -1,
                        278, 357, 279, -1,
                        279, 357, 358, -1,
                        279, 358, 359, -1,
                        279, 359, 280, -1,
                        280, 359, 360, -1,
                        280, 360, 281, -1,
                        281, 360, 282, -1,
                        282, 360, 361, -1,
                        282, 361, 283, -1,
                        283, 361, 362, -1,
                        283, 362, 284, -1,
                        284, 362, 363, -1,
                        284, 363, 285, -1,
                        285, 363, 364, -1,
                        285, 364, 286, -1,
                        286, 364, 365, -1,
                        286, 365, 287, -1,
                        287, 365, 366, -1,
                        287, 366, 288, -1,
                        288, 366, 367, -1,
                        288, 367, 289, -1,
                        289, 367, 368, -1,
                        289, 368, 290, -1,
                        290, 368, 369, -1,
                        290, 369, 370, -1,
                        290, 370, 291, -1,
                        291, 370, 292, -1,
                        292, 371, 293, -1,
                        292, 370, 371, -1,
                        293, 372, 294, -1,
                        293, 371, 372, -1,
                        294, 373, 374, -1,
                        294, 374, 295, -1,
                        294, 372, 373, -1,
                        295, 374, 375, -1,
                        295, 375, 296, -1,
                        296, 375, 376, -1,
                        296, 376, 297, -1,
                        297, 376, 377, -1,
                        297, 377, 298, -1,
                        298, 377, 299, -1,
                        299, 377, 378, -1,
                        299, 378, 379, -1,
                        299, 379, 300, -1,
                        300, 379, 380, -1,
                        300, 380, 301, -1,
                        301, 380, 381, -1,
                        301, 381, 302, -1,
                        302, 381, 303, -1,
                        303, 381, 382, -1,
                        303, 382, 383, -1,
                        303, 383, 384, -1,
                        303, 384, 304, -1,
                        304, 384, 385, -1,
                        304, 385, 386, -1,
                        304, 386, 305, -1,
                        305, 386, 306, -1,
                        306, 386, 387, -1,
                        306, 387, 307, -1,
                        307, 388, 308, -1,
                        307, 387, 388, -1,
                        308, 389, 309, -1,
                        308, 388, 389, -1,
                        309, 390, 310, -1,
                        309, 389, 390, -1,
                        310, 390, 391, -1,
                        310, 391, 392, -1,
                        310, 392, 311, -1,
                        311, 392, 393, -1,
                        311, 393, 312, -1,
                        312, 393, 394, -1,
                        312, 394, 313, -1,
                        313, 394, 395, -1,
                        313, 395, 314, -1,
                        314, 395, 396, -1,
                        314, 396, 315, -1,
                        315, 396, 316, -1,
                        317, 397, 398, -1,
                        317, 398, 318, -1,
                        317, 396, 479, -1,
                        317, 479, 397, -1,
                        318, 398, 399, -1,
                        318, 399, 319, -1,
                        319, 399, 400, -1,
                        319, 400, 320, -1,
                        320, 400, 401, -1,
                        320, 401, 321, -1,
                        321, 401, 325, -1,
                        322, 402, 326, -1,
                        322, 323, 403, -1,
                        322, 403, 402, -1,
                        323, 324, 404, -1,
                        323, 404, 403, -1,
                        324, 325, 405, -1,
                        324, 405, 404, -1,
                        325, 401, 405, -1,
                        326, 402, 406, -1,
                        326, 406, 327, -1,
                        327, 406, 328, -1,
                        328, 406, 407, -1,
                        328, 407, 329, -1,
                        329, 407, 408, -1,
                        329, 408, 409, -1,
                        329, 409, 331, -1,
                        329, 331, 330, -1,
                        331, 409, 410, -1,
                        331, 410, 346, -1,
                        332, 341, 411, -1,
                        332, 411, 333, -1,
                        333, 412, 413, -1,
                        333, 413, 334, -1,
                        333, 411, 414, -1,
                        333, 414, 412, -1,
                        334, 413, 415, -1,
                        334, 415, 416, -1,
                        334, 416, 335, -1,
                        335, 416, 417, -1,
                        335, 417, 418, -1,
                        335, 418, 336, -1,
                        336, 418, 337, -1,
                        337, 418, 419, -1,
                        337, 419, 420, -1,
                        337, 420, 338, -1,
                        338, 420, 342, -1,
                        339, 350, 421, -1,
                        339, 421, 340, -1,
                        340, 421, 422, -1,
                        340, 422, 341, -1,
                        341, 422, 423, -1,
                        341, 423, 411, -1,
                        342, 420, 424, -1,
                        342, 424, 425, -1,
                        342, 425, 351, -1,
                        342, 351, 343, -1,
                        344, 426, 348, -1,
                        344, 348, 345, -1,
                        346, 410, 427, -1,
                        346, 427, 347, -1,
                        347, 427, 428, -1,
                        347, 428, 426, -1,
                        348, 426, 428, -1,
                        348, 428, 429, -1,
                        348, 429, 430, -1,
                        348, 430, 349, -1,
                        349, 430, 431, -1,
                        349, 431, 350, -1,
                        350, 431, 432, -1,
                        350, 432, 421, -1,
                        351, 425, 433, -1,
                        351, 433, 434, -1,
                        351, 434, 352, -1,
                        352, 434, 435, -1,
                        352, 435, 353, -1,
                        353, 435, 436, -1,
                        353, 436, 354, -1,
                        354, 436, 355, -1,
                        355, 436, 437, -1,
                        355, 437, 438, -1,
                        355, 438, 356, -1,
                        356, 438, 357, -1,
                        357, 438, 439, -1,
                        357, 439, 358, -1,
                        358, 439, 440, -1,
                        358, 440, 441, -1,
                        358, 441, 359, -1,
                        359, 441, 442, -1,
                        359, 442, 360, -1,
                        360, 442, 361, -1,
                        361, 442, 443, -1,
                        361, 443, 362, -1,
                        362, 443, 444, -1,
                        362, 444, 363, -1,
                        363, 444, 445, -1,
                        363, 445, 364, -1,
                        364, 445, 446, -1,
                        364, 446, 365, -1,
                        365, 446, 447, -1,
                        365, 447, 366, -1,
                        366, 447, 367, -1,
                        367, 447, 448, -1,
                        367, 448, 449, -1,
                        367, 449, 368, -1,
                        368, 449, 450, -1,
                        368, 450, 369, -1,
                        369, 450, 370, -1,
                        370, 451, 452, -1,
                        370, 452, 371, -1,
                        370, 450, 451, -1,
                        371, 452, 372, -1,
                        372, 453, 373, -1,
                        372, 452, 453, -1,
                        373, 454, 455, -1,
                        373, 455, 374, -1,
                        373, 453, 454, -1,
                        374, 455, 456, -1,
                        374, 456, 375, -1,
                        375, 456, 457, -1,
                        375, 457, 376, -1,
                        376, 457, 458, -1,
                        376, 458, 377, -1,
                        377, 458, 378, -1,
                        378, 458, 459, -1,
                        378, 459, 460, -1,
                        378, 460, 379, -1,
                        379, 460, 461, -1,
                        379, 461, 462, -1,
                        379, 462, 380, -1,
                        380, 462, 381, -1,
                        381, 462, 463, -1,
                        381, 463, 382, -1,
                        382, 463, 383, -1,
                        383, 463, 464, -1,
                        383, 464, 465, -1,
                        383, 465, 466, -1,
                        383, 466, 384, -1,
                        384, 466, 467, -1,
                        384, 467, 386, -1,
                        384, 386, 385, -1,
                        386, 467, 468, -1,
                        386, 468, 387, -1,
                        387, 468, 469, -1,
                        387, 469, 388, -1,
                        388, 469, 470, -1,
                        388, 470, 389, -1,
                        389, 470, 471, -1,
                        389, 471, 390, -1,
                        390, 472, 391, -1,
                        390, 471, 472, -1,
                        391, 472, 473, -1,
                        391, 473, 474, -1,
                        391, 474, 392, -1,
                        392, 474, 475, -1,
                        392, 475, 393, -1,
                        393, 475, 476, -1,
                        393, 476, 394, -1,
                        394, 476, 477, -1,
                        394, 477, 395, -1,
                        395, 477, 396, -1,
                        396, 477, 478, -1,
                        396, 478, 479, -1,
                        397, 480, 481, -1,
                        397, 481, 398, -1,
                        397, 479, 560, -1,
                        397, 560, 480, -1,
                        398, 481, 482, -1,
                        398, 482, 399, -1,
                        399, 482, 483, -1,
                        399, 483, 400, -1,
                        400, 483, 401, -1,
                        401, 483, 484, -1,
                        401, 484, 485, -1,
                        401, 485, 405, -1,
                        402, 486, 406, -1,
                        402, 403, 488, -1,
                        402, 488, 486, -1,
                        403, 404, 487, -1,
                        403, 487, 488, -1,
                        404, 405, 485, -1,
                        404, 485, 487, -1,
                        406, 486, 407, -1,
                        407, 486, 489, -1,
                        407, 489, 408, -1,
                        408, 489, 490, -1,
                        408, 490, 491, -1,
                        408, 491, 410, -1,
                        408, 410, 409, -1,
                        410, 491, 492, -1,
                        410, 492, 427, -1,
                        411, 423, 493, -1,
                        411, 493, 414, -1,
                        412, 414, 494, -1,
                        412, 494, 495, -1,
                        412, 495, 413, -1,
                        413, 495, 496, -1,
                        413, 496, 497, -1,
                        413, 497, 498, -1,
                        413, 498, 415, -1,
                        414, 493, 499, -1,
                        414, 499, 494, -1,
                        415, 498, 416, -1,
                        416, 498, 500, -1,
                        416, 500, 417, -1,
                        417, 500, 501, -1,
                        417, 501, 502, -1,
                        417, 502, 418, -1,
                        418, 502, 419, -1,
                        419, 502, 503, -1,
                        419, 503, 504, -1,
                        419, 504, 420, -1,
                        420, 504, 424, -1,
                        421, 432, 505, -1,
                        421, 505, 422, -1,
                        422, 505, 506, -1,
                        422, 506, 423, -1,
                        423, 506, 507, -1,
                        423, 507, 493, -1,
                        424, 504, 508, -1,
                        424, 508, 509, -1,
                        424, 509, 510, -1,
                        424, 510, 425, -1,
                        425, 510, 433, -1,
                        427, 492, 511, -1,
                        427, 511, 428, -1,
                        428, 511, 512, -1,
                        428, 512, 429, -1,
                        429, 512, 513, -1,
                        429, 513, 430, -1,
                        430, 513, 431, -1,
                        431, 513, 514, -1,
                        431, 514, 432, -1,
                        432, 514, 515, -1,
                        432, 515, 505, -1,
                        433, 510, 516, -1,
                        433, 516, 517, -1,
                        433, 517, 518, -1,
                        433, 518, 519, -1,
                        433, 519, 434, -1,
                        434, 519, 520, -1,
                        434, 520, 435, -1,
                        435, 520, 436, -1,
                        436, 520, 437, -1,
                        437, 520, 596, -1,
                        437, 596, 521, -1,
                        437, 521, 438, -1,
                        438, 521, 439, -1,
                        439, 521, 522, -1,
                        439, 522, 440, -1,
                        440, 522, 599, -1,
                        440, 599, 523, -1,
                        440, 523, 524, -1,
                        440, 524, 441, -1,
                        441, 524, 442, -1,
                        442, 524, 443, -1,
                        443, 524, 525, -1,
                        443, 525, 444, -1,
                        444, 525, 526, -1,
                        444, 526, 445, -1,
                        445, 526, 527, -1,
                        445, 527, 446, -1,
                        446, 527, 447, -1,
                        447, 528, 529, -1,
                        447, 529, 448, -1,
                        447, 527, 528, -1,
                        448, 529, 530, -1,
                        448, 530, 449, -1,
                        449, 530, 531, -1,
                        449, 531, 450, -1,
                        450, 531, 532, -1,
                        450, 532, 451, -1,
                        451, 532, 533, -1,
                        451, 533, 452, -1,
                        452, 533, 453, -1,
                        453, 534, 454, -1,
                        453, 533, 534, -1,
                        454, 535, 536, -1,
                        454, 536, 455, -1,
                        454, 534, 535, -1,
                        455, 536, 537, -1,
                        455, 537, 456, -1,
                        456, 537, 538, -1,
                        456, 538, 457, -1,
                        457, 538, 539, -1,
                        457, 539, 458, -1,
                        458, 539, 459, -1,
                        459, 540, 541, -1,
                        459, 541, 460, -1,
                        459, 539, 542, -1,
                        459, 542, 540, -1,
                        460, 541, 543, -1,
                        460, 543, 461, -1,
                        461, 543, 544, -1,
                        461, 544, 462, -1,
                        462, 544, 463, -1,
                        463, 544, 464, -1,
                        464, 544, 465, -1,
                        465, 545, 466, -1,
                        465, 544, 546, -1,
                        465, 546, 547, -1,
                        465, 547, 545, -1,
                        466, 545, 548, -1,
                        466, 548, 467, -1,
                        467, 548, 468, -1,
                        468, 549, 469, -1,
                        468, 548, 549, -1,
                        469, 550, 470, -1,
                        469, 549, 550, -1,
                        470, 550, 551, -1,
                        470, 551, 471, -1,
                        471, 551, 552, -1,
                        471, 552, 472, -1,
                        472, 553, 473, -1,
                        472, 552, 553, -1,
                        473, 553, 554, -1,
                        473, 554, 555, -1,
                        473, 555, 474, -1,
                        474, 555, 556, -1,
                        474, 556, 475, -1,
                        475, 556, 557, -1,
                        475, 557, 476, -1,
                        476, 557, 558, -1,
                        476, 558, 477, -1,
                        477, 558, 559, -1,
                        477, 559, 478, -1,
                        478, 559, 560, -1,
                        478, 560, 479, -1,
                        480, 561, 562, -1,
                        480, 562, 481, -1,
                        480, 560, 633, -1,
                        480, 633, 561, -1,
                        481, 562, 563, -1,
                        481, 563, 482, -1,
                        482, 563, 564, -1,
                        482, 564, 483, -1,
                        483, 564, 565, -1,
                        483, 565, 484, -1,
                        484, 565, 566, -1,
                        484, 566, 485, -1,
                        485, 566, 568, -1,
                        485, 568, 487, -1,
                        486, 488, 567, -1,
                        486, 567, 489, -1,
                        487, 568, 567, -1,
                        487, 567, 488, -1,
                        489, 567, 570, -1,
                        489, 570, 490, -1,
                        490, 569, 492, -1,
                        490, 492, 491, -1,
                        490, 570, 641, -1,
                        490, 641, 569, -1,
                        492, 569, 587, -1,
                        492, 587, 511, -1,
                        493, 507, 499, -1,
                        494, 499, 495, -1,
                        495, 499, 571, -1,
                        495, 571, 572, -1,
                        495, 572, 573, -1,
                        495, 573, 496, -1,
                        496, 573, 574, -1,
                        496, 574, 497, -1,
                        497, 574, 498, -1,
                        498, 574, 575, -1,
                        498, 575, 500, -1,
                        499, 507, 576, -1,
                        499, 576, 577, -1,
                        499, 577, 571, -1,
                        500, 575, 578, -1,
                        500, 578, 501, -1,
                        501, 578, 579, -1,
                        501, 579, 580, -1,
                        501, 580, 502, -1,
                        502, 580, 503, -1,
                        503, 580, 581, -1,
                        503, 581, 508, -1,
                        503, 508, 504, -1,
                        505, 515, 582, -1,
                        505, 582, 506, -1,
                        506, 582, 583, -1,
                        506, 583, 507, -1,
                        507, 583, 584, -1,
                        507, 584, 576, -1,
                        508, 581, 585, -1,
                        508, 585, 586, -1,
                        508, 586, 509, -1,
                        509, 586, 516, -1,
                        509, 516, 510, -1,
                        511, 587, 512, -1,
                        512, 587, 588, -1,
                        512, 588, 513, -1,
                        513, 588, 589, -1,
                        513, 589, 514, -1,
                        514, 589, 590, -1,
                        514, 590, 515, -1,
                        515, 590, 591, -1,
                        515, 591, 582, -1,
                        516, 586, 592, -1,
                        516, 592, 593, -1,
                        516, 593, 517, -1,
                        517, 593, 594, -1,
                        517, 594, 518, -1,
                        518, 594, 519, -1,
                        519, 594, 595, -1,
                        519, 595, 596, -1,
                        519, 596, 520, -1,
                        521, 596, 597, -1,
                        521, 597, 522, -1,
                        522, 597, 598, -1,
                        522, 598, 599, -1,
                        523, 599, 674, -1,
                        523, 674, 600, -1,
                        523, 600, 524, -1,
                        524, 600, 525, -1,
                        525, 600, 601, -1,
                        525, 601, 526, -1,
                        526, 601, 602, -1,
                        526, 602, 527, -1,
                        527, 602, 603, -1,
                        527, 603, 528, -1,
                        528, 603, 529, -1,
                        529, 603, 604, -1,
                        529, 604, 605, -1,
                        529, 605, 530, -1,
                        530, 605, 606, -1,
                        530, 606, 531, -1,
                        531, 606, 607, -1,
                        531, 607, 532, -1,
                        532, 607, 533, -1,
                        533, 608, 609, -1,
                        533, 609, 534, -1,
                        533, 607, 608, -1,
                        534, 609, 610, -1,
                        534, 610, 535, -1,
                        535, 610, 611, -1,
                        535, 611, 536, -1,
                        536, 611, 612, -1,
                        536, 612, 537, -1,
                        537, 612, 613, -1,
                        537, 613, 538, -1,
                        538, 613, 542, -1,
                        538, 542, 539, -1,
                        540, 614, 615, -1,
                        540, 615, 541, -1,
                        540, 542, 616, -1,
                        540, 616, 614, -1,
                        541, 615, 617, -1,
                        541, 617, 543, -1,
                        542, 613, 616, -1,
                        543, 617, 546, -1,
                        543, 546, 544, -1,
                        545, 547, 618, -1,
                        545, 618, 619, -1,
                        545, 619, 548, -1,
                        546, 617, 620, -1,
                        546, 620, 547, -1,
                        547, 621, 618, -1,
                        547, 620, 621, -1,
                        548, 619, 549, -1,
                        549, 619, 622, -1,
                        549, 622, 550, -1,
                        550, 622, 623, -1,
                        550, 623, 551, -1,
                        551, 623, 624, -1,
                        551, 624, 552, -1,
                        552, 624, 625, -1,
                        552, 625, 553, -1,
                        553, 626, 554, -1,
                        553, 625, 626, -1,
                        554, 626, 719, -1,
                        554, 719, 627, -1,
                        554, 627, 628, -1,
                        554, 628, 555, -1,
                        555, 628, 629, -1,
                        555, 629, 556, -1,
                        556, 629, 630, -1,
                        556, 630, 557, -1,
                        557, 630, 631, -1,
                        557, 631, 558, -1,
                        558, 631, 632, -1,
                        558, 632, 559, -1,
                        559, 632, 633, -1,
                        559, 633, 560, -1,
                        561, 634, 635, -1,
                        561, 635, 562, -1,
                        561, 633, 726, -1,
                        561, 726, 634, -1,
                        562, 635, 636, -1,
                        562, 636, 563, -1,
                        563, 636, 564, -1,
                        564, 636, 637, -1,
                        564, 637, 638, -1,
                        564, 638, 565, -1,
                        565, 638, 639, -1,
                        565, 639, 566, -1,
                        566, 639, 568, -1,
                        567, 568, 640, -1,
                        567, 640, 570, -1,
                        568, 639, 640, -1,
                        569, 641, 662, -1,
                        569, 662, 587, -1,
                        570, 640, 734, -1,
                        570, 734, 641, -1,
                        571, 577, 642, -1,
                        571, 642, 572, -1,
                        572, 642, 643, -1,
                        572, 643, 644, -1,
                        572, 644, 645, -1,
                        572, 645, 646, -1,
                        572, 646, 647, -1,
                        572, 647, 573, -1,
                        573, 648, 574, -1,
                        573, 647, 648, -1,
                        574, 648, 649, -1,
                        574, 649, 575, -1,
                        575, 649, 578, -1,
                        576, 584, 650, -1,
                        576, 650, 577, -1,
                        577, 650, 651, -1,
                        577, 651, 642, -1,
                        578, 649, 652, -1,
                        578, 652, 579, -1,
                        579, 652, 653, -1,
                        579, 653, 654, -1,
                        579, 654, 580, -1,
                        580, 654, 655, -1,
                        580, 655, 581, -1,
                        581, 655, 656, -1,
                        581, 656, 585, -1,
                        582, 591, 657, -1,
                        582, 657, 583, -1,
                        583, 657, 658, -1,
                        583, 658, 584, -1,
                        584, 658, 659, -1,
                        584, 659, 650, -1,
                        585, 656, 660, -1,
                        585, 660, 661, -1,
                        585, 661, 586, -1,
                        586, 661, 592, -1,
                        587, 662, 663, -1,
                        587, 663, 664, -1,
                        587, 664, 588, -1,
                        588, 664, 665, -1,
                        588, 665, 589, -1,
                        589, 665, 590, -1,
                        590, 665, 666, -1,
                        590, 666, 591, -1,
                        591, 666, 667, -1,
                        591, 667, 657, -1,
                        592, 661, 668, -1,
                        592, 668, 669, -1,
                        592, 669, 593, -1,
                        593, 669, 670, -1,
                        593, 670, 594, -1,
                        594, 670, 671, -1,
                        594, 671, 595, -1,
                        595, 671, 597, -1,
                        595, 597, 596, -1,
                        597, 671, 672, -1,
                        597, 672, 598, -1,
                        598, 672, 766, -1,
                        598, 766, 673, -1,
                        598, 673, 674, -1,
                        598, 674, 599, -1,
                        600, 674, 675, -1,
                        600, 675, 601, -1,
                        601, 675, 602, -1,
                        602, 676, 677, -1,
                        602, 677, 603, -1,
                        602, 675, 676, -1,
                        603, 677, 678, -1,
                        603, 678, 679, -1,
                        603, 679, 680, -1,
                        603, 680, 681, -1,
                        603, 681, 604, -1,
                        604, 681, 682, -1,
                        604, 682, 683, -1,
                        604, 683, 684, -1,
                        604, 684, 685, -1,
                        604, 685, 686, -1,
                        604, 686, 605, -1,
                        605, 686, 687, -1,
                        605, 687, 688, -1,
                        605, 688, 689, -1,
                        605, 689, 690, -1,
                        605, 690, 691, -1,
                        605, 691, 606, -1,
                        606, 691, 692, -1,
                        606, 692, 693, -1,
                        606, 693, 694, -1,
                        606, 694, 695, -1,
                        606, 695, 696, -1,
                        606, 696, 607, -1,
                        607, 697, 698, -1,
                        607, 698, 608, -1,
                        607, 696, 699, -1,
                        607, 699, 700, -1,
                        607, 700, 697, -1,
                        608, 698, 701, -1,
                        608, 701, 609, -1,
                        609, 701, 610, -1,
                        610, 702, 703, -1,
                        610, 703, 611, -1,
                        610, 701, 702, -1,
                        611, 703, 704, -1,
                        611, 704, 612, -1,
                        612, 704, 705, -1,
                        612, 705, 613, -1,
                        613, 705, 616, -1,
                        614, 616, 706, -1,
                        614, 706, 707, -1,
                        614, 707, 708, -1,
                        614, 708, 615, -1,
                        615, 708, 709, -1,
                        615, 709, 617, -1,
                        616, 705, 706, -1,
                        617, 709, 620, -1,
                        618, 621, 710, -1,
                        618, 710, 711, -1,
                        618, 711, 619, -1,
                        619, 711, 622, -1,
                        620, 712, 621, -1,
                        620, 709, 712, -1,
                        621, 712, 713, -1,
                        621, 713, 714, -1,
                        621, 714, 710, -1,
                        622, 711, 715, -1,
                        622, 715, 623, -1,
                        623, 715, 716, -1,
                        623, 716, 624, -1,
                        624, 716, 717, -1,
                        624, 717, 625, -1,
                        625, 717, 718, -1,
                        625, 718, 626, -1,
                        626, 718, 719, -1,
                        627, 719, 720, -1,
                        627, 720, 721, -1,
                        627, 721, 628, -1,
                        628, 721, 722, -1,
                        628, 722, 629, -1,
                        629, 722, 723, -1,
                        629, 723, 630, -1,
                        630, 723, 724, -1,
                        630, 724, 631, -1,
                        631, 724, 725, -1,
                        631, 725, 632, -1,
                        632, 725, 726, -1,
                        632, 726, 633, -1,
                        634, 727, 728, -1,
                        634, 728, 729, -1,
                        634, 729, 635, -1,
                        634, 726, 805, -1,
                        634, 805, 727, -1,
                        635, 729, 730, -1,
                        635, 730, 636, -1,
                        636, 730, 731, -1,
                        636, 731, 637, -1,
                        637, 731, 732, -1,
                        637, 732, 638, -1,
                        638, 732, 639, -1,
                        639, 733, 734, -1,
                        639, 734, 640, -1,
                        639, 732, 733, -1,
                        641, 734, 756, -1,
                        641, 756, 662, -1,
                        642, 651, 643, -1,
                        643, 651, 735, -1,
                        643, 735, 736, -1,
                        643, 736, 737, -1,
                        643, 737, 645, -1,
                        643, 645, 644, -1,
                        645, 737, 738, -1,
                        645, 738, 739, -1,
                        645, 739, 740, -1,
                        645, 740, 646, -1,
                        646, 741, 647, -1,
                        646, 740, 742, -1,
                        646, 742, 743, -1,
                        646, 743, 741, -1,
                        647, 741, 648, -1,
                        648, 741, 744, -1,
                        648, 744, 649, -1,
                        649, 744, 652, -1,
                        650, 659, 745, -1,
                        650, 745, 651, -1,
                        651, 745, 735, -1,
                        652, 744, 746, -1,
                        652, 746, 653, -1,
                        653, 746, 747, -1,
                        653, 747, 748, -1,
                        653, 748, 654, -1,
                        654, 748, 749, -1,
                        654, 749, 655, -1,
                        655, 749, 656, -1,
                        656, 749, 750, -1,
                        656, 750, 660, -1,
                        657, 667, 751, -1,
                        657, 751, 658, -1,
                        658, 751, 752, -1,
                        658, 752, 659, -1,
                        659, 752, 753, -1,
                        659, 753, 745, -1,
                        660, 750, 754, -1,
                        660, 754, 755, -1,
                        660, 755, 661, -1,
                        661, 755, 668, -1,
                        662, 756, 757, -1,
                        662, 757, 663, -1,
                        663, 757, 758, -1,
                        663, 758, 664, -1,
                        664, 758, 665, -1,
                        665, 758, 759, -1,
                        665, 759, 666, -1,
                        666, 759, 760, -1,
                        666, 760, 667, -1,
                        667, 760, 761, -1,
                        667, 761, 751, -1,
                        668, 755, 762, -1,
                        668, 762, 763, -1,
                        668, 763, 669, -1,
                        669, 763, 764, -1,
                        669, 764, 670, -1,
                        670, 764, 672, -1,
                        670, 672, 671, -1,
                        672, 764, 860, -1,
                        672, 860, 765, -1,
                        672, 765, 766, -1,
                        673, 766, 861, -1,
                        673, 861, 767, -1,
                        673, 767, 674, -1,
                        674, 767, 675, -1,
                        675, 767, 768, -1,
                        675, 768, 676, -1,
                        676, 768, 769, -1,
                        676, 769, 770, -1,
                        676, 770, 771, -1,
                        676, 771, 772, -1,
                        676, 772, 773, -1,
                        676, 773, 774, -1,
                        676, 774, 677, -1,
                        677, 774, 773, -1,
                        677, 773, 772, -1,
                        677, 772, 771, -1,
                        677, 771, 770, -1,
                        677, 770, 769, -1,
                        677, 769, 868, -1,
                        677, 868, 867, -1,
                        677, 867, 866, -1,
                        677, 866, 865, -1,
                        677, 865, 864, -1,
                        677, 864, 863, -1,
                        677, 863, 862, -1,
                        677, 862, 949, -1,
                        677, 949, 948, -1,
                        677, 948, 947, -1,
                        677, 947, 946, -1,
                        677, 946, 945, -1,
                        677, 945, 1013, -1,
                        677, 1013, 1012, -1,
                        677, 1012, 919, -1,
                        677, 919, 832, -1,
                        677, 832, 743, -1,
                        677, 743, 845, -1,
                        677, 845, 938, -1,
                        677, 938, 1031, -1,
                        677, 1031, 1030, -1,
                        677, 1030, 1037, -1,
                        677, 1037, 1036, -1,
                        677, 1036, 956, -1,
                        677, 956, 955, -1,
                        677, 955, 954, -1,
                        677, 954, 953, -1,
                        677, 953, 952, -1,
                        677, 952, 951, -1,
                        677, 951, 877, -1,
                        677, 877, 876, -1,
                        677, 876, 875, -1,
                        677, 875, 874, -1,
                        677, 874, 872, -1,
                        677, 872, 871, -1,
                        677, 871, 870, -1,
                        677, 870, 869, -1,
                        677, 869, 777, -1,
                        677, 777, 776, -1,
                        677, 776, 700, -1,
                        677, 700, 699, -1,
                        677, 699, 696, -1,
                        677, 696, 695, -1,
                        677, 695, 694, -1,
                        677, 694, 693, -1,
                        677, 693, 692, -1,
                        677, 692, 691, -1,
                        677, 691, 690, -1,
                        677, 690, 689, -1,
                        677, 689, 688, -1,
                        677, 688, 687, -1,
                        677, 687, 686, -1,
                        677, 686, 685, -1,
                        677, 685, 684, -1,
                        677, 684, 683, -1,
                        677, 683, 682, -1,
                        677, 682, 681, -1,
                        677, 681, 680, -1,
                        677, 680, 679, -1,
                        677, 679, 678, -1,
                        697, 775, 698, -1,
                        697, 700, 776, -1,
                        697, 776, 777, -1,
                        697, 777, 775, -1,
                        698, 778, 701, -1,
                        698, 775, 778, -1,
                        701, 779, 780, -1,
                        701, 780, 702, -1,
                        701, 778, 779, -1,
                        702, 780, 880, -1,
                        702, 880, 781, -1,
                        702, 781, 703, -1,
                        703, 781, 881, -1,
                        703, 881, 782, -1,
                        703, 782, 704, -1,
                        704, 782, 783, -1,
                        704, 783, 705, -1,
                        705, 783, 706, -1,
                        706, 783, 784, -1,
                        706, 784, 785, -1,
                        706, 785, 707, -1,
                        707, 785, 786, -1,
                        707, 786, 708, -1,
                        708, 786, 787, -1,
                        708, 787, 709, -1,
                        709, 787, 713, -1,
                        709, 713, 712, -1,
                        710, 714, 788, -1,
                        710, 788, 789, -1,
                        710, 789, 790, -1,
                        710, 790, 791, -1,
                        710, 791, 711, -1,
                        711, 791, 792, -1,
                        711, 792, 715, -1,
                        713, 787, 793, -1,
                        713, 793, 794, -1,
                        713, 794, 788, -1,
                        713, 788, 714, -1,
                        715, 792, 716, -1,
                        716, 792, 795, -1,
                        716, 795, 717, -1,
                        717, 795, 796, -1,
                        717, 796, 718, -1,
                        718, 796, 797, -1,
                        718, 797, 719, -1,
                        719, 798, 720, -1,
                        719, 797, 895, -1,
                        719, 895, 798, -1,
                        720, 798, 896, -1,
                        720, 896, 799, -1,
                        720, 799, 800, -1,
                        720, 800, 721, -1,
                        721, 800, 801, -1,
                        721, 801, 722, -1,
                        722, 801, 802, -1,
                        722, 802, 723, -1,
                        723, 802, 724, -1,
                        724, 802, 803, -1,
                        724, 803, 804, -1,
                        724, 804, 725, -1,
                        725, 804, 805, -1,
                        725, 805, 726, -1,
                        727, 806, 807, -1,
                        727, 807, 728, -1,
                        727, 805, 904, -1,
                        727, 904, 806, -1,
                        728, 807, 905, -1,
                        728, 905, 808, -1,
                        728, 808, 809, -1,
                        728, 809, 729, -1,
                        729, 809, 810, -1,
                        729, 810, 730, -1,
                        730, 810, 911, -1,
                        730, 911, 811, -1,
                        730, 811, 731, -1,
                        731, 811, 732, -1,
                        732, 811, 911, -1,
                        732, 911, 812, -1,
                        732, 812, 813, -1,
                        732, 813, 733, -1,
                        733, 813, 756, -1,
                        733, 756, 734, -1,
                        735, 745, 814, -1,
                        735, 814, 736, -1,
                        736, 814, 815, -1,
                        736, 815, 816, -1,
                        736, 816, 817, -1,
                        736, 817, 818, -1,
                        736, 818, 737, -1,
                        737, 818, 819, -1,
                        737, 819, 820, -1,
                        737, 820, 738, -1,
                        738, 820, 819, -1,
                        738, 819, 918, -1,
                        738, 918, 817, -1,
                        738, 817, 917, -1,
                        738, 917, 916, -1,
                        738, 916, 1011, -1,
                        738, 1011, 1092, -1,
                        738, 1092, 1094, -1,
                        738, 1094, 1093, -1,
                        738, 1093, 1173, -1,
                        738, 1173, 1225, -1,
                        738, 1225, 1256, -1,
                        738, 1256, 1281, -1,
                        738, 1281, 1303, -1,
                        738, 1303, 1282, -1,
                        738, 1282, 1257, -1,
                        738, 1257, 1226, -1,
                        738, 1226, 1174, -1,
                        738, 1174, 1104, -1,
                        738, 1104, 1103, -1,
                        738, 1103, 1102, -1,
                        738, 1102, 1101, -1,
                        738, 1101, 1100, -1,
                        738, 1100, 1099, -1,
                        738, 1099, 1098, -1,
                        738, 1098, 1097, -1,
                        738, 1097, 1096, -1,
                        738, 1096, 1095, -1,
                        738, 1095, 1014, -1,
                        738, 1014, 921, -1,
                        738, 921, 845, -1,
                        738, 845, 743, -1,
                        738, 743, 831, -1,
                        738, 831, 830, -1,
                        738, 830, 829, -1,
                        738, 829, 828, -1,
                        738, 828, 827, -1,
                        738, 827, 826, -1,
                        738, 826, 825, -1,
                        738, 825, 823, -1,
                        738, 823, 822, -1,
                        738, 822, 821, -1,
                        738, 821, 739, -1,
                        739, 821, 740, -1,
                        740, 821, 822, -1,
                        740, 822, 823, -1,
                        740, 823, 742, -1,
                        741, 824, 744, -1,
                        741, 743, 824, -1,
                        742, 823, 825, -1,
                        742, 825, 826, -1,
                        742, 826, 827, -1,
                        742, 827, 828, -1,
                        742, 828, 829, -1,
                        742, 829, 830, -1,
                        742, 830, 831, -1,
                        742, 831, 743, -1,
                        743, 832, 833, -1,
                        743, 833, 834, -1,
                        743, 834, 835, -1,
                        743, 835, 836, -1,
                        743, 836, 837, -1,
                        743, 837, 838, -1,
                        743, 838, 839, -1,
                        743, 839, 840, -1,
                        743, 840, 841, -1,
                        743, 841, 842, -1,
                        743, 842, 843, -1,
                        743, 843, 844, -1,
                        743, 844, 824, -1,
                        744, 824, 746, -1,
                        745, 753, 814, -1,
                        746, 824, 844, -1,
                        746, 844, 747, -1,
                        747, 844, 843, -1,
                        747, 843, 846, -1,
                        747, 846, 748, -1,
                        748, 846, 847, -1,
                        748, 847, 749, -1,
                        749, 847, 750, -1,
                        750, 847, 848, -1,
                        750, 848, 754, -1,
                        751, 761, 849, -1,
                        751, 849, 752, -1,
                        752, 849, 850, -1,
                        752, 850, 753, -1,
                        753, 850, 851, -1,
                        753, 851, 814, -1,
                        754, 848, 838, -1,
                        754, 838, 852, -1,
                        754, 852, 755, -1,
                        755, 852, 762, -1,
                        756, 813, 853, -1,
                        756, 853, 854, -1,
                        756, 854, 757, -1,
                        757, 854, 758, -1,
                        758, 854, 855, -1,
                        758, 855, 856, -1,
                        758, 856, 759, -1,
                        759, 856, 760, -1,
                        760, 856, 857, -1,
                        760, 857, 761, -1,
                        761, 857, 858, -1,
                        761, 858, 849, -1,
                        762, 852, 835, -1,
                        762, 835, 859, -1,
                        762, 859, 763, -1,
                        763, 859, 860, -1,
                        763, 860, 764, -1,
                        765, 860, 861, -1,
                        765, 861, 766, -1,
                        767, 861, 862, -1,
                        767, 862, 863, -1,
                        767, 863, 864, -1,
                        767, 864, 865, -1,
                        767, 865, 866, -1,
                        767, 866, 768, -1,
                        768, 866, 867, -1,
                        768, 867, 868, -1,
                        768, 868, 769, -1,
                        775, 777, 869, -1,
                        775, 869, 870, -1,
                        775, 870, 871, -1,
                        775, 871, 872, -1,
                        775, 872, 778, -1,
                        778, 873, 878, -1,
                        778, 878, 779, -1,
                        778, 872, 874, -1,
                        778, 874, 875, -1,
                        778, 875, 876, -1,
                        778, 876, 877, -1,
                        778, 877, 951, -1,
                        778, 951, 873, -1,
                        779, 878, 879, -1,
                        779, 879, 780, -1,
                        780, 879, 962, -1,
                        780, 962, 880, -1,
                        781, 880, 881, -1,
                        782, 881, 882, -1,
                        782, 882, 783, -1,
                        783, 882, 784, -1,
                        784, 882, 883, -1,
                        784, 883, 785, -1,
                        785, 883, 884, -1,
                        785, 884, 885, -1,
                        785, 885, 786, -1,
                        786, 885, 793, -1,
                        786, 793, 787, -1,
                        788, 794, 886, -1,
                        788, 886, 887, -1,
                        788, 887, 789, -1,
                        789, 887, 888, -1,
                        789, 888, 889, -1,
                        789, 889, 790, -1,
                        790, 889, 890, -1,
                        790, 890, 792, -1,
                        790, 792, 791, -1,
                        792, 890, 795, -1,
                        793, 891, 794, -1,
                        793, 885, 891, -1,
                        794, 892, 886, -1,
                        794, 891, 892, -1,
                        795, 890, 893, -1,
                        795, 893, 796, -1,
                        796, 893, 981, -1,
                        796, 981, 894, -1,
                        796, 894, 797, -1,
                        797, 894, 983, -1,
                        797, 983, 895, -1,
                        798, 895, 984, -1,
                        798, 984, 896, -1,
                        799, 896, 985, -1,
                        799, 985, 897, -1,
                        799, 897, 898, -1,
                        799, 898, 800, -1,
                        800, 898, 899, -1,
                        800, 899, 801, -1,
                        801, 899, 900, -1,
                        801, 900, 802, -1,
                        802, 900, 901, -1,
                        802, 901, 803, -1,
                        803, 901, 902, -1,
                        803, 902, 804, -1,
                        804, 902, 996, -1,
                        804, 996, 903, -1,
                        804, 903, 805, -1,
                        805, 903, 904, -1,
                        806, 904, 997, -1,
                        806, 997, 998, -1,
                        806, 998, 905, -1,
                        806, 905, 807, -1,
                        808, 905, 906, -1,
                        808, 906, 907, -1,
                        808, 907, 809, -1,
                        809, 907, 810, -1,
                        810, 908, 909, -1,
                        810, 909, 910, -1,
                        810, 910, 911, -1,
                        810, 907, 912, -1,
                        810, 912, 908, -1,
                        812, 913, 854, -1,
                        812, 854, 853, -1,
                        812, 853, 813, -1,
                        812, 911, 910, -1,
                        812, 910, 909, -1,
                        812, 909, 913, -1,
                        814, 851, 815, -1,
                        815, 851, 914, -1,
                        815, 914, 915, -1,
                        815, 915, 916, -1,
                        815, 916, 917, -1,
                        815, 917, 816, -1,
                        816, 917, 817, -1,
                        817, 918, 818, -1,
                        818, 918, 819, -1,
                        832, 919, 833, -1,
                        833, 920, 860, -1,
                        833, 860, 859, -1,
                        833, 859, 835, -1,
                        833, 835, 834, -1,
                        833, 919, 920, -1,
                        835, 852, 836, -1,
                        836, 852, 838, -1,
                        836, 838, 837, -1,
                        838, 848, 839, -1,
                        839, 848, 841, -1,
                        839, 841, 840, -1,
                        841, 848, 847, -1,
                        841, 847, 846, -1,
                        841, 846, 842, -1,
                        842, 846, 843, -1,
                        845, 921, 922, -1,
                        845, 922, 923, -1,
                        845, 923, 924, -1,
                        845, 924, 925, -1,
                        845, 925, 926, -1,
                        845, 926, 927, -1,
                        845, 927, 928, -1,
                        845, 928, 929, -1,
                        845, 929, 930, -1,
                        845, 930, 931, -1,
                        845, 931, 932, -1,
                        845, 932, 933, -1,
                        845, 933, 934, -1,
                        845, 934, 935, -1,
                        845, 935, 936, -1,
                        845, 936, 937, -1,
                        845, 937, 938, -1,
                        849, 858, 939, -1,
                        849, 939, 850, -1,
                        850, 939, 940, -1,
                        850, 940, 851, -1,
                        851, 940, 914, -1,
                        854, 913, 941, -1,
                        854, 941, 855, -1,
                        855, 941, 856, -1,
                        856, 941, 942, -1,
                        856, 942, 857, -1,
                        857, 942, 943, -1,
                        857, 943, 858, -1,
                        858, 943, 944, -1,
                        858, 944, 939, -1,
                        860, 920, 861, -1,
                        861, 920, 945, -1,
                        861, 945, 946, -1,
                        861, 946, 947, -1,
                        861, 947, 948, -1,
                        861, 948, 949, -1,
                        861, 949, 862, -1,
                        873, 950, 878, -1,
                        873, 951, 952, -1,
                        873, 952, 953, -1,
                        873, 953, 954, -1,
                        873, 954, 955, -1,
                        873, 955, 956, -1,
                        873, 956, 950, -1,
                        878, 957, 959, -1,
                        878, 959, 879, -1,
                        878, 950, 958, -1,
                        878, 958, 957, -1,
                        879, 959, 960, -1,
                        879, 960, 961, -1,
                        879, 961, 962, -1,
                        880, 962, 1042, -1,
                        880, 1042, 963, -1,
                        880, 963, 881, -1,
                        881, 963, 964, -1,
                        881, 964, 965, -1,
                        881, 965, 882, -1,
                        882, 965, 883, -1,
                        883, 965, 964, -1,
                        883, 964, 1043, -1,
                        883, 1043, 966, -1,
                        883, 966, 967, -1,
                        883, 967, 884, -1,
                        884, 967, 968, -1,
                        884, 968, 885, -1,
                        885, 968, 982, -1,
                        885, 982, 891, -1,
                        886, 969, 887, -1,
                        886, 892, 970, -1,
                        886, 970, 971, -1,
                        886, 971, 972, -1,
                        886, 972, 973, -1,
                        886, 973, 969, -1,
                        887, 969, 974, -1,
                        887, 974, 975, -1,
                        887, 975, 976, -1,
                        887, 976, 977, -1,
                        887, 977, 978, -1,
                        887, 978, 979, -1,
                        887, 979, 889, -1,
                        887, 889, 888, -1,
                        889, 979, 980, -1,
                        889, 980, 890, -1,
                        890, 980, 1068, -1,
                        890, 1068, 981, -1,
                        890, 981, 893, -1,
                        891, 982, 971, -1,
                        891, 971, 970, -1,
                        891, 970, 892, -1,
                        894, 981, 1068, -1,
                        894, 1068, 983, -1,
                        895, 983, 984, -1,
                        896, 984, 1070, -1,
                        896, 1070, 985, -1,
                        897, 985, 986, -1,
                        897, 986, 1071, -1,
                        897, 1071, 987, -1,
                        897, 987, 1074, -1,
                        897, 1074, 988, -1,
                        897, 988, 898, -1,
                        898, 988, 989, -1,
                        898, 989, 899, -1,
                        899, 989, 900, -1,
                        900, 989, 990, -1,
                        900, 990, 991, -1,
                        900, 991, 992, -1,
                        900, 992, 993, -1,
                        900, 993, 901, -1,
                        901, 993, 994, -1,
                        901, 994, 902, -1,
                        902, 994, 995, -1,
                        902, 995, 996, -1,
                        903, 996, 997, -1,
                        903, 997, 904, -1,
                        905, 998, 995, -1,
                        905, 995, 906, -1,
                        906, 999, 1000, -1,
                        906, 1000, 912, -1,
                        906, 912, 907, -1,
                        906, 995, 1081, -1,
                        906, 1081, 999, -1,
                        908, 1001, 1002, -1,
                        908, 1002, 909, -1,
                        908, 912, 1003, -1,
                        908, 1003, 1001, -1,
                        909, 1002, 941, -1,
                        909, 941, 913, -1,
                        912, 1000, 1083, -1,
                        912, 1083, 1003, -1,
                        914, 940, 1004, -1,
                        914, 1004, 1005, -1,
                        914, 1005, 915, -1,
                        915, 1005, 1006, -1,
                        915, 1006, 1007, -1,
                        915, 1007, 1008, -1,
                        915, 1008, 1009, -1,
                        915, 1009, 1010, -1,
                        915, 1010, 1011, -1,
                        915, 1011, 916, -1,
                        919, 1012, 920, -1,
                        920, 1012, 1013, -1,
                        920, 1013, 945, -1,
                        921, 1014, 922, -1,
                        922, 1015, 1056, -1,
                        922, 1056, 1016, -1,
                        922, 1016, 1017, -1,
                        922, 1017, 1018, -1,
                        922, 1018, 923, -1,
                        922, 1014, 1015, -1,
                        923, 1018, 1019, -1,
                        923, 1019, 924, -1,
                        924, 1019, 1020, -1,
                        924, 1020, 925, -1,
                        925, 1020, 1021, -1,
                        925, 1021, 926, -1,
                        926, 1021, 1022, -1,
                        926, 1022, 927, -1,
                        927, 1022, 1023, -1,
                        927, 1023, 928, -1,
                        928, 1023, 929, -1,
                        929, 1024, 931, -1,
                        929, 931, 930, -1,
                        929, 1023, 1025, -1,
                        929, 1025, 1024, -1,
                        931, 1024, 932, -1,
                        932, 1024, 1026, -1,
                        932, 1026, 1027, -1,
                        932, 1027, 934, -1,
                        932, 934, 933, -1,
                        934, 1027, 1029, -1,
                        934, 1029, 935, -1,
                        935, 1028, 937, -1,
                        935, 937, 936, -1,
                        935, 1029, 1038, -1,
                        935, 1038, 1028, -1,
                        937, 1028, 958, -1,
                        937, 958, 1030, -1,
                        937, 1030, 1031, -1,
                        937, 1031, 938, -1,
                        939, 944, 1032, -1,
                        939, 1032, 940, -1,
                        940, 1032, 1004, -1,
                        941, 1002, 1033, -1,
                        941, 1033, 942, -1,
                        942, 1033, 943, -1,
                        943, 1033, 1034, -1,
                        943, 1034, 944, -1,
                        944, 1034, 1035, -1,
                        944, 1035, 1032, -1,
                        950, 956, 958, -1,
                        956, 1036, 958, -1,
                        957, 958, 1028, -1,
                        957, 1028, 1038, -1,
                        957, 1038, 959, -1,
                        958, 1036, 1037, -1,
                        958, 1037, 1030, -1,
                        959, 1038, 1039, -1,
                        959, 1039, 960, -1,
                        960, 1039, 1124, -1,
                        960, 1124, 1040, -1,
                        960, 1040, 1041, -1,
                        960, 1041, 961, -1,
                        961, 1041, 962, -1,
                        962, 1041, 1042, -1,
                        963, 1042, 1043, -1,
                        963, 1043, 964, -1,
                        966, 1043, 1044, -1,
                        966, 1044, 1125, -1,
                        966, 1125, 1045, -1,
                        966, 1045, 1129, -1,
                        966, 1129, 1046, -1,
                        966, 1046, 967, -1,
                        967, 1046, 1047, -1,
                        967, 1047, 968, -1,
                        968, 1047, 982, -1,
                        969, 973, 1048, -1,
                        969, 1048, 1049, -1,
                        969, 1049, 1050, -1,
                        969, 1050, 1051, -1,
                        969, 1051, 1016, -1,
                        969, 1016, 974, -1,
                        971, 982, 1052, -1,
                        971, 1052, 1053, -1,
                        971, 1053, 972, -1,
                        972, 1053, 1054, -1,
                        972, 1054, 973, -1,
                        973, 1054, 1055, -1,
                        973, 1055, 1048, -1,
                        974, 1016, 1056, -1,
                        974, 1056, 1057, -1,
                        974, 1057, 975, -1,
                        975, 1057, 1058, -1,
                        975, 1058, 1059, -1,
                        975, 1059, 1060, -1,
                        975, 1060, 976, -1,
                        976, 1060, 1061, -1,
                        976, 1061, 1062, -1,
                        976, 1062, 977, -1,
                        977, 1062, 1063, -1,
                        977, 1063, 978, -1,
                        978, 1063, 1064, -1,
                        978, 1064, 1065, -1,
                        978, 1065, 1066, -1,
                        978, 1066, 1067, -1,
                        978, 1067, 979, -1,
                        979, 1067, 980, -1,
                        980, 1067, 1068, -1,
                        982, 1047, 1052, -1,
                        983, 1068, 1069, -1,
                        983, 1069, 984, -1,
                        984, 1069, 1147, -1,
                        984, 1147, 1070, -1,
                        985, 1070, 986, -1,
                        986, 1070, 1071, -1,
                        987, 1072, 1073, -1,
                        987, 1073, 1074, -1,
                        987, 1071, 1075, -1,
                        987, 1075, 1072, -1,
                        988, 1074, 990, -1,
                        988, 990, 989, -1,
                        990, 1074, 1073, -1,
                        990, 1073, 1076, -1,
                        990, 1076, 1077, -1,
                        990, 1077, 991, -1,
                        991, 1077, 1078, -1,
                        991, 1078, 992, -1,
                        992, 1078, 1158, -1,
                        992, 1158, 1079, -1,
                        992, 1079, 994, -1,
                        992, 994, 993, -1,
                        994, 1079, 995, -1,
                        995, 998, 997, -1,
                        995, 997, 996, -1,
                        995, 1079, 1080, -1,
                        995, 1080, 1081, -1,
                        999, 1082, 1083, -1,
                        999, 1083, 1000, -1,
                        999, 1081, 1160, -1,
                        999, 1160, 1082, -1,
                        1001, 1084, 1033, -1,
                        1001, 1033, 1002, -1,
                        1001, 1003, 1084, -1,
                        1003, 1085, 1084, -1,
                        1003, 1083, 1162, -1,
                        1003, 1162, 1085, -1,
                        1004, 1032, 1120, -1,
                        1004, 1120, 1086, -1,
                        1004, 1086, 1005, -1,
                        1005, 1086, 1087, -1,
                        1005, 1087, 1088, -1,
                        1005, 1088, 1089, -1,
                        1005, 1089, 1006, -1,
                        1006, 1089, 1007, -1,
                        1007, 1009, 1008, -1,
                        1007, 1089, 1088, -1,
                        1007, 1088, 1090, -1,
                        1007, 1090, 1091, -1,
                        1007, 1091, 1009, -1,
                        1009, 1092, 1011, -1,
                        1009, 1011, 1010, -1,
                        1009, 1091, 1093, -1,
                        1009, 1093, 1094, -1,
                        1009, 1094, 1092, -1,
                        1014, 1095, 1015, -1,
                        1015, 1095, 1096, -1,
                        1015, 1096, 1097, -1,
                        1015, 1097, 1098, -1,
                        1015, 1098, 1099, -1,
                        1015, 1099, 1100, -1,
                        1015, 1100, 1101, -1,
                        1015, 1101, 1102, -1,
                        1015, 1102, 1103, -1,
                        1015, 1103, 1104, -1,
                        1015, 1104, 1105, -1,
                        1015, 1105, 1106, -1,
                        1015, 1106, 1107, -1,
                        1015, 1107, 1108, -1,
                        1015, 1108, 1056, -1,
                        1016, 1051, 1050, -1,
                        1016, 1050, 1109, -1,
                        1016, 1109, 1018, -1,
                        1016, 1018, 1017, -1,
                        1018, 1110, 1019, -1,
                        1018, 1109, 1111, -1,
                        1018, 1111, 1110, -1,
                        1019, 1110, 1020, -1,
                        1020, 1112, 1021, -1,
                        1020, 1110, 1112, -1,
                        1021, 1112, 1022, -1,
                        1022, 1112, 1113, -1,
                        1022, 1113, 1114, -1,
                        1022, 1114, 1023, -1,
                        1023, 1114, 1025, -1,
                        1024, 1025, 1115, -1,
                        1024, 1115, 1026, -1,
                        1025, 1114, 1116, -1,
                        1025, 1116, 1115, -1,
                        1026, 1117, 1027, -1,
                        1026, 1115, 1118, -1,
                        1026, 1118, 1117, -1,
                        1027, 1117, 1029, -1,
                        1029, 1117, 1119, -1,
                        1029, 1119, 1039, -1,
                        1029, 1039, 1038, -1,
                        1032, 1035, 1120, -1,
                        1033, 1084, 1121, -1,
                        1033, 1121, 1034, -1,
                        1034, 1121, 1122, -1,
                        1034, 1122, 1035, -1,
                        1035, 1122, 1120, -1,
                        1039, 1119, 1123, -1,
                        1039, 1123, 1124, -1,
                        1040, 1124, 1126, -1,
                        1040, 1126, 1125, -1,
                        1040, 1125, 1044, -1,
                        1040, 1044, 1041, -1,
                        1041, 1044, 1043, -1,
                        1041, 1043, 1042, -1,
                        1045, 1125, 1126, -1,
                        1045, 1126, 1127, -1,
                        1045, 1127, 1128, -1,
                        1045, 1128, 1129, -1,
                        1046, 1129, 1047, -1,
                        1047, 1129, 1130, -1,
                        1047, 1130, 1052, -1,
                        1048, 1055, 1131, -1,
                        1048, 1131, 1049, -1,
                        1049, 1131, 1132, -1,
                        1049, 1132, 1050, -1,
                        1050, 1132, 1133, -1,
                        1050, 1133, 1111, -1,
                        1050, 1111, 1109, -1,
                        1052, 1130, 1053, -1,
                        1053, 1130, 1134, -1,
                        1053, 1134, 1054, -1,
                        1054, 1134, 1135, -1,
                        1054, 1135, 1136, -1,
                        1054, 1136, 1055, -1,
                        1055, 1136, 1137, -1,
                        1055, 1137, 1131, -1,
                        1056, 1108, 1107, -1,
                        1056, 1107, 1057, -1,
                        1057, 1107, 1058, -1,
                        1058, 1107, 1138, -1,
                        1058, 1138, 1059, -1,
                        1059, 1138, 1139, -1,
                        1059, 1139, 1060, -1,
                        1060, 1139, 1140, -1,
                        1060, 1140, 1141, -1,
                        1060, 1141, 1061, -1,
                        1061, 1141, 1142, -1,
                        1061, 1142, 1062, -1,
                        1062, 1142, 1143, -1,
                        1062, 1143, 1063, -1,
                        1063, 1143, 1144, -1,
                        1063, 1144, 1064, -1,
                        1064, 1144, 1145, -1,
                        1064, 1145, 1146, -1,
                        1064, 1146, 1065, -1,
                        1065, 1146, 1066, -1,
                        1066, 1146, 1068, -1,
                        1066, 1068, 1067, -1,
                        1068, 1146, 1147, -1,
                        1068, 1147, 1069, -1,
                        1070, 1148, 1075, -1,
                        1070, 1075, 1071, -1,
                        1070, 1147, 1149, -1,
                        1070, 1149, 1150, -1,
                        1070, 1150, 1204, -1,
                        1070, 1204, 1148, -1,
                        1072, 1151, 1073, -1,
                        1072, 1075, 1154, -1,
                        1072, 1154, 1151, -1,
                        1073, 1151, 1152, -1,
                        1073, 1152, 1153, -1,
                        1073, 1153, 1076, -1,
                        1075, 1148, 1155, -1,
                        1075, 1155, 1154, -1,
                        1076, 1153, 1156, -1,
                        1076, 1156, 1077, -1,
                        1077, 1156, 1078, -1,
                        1078, 1157, 1212, -1,
                        1078, 1212, 1158, -1,
                        1078, 1156, 1157, -1,
                        1079, 1158, 1159, -1,
                        1079, 1159, 1080, -1,
                        1080, 1159, 1081, -1,
                        1081, 1159, 1160, -1,
                        1082, 1161, 1083, -1,
                        1082, 1160, 1215, -1,
                        1082, 1215, 1161, -1,
                        1083, 1161, 1162, -1,
                        1084, 1085, 1163, -1,
                        1084, 1163, 1121, -1,
                        1085, 1162, 1163, -1,
                        1086, 1120, 1164, -1,
                        1086, 1164, 1165, -1,
                        1086, 1165, 1166, -1,
                        1086, 1166, 1167, -1,
                        1086, 1167, 1168, -1,
                        1086, 1168, 1169, -1,
                        1086, 1169, 1087, -1,
                        1087, 1169, 1088, -1,
                        1088, 1169, 1170, -1,
                        1088, 1170, 1090, -1,
                        1090, 1170, 1222, -1,
                        1090, 1222, 1171, -1,
                        1090, 1171, 1172, -1,
                        1090, 1172, 1091, -1,
                        1091, 1172, 1173, -1,
                        1091, 1173, 1093, -1,
                        1104, 1174, 1105, -1,
                        1105, 1175, 1176, -1,
                        1105, 1176, 1177, -1,
                        1105, 1177, 1106, -1,
                        1105, 1174, 1175, -1,
                        1106, 1177, 1178, -1,
                        1106, 1178, 1107, -1,
                        1107, 1178, 1179, -1,
                        1107, 1179, 1180, -1,
                        1107, 1180, 1138, -1,
                        1110, 1181, 1112, -1,
                        1110, 1111, 1181, -1,
                        1111, 1133, 1181, -1,
                        1112, 1181, 1182, -1,
                        1112, 1182, 1113, -1,
                        1113, 1182, 1183, -1,
                        1113, 1183, 1114, -1,
                        1114, 1183, 1116, -1,
                        1115, 1116, 1184, -1,
                        1115, 1184, 1118, -1,
                        1116, 1183, 1185, -1,
                        1116, 1185, 1184, -1,
                        1117, 1118, 1186, -1,
                        1117, 1186, 1123, -1,
                        1117, 1123, 1119, -1,
                        1118, 1184, 1187, -1,
                        1118, 1187, 1186, -1,
                        1120, 1122, 1164, -1,
                        1121, 1163, 1122, -1,
                        1122, 1163, 1188, -1,
                        1122, 1188, 1189, -1,
                        1122, 1189, 1164, -1,
                        1123, 1186, 1190, -1,
                        1123, 1190, 1191, -1,
                        1123, 1191, 1126, -1,
                        1123, 1126, 1124, -1,
                        1126, 1191, 1127, -1,
                        1127, 1191, 1192, -1,
                        1127, 1192, 1193, -1,
                        1127, 1193, 1128, -1,
                        1128, 1193, 1135, -1,
                        1128, 1135, 1134, -1,
                        1128, 1134, 1129, -1,
                        1129, 1134, 1130, -1,
                        1131, 1137, 1132, -1,
                        1132, 1137, 1194, -1,
                        1132, 1194, 1195, -1,
                        1132, 1195, 1133, -1,
                        1133, 1195, 1181, -1,
                        1135, 1193, 1136, -1,
                        1136, 1193, 1196, -1,
                        1136, 1196, 1137, -1,
                        1137, 1196, 1197, -1,
                        1137, 1197, 1194, -1,
                        1138, 1180, 1179, -1,
                        1138, 1179, 1198, -1,
                        1138, 1198, 1139, -1,
                        1139, 1198, 1199, -1,
                        1139, 1199, 1140, -1,
                        1140, 1199, 1200, -1,
                        1140, 1200, 1141, -1,
                        1141, 1200, 1201, -1,
                        1141, 1201, 1142, -1,
                        1142, 1201, 1202, -1,
                        1142, 1202, 1143, -1,
                        1143, 1202, 1203, -1,
                        1143, 1203, 1144, -1,
                        1144, 1203, 1204, -1,
                        1144, 1204, 1145, -1,
                        1145, 1204, 1150, -1,
                        1145, 1150, 1146, -1,
                        1146, 1150, 1149, -1,
                        1146, 1149, 1147, -1,
                        1148, 1204, 1203, -1,
                        1148, 1203, 1155, -1,
                        1151, 1205, 1207, -1,
                        1151, 1207, 1152, -1,
                        1151, 1154, 1206, -1,
                        1151, 1206, 1205, -1,
                        1152, 1207, 1153, -1,
                        1153, 1207, 1208, -1,
                        1153, 1208, 1210, -1,
                        1153, 1210, 1156, -1,
                        1154, 1155, 1209, -1,
                        1154, 1209, 1206, -1,
                        1155, 1203, 1202, -1,
                        1155, 1202, 1209, -1,
                        1156, 1210, 1211, -1,
                        1156, 1211, 1157, -1,
                        1157, 1211, 1246, -1,
                        1157, 1246, 1212, -1,
                        1158, 1212, 1213, -1,
                        1158, 1213, 1159, -1,
                        1159, 1213, 1214, -1,
                        1159, 1214, 1215, -1,
                        1159, 1215, 1160, -1,
                        1161, 1216, 1162, -1,
                        1161, 1215, 1248, -1,
                        1161, 1248, 1216, -1,
                        1162, 1217, 1163, -1,
                        1162, 1216, 1217, -1,
                        1163, 1217, 1218, -1,
                        1163, 1218, 1188, -1,
                        1164, 1189, 1166, -1,
                        1164, 1166, 1165, -1,
                        1166, 1219, 1251, -1,
                        1166, 1251, 1220, -1,
                        1166, 1220, 1167, -1,
                        1166, 1189, 1221, -1,
                        1166, 1221, 1219, -1,
                        1167, 1220, 1168, -1,
                        1168, 1220, 1169, -1,
                        1169, 1220, 1170, -1,
                        1170, 1220, 1222, -1,
                        1171, 1222, 1253, -1,
                        1171, 1253, 1223, -1,
                        1171, 1223, 1224, -1,
                        1171, 1224, 1172, -1,
                        1172, 1224, 1173, -1,
                        1173, 1224, 1225, -1,
                        1174, 1226, 1227, -1,
                        1174, 1227, 1176, -1,
                        1174, 1176, 1175, -1,
                        1176, 1227, 1228, -1,
                        1176, 1228, 1177, -1,
                        1177, 1229, 1178, -1,
                        1177, 1228, 1229, -1,
                        1178, 1229, 1179, -1,
                        1179, 1229, 1230, -1,
                        1179, 1230, 1198, -1,
                        1181, 1195, 1182, -1,
                        1182, 1195, 1231, -1,
                        1182, 1231, 1183, -1,
                        1183, 1231, 1185, -1,
                        1184, 1185, 1232, -1,
                        1184, 1232, 1187, -1,
                        1185, 1231, 1232, -1,
                        1186, 1187, 1190, -1,
                        1187, 1232, 1233, -1,
                        1187, 1233, 1190, -1,
                        1188, 1218, 1189, -1,
                        1189, 1218, 1234, -1,
                        1189, 1234, 1235, -1,
                        1189, 1235, 1236, -1,
                        1189, 1236, 1221, -1,
                        1190, 1233, 1192, -1,
                        1190, 1192, 1191, -1,
                        1192, 1233, 1196, -1,
                        1192, 1196, 1193, -1,
                        1194, 1197, 1231, -1,
                        1194, 1231, 1195, -1,
                        1196, 1233, 1197, -1,
                        1197, 1233, 1232, -1,
                        1197, 1232, 1231, -1,
                        1198, 1230, 1237, -1,
                        1198, 1237, 1199, -1,
                        1199, 1237, 1238, -1,
                        1199, 1238, 1200, -1,
                        1200, 1238, 1239, -1,
                        1200, 1239, 1201, -1,
                        1201, 1239, 1209, -1,
                        1201, 1209, 1202, -1,
                        1205, 1240, 1207, -1,
                        1205, 1206, 1241, -1,
                        1205, 1241, 1240, -1,
                        1206, 1209, 1239, -1,
                        1206, 1239, 1241, -1,
                        1207, 1240, 1242, -1,
                        1207, 1242, 1243, -1,
                        1207, 1243, 1208, -1,
                        1208, 1243, 1210, -1,
                        1210, 1244, 1245, -1,
                        1210, 1245, 1211, -1,
                        1210, 1243, 1244, -1,
                        1211, 1245, 1272, -1,
                        1211, 1272, 1246, -1,
                        1212, 1246, 1247, -1,
                        1212, 1247, 1213, -1,
                        1213, 1247, 1214, -1,
                        1214, 1247, 1248, -1,
                        1214, 1248, 1215, -1,
                        1216, 1249, 1217, -1,
                        1216, 1248, 1274, -1,
                        1216, 1274, 1249, -1,
                        1217, 1249, 1218, -1,
                        1218, 1249, 1234, -1,
                        1219, 1250, 1251, -1,
                        1219, 1221, 1236, -1,
                        1219, 1236, 1235, -1,
                        1219, 1235, 1252, -1,
                        1219, 1252, 1250, -1,
                        1220, 1251, 1222, -1,
                        1222, 1251, 1250, -1,
                        1222, 1250, 1253, -1,
                        1223, 1253, 1254, -1,
                        1223, 1254, 1224, -1,
                        1224, 1254, 1278, -1,
                        1224, 1278, 1255, -1,
                        1224, 1255, 1281, -1,
                        1224, 1281, 1256, -1,
                        1224, 1256, 1225, -1,
                        1226, 1257, 1258, -1,
                        1226, 1258, 1259, -1,
                        1226, 1259, 1227, -1,
                        1227, 1259, 1260, -1,
                        1227, 1260, 1261, -1,
                        1227, 1261, 1228, -1,
                        1228, 1261, 1262, -1,
                        1228, 1262, 1229, -1,
                        1229, 1262, 1230, -1,
                        1230, 1262, 1263, -1,
                        1230, 1263, 1237, -1,
                        1234, 1249, 1274, -1,
                        1234, 1274, 1264, -1,
                        1234, 1264, 1265, -1,
                        1234, 1265, 1235, -1,
                        1235, 1265, 1276, -1,
                        1235, 1276, 1252, -1,
                        1237, 1263, 1266, -1,
                        1237, 1266, 1238, -1,
                        1238, 1266, 1241, -1,
                        1238, 1241, 1239, -1,
                        1240, 1267, 1242, -1,
                        1240, 1241, 1266, -1,
                        1240, 1266, 1267, -1,
                        1242, 1267, 1268, -1,
                        1242, 1268, 1243, -1,
                        1243, 1268, 1269, -1,
                        1243, 1269, 1270, -1,
                        1243, 1270, 1244, -1,
                        1244, 1270, 1245, -1,
                        1245, 1271, 1298, -1,
                        1245, 1298, 1272, -1,
                        1245, 1270, 1271, -1,
                        1246, 1272, 1247, -1,
                        1247, 1272, 1273, -1,
                        1247, 1273, 1274, -1,
                        1247, 1274, 1248, -1,
                        1250, 1252, 1276, -1,
                        1250, 1276, 1275, -1,
                        1250, 1275, 1277, -1,
                        1250, 1277, 1253, -1,
                        1253, 1277, 1278, -1,
                        1253, 1278, 1254, -1,
                        1255, 1278, 1279, -1,
                        1255, 1279, 1280, -1,
                        1255, 1280, 1303, -1,
                        1255, 1303, 1281, -1,
                        1257, 1282, 1283, -1,
                        1257, 1283, 1258, -1,
                        1258, 1283, 1284, -1,
                        1258, 1284, 1285, -1,
                        1258, 1285, 1259, -1,
                        1259, 1286, 1287, -1,
                        1259, 1287, 1260, -1,
                        1259, 1285, 1286, -1,
                        1260, 1288, 1261, -1,
                        1260, 1287, 1289, -1,
                        1260, 1289, 1288, -1,
                        1261, 1288, 1290, -1,
                        1261, 1290, 1262, -1,
                        1262, 1290, 1263, -1,
                        1263, 1290, 1267, -1,
                        1263, 1267, 1266, -1,
                        1264, 1274, 1273, -1,
                        1264, 1273, 1272, -1,
                        1264, 1272, 1291, -1,
                        1264, 1291, 1292, -1,
                        1264, 1292, 1265, -1,
                        1265, 1292, 1293, -1,
                        1265, 1293, 1276, -1,
                        1267, 1290, 1268, -1,
                        1268, 1290, 1288, -1,
                        1268, 1288, 1269, -1,
                        1269, 1288, 1289, -1,
                        1269, 1289, 1294, -1,
                        1269, 1294, 1270, -1,
                        1270, 1294, 1295, -1,
                        1270, 1295, 1271, -1,
                        1271, 1295, 1296, -1,
                        1271, 1296, 1297, -1,
                        1271, 1297, 1292, -1,
                        1271, 1292, 1298, -1,
                        1272, 1298, 1291, -1,
                        1275, 1276, 1293, -1,
                        1275, 1293, 1296, -1,
                        1275, 1296, 1299, -1,
                        1275, 1299, 1300, -1,
                        1275, 1300, 1277, -1,
                        1277, 1300, 1279, -1,
                        1277, 1279, 1278, -1,
                        1279, 1300, 1304, -1,
                        1279, 1304, 1301, -1,
                        1279, 1301, 1302, -1,
                        1279, 1302, 1280, -1,
                        1280, 1302, 1303, -1,
                        1282, 1303, 1302, -1,
                        1282, 1302, 1283, -1,
                        1283, 1302, 1301, -1,
                        1283, 1301, 1284, -1,
                        1284, 1301, 1304, -1,
                        1284, 1304, 1305, -1,
                        1284, 1305, 1286, -1,
                        1284, 1286, 1285, -1,
                        1286, 1305, 1287, -1,
                        1287, 1305, 1306, -1,
                        1287, 1306, 1307, -1,
                        1287, 1307, 1294, -1,
                        1287, 1294, 1289, -1,
                        1291, 1298, 1292, -1,
                        1292, 1297, 1296, -1,
                        1292, 1296, 1293, -1,
                        1294, 1307, 1295, -1,
                        1295, 1307, 1308, -1,
                        1295, 1308, 1309, -1,
                        1295, 1309, 1296, -1,
                        1296, 1309, 1308, -1,
                        1296, 1308, 1299, -1,
                        1299, 1308, 1300, -1,
                        1300, 1308, 1304, -1,
                        1304, 1308, 1306, -1,
                        1304, 1306, 1305, -1,
                        1306, 1308, 1307, -1,
                ]
            }
        }
    ]
}
