# https://github.com/mikedh/trimesh
v 0.41611050 30.32688624 30.78875912
v 0.50727455 30.13475470 30.66343638
v 0.53298892 30.27074653 30.35146397
v 0.39533299 30.43141710 31.39697921
v 0.54670728 30.14516534 31.17088593
v 0.41232347 30.55814946 31.99116541
v 0.53519333 30.35169277 31.98245764
v 0.52658872 30.57809798 32.55912226
v 0.42839683 30.50953411 30.52004048
v 0.52804780 30.53720441 30.25853441
v 0.39087712 30.64640700 30.99469099
v 0.39311334 30.77531708 31.67876408
v 0.46487505 30.86072709 32.45723310
v 0.50658393 30.76690482 30.59759667
v 0.52131326 31.06803707 31.32437326
v 0.48992407 31.14720212 32.11392224
v 0.68683120 30.00570774 30.60342593
v 0.87022392 29.97501334 30.62848861
v 0.83213524 30.04085936 30.33748189
v 0.73993692 29.98580806 31.15152070
v 0.83636506 29.93180810 30.91153554
v 0.88158440 30.06341550 31.36034219
v 0.72653317 30.16482346 30.15985892
v 0.86278686 30.20228029 30.17175812
v 0.79805317 30.33741413 30.03572146
v 0.78107808 30.24549044 31.91534253
v 0.64051714 30.86755764 33.45239929
v 0.75845493 30.53781552 33.00706233
v 0.77382337 30.93622528 34.69308565
v 0.86100368 30.71025172 34.24319506
v 0.85206538 30.89992151 35.69664573
v 0.92700921 30.72612971 35.31887286
v 0.90623673 30.84203695 36.58856388
v 0.96152613 30.68247063 36.30832088
v 0.94418887 30.73803742 37.48793472
v 0.98053629 30.61576338 37.27612469
v 0.96310168 30.60151975 38.43630861
v 0.99191566 30.54241500 38.25088166
v 0.96903527 30.52153195 39.41416495
v 0.99751994 30.48625217 39.23737905
v 0.97020976 30.48657733 40.40781823
v 0.99947372 30.45684847 40.23187879
v 0.97026478 30.47436343 41.40634354
v 0.99995332 30.44506670 41.23010004
v 0.97017292 30.47059487 42.40450769
v 1.00003568 30.44104722 42.22841442
v 0.96996000 30.46855512 43.39685214
v 0.99995086 30.43879630 43.22204622
v 0.96942821 30.46528865 44.36956853
v 0.99930147 30.43476537 44.19890136
v 0.96877744 30.45981402 45.28948497
v 0.99710871 30.42671793 45.12953685
v 0.96958588 30.45342701 46.09352480
v 0.99267209 30.41549639 45.95662554
v 0.97475946 30.44902079 46.69178477
v 0.98773454 30.40769746 46.59266304
v 0.98553930 30.44710906 46.99831232
v 0.98679340 30.41318840 46.94553249
v 0.99939681 30.42843640 47.05084530
v 0.66126974 30.41354827 30.07380600
v 0.77718305 30.53786593 30.07285114
v 0.58977040 31.40612871 33.08291224
v 0.67386908 31.42088121 34.26970230
v 0.76576623 31.39940387 35.32880215
v 0.83986402 31.24454420 36.10401547
v 0.91736953 31.25481278 36.79648493
v 0.96107493 30.86779245 37.67490657
v 0.97085989 30.66504206 38.61160614
v 0.97143983 30.57579238 39.59542702
v 0.97074133 30.54296605 40.59284799
v 0.97034089 30.53284951 41.59249496
v 0.97021664 30.52996675 42.59045841
v 0.97029811 30.52833549 43.58103681
v 0.97099765 30.52551619 44.54797174
v 0.97359223 30.51991263 45.45270442
v 0.97985991 30.50977693 46.22435720
v 0.99007338 30.49298990 46.76578731
v 1.00121779 30.46705346 47.00139548
v 0.65780830 30.68967755 30.23756551
v 0.70869195 31.02014802 30.73880896
v 0.70933773 31.35128854 31.34002294
v 0.84040059 31.30717646 31.13382172
v 0.67990292 31.58840647 32.18342760
v 0.70262660 31.95668750 33.20030711
v 0.69230166 32.02243486 34.06566628
v 0.73634823 32.08898272 35.12674273
v 0.84756180 32.10046226 36.22310639
v 0.99175520 31.99631101 36.62473242
v 1.01491425 31.26601132 36.96965512
v 1.01264961 30.84464385 37.78964511
v 1.00585684 30.66150815 38.76813772
v 1.00203028 30.59161768 39.76748197
v 1.00055056 30.56828247 40.76874919
v 1.00014657 30.56151988 41.76891040
v 1.00020061 30.55951466 42.76622224
v 1.00079840 30.55778810 43.75412054
v 1.00261381 30.55355502 44.71282334
v 1.00635849 30.54323527 45.59696516
v 1.01121820 30.52308643 46.32499833
v 1.01356656 30.49496303 46.77317501
v 0.82522868 31.54675787 31.61841826
v 0.89859002 31.80291908 32.18081041
v 0.96930387 32.12024070 32.77954503
v 0.83022744 32.11501714 32.90311777
v 0.82019125 32.47518189 33.87773452
v 0.78465535 32.70897392 34.94349711
v 0.81102078 32.94393893 36.02847225
v 0.96316045 32.74447784 36.80933297
v 0.89796159 33.33823194 37.06733953
v 1.00890971 33.41592877 37.31087960
v 0.93516887 32.40584196 33.35244552
v 0.97926360 32.71253344 34.02086761
v 1.01630273 33.07647057 34.70833964
v 0.90042326 33.04011315 34.77627870
v 0.87874880 33.49322038 35.86280921
v 0.86166462 33.87976182 37.00260334
v 0.98845366 34.02702373 37.97540675
v 0.90065442 34.34113049 38.13732093
v 0.93435365 34.89553617 39.20566442
v 0.97527239 34.51098264 38.68445439
v 1.01106390 34.87058490 39.28819746
v 0.97372923 33.40667566 35.32288630
v 1.00106454 33.80868106 36.06306878
v 1.02776600 34.28495152 36.78647859
v 0.92875706 34.32630099 36.97707551
v 0.88266338 34.71283347 37.97162807
v 0.88308351 35.11366602 39.02241961
v 0.99205847 35.25560851 39.93680887
v 0.91449028 35.49558202 40.06804885
v 0.94255252 35.88951394 40.91977582
v 0.97386923 35.58337770 40.54260995
v 0.99887016 35.84037924 40.99026317
v 0.99589507 34.71440576 37.35470343
v 1.01132859 35.04602740 37.83691064
v 0.93995324 34.99473649 37.87711188
v 0.91350250 35.43030954 38.82784414
v 0.89200718 35.78651517 39.85772020
v 0.90522706 36.10617259 40.76961420
v 0.98490174 36.10328034 41.33297046
v 0.94781758 36.36531267 41.47008263
v 1.00102801 36.36896223 41.63065538
v 0.97910077 35.34946569 38.35714468
v 0.99822067 35.68077615 38.99617222
v 1.01801331 36.04031237 39.64563087
v 0.94440509 36.00963631 39.70338681
v 0.93203350 36.38961578 40.61490989
v 0.93109389 36.62510486 41.37376233
v 0.98788011 36.61394256 41.84106804
v 0.96401316 36.77878935 41.83718128
v 1.00480751 36.82136619 41.97175651
v 0.98879220 36.32913758 40.19894083
v 1.00885730 36.59968631 40.78933170
v 1.02561539 36.85454889 41.31734689
v 0.96983747 36.82733667 41.32235569
v 0.97130270 36.95862891 41.76910631
v 0.99620319 36.97081314 41.97531841
v 1.00482534 37.01082027 41.65972870
v 1.01326709 37.03317135 41.87414339
v 0.96112933 30.22639793 30.56641612
v 0.96507407 30.12345675 31.06058086
v 0.90666373 30.50198271 30.28764381
v 1.02388337 30.63796227 30.78622776
v 1.06600870 30.56451472 31.26374098
v 1.02337655 30.50821581 31.93670088
v 1.00033981 30.70204008 32.97841032
v 1.01195465 30.81969491 34.04304490
v 1.03649936 30.82501674 35.06462189
v 1.04195187 30.76636890 36.04668540
v 1.03538356 30.67132038 37.05744642
v 1.03036342 30.57041617 38.07164450
v 1.02935191 30.51334957 39.07405412
v 1.02955078 30.48595872 40.07377256
v 1.02976589 30.47493430 41.07327738
v 1.02990030 30.47108721 42.07210094
v 1.03007980 30.46907557 43.06698095
v 1.03019276 30.46530734 44.04753377
v 1.02929729 30.45620514 44.98710469
v 1.02519149 30.43945523 45.83235087
v 1.01585084 30.41880332 46.50229954
v 1.00412703 30.40728192 46.88978197
v 0.81081176 30.75693756 30.32110720
v 0.92979061 30.97378536 30.80131800
v 1.06652089 31.07015412 31.41391089
v 1.12478141 31.12807509 32.15288485
v 1.14376664 31.20433435 33.03987544
v 1.14785355 31.28098463 34.03028690
v 1.13471064 31.25045002 35.01889135
v 1.10780164 31.07561620 35.80895550
v 1.07062614 30.98415814 36.81230526
v 1.04321900 30.70190139 37.90178123
v 1.03379947 30.59158494 38.91942744
v 1.03078526 30.54981525 39.92443158
v 1.03001882 30.53545509 40.92588291
v 1.02992953 30.53102167 41.92553727
v 1.03016616 30.52928436 42.92172512
v 1.03088450 30.52663746 43.90608335
v 1.03211223 30.51948161 44.85502476
v 1.03261714 30.50345991 45.71802025
v 1.02896641 30.47710120 46.41397964
v 1.01675254 30.44736075 46.87175735
v 0.96204346 31.43576269 31.51925817
v 1.06177383 31.69959706 32.31835295
v 1.15005769 31.82982396 33.16288374
v 1.19019915 31.94776018 34.09922878
v 1.19010830 31.97084147 35.07781104
v 1.11800048 31.77578777 36.14819924
v 1.05523905 32.28306387 33.28626930
v 1.11515312 32.60421074 34.22537270
v 1.17174618 32.75469540 35.15203641
v 1.16319311 32.84612613 36.08017339
v 1.08289765 32.95511284 36.84046679
v 1.07950119 33.28216192 35.27057341
v 1.11251113 33.67815441 36.24298539
v 1.13078331 33.84539058 37.07631900
v 1.08896037 34.09122974 37.86126833
v 1.05521038 34.61133743 38.76365222
v 1.07810684 34.57037013 37.37230593
v 1.11404115 34.76641246 38.11261922
v 1.11145899 35.03697941 38.94425392
v 1.07629589 35.29810939 39.76388505
v 1.04032634 35.65556148 40.58138503
v 1.05481996 35.23492476 38.29565897
v 1.08347883 35.59465828 39.15788486
v 1.10635998 35.80260875 39.95630818
v 1.09061884 35.99992596 40.70058954
v 1.04338060 36.15230005 41.27887833
v 1.05907622 36.21205505 40.12946029
v 1.07538474 36.47985443 40.89605635
v 1.07200565 36.54371550 41.43088848
v 1.03314869 36.59464550 41.77094609
v 1.04836078 36.88608973 41.59141798
v 1.03654493 36.87817174 41.87260022
v 3.08435924 1.03767874 25.85067230
v 3.45380809 0.71535423 25.69140510
v 3.25475153 0.96589034 25.09635253
v 3.05615905 0.92245387 26.90468994
v 3.38604229 0.63975960 26.53901528
v 3.03873017 0.87151862 27.89647312
v 3.35562892 0.57989549 27.49854670
v 3.03058730 0.85110567 28.89001371
v 3.34099865 0.55066689 28.48343929
v 3.02766508 0.84462640 29.88783293
v 3.33504371 0.53958679 29.47852988
v 3.02665537 0.84320560 30.88778700
v 3.33311855 0.53631348 30.47737785
v 3.02602396 0.84295279 31.88847422
v 3.33257745 0.53556892 31.47732451
v 3.02544533 0.84280154 32.88905732
v 3.33234411 0.53542186 32.47744352
v 3.02477747 0.84283513 33.88888942
v 3.33197923 0.53544838 33.47723962
v 3.02336585 0.84365347 34.88650327
v 3.33075822 0.53588607 34.47556157
v 3.02005722 0.84696283 35.87738372
v 3.32683532 0.53783861 35.46851912
v 3.01498178 0.85684634 36.85087757
v 3.31713564 0.54439313 36.44541263
v 3.01483116 0.88059169 37.78853372
v 3.29996463 0.56230438 37.38288487
v 3.04154399 0.92710340 38.66906749
v 3.28123824 0.60385802 38.23759014
v 3.14866328 0.99905929 39.50606500
v 3.27776914 0.68729110 38.91832133
v 3.45453175 0.79539079 39.50478695
v 3.06995815 1.95179068 22.83651148
v 3.44517347 1.62194527 22.69180843
v 3.25010423 1.92337901 22.09301741
v 3.01655096 1.72647193 23.87052907
v 3.35666346 1.43007970 23.51009891
v 2.96465594 1.51490446 24.90980968
v 3.28821964 1.18854257 24.37437456
v 2.81839336 1.65404463 25.74716579
v 2.81735850 1.52128257 26.53657356
v 2.80542761 1.45556889 27.49269833
v 2.79843789 1.42625011 28.47700837
v 2.79614651 1.41633231 29.47092495
v 2.79533711 1.41493774 30.47005982
v 2.79390916 1.41529797 31.47213887
v 2.79194978 1.41498797 32.47478160
v 2.79034822 1.41441106 33.47643298
v 2.78926148 1.41432028 34.47653634
v 2.78816657 1.41543810 35.47399819
v 2.78722358 1.41955643 36.46536521
v 2.79034414 1.43039925 37.44456704
v 2.81027970 1.45317508 38.40832773
v 2.87265659 1.49201528 39.37736325
v 3.36408677 1.10011144 40.28387403
v 3.00930570 1.54535433 40.45663132
v 3.03979040 1.79624465 41.56788754
v 3.29783127 1.39042425 41.14686538
v 3.14782844 1.94893611 42.47259008
v 3.28240855 1.59093040 41.87415576
v 3.45710586 1.74750189 42.48889164
v 3.07881916 2.96837779 19.84112722
v 3.45498094 2.63756063 19.70373773
v 3.26837095 2.95690376 19.11045692
v 3.01851178 2.72504189 20.87069353
v 3.36050851 2.43192698 20.51365557
v 2.96149782 2.49219931 21.90579988
v 3.28805205 2.17383455 21.37470384
v 2.81059176 2.61718973 22.73963864
v 2.79783736 2.44487606 23.52219058
v 2.76142210 2.32220731 24.47325531
v 2.70740016 2.28169672 25.41980438
v 2.66610543 2.26627514 26.32739606
v 2.65488898 2.22062949 27.25568349
v 2.65181457 2.19014017 28.22401608
v 2.65372355 2.17759866 29.20761461
v 2.65631079 2.17888409 30.20154700
v 2.65476526 2.18373202 31.20544267
v 2.64894821 2.18435965 32.21379544
v 2.64303935 2.18224555 33.22039506
v 2.63957302 2.18069748 34.22354999
v 2.63807328 2.18038593 35.22408515
v 2.63771190 2.18154939 36.22219592
v 2.63961318 2.18546958 37.21679928
v 2.64918759 2.19478392 38.20792819
v 2.67721361 2.21337050 39.20373374
v 2.73295506 2.24872874 40.22834983
v 2.79376654 2.33100323 41.28301884
v 2.86760263 2.43875063 42.32821615
v 3.36237060 2.08234178 43.27090914
v 3.00708010 2.53059551 43.43701415
v 3.03715324 2.80102894 44.54149129
v 3.29271445 2.38889557 44.12971944
v 3.14246176 2.96725567 45.40624858
v 3.27333433 2.59918294 44.83979529
v 3.43635502 2.76241532 45.42086228
v 3.06161848 3.87338694 17.82029712
v 3.43641369 3.51052602 17.67565669
v 3.26229801 3.89557864 17.09883831
v 2.98254058 3.54452777 18.91222553
v 3.32329068 3.23880364 18.41746650
v 2.82024113 3.63812869 19.74254082
v 2.80190132 3.45161941 20.52285586
v 2.76171490 3.31879553 21.47215147
v 2.70455873 3.26953232 22.41708406
v 2.65755774 3.24150135 23.32257790
v 2.63391031 3.17707233 24.24819725
v 2.60891578 3.13350133 25.20808455
v 2.58587337 3.11302935 26.16785647
v 2.57489710 3.09331814 27.12547768
v 2.57747538 3.06825347 28.09038624
v 2.58833842 3.04865082 29.05832523
v 2.60243476 3.05219378 30.03322548
v 2.60782746 3.07474419 31.03326474
v 2.59531390 3.08398438 32.05462039
v 2.57623305 3.07756751 33.07530612
v 2.56384464 3.07183448 34.08623782
v 2.55845190 3.06933336 35.09036144
v 2.55680169 3.06887456 36.09120154
v 2.55715990 3.06982172 37.09039476
v 2.56060248 3.07280887 38.08885290
v 2.57108261 3.07968345 39.08949588
v 2.59316055 3.09421486 40.09942451
v 2.62586062 3.12425553 41.12370294
v 2.66884186 3.17213428 42.15821427
v 2.73060603 3.23275075 43.20782069
v 2.79443421 3.33120506 44.26581425
v 2.87385357 3.45319720 45.28716670
v 3.33931764 3.11355098 46.11509357
v 3.02984453 3.56697346 46.31353028
v 3.14156553 3.87064473 47.32512283
v 3.28594306 3.43630806 46.77468921
v 3.44007217 3.67390210 47.38422567
v 3.08036156 4.90486662 15.82020825
v 3.45484653 4.52971064 15.70852498
v 3.29696328 4.94672815 15.14563257
v 2.98614709 4.51944840 16.89870396
v 3.32989031 4.22281318 16.42164783
v 2.81894712 4.59675846 17.72116150
v 2.78690353 4.39190058 18.50554332
v 2.72003686 4.30009373 19.42387322
v 2.66477642 4.25267844 20.32315203
v 2.63633016 4.17959098 21.24764038
v 2.60842273 4.13151901 22.20725605
v 2.58170982 4.10765162 23.16699579
v 2.56272329 4.08530573 24.12603081
v 2.54998139 4.06156006 25.09642417
v 2.54028873 4.04533658 26.07553573
v 2.53769047 4.03179953 27.05543656
v 2.54856806 4.01097996 28.03203618
v 2.57518940 3.97826207 28.99421054
v 2.60862170 3.94717443 29.92305809
v 2.64616881 4.00986190 30.88262467
v 2.63775405 4.07422245 31.92644923
v 2.58280107 4.05215069 32.98554745
v 2.54479951 4.03406840 34.01553566
v 2.52749250 4.02590601 35.02728963
v 2.52154807 4.02327759 36.03099293
v 2.52017825 4.02283340 37.03179222
v 2.52090948 4.02338891 38.03177019
v 2.52420367 4.02518623 39.03226969
v 2.53185698 4.02962956 40.03552619
v 2.54505123 4.03946321 41.04429020
v 2.56430005 4.05710543 42.05990965
v 2.59151258 4.08329514 43.08337161
v 2.62706376 4.12276003 44.11361302
v 2.67539057 4.17964592 45.14227929
v 2.75407106 4.25473162 46.16960834
v 2.86497155 4.37888215 47.20119680
v 3.33358498 4.07524004 48.05895205
v 3.03341250 4.54061386 48.24413514
v 3.15719157 4.87331151 49.19414112
v 3.27901735 4.42782267 48.68663625
v 3.42019650 4.67439485 49.22897540
v 3.01815759 5.64866702 14.85907922
v 3.39508600 5.25650432 14.58020007
v 3.23651609 5.73861256 14.08724674
v 2.83597817 5.64259448 15.71913185
v 2.80270427 5.39447386 16.48790918
v 2.73789991 5.27916203 17.38912310
v 2.68116427 5.22652958 18.28435260
v 2.64040385 5.16094429 19.20909024
v 2.59962856 5.12099850 20.16272983
v 2.57026104 5.08992104 21.12321113
v 2.55180297 5.06258004 22.09520340
v 2.53788336 5.04571779 23.07520791
v 2.52740782 5.03523573 24.05701218
v 2.52057783 5.02579941 25.04173904
v 2.51716736 5.01723375 26.03098051
v 2.51990082 5.00826137 27.02288167
v 2.53742025 4.99116326 28.01368975
v 2.58262720 4.95254195 28.99284003
v 2.65762661 4.87639086 29.92269368
v 2.70866505 4.75338234 30.68027067
v 2.84149864 5.21046077 31.72266795
v 2.67540204 5.08780625 32.90660456
v 2.57327741 5.03708569 33.97393206
v 2.52801552 5.01597590 34.99847545
v 2.51177259 5.00872400 36.00661863
v 2.50713539 5.00675206 37.00889878
v 2.50641481 5.00628933 38.00933786
v 2.50743430 5.00614423 39.00923785
v 2.51037129 5.00646177 40.00910512
v 2.51587298 5.00868911 41.00986362
v 2.52403306 5.01478755 42.01345861
v 2.53464437 5.02521716 43.02212084
v 2.54836580 5.03995749 44.03638180
v 2.56869577 5.06124905 45.05409827
v 2.60391928 5.09379349 46.07398428
v 2.66379843 5.14828669 47.09789652
v 2.76004539 5.23752758 48.12571624
v 2.89701941 5.38605134 49.13620895
v 3.33661850 5.05477834 49.73799092
v 3.12104985 5.57073945 50.09928066
v 3.45699892 5.44879650 50.33273956
v 3.07961253 6.88871700 12.83104935
v 3.45896530 6.49674623 12.72447853
v 3.30890056 6.95495671 12.16191038
v 2.96577429 6.44013815 13.91068715
v 3.32128355 6.13588615 13.42776594
v 2.78863955 6.51941794 14.72624455
v 2.74243808 6.33817358 15.45077103
v 2.69519747 6.22546168 16.28133832
v 2.67701602 6.12843085 17.14928166
v 2.65995467 6.09313053 18.07564562
v 2.63123166 6.07776610 19.04846314
v 2.58952965 6.05786422 20.04585911
v 2.55181052 6.04082269 21.04380065
v 2.52903176 6.02769676 22.03700032
v 2.51740743 6.01857379 23.02942537
v 2.51121535 6.01316337 24.02242789
v 2.50777689 6.00946848 25.01625929
v 2.50667542 6.00601793 26.01172997
v 2.51024576 6.00126462 27.00936548
v 2.52707947 5.98985861 28.00945333
v 2.57714673 5.95877665 29.01142024
v 2.69368675 5.88454251 30.00678804
v 2.89054810 5.72265314 30.94283083
v 3.18628088 5.94064313 31.55608402
v 3.24638152 5.98240654 31.99717443
v 3.27894175 6.41006270 32.42360416
v 2.88003943 6.14601431 32.86772455
v 2.64142726 6.06280761 33.95550540
v 2.54908089 6.02259056 34.98639376
v 2.51530044 6.00734323 35.99755073
v 2.50481206 6.00270808 37.00115868
v 2.50239482 6.00135927 38.00207208
v 2.50281916 6.00027114 39.00188908
v 2.50531533 5.99828668 40.00033818
v 2.51041199 5.99605947 40.99620480
v 2.51793539 5.99757815 41.99053036
v 2.52531229 6.00563115 42.98882283
v 2.52914206 6.01541433 43.99530919
v 2.53117722 6.02254668 45.00769114
v 2.53913206 6.03134955 46.02180528
v 2.56136246 6.04987365 47.03713044
v 2.60638887 6.08672876 48.05542437
v 2.68576887 6.15433005 49.07549079
v 2.81944468 6.26602206 50.09721870
v 3.32976418 5.94796657 50.98789179
v 3.02054618 6.45464998 51.16129992
v 3.15205855 6.85143754 52.11953004
v 3.27122767 6.37482103 51.63270731
v 3.40751783 6.65495275 52.17251823
v 3.03819909 7.70179295 11.87064023
v 3.41962803 7.29169828 11.62126452
v 3.28397694 7.81533380 11.14624791
v 2.83238623 7.66329711 12.73724671
v 2.78472171 7.38864089 13.51576930
v 2.70967879 7.25256708 14.42054997
v 2.65802820 7.18480002 15.28973391
v 2.64956479 7.08536609 16.14483953
v 2.66342310 6.98615742 16.98842008
v 2.70049960 6.97218869 17.86531599
v 2.71636146 7.02191093 18.86066097
v 2.66073402 7.03225832 19.92866930
v 2.58287269 7.02186694 20.98068098
v 2.53523535 7.01287168 22.00178050
v 2.51380376 7.00747840 23.00717008
v 2.50577188 7.00462554 24.00699707
v 2.50297977 7.00308233 25.00542456
v 2.50238372 7.00186407 26.00400458
v 2.50461813 6.99985042 27.00375976
v 2.51539586 6.99384809 28.00654659
v 2.55102561 6.97508115 29.01708371
v 2.64938044 6.92592711 30.04714875
v 2.90681110 6.82352018 31.13252763
v 3.35397065 6.53073750 31.57131748
v 2.89532709 7.23065112 33.05610349
v 3.29121884 6.90815844 32.42516218
v 2.68749292 7.09791055 33.99576346
v 2.57278589 7.03676260 34.99293604
v 2.52382277 7.01154985 35.99671714
v 2.50665129 7.00301781 36.99919736
v 2.50199749 7.00045745 38.00019495
v 2.50201325 6.99877005 39.00036852
v 2.50540816 6.99511813 39.99925241
v 2.51383286 6.98778895 40.99372078
v 2.52804183 6.97997690 41.97792943
v 2.54545725 6.98874963 42.95889857
v 2.55375808 7.01303061 43.95642629
v 2.54351582 7.02360918 44.97204315
v 2.52839942 7.01920294 45.99103676
v 2.52476121 7.01821875 47.00592623
v 2.53721474 7.02755979 48.01821094
v 2.57071166 7.05262781 49.03175752
v 2.63652370 7.10334900 50.04944352
v 2.74816334 7.19919358 51.07211143
v 2.90248595 7.37099091 52.06234442
v 3.32294858 7.05262983 52.63796603
v 3.13313089 7.57394973 52.94003719
v 3.42594869 7.44992054 53.14157689
v 3.02246292 8.63190854 10.87397334
v 3.40960350 8.20088979 10.62339550
v 3.27838063 8.76922892 10.15080677
v 2.80573522 8.60628659 11.73467128
v 2.73645433 8.38764688 12.47244194
v 2.66477883 8.26518432 13.33110737
v 2.62546350 8.15676246 14.23324159
v 2.60683332 8.08808807 15.16417196
v 2.62819220 8.01664024 16.08656489
v 2.69411522 7.89486456 16.95974673
v 2.75081468 7.70046205 17.64981065
v 2.91141713 7.96729068 18.53230495
v 2.88889158 8.04770585 19.74287378
v 2.68563767 8.02737571 20.91242199
v 2.57345750 8.01287571 21.97393412
v 2.52478842 8.00508210 22.99425696
v 2.50731405 8.00202559 24.00002774
v 2.50210292 8.00098400 25.00115188
v 2.50093505 8.00051469 26.00112558
v 2.50172071 7.99980606 27.00135273
v 2.50660991 7.99729774 28.00342488
v 2.52396118 7.98842607 29.01140465
v 2.57278969 7.96271628 30.03568929
v 2.68408877 7.90099326 31.10201036
v 3.31030267 6.98710814 32.00131267
v 2.86840626 7.75370958 32.28144331
v 2.71263995 8.22909361 33.32972974
v 2.65427867 8.11278740 34.08734468
v 2.57544270 8.04798979 35.01975354
v 2.52876826 8.01689314 36.00317982
v 2.50888444 8.00476693 37.00016374
v 2.50249327 8.00082413 38.00004958
v 2.50188147 7.99882502 39.00044879
v 2.50572649 7.99466947 40.00091835
v 2.51782174 7.98372843 40.99942401
v 2.54401532 7.96171164 41.98599034
v 2.58051785 7.93675953 42.93225462
v 2.62435265 7.99767731 43.89174283
v 2.61794423 8.06066889 44.91555936
v 2.56241784 8.03880838 45.95638803
v 2.52755572 8.01897582 46.98477061
v 2.51659107 8.01172790 47.99980753
v 2.52331873 8.01605954 49.00920105
v 2.54852840 8.03376690 50.01887585
v 2.60165300 8.07399604 51.03019382
v 2.69810177 8.15348171 52.03183777
v 2.86323676 8.28436866 52.99358522
v 3.32231563 7.91110531 53.57990788
v 3.12162625 8.48473882 53.88546881
v 3.42625286 8.37929358 54.11426764
v 3.01909541 9.60981874 9.87829956
v 3.40854647 9.17672989 9.62986620
v 3.27805528 9.75686766 9.15798014
v 2.79907432 9.58153733 10.73575059
v 2.72415269 9.35974729 11.47017383
v 2.64387754 9.25114188 12.31683593
v 2.59650988 9.15832792 13.20089997
v 2.56846256 9.09455625 14.13110895
v 2.56508153 9.04719827 15.08972245
v 2.60283521 9.00080536 16.06420757
v 2.71635341 8.91614854 17.03785850
v 2.92238015 8.68925477 17.93169899
v 3.23053891 8.78932790 18.55261709
v 3.32098200 8.54595633 19.10934607
v 3.18239293 8.71393637 19.94901698
v 3.24918767 9.31329156 20.38186884
v 2.87383486 9.06060239 20.86975898
v 2.64146910 9.03086256 21.96087913
v 2.54856102 9.01070747 22.98800372
v 2.51427959 9.00295739 23.99681503
v 2.50354700 9.00072393 24.99945813
v 2.50082863 9.00018931 26.00011131
v 2.50058968 8.99992602 27.00038057
v 2.50218726 8.99908991 28.00132331
v 2.50857990 8.99583803 29.00505912
v 2.52731367 8.98591369 30.01678261
v 2.56878881 8.96361166 31.04657432
v 2.62913931 8.93439116 32.10502447
v 2.63676794 8.99744630 33.14915600
v 2.59302778 9.06603264 34.11025920
v 2.55551885 9.04225709 35.04224915
v 2.52537872 9.01845717 36.01225658
v 2.50909248 9.00615586 37.00275450
v 2.50273983 9.00144973 38.00055899
v 2.50156832 8.99942306 39.00060625
v 2.50464171 8.99604927 40.00209114
v 2.51684589 8.98583270 41.00586587
v 2.55100330 8.95901934 42.01085652
v 2.62389467 8.89976488 42.99565284
v 2.68704993 8.77462899 43.76801662
v 2.83911903 9.21017473 44.79763784
v 2.65971413 9.09780607 45.89589583
v 2.56127196 9.04102875 46.96002623
v 2.52134947 9.01535725 47.98760489
v 2.51046247 9.00735389 48.99891801
v 2.51506590 9.00992345 50.00497299
v 2.53500085 9.02351074 51.01049227
v 2.58132015 9.05638721 52.01385201
v 2.67659162 9.12333861 53.00428455
v 2.85017670 9.24620688 53.96189092
v 3.31909972 8.87060884 54.55706165
v 3.11795304 9.45673052 54.86097154
v 3.42464229 9.35981349 55.09966274
v 3.02029616 10.59828089 8.89338111
v 3.40887217 10.16869713 8.64233990
v 3.27948897 10.74514201 8.18601631
v 2.79858242 10.57302990 9.74049342
v 2.72196708 10.34975978 10.47170358
v 2.63938540 10.24018124 11.31628043
v 2.58817266 10.14974802 12.19642275
v 2.55349236 10.09233030 13.11953204
v 2.53522159 10.05309615 14.07178700
v 2.53412712 10.02646716 15.04748684
v 2.56415465 10.00295495 16.04395961
v 2.66321978 9.96875456 17.07199137
v 2.92751318 9.91784566 18.18469309
v 3.37326004 9.59845433 18.63362377
v 2.89618541 10.26584059 21.10456628
v 3.28202350 10.03243071 20.45231825
v 2.68650575 10.08578309 22.01153622
v 2.57233917 10.02764168 22.99843415
v 2.52349649 10.00770505 23.99819054
v 2.50631101 10.00175712 24.99925295
v 2.50139873 10.00032175 25.99982084
v 2.50034710 10.00001638 27.00004712
v 2.50058769 9.99976252 28.00037889
v 2.50241011 9.99881001 29.00165650
v 2.50822053 9.99571216 30.00589804
v 2.52170742 9.98864320 31.01683358
v 2.54257336 9.97997380 32.03744867
v 2.55591929 9.98784513 33.05887952
v 2.54892761 10.01236343 34.05974028
v 2.53177191 10.02203033 35.03778124
v 2.51681915 10.01386626 36.01557735
v 2.50700978 10.00582258 37.00478009
v 2.50236314 10.00174907 38.00118109
v 2.50109372 9.99999278 39.00058115
v 2.50274860 9.99788879 40.00180401
v 2.51106943 9.99128971 41.00666209
v 2.53860852 9.97173600 42.02106221
v 2.61700029 9.92310269 43.06196664
v 2.83902207 9.81496912 44.21273509
v 3.27453818 9.87534269 44.83557725
v 3.27453895 9.88038998 45.05735908
v 3.27453142 10.12466331 45.16443358
v 2.83904037 10.18505218 45.78730253
v 2.61711012 10.07696035 46.93812231
v 2.53894563 10.02845710 47.97915693
v 2.51211305 10.00934201 48.99391102
v 2.50593822 10.00419862 49.99964060
v 2.51043631 10.00668485 51.00266658
v 2.52815844 10.01805863 52.00484883
v 2.57320820 10.04678824 53.00340234
v 2.67118921 10.10924015 53.98835953
v 2.85071123 10.22998591 54.93883026
v 3.31793439 9.85585513 55.53663924
v 3.12157946 10.43862408 55.82249483
v 3.42235477 10.34340215 56.06518494
v 3.02733530 11.56922959 7.95223565
v 3.40799382 11.15647060 7.69537821
v 3.28020354 11.71708339 7.29367513
v 2.80256264 11.56080601 8.76048845
v 2.72326494 11.34373981 9.47885340
v 2.63922965 11.23615939 10.31838299
v 2.58694427 11.14582744 11.19673335
v 2.55070512 11.08877613 12.11836550
v 2.52881370 11.05128145 13.06779343
v 2.51704025 11.02838722 14.03807348
v 2.51523956 11.01415962 15.02347274
v 2.53003987 11.00359120 16.02349157
v 2.58088598 10.99051697 17.04726256
v 2.70230126 10.97020912 18.12484453
v 3.32428544 10.29385962 19.23561393
v 2.91497330 10.94662668 19.33007791
v 2.90977753 11.00340524 20.52212777
v 3.30132719 10.44832883 19.99207583
v 2.72697936 11.30506413 21.41311673
v 2.65753411 11.13320359 22.11892610
v 2.57574646 11.04877749 23.03030238
v 2.52863827 11.01525163 24.00630355
v 2.50873500 11.00393441 25.00089301
v 2.50214957 11.00081186 26.00003123
v 2.50043939 11.00012441 26.99999079
v 2.50017487 10.99996505 28.00007726
v 2.50053958 10.99972820 29.00041262
v 2.50199081 10.99893134 30.00161180
v 2.50568411 10.99697273 31.00491783
v 2.51209562 10.99423308 32.01154351
v 2.51830875 10.99441749 33.01994974
v 2.51940210 11.00030077 34.02425321
v 2.51487523 11.00642568 35.02019217
v 2.50879112 11.00685954 36.01149276
v 2.50416445 11.00389455 37.00461506
v 2.50158334 11.00148805 38.00140235
v 2.50064850 11.00026788 39.00048425
v 2.50121414 10.99918781 40.00097344
v 2.50515378 10.99602123 41.00392602
v 2.51935403 10.98589552 42.01370145
v 2.56050275 10.95945616 43.04058345
v 2.65939957 10.90239364 44.10439885
v 3.27453065 10.11961602 44.94265175
v 2.83901372 10.78989180 45.20247525
v 2.68697911 11.22541144 46.23206296
v 2.62388427 11.10024537 47.00437024
v 2.55105653 11.04099198 47.98913842
v 2.51703584 11.01425369 48.99415096
v 2.50522995 11.00437376 49.99808874
v 2.50340649 11.00233440 51.00005884
v 2.50845480 11.00514011 52.00123385
v 2.52624973 11.01551885 53.00138379
v 2.57351418 11.04248040 53.99630968
v 2.67784917 11.10192567 54.97232577
v 2.86643522 11.21389086 55.89689368
v 3.31908455 10.83180606 56.47122919
v 3.13811345 11.39689374 56.71217032
v 3.41998610 11.30575650 56.94320242
v 3.04968175 12.45364420 7.15153631
v 3.39179174 12.16726788 6.86107253
v 3.23694970 12.79394185 6.56861838
v 2.82270662 12.52374522 7.81923423
v 2.73291324 12.32785538 8.50327073
v 2.64325147 12.22988478 9.32664206
v 2.58827374 12.14328377 10.19913766
v 2.55082785 12.08732252 11.11890260
v 2.52814841 12.05007684 12.06760219
v 2.51484608 12.02755697 13.03683044
v 2.50790444 12.01442579 14.01932537
v 2.50595020 12.00706240 15.01081388
v 2.51107793 12.00252603 16.01008901
v 2.53102934 11.99808344 17.02113943
v 2.57844256 11.99153205 18.05578113
v 2.65490748 11.98555068 19.13034935
v 2.69940601 12.00165293 20.21910622
v 2.66236169 12.07064114 21.23471962
v 2.60138220 12.09723405 22.14866070
v 2.55761125 12.05157474 23.05674853
v 2.52570742 12.01998712 24.01686403
v 2.50906860 12.00611177 25.00396394
v 2.50254499 12.00148079 26.00070861
v 2.50056862 12.00027984 27.00008962
v 2.50011573 12.00003254 28.00001949
v 2.50010548 11.99995439 29.00007890
v 2.50038597 11.99978339 30.00034426
v 2.50121297 11.99932448 31.00115189
v 2.50285188 11.99856195 32.00294241
v 2.50488975 11.99818910 33.00562359
v 2.50604819 11.99921923 34.00786115
v 2.50545489 12.00117809 35.00790694
v 2.50369965 12.00224155 36.00567827
v 2.50196046 12.00181492 37.00292025
v 2.50083311 12.00090215 38.00109946
v 2.50032911 12.00027085 39.00035936
v 2.50042054 11.99979488 40.00039528
v 2.50179216 11.99861561 41.00158548
v 2.50721085 11.99463291 42.00597989
v 2.52342172 11.98384921 43.01833174
v 2.56050282 11.96250893 44.04531469
v 2.61699965 11.93997033 45.08538631
v 2.62387298 12.00262750 46.10876614
v 2.58029766 12.06335373 47.06797054
v 2.54398116 12.03827968 48.01399952
v 2.51795345 12.01622744 49.00035067
v 2.50600235 12.00540482 49.99871738
v 2.50221485 12.00172884 50.99921096
v 2.50265265 12.00158897 51.99982609
v 2.50849725 12.00466383 53.00020279
v 2.52843381 12.01478816 53.99874401
v 2.58247686 12.04092271 54.98843755
v 2.70191849 12.09608226 55.94740698
v 2.91344770 12.18627423 56.81825830
v 3.32733939 11.76896304 57.26905926
v 3.18227607 12.25693795 57.42470754
v 3.41674721 12.22182510 57.61578585
v 2.96278465 13.54914467 6.66836959
v 3.30641128 13.43288025 6.14013252
v 2.77968088 13.31083967 7.51753344
v 2.66485469 13.21784970 8.33799540
v 2.59874651 13.13779828 9.20244916
v 2.55551829 13.08543491 10.11909095
v 2.52988353 13.04942134 11.06733030
v 2.51522771 13.02719034 12.03662457
v 2.50743047 13.01414858 13.01894218
v 2.50355541 13.00700662 14.00935588
v 2.50214140 13.00328196 15.00470466
v 2.50332455 13.00133353 16.00366894
v 2.50954996 12.99992957 17.00729591
v 2.52540139 12.99811924 18.01974887
v 2.55258366 12.99642155 19.04641979
v 2.57782899 13.00017345 20.08284332
v 2.57966654 13.01741083 21.10472668
v 2.55900323 13.03543603 22.08991046
v 2.53511251 13.03243074 23.05168044
v 2.51766388 13.01712351 24.02064090
v 2.50714833 13.00650648 25.00626464
v 2.50229620 13.00188785 26.00147175
v 2.50058232 13.00042311 27.00026422
v 2.50011745 13.00007183 28.00003661
v 2.50003006 13.00000227 29.00001470
v 2.50006067 12.99996556 30.00005729
v 2.50020764 12.99987661 31.00021358
v 2.50054574 12.99970193 32.00060478
v 2.50105704 12.99954136 33.00128772
v 2.50150106 12.99964211 34.00204214
v 2.50157103 13.00007705 35.00239302
v 2.50123054 13.00051007 36.00206049
v 2.50073860 13.00059314 37.00129953
v 2.50034897 13.00039027 38.00060187
v 2.50014110 13.00016094 39.00021715
v 2.50012099 12.99998315 40.00013905
v 2.50047892 12.99963092 41.00047614
v 2.50208234 12.99839614 42.00195025
v 2.50720900 12.99482273 43.00641340
v 2.51935246 12.98757004 44.01655801
v 2.53861072 12.98002136 45.03264654
v 2.55101299 12.98892300 46.04640258
v 2.54397693 13.01222166 47.04268588
v 2.52742559 13.02033261 48.02270108
v 2.51393849 13.01211481 49.00600290
v 2.50613959 13.00479548 49.99964470
v 2.50301075 13.00165061 50.99807212
v 2.50221731 13.00105693 51.99822048
v 2.50343015 13.00178128 52.99891333
v 2.51057872 13.00506422 53.99910026
v 2.53563737 13.01570070 54.99570253
v 2.60390132 13.04307800 55.97833443
v 2.75482885 13.10042612 56.92112305
v 3.03956377 13.19965687 57.79092843
v 3.40136650 12.92806984 58.01536031
v 3.03276295 14.48719614 5.88275619
v 3.44449350 14.03953782 5.64309640
v 3.29748468 14.66303674 5.26263432
v 2.79522295 14.50376095 6.64216309
v 2.71543329 14.25542150 7.33012833
v 2.63507554 14.13863439 8.18776777
v 2.58056195 14.08399868 9.10396107
v 2.54486083 14.04958366 10.05750348
v 2.52228159 14.02743181 11.03218820
v 2.50998999 14.01418161 12.01741143
v 2.50416221 14.00695105 13.00887297
v 2.50168512 14.00323644 14.00422392
v 2.50077387 14.00143252 15.00194819
v 2.50084584 14.00058923 16.00119848
v 2.50237144 14.00013984 17.00202179
v 2.50677445 13.99970207 18.00563874
v 2.51519069 13.99925733 19.01399540
v 2.52523132 13.99995985 20.02695019
v 2.53036087 14.00403691 21.03855018
v 2.52673282 14.01040023 22.03992600
v 2.51799322 14.01307959 23.02950922
v 2.50979895 14.00975127 24.01556759
v 2.50440888 14.00478827 25.00599460
v 2.50160055 14.00170361 26.00174690
v 2.50046074 14.00045596 27.00038930
v 2.50010398 14.00009254 28.00006596
v 2.50001932 14.00001341 29.00000951
v 2.50000931 13.99999709 30.00000800
v 2.50002821 13.99998207 31.00003093
v 2.50008327 13.99995003 32.00009835
v 2.50018262 13.99990834 33.00023504
v 2.50029582 13.99990077 34.00042138
v 2.50035586 13.99996807 35.00056604
v 2.50032093 14.00007643 36.00056873
v 2.50021995 14.00013892 37.00042623
v 2.50011664 14.00012103 38.00023756
v 2.50005016 14.00006540 39.00010001
v 2.50003075 14.00001241 40.00004687
v 2.50009974 13.99992622 41.00011067
v 2.50047111 13.99962166 42.00048801
v 2.50177819 13.99865577 43.00176449
v 2.50513676 13.99650386 44.00494554
v 2.51105932 13.99379907 45.01058631
v 2.51687041 13.99420823 46.01681848
v 2.51793302 13.99990433 47.01887400
v 2.51393653 14.00519470 48.01391728
v 2.50914960 14.00467803 49.00535354
v 2.50660044 14.00149826 49.99822752
v 2.50613965 14.00035127 50.99429321
v 2.50600329 14.00135367 51.99349417
v 2.50523841 14.00235926 52.99502627
v 2.50599300 14.00306859 53.99712141
v 2.51533211 14.00649308 54.99744260
v 2.54950878 14.01896257 55.99085165
v 2.63916779 14.05194790 56.96244439
v 2.82346360 14.12677579 57.87964770
v 3.28987415 13.64480226 58.45918213
v 3.11067736 14.30252182 58.69430720
v 3.40827562 14.21271263 58.93971229
v 3.05979313 15.41499249 5.14640281
v 3.40359906 15.14051655 4.85850724
v 3.24434645 15.76705870 4.60193122
v 2.83504187 15.47778193 5.78499591
v 2.74919308 15.27193773 6.42840693
v 2.66951758 15.16371781 7.20755428
v 2.63011775 15.07836193 8.05833519
v 2.60027961 15.04831135 8.99889435
v 2.56666538 15.03230541 9.99278653
v 2.53465819 15.01648588 10.99970356
v 2.51444686 15.00750691 12.00262017
v 2.50498162 15.00326450 13.00241836
v 2.50148535 15.00139204 14.00144796
v 2.50042712 15.00057788 15.00070640
v 2.50021743 15.00022944 16.00036598
v 2.50047823 15.00007747 17.00046327
v 2.50146583 14.99997806 18.00129353
v 2.50361887 14.99987888 19.00346310
v 2.50672439 14.99997715 20.00729189
v 2.50926904 15.00081492 21.01166287
v 2.50949799 15.00254211 22.01395593
v 2.50736837 15.00400568 23.01236747
v 2.50447182 15.00387486 24.00806905
v 2.50219544 15.00247375 25.00387913
v 2.50088094 15.00109891 26.00138805
v 2.50028425 15.00035588 27.00037504
v 2.50007234 15.00008582 28.00007673
v 2.50001434 15.00001540 29.00001187
v 2.50000275 15.00000162 30.00000202
v 2.50000315 14.99999813 31.00000353
v 2.50000996 14.99999339 32.00001243
v 2.50002483 14.99998567 33.00003360
v 2.50004584 14.99998029 34.00006816
v 2.50006305 14.99998646 35.00010423
v 2.50006519 15.00000507 36.00012044
v 2.50005111 15.00002296 37.00010514
v 2.50003071 15.00002711 38.00006913
v 2.50001448 15.00001884 39.00003425
v 2.50000720 15.00000710 40.00001487
v 2.50001638 14.99998975 41.00002081
v 2.50008330 14.99993014 42.00009409
v 2.50034936 14.99972001 43.00038039
v 2.50111144 14.99918872 44.00118384
v 2.50264119 14.99836162 45.00280807
v 2.50459621 14.99793525 46.00500734
v 2.50590301 14.99869562 47.00651889
v 2.50612670 14.99965543 48.00570969
v 2.50659900 14.99850249 49.00177299
v 2.50914960 14.99532212 49.99464658
v 2.51393851 14.99480627 50.98608312
v 2.51795370 15.00010503 51.98112836
v 2.51703839 15.00586241 52.98318909
v 2.51213213 15.00662013 53.98938889
v 2.51056968 15.00547939 54.99454071
v 2.52377575 15.00893725 55.99443528
v 2.57218584 15.02428906 56.98066422
v 2.68930625 15.06299681 57.92882893
v 2.90342044 15.13798587 58.78038018
v 3.31611026 14.71633957 59.24998906
v 3.17475966 15.21079025 59.37581168
v 3.40955410 15.18346022 59.57356264
v 2.97458554 16.50522583 4.73174226
v 3.30985589 16.39987248 4.23609282
v 2.79561388 16.27195277 5.52156732
v 2.69647916 16.15738443 6.29020880
v 2.66052860 16.04706903 7.08364952
v 2.65514444 15.97348252 7.91688631
v 2.67310869 15.99701647 8.83861106
v 2.65419792 16.03525893 9.88274640
v 2.58829207 16.01375224 10.95263229
v 2.53863366 16.00430866 11.98445640
v 2.51344133 16.00126086 12.99592908
v 2.50376336 16.00040285 13.99926939
v 2.50085701 16.00015705 14.99998667
v 2.50017517 16.00006645 16.00006655
v 2.50009519 16.00002605 17.00008692
v 2.50025546 16.00000448 18.00023665
v 2.50069689 15.99998568 19.00068932
v 2.50145187 15.99999379 20.00160282
v 2.50227058 16.00013539 21.00286109
v 2.50266949 16.00050899 22.00388658
v 2.50238080 16.00096821 23.00399560
v 2.50163828 16.00115383 24.00309294
v 2.50089048 16.00092192 25.00179502
v 2.50039051 16.00051148 26.00077950
v 2.50013883 16.00020245 27.00025369
v 2.50003942 16.00005848 28.00006205
v 2.50000875 16.00001244 29.00001136
v 2.50000152 16.00000191 30.00000158
v 2.50000041 16.00000004 31.00000043
v 2.50000093 15.99999934 32.00000120
v 2.50000261 15.99999828 33.00000369
v 2.50000550 15.99999710 34.00000850
v 2.50000864 15.99999711 35.00001477
v 2.50001020 15.99999927 36.00001948
v 2.50000914 16.00000247 37.00001956
v 2.50000625 16.00000434 38.00001495
v 2.50000330 16.00000389 39.00000866
v 2.50000153 16.00000208 40.00000400
v 2.50000217 15.99999927 41.00000339
v 2.50001141 15.99999009 42.00001394
v 2.50005406 15.99995388 43.00006366
v 2.50019316 15.99984792 44.00022384
v 2.50051717 15.99964282 45.00059812
v 2.50105002 15.99940866 46.00121343
v 2.50174269 15.99919460 47.00184815
v 2.50292878 15.99839428 48.00194888
v 2.50612672 15.99521147 49.00036038
v 2.51393656 15.98788617 49.99399816
v 2.52742561 15.97966766 50.97729915
v 2.54398124 15.98778014 51.95731450
v 2.55105732 16.01109378 52.95359821
v 2.53895248 16.02009828 53.96733755
v 2.52139499 16.01309239 54.98320886
v 2.51682201 16.00808241 55.99178378
v 2.53811975 16.01186859 56.98830242
v 2.60918752 16.03002900 57.95948695
v 2.76731108 16.07076722 58.87011054
v 3.05221490 16.14057926 59.67080177
v 3.39586871 15.87992911 59.90468151
v 3.05447019 17.35625318 4.10159977
v 3.42901199 17.04326743 3.82420793
v 3.25496781 17.72316099 3.58366134
v 2.81177130 17.46405025 4.73184886
v 2.72961603 17.22647388 5.37967200
v 2.67178874 17.07891782 6.19118561
v 2.66839609 16.94880743 7.00204230
v 2.71744942 16.85901477 7.81107488
v 2.75681736 16.74709127 8.56230195
v 2.89466135 17.13005072 9.61426285
v 2.72743399 17.01348797 10.87927257
v 2.60317325 17.00060317 11.95926149
v 2.53802705 16.99933798 12.98724200
v 2.51140984 16.99955380 13.99651979
v 2.50276668 16.99983240 14.99921300
v 2.50053850 16.99996061 15.99986314
v 2.50009093 16.99999573 16.99999129
v 2.50004412 17.00000060 18.00003166
v 2.50010745 16.99999887 19.00010832
v 2.50025029 16.99999873 20.00028094
v 2.50044283 17.00001748 21.00056076
v 2.50059286 17.00008124 22.00085875
v 2.50060443 17.00018466 23.00100764
v 2.50047374 17.00026414 24.00090365
v 2.50028931 17.00025624 25.00061680
v 2.50013995 17.00017405 26.00031870
v 2.50005437 17.00008420 27.00012396
v 2.50001697 17.00002935 28.00003611
v 2.50000419 17.00000743 29.00000783
v 2.50000080 17.00000136 30.00000125
v 2.50000013 17.00000017 31.00000016
v 2.50000007 16.99999996 32.00000010
v 2.50000021 16.99999985 33.00000030
v 2.50000050 16.99999969 34.00000080
v 2.50000090 16.99999959 35.00000158
v 2.50000121 16.99999974 36.00000237
v 2.50000124 17.00000012 37.00000272
v 2.50000097 17.00000048 38.00000239
v 2.50000058 17.00000057 39.00000161
v 2.50000028 17.00000040 40.00000083
v 2.50000024 17.00000005 41.00000051
v 2.50000119 16.99999895 42.00000158
v 2.50000650 16.99999409 43.00000817
v 2.50002672 16.99997727 44.00003311
v 2.50008373 16.99993547 45.00010243
v 2.50021648 16.99984868 46.00024957
v 2.50056019 16.99959630 47.00050834
v 2.50174276 16.99854180 48.00092293
v 2.50590316 16.99465051 49.00132448
v 2.51793327 16.98378312 49.99966045
v 2.54397725 16.96172223 50.98600291
v 2.58029794 16.93664687 51.93202977
v 2.62388475 16.99737634 52.89123329
v 2.61711306 17.06006332 53.91460226
v 2.56129246 17.03770607 54.95455931
v 2.52767370 17.01721150 55.98071056
v 2.52529026 17.00952381 56.98860629
v 2.56320319 17.01458666 57.97468750
v 2.66876030 17.03485285 58.91655298
v 2.87500652 17.07548396 59.75897306
v 3.29451373 16.56288952 60.23920363
v 3.15151986 17.12441353 60.35578494
v 3.39886216 17.09229892 60.56511196
v 2.97449035 18.48025197 3.73355360
v 3.31693546 18.37770897 3.25099904
v 2.78034595 18.26517675 4.50903798
v 2.67069219 18.17064604 5.30079241
v 2.64417334 18.05683148 6.15274521
v 2.69149693 17.92682843 7.03676465
v 2.76343503 17.67351915 7.72043254
v 2.97638024 17.77087459 8.60703835
v 3.22270884 17.77454041 9.27337321
v 3.29812768 17.76143360 9.91346813
v 3.41927599 18.06569202 10.56999507
v 3.01109132 17.92479834 10.87792694
v 2.73021838 17.98624768 11.94564856
v 2.58836001 17.99707651 12.98042689
v 2.52850195 17.99895876 13.99375380
v 2.50757435 17.99957433 14.99827853
v 2.50163068 17.99986155 15.99960612
v 2.50028082 17.99996706 16.99992847
v 2.50004136 17.99999441 17.99999322
v 2.50001665 17.99999924 19.00001211
v 2.50003419 17.99999972 20.00003849
v 2.50006794 18.00000160 21.00008644
v 2.50010322 18.00000999 22.00014896
v 2.50011977 18.00002737 23.00019790
v 2.50010686 18.00004655 24.00020284
v 2.50007387 18.00005385 25.00016002
v 2.50003994 18.00004394 26.00009666
v 2.50001707 18.00002568 27.00004436
v 2.50000582 18.00001081 28.00001532
v 2.50000158 18.00000328 29.00000393
v 2.50000033 18.00000071 30.00000074
v 2.50000005 18.00000011 31.00000010
v 2.50000001 18.00000001 32.00000001
v 2.50000001 17.99999999 33.00000002
v 2.50000003 17.99999998 34.00000006
v 2.50000007 17.99999996 35.00000012
v 2.50000011 17.99999996 36.00000021
v 2.50000012 17.99999999 37.00000028
v 2.50000011 18.00000003 38.00000028
v 2.50000007 18.00000006 39.00000021
v 2.50000004 18.00000005 40.00000013
v 2.50000002 18.00000002 41.00000007
v 2.50000009 17.99999992 42.00000014
v 2.50000060 17.99999942 43.00000079
v 2.50000297 17.99999727 44.00000382
v 2.50001199 17.99998977 45.00001476
v 2.50004746 17.99996094 46.00005074
v 2.50021667 17.99981522 47.00017840
v 2.50105052 17.99907572 48.00065122
v 2.50459730 17.99599271 49.00218542
v 2.51687242 17.98583630 50.00593859
v 2.55101603 17.95902887 51.01088587
v 2.62387616 17.89975842 51.99563338
v 2.68698109 17.77458952 52.76793608
v 2.83904394 18.21011451 53.79751739
v 2.65972757 18.09767464 54.89552481
v 2.56248316 18.04092004 55.95885924
v 2.52870864 18.01569091 56.98306524
v 2.54032017 18.00933220 57.98120992
v 2.60750556 18.01573095 58.94414296
v 2.76235097 18.03618517 59.83575102
v 3.04403037 18.08763676 60.61565574
v 3.38652166 17.82573528 60.86804241
v 3.05954934 19.31728054 3.16349768
v 3.42687060 19.03790641 2.88866518
v 3.24842092 19.70236655 2.71390525
v 2.81183866 19.44288848 3.75510237
v 2.71375520 19.22788294 4.38591420
v 2.62933789 19.11807469 5.21575160
v 2.60634031 19.04973379 6.12254864
v 2.67284783 18.97869803 7.09179633
v 2.90537242 18.85260261 8.17148165
v 3.29536689 18.81895637 8.74292103
v 3.42158991 18.25636559 8.91207535
v 3.21297695 18.54118177 11.20944238
v 3.23593640 19.24185221 11.55844232
v 2.90353221 18.99389225 11.96656799
v 2.65831866 19.00613977 12.98900781
v 2.55492479 19.00220823 13.99524102
v 2.51603900 19.00032338 14.99815879
v 2.50384182 18.99995832 15.99943275
v 2.50074135 18.99996414 16.99986477
v 2.50011366 18.99998981 17.99997559
v 2.50001467 18.99999819 18.99999782
v 2.50000477 18.99999975 20.00000372
v 2.50000814 19.00000006 21.00001027
v 2.50001391 19.00000090 22.00001998
v 2.50001831 19.00000308 23.00002996
v 2.50001856 19.00000624 24.00003482
v 2.50001456 19.00000854 25.00003140
v 2.50000888 19.00000826 26.00002188
v 2.50000423 19.00000576 27.00001170
v 2.50000158 19.00000291 28.00000475
v 2.50000047 19.00000106 29.00000144
v 2.50000011 19.00000027 30.00000032
v 2.50000002 19.00000005 31.00000005
v 2.50000000 19.00000001 32.00000001
v 2.50000000 19.00000000 33.00000000
v 2.50000000 19.00000000 34.00000000
v 2.50000000 19.00000000 35.00000001
v 2.50000001 19.00000000 36.00000001
v 2.50000001 19.00000000 37.00000002
v 2.50000001 19.00000000 38.00000002
v 2.50000001 19.00000000 39.00000002
v 2.50000000 19.00000000 40.00000001
v 2.50000000 19.00000000 41.00000001
v 2.50000001 18.99999999 42.00000001
v 2.50000005 18.99999994 43.00000004
v 2.50000031 18.99999964 44.00000025
v 2.50000187 18.99999813 45.00000165
v 2.50001237 18.99998877 46.00001095
v 2.50008488 18.99992562 47.00007016
v 2.50052002 18.99955347 48.00038970
v 2.50264743 18.99780016 49.00177833
v 2.51107137 18.99126589 50.00664529
v 2.53863074 18.97171822 51.02102789
v 2.61702694 18.92308167 52.06191582
v 2.83903504 18.81494931 53.21268782
v 3.27453258 18.87533518 53.83556302
v 3.27454168 18.88038387 54.05734215
v 3.27455240 19.12465309 54.16440627
v 2.83915528 19.18503681 54.78720178
v 2.61800765 19.07702421 55.93767730
v 2.54373241 19.02884099 56.97690346
v 2.53197641 19.01065466 57.98364162
v 2.57126105 19.00719478 58.96040332
v 2.68226278 19.01008759 59.87714245
v 2.88840043 19.01315883 60.66363612
v 3.28726610 18.51234963 61.15422813
v 3.15314374 19.04309656 61.21040372
v 3.38998561 19.02822271 61.41927516
v 2.99516459 20.32757218 2.90892776
v 3.28034051 20.42626145 2.49085230
v 2.79230385 20.22118106 3.55749642
v 2.65933126 20.16427076 4.31310985
v 2.59118614 20.08825103 5.15799190
v 2.56730022 20.04044531 6.08535034
v 2.60395945 20.01050647 7.06784601
v 2.74111566 20.00108047 8.10649444
v 3.24423642 19.49316012 8.93087526
v 3.04159831 20.13123629 9.18725625
v 3.46035976 20.07015077 9.51828975
v 2.89947745 20.24165770 12.15918261
v 3.27381207 20.02070551 11.52362949
v 2.69539229 20.06413086 13.04299839
v 2.57764657 20.01800990 14.00973698
v 2.52552943 20.00442127 15.00135833
v 2.50687093 20.00084518 15.99993456
v 2.50149321 20.00011054 16.99990027
v 2.50025839 20.00000629 17.99996899
v 2.50003513 19.99999908 18.99999412
v 2.50000394 19.99999971 19.99999953
v 2.50000101 19.99999996 21.00000085
v 2.50000144 20.00000005 22.00000203
v 2.50000212 20.00000025 23.00000343
v 2.50000244 20.00000062 24.00000451
v 2.50000217 20.00000101 25.00000461
v 2.50000150 20.00000115 26.00000367
v 2.50000080 20.00000094 27.00000227
v 2.50000033 20.00000057 28.00000107
v 2.50000011 20.00000025 29.00000038
v 2.50000003 20.00000008 30.00000010
v 2.50000001 20.00000002 31.00000002
v 2.50000000 20.00000000 32.00000000
v 2.50000000 20.00000000 33.00000000
v 2.50000000 20.00000000 34.00000000
v 2.50000000 20.00000000 35.00000000
v 2.50000000 20.00000000 36.00000000
v 2.50000000 20.00000000 37.00000000
v 2.50000000 20.00000000 38.00000000
v 2.50000000 20.00000000 39.00000000
v 2.50000000 20.00000000 40.00000000
v 2.50000000 20.00000000 41.00000000
v 2.50000000 19.99999999 41.99999999
v 2.50000002 19.99999993 42.99999993
v 2.50000014 19.99999963 43.99999962
v 2.50000079 19.99999842 44.99999857
v 2.50000475 19.99999339 45.99999724
v 2.50003195 19.99996694 47.00000970
v 2.50020632 19.99981544 48.00013506
v 2.50114057 19.99905133 49.00084034
v 2.50519433 19.99593128 50.00377245
v 2.51945308 19.98578568 51.01347022
v 2.56065472 19.95932068 52.04027785
v 2.65959036 19.90224656 53.10406460
v 3.27454330 19.11960440 53.94262714
v 2.83918305 19.78978399 54.20222976
v 2.68728034 20.22529093 55.23174983
v 2.62454224 20.10022532 56.00400751
v 2.55404363 20.04115199 56.98775559
v 2.52987341 20.01476135 57.98758911
v 2.55036531 20.00522475 58.97174883
v 2.63209555 20.00176262 59.91249739
v 2.80683456 19.99104042 60.75336662
v 3.07569955 19.90853808 61.35463958
v 3.37556861 19.69363448 61.58823852
v 2.97285519 21.39461701 2.66207727
v 3.34569257 21.26988097 2.19966903
v 2.75868787 21.18830288 3.41194759
v 2.63304721 21.10429282 4.22794541
v 2.56555379 21.05959334 5.11501596
v 2.53928013 21.02929302 6.05673003
v 2.54982411 21.01278191 7.03998688
v 2.61192047 21.00928470 8.06090575
v 2.74797222 21.02820723 9.13305429
v 3.36889510 20.45963522 10.20286677
v 2.94929104 21.01763327 10.33004390
v 2.91699149 21.01520497 11.54134195
v 3.31318751 20.49568241 11.00365173
v 2.72971124 21.30111789 12.42977293
v 2.66005678 21.12410991 13.13560863
v 2.57832727 21.04207509 14.03944209
v 2.53004646 21.01227911 15.00968393
v 2.50924655 21.00296658 16.00183665
v 2.50228115 21.00056796 17.00023180
v 2.50044736 21.00008221 18.00000882
v 2.50006889 21.00000837 18.99999641
v 2.50000821 21.00000050 19.99999906
v 2.50000079 21.00000000 20.99999993
v 2.50000016 21.00000000 22.00000014
v 2.50000018 21.00000001 23.00000029
v 2.50000024 21.00000004 24.00000043
v 2.50000024 21.00000009 25.00000050
v 2.50000019 21.00000012 26.00000045
v 2.50000011 21.00000011 27.00000032
v 2.50000005 21.00000008 28.00000017
v 2.50000002 21.00000004 29.00000007
v 2.50000001 21.00000002 30.00000002
v 2.50000000 21.00000000 31.00000000
v 2.50000000 21.00000000 32.00000000
v 2.50000000 21.00000000 33.00000000
v 2.50000000 21.00000000 34.00000000
v 2.50000000 21.00000000 35.00000000
v 2.50000000 21.00000000 36.00000000
v 2.50000000 21.00000000 37.00000000
v 2.50000000 21.00000000 38.00000000
v 2.50000000 21.00000000 39.00000000
v 2.50000000 21.00000000 40.00000000
v 2.50000000 21.00000000 41.00000000
v 2.50000001 20.99999997 41.99999997
v 2.50000007 20.99999980 42.99999979
v 2.50000040 20.99999896 43.99999881
v 2.50000181 20.99999563 44.99999468
v 2.50000703 20.99998507 45.99998114
v 2.50002604 20.99995553 46.99994904
v 2.50010468 20.99986571 47.99991107
v 2.50046312 20.99953576 49.00002388
v 2.50200536 20.99828444 50.00099669
v 2.50761682 20.99414714 51.00502625
v 2.52407160 20.98320772 52.01698501
v 2.56139894 20.96175885 53.04370279
v 2.61804698 20.93919870 54.08376807
v 2.62493258 21.00195795 55.10739572
v 2.58141312 21.06291965 56.06693163
v 2.54626094 21.03814478 57.01273074
v 2.52646309 21.01624778 57.99584644
v 2.53705428 21.00486704 58.98000830
v 2.59628537 20.99865021 59.93472020
v 2.73811356 20.99369579 60.81921015
v 3.01350241 21.00179557 61.59996734
v 3.37066065 20.67630637 61.87832368
v 3.07046349 22.26618178 2.15534331
v 3.44386796 21.99968367 1.88135994
v 3.25612609 22.67091492 1.74901167
v 2.81500940 22.40126735 2.73181968
v 2.70777443 22.18714855 3.34401632
v 2.60825638 22.08546644 4.17014953
v 2.55008110 22.04048941 5.08079039
v 2.52386126 22.01927588 6.03700156
v 2.52098506 22.00889700 7.02120667
v 2.54244885 22.00576336 8.02749704
v 2.59535572 22.00893080 9.06017335
v 2.67268516 22.01169039 10.13230225
v 2.70988475 22.01953071 11.22240485
v 2.66582815 22.07444493 12.24068259
v 2.60270813 22.09550292 13.15449804
v 2.55850655 22.04883464 14.06121204
v 2.52634755 22.01822022 15.01910559
v 2.50937644 22.00537870 16.00475742
v 2.50264703 22.00126015 17.00091829
v 2.50059076 22.00023063 18.00012992
v 2.50010330 22.00003220 19.00001182
v 2.50001396 22.00000331 20.00000033
v 2.50000143 22.00000024 20.99999992
v 2.50000011 22.00000001 21.99999999
v 2.50000002 22.00000000 23.00000002
v 2.50000002 22.00000000 24.00000003
v 2.50000002 22.00000001 25.00000004
v 2.50000002 22.00000001 26.00000004
v 2.50000001 22.00000001 27.00000003
v 2.50000001 22.00000001 28.00000002
v 2.50000000 22.00000000 29.00000001
v 2.50000000 22.00000000 30.00000000
v 2.50000000 22.00000000 31.00000000
v 2.50000000 22.00000000 32.00000000
v 2.50000000 22.00000000 33.00000000
v 2.50000000 22.00000000 34.00000000
v 2.50000000 22.00000000 35.00000000
v 2.50000000 22.00000000 36.00000000
v 2.50000000 22.00000000 37.00000000
v 2.50000000 22.00000000 38.00000000
v 2.50000000 22.00000000 39.00000000
v 2.50000000 22.00000000 40.00000000
v 2.50000000 21.99999999 40.99999999
v 2.50000003 21.99999993 41.99999993
v 2.50000020 21.99999952 42.99999950
v 2.50000113 21.99999737 43.99999709
v 2.50000517 21.99998846 44.99998640
v 2.50001949 21.99995879 45.99994789
v 2.50006207 21.99987953 46.99983622
v 2.50017406 21.99970351 47.99957946
v 2.50045835 21.99933908 48.99912606
v 2.50122959 21.99853521 49.99860681
v 2.50345843 21.99663687 50.99876300
v 2.50947206 21.99234837 52.00163325
v 2.52265871 21.98452187 53.01041341
v 2.54278290 21.97667374 54.02597600
v 2.55547584 21.98571613 55.04033108
v 2.54806169 22.00973953 56.03809027
v 2.53125174 22.01897726 57.01962062
v 2.52073502 22.01164573 58.00230138
v 2.52800896 22.00370953 58.98660742
v 2.57171196 21.99572812 59.94889782
v 2.68043213 21.98131945 60.84638874
v 2.88013081 21.96110406 61.61304162
v 3.27278976 21.44031576 62.13483283
v 3.14143918 21.98424235 62.15383609
v 3.38002235 21.97509007 62.37106283
v 3.00584856 23.27137841 1.96259095
v 3.27834707 23.39903351 1.59266578
v 2.80092952 23.18463786 2.56694257
v 2.66110927 23.14063725 3.30214199
v 2.58355149 23.07129914 4.13746439
v 2.53813773 23.03137766 5.05891834
v 2.51603930 23.01312997 6.02424163
v 2.50903545 23.00551303 7.01108525
v 2.51362931 23.00290390 8.01048485
v 2.53085106 23.00311703 9.02163006
v 2.55934247 23.00458713 10.04752017
v 2.58353312 23.00837429 11.08365252
v 2.58271324 23.02180722 12.10604377
v 2.56011962 23.03627041 13.09162398
v 2.53553448 23.03188265 14.05320046
v 2.51789241 23.01645711 15.02162911
v 2.50727791 23.00612738 16.00671346
v 2.50235055 23.00174495 17.00161844
v 2.50059823 23.00038437 18.00029960
v 2.50011895 23.00006506 19.00004132
v 2.50001825 23.00000832 20.00000400
v 2.50000212 23.00000078 21.00000023
v 2.50000018 23.00000005 22.00000000
v 2.50000001 23.00000000 23.00000000
v 2.50000000 23.00000000 24.00000000
v 2.50000000 23.00000000 25.00000000
v 2.50000000 23.00000000 26.00000000
v 2.50000000 23.00000000 27.00000000
v 2.50000000 23.00000000 28.00000000
v 2.50000000 23.00000000 29.00000000
v 2.50000000 23.00000000 30.00000000
v 2.50000000 23.00000000 31.00000000
v 2.50000000 23.00000000 32.00000000
v 2.50000000 23.00000000 33.00000000
v 2.50000000 23.00000000 34.00000000
v 2.50000000 23.00000000 35.00000000
v 2.50000000 23.00000000 36.00000000
v 2.50000000 23.00000000 37.00000000
v 2.50000000 23.00000000 38.00000000
v 2.50000000 23.00000000 39.00000000
v 2.50000000 23.00000000 40.00000000
v 2.50000001 22.99999999 40.99999999
v 2.50000007 22.99999987 41.99999988
v 2.50000048 22.99999901 42.99999903
v 2.50000276 22.99999432 43.99999399
v 2.50001289 22.99997405 44.99997061
v 2.50004989 22.99990283 45.99988269
v 2.50016153 22.99969869 46.99961049
v 2.50044461 22.99922517 47.99891821
v 2.50106418 22.99832407 48.99748559
v 2.50226652 22.99680283 49.99505032
v 2.50444366 22.99435438 50.99159268
v 2.50837038 22.99076144 51.98779530
v 2.51512359 22.98623086 52.98576609
v 2.52450188 22.98195387 53.98817692
v 2.53242047 22.98195497 54.99482192
v 2.53310378 22.98916127 56.00088955
v 2.52647377 22.99803091 57.00190510
v 2.51966045 23.00165941 57.99835811
v 2.52379511 23.00050651 58.98940543
v 2.55655490 22.99539140 59.96160555
v 2.64598373 22.97876152 60.87876364
v 2.81999196 22.92892473 61.66745892
v 3.07602045 22.82267979 62.22611290
v 3.36616669 22.62772103 62.47429867
v 2.99565143 24.22837853 1.81384112
v 3.31023192 24.31616834 1.41996689
v 2.77810232 24.13340786 2.45086633
v 2.64229253 24.08113009 3.23342143
v 2.56706394 24.04830532 4.10787619
v 2.52975311 24.02331295 5.04328273
v 2.51216135 24.00966161 6.01571278
v 2.50509592 24.00367078 7.00573084
v 2.50421934 24.00149698 8.00357985
v 2.50838861 24.00106516 9.00635318
v 2.51724303 24.00143219 10.01442207
v 2.52736307 24.00263450 11.02720823
v 2.53190060 24.00613160 12.03880560
v 2.52749005 24.01134326 13.04029019
v 2.51826826 24.01321759 14.02990673
v 2.50989692 24.00961965 15.01587770
v 2.50445337 24.00465923 16.00617082
v 2.50162148 24.00163903 17.00181862
v 2.50046834 24.00043425 18.00041045
v 2.50010580 24.00008742 19.00007039
v 2.50001843 24.00001330 20.00000897
v 2.50000243 24.00000150 21.00000082
v 2.50000024 24.00000012 22.00000005
v 2.50000002 24.00000001 23.00000000
v 2.50000000 24.00000000 24.00000000
v 2.50000000 24.00000000 25.00000000
v 2.50000000 24.00000000 26.00000000
v 2.50000000 24.00000000 27.00000000
v 2.50000000 24.00000000 28.00000000
v 2.50000000 24.00000000 29.00000000
v 2.50000000 24.00000000 30.00000000
v 2.50000000 24.00000000 31.00000000
v 2.50000000 24.00000000 32.00000000
v 2.50000000 24.00000000 33.00000000
v 2.50000000 24.00000000 34.00000000
v 2.50000000 24.00000000 35.00000000
v 2.50000000 24.00000000 36.00000000
v 2.50000000 24.00000000 37.00000000
v 2.50000000 24.00000000 38.00000000
v 2.50000000 24.00000000 39.00000000
v 2.50000000 24.00000000 40.00000000
v 2.50000001 23.99999998 40.99999999
v 2.50000013 23.99999980 41.99999984
v 2.50000099 23.99999833 42.99999850
v 2.50000587 23.99998966 43.99998976
v 2.50002807 23.99994993 44.99994608
v 2.50011106 23.99980412 45.99977348
v 2.50036917 23.99936399 46.99921717
v 2.50103971 23.99826285 47.99772299
v 2.50251489 23.99601292 48.99437822
v 2.50533383 23.99226293 49.98824337
v 2.51001722 23.98667333 50.97886241
v 2.51686664 23.97879672 51.96615443
v 2.52635474 23.97004250 52.95151710
v 2.53821837 23.96326083 53.94031658
v 2.54886242 23.95964819 54.93891621
v 2.55284646 23.96141635 55.94819471
v 2.54780774 23.97066098 56.96336507
v 2.53723515 23.98283943 57.97744856
v 2.53173119 23.99130531 58.98273688
v 2.55004399 23.99337603 59.96820387
v 2.62092971 23.98561507 60.90963173
v 2.78097925 23.95261349 61.75318516
v 3.04185027 23.81882552 62.36423402
v 3.35873354 23.53079296 62.62052951
v 2.98286746 25.34824883 1.62199854
v 3.36354281 25.23275617 1.16651415
v 2.75959778 25.13972612 2.35645418
v 2.63015067 25.06041327 3.17330593
v 2.56121790 25.02843688 4.07228457
v 2.52838575 25.01428365 5.02393972
v 2.51324935 25.00684878 6.00541177
v 2.50591776 25.00289874 7.00058178
v 2.50272711 25.00105927 8.00023983
v 2.50238578 25.00043956 9.00125606
v 2.50424419 25.00038753 10.00352706
v 2.50734875 25.00066006 11.00735951
v 2.50981141 25.00148872 12.01171463
v 2.50984056 25.00297992 13.01401625
v 2.50752233 25.00417401 14.01244388
v 2.50452454 25.00389201 15.00814139
v 2.50221261 25.00244963 16.00392872
v 2.50088760 25.00107934 17.00141286
v 2.50028689 25.00034731 18.00038400
v 2.50007316 25.00008330 19.00007907
v 2.50001443 25.00001494 20.00001222
v 2.50000216 25.00000198 21.00000139
v 2.50000024 25.00000019 22.00000011
v 2.50000002 25.00000001 23.00000001
v 2.50000000 25.00000000 24.00000000
v 2.50000000 25.00000000 25.00000000
v 2.50000000 25.00000000 26.00000000
v 2.50000000 25.00000000 27.00000000
v 2.50000000 25.00000000 28.00000000
v 2.50000000 25.00000000 29.00000000
v 2.50000000 25.00000000 30.00000000
v 2.50000000 25.00000000 31.00000000
v 2.50000000 25.00000000 32.00000000
v 2.50000000 25.00000000 33.00000000
v 2.50000000 25.00000000 34.00000000
v 2.50000000 25.00000000 35.00000000
v 2.50000000 25.00000000 36.00000000
v 2.50000000 25.00000000 37.00000000
v 2.50000000 25.00000000 38.00000000
v 2.50000000 25.00000000 39.00000000
v 2.50000000 25.00000000 40.00000000
v 2.50000002 24.99999998 40.99999999
v 2.50000020 24.99999976 41.99999983
v 2.50000169 24.99999780 42.99999821
v 2.50001074 24.99998473 43.99998613
v 2.50005358 24.99991895 44.99991875
v 2.50021754 24.99966062 45.99962870
v 2.50073869 24.99884435 46.99863906
v 2.50213194 24.99670529 47.99588187
v 2.50526565 24.99197447 48.98941216
v 2.51127175 24.98335610 49.97654651
v 2.52148805 24.97084542 50.95574359
v 2.53648805 24.95372990 51.92785006
v 2.55522073 24.93025833 52.89241916
v 2.57891614 24.91005235 53.85445130
v 2.60504156 24.89967312 54.83354585
v 2.62109613 24.89371521 55.84285940
v 2.61900286 24.90359755 56.87690752
v 2.59942513 24.93392297 57.92179891
v 2.57243299 24.96380371 58.95651608
v 2.56333970 24.98034721 59.96214127
v 2.60465571 24.98324150 60.92260536
v 2.73343888 24.97447128 61.80847700
v 3.00219958 24.96954339 62.59438859
v 3.36244797 24.61971530 62.88864915
v 3.07877425 26.24455753 1.14875850
v 3.45221932 25.98639782 0.87737173
v 3.26073104 26.65688592 0.76713361
v 2.82316636 26.37721530 1.71390105
v 2.71623137 26.15781162 2.31087089
v 2.61804806 26.05396434 3.12445501
v 2.56367364 26.01329723 4.02957104
v 2.53903525 26.00349555 4.98919032
v 2.52608787 26.00363911 5.98170931
v 2.51556493 26.00299205 6.98803611
v 2.50741204 26.00132056 7.99489290
v 2.50297654 26.00039257 8.99855943
v 2.50154475 26.00012471 10.00027686
v 2.50174771 26.00013198 11.00153315
v 2.50243798 26.00029535 12.00285906
v 2.50278211 26.00064198 13.00389397
v 2.50244247 26.00104206 14.00400629
v 2.50166327 26.00117823 15.00310517
v 2.50089830 26.00092348 16.00180519
v 2.50039279 26.00050813 17.00078563
v 2.50013959 26.00020017 18.00025639
v 2.50003967 26.00005761 19.00006290
v 2.50000881 26.00001222 20.00001155
v 2.50000149 26.00000190 21.00000156
v 2.50000019 26.00000021 22.00000015
v 2.50000002 26.00000002 23.00000001
v 2.50000000 26.00000000 24.00000000
v 2.50000000 26.00000000 25.00000000
v 2.50000000 26.00000000 26.00000000
v 2.50000000 26.00000000 27.00000000
v 2.50000000 26.00000000 28.00000000
v 2.50000000 26.00000000 29.00000000
v 2.50000000 26.00000000 30.00000000
v 2.50000000 26.00000000 31.00000000
v 2.50000000 26.00000000 32.00000000
v 2.50000000 26.00000000 33.00000000
v 2.50000000 26.00000000 34.00000000
v 2.50000000 26.00000000 35.00000000
v 2.50000000 26.00000000 36.00000000
v 2.50000000 26.00000000 37.00000000
v 2.50000000 26.00000000 38.00000000
v 2.50000000 26.00000000 39.00000000
v 2.50000000 26.00000000 40.00000000
v 2.50000002 25.99999999 40.99999999
v 2.50000025 25.99999979 41.99999987
v 2.50000236 25.99999776 42.99999839
v 2.50001640 25.99998232 43.99998558
v 2.50008792 25.99989434 44.99990348
v 2.50037506 25.99950973 45.99950398
v 2.50131073 25.99819281 46.99799686
v 2.50385713 25.99457348 47.99350543
v 2.50974833 25.98628818 48.98264604
v 2.52124564 25.96981066 49.96027106
v 2.54031323 25.94251497 50.91990941
v 2.57001611 25.90989558 51.86316106
v 2.60856512 25.86580145 52.79939288
v 2.64702018 25.79889122 53.71512726
v 2.70225171 25.77250246 54.63467659
v 2.75447261 25.75941511 55.62806818
v 2.76644480 25.74007069 56.68641732
v 2.74580242 25.80067914 57.78541156
v 2.68764420 25.88886353 58.89056304
v 2.62479245 25.94080654 59.93938577
v 2.61688505 25.96193709 60.91851751
v 2.69579089 25.95570543 61.81406831
v 2.88028002 25.93562821 62.57871686
v 3.26674666 25.41629811 63.12829845
v 3.13622563 25.96178057 63.12436036
v 3.37468243 25.95677301 63.34915479
v 3.01354574 27.24352489 0.99029450
v 3.28014062 27.37682085 0.65590512
v 2.81161989 27.15832260 1.56359920
v 2.67642534 27.10940801 2.27234884
v 2.60797991 27.02984579 3.07869086
v 2.57600821 26.98305955 3.97004020
v 2.56899957 26.97650318 4.91835497
v 2.56597558 26.99459378 5.91893037
v 2.54949973 27.00438224 6.95070525
v 2.52669868 27.00231993 7.97936081
v 2.51096475 27.00052598 8.99319173
v 2.50359577 27.00000623 9.99825365
v 2.50113672 26.99997397 10.99987055
v 2.50063766 27.00002911 12.00048853
v 2.50064334 27.00010664 13.00084949
v 2.50062469 27.00020477 14.00100766
v 2.50048267 27.00027400 15.00090501
v 2.50029249 27.00025905 16.00061827
v 2.50014084 27.00017415 17.00031978
v 2.50005459 27.00008385 18.00012453
v 2.50001704 27.00002915 19.00003633
v 2.50000421 27.00000736 20.00000789
v 2.50000080 27.00000135 21.00000126
v 2.50000011 27.00000018 22.00000015
v 2.50000001 27.00000002 23.00000001
v 2.50000000 27.00000000 24.00000000
v 2.50000000 27.00000000 25.00000000
v 2.50000000 27.00000000 26.00000000
v 2.50000000 27.00000000 27.00000000
v 2.50000000 27.00000000 28.00000000
v 2.50000000 27.00000000 29.00000000
v 2.50000000 27.00000000 30.00000000
v 2.50000000 27.00000000 31.00000000
v 2.50000000 27.00000000 32.00000000
v 2.50000000 27.00000000 33.00000000
v 2.50000000 27.00000000 34.00000000
v 2.50000000 27.00000000 35.00000000
v 2.50000000 27.00000000 36.00000000
v 2.50000000 27.00000000 37.00000000
v 2.50000000 27.00000000 38.00000000
v 2.50000000 27.00000000 39.00000000
v 2.50000000 27.00000000 40.00000000
v 2.50000002 26.99999999 41.00000000
v 2.50000025 26.99999986 41.99999994
v 2.50000263 26.99999830 42.99999897
v 2.50002036 26.99998451 43.99998889
v 2.50012025 26.99989372 44.99991284
v 2.50055572 26.99943843 45.99948356
v 2.50205595 26.99767171 46.99762665
v 2.50624249 26.99230489 47.99138059
v 2.51602013 26.97937175 48.97491773
v 2.53575288 26.95359558 49.94050163
v 2.56918325 26.90599753 50.87833258
v 2.61511951 26.83013694 51.76978176
v 2.68847335 26.77589874 52.64573923
v 2.76731168 26.66761665 53.54996733
v 2.80195404 26.45553149 54.32911116
v 2.96813061 26.59094836 55.20497275
v 3.00821191 26.42713518 56.33698973
v 2.99517422 26.44135955 57.46176368
v 2.95227376 26.71935455 58.74347633
v 2.77921706 26.84472375 59.90608163
v 2.68659474 26.91361899 60.90987404
v 2.70322425 26.92159669 61.81251725
v 2.83840634 26.87435208 62.57924705
v 3.07472376 26.77628543 63.13723110
v 3.35815572 26.59623450 63.40848773
v 3.01000611 28.15642244 0.90632496
v 3.30518833 28.27346289 0.59058169
v 2.79755436 28.08342305 1.47325400
v 2.66983468 28.03029021 2.20352643
v 2.61261070 27.97535673 3.02152795
v 2.60444290 27.92275480 3.88927747
v 2.62081821 27.89287636 4.78867011
v 2.65327123 27.95119790 5.76260739
v 2.64437512 28.01233603 6.84546924
v 2.58424474 28.00374850 7.93958720
v 2.53716252 27.99988403 8.98018149
v 2.51292231 27.99938212 9.99439510
v 2.50359657 27.99967048 10.99867768
v 2.50084873 27.99989713 11.99981052
v 2.50024051 27.99998992 13.00010331
v 2.50014094 28.00002734 14.00019195
v 2.50011079 28.00004855 15.00020234
v 2.50007495 28.00005484 16.00016012
v 2.50004025 28.00004419 17.00009679
v 2.50001715 28.00002569 18.00004445
v 2.50000584 28.00001078 19.00001536
v 2.50000158 28.00000326 20.00000395
v 2.50000033 28.00000071 21.00000074
v 2.50000005 28.00000011 22.00000010
v 2.50000001 28.00000001 23.00000001
v 2.50000000 28.00000000 24.00000000
v 2.50000000 28.00000000 25.00000000
v 2.50000000 28.00000000 26.00000000
v 2.50000000 28.00000000 27.00000000
v 2.50000000 28.00000000 28.00000000
v 2.50000000 28.00000000 29.00000000
v 2.50000000 28.00000000 30.00000000
v 2.50000000 28.00000000 31.00000000
v 2.50000000 28.00000000 32.00000000
v 2.50000000 28.00000000 33.00000000
v 2.50000000 28.00000000 34.00000000
v 2.50000000 28.00000000 35.00000000
v 2.50000000 28.00000000 36.00000000
v 2.50000000 28.00000000 37.00000000
v 2.50000000 28.00000000 38.00000000
v 2.50000000 28.00000000 39.00000000
v 2.50000000 28.00000000 40.00000000
v 2.50000001 28.00000000 41.00000000
v 2.50000020 27.99999994 41.99999999
v 2.50000233 27.99999910 42.99999958
v 2.50002020 27.99999022 43.99999401
v 2.50013336 27.99992125 44.99994234
v 2.50068322 27.99951637 45.99959588
v 2.50276413 27.99768376 46.99784227
v 2.50897553 27.99120927 47.99097513
v 2.52384137 27.97332241 48.96991643
v 2.55343640 27.93521031 49.91975898
v 2.60663929 27.87179783 50.83126566
v 2.68575148 27.75421868 51.69727869
v 2.75246150 27.53339573 52.40739066
v 2.95148451 27.63767179 53.22566425
v 3.05235411 27.21003536 54.28844313
v 3.25318063 27.18300591 55.02855956
v 3.35924449 26.93264493 55.82462259
v 3.32959038 26.77835882 56.95682156
v 3.29662887 26.90711602 58.07353811
v 3.26144019 27.26268351 59.01991155
v 3.42222665 27.70754527 59.61872980
v 3.06584868 27.63761515 59.94158624
v 2.84025487 27.81875618 60.92519637
v 2.76558982 27.87653638 61.81788093
v 2.84427071 27.83208438 62.58288283
v 3.05403866 27.69416468 63.14838812
v 3.34589530 27.44834018 63.44090527
v 3.01959819 29.10969784 0.86602821
v 3.32153243 29.23789383 0.55610121
v 2.80053435 29.03821228 1.42907820
v 2.67735690 28.97868000 2.15779365
v 2.63670845 28.91162877 2.96612427
v 2.65091253 28.82822421 3.79221067
v 2.70692469 28.77185164 4.63719530
v 2.74753822 28.68643151 5.43986162
v 2.88938275 29.09079718 6.53579830
v 2.72612228 29.00048235 7.86601216
v 2.60351701 28.99475413 8.95941635
v 2.53840997 28.99680952 9.98830733
v 2.51156449 28.99864540 10.99694435
v 2.50280901 28.99956565 11.99931073
v 2.50055456 28.99989544 12.99988520
v 2.50010069 28.99998409 14.00000879
v 2.50002854 29.00000396 15.00003220
v 2.50001561 29.00000849 16.00003115
v 2.50000901 29.00000832 17.00002187
v 2.50000425 29.00000578 18.00001171
v 2.50000159 29.00000291 19.00000475
v 2.50000047 29.00000106 20.00000144
v 2.50000011 29.00000027 21.00000032
v 2.50000002 29.00000005 22.00000005
v 2.50000000 29.00000001 23.00000001
v 2.50000000 29.00000000 24.00000000
v 2.50000000 29.00000000 25.00000000
v 2.50000000 29.00000000 26.00000000
v 2.50000000 29.00000000 27.00000000
v 2.50000000 29.00000000 28.00000000
v 2.50000000 29.00000000 29.00000000
v 2.50000000 29.00000000 30.00000000
v 2.50000000 29.00000000 31.00000000
v 2.50000000 29.00000000 32.00000000
v 2.50000000 29.00000000 33.00000000
v 2.50000000 29.00000000 34.00000000
v 2.50000000 29.00000000 35.00000000
v 2.50000000 29.00000000 36.00000000
v 2.50000000 29.00000000 37.00000000
v 2.50000000 29.00000000 38.00000000
v 2.50000000 29.00000000 39.00000000
v 2.50000000 29.00000000 40.00000000
v 2.50000001 29.00000000 41.00000000
v 2.50000012 28.99999999 42.00000001
v 2.50000162 28.99999972 42.99999995
v 2.50001587 28.99999600 43.99999806
v 2.50011792 28.99996021 44.99997371
v 2.50067765 28.99970686 45.99977007
v 2.50305957 28.99834135 46.99853969
v 2.51099085 28.99259854 47.99288665
v 2.53172072 28.97345134 48.97249745
v 2.57414333 28.92303254 49.91357186
v 2.64330019 28.82552375 50.77901544
v 2.76353327 28.72058945 51.59484952
v 2.94136792 28.47076699 52.45404739
v 3.22873885 28.46709503 53.08010330
v 3.38097641 27.96790830 53.74442143
v 3.38304666 27.53107232 54.51636608
v 3.29356807 28.22168882 60.31307169
v 3.38829618 28.77496638 60.80551717
v 3.07981286 28.66506201 61.02255007
v 2.88587339 28.82314683 61.85445397
v 2.88882211 28.80252762 62.59597130
v 3.06001593 28.65881021 63.15742396
v 3.34099680 28.39096987 63.45821026
v 3.02684235 30.09338706 0.85057528
v 3.32937205 30.22701733 0.54190683
v 2.80737221 30.02106052 1.41712164
v 2.69260445 29.95667375 2.15384456
v 2.67017727 29.85515058 2.94167515
v 2.72498110 29.74452963 3.73278333
v 2.78740587 29.54311703 4.42759111
v 2.98153633 29.63997639 5.32551101
v 3.20968214 29.69707508 6.10806979
v 3.28942495 29.72802567 6.84949184
v 3.41681402 30.05762416 7.57590810
v 3.01218432 29.90920043 7.87921664
v 2.73434202 29.97423753 8.95974467
v 2.59098259 29.99074117 9.98787415
v 2.52954012 29.99650126 10.99642265
v 2.50787090 29.99883915 11.99901508
v 2.50169499 29.99968983 12.99976620
v 2.50029226 29.99993578 13.99995715
v 2.50004144 29.99999042 14.99999733
v 2.50000623 29.99999981 16.00000376
v 2.50000183 30.00000105 17.00000360
v 2.50000083 30.00000094 18.00000226
v 2.50000034 30.00000057 19.00000107
v 2.50000011 30.00000025 20.00000038
v 2.50000003 30.00000008 21.00000010
v 2.50000001 30.00000002 22.00000002
v 2.50000000 30.00000000 23.00000000
v 2.50000000 30.00000000 24.00000000
v 2.50000000 30.00000000 25.00000000
v 2.50000000 30.00000000 26.00000000
v 2.50000000 30.00000000 27.00000000
v 2.50000000 30.00000000 28.00000000
v 2.50000000 30.00000000 29.00000000
v 2.50000000 30.00000000 30.00000000
v 2.50000000 30.00000000 31.00000000
v 2.50000000 30.00000000 32.00000000
v 2.50000000 30.00000000 33.00000000
v 2.50000000 30.00000000 34.00000000
v 2.50000000 30.00000000 35.00000000
v 2.50000000 30.00000000 36.00000000
v 2.50000000 30.00000000 37.00000000
v 2.50000000 30.00000000 38.00000000
v 2.50000000 30.00000000 39.00000000
v 2.50000000 30.00000000 40.00000000
v 2.50000000 30.00000000 41.00000000
v 2.50000006 30.00000000 42.00000000
v 2.50000089 29.99999998 43.00000003
v 2.50000983 29.99999935 43.99999987
v 2.50008256 29.99998934 44.99999306
v 2.50053452 29.99989281 45.99990977
v 2.50271296 29.99923579 46.99927653
v 2.51093910 29.99586208 47.99581844
v 2.53540741 29.98218744 48.98138303
v 2.59248466 29.93673371 49.93317690
v 2.69270219 29.81017911 50.79650583
v 2.79672751 29.55203505 51.43141014
v 3.05109917 29.64269017 52.10624238
v 3.31007544 29.20790265 52.66351233
v 3.24289292 29.38098408 61.35112204
v 3.28809917 30.16603568 61.76076995
v 3.04357409 29.82680472 61.96134132
v 2.95935751 29.79294960 62.63705944
v 3.08402168 29.64618616 63.17233987
v 3.34311592 29.37391141 63.46975209
v 3.02896786 31.09039884 0.84597155
v 3.33206302 31.22453383 0.53730927
v 2.80845321 31.02205108 1.41852153
v 2.69991505 30.96853597 2.17923473
v 2.71058059 30.86793340 3.02166779
v 2.77595167 30.59783305 3.67905566
v 3.00577605 30.60571559 4.51722983
v 3.27611578 30.43102066 5.09758258
v 3.38828926 30.07744953 5.56110329
v 3.21818187 30.53829859 8.26596104
v 3.24821979 31.26034257 8.71472464
v 2.91867340 30.96741612 9.03412863
v 2.66764405 30.99010255 10.01399923
v 2.55867644 30.99569979 11.00336709
v 2.51717231 30.99824354 12.00043319
v 2.50410653 30.99943085 12.99996407
v 2.50078937 30.99985900 13.99996574
v 2.50012029 30.99997358 14.99999087
v 2.50001446 30.99999635 15.99999884
v 2.50000147 30.99999973 17.00000025
v 2.50000020 31.00000008 18.00000030
v 2.50000006 31.00000008 19.00000017
v 2.50000002 31.00000004 20.00000007
v 2.50000001 31.00000002 21.00000002
v 2.50000000 31.00000000 22.00000000
v 2.50000000 31.00000000 23.00000000
v 2.50000000 31.00000000 24.00000000
v 2.50000000 31.00000000 25.00000000
v 2.50000000 31.00000000 26.00000000
v 2.50000000 31.00000000 27.00000000
v 2.50000000 31.00000000 28.00000000
v 2.50000000 31.00000000 29.00000000
v 2.50000000 31.00000000 30.00000000
v 2.50000000 31.00000000 31.00000000
v 2.50000000 31.00000000 32.00000000
v 2.50000000 31.00000000 33.00000000
v 2.50000000 31.00000000 34.00000000
v 2.50000000 31.00000000 35.00000000
v 2.50000000 31.00000000 36.00000000
v 2.50000000 31.00000000 37.00000000
v 2.50000000 31.00000000 38.00000000
v 2.50000000 31.00000000 39.00000000
v 2.50000000 31.00000000 40.00000000
v 2.50000000 30.99999999 40.99999999
v 2.50000003 30.99999997 41.99999996
v 2.50000041 30.99999993 42.99999987
v 2.50000491 31.00000009 43.99999979
v 2.50004602 31.00000106 44.99999908
v 2.50033503 30.99999391 45.99997806
v 2.50191158 30.99986144 46.99974386
v 2.50865506 30.99883388 47.99813445
v 2.53148967 30.99342772 48.99024499
v 2.59324574 30.97133376 49.96091269
v 2.72757745 30.89303019 50.87520222
v 2.95615147 30.60560701 51.66540523
v 3.27862347 30.59714010 52.15321975
v 3.44542681 30.04418407 52.38394439
v 3.10276823 30.99599958 62.29358049
v 3.33587316 31.14525851 62.04395567
v 3.01849396 30.82856504 62.73572007
v 3.11326243 30.65162038 63.20347673
v 3.35009704 30.37515370 63.48302627
v 3.02832201 32.09067449 0.84437283
v 3.33322627 32.22359486 0.53616302
v 2.80312256 32.02764111 1.41914141
v 2.68707654 31.99247639 2.19452789
v 2.70416191 31.94700548 3.10825729
v 2.91928565 31.82199502 4.15987849
v 3.30817099 31.76181343 4.71345108
v 3.44601923 31.08831788 4.83068223
v 2.95209770 32.12376533 9.36049705
v 3.27840251 32.19702274 8.92635780
v 2.72263582 32.02753228 10.09825625
v 2.58823539 32.00472114 11.02662087
v 2.52883306 31.99998704 12.00621968
v 2.50769717 31.99961111 13.00115387
v 2.50165719 31.99983506 14.00015548
v 2.50028390 31.99995802 15.00001224
v 2.50003813 31.99999256 15.99999985
v 2.50000395 31.99999906 16.99999984
v 2.50000032 31.99999992 18.00000000
v 2.50000002 32.00000000 19.00000002
v 2.50000000 32.00000000 20.00000001
v 2.50000000 32.00000000 21.00000000
v 2.50000000 32.00000000 22.00000000
v 2.50000000 32.00000000 23.00000000
v 2.50000000 32.00000000 24.00000000
v 2.50000000 32.00000000 25.00000000
v 2.50000000 32.00000000 26.00000000
v 2.50000000 32.00000000 27.00000000
v 2.50000000 32.00000000 28.00000000
v 2.50000000 32.00000000 29.00000000
v 2.50000000 32.00000000 30.00000000
v 2.50000000 32.00000000 31.00000000
v 2.50000000 32.00000000 32.00000000
v 2.50000000 32.00000000 33.00000000
v 2.50000000 32.00000000 34.00000000
v 2.50000000 32.00000000 35.00000000
v 2.50000000 32.00000000 36.00000000
v 2.50000000 32.00000000 37.00000000
v 2.50000000 32.00000000 38.00000000
v 2.50000000 32.00000000 39.00000000
v 2.50000000 31.99999999 39.99999999
v 2.50000001 31.99999996 40.99999996
v 2.50000005 31.99999983 41.99999979
v 2.50000030 31.99999942 42.99999921
v 2.50000245 31.99999858 43.99999756
v 2.50002191 31.99999911 44.99999426
v 2.50017117 32.00001321 45.99998712
v 2.50108253 32.00008130 46.99992621
v 2.50546926 32.00024143 47.99936530
v 2.52219145 32.00014730 48.99588823
v 2.57313354 31.99763834 49.98041068
v 2.69923313 31.98627813 50.92877006
v 2.96706483 31.96364070 51.80754650
v 3.32890110 31.58845980 52.17608525
v 3.12357023 32.07040666 62.41123926
v 3.35888953 32.18923191 62.12824506
v 3.04359401 31.88634009 62.83435641
v 3.13338437 31.67190684 63.24458285
v 3.35800964 31.38487612 63.49950552
v 3.02852434 33.08946175 0.84360552
v 3.33618326 33.21975236 0.53655320
v 2.79711717 33.03034821 1.41715678
v 2.66517782 33.00587240 2.19149359
v 2.64359401 32.99569075 3.10448588
v 2.75641824 33.00832031 4.12108714
v 3.25009847 32.50487929 4.93147172
v 3.04928998 33.19215034 5.21416281
v 3.46008300 33.14508793 5.53703656
v 2.92459393 33.28097308 9.34533886
v 3.29339127 33.09117101 8.75143260
v 2.72439090 33.09732367 10.17185336
v 2.60119127 33.02790576 11.05905104
v 2.53734454 33.00640688 12.01658950
v 2.51119748 33.00102834 13.00380357
v 2.50270435 33.00006373 14.00069337
v 2.50052038 32.99997992 15.00009686
v 2.50007874 32.99999238 16.00000977
v 2.50000921 32.99999860 17.00000062
v 2.50000082 32.99999983 18.00000001
v 2.50000005 32.99999999 19.00000000
v 2.50000000 33.00000000 20.00000000
v 2.50000000 33.00000000 21.00000000
v 2.50000000 33.00000000 22.00000000
v 2.50000000 33.00000000 23.00000000
v 2.50000000 33.00000000 24.00000000
v 2.50000000 33.00000000 25.00000000
v 2.50000000 33.00000000 26.00000000
v 2.50000000 33.00000000 27.00000000
v 2.50000000 33.00000000 28.00000000
v 2.50000000 33.00000000 29.00000000
v 2.50000000 33.00000000 30.00000000
v 2.50000000 33.00000000 31.00000000
v 2.50000000 33.00000000 32.00000000
v 2.50000000 33.00000000 33.00000000
v 2.50000000 33.00000000 34.00000000
v 2.50000000 33.00000000 35.00000000
v 2.50000000 33.00000000 36.00000000
v 2.50000000 33.00000000 37.00000000
v 2.50000000 33.00000000 38.00000000
v 2.50000000 33.00000000 39.00000000
v 2.50000001 32.99999998 39.99999998
v 2.50000004 32.99999986 40.99999985
v 2.50000017 32.99999935 41.99999925
v 2.50000074 32.99999759 42.99999699
v 2.50000305 32.99999274 43.99998990
v 2.50001469 32.99998299 44.99997182
v 2.50008681 32.99997641 45.99993616
v 2.50053039 33.00003266 46.99987915
v 2.50285569 33.00039500 47.99971562
v 2.51271867 33.00180824 48.99864001
v 2.54619948 33.00611589 49.99246693
v 2.63715525 33.01735256 50.96564740
v 2.83285043 33.04383912 51.86801823
v 3.25644828 32.45602050 52.38245881
v 3.12242134 33.09153920 52.50061543
v 3.38979301 33.06314590 52.70509180
v 3.10028785 33.26658166 62.34969513
v 3.38606900 33.17365107 61.97804761
v 3.03822245 32.95094797 62.85867167
v 3.13793311 32.69839818 63.27070283
v 3.36301793 32.39666815 63.51288295
v 3.03371299 34.08229977 0.84388736
v 3.34535570 34.20506420 0.53935510
v 2.79579037 34.02846126 1.41529734
v 2.65037138 34.00849699 2.18542635
v 2.59532588 34.00455164 3.08789456
v 2.62897394 34.01725579 4.08018296
v 2.75813716 34.07380378 5.15723665
v 3.37336421 33.65559125 6.29271823
v 2.96948914 34.17300452 6.40725965
v 2.98600480 34.32830596 7.65790379
v 3.33666343 33.89442792 7.27108115
v 2.93449338 34.11474747 8.69094936
v 3.31564245 33.69325493 8.15855280
v 2.74273962 34.33589112 9.51818962
v 2.67343326 34.14228459 10.20872973
v 2.59014594 34.05189483 11.08239928
v 2.53772584 34.01561120 12.02699741
v 2.51274675 34.00375182 13.00721586
v 2.50345816 34.00068427 14.00155286
v 2.50074681 34.00008561 15.00026413
v 2.50012691 34.00000506 16.00003464
v 2.50001672 33.99999952 17.00000338
v 2.50000167 33.99999985 18.00000023
v 2.50000012 33.99999998 19.00000001
v 2.50000001 34.00000000 20.00000000
v 2.50000000 34.00000000 21.00000000
v 2.50000000 34.00000000 22.00000000
v 2.50000000 34.00000000 23.00000000
v 2.50000000 34.00000000 24.00000000
v 2.50000000 34.00000000 25.00000000
v 2.50000000 34.00000000 26.00000000
v 2.50000000 34.00000000 27.00000000
v 2.50000000 34.00000000 28.00000000
v 2.50000000 34.00000000 29.00000000
v 2.50000000 34.00000000 30.00000000
v 2.50000000 34.00000000 31.00000000
v 2.50000000 34.00000000 32.00000000
v 2.50000000 34.00000000 33.00000000
v 2.50000000 34.00000000 34.00000000
v 2.50000000 34.00000000 35.00000000
v 2.50000000 34.00000000 36.00000000
v 2.50000000 34.00000000 37.00000000
v 2.50000000 34.00000000 38.00000000
v 2.50000000 33.99999999 38.99999999
v 2.50000002 33.99999993 39.99999994
v 2.50000013 33.99999958 40.99999957
v 2.50000062 33.99999795 41.99999777
v 2.50000250 33.99999209 42.99999069
v 2.50000882 33.99997481 43.99996770
v 2.50002856 33.99993330 44.99990501
v 2.50009292 33.99985672 45.99976362
v 2.50034489 33.99977609 46.99951233
v 2.50147884 33.99989173 47.99918378
v 2.50638889 34.00094588 48.99881362
v 2.52456856 34.00524479 49.99765554
v 2.57975947 34.01907848 50.99139867
v 2.71682196 34.05763172 51.96648948
v 3.00695922 34.15234878 52.90019628
v 3.39758200 33.87042836 53.11685234
v 3.11933993 34.24731362 61.90447667
v 3.45180042 33.94710045 61.66783813
v 3.26026113 34.66092159 61.42810350
v 2.96408698 34.32094827 62.42665834
v 2.99530367 34.00093952 62.85560412
v 3.12611664 33.72054628 63.27312007
v 3.36303555 33.40469547 63.51626237
v 3.05042402 35.05902428 0.84618069
v 3.36708552 35.16132703 0.54806027
v 2.80345984 35.01903002 1.41451233
v 2.64673825 35.00554638 2.18147314
v 2.57138237 35.00302499 3.07573907
v 2.56057906 35.00838731 4.04678361
v 2.60361520 35.02763554 5.07287062
v 2.68476459 35.06525741 6.15857011
v 2.74153944 35.11389855 7.27500250
v 2.73547806 35.11283742 8.33988476
v 2.67697698 35.11460108 9.30550887
v 2.60951865 35.11075810 10.19331335
v 2.56382748 35.05531643 11.08605145
v 2.53013907 35.02101109 12.03194635
v 2.51146257 35.00630865 13.00972872
v 2.50349291 35.00148740 14.00239586
v 2.50084611 35.00026883 15.00047048
v 2.50016122 35.00003571 16.00007243
v 2.50002382 35.00000320 17.00000855
v 2.50000268 35.00000015 18.00000075
v 2.50000022 35.00000000 19.00000005
v 2.50000001 35.00000000 20.00000000
v 2.50000000 35.00000000 21.00000000
v 2.50000000 35.00000000 22.00000000
v 2.50000000 35.00000000 23.00000000
v 2.50000000 35.00000000 24.00000000
v 2.50000000 35.00000000 25.00000000
v 2.50000000 35.00000000 26.00000000
v 2.50000000 35.00000000 27.00000000
v 2.50000000 35.00000000 28.00000000
v 2.50000000 35.00000000 29.00000000
v 2.50000000 35.00000000 30.00000000
v 2.50000000 35.00000000 31.00000000
v 2.50000000 35.00000000 32.00000000
v 2.50000000 35.00000000 33.00000000
v 2.50000000 35.00000000 34.00000000
v 2.50000000 35.00000000 35.00000000
v 2.50000000 35.00000000 36.00000000
v 2.50000000 35.00000000 37.00000000
v 2.50000000 35.00000000 38.00000000
v 2.50000001 34.99999999 38.99999999
v 2.50000006 34.99999986 39.99999987
v 2.50000038 34.99999901 40.99999904
v 2.50000189 34.99999477 41.99999461
v 2.50000767 34.99997836 42.99997612
v 2.50002653 34.99992777 43.99991364
v 2.50008058 34.99979943 44.99973746
v 2.50022019 34.99953149 45.99931730
v 2.50056274 34.99909090 46.99848220
v 2.50145044 34.99861289 47.99717271
v 2.50411573 34.99866475 48.99574191
v 2.51289430 35.00086617 49.99506970
v 2.54031848 35.00977702 50.99597068
v 2.61389489 35.03765375 51.99840245
v 2.77727440 35.11554137 53.00484388
v 3.29356788 34.63978345 53.65110010
v 3.06944089 35.32920099 54.03881281
v 3.45154427 35.25163047 54.32471397
v 2.99488330 35.41245682 61.52100325
v 3.28075739 35.31613031 60.99690117
v 2.91270054 35.15348009 62.23541490
v 2.94457460 34.97680590 62.81009696
v 3.10461263 34.72052465 63.25195325
v 3.35846396 34.40208506 63.50538263
v 3.08869266 35.99799750 0.85178304
v 3.40690028 36.05246683 0.57004315
v 2.82735499 35.99438233 1.41438533
v 2.65536924 35.99676907 2.17948645
v 2.56575102 35.99913715 3.06973791
v 2.53353090 36.00201479 4.02950911
v 2.53812124 36.00835138 5.02824994
v 2.56555033 36.02093922 6.05509759
v 2.59619897 36.03831568 7.10063240
v 2.60794747 36.04898669 8.14021784
v 2.59379991 36.05089566 9.14660688
v 2.56503704 36.04949040 10.11451637
v 2.53815706 36.03687035 11.06600078
v 2.51954355 36.01832016 12.02864426
v 2.50825098 36.00681593 13.00994521
v 2.50280953 36.00195928 14.00277634
v 2.50076182 36.00043540 15.00061844
v 2.50016253 36.00007376 16.00010854
v 2.50002690 36.00000928 17.00001475
v 2.50000339 36.00000083 18.00000152
v 2.50000032 36.00000005 19.00000011
v 2.50000002 36.00000000 20.00000001
v 2.50000000 36.00000000 21.00000000
v 2.50000000 36.00000000 22.00000000
v 2.50000000 36.00000000 23.00000000
v 2.50000000 36.00000000 24.00000000
v 2.50000000 36.00000000 25.00000000
v 2.50000000 36.00000000 26.00000000
v 2.50000000 36.00000000 27.00000000
v 2.50000000 36.00000000 28.00000000
v 2.50000000 36.00000000 29.00000000
v 2.50000000 36.00000000 30.00000000
v 2.50000000 36.00000000 31.00000000
v 2.50000000 36.00000000 32.00000000
v 2.50000000 36.00000000 33.00000000
v 2.50000000 36.00000000 34.00000000
v 2.50000000 36.00000000 35.00000000
v 2.50000000 36.00000000 36.00000000
v 2.50000000 36.00000000 37.00000000
v 2.50000000 36.00000000 38.00000000
v 2.50000001 35.99999998 38.99999998
v 2.50000014 35.99999977 39.99999978
v 2.50000093 35.99999819 40.99999826
v 2.50000489 35.99998928 41.99998942
v 2.50002045 35.99995138 42.99994949
v 2.50007120 35.99982590 43.99980604
v 2.50021374 35.99949197 44.99938476
v 2.50056684 35.99875765 45.99834576
v 2.50135109 35.99742044 46.99616668
v 2.50293989 35.99548506 47.99234175
v 2.50601399 35.99357904 48.98709919
v 2.51213973 35.99317479 49.98241000
v 2.52579364 35.99689528 50.98190537
v 2.55893126 36.01098977 51.98953391
v 2.63478120 36.05084748 53.01107535
v 2.78019237 36.14802293 54.06597571
v 3.33143084 35.83350085 55.03023617
v 2.99962028 36.34075367 55.22532742
v 3.13667023 36.68565938 56.39291804
v 3.28704955 36.26948503 55.77200846
v 3.47055203 36.50800090 56.48083218
v 3.05901033 36.69804038 59.74746108
v 3.44378716 36.32637319 59.61666756
v 3.24404657 36.69631943 59.01383619
v 2.98144575 36.25929432 60.77662603
v 3.34555807 35.92958464 60.33879576
v 2.83096481 36.35489450 61.49102181
v 2.83811803 36.10436023 62.07875494
v 2.91034273 35.91485920 62.70028865
v 3.08726669 35.69050228 63.19376452
v 3.35304689 35.38086055 63.47177356
v 3.16024380 36.85413956 0.85970571
v 3.46422248 36.82163427 0.62360332
v 2.87988801 36.94794981 1.41223556
v 2.68017639 36.98059720 2.17878973
v 2.57293883 36.99298758 3.06720908
v 2.52800869 36.99750402 4.02170976
v 2.51703470 37.00000696 5.00845545
v 2.52288724 37.00371490 6.01225325
v 2.53477273 37.00947421 7.02689038
v 2.54317530 37.01516247 8.04485218
v 2.54209275 37.01836429 9.05531390
v 2.53256049 37.01907025 10.05134399
v 2.52050366 37.01661403 11.03600365
v 2.51088176 37.01083534 12.01907340
v 2.50491430 37.00507012 13.00774552
v 2.50183222 37.00177506 14.00247401
v 2.50055057 37.00047353 15.00062471
v 2.50013090 37.00009627 16.00012395
v 2.50002420 37.00001474 17.00001908
v 2.50000341 37.00000166 18.00000223
v 2.50000036 37.00000013 19.00000019
v 2.50000003 37.00000001 20.00000001
v 2.50000000 37.00000000 21.00000000
v 2.50000000 37.00000000 22.00000000
v 2.50000000 37.00000000 23.00000000
v 2.50000000 37.00000000 24.00000000
v 2.50000000 37.00000000 25.00000000
v 2.50000000 37.00000000 26.00000000
v 2.50000000 37.00000000 27.00000000
v 2.50000000 37.00000000 28.00000000
v 2.50000000 37.00000000 29.00000000
v 2.50000000 37.00000000 30.00000000
v 2.50000000 37.00000000 31.00000000
v 2.50000000 37.00000000 32.00000000
v 2.50000000 37.00000000 33.00000000
v 2.50000000 37.00000000 34.00000000
v 2.50000000 37.00000000 35.00000000
v 2.50000000 37.00000000 36.00000000
v 2.50000000 37.00000000 37.00000000
v 2.50000000 37.00000000 38.00000000
v 2.50000002 36.99999998 38.99999998
v 2.50000025 36.99999971 39.99999970
v 2.50000185 36.99999740 40.99999743
v 2.50001050 36.99998263 41.99998300
v 2.50004661 36.99991189 42.99991217
v 2.50016756 36.99965264 43.99963714
v 2.50050642 36.99890875 44.99877718
v 2.50133117 36.99719122 45.99656743
v 2.50311264 36.99389890 46.99177520
v 2.50657287 36.98864804 47.98289274
v 2.51261863 36.98197148 48.96904657
v 2.52228506 36.97650625 49.95263389
v 2.53616408 36.97561658 50.94168895
v 2.55496148 36.98166440 51.94591962
v 2.58460244 37.00035165 52.96970182
v 2.63952129 37.04322489 54.01530659
v 2.73155651 37.12200534 55.09604720
v 2.84237222 37.23176528 56.22198244
v 3.36811255 36.77314898 57.31018410
v 2.97945224 37.25267245 57.45745299
v 2.94859385 37.27956521 58.77590045
v 3.28103181 36.85242223 58.24047005
v 2.81072225 37.47115786 59.65584669
v 2.80360927 37.25365646 60.41431292
v 2.77451982 37.10567396 61.23484550
v 2.78329896 36.97713010 61.94042468
v 2.88643387 36.83545961 62.56050571
v 3.08423922 36.64439100 63.08686580
v 3.35305817 36.33055173 63.40281951
v 3.27027641 37.45546785 0.85668488
v 3.28033741 38.22180143 1.08511517
v 2.98731134 37.91720453 1.39121260
v 2.72521579 37.96588138 2.18384816
v 2.59117356 37.98559110 3.06834670
v 2.53346282 37.99221379 4.01715720
v 2.51551070 37.99327543 4.99609961
v 2.51507531 37.99346493 5.98832114
v 2.52056197 37.99489281 6.98915545
v 2.52513388 37.99760557 7.99672271
v 2.52487441 38.00075723 9.00644139
v 2.51968939 38.00339650 10.01254406
v 2.51255602 38.00464377 11.01257144
v 2.50657827 38.00411411 12.00862196
v 2.50290389 38.00253330 13.00432940
v 2.50109060 38.00111393 14.00164210
v 2.50034242 38.00036161 15.00048023
v 2.50008752 38.00008793 16.00010883
v 2.50001771 38.00001600 17.00001900
v 2.50000276 38.00000215 18.00000252
v 2.50000032 38.00000021 19.00000025
v 2.50000003 38.00000001 20.00000002
v 2.50000000 38.00000000 21.00000000
v 2.50000000 38.00000000 22.00000000
v 2.50000000 38.00000000 23.00000000
v 2.50000000 38.00000000 24.00000000
v 2.50000000 38.00000000 25.00000000
v 2.50000000 38.00000000 26.00000000
v 2.50000000 38.00000000 27.00000000
v 2.50000000 38.00000000 28.00000000
v 2.50000000 38.00000000 29.00000000
v 2.50000000 38.00000000 30.00000000
v 2.50000000 38.00000000 31.00000000
v 2.50000000 38.00000000 32.00000000
v 2.50000000 38.00000000 33.00000000
v 2.50000000 38.00000000 34.00000000
v 2.50000000 38.00000000 35.00000000
v 2.50000000 38.00000000 36.00000000
v 2.50000000 38.00000000 37.00000000
v 2.50000000 38.00000000 38.00000000
v 2.50000003 37.99999998 38.99999997
v 2.50000037 37.99999972 39.99999966
v 2.50000301 37.99999709 40.99999680
v 2.50001865 37.99997787 41.99997719
v 2.50008941 37.99987310 42.99987307
v 2.50034077 37.99943896 43.99943552
v 2.50106315 37.99804993 44.99795812
v 2.50280908 37.99456926 45.99390433
v 2.50650916 37.98758035 46.98474906
v 2.51350551 37.97584032 47.96721434
v 2.52551414 37.95936898 48.93837416
v 2.54387884 37.94064813 49.89782572
v 2.57010200 37.93010023 50.85704052
v 2.59964800 37.93201106 51.84303488
v 2.62053892 37.94285910 52.87283723
v 2.62977749 37.96972923 53.93351723
v 2.64093083 38.01324005 55.00392444
v 2.66961016 38.06341248 56.08088577
v 2.71574623 38.09831585 57.18025460
v 2.73741324 38.11751342 58.29501135
v 2.71047354 38.15176723 59.32060382
v 2.69274167 38.12570349 60.21248636
v 2.71731106 38.00956421 61.04496690
v 2.78052453 37.84417238 61.81063463
v 2.86757969 37.58922410 62.37573368
v 3.10535791 37.65882599 62.89928530
v 3.37047542 37.22485492 63.28928176
v 3.01691801 39.03144885 1.60843964
v 3.33414710 39.13564450 1.30291589
v 2.77083624 38.97706207 2.23550441
v 2.61649077 38.98196106 3.08159338
v 2.54573905 38.98535437 4.01516548
v 2.52369784 38.98234133 4.98198285
v 2.52467943 38.97762161 5.95964898
v 2.53423139 38.97568305 6.94633468
v 2.54249480 38.97719421 7.94727469
v 2.54247515 38.98176282 8.96146902
v 2.53333264 38.98861326 9.97968181
v 2.52040139 38.99490983 10.99298322
v 2.50981749 38.99863460 11.99911183
v 2.50379578 39.00006354 13.00064792
v 2.50120460 39.00027429 14.00053275
v 2.50032000 39.00015078 15.00022339
v 2.50007186 39.00005005 16.00006429
v 2.50001354 39.00001150 17.00001351
v 2.50000208 39.00000189 18.00000209
v 2.50000025 39.00000022 19.00000024
v 2.50000002 39.00000002 20.00000002
v 2.50000000 39.00000000 21.00000000
v 2.50000000 39.00000000 22.00000000
v 2.50000000 39.00000000 23.00000000
v 2.50000000 39.00000000 24.00000000
v 2.50000000 39.00000000 25.00000000
v 2.50000000 39.00000000 26.00000000
v 2.50000000 39.00000000 27.00000000
v 2.50000000 39.00000000 28.00000000
v 2.50000000 39.00000000 29.00000000
v 2.50000000 39.00000000 30.00000000
v 2.50000000 39.00000000 31.00000000
v 2.50000000 39.00000000 32.00000000
v 2.50000000 39.00000000 33.00000000
v 2.50000000 39.00000000 34.00000000
v 2.50000000 38.99999999 34.99999999
v 2.50000001 38.99999999 35.99999998
v 2.50000001 38.99999999 36.99999996
v 2.50000002 38.99999998 37.99999995
v 2.50000006 38.99999997 38.99999992
v 2.50000047 38.99999978 39.99999962
v 2.50000404 38.99999749 40.99999661
v 2.50002733 38.99997803 41.99997407
v 2.50014294 38.99985626 42.99984486
v 2.50058851 38.99927967 43.99926051
v 2.50194795 38.99717944 44.99713644
v 2.50531108 38.99123979 45.99084326
v 2.51232019 38.97814915 46.97555545
v 2.52531419 38.95538680 47.94517806
v 2.54678204 38.92149541 48.89350360
v 2.57990739 38.87990542 49.81825777
v 2.62299809 38.83294531 50.71734445
v 2.68640551 38.83165639 51.63597896
v 2.74128525 38.84197073 52.65587499
v 2.74709958 38.86219339 53.77362366
v 2.70384579 38.92356999 54.90384294
v 2.64770022 38.97418295 55.99186704
v 2.62192091 39.01042107 57.04883854
v 2.61986204 39.02737292 58.09255621
v 2.62341223 39.02863500 59.10120286
v 2.63736829 39.00272794 60.03710675
v 2.68858294 38.93182560 60.89441876
v 2.80025134 38.79273186 61.68269880
v 2.99283753 38.50164674 62.41366839
v 3.28439009 38.50243086 62.86206763
v 3.45903476 38.01774514 63.12436620
v 3.07462484 39.98725586 1.73857233
v 3.39723593 40.02789242 1.46327220
v 2.81349986 39.98137048 2.31691354
v 2.64513912 39.98005804 3.11070477
v 2.56301980 39.97722197 4.01885959
v 2.53908173 39.96495921 4.96632687
v 2.54641455 39.94660078 5.91770052
v 2.56980046 39.93477749 6.87182885
v 2.59613488 39.93418702 7.85198852
v 2.60706005 39.93991729 8.87303077
v 2.59258378 39.95544268 9.91901554
v 2.56098205 39.97529741 10.96103082
v 2.53059161 39.98899244 11.98526859
v 2.51205936 39.99612110 12.99545813
v 2.50377976 39.99893505 13.99888233
v 2.50094458 39.99978202 14.99979394
v 2.50018810 39.99997022 15.99997566
v 2.50002979 39.99999835 16.99999941
v 2.50000374 40.00000030 18.00000042
v 2.50000037 40.00000009 19.00000009
v 2.50000003 40.00000001 20.00000001
v 2.50000000 40.00000000 21.00000000
v 2.50000000 40.00000000 22.00000000
v 2.50000000 40.00000000 23.00000000
v 2.50000000 40.00000000 24.00000000
v 2.50000000 40.00000000 25.00000000
v 2.50000000 40.00000000 26.00000000
v 2.50000000 40.00000000 27.00000000
v 2.50000000 40.00000000 28.00000000
v 2.50000000 40.00000000 29.00000000
v 2.50000000 40.00000000 30.00000000
v 2.50000000 40.00000000 31.00000000
v 2.50000000 40.00000000 32.00000000
v 2.50000000 39.99999999 32.99999999
v 2.50000001 39.99999998 33.99999997
v 2.50000002 39.99999995 34.99999991
v 2.50000006 39.99999990 35.99999978
v 2.50000013 39.99999984 36.99999960
v 2.50000023 39.99999980 37.99999942
v 2.50000036 39.99999978 38.99999929
v 2.50000080 39.99999971 39.99999908
v 2.50000475 39.99999828 40.99999656
v 2.50003331 39.99998332 41.99997490
v 2.50018988 39.99987374 42.99983852
v 2.50085234 39.99927500 43.99917159
v 2.50305050 39.99677054 44.99657268
v 2.50884647 39.98862790 45.98834090
v 2.52118739 39.96794571 46.96675265
v 2.54317171 39.92745548 47.91961998
v 2.57936440 39.86814450 48.83811190
v 2.63007346 39.78550141 49.71214175
v 2.70696540 39.70747744 50.55945304
v 2.76804625 39.55877223 51.31041524
v 2.94730913 39.73669373 52.19845010
v 2.98814532 39.59808693 53.40878244
v 2.95456372 39.78036697 54.73357526
v 2.77409565 39.87036707 55.92968365
v 2.65313290 39.94184386 56.98826615
v 2.59655503 39.97453066 58.00544409
v 2.58899846 39.97160590 58.99154544
v 2.61798932 39.92929811 59.92346755
v 2.68370551 39.83939463 60.76202291
v 2.81661476 39.74738485 61.50903398
v 3.02984473 39.56801183 62.15998197
v 3.30946793 39.27859705 62.60832383
v 3.16072995 40.84195799 1.81527132
v 3.46605435 40.80279412 1.58578138
v 2.88027234 40.93846908 2.36949802
v 2.68302758 40.96866138 3.14246186
v 2.58589958 40.96858999 4.03052510
v 2.56097834 40.94371736 4.95706049
v 2.58029878 40.90176188 5.87480978
v 2.62181138 40.85080282 6.76430030
v 2.68568339 40.84538316 7.67151390
v 2.73791293 40.85045007 8.67528992
v 2.73414649 40.86642780 9.77407708
v 2.67309422 40.92402397 10.88854602
v 2.59272099 40.96386742 11.95732161
v 2.53920950 40.98627936 12.98543245
v 2.51329692 40.99568739 13.99561758
v 2.50361686 40.99887436 14.99887447
v 2.50078418 40.99975973 15.99976123
v 2.50013424 40.99995898 16.99995931
v 2.50001795 40.99999453 17.99999453
v 2.50000186 40.99999944 18.99999941
v 2.50000015 40.99999996 19.99999994
v 2.50000001 41.00000000 20.99999999
v 2.50000000 41.00000000 22.00000000
v 2.50000000 41.00000000 23.00000000
v 2.50000000 41.00000000 24.00000000
v 2.50000000 41.00000000 25.00000000
v 2.50000000 41.00000000 26.00000000
v 2.50000000 41.00000000 27.00000000
v 2.50000000 41.00000000 28.00000000
v 2.50000000 41.00000000 29.00000000
v 2.50000000 41.00000000 30.00000000
v 2.50000000 41.00000000 31.00000000
v 2.50000000 40.99999999 31.99999999
v 2.50000001 40.99999996 32.99999995
v 2.50000004 40.99999987 33.99999982
v 2.50000013 40.99999965 34.99999943
v 2.50000039 40.99999924 35.99999857
v 2.50000093 40.99999869 36.99999709
v 2.50000180 40.99999818 37.99999527
v 2.50000282 40.99999791 38.99999379
v 2.50000384 40.99999796 39.99999329
v 2.50000746 40.99999773 40.99999237
v 2.50003585 40.99999001 41.99997681
v 2.50021068 40.99991654 42.99985809
v 2.50103006 40.99943983 43.99921117
v 2.50402165 40.99712445 44.99646450
v 2.51264059 40.98843422 45.98714148
v 2.53239137 40.96275805 46.96131441
v 2.56847474 40.90260752 47.90091739
v 2.62131846 40.79512666 48.77706664
v 2.70588504 40.68156637 49.60490151
v 2.78227956 40.47261710 50.32050493
v 2.99390213 40.50339111 51.19157315
v 3.24464832 40.41948958 51.99690856
v 3.35425272 40.12054568 52.83941198
v 3.30874820 40.04333463 54.03695643
v 3.26644111 40.31826698 55.00926933
v 3.42471010 40.73554929 55.61625362
v 3.05794917 40.66209299 55.95135138
v 2.79902898 40.84065769 56.98084338
v 2.65358685 40.92260020 57.97195227
v 2.60555774 40.93501863 58.93531334
v 2.63302616 40.89001894 59.85401911
v 2.71920339 40.76512038 60.68922689
v 2.82207446 40.52758528 61.31252506
v 3.07835907 40.62144106 61.90621941
v 3.34753240 40.18876243 62.36915699
v 3.27987843 41.43502837 1.84235041
v 3.30432658 42.17366967 2.08794138
v 3.00403477 41.89300840 2.37971141
v 2.74045682 41.95046242 3.16989282
v 2.61610751 41.96263848 4.04991450
v 2.58888201 41.93281431 4.96982550
v 2.62150242 41.85005768 5.85130655
v 2.70013530 41.76281680 6.68878943
v 2.76613469 41.60008356 7.40734549
v 2.94858373 41.77321876 8.28033522
v 2.98438691 41.61431487 9.43109519
v 2.93519879 41.80692849 10.72717404
v 2.73729061 41.90342326 11.91241614
v 2.60573210 41.96454717 12.96971885
v 2.53856837 41.98875676 13.99006302
v 2.51148098 41.99687417 14.99708658
v 2.50276491 41.99925339 15.99927060
v 2.50053355 41.99985085 16.99984858
v 2.50008207 41.99997557 17.99997398
v 2.50001023 41.99999672 18.99999609
v 2.50000113 41.99999962 19.99999941
v 2.50000013 41.99999996 20.99999990
v 2.50000002 42.00000000 21.99999998
v 2.50000000 42.00000000 23.00000000
v 2.50000000 42.00000000 24.00000000
v 2.50000000 42.00000000 25.00000000
v 2.50000000 42.00000000 26.00000000
v 2.50000000 42.00000000 27.00000000
v 2.50000000 42.00000000 28.00000000
v 2.50000000 42.00000000 29.00000000
v 2.50000000 42.00000000 30.00000000
v 2.50000000 41.99999999 30.99999999
v 2.50000001 41.99999996 31.99999996
v 2.50000004 41.99999983 32.99999979
v 2.50000017 41.99999938 33.99999918
v 2.50000062 41.99999819 34.99999732
v 2.50000191 41.99999572 35.99999273
v 2.50000492 41.99999188 36.99998391
v 2.50001043 41.99998760 37.99997116
v 2.50001795 41.99998450 38.99995826
v 2.50002504 41.99998379 39.99995124
v 2.50003045 41.99998559 40.99995314
v 2.50005154 41.99998678 41.99995363
v 2.50020716 41.99995748 42.99988272
v 2.50104146 41.99968480 43.99937925
v 2.50443305 41.99807495 44.99694286
v 2.51522492 41.99099333 45.98776573
v 2.54243032 41.96674395 46.96023405
v 2.59711610 41.90025681 47.89380364
v 2.68333678 41.74939080 48.75773294
v 2.76448715 41.47155552 49.44163954
v 2.99317843 41.47220323 50.26891408
v 3.26871321 41.33031808 50.93620940
v 3.39891542 40.92797759 51.46026687
v 3.28717568 41.23460515 56.32141334
v 3.38076823 41.78373013 56.81843274
v 3.04724889 41.67902626 57.05998295
v 2.78229610 41.85868125 57.98169709
v 2.66551381 41.89309569 58.90195983
v 2.67090957 41.85849051 59.78660829
v 2.77527235 41.74714855 60.61161875
v 2.97313609 41.47222249 61.38159306
v 3.27497456 41.48664902 61.86223151
v 3.44956512 40.99892776 62.14964275
v 3.06362697 42.96056451 2.61239912
v 3.38149448 43.01399725 2.32437246
v 2.80613019 42.94483826 3.23334411
v 2.65194913 42.96147694 4.07894412
v 2.61467063 42.94479938 5.00346970
v 2.67439137 42.85679258 5.91446191
v 2.75738091 42.60126574 6.60590621
v 2.98894446 42.63796710 7.46722433
v 3.25618381 42.49546704 8.15885676
v 3.36037064 42.15273934 8.90367765
v 3.30216804 42.06748131 10.04589935
v 3.24341478 42.36896930 10.99231178
v 3.38685804 42.84763456 11.56540330
v 3.00446735 42.76537707 11.91602923
v 2.73154748 42.93399024 12.96246110
v 2.58915845 42.98104579 13.98590363
v 2.52873643 42.99462124 14.99513462
v 2.50763929 42.99857343 15.99852268
v 2.50165932 42.99966335 16.99961537
v 2.50029702 42.99993041 17.99991107
v 2.50004669 42.99998694 18.99997969
v 2.50000763 42.99999761 19.99999502
v 2.50000148 42.99999957 20.99999878
v 2.50000030 42.99999992 21.99999974
v 2.50000005 42.99999998 22.99999994
v 2.50000002 42.99999998 23.99999996
v 2.50000002 42.99999998 24.99999995
v 2.50000003 42.99999998 25.99999994
v 2.50000003 42.99999999 26.99999995
v 2.50000002 42.99999999 27.99999997
v 2.50000001 43.00000000 28.99999998
v 2.50000001 42.99999999 29.99999999
v 2.50000001 42.99999997 30.99999997
v 2.50000004 42.99999986 31.99999985
v 2.50000017 42.99999935 32.99999925
v 2.50000070 42.99999758 33.99999698
v 2.50000250 42.99999257 34.99998980
v 2.50000774 42.99998113 35.99997091
v 2.50002069 42.99996093 36.99993072
v 2.50004689 42.99993453 37.99986428
v 2.50008820 42.99991063 38.99978377
v 2.50013534 42.99989866 39.99972161
v 2.50016880 42.99990279 40.99971092
v 2.50018319 42.99992125 41.99975422
v 2.50027096 42.99994160 42.99979007
v 2.50093194 42.99987242 43.99955405
v 2.50408120 42.99912662 44.99790174
v 2.51532898 42.99495763 45.99058734
v 2.54680987 42.97791332 46.96533806
v 2.61670632 42.92357972 47.89610735
v 2.74226336 42.78413990 48.75235232
v 2.93696324 42.46045588 49.56675867
v 3.24201567 42.46522580 50.10823232
v 3.41082797 41.98099752 50.50845679
v 3.21774291 42.38999005 57.38104643
v 3.26055689 43.17455287 57.79398971
v 2.96217893 42.84550069 58.05353873
v 2.76045582 42.85436361 58.89730888
v 2.72513804 42.79296836 59.71075933
v 2.82223922 42.71832958 60.46495442
v 3.02591398 42.55001705 61.13265887
v 3.30500211 42.26755618 61.59796996
v 3.16662447 43.81265351 2.74911643
v 3.47007234 43.76169207 2.51913829
v 2.88859640 43.91213619 3.31792016
v 2.69653106 43.95405602 4.11657715
v 2.62910381 43.96406225 5.03435219
v 2.69259207 43.92891642 5.99439938
v 2.92384443 43.79238507 6.99027148
v 3.28677048 43.74064563 7.54920489
v 3.42817126 43.10504915 7.79656298
v 3.20555244 43.45685535 12.22699057
v 3.24858422 44.25804552 12.59353407
v 2.90779081 43.97055744 12.98454093
v 2.66052686 43.99548188 13.99551314
v 2.55574029 43.99833312 14.99685370
v 2.51637837 43.99913777 15.99828597
v 2.50404545 43.99961432 16.99926518
v 2.50087659 43.99985155 17.99971553
v 2.50019137 43.99994815 18.99989187
v 2.50004949 43.99998372 19.99996100
v 2.50001412 43.99999563 20.99998782
v 2.50000361 43.99999900 21.99999687
v 2.50000078 43.99999973 22.99999920
v 2.50000024 43.99999982 23.99999952
v 2.50000024 43.99999980 24.99999941
v 2.50000033 43.99999979 25.99999931
v 2.50000036 43.99999981 26.99999934
v 2.50000032 43.99999986 27.99999949
v 2.50000023 43.99999991 28.99999968
v 2.50000013 43.99999995 29.99999984
v 2.50000007 43.99999992 30.99999988
v 2.50000015 43.99999957 31.99999955
v 2.50000062 43.99999795 32.99999777
v 2.50000249 43.99999209 33.99999070
v 2.50000870 43.99997477 34.99996769
v 2.50002666 43.99993266 35.99990467
v 2.50007194 43.99985018 36.99976061
v 2.50016952 43.99972594 37.99949454
v 2.50034184 43.99959089 38.99911859
v 2.50057501 43.99949677 39.99874940
v 2.50078999 43.99947849 40.99856919
v 2.50088060 43.99953907 41.99868510
v 2.50084996 43.99966129 42.99901859
v 2.50110092 43.99980419 43.99928821
v 2.50330034 43.99977593 44.99874620
v 2.51280405 43.99843198 45.99464241
v 2.54304733 43.99062276 46.97743588
v 2.61835057 43.95921874 47.92008298
v 2.76505954 43.86117528 48.76130940
v 2.99242067 43.64405960 49.42836412
v 3.29188038 43.33839400 49.85463558
v 3.02852568 43.99644531 58.36189384
v 3.31596943 44.14970329 58.06031410
v 2.85174577 43.85533611 58.94086656
v 2.80897237 43.72968402 59.67086794
v 2.85525748 43.50256310 60.27563409
v 3.08970947 43.60137573 60.87129512
v 3.34709578 43.17744750 61.35075863
v 3.30124084 44.37841214 2.81417187
v 3.34735453 45.05294452 3.08996141
v 3.03969205 44.83105247 3.35953154
v 2.76764746 44.92575669 4.15548489
v 2.64438264 44.96712320 5.05654539
v 2.65918936 44.97795573 6.02015562
v 2.82358101 44.97493377 6.97837203
v 3.23687210 44.43748452 7.58453056
v 3.11715967 45.02795911 7.66987970
v 3.39699528 45.03429959 7.88557542
v 2.92584303 45.33308217 13.19426436
v 3.32283661 45.18482184 12.62674117
v 2.70366469 45.08132241 14.05155396
v 2.58062919 45.02005754 15.01066887
v 2.52703650 45.00389352 16.00030243
v 2.50795758 45.00015282 16.99867363
v 2.50230664 44.99962336 17.99895486
v 2.50077961 44.99974009 18.99941562
v 2.50030339 44.99988583 19.99973599
v 2.50011176 44.99996227 20.99990392
v 2.50003389 44.99998999 21.99997195
v 2.50000827 44.99999728 22.99999248
v 2.50000231 44.99999838 23.99999609
v 2.50000198 44.99999814 24.99999517
v 2.50000281 44.99999791 25.99999381
v 2.50000347 44.99999798 26.99999346
v 2.50000344 44.99999835 27.99999442
v 2.50000271 44.99999888 28.99999617
v 2.50000170 44.99999937 29.99999789
v 2.50000088 44.99999959 30.99999897
v 2.50000069 44.99999893 31.99999875
v 2.50000198 44.99999476 32.99999459
v 2.50000769 44.99997840 33.99997624
v 2.50002653 44.99992783 34.99991386
v 2.50008020 44.99979937 35.99973765
v 2.50021499 44.99952966 36.99931650
v 2.50051209 44.99907345 37.99847368
v 2.50107515 44.99848996 38.99712087
v 2.50194573 44.99797884 39.99551333
v 2.50294312 44.99774340 40.99433278
v 2.50362595 44.99784655 41.99426437
v 2.50360431 44.99824566 42.99537239
v 2.50307597 44.99884378 43.99700323
v 2.50348517 44.99951170 44.99820683
v 2.50924712 45.00007274 45.99753530
v 2.53230902 44.99941712 46.99041915
v 2.59903530 44.99165069 47.96134755
v 2.75125472 44.95326902 48.86294386
v 3.00984534 44.78591286 49.53062279
v 3.33270504 44.43820448 49.83616606
v 3.06953362 45.04852493 58.42548192
v 3.34826998 45.18801286 58.09603576
v 2.91121795 44.85518883 58.95572169
v 2.89597376 44.70745270 59.59561001
v 3.02131949 44.44599648 60.32164666
v 3.28841227 44.44733393 60.80700811
v 3.44877688 43.97703178 61.11604006
v 3.14607603 45.79477085 3.61006021
v 3.44698222 45.75488408 3.36074939
v 2.86954054 45.88442007 4.22630810
v 2.68232225 45.95058038 5.08294064
v 2.62917389 45.98508326 6.03886927
v 2.71663353 46.01137867 7.04897929
v 2.99610496 46.07693509 8.11931558
v 3.44158166 45.81551079 8.38268947
v 2.98780601 46.36863048 12.63233586
v 3.43040213 45.88795297 12.32322862
v 3.22067190 46.49925296 11.93560897
v 2.76089374 46.43197983 13.47432293
v 2.67535286 46.17168081 14.14861912
v 2.58573680 46.05321136 15.03823846
v 2.53517550 46.01237669 16.00425965
v 2.51379090 46.00057065 16.99608500
v 2.50613523 45.99826153 17.99569387
v 2.50319434 45.99859456 18.99712937
v 2.50164163 45.99929451 19.99852895
v 2.50071528 45.99973801 20.99940374
v 2.50024746 45.99992282 21.99980707
v 2.50006775 45.99997844 22.99994522
v 2.50001827 45.99998875 23.99997497
v 2.50001243 45.99998718 24.99997014
v 2.50001812 45.99998447 25.99995841
v 2.50002479 45.99998378 26.99995149
v 2.50002745 45.99998560 27.99995432
v 2.50002424 45.99998923 28.99996540
v 2.50001697 45.99999333 29.99997899
v 2.50000945 45.99999648 30.99998968
v 2.50000489 45.99999693 31.99999452
v 2.50000615 45.99998900 32.99998863
v 2.50002073 45.99995160 33.99995011
v 2.50007127 45.99982647 34.99980767
v 2.50021382 45.99949281 35.99938720
v 2.50056615 45.99875821 36.99834833
v 2.50134003 45.99741687 37.99616653
v 2.50284195 45.99544927 38.99232254
v 2.50536584 45.99334608 39.98697538
v 2.50878682 45.99197392 40.98182514
v 2.51200075 45.99180037 41.97964719
v 2.51324565 45.99274943 42.98195779
v 2.51167589 45.99460088 43.98739826
v 2.50872676 45.99687160 44.99304151
v 2.50860742 45.99913618 45.99672855
v 2.52043263 46.00193882 46.99716502
v 2.56510790 46.00716323 47.99082150
v 2.68591408 46.01882967 48.96722796
v 2.96625659 46.04996928 49.91439220
v 3.37235829 45.65864312 50.17251055
v 3.07143347 46.23331440 58.25378405
v 3.38076035 46.17092128 57.84740770
v 2.95838870 45.86088415 58.89229407
v 2.94198528 45.53835960 59.41436286
v 3.11117494 45.59560343 59.98007539
v 3.33669747 45.17889240 60.50634487
v 3.28878842 46.37005411 3.72523187
v 3.34341432 47.04268630 4.04444286
v 3.03137188 46.82130991 4.30433759
v 2.75852647 46.91829492 5.12390452
v 2.63004880 46.97087869 6.04962925
v 2.62480555 47.00302566 7.04908585
v 2.73508292 47.04487687 8.12594925
v 3.34670864 46.55393590 9.26337772
v 2.94288949 47.14279199 9.39988916
v 2.96050524 47.36498707 10.70229390
v 3.30072118 46.90063162 10.30899734
v 2.92171160 47.21931934 11.80238875
v 3.25907598 46.82544179 11.26114412
v 2.75996172 47.39902370 12.64233456
v 2.70150403 47.24253518 13.35418160
v 2.62287617 47.15701724 14.17971232
v 2.57293027 47.06372717 15.05467174
v 2.54058315 47.01467873 16.00097361
v 2.52468839 46.99602782 16.98436182
v 2.51728829 46.99172334 17.98344090
v 2.51218065 46.99338410 18.98806057
v 2.50746399 46.99641294 19.99333337
v 2.50368384 46.99855254 20.99706336
v 2.50142366 46.99953671 21.99896675
v 2.50043319 46.99986557 22.99968882
v 2.50011872 46.99993757 23.99987160
v 2.50006380 46.99993108 24.99985722
v 2.50009005 46.99991045 25.99978552
v 2.50013511 46.99989879 26.99972374
v 2.50016683 46.99990271 27.99971261
v 2.50016482 46.99992044 28.99975990
v 2.50012932 46.99994562 29.99983928
v 2.50008014 46.99996952 30.99991398
v 2.50004031 46.99998413 31.99996147
v 2.50002461 46.99997841 32.99997226
v 2.50005022 46.99991206 33.99991306
v 2.50016795 46.99965572 34.99964561
v 2.50050662 46.99891442 35.99879261
v 2.50133228 46.99719850 36.99658766
v 2.50311311 46.99390546 37.99179549
v 2.50655574 46.98864616 38.98290464
v 2.51246740 46.98191736 39.96901764
v 2.52137948 46.97616960 40.95240466
v 2.53196326 46.97401997 41.94059776
v 2.53948807 46.97542707 42.94169173
v 2.53883755 46.97986656 43.95561388
v 2.53002290 46.98666005 44.97380440
v 2.51936051 46.99336289 45.98796325
v 2.51650453 46.99899033 46.99591012
v 2.53511476 47.00662537 47.99973397
v 2.60109157 47.02571358 49.00231459
v 2.75923679 47.08442304 50.00985255
v 3.27663346 46.55671576 50.67218771
v 3.05501971 47.28461596 51.04522947
v 3.44491430 47.20653098 51.33738510
v 3.08937552 47.29835660 57.58576830
v 3.45896182 46.89574228 57.40504365
v 3.27532370 47.52724803 56.95312356
v 2.95534767 47.21894250 58.23680968
v 2.97505001 46.87756483 58.75899120
v 3.06905603 46.49716573 59.41828610
v 3.29761586 46.46247446 59.87112162
v 3.44286686 45.98298634 60.20424177
v 3.14875557 47.78345566 4.59008239
v 3.44900652 47.74283195 4.34255150
v 2.87150054 47.87258713 5.20861022
v 2.67572037 47.94317421 6.07264198
v 2.59455561 47.98421801 7.03709441
v 2.60486011 48.01331353 8.06240843
v 2.67402069 48.05296832 9.15392720
v 2.72868757 48.11696878 10.28706159
v 2.72649295 48.14130548 11.37694669
v 2.67862710 48.15002091 12.36060989
v 2.62306411 48.14419355 13.25223163
v 2.58616734 48.08830790 14.12760716
v 2.56129616 48.03638322 15.03309361
v 2.55138912 47.99719997 15.97283895
v 2.54949292 47.97627991 16.94733422
v 2.54748870 47.96944588 17.94618337
v 2.54021821 47.97440822 18.95865988
v 2.52802040 47.98504535 19.97519968
v 2.51537028 47.99358239 20.98836205
v 2.50653758 47.99781423 21.99564717
v 2.50218703 47.99934022 22.99861976
v 2.50062811 47.99971997 23.99946819
v 2.50027810 47.99970599 24.99946049
v 2.50035542 47.99959082 25.99913474
v 2.50057404 47.99949859 26.99876801
v 2.50078747 47.99947976 27.99858185
v 2.50086991 47.99953848 28.99869304
v 2.50076467 47.99965351 29.99903747
v 2.50053080 47.99978568 30.99943454
v 2.50029079 47.99989104 31.99973376
v 2.50013900 47.99993714 32.99988342
v 2.50012621 47.99986484 33.99985802
v 2.50034620 47.99944946 34.99946509
v 2.50106096 47.99807727 35.99802954
v 2.50280989 47.99461097 36.99401361
v 2.50651721 47.98762749 37.98487565
v 2.51351694 47.97588141 38.96733066
v 2.52550120 47.95939065 39.93845610
v 2.54369247 47.94060324 40.89782243
v 2.56905203 47.92977390 41.85672533
v 2.59524000 47.93059462 42.84151279
v 2.60599520 47.93779838 43.86727870
v 2.59169788 47.95419247 44.91659741
v 2.56083204 47.97439437 45.96008188
v 2.53316330 47.98895607 46.98511737
v 2.52452275 47.99926512 47.99690965
v 2.54663878 48.01241227 49.00540823
v 2.61917936 48.04404187 50.02207391
v 2.76603923 48.12601936 51.07028416
v 3.32316898 47.78802337 52.03284162
v 2.98714714 48.29053435 52.22090912
v 3.11674884 48.57160202 53.37223087
v 3.27364624 48.19526262 52.76241837
v 3.44746927 48.37346361 53.45316251
v 3.07319345 48.61783751 55.65110003
v 3.43730340 48.26097703 55.59897780
v 3.25817112 48.54754334 54.93919809
v 3.02043337 48.23384995 56.72232777
v 3.33058125 47.96202024 56.32216885
v 2.91605578 48.26565546 57.41930738
v 2.93264876 47.98167809 58.00921479
v 2.96037743 47.67464138 58.53268825
v 3.12984860 47.64956052 59.03655028
v 3.34560683 47.20373986 59.54768397
v 3.29726907 48.35237697 4.71883713
v 3.36189593 49.00162204 5.04624399
v 3.05036699 48.78917502 5.29939383
v 2.77320597 48.89266937 6.11713752
v 2.62304104 48.95527615 7.04079913
v 2.56686672 48.98978537 8.02863047
v 2.56918467 49.01279949 9.05458967
v 2.59196374 49.03627750 10.10420726
v 2.60349361 49.05462557 11.15121556
v 2.59404866 49.06095105 12.16405399
v 2.57455324 49.05561313 13.13019157
v 2.56124966 49.03002384 14.06301581
v 2.56131972 48.98749457 14.98269000
v 2.57621116 48.95132471 15.90770381
v 2.60010025 48.92919647 16.86136536
v 2.61569335 48.91333927 17.85443464
v 2.61125138 48.91776831 18.87963573
v 2.58694957 48.94760193 19.92254112
v 2.55268030 48.97683089 20.96218625
v 2.52427822 48.99185247 21.98549867
v 2.50880562 48.99746397 22.99525902
v 2.50268450 48.99898681 23.99824477
v 2.50104781 48.99899510 24.99837186
v 2.50114908 48.99850094 25.99723482
v 2.50193849 48.99799573 26.99564035
v 2.50293028 48.99775593 27.99442565
v 2.50361451 48.99785425 28.99431866
v 2.50356093 48.99824263 29.99539921
v 2.50277137 48.99880081 30.99704192
v 2.50169200 48.99933653 31.99848824
v 2.50082444 48.99968876 32.99936935
v 2.50042687 48.99976505 33.99967946
v 2.50065030 48.99929144 34.99931412
v 2.50193439 48.99727424 35.99737818
v 2.50528905 48.99141983 36.99129159
v 2.51232609 48.97838517 37.97615260
v 2.52535837 48.95562084 38.94579108
v 2.54684489 48.92168345 39.89401784
v 2.57993517 48.88003386 40.81862101
v 2.62280935 48.83300855 41.71750057
v 2.68528218 48.83167916 42.63569487
v 2.73678779 48.84217759 43.65419464
v 2.73344969 48.86307418 44.76801918
v 2.67315749 48.92179038 45.88921679
v 2.59384047 48.96189560 46.95947730
v 2.54356523 48.98567828 47.98722765
v 2.52862205 48.99899044 48.99856626
v 2.54889879 49.01293583 50.00901263
v 2.60993265 49.04066400 51.03288313
v 2.71319517 49.09186937 52.09239429
v 2.83035506 49.15089498 53.20479626
v 3.32927801 48.55408694 54.20676361
v 2.96297152 49.06783717 54.48017838
v 2.84849382 49.33481982 55.46627169
v 2.86150502 49.14099005 56.24819796
v 2.86429854 48.98006672 57.04166037
v 2.91948429 48.84112483 57.73333748
v 3.06022756 48.52200872 58.43608431
v 3.29873191 48.46958428 58.87725590
v 3.44606974 47.99657459 59.22047459
v 3.19414905 49.69304667 5.59264715
v 3.47808306 49.65018373 5.35222317
v 2.92204672 49.79687112 6.20489272
v 2.70972899 49.89850192 7.06565737
v 2.59223578 49.95916033 8.02171385
v 2.54578486 49.98993960 9.01834609
v 2.53728504 50.00627377 10.03257122
v 2.54055520 50.01610282 11.05110349
v 2.54231023 50.01979776 12.06050638
v 2.54300117 50.01421219 13.04894081
v 2.55144134 49.99142298 14.00941124
v 2.57531873 49.94113594 14.93610558
v 2.61380534 49.86697969 15.81776956
v 2.67843860 49.84016884 16.70348002
v 2.74079555 49.81522029 17.66728622
v 2.75538851 49.77687597 18.70091255
v 2.72443594 49.83789991 19.78929962
v 2.65186560 49.93095019 20.89635291
v 2.57391366 49.97620744 21.96213849
v 2.52848058 49.99251657 22.98779608
v 2.50921405 49.99710228 23.99557599
v 2.50339025 49.99724398 24.99608803
v 2.50314431 49.99557465 25.99294638
v 2.50531925 49.99346786 26.98765836
v 2.50871184 49.99206034 27.98236126
v 2.51195189 49.99186252 28.97999138
v 2.51320922 49.99278446 29.98213323
v 2.51154212 49.99458903 30.98746063
v 2.50788597 49.99670803 31.99306405
v 2.50420498 49.99838566 32.99694393
v 2.50188159 49.99926588 33.99882553
v 2.50133080 49.99916297 34.99908734
v 2.50304786 49.99698690 35.99714704
v 2.50869420 49.98920763 36.98972437
v 2.52107871 49.96886911 37.96895673
v 2.54321807 49.92849433 38.92217307
v 2.57955764 49.86905334 39.84044878
v 2.63030776 49.78617718 40.71394531
v 2.70711602 49.70796273 41.56069714
v 2.76786016 49.55917617 42.31104076
v 2.94603452 49.73788393 43.19850518
v 2.98201874 49.60356072 44.40686482
v 2.93492014 49.80150247 45.72851074
v 2.73866873 49.89652195 46.92108382
v 2.60843703 49.95812029 47.97530090
v 2.54470740 49.98434286 48.99047980
v 2.52834161 49.99416572 49.99440698
v 2.54513597 49.99941486 50.99777913
v 2.58975323 50.00513424 52.00855354
v 2.65536594 50.00630649 53.03383213
v 2.72836828 49.98093502 54.07892945
v 2.76483048 49.97568356 55.07130005
v 2.78474833 49.92250736 55.93072727
v 2.84738221 49.78718221 56.70466382
v 2.91828591 49.56618523 57.35111703
v 3.11975243 49.58853526 57.93326799
v 3.34167679 49.17060209 58.51354593
v 3.35563102 50.18721316 5.72872671
v 3.43862759 50.68268286 6.06103756
v 3.14896078 50.58303132 6.29195292
v 2.87073436 50.77862214 7.10921305
v 2.68046437 50.89687058 8.03294944
v 2.57706383 50.95928613 9.01002568
v 2.53302882 50.98808240 10.00867871
v 2.51958968 51.00011633 11.01386572
v 2.51901374 51.00370363 12.01717242
v 2.52701392 50.99908475 13.01013340
v 2.55016630 50.97783768 13.98063922
v 2.59894362 50.92109020 14.91143024
v 2.67522130 50.80039808 15.77892409
v 2.74001213 50.58942921 16.47821467
v 2.93041796 50.75833343 17.32062599
v 2.99588010 50.51879210 18.37817724
v 2.97177153 50.50890174 19.47222719
v 2.88737170 50.83112549 20.74609189
v 2.68670892 50.94868064 21.92818966
v 2.57404195 50.98410958 22.97936862
v 2.52522478 50.99379091 23.99250142
v 2.50920667 50.99399177 24.99275163
v 2.50747753 50.98948392 25.98558632
v 2.51222439 50.98261593 26.97195803
v 2.52102098 50.97664375 27.95486914
v 2.53171730 50.97437388 28.94232560
v 2.53936328 50.97567273 29.94268138
v 2.53875420 50.97998207 30.95602813
v 2.52970646 50.98662653 31.97388476
v 2.51756937 50.99292086 32.98782426
v 2.50816173 50.99690549 33.99537586
v 2.50371674 50.99851172 34.99814292
v 2.50441000 50.99732104 35.99729593
v 2.51210124 50.98976200 36.99025941
v 2.53165120 50.96551573 37.96755091
v 2.56814536 50.90637008 38.90958139
v 2.62159571 50.79867139 39.78559090
v 2.70657090 50.68442492 40.61213463
v 2.78290877 50.47454357 41.32548345
v 2.99432130 50.50498006 42.19529632
v 3.24432052 50.42063430 42.99781082
v 3.35194055 50.12439200 43.83872036
v 3.29941047 50.05985655 45.03365538
v 3.24285365 50.36345130 46.00283380
v 3.38567065 50.84154460 46.60245508
v 3.00694445 50.74911335 46.94575479
v 2.73711586 50.91222174 47.98472557
v 2.59602977 50.96448401 48.98887887
v 2.54026969 50.97803941 49.98180375
v 2.53204477 50.97384826 50.96825773
v 2.55199354 50.95787260 51.94737469
v 2.59284829 50.92766396 52.91659898
v 2.65104299 50.87774680 53.87149921
v 2.71470966 50.80107484 54.78508053
v 2.79287092 50.71087327 55.63776515
v 2.86566782 50.50058680 56.35387580
v 3.07047517 50.46786256 57.11624618
v 3.31412063 50.31016009 57.73353547
v 3.44183158 49.88061036 58.14592887
v 3.32750293 51.16091930 6.53029090
v 3.42648545 51.65532179 6.93627820
v 3.12488210 51.55717408 7.17954806
v 2.85075276 51.77102784 8.06558144
v 2.66932595 51.89531844 9.01795062
v 2.57101447 51.95848433 10.00385161
v 2.52783088 51.98627610 11.00229321
v 2.51479822 51.99622214 12.00274728
v 2.52069725 51.99565364 12.99782809
v 2.54996007 51.98042045 13.97500620
v 2.61778467 51.93129509 14.90897857
v 2.73846669 51.81111537 15.77120977
v 2.91851890 51.54887809 16.60511214
v 3.21521347 51.59473321 17.22748283
v 3.36536045 51.15890567 17.90791994
v 3.31900375 50.88103487 18.98053806
v 3.25347408 51.03104648 20.07192778
v 3.16002873 51.49762621 21.00830738
v 3.24906684 52.22714252 21.58418507
v 2.88540437 51.94405081 21.95931156
v 2.65144501 51.98144749 22.99480323
v 2.55423086 51.99139659 23.99625065
v 2.52044742 51.99000145 24.99076390
v 2.51552533 51.97985490 25.97643071
v 2.52448017 51.96264207 26.94874190
v 2.54230316 51.94273251 27.90700560
v 2.56802873 51.93136016 28.86366230
v 2.59469377 51.93184619 29.84597410
v 2.60578554 51.93852269 30.86942165
v 2.59156081 51.95446075 31.91721639
v 2.56024633 51.97436196 32.96005510
v 2.53023528 51.98815362 33.98459378
v 2.51256323 51.99537170 34.99476361
v 2.50725381 51.99733031 35.99712049
v 2.51421369 51.99291003 36.99261326
v 2.53969393 51.97266984 37.97317163
v 2.59466584 51.91096010 38.91689735
v 2.68297208 51.76162701 39.78519665
v 2.76556944 51.48049215 40.46283912
v 2.99533934 51.48066370 41.28975871
v 3.27040572 51.33430596 41.94635121
v 3.39950860 50.92949233 42.46362106
v 3.20720476 51.43291570 47.30432072
v 3.24985354 52.20923200 47.77948361
v 2.92261809 51.90211546 48.06723965
v 2.67694952 51.95008586 49.01253999
v 2.57478990 51.95980736 49.97257085
v 2.54744557 51.94658105 50.93570906
v 2.55991730 51.91292061 51.88597625
v 2.59892248 51.85782250 52.81368401
v 2.65826450 51.76876075 53.70425777
v 2.74787920 51.66233041 54.56249823
v 2.82939178 51.44608621 55.30773007
v 3.04265700 51.42079964 56.14526854
v 3.29276513 51.26768772 56.83469993
v 3.42324054 50.86167393 57.32119650
v 3.31919287 52.14452230 7.46500565
v 3.42480413 52.64338881 7.90273969
v 3.11679337 52.54906221 8.14449118
v 2.84456913 52.76801739 9.05052672
v 2.66647053 52.89374765 10.01190779
v 2.57019438 52.95701313 11.00033641
v 2.52870532 52.98454941 11.99841240
v 2.52139947 52.99335524 12.99651142
v 2.54593553 52.98822104 13.98441778
v 2.61983169 52.95783103 14.93732860
v 2.76715579 52.86593856 15.79204877
v 2.99313965 52.66914505 16.47074169
v 3.28834247 52.39525198 16.91932602
v 2.96329572 53.08581726 22.37766045
v 3.29784151 53.19083306 22.00634844
v 2.72207134 53.01000060 23.09420383
v 2.58876143 52.99667174 24.02180275
v 2.53622471 52.98840692 24.99531531
v 2.52799572 52.96983140 25.97008570
v 2.54336741 52.93419756 26.92353957
v 2.57551639 52.88812727 27.84708081
v 2.61934321 52.83863739 28.74002478
v 2.68326301 52.83672698 29.65185061
v 2.73601106 52.84570854 30.66337802
v 2.73328877 52.86443132 31.77088144
v 2.67294529 52.92235878 32.88950943
v 2.59293520 52.96218330 33.95914304
v 2.53990199 52.98506951 34.98653257
v 2.51620772 52.99474504 35.99542607
v 2.51543662 52.99596522 36.99530102
v 2.54028978 52.98599045 37.98346511
v 2.60737958 52.94540870 38.94097509
v 2.73690720 52.81912999 39.82479258
v 2.93935040 52.49148814 40.63641094
v 3.24900409 52.49127615 41.17135196
v 3.41551792 51.99310480 41.53829984
v 2.97872565 53.06189013 48.43012062
v 3.29970092 53.18729082 48.08579693
v 2.74716727 52.97052627 49.09553465
v 2.62006876 52.94242738 49.97043069
v 2.58063329 52.90836964 50.89137591
v 2.59567692 52.85342495 51.80649936
v 2.64286165 52.76302783 52.68650001
v 2.72664081 52.65260552 53.53480720
v 2.80616830 52.42819092 54.27455129
v 3.02694531 52.39981153 55.13457048
v 3.28305528 52.24915525 55.85117124
v 3.41373236 51.83803611 56.36751981
v 3.31755225 53.13922431 8.44950637
v 3.42484912 53.63995025 8.89585302
v 3.11512387 53.54586500 9.13511521
v 2.84442050 53.76453168 10.04443939
v 2.66853004 53.88965099 11.00712395
v 2.57416167 53.95338006 11.99632753
v 2.53625248 53.98196458 12.99545791
v 2.54126454 53.99105684 13.99460128
v 2.60098208 53.98386062 14.98210876
v 2.75337713 53.94347930 15.92018492
v 3.02228142 53.78174377 16.61960687
v 3.35034128 53.45021474 16.91775217
v 2.98022403 54.13855409 22.52856493
v 3.30335324 54.20948705 22.11244652
v 2.75065695 54.05532921 23.21170225
v 2.61257307 54.01251267 24.06567550
v 2.55094583 53.99278186 25.00886321
v 2.54280076 53.96668190 25.97174637
v 2.56977773 53.91032678 26.91069922
v 2.61866488 53.81250764 27.78833374
v 2.69732790 53.72510429 28.62355245
v 2.76187024 53.57349506 29.35497323
v 2.94326894 53.75360922 30.23368129
v 2.98194645 53.60879973 31.41740753
v 2.93484824 53.80333294 32.72960401
v 2.73809178 53.89834345 33.91987248
v 2.60694421 53.96023102 34.97524261
v 2.54085441 53.98661745 35.99239454
v 2.51985783 53.99588659 36.99676572
v 2.53362263 53.99631522 37.99338574
v 2.59541282 53.98417273 38.97350883
v 2.74074964 53.93338083 39.90032569
v 2.98875038 53.74228959 40.62574279
v 3.30586751 53.40827017 41.01712769
v 3.00490084 54.12638470 48.52552067
v 3.32673260 54.23019246 48.14162937
v 2.78446272 54.00531155 49.16664510
v 2.66351865 53.92309556 49.96059603
v 2.62774878 53.85464207 50.82634926
v 2.65098357 53.76182995 51.68947245
v 2.72484218 53.65097976 52.53112187
v 2.79947457 53.42527163 53.26594642
v 3.02013279 53.39434232 54.12666178
v 3.27904050 53.24322112 54.84949970
v 3.41002610 52.82927823 55.37206196
v 3.31773777 54.13666755 9.44566028
v 3.42553700 54.63649253 9.89301317
v 3.11682416 54.53981498 10.12955019
v 2.84988254 54.75327419 11.03547106
v 2.67784483 54.87768528 11.99725065
v 2.58590088 54.94500809 12.98927043
v 2.55244971 54.97779842 13.99377858
v 2.57451717 54.99181584 15.00381344
v 2.68243747 54.99892296 16.02618489
v 2.96586833 55.02153716 17.10594835
v 3.42534437 54.64724466 17.39251771
v 2.93651212 55.29388172 22.42444715
v 3.30115078 55.12954033 21.84515465
v 2.73855796 55.10635562 23.23822229
v 2.61603229 55.03451127 24.09659377
v 2.55769333 55.00312295 25.02498883
v 2.55374189 54.97526967 25.98173266
v 2.59772398 54.91360331 26.91884584
v 2.68134076 54.77069072 27.78690952
v 2.75930564 54.50664331 28.46920560
v 2.97921395 54.55450974 29.31645360
v 3.24458930 54.46518789 30.06227916
v 3.35419839 54.14052088 30.86517654
v 3.30016999 54.06362171 32.03980783
v 3.24294847 54.36523893 33.00162612
v 3.38573038 54.84369062 33.59409190
v 3.00599960 54.75360551 33.93964503
v 2.73477601 54.91934483 34.98196182
v 2.59212247 54.97333544 35.99459037
v 2.53405179 54.99215002 36.99797276
v 2.52645503 54.99923682 37.99865246
v 2.56548453 55.00342145 38.99624548
v 2.68406425 55.00978284 39.98586620
v 2.96413094 55.03230253 40.96348670
v 3.36618143 54.63792951 41.25265126
v 2.99381396 55.31000263 48.37202933
v 3.36163802 55.20621865 47.88962237
v 2.79994180 55.03348715 49.12991453
v 2.70404608 54.88989688 49.90833813
v 2.68534356 54.76952281 50.71961239
v 2.73687584 54.65120389 51.53989466
v 2.80244148 54.42430528 52.26741421
v 3.01925578 54.39298570 53.12535189
v 3.27779378 54.24199441 53.84814443
v 3.40873531 53.82731738 54.37106446
v 3.31994088 55.12820046 10.44016552
v 3.42837111 55.62021557 10.88447937
v 3.12422780 55.51583844 11.11466708
v 2.86722704 55.71874745 12.01168234
v 2.70229058 55.85082215 12.97676292
v 2.61002118 55.92982479 13.97888198
v 2.57631377 55.97089253 14.99453822
v 2.60736974 55.99719148 16.02707933
v 2.72768450 56.03912233 17.11695705
v 3.34473825 55.56450753 18.26374720
v 2.95001893 56.17859938 18.40344820
v 2.99835909 56.48711897 19.71578741
v 3.32740468 56.03902997 19.32790152
v 2.99514662 56.44154328 20.75660595
v 3.32966191 56.07527860 20.35397440
v 2.94028613 56.15135862 21.74310904
v 3.31648666 55.76945192 21.22126469
v 2.74778622 56.34636660 22.54980170
v 2.67958801 56.14662158 23.23889535
v 2.59818488 56.05445142 24.10384474
v 2.55324625 56.01491711 25.03507985
v 2.55421327 55.99103733 25.99541785
v 2.61119598 55.94730303 26.94389155
v 2.73655503 55.82381446 27.82608754
v 2.93483531 55.51059802 28.64216942
v 3.24248982 55.52410593 29.18752876
v 3.40606068 55.05845913 29.58824464
v 3.20605482 55.44053318 34.28526100
v 3.24739921 56.22814132 34.72807157
v 2.91688350 55.92261339 35.04871364
v 2.66802991 55.97178786 36.01977294
v 2.56089668 55.98965895 37.00455631
v 2.52632984 55.99754656 38.00034975
v 2.53729297 56.00422421 39.00143915
v 2.60243525 56.01994546 40.00927428
v 2.76252369 56.07206726 41.03767453
v 3.28562211 55.54109885 41.73368588
v 3.06931738 56.26230075 42.12921416
v 3.47643867 56.18794789 42.43425988
v 3.03995141 56.32714317 47.64986199
v 3.44465552 55.90987779 47.42218903
v 3.24255177 56.50724447 46.95601629
v 2.84756647 56.32334557 48.41609083
v 2.78889687 56.02138796 49.04642039
v 2.74418550 55.81423258 49.79464545
v 2.76716353 55.66026171 50.57360836
v 2.81610879 55.42356397 51.28106483
v 3.02259389 55.38980098 52.12944367
v 3.27794713 55.24078780 52.84900715
v 3.40838692 54.82683773 53.37109283
v 3.32749445 56.08961413 11.42039244
v 3.43632875 56.54961187 11.85541500
v 3.14379610 56.43100635 12.06684075
v 2.91180448 56.64022759 12.95731525
v 2.75398076 56.81128493 13.94908258
v 2.64736378 56.90360264 14.96742389
v 2.60320914 56.95661935 15.99292692
v 2.62014622 56.99770114 17.04213849
v 2.68929224 57.05738762 18.14572158
v 2.75144967 57.15501221 19.28639626
v 2.76653629 57.20769817 20.37536063
v 2.74535819 57.15494282 21.38459698
v 2.68194686 57.12817348 22.32588599
v 2.61324223 57.11397222 23.20511929
v 2.56843431 57.05602468 24.09463132
v 2.54048712 57.02107530 25.03630270
v 2.54362549 57.00367488 26.00616096
v 2.59896061 56.98578236 26.97674420
v 2.74132758 56.93406524 27.90100608
v 2.98760743 56.74633947 28.62710425
v 3.30352113 56.41988613 29.02244224
v 2.96123156 57.12933044 35.36656489
v 3.29740306 57.22409777 34.94957634
v 2.72635374 57.02121312 36.09929415
v 2.59116746 56.99928303 37.02445706
v 2.53451897 56.99629196 38.00204398
v 2.52407544 56.99812800 38.99678494
v 2.54965634 57.00555166 40.00115802
v 2.62514202 57.03053026 41.02472761
v 2.77359084 57.10223157 42.10668568
v 3.37677636 56.74562467 43.26273174
v 2.98964937 57.24565925 43.38211184
v 3.02153669 57.49762583 44.67967503
v 3.33368810 57.09823892 44.32375131
v 3.01667076 57.44888732 45.72334185
v 3.31351066 57.11639637 45.36914322
v 2.98338112 57.18346364 46.74191074
v 3.27663694 56.88628305 46.27567202
v 2.86291511 57.27420060 47.48990580
v 2.83048824 57.06811438 48.16543936
v 2.79225594 56.88507930 48.90290726
v 2.80786070 56.68017510 49.63980612
v 2.84237313 56.42036137 50.31832327
v 3.03156985 56.37371805 51.14488423
v 3.27892593 56.23237820 51.85460035
v 3.40812135 55.82389905 52.37364761
v 3.34376434 56.95002566 12.36229750
v 3.44624203 57.34145590 12.81301441
v 3.17919139 57.16871052 12.90822279
v 3.02996946 57.57681700 13.89554756
v 2.82398374 57.74855113 14.93385385
v 2.69736744 57.85585752 15.94918947
v 2.63465921 57.92620065 16.97714097
v 2.61916556 57.97718076 18.02319729
v 2.62861915 58.02554216 19.08489717
v 2.63603628 58.06351037 20.14044335
v 2.62867628 58.07002692 21.16595784
v 2.60505111 58.05813511 22.15580829
v 2.57235312 58.04894748 23.11582061
v 2.54432646 58.03427570 24.06509613
v 2.52796782 58.01632591 25.02746964
v 2.52959399 58.00647897 26.00822306
v 2.56835278 58.00425890 26.99813750
v 2.68539099 58.00794091 27.98553285
v 2.96402484 58.02774034 28.96317917
v 3.36553711 57.63771464 29.25403675
v 2.95581631 58.35042482 35.35034001
v 3.34720078 58.20137340 34.82079297
v 2.73829818 58.11083349 36.16566490
v 2.61007413 58.02365852 37.04856151
v 2.54681218 57.99629685 38.00181126
v 2.52627450 57.98822445 38.98411263
v 2.53255135 57.98578302 39.97777012
v 2.56424671 57.98809471 40.98072280
v 2.63023681 58.00435479 42.00497370
v 2.72877490 58.04523428 43.07932586
v 2.80767038 58.10800308 44.18428964
v 2.84222005 58.12301234 45.23369583
v 2.85423271 58.03471456 46.20725230
v 2.83909762 57.93301586 47.08303630
v 2.84107490 57.85147361 47.86843200
v 2.86904053 57.67370646 48.67011971
v 2.88256396 57.37960735 49.37898029
v 3.04984882 57.30443458 50.18311761
v 3.28034606 57.18641950 50.87190684
v 3.40663449 56.80242734 51.38399186
v 3.34280069 57.70525941 13.46994199
v 3.28913089 58.12461186 14.17007990
v 3.43588638 58.55600662 14.68083552
v 3.11702904 58.45248135 14.94985240
v 2.90488635 58.63176789 15.90211075
v 2.77184186 58.77798817 16.91084983
v 2.68338468 58.86677466 17.93973738
v 2.63502194 58.92684865 18.97414399
v 2.60905232 58.96784930 20.00796416
v 2.59125920 58.99194402 21.03269477
v 2.57356683 59.00025037 22.04149895
v 2.55518644 59.00162853 23.03479499
v 2.53874449 59.00118700 24.01974253
v 2.52716394 58.99897156 25.00571466
v 2.52452740 58.99740737 25.99815540
v 2.54229000 59.00039852 26.99748134
v 2.60699281 59.01448582 28.00537557
v 2.76489078 59.06242967 29.03483783
v 3.28512005 58.53101540 29.73438955
v 3.06821618 59.23732108 30.12829824
v 3.47589462 59.16215324 30.43879774
v 3.00707669 59.36328190 34.68004645
v 3.43920415 58.90717825 34.40617306
v 3.23034477 59.50178829 33.96199287
v 2.78651246 59.42130240 35.50765036
v 2.70398574 59.16483301 36.18741986
v 2.61456712 59.04075621 37.05294864
v 2.56212141 58.98768817 37.98871261
v 2.54276595 58.96568566 38.95545356
v 2.54602483 58.95389753 39.93441991
v 2.56441436 58.94022772 40.91927262
v 2.59777672 58.92191075 41.90450088
v 2.65177369 58.90958440 42.89327078
v 2.71723542 58.89815734 43.89122434
v 2.77155752 58.85598263 44.86082667
v 2.82810739 58.80298751 45.78784638
v 2.87777555 58.68688604 46.70553918
v 2.89237678 58.46931451 47.47127628
v 3.02978615 58.50347823 48.23673095
v 3.09872354 58.07957884 49.28020886
v 3.28569932 58.01383704 49.91053437
v 3.40214239 57.70441790 50.40716701
v 3.34172384 58.95352917 15.27749422
v 3.45188044 59.32484687 15.76241535
v 3.17854045 59.15106134 15.84905949
v 3.04792470 59.49256065 16.82575943
v 2.87654510 59.64339109 17.85207906
v 2.76781678 59.76322919 18.87873056
v 2.69155793 59.83564227 19.90419706
v 2.64418385 59.88909054 20.93008749
v 2.60942636 59.92034149 21.94961155
v 2.58378345 59.93609641 22.95727452
v 2.56647604 59.94795663 23.95949854
v 2.55373975 59.95932617 24.96315478
v 2.54422717 59.96879872 25.96908334
v 2.54359037 59.97646150 26.97567012
v 2.56671881 59.98747917 27.98610671
v 2.63732812 60.01359347 29.01476497
v 2.77886467 60.07733977 30.10228615
v 3.37297242 59.67588298 31.26705822
v 2.98177937 60.18157912 31.38079965
v 2.98847505 60.36035182 32.67838520
v 3.31608380 59.93827270 32.30417928
v 2.94645391 60.19746366 33.78525924
v 3.26934235 59.83344531 33.26411804
v 2.79526230 60.35861785 34.60500604
v 2.74148842 60.20350239 35.31828338
v 2.67008997 60.11529042 36.14120869
v 2.62350406 60.01357987 37.01353745
v 2.59161009 59.94851734 37.94540684
v 2.57968385 59.90896660 38.89738517
v 2.58911497 59.88544151 39.85196841
v 2.61517395 59.86319440 40.81559941
v 2.64646626 59.81745123 41.78359446
v 2.68207027 59.74940146 42.71914897
v 2.74818389 59.70957744 43.63670925
v 2.82462837 59.62621706 44.57842677
v 2.86458160 59.43151322 45.38389651
v 3.02213449 59.49990252 46.21866036
v 3.09270318 59.13791461 47.31701486
v 3.27260946 59.09167104 48.00863814
v 3.38200602 58.74671565 48.71304092
v 3.39126268 58.38707668 49.45439013
v 3.35150458 59.64577379 16.42330134
v 3.30656288 59.98284354 17.09546039
v 3.44969160 60.32786825 17.61820688
v 3.15473729 60.16468355 17.75383969
v 3.04419643 60.46738414 18.77155401
v 2.88902725 60.56929748 19.78296233
v 2.80620177 60.68374909 20.80250942
v 2.74071944 60.76596349 21.84082600
v 2.68490213 60.80185003 22.85720882
v 2.65243295 60.83005560 23.86284198
v 2.63234775 60.86181589 24.87778162
v 2.61331272 60.89356206 25.90245625
v 2.59386777 60.91491033 26.92332929
v 2.58604939 60.92794160 27.93562377
v 2.60425549 60.94247676 28.95087481
v 2.65767780 60.96746589 29.99034752
v 2.73948954 61.00810474 31.08451247
v 2.79327558 61.06079750 32.21488494
v 2.78956159 61.06503650 33.29620911
v 2.74636559 61.05428064 34.25788649
v 2.70402539 61.03869469 35.12003840
v 2.68507375 60.98174118 35.98233372
v 2.67106050 60.91711722 36.89684295
v 2.66054436 60.84968458 37.84521094
v 2.65709510 60.79052129 38.79788107
v 2.66672160 60.73342440 39.71704561
v 2.71189702 60.71252717 40.62589685
v 2.77094258 60.66526810 41.58406270
v 2.80866873 60.53345360 42.54430080
v 2.82865971 60.35102513 43.32533796
v 2.99681460 60.44054721 44.17541659
v 3.07684602 60.11272177 45.28037917
v 3.26751735 60.08771099 45.99868486
v 3.37884470 59.76419518 46.72174775
v 3.38554125 59.43381361 47.50163301
v 3.35098180 60.63601606 18.35202696
v 3.31207169 60.93875427 19.04568038
v 3.45956080 61.23928940 19.57048078
v 3.16539815 61.06566336 19.68490012
v 3.06498747 61.23461562 20.58346646
v 3.01145848 61.48590378 21.68620952
v 2.88411073 61.52999245 22.72256228
v 2.82188198 61.57749266 23.70629262
v 2.78956763 61.63353014 24.71191943
v 2.76575742 61.71236945 25.76174398
v 2.72631725 61.77356421 26.82028781
v 2.68348953 61.79733995 27.84385502
v 2.66635762 61.81337227 28.84843042
v 2.67485130 61.82739471 29.85887798
v 2.70267553 61.84300331 30.88856026
v 2.73295796 61.85903929 31.93575551
v 2.74655163 61.86125597 32.97332128
v 2.74059254 61.83928010 33.95940355
v 2.73009451 61.79819902 34.86128777
v 2.75056921 61.78027259 35.72969583
v 2.78537483 61.74338912 36.66288076
v 2.79852072 61.65716757 37.64817489
v 2.80322517 61.57444125 38.62525293
v 2.81117194 61.48215617 39.56448558
v 2.81631677 61.33977519 40.33342334
v 2.97614060 61.46931429 41.18897017
v 3.03420122 61.23860791 42.25452209
v 3.06950623 60.99539539 43.28952395
v 3.25684281 61.01329384 43.99902212
v 3.37076816 60.72631075 44.71342073
v 3.38117350 60.41948819 45.49174944
v 3.36413543 61.46026501 20.29661098
v 3.32028260 61.68557960 21.16066061
v 3.30390280 61.94836568 21.94471439
v 3.46732025 62.21341182 22.49662938
v 3.16379042 62.03103499 22.61747630
v 3.07722419 62.10972888 23.49162077
v 3.03409826 62.18511721 24.44154552
v 3.01007436 62.29541262 25.46747015
v 2.99501784 62.50803786 26.64239198
v 2.88061561 62.53072243 27.70707547
v 2.82748421 62.55835172 28.69069092
v 2.80919388 62.57697390 29.67595519
v 2.81091155 62.58807670 30.67570775
v 2.82138753 62.59350235 31.68713014
v 2.83130043 62.58871531 32.69854403
v 2.83636985 62.56223713 33.68927456
v 2.83940074 62.49849582 34.62852105
v 2.83784550 62.37160228 35.39234657
v 2.98256647 62.51168839 36.23011601
v 3.02674029 62.33386081 37.31003862
v 3.03572792 62.20182832 38.32832469
v 3.04202651 62.09231670 39.31025467
v 3.06210165 61.95086769 40.31300918
v 3.24700399 62.01681317 41.02760119
v 3.36110774 61.78038415 41.77933556
v 3.35588789 61.47618153 42.77820643
v 3.36952862 61.29367969 43.51041778
v 3.37566792 62.36425900 23.23164170
v 3.33887700 62.45455770 24.07280784
v 3.32078484 62.55756181 25.02538717
v 3.30750901 62.72881379 26.04649686
v 3.30093146 62.96626394 26.89918282
v 3.46991069 63.21944157 27.47210802
v 3.16168607 63.03572015 27.59786914
v 3.07996253 63.09541240 28.47808565
v 3.04481979 63.13085508 29.41191570
v 3.03427128 63.14856110 30.38272009
v 3.03454561 63.15477939 31.37451097
v 3.03838715 63.15047967 32.37301324
v 3.04290287 63.12850182 33.36443130
v 3.04962876 63.07381304 34.33777306
v 3.06796918 62.96013195 35.33699163
v 3.24744905 63.03785192 36.04608326
v 3.35967464 62.83470962 36.81715739
v 3.34926648 62.60013150 37.88620811
v 3.34363379 62.46188482 38.88322980
v 3.34300053 62.34653141 39.81682991
v 3.35934029 62.25111818 40.53598181
v 3.37801354 63.35687852 28.21969506
v 3.34522170 63.41753239 29.05454599
v 3.33538357 63.44632425 29.97774866
v 3.33392866 63.45782451 30.94823985
v 3.33493346 63.45775247 31.93779832
v 3.33642547 63.44381377 32.92832462
v 3.33807365 63.40584326 33.90270731
v 3.34141815 63.33385527 34.82857017
v 3.35867622 63.25653735 35.54642594
v 3.74336820 0.77437020 25.66300959
v 3.55590200 0.89215073 24.99745244
v 3.72202486 0.65932579 26.37994472
v 3.69626582 0.59231085 27.27583324
v 3.67974198 0.55686742 28.24000110
v 3.67165376 0.54199885 29.22865399
v 3.66867133 0.53706822 30.22571823
v 3.66789214 0.53574851 31.22521314
v 3.66775568 0.53543320 32.22520440
v 3.66760913 0.53537295 33.22509820
v 3.66684635 0.53551559 34.22419842
v 3.66380965 0.53631484 35.22004403
v 3.65450419 0.53929370 36.20505465
v 3.63236452 0.54816687 37.16071386
v 3.59125231 0.57063245 38.04989853
v 3.53106811 0.62568290 38.81359282
v 3.71940893 0.86005848 39.43862391
v 3.74269445 1.69639370 22.68445022
v 3.55459740 1.85411557 22.00247985
v 3.71522276 1.48394758 23.41957274
v 3.65264647 1.20064279 24.26726282
v 3.69779433 1.09351853 40.17808317
v 3.62498085 1.32364234 41.02517470
v 3.54285294 1.51287575 41.79000508
v 3.72521564 1.80505539 42.43145599
v 3.75159196 2.71318676 19.70262392
v 3.57314165 2.88842168 19.03790746
v 3.71975500 2.48802785 20.42717268
v 3.65431924 2.18937406 21.27243768
v 3.69765819 2.07164316 43.17130273
v 3.61897897 2.31886554 44.01264069
v 3.52989609 2.51762878 44.76104626
v 3.69865872 2.81362825 45.37776473
v 3.74476341 3.58346011 17.72303102
v 3.57087956 3.82394815 17.04311963
v 3.68295032 3.25087592 18.37763488
v 3.65164923 3.08999782 46.05109548
v 3.55034099 3.36163160 46.74979793
v 3.70423710 3.72664557 47.35742259
v 3.75540883 4.60142063 15.76716190
v 3.59634140 4.85847528 15.14088759
v 3.68985879 4.23559763 16.39976993
v 3.64276517 4.04800050 48.01091585
v 3.53015655 4.34984866 48.66995950
v 3.66386090 4.72445616 49.22964893
v 3.70260192 5.26298527 14.66382267
v 3.55557270 5.64375516 14.04035527
v 3.59010324 5.05343905 49.77146101
v 3.72967946 5.52451137 50.32274276
v 3.76338833 6.56965460 12.79453914
v 3.60830191 6.86144973 12.16744085
v 3.69388434 6.14120650 13.43378336
v 3.64604301 6.24794855 31.53528989
v 3.68835576 5.96936511 31.85576834
v 3.70887385 6.27160972 32.32678568
v 3.65021274 5.93177461 50.97536254
v 3.52386151 6.29476952 51.62936585
v 3.64613100 6.70292286 52.17884985
v 3.71991279 7.29399697 11.71718387
v 3.59203848 7.69548054 11.15648941
v 3.81512040 6.88019022 31.69576819
v 3.72100220 6.81459934 32.47269551
v 3.56151969 7.04989586 52.67808236
v 3.67285772 7.52487471 53.15889053
v 3.72054701 8.18609890 10.74514945
v 3.59113422 8.64235636 10.16869688
v 3.75344741 7.06391312 32.14914145
v 3.57339179 7.93397577 53.65392927
v 3.68031891 8.46283944 54.14248473
v 3.72194976 9.15799117 9.75686621
v 3.59145432 9.62986791 9.17672706
v 3.67964929 9.10767213 18.54531679
v 3.76955727 8.55185194 18.78925949
v 3.62624375 8.63435953 19.59928664
v 3.67524654 9.23630943 20.29446282
v 3.57440148 8.90030736 54.63988712
v 3.67970348 9.44321821 55.12938486
v 3.72161542 10.15080825 8.76921984
v 3.59039572 10.62339351 8.20086474
v 3.81810582 9.94742635 18.71312600
v 3.69854385 9.99223149 20.44846319
v 3.72546971 10.05734987 44.88038520
v 3.72546233 9.83557016 44.87533615
v 3.72546076 9.94265231 45.11961272
v 3.57164973 9.88559529 55.62081786
v 3.67245151 10.42083381 56.08979311
v 3.71599249 11.14623375 7.81526364
v 3.58035838 11.62121820 7.29156437
v 3.75082199 10.38137861 19.31297984
v 3.71791143 10.45220768 20.03233590
v 3.72546814 10.16443202 45.12466178
v 3.56368041 10.85555391 56.54969458
v 3.65624028 11.36234435 56.95004474
v 3.69100295 12.16175349 6.95465867
v 3.54100974 12.72414601 6.49625940
v 3.55376881 11.81302312 57.34146432
v 3.65725540 12.46991292 57.70525279
v 3.67847591 13.42697513 6.13500646
v 3.71098115 13.17000841 58.12459270
v 3.76312309 14.08596389 5.73754068
v 3.60478219 14.57934902 5.25599636
v 3.56416037 13.68079627 58.55600345
v 3.65837592 14.27741690 58.95350998
v 3.70291021 15.14480471 4.94640317
v 3.54510932 15.70831925 4.52985507
v 3.54816321 14.76236987 59.32484106
v 3.64866443 15.42314339 59.64573052
v 3.67024225 16.42173533 4.22317423
v 3.69367014 16.09523366 59.98277622
v 3.73800013 17.09923145 3.89601231
v 3.56369208 17.67589186 3.51072461
v 3.55037146 16.61811102 60.32784556
v 3.64921691 17.35179106 60.63593507
v 3.67691879 18.41775209 3.23901835
v 3.57825468 17.91230565 9.25601097
v 3.70509975 17.74228977 9.81812219
v 3.75650861 17.92976583 10.49217125
v 3.68815016 18.04542284 60.93867144
v 3.73178454 19.11063875 2.95726150
v 3.54505104 19.70361833 2.63853477
v 3.70127444 18.91531577 8.76235740
v 3.77662422 18.27537340 8.77541340
v 3.53980710 18.51794253 11.06978803
v 3.63123124 19.20264746 11.45943790
v 3.72545562 19.05733832 53.88037825
v 3.72546725 18.83556396 53.87533380
v 3.72545962 18.94263843 54.11960612
v 3.54048534 18.57042372 61.23930381
v 3.63604883 19.29660502 61.46049606
v 3.63934709 20.51340844 2.43580760
v 3.58069888 19.57070342 9.06613786
v 3.78690923 20.20992976 9.54145826
v 3.68684245 20.00360851 11.49564334
v 3.72544799 19.16441278 54.12465057
v 3.68019479 20.16118546 61.68694990
v 3.71083002 21.37512450 2.18600207
v 3.76406441 20.55858199 10.24194891
v 3.72620260 20.52365883 11.02073114
v 3.69715912 20.94668455 61.95276342
v 3.74607902 22.09612546 1.95244950
v 3.54804448 22.69411080 1.68204913
v 3.53440961 21.50063815 62.22300392
v 3.62844875 22.24367453 62.39231449
v 3.62285170 23.53849873 1.54845322
v 3.66894118 23.10394433 62.52816875
v 3.67395889 24.46939896 1.36921568
v 3.69006052 24.07628101 62.71654989
v 3.72626446 25.35916250 1.15900742
v 3.69852538 24.90970769 62.96156803
v 3.75172898 26.09017148 0.95302011
v 3.54954615 26.68760865 0.70934264
v 3.53052748 25.47710053 63.21749629
v 3.62135057 26.22137627 63.35656369
v 3.61490646 27.53677567 0.63706342
v 3.65235815 27.05627126 63.41869768
v 3.64418655 28.49604664 0.57843148
v 3.56635382 27.29091324 55.00631021
v 3.73625318 26.98012561 55.51113190
v 3.69942262 26.79593058 56.35932748
v 3.66669899 26.80869986 57.44684897
v 3.63421481 27.13711200 58.66444759
v 3.72824014 27.59590511 59.56426720
v 3.65816002 27.98274078 63.45048821
v 3.65822183 29.48048194 0.54976111
v 3.62304371 28.74764864 52.98262236
v 3.77434344 28.07055292 53.46697748
v 3.69536014 27.62895448 54.19486564
v 3.57478411 28.17837223 60.21271400
v 3.66404492 28.68571241 60.75942958
v 3.65267489 28.96234005 63.46926216
v 3.66387802 30.47563445 0.53923074
v 3.55403107 29.82936807 6.08742588
v 3.69391048 29.71044660 6.76129727
v 3.75262929 29.92821331 7.50465112
v 3.62477194 29.53432376 52.57605119
v 3.51081319 29.39292967 61.26795343
v 3.60018942 30.21763116 61.74344403
v 3.64368335 29.97010612 63.48510675
v 3.66606830 31.47488387 0.53644592
v 3.61092438 30.56238039 5.07839047
v 3.72370618 30.09800532 5.43173064
v 3.54057526 30.53602940 8.14483273
v 3.62719032 31.29207997 8.65554467
v 3.66269996 30.91013777 52.15002484
v 3.75991890 30.06808832 52.27241483
v 3.63650021 31.27173043 62.06676349
v 3.63724938 30.98935992 63.50084193
v 3.66808710 32.47402842 0.53627954
v 3.70848889 31.85364604 4.73116322
v 3.78753613 31.11305417 4.70059645
v 3.66348372 32.27092934 8.89442348
v 3.69588998 31.89245462 52.22907764
v 3.65677694 32.32514980 62.11756864
v 3.63637799 32.00688301 63.51186883
v 3.67254496 33.46784577 0.53801656
v 3.58307749 32.57717616 5.05909530
v 3.78130181 33.26713170 5.53920310
v 3.68438270 33.15853507 8.69325782
v 3.53760913 32.52233834 52.48844636
v 3.66761170 33.36025772 52.80610571
v 3.69347549 33.26366282 61.97307733
v 3.64028372 33.01413287 63.51391531
v 3.68248374 34.44537506 0.54439777
v 3.75175132 33.71500759 6.26065398
v 3.72164450 33.92639695 7.19711906
v 3.70662622 33.75143549 8.09119088
v 3.74218689 34.14813835 53.24454971
v 3.72432253 34.00162010 61.72494805
v 3.54666387 34.60695779 61.34187270
v 3.64630899 34.00686802 63.50608970
v 3.69937052 35.38380902 0.56199258
v 3.60541607 34.69335897 53.75470254
v 3.75667181 35.35143005 54.34103030
v 3.64078049 35.32619934 60.92573195
v 3.65160067 34.98317125 63.48278357
v 3.71688939 36.24127686 0.60260224
v 3.67855513 35.83354435 55.02880759
v 3.57059584 36.20626400 55.76590147
v 3.75408840 36.59155032 56.45683616
v 3.75437753 36.40874194 59.66611797
v 3.55755760 36.60647739 58.95163416
v 3.71706497 35.98655993 60.31418460
v 3.65472202 35.93846959 63.43257547
v 3.71790006 36.92866895 0.68389074
v 3.73347712 36.81877342 57.26757526
v 3.66123902 36.82414386 58.19029679
v 3.65442172 36.84744583 63.34733513
v 3.53536426 37.52774594 0.78924860
v 3.61876635 38.34453118 1.08394173
v 3.63882533 37.55305361 63.25793568
v 3.68369733 39.29144751 1.35337854
v 3.63708209 38.79076038 62.79132731
v 3.74759615 38.04508805 63.02720956
v 3.71490745 40.19956059 1.52317334
v 3.64436019 39.78707570 62.48976861
v 3.72157057 40.90307527 1.65642554
v 3.58470863 40.53704015 51.99228628
v 3.75201857 40.16859625 52.49159625
v 3.69801702 40.00652716 53.41063606
v 3.64670343 40.21078679 54.64614090
v 3.73456834 40.62413222 55.56056889
v 3.63226312 40.52334014 62.31523774
v 3.54554523 41.49885110 1.78168791
v 3.63781162 42.27698745 2.09663194
v 3.59840388 41.45912731 50.91884423
v 3.72886303 40.94453524 51.33074300
v 3.57664259 41.19239309 56.21641714
v 3.66963709 41.69977223 56.77136664
v 3.63593370 41.77753762 61.79334680
v 3.74823811 41.02161211 62.04928085
v 3.70685975 43.13193005 2.39343510
v 3.60727781 42.61760165 8.15887112
v 3.76474403 42.20710108 8.56860771
v 3.69977684 42.02920427 9.43408789
v 3.63605448 42.25580704 10.63071522
v 3.71859406 42.73360318 11.50098509
v 3.63525058 42.80109464 50.03688519
v 3.75041407 41.98484616 50.39166399
v 3.50920642 42.40540606 57.28690574
v 3.61200406 43.23999387 57.77259144
v 3.64183292 42.77981555 61.48023774
v 3.72626831 43.84045811 2.60039210
v 3.67201256 43.80105699 7.57000368
v 3.77541918 43.11835270 7.66640061
v 3.52890785 43.44049232 12.09321055
v 3.64658236 44.24323464 12.52240964
v 3.66937380 43.94674227 49.81700971
v 3.65883056 44.29542080 58.08673151
v 3.62797644 43.51402294 61.29635832
v 3.56328235 44.42148517 2.76268499
v 3.65970972 45.11689284 3.11307134
v 3.52985696 44.51667408 7.70809810
v 3.69741183 45.33151817 7.98519111
v 3.72905920 45.19205470 12.65851392
v 3.70892802 45.06914250 49.93058220
v 3.67867274 45.33389456 58.08973009
v 3.62228945 44.72851481 60.73482189
v 3.73620191 44.00930315 61.01895932
v 3.71219256 45.78025911 3.43467447
v 3.82287888 46.10646559 8.48322376
v 3.77262343 45.93285629 12.43324756
v 3.55903814 46.39266517 11.87595301
v 3.75536720 46.01744857 50.30002978
v 3.71341130 46.23915029 57.85881772
v 3.61164946 45.51226471 60.43068599
v 3.55477602 46.39811176 3.67114001
v 3.65901087 47.09472846 4.06873181
v 3.75067388 46.59695540 9.23436090
v 3.69677548 46.89086222 10.22605325
v 3.65040480 46.79851841 11.19403625
v 3.60138089 46.61334149 50.78334671
v 3.75702312 47.31058350 51.35861677
v 3.75055941 46.93041217 57.49395623
v 3.57735074 47.43686146 56.93010925
v 3.61230559 46.75853069 59.78565610
v 3.71680058 46.03611054 60.10578107
v 3.71439365 47.76278425 4.41765057
v 3.67573235 47.79113471 52.04259050
v 3.56120317 48.13356996 52.77060250
v 3.73910484 48.46591087 53.47713636
v 3.73877839 48.31851223 55.66268617
v 3.56826159 48.44944557 54.93984204
v 3.68183739 47.95706728 56.33335767
v 3.60849515 47.53479436 59.45609093
v 3.56108708 48.37758894 4.66694841
v 3.66876972 49.04782983 5.07452624
v 3.68735596 48.56217104 54.21599531
v 3.61339077 48.73882344 58.77044565
v 3.71524544 48.04641372 59.11810462
v 3.72483841 49.66329902 5.43178128
v 3.60631802 49.47011125 58.40382856
v 3.59138108 50.18498939 5.68099682
v 3.67562939 50.64543690 6.06516690
v 3.58448146 50.53830163 42.99310666
v 3.75099514 50.17135894 43.49128242
v 3.69412740 50.01718194 44.40831850
v 3.63378949 50.25301409 45.63825175
v 3.71458981 50.73504421 46.54212948
v 3.59651689 50.41568356 57.71434025
v 3.70938872 49.92417976 58.02756522
v 3.57357221 51.14456721 6.45498661
v 3.67721976 51.58226186 6.91401429
v 3.63463475 51.90792576 17.15890642
v 3.78478561 51.22748542 17.59472898
v 3.71165825 50.91932386 18.39524864
v 3.64966747 50.91776161 19.45023000
v 3.57473349 51.39259307 20.64735203
v 3.65571335 52.26405638 21.56482847
v 3.60049130 51.46362084 41.92949211
v 3.72959423 50.94635135 42.33430609
v 3.52306313 51.43704841 47.19057712
v 3.62390705 52.26993629 47.75143523
v 3.59268237 51.38805444 56.80817373
v 3.71643576 50.87931683 57.19466705
v 3.57351588 52.11599110 7.38082327
v 3.68090665 52.56060666 7.87256591
v 3.68096076 52.98054082 16.88104777
v 3.67309926 53.32825470 22.03936605
v 3.64805020 52.83869866 41.12437236
v 3.75567842 51.99780845 41.42063213
v 3.66927407 53.33649490 48.10767137
v 3.59166441 52.37470304 55.82633303
v 3.71943620 51.85730227 56.23669557
v 3.57473780 53.10714719 8.36369673
v 3.68241460 53.55450742 8.86343270
v 3.74631898 54.07190838 17.03111372
v 3.67059717 54.35417504 22.07545119
v 3.70050520 54.03347070 41.05969686
v 3.69216010 54.38509397 48.12738890
v 3.59163284 53.37113094 54.82747465
v 3.72150697 52.84933633 55.24217201
v 3.57526211 54.10421008 9.36005972
v 3.68271142 54.55057004 9.86057078
v 3.83934918 55.00821657 17.49781387
v 3.68363371 55.22135747 21.76952448
v 3.59393517 54.58824636 30.05845773
v 3.75752261 54.18752600 30.52410813
v 3.69649935 54.02246140 31.41992384
v 3.63448218 54.25428099 32.63802589
v 3.71539467 54.73550645 33.53208603
v 3.75671170 55.00199253 41.36276919
v 3.73098150 55.29131672 47.89661666
v 3.59143970 54.37066473 53.82739979
v 3.72224662 53.84789161 54.24226178
v 3.57586199 55.09748696 10.35641752
v 3.68251636 55.53529756 10.85408579
v 3.75043665 55.58405789 18.22726318
v 3.70197596 56.00623509 19.19084087
v 3.69660334 56.11237393 20.20946464
v 3.69888103 55.84515803 21.12954975
v 3.64576021 55.86519614 29.14053037
v 3.75539245 55.06230371 29.46519758
v 3.52388323 55.44044748 34.16437861
v 3.62881966 56.27190883 34.68094473
v 3.61372980 55.60105729 41.84030819
v 3.79007163 56.29944574 42.42904543
v 3.76308642 55.96616155 47.51379576
v 3.55770671 56.42173339 46.90704319
v 3.59061449 55.37023430 52.82876636
v 3.72166824 54.84812584 53.24303146
v 3.57774918 56.06481218 11.34290195
v 3.68099325 56.47099733 11.83153924
v 3.69964307 57.03966457 29.06357633
v 3.68798858 57.31209011 34.94566810
v 3.74546561 56.77099578 43.20226525
v 3.69407574 57.07406390 44.17732129
v 3.66720848 57.12900091 45.21925732
v 3.63653276 56.88232042 46.19880375
v 3.58770814 56.36251787 51.83525031
v 3.71896986 55.84668421 52.24716695
v 3.58002692 56.94314775 12.30569440
v 3.67266118 57.26901837 12.76892671
v 3.75630866 58.00080414 29.36497130
v 3.73530630 58.27268435 34.84065325
v 3.57910940 57.31194157 50.85544133
v 3.71113502 56.82534862 51.26211416
v 3.58324970 57.61577149 13.22181852
v 3.59860167 58.01533030 13.92806444
v 3.71002662 58.45912330 14.64478076
v 3.61346518 58.59283965 29.84312837
v 3.79050835 59.28084701 30.43887616
v 3.77272062 58.96803912 34.50618451
v 3.56187682 59.40592699 33.90592225
v 3.56137338 58.13010694 49.86930602
v 3.69164775 57.71767189 50.30024713
v 3.59168367 58.93968639 15.21271211
v 3.68379904 59.24994599 15.71632392
v 3.74801881 59.72114643 31.22503939
v 3.69864091 59.94173892 32.21959295
v 3.65157463 59.81640870 33.19785828
v 3.55948838 59.19506153 47.97028355
v 3.71489097 58.84305747 48.44262035
v 3.66712258 58.48614349 49.15088467
v 3.59040786 59.57354370 16.18346888
v 3.60402058 59.90464855 16.87993367
v 3.70526912 60.23915641 17.56285842
v 3.56017434 60.19015333 45.96534259
v 3.71776694 59.84684067 46.44045956
v 3.66771846 59.51932089 47.17585614
v 3.60105908 60.56510633 18.09231388
v 3.61333637 60.86804610 18.82574488
v 3.71252981 61.15420221 19.51231080
v 3.55097346 61.11293632 43.97327882
v 3.71684144 60.80104781 44.44332424
v 3.67029042 60.49587295 45.17002039
v 3.60997977 61.41915963 20.02817509
v 3.62446807 61.58758890 20.69335629
v 3.62979555 61.87505395 21.67494777
v 3.72835983 62.12572541 22.43663434
v 3.54425600 62.11387750 41.00601903
v 3.72207052 61.84513768 41.49026453
v 3.69440629 61.59190711 42.26853680
v 3.65364670 61.34835539 43.17685956
v 3.62248920 62.35250490 22.96756260
v 3.63817300 62.42783374 23.60779978
v 3.64765105 62.50632582 24.47723217
v 3.64888015 62.63597347 25.47245991
v 3.64050390 62.89415924 26.60231917
v 3.73476262 63.12999962 27.41124196
v 3.54227225 63.13335031 36.02065375
v 3.72114631 62.88776816 36.51686360
v 3.70036571 62.68280077 37.32848305
v 3.68206897 62.52457244 38.32249481
v 3.66611083 62.40439099 39.29534214
v 3.63917287 62.27791212 40.20496341
v 3.62581830 63.34985312 27.95489141
v 3.64227453 63.40859740 28.59562077
v 3.65518726 63.44026558 29.44808662
v 3.66234049 63.45522572 30.38987494
v 3.66510207 63.45922972 31.36901214
v 3.66524147 63.45287297 32.35941981
v 3.66330204 63.42910501 33.34471513
v 3.65675042 63.37447121 34.30683536
v 3.63465331 63.27762744 35.21402698
v 3.92822253 1.16515317 25.26051389
v 3.99070006 0.99803375 26.25119658
v 3.99420743 0.91154000 27.16294687
v 3.98539791 0.86910684 28.11572802
v 3.97825569 0.85125004 29.09766890
v 3.97501686 0.84526413 30.09249147
v 3.97430934 0.84356678 31.09168137
v 3.97451135 0.84297928 32.09184755
v 3.97472333 0.84269525 33.09197258
v 3.97448461 0.84260310 34.09166295
v 3.97280795 0.84276506 35.08977250
v 3.96666277 0.84358555 36.08229177
v 3.94925750 0.84614440 37.05858705
v 3.90956388 0.85203660 37.99596897
v 3.83438980 0.86084610 38.84700580
v 3.93114383 2.13055522 22.27826884
v 4.00037772 1.89793970 23.31542951
v 4.02534263 1.66100783 24.39058233
v 4.18363594 1.73544227 25.39723488
v 4.19594846 1.58021654 26.17368087
v 4.21245877 1.48910760 27.10042719
v 4.21329088 1.44205262 28.05698888
v 4.20896127 1.42262447 29.03626356
v 4.20610744 1.41741094 30.02964424
v 4.20623754 1.41656903 31.02941454
v 4.20794667 1.41574591 32.03074996
v 4.20948036 1.41474085 33.03170581
v 4.21014700 1.41410915 34.03199362
v 4.20969875 1.41386876 35.03142824
v 4.20676233 1.41386903 36.02852881
v 4.19703188 1.41408514 37.01876138
v 4.17155935 1.41440546 37.99312049
v 4.11533502 1.41278512 38.94254902
v 3.99752133 1.39363305 39.89664290
v 3.94405728 1.61418244 40.96975537
v 3.85047268 1.74597286 41.83816743
v 3.94024614 3.16324111 19.31736284
v 4.00488380 2.90753647 20.32828441
v 4.02771647 2.65572547 21.39792520
v 4.18697264 2.72041364 22.40935803
v 4.20490531 2.54201570 23.20570590
v 4.23967016 2.40711894 24.18302929
v 4.29105010 2.34356591 25.18461537
v 4.33645651 2.30477065 26.13568817
v 4.35101916 2.24328080 27.06683081
v 4.35366520 2.20068131 28.02728978
v 4.34877096 2.18163681 29.00446367
v 4.34365943 2.18139829 29.99573861
v 4.34427843 2.18667958 30.99762215
v 4.35029776 2.18712399 32.00305970
v 4.35660948 2.18398023 33.00702339
v 4.36020731 2.18138104 34.00879119
v 4.36140113 2.18016691 35.00918597
v 4.36069952 2.17972848 36.00841684
v 4.35671935 2.17946617 37.00516293
v 4.34495447 2.17909708 37.99620433
v 4.31750131 2.17913207 38.97842899
v 4.26611479 2.18487021 39.95771579
v 4.20497450 2.23712250 40.95340422
v 4.13138085 2.31700568 41.93242703
v 4.00166010 2.35459075 42.89255445
v 3.93869997 2.60492617 43.96059757
v 3.83409310 2.74704343 44.81228778
v 3.94448424 4.10077762 17.35582800
v 4.02451631 3.73329035 18.47997845
v 4.18718083 3.75508953 19.44276562
v 4.20726590 3.55721922 20.22138107
v 4.24137207 3.41042341 21.18933346
v 4.29308566 3.34011797 22.19026600
v 4.34189027 3.29410757 23.14873411
v 4.36649659 3.22102652 24.09849077
v 4.39083103 3.16777786 25.08336390
v 4.41405813 3.13563451 26.06902806
v 4.42621604 3.10497315 27.04165724
v 4.42371926 3.07127226 28.01095222
v 4.41118307 3.04721675 28.98162366
v 4.39458381 3.05289961 29.96135160
v 4.38796038 3.08114847 30.96375009
v 4.40158112 3.09275058 31.98011123
v 4.42240021 3.08400715 32.99323075
v 4.43570329 3.07497647 33.99944914
v 4.44135105 3.07036154 35.00159254
v 4.44284760 3.06869796 36.00195764
v 4.44197732 3.06814289 37.00117043
v 4.43784866 3.06777887 37.99848627
v 4.42720942 3.06774267 38.99266643
v 4.40605250 3.07066087 39.98428416
v 4.37411527 3.08572561 40.97698072
v 4.33138738 3.11653013 41.96818995
v 4.27065606 3.15370364 42.95382530
v 4.20167323 3.22582257 43.94750793
v 4.11575003 3.31509289 44.91274191
v 3.96084424 3.35867290 45.82935081
v 3.85021564 3.61020364 46.78825201
v 3.94007798 5.14578260 15.41594516
v 4.02411303 4.72954794 16.50479140
v 4.18473875 4.72873292 17.46224402
v 4.21563789 4.50759666 18.26354505
v 4.28269444 4.38596024 19.22692528
v 4.33846457 4.31358168 20.16395734
v 4.36604416 4.22799557 21.10446536
v 4.39174810 4.16935475 22.08634929
v 4.41762836 4.13564452 23.07379535
v 4.43707097 4.10626095 24.05399629
v 4.44994833 4.07746877 25.03857559
v 4.45956926 4.05570218 26.03025288
v 4.46229928 4.03529817 27.02026078
v 4.45113778 4.00658495 28.00377893
v 4.42251032 3.96766940 28.97394390
v 4.38522300 3.93930471 29.91567668
v 4.34275762 4.01964101 30.89391517
v 4.35218031 4.09821351 31.93634784
v 4.41290311 4.07219526 32.97454811
v 4.45379867 4.04448535 33.99189600
v 4.47213292 4.02990785 34.99812931
v 4.47832422 4.02437273 35.99990943
v 4.47965024 4.02270302 37.00011984
v 4.47876261 4.02212794 37.99945494
v 4.47537520 4.02178315 38.99763123
v 4.46788321 4.02235041 39.99443997
v 4.45499019 4.02645450 40.99053325
v 4.43596087 4.03660253 41.98618361
v 4.40890131 4.05254575 42.98045066
v 4.37236266 4.07782323 43.97344417
v 4.32170068 4.11387491 44.95866843
v 4.24164982 4.15306453 45.92500127
v 4.12987007 4.22486483 46.87742600
v 3.95578800 4.30455264 47.79878409
v 3.82093834 4.59185975 48.71866131
v 3.96816310 5.88499302 14.49016804
v 4.16575628 5.78514694 15.48224904
v 4.20311263 5.51661706 16.27308714
v 4.26475330 5.37106727 17.22279735
v 4.31886591 5.29461139 18.16467080
v 4.35902872 5.21511713 19.11352829
v 4.40039981 5.16009607 20.08611766
v 4.43027472 5.11674447 21.05894890
v 4.44849120 5.08146748 22.04052573
v 4.46196783 5.05907005 23.03192794
v 4.47238700 5.04460970 24.02473119
v 4.47934062 5.03231795 25.01752439
v 4.48280546 5.02089554 26.01252529
v 4.48014388 5.00741166 27.00884255
v 4.46256785 4.98254576 28.00315396
v 4.41593645 4.93312307 28.98824892
v 4.33464915 4.85036688 29.93665530
v 4.27596148 4.74580741 30.72058939
v 4.12706255 5.26928957 31.83163607
v 4.31441251 5.14350870 32.94396277
v 4.42350546 5.06527671 33.98170587
v 4.47109908 5.02721861 34.99472755
v 4.48802154 5.01229740 35.99875316
v 4.49280591 5.00757187 36.99975279
v 4.49352633 5.00614768 37.99973894
v 4.49248560 5.00526142 38.99899644
v 4.48957191 5.00440103 39.99714862
v 4.48414964 5.00481820 40.99415012
v 4.47608233 5.00841788 41.99094722
v 4.46553510 5.01527230 42.98855782
v 4.45164175 5.02442829 43.98657184
v 4.43069367 5.03631814 44.98201394
v 4.39475099 5.05194644 45.96971878
v 4.33428327 5.07746165 46.94554788
v 4.23692767 5.12021972 47.90251175
v 4.09996229 5.20551290 48.82764119
v 3.89193636 5.28992277 49.66215227
v 3.95097904 7.15313047 12.45422057
v 4.03891811 6.67271059 13.55172598
v 4.20860411 6.65199697 14.51201546
v 4.25478554 6.43642806 15.28424306
v 4.30556699 6.28749675 16.16785370
v 4.32337330 6.17167097 17.07602175
v 4.33723511 6.13014082 18.04033059
v 4.36375955 6.11665305 19.03305178
v 4.40641924 6.09232928 20.03137688
v 4.44636042 6.06350565 21.02582701
v 4.47043427 6.04039447 22.01833456
v 4.48243559 6.02557806 23.01300410
v 4.48868423 6.01727640 24.00975950
v 4.49216862 6.01195058 25.00707013
v 4.49333723 6.00699637 26.00494859
v 4.48992098 5.99941580 27.00384843
v 4.47350868 5.98163112 28.00380623
v 4.42407798 5.93812694 29.00453596
v 4.30607885 5.84438573 30.00363379
v 4.08663026 5.66840619 30.99630908
v 4.10878705 6.30146167 32.93823595
v 4.35450603 6.12438302 33.97709259
v 4.44960269 6.04685380 34.99243410
v 4.48435045 6.01558084 35.99786170
v 4.49511256 6.00495886 36.99949905
v 4.49758655 6.00172172 37.99982922
v 4.49716794 5.99992976 38.99945452
v 4.49467584 5.99731503 39.99770572
v 4.48959570 5.99433035 40.99313923
v 4.48209906 5.99515050 41.98638922
v 4.47474857 6.00256764 42.98202322
v 4.47090313 6.01115173 43.98305609
v 4.46874198 6.01532401 44.98633715
v 4.46057073 6.01766331 45.98630842
v 4.43812441 6.02355194 46.97894134
v 4.39289251 6.03739350 47.96020395
v 4.31367663 6.06582006 48.92243490
v 4.18151349 6.11143707 49.85183703
v 3.97323525 6.19023099 50.76187837
v 3.81353160 6.54160221 51.68073688
v 3.97293571 7.95279534 11.56929854
v 4.17860754 7.82184086 12.52415755
v 4.22371689 7.52464861 13.31297028
v 4.29214465 7.34738627 14.26406753
v 4.34184204 7.23586455 15.18756406
v 4.35107923 7.10329410 16.08351825
v 4.33682099 6.98333619 16.96933944
v 4.29512589 6.96993021 17.89643023
v 4.27091066 7.05462639 18.92671997
v 4.32536098 7.08983334 19.98051818
v 4.40998716 7.06251668 21.00009318
v 4.46215993 7.03269189 22.00489650
v 4.48546462 7.01539780 23.00453764
v 4.49405244 7.00757082 24.00340343
v 4.49697630 7.00423428 25.00246572
v 4.49762698 7.00210263 26.00176782
v 4.49552365 6.99858163 27.00162046
v 4.48524141 6.98868874 28.00297078
v 4.45122127 6.96119598 29.00844911
v 4.35751985 6.89492097 30.02472875
v 4.11543012 6.74849155 31.06753659
v 4.11624937 7.36680718 33.00741127
v 4.31269685 7.17819222 33.99881248
v 4.42655417 7.07331794 34.99740585
v 4.47586952 7.02540659 35.99862583
v 4.49326065 7.00727825 36.99954286
v 4.49798398 7.00139485 37.99992799
v 4.49798285 6.99855792 38.99994999
v 4.49459064 6.99407640 39.99894087
v 4.48616894 6.98576026 40.99388683
v 4.47196568 6.97726564 41.97911970
v 4.45455784 6.98641057 42.96125595
v 4.44625961 7.01184468 43.95835758
v 4.45648383 7.02281265 44.97048908
v 4.47155480 7.01666115 45.98327344
v 4.47513877 7.01098003 46.98878603
v 4.46265216 7.01089630 47.98527079
v 4.42919842 7.01773720 48.97078375
v 4.36335500 7.03436497 49.93947651
v 4.24941632 7.07225511 50.88417882
v 4.08778536 7.17012501 51.78944773
v 3.85370242 7.27600638 52.57897270
v 3.97975505 8.89347671 10.59827611
v 4.19773890 8.76098667 11.56076295
v 4.26830741 8.50528978 12.32782842
v 4.33956101 8.34543669 13.21844345
v 4.37730049 8.20990776 14.14327253
v 4.39513991 8.11011627 15.09999402
v 4.37536383 8.00167047 16.04747419
v 4.31054197 7.84217349 16.95577260
v 4.24925760 7.64593467 17.69577274
v 4.07498016 7.93377290 18.69036998
v 4.06932232 8.18910111 19.92101809
v 4.29469166 8.12973372 20.97363758
v 4.41931490 8.05965337 21.99410281
v 4.47303813 8.02243670 22.99980883
v 4.49215635 8.00738966 24.00078767
v 4.49779221 8.00240061 25.00071265
v 4.49905666 8.00075718 26.00054293
v 4.49834547 7.99927099 27.00059641
v 4.49373804 7.99497195 28.00156347
v 4.47743147 7.98196098 29.00566513
v 4.43180431 7.94956784 30.01913419
v 4.32891468 7.88411219 31.05827522
v 4.16291521 7.77652704 32.17338882
v 4.29939966 8.28288306 33.28192813
v 4.35053782 8.17209076 34.06586935
v 4.42548588 8.08443337 35.01546438
v 4.47127980 8.03345241 36.00305921
v 4.49108103 8.01065155 37.00044365
v 4.49749289 8.00238311 38.00013358
v 4.49811551 7.99879159 39.00041070
v 4.49427305 7.99353672 40.00091212
v 4.48217852 7.98103771 40.99979712
v 4.45598589 7.95724325 41.98759359
v 4.41948490 7.93204436 42.93652402
v 4.37565148 7.99576361 43.89962251
v 4.38205855 8.06224129 44.92285112
v 4.43757827 8.04108266 45.95888646
v 4.47243084 8.01921109 46.98244269
v 4.48339265 8.00805464 47.99125732
v 4.47667730 8.00519333 48.98975059
v 4.45140836 8.00828948 49.97840076
v 4.39762397 8.01975003 50.95179902
v 4.29920728 8.04903994 51.89539351
v 4.13225878 8.09868879 52.77602230
v 3.87533642 8.17483877 53.55500086
v 3.98090470 9.87831029 9.60981218
v 4.20144590 9.74053835 10.57301820
v 4.27690760 9.47909799 11.34368742
v 4.35767585 9.32791496 12.22968282
v 4.40525696 9.20787649 13.13728907
v 4.43322063 9.12286397 14.08359405
v 4.43721694 9.05366294 15.05217432
v 4.40274822 8.97396152 16.03036624
v 4.29655753 8.83191896 17.00539803
v 4.09130323 8.52531748 17.96328008
v 4.08437014 9.33109728 20.94741700
v 4.34446858 9.13142896 21.98634748
v 4.44698236 9.04720258 22.99696957
v 4.48452720 9.01449299 23.99959189
v 4.49619424 9.00375864 25.00008383
v 4.49912932 9.00081351 26.00012845
v 4.49942609 8.99984606 27.00017741
v 4.49793693 8.99829893 28.00058949
v 4.49196955 8.99345870 29.00244649
v 4.47459480 8.98102287 30.00884233
v 4.43643553 8.95807461 31.02663486
v 4.38146978 8.93862883 32.06565734
v 4.37364125 9.01795251 33.10851859
v 4.41198760 9.09478925 34.08752927
v 4.44631695 9.06671349 35.03249543
v 4.47506404 9.03244460 36.00945307
v 4.49097420 9.01208094 37.00223179
v 4.49726374 9.00332033 38.00051331
v 4.49843070 8.99962056 39.00057716
v 4.49535800 8.99513941 40.00198775
v 4.48315411 8.98318376 41.00571871
v 4.44899684 8.95357778 42.01102612
v 4.37610570 8.89122395 42.99734111
v 4.31295084 8.76794893 43.77456013
v 4.16088153 9.21274839 44.81493303
v 4.34028597 9.10446143 45.90229618
v 4.43872704 9.04542835 46.96223913
v 4.47864997 9.01676576 47.98678909
v 4.48954080 9.00539268 48.99424762
v 4.48492189 9.00237972 49.99287346
v 4.46483051 9.00385938 50.98292621
v 4.41802047 9.01068679 51.95657714
v 4.32209638 9.02647288 52.89469783
v 4.14835065 9.06031164 53.76712923
v 3.88074042 9.13900313 54.54215577
v 3.97748690 10.87397822 8.63185021
v 4.20089751 10.73576690 9.58151593
v 4.27803293 10.47172408 10.34974986
v 4.36084934 10.31848502 11.23612783
v 4.41224188 10.19973643 12.14313116
v 4.44706361 10.12195562 13.08484706
v 4.46550368 10.06856753 14.04778015
v 4.46734780 10.02822365 15.02731482
v 4.44038258 9.98269740 16.01733172
v 4.35082108 9.90253967 17.01688497
v 4.11431563 9.73520064 18.04359888
v 4.09015270 10.52221489 21.00348362
v 4.30046694 10.21932377 22.00182903
v 4.42206845 10.08303393 23.00032086
v 4.47470307 10.02707456 24.00005175
v 4.49323480 10.00736309 25.00002951
v 4.49851201 10.00163123 26.00002674
v 4.49964403 10.00021578 27.00004126
v 4.49944254 9.99958217 28.00016528
v 4.49774560 9.99810907 29.00077108
v 4.49236433 9.99413442 30.00300353
v 4.47996172 9.98663166 31.00936493
v 4.46088215 9.98030793 32.02280757
v 4.44852516 9.99387738 33.03983359
v 4.45443492 10.02351514 34.04405815
v 4.46982555 10.03385374 35.02904009
v 4.48373114 10.02236214 36.01193766
v 4.49312419 10.01018842 37.00367563
v 4.49765938 10.00339716 38.00093521
v 4.49890867 10.00032645 39.00050992
v 4.49725150 9.99738036 40.00164822
v 4.48893056 9.98944085 41.00618980
v 4.46139149 9.96735301 42.01996806
v 4.38299975 9.91461092 43.06002274
v 4.16097805 9.79752698 44.21010402
v 4.16095965 10.20247732 45.78988158
v 4.38288989 10.08539580 46.93992999
v 4.46105461 10.03265935 47.97988542
v 4.48788817 10.01060202 48.99333597
v 4.49406078 10.00285087 49.99681295
v 4.48953396 10.00082594 50.99464549
v 4.47171174 10.00111440 51.98462958
v 4.42649400 10.00358202 52.95667069
v 4.32834755 10.01198115 53.89005717
v 4.14838240 10.03948858 54.75392789
v 3.87528186 10.11647005 55.51629563
v 3.96153654 11.87054301 7.70141415
v 4.19396601 11.73472311 8.60600892
v 4.27567564 11.47024597 9.35963240
v 4.36053576 11.31633097 10.24014265
v 4.41305570 11.19678386 11.14580794
v 4.44937666 11.11912019 12.08725783
v 4.47132345 11.06845746 13.04914077
v 4.48319355 11.03689676 14.02647044
v 4.48539289 11.01535168 15.01389030
v 4.47219208 10.99395155 16.00829227
v 4.42636587 10.96012265 17.00939814
v 4.31739531 10.90517887 18.02330045
v 4.12681907 10.86803498 19.05969925
v 4.10386565 11.10435990 20.26573240
v 4.27301899 11.41310349 21.30506228
v 4.33762214 11.23474574 22.07066503
v 4.42031483 11.10476197 23.01744063
v 4.46962611 11.03857634 24.00405810
v 4.49072321 11.01167799 25.00082688
v 4.49772326 11.00286724 26.00014214
v 4.49953863 11.00054889 27.00002551
v 4.49982797 10.99999141 28.00003675
v 4.49949300 10.99957130 29.00018452
v 4.49814590 10.99851081 30.00078758
v 4.49474007 10.99632391 31.00263178
v 4.48885745 10.99399727 32.00676139
v 4.48313894 10.99574430 33.01280753
v 4.48202691 11.00366020 34.01688955
v 4.48604380 11.01082267 35.01490821
v 4.49161114 11.01068936 36.00874425
v 4.49596291 11.00627379 37.00353944
v 4.49844573 11.00256396 38.00108470
v 4.49935621 11.00057645 39.00039445
v 4.49878638 10.99900310 40.00085232
v 4.49484625 10.99508738 41.00349993
v 4.48064597 10.98344592 42.01242883
v 4.43949726 10.95468516 43.03748988
v 4.34060044 10.89560123 44.09760567
v 4.16098629 10.78727503 45.18503493
v 4.31302089 11.23206037 46.22540894
v 4.37611574 11.10876615 47.00262295
v 4.44894352 11.04640148 47.98890453
v 4.48296440 11.01681000 48.99413222
v 4.49477023 11.00497079 49.99762374
v 4.49659038 11.00108054 50.99817174
v 4.49153061 10.99980553 51.99523690
v 4.47372570 10.99876698 52.98436248
v 4.42648622 10.99738552 53.95332848
v 4.32212238 10.99835276 54.87774304
v 4.13266045 11.01241353 55.71884529
v 3.85617252 11.06710013 56.43106683
v 3.91975604 12.83029233 6.88750399
v 4.16632601 12.73668264 7.66155970
v 4.26234095 12.47246052 8.38647435
v 4.35520193 12.31712511 9.25052736
v 4.41131298 12.19667473 10.14952059
v 4.44908999 12.11849766 11.08871550
v 4.47185128 12.06770164 12.05005019
v 4.48517863 12.03697479 13.02710750
v 4.49215275 12.01896895 14.01389249
v 4.49424581 12.00811252 15.00680653
v 4.48970340 11.99915402 16.00354770
v 4.47165715 11.98673998 17.00363043
v 4.42880510 11.96859064 18.00975935
v 4.35915813 11.95927727 19.02998079
v 4.31361997 12.01118332 20.08559862
v 4.34248049 12.11887627 21.13317846
v 4.39861761 12.14865809 22.09723405
v 4.44099451 12.08991466 23.03544004
v 4.47326515 12.03993028 24.01040400
v 4.49050076 12.01395863 25.00254442
v 4.49732963 12.00388777 26.00051022
v 4.49940466 12.00085720 27.00008245
v 4.49988081 12.00013364 28.00001564
v 4.49989922 11.99993943 29.00003469
v 4.49963846 11.99969526 30.00016103
v 4.49887172 11.99915618 31.00059041
v 4.49736018 11.99842328 32.00165075
v 4.49548173 11.99837312 33.00344498
v 4.49439686 11.99998720 34.00521591
v 4.49490757 12.00243535 35.00559985
v 4.49650280 12.00355707 36.00421306
v 4.49811904 12.00278791 37.00222678
v 4.49918950 12.00142644 38.00084980
v 4.49967553 12.00046394 39.00028339
v 4.49958014 11.99976322 40.00033017
v 4.49820791 11.99826480 41.00135220
v 4.49278915 11.99359108 42.00517823
v 4.47657828 11.98166859 43.01615087
v 4.43949718 11.95941547 44.04054351
v 4.38300035 11.93803032 45.07689587
v 4.37612702 12.00436035 46.10023910
v 4.41970234 12.06796968 47.06335290
v 4.45601885 12.04268545 48.01221972
v 4.48204658 12.01887158 48.99989449
v 4.49399775 12.00650576 49.99864452
v 4.49778544 12.00178106 50.99893769
v 4.49735024 12.00019335 51.99840230
v 4.49152699 11.99890509 52.99488071
v 4.47169045 11.99586044 53.98218405
v 4.41795025 11.98890246 54.94480094
v 4.29913593 11.97651091 55.85066862
v 4.08859259 11.95724754 56.64017749
v 3.82088658 11.90821674 57.16870372
v 4.03259378 13.90735363 6.43660224
v 4.21198392 13.51292572 7.38358630
v 4.33089437 13.33024186 8.26063207
v 4.39953206 13.20165332 9.15559328
v 4.44393552 13.12057147 10.09121682
v 4.46997632 13.06842129 11.05097652
v 4.48474448 13.03709023 12.02750152
v 4.49256842 13.01909249 13.01412961
v 4.49645460 13.00929582 14.00690015
v 4.49790382 13.00400039 15.00318103
v 4.49688077 13.00048056 16.00144271
v 4.49121714 12.99640679 17.00109564
v 4.47678409 12.99061266 18.00294995
v 4.45187563 12.98690182 19.01008193
v 4.42776369 12.99815159 20.02748748
v 4.42427202 13.03024668 21.04874821
v 4.44239090 13.05674100 22.05157095
v 4.46488748 13.05168011 23.03243077
v 4.48200656 13.02950968 24.01308005
v 4.49263146 13.01236785 25.00400603
v 4.49761909 13.00399579 26.00096840
v 4.49939532 13.00100750 27.00018481
v 4.49987837 13.00019602 28.00002806
v 4.49996995 13.00001844 29.00000779
v 4.49994260 12.99995319 30.00002578
v 4.49980545 12.99984300 31.00010471
v 4.49949140 12.99965977 32.00032461
v 4.49901765 12.99954526 33.00075425
v 4.49860439 12.99976903 34.00129626
v 4.49853317 13.00034992 35.00162836
v 4.49884156 13.00085487 36.00148279
v 4.49929651 13.00089492 37.00097446
v 4.49966321 13.00058220 38.00046364
v 4.49986194 13.00024771 39.00017022
v 4.49987955 12.99999077 40.00011146
v 4.49952115 12.99953298 41.00038738
v 4.49791767 12.99805452 42.00160679
v 4.49279100 12.99402142 43.00536921
v 4.48064754 12.98629712 44.01410582
v 4.46138928 12.97892681 45.02826227
v 4.44898701 12.98910740 46.04096842
v 4.45602307 13.01399639 47.03827750
v 4.47257441 13.02270080 48.02033232
v 4.48606151 13.01391688 49.00519370
v 4.49386044 13.00570684 49.99964860
v 4.49698952 13.00192883 50.99834909
v 4.49778519 13.00079893 51.99827256
v 4.49658771 13.00001564 52.99768722
v 4.48951589 12.99775922 53.99346797
v 4.46474044 12.99140506 54.97726065
v 4.39728283 12.97656544 55.92906202
v 4.24840310 12.94802363 56.81092498
v 3.97054608 12.89527263 57.57672518
v 3.98095280 14.85525098 5.64645414
v 4.20777232 14.71549470 6.51090286
v 4.28311552 14.40910570 7.23932591
v 4.36256032 14.22674086 8.14224365
v 4.41800124 14.13166475 9.08451559
v 4.45447610 14.07514440 10.04870819
v 4.47746478 14.04057443 11.02716259
v 4.48993022 14.02047667 12.01422276
v 4.49581809 14.00974866 13.00700028
v 4.49831244 14.00440153 14.00324114
v 4.49923340 14.00183605 15.00141172
v 4.49919518 14.00046843 16.00057613
v 4.49779933 13.99925167 17.00029081
v 4.49375775 13.99757425 18.00064928
v 4.48600369 13.99611397 19.00256298
v 4.47656938 13.99801209 20.00760561
v 4.47137478 14.00626478 21.01523047
v 4.47429460 14.01685740 22.01998359
v 4.48233634 14.02064010 23.01712310
v 4.49020105 14.01556756 24.00975128
v 4.49552817 14.00806908 25.00387489
v 4.49836171 14.00309296 26.00115385
v 4.49952624 14.00090364 27.00026416
v 4.49989298 14.00020267 28.00004661
v 4.49998023 14.00003356 29.00000673
v 4.49999097 13.99999810 30.00000372
v 4.49997333 13.99997721 31.00001452
v 4.49992176 13.99994146 32.00005050
v 4.49982901 13.99990329 33.00013177
v 4.49972328 13.99991429 34.00025637
v 4.49966651 14.00001190 35.00037047
v 4.49969775 14.00014471 36.00039618
v 4.49979117 14.00020978 37.00031233
v 4.49988807 14.00017394 38.00018092
v 4.49995126 14.00009403 39.00007822
v 4.49996955 14.00001981 40.00003689
v 4.49990031 13.99990642 41.00008592
v 4.49952889 13.99953567 42.00038158
v 4.49822181 13.99842451 43.00139944
v 4.49486324 13.99607816 44.00399321
v 4.48894068 13.99332355 45.00871964
v 4.48312959 13.99405632 46.01416152
v 4.48206698 14.00033893 47.01621663
v 4.48606347 14.00600179 48.01211381
v 4.49085040 14.00535342 49.00467788
v 4.49339957 14.00177250 49.99850173
v 4.49386044 14.00035559 50.99520456
v 4.49399765 14.00128603 51.99459604
v 4.49476913 14.00194070 52.99563521
v 4.49405205 14.00055212 53.99586690
v 4.48486959 13.99600092 54.99043939
v 4.45116686 13.98497459 55.96780035
v 4.36246979 13.96257877 56.90198357
v 4.17876523 13.93221943 57.74801611
v 3.88348650 13.94950575 58.45237338
v 3.91971032 15.81908037 4.90506963
v 4.16323744 15.71297078 5.64150310
v 4.25391062 15.43406972 6.33019852
v 4.33155113 15.25809219 7.16081381
v 4.36930249 15.13457982 8.05065284
v 4.39851464 15.08326492 9.01588830
v 4.43219404 15.05630357 10.01222955
v 4.46460452 15.03161028 11.01051094
v 4.48522292 15.01510075 12.00659522
v 4.49491162 15.00632005 13.00334698
v 4.49848918 15.00241727 14.00148767
v 4.49956930 15.00087396 15.00060528
v 4.49978820 15.00026250 16.00022725
v 4.49955121 14.99990536 17.00008103
v 4.49863704 14.99948087 18.00010254
v 4.49664001 14.99901124 19.00048754
v 4.49372992 14.99914658 20.00169978
v 4.49127281 15.00087057 21.00392210
v 4.49093270 15.00395986 22.00610948
v 4.49285188 15.00626402 23.00650607
v 4.49559118 15.00599449 24.00478815
v 4.49780461 15.00387908 25.00247366
v 4.49910957 15.00179498 26.00092183
v 4.49971074 15.00061675 27.00025615
v 4.49992617 15.00015996 28.00005377
v 4.49998539 15.00003126 29.00000851
v 4.49999726 15.00000397 30.00000124
v 4.49999700 14.99999783 31.00000158
v 4.49999057 14.99999217 32.00000609
v 4.49997655 14.99998432 33.00001803
v 4.49995679 14.99998082 34.00003978
v 4.49994055 14.99999143 35.00006564
v 4.49993837 15.00001509 36.00008113
v 4.49995144 15.00003542 37.00007502
v 4.49997060 15.00003803 38.00005172
v 4.49998600 15.00002581 39.00002658
v 4.49999293 15.00000982 40.00001170
v 4.49998364 14.99998706 41.00001556
v 4.49991670 14.99991368 42.00006973
v 4.49965064 14.99966839 43.00028525
v 4.49888856 14.99907724 44.00090354
v 4.49735881 14.99820358 45.00219062
v 4.49540379 14.99781142 46.00400580
v 4.49409699 14.99867510 47.00534931
v 4.49387330 14.99963958 48.00478851
v 4.49340100 14.99822700 49.00149750
v 4.49085040 14.99464646 49.99532197
v 4.48606151 14.99399716 50.98788520
v 4.48204656 14.99965026 51.98377280
v 4.48296408 15.00585860 52.98574907
v 4.48788516 15.00616229 53.99068098
v 4.48951981 15.00150978 54.99279158
v 4.47656707 14.99272486 55.98465153
v 4.42875990 14.97498015 56.95007444
v 4.31238003 14.94274922 57.85359973
v 4.09746157 14.90039452 58.63119733
v 3.82188157 14.84872840 59.15095920
v 4.01497281 16.89967374 4.52106652
v 4.19830254 16.48578629 5.39754547
v 4.30283923 16.26488453 6.22543291
v 4.34021039 16.09308875 7.06601911
v 4.34482362 15.98887015 7.94473738
v 4.32531349 16.01361439 8.91241307
v 4.34285783 16.06654670 9.96245432
v 4.40900705 16.04581365 10.99682717
v 4.45993725 16.02322445 12.00268375
v 4.48603893 16.00924916 13.00195559
v 4.49609694 16.00298905 14.00086372
v 4.49911467 16.00081539 15.00030921
v 4.49982117 16.00019456 16.00009897
v 4.49990823 16.00001759 17.00002790
v 4.49976007 15.99991356 18.00001197
v 4.49934759 15.99979383 19.00006525
v 4.49863813 15.99974953 20.00029318
v 4.49785705 16.00001721 21.00080524
v 4.49745640 16.00070589 22.00147874
v 4.49770449 16.00147091 23.00188661
v 4.49840008 16.00174628 24.00170249
v 4.49911970 16.00138743 25.00109781
v 4.49961013 16.00077886 26.00051038
v 4.49986069 16.00031807 27.00017297
v 4.49996069 16.00009607 28.00004290
v 4.49999170 16.00002136 29.00000733
v 4.49999896 16.00000324 30.00000041
v 4.49999997 15.99999996 30.99999970
v 4.49999935 15.99999910 32.00000025
v 4.49999764 15.99999803 33.00000174
v 4.49999482 15.99999699 34.00000470
v 4.49999181 15.99999747 35.00000893
v 4.49999030 16.00000032 36.00001267
v 4.49999128 16.00000408 37.00001356
v 4.49999401 16.00000601 38.00001094
v 4.49999682 16.00000513 39.00000663
v 4.49999851 16.00000271 40.00000315
v 4.49999784 15.99999908 41.00000250
v 4.49998860 15.99998773 42.00000980
v 4.49994594 15.99994507 43.00004508
v 4.49980684 15.99982527 44.00016130
v 4.49948283 15.99960129 45.00044153
v 4.49894998 15.99934713 46.00092341
v 4.49825731 15.99907683 47.00145808
v 4.49707122 15.99805108 48.00160569
v 4.49387328 15.99429029 49.00034455
v 4.48606344 15.98608270 49.99480528
v 4.47257439 15.97729891 50.97966738
v 4.45601882 15.98600069 51.96172037
v 4.44894341 16.01086441 52.95900874
v 4.46105365 16.02086914 53.97155016
v 4.47864253 16.01257388 54.98469703
v 4.48334819 16.00112739 55.98858215
v 4.46245073 15.98557489 56.97381315
v 4.39221221 15.95660757 57.91804566
v 4.23529397 15.90499832 58.77582218
v 3.95339300 15.82462065 59.49217089
v 3.93931231 17.82143251 3.87416218
v 4.18408553 17.72475645 4.59952519
v 4.26684497 17.39397362 5.28588204
v 4.32676905 17.14737245 6.14210508
v 4.33175363 16.94797954 6.99697334
v 4.28272054 16.81661017 7.86403723
v 4.24194060 16.71535877 8.67029905
v 4.09872730 17.16583102 9.84847252
v 4.26331973 17.09917640 10.99598976
v 4.39150360 17.05492054 12.00528515
v 4.45993000 17.02328762 13.00305296
v 4.48799962 17.00774668 14.00117735
v 4.49710120 17.00204682 15.00035306
v 4.49943869 17.00043185 16.00008653
v 4.49990652 17.00007032 17.00001759
v 4.49995772 16.99999634 18.00000159
v 4.49989933 16.99996540 19.00000285
v 4.49976531 16.99994402 20.00003270
v 4.49958304 16.99996856 21.00012147
v 4.49943832 17.00008300 22.00027179
v 4.49942327 17.00025926 23.00041358
v 4.49954517 17.00038388 24.00044596
v 4.49972188 17.00036915 25.00034576
v 4.49986737 17.00024759 26.00019233
v 4.49995182 17.00011784 27.00007415
v 4.49998903 17.00003845 28.00001589
v 4.50000161 17.00000631 28.99999664
v 4.50000444 16.99999784 29.99999310
v 4.50000411 16.99999716 30.99999415
v 4.50000289 16.99999812 31.99999618
v 4.50000152 16.99999895 32.99999808
v 4.50000032 16.99999934 33.99999954
v 4.49999943 16.99999951 35.00000062
v 4.49999892 16.99999980 36.00000141
v 4.49999883 17.00000026 37.00000181
v 4.49999907 17.00000066 38.00000170
v 4.49999944 17.00000073 39.00000121
v 4.49999973 17.00000050 40.00000065
v 4.49999976 17.00000006 41.00000038
v 4.49999881 16.99999871 42.00000106
v 4.49999350 16.99999295 43.00000546
v 4.49997328 16.99997363 44.00002256
v 4.49991627 16.99992593 45.00007205
v 4.49978352 16.99982083 46.00018434
v 4.49943981 16.99949148 47.00040357
v 4.49825724 16.99815170 48.00080525
v 4.49409684 16.99348089 49.00130416
v 4.48206673 16.98112570 50.00009540
v 4.45602276 16.95731381 50.98777809
v 4.41970207 16.93202929 51.93664612
v 4.37611545 16.99563038 52.89975468
v 4.38288912 17.06188680 53.92304150
v 4.43872337 17.04004946 54.95898939
v 4.47241038 17.01569034 55.98115064
v 4.47503990 16.99621615 56.98244376
v 4.43774554 16.97060377 57.95279782
v 4.33316350 16.92409578 58.86013932
v 4.12734431 16.84832057 59.64193221
v 3.84595894 16.75315008 60.16444064
v 4.01834422 18.91323292 3.54507063
v 4.21661213 18.50947371 4.39378177
v 4.32775175 18.29447667 5.23282560
v 4.35541840 18.09392049 6.11197813
v 4.30961859 17.87721588 7.02112131
v 4.23784341 17.57624460 7.75556174
v 4.02361824 17.60899078 8.77169271
v 3.95938076 18.18571910 11.13002557
v 4.25302467 18.13131272 12.02691705
v 4.40535592 18.05886807 13.00800236
v 4.46961342 18.02079481 14.00253851
v 4.49197072 18.00590537 15.00071036
v 4.49828213 18.00134072 16.00016294
v 4.49970657 18.00023968 17.00002855
v 4.49995892 18.00002921 17.99999912
v 4.49998836 17.99999207 18.99998750
v 4.49997762 17.99997917 19.99997731
v 4.49995391 17.99997301 20.99997356
v 4.49992967 17.99998040 21.99998464
v 4.49992172 18.00000333 23.00000707
v 4.49993907 18.00002784 24.00002216
v 4.49997328 18.00003394 25.00001380
v 4.50000714 18.00001665 25.99998620
v 4.50002975 17.99998989 26.99995730
v 4.50004060 17.99996971 27.99993977
v 4.50004366 17.99996171 28.99993487
v 4.50004185 17.99996361 29.99993930
v 4.50003613 17.99997145 30.99995029
v 4.50002732 17.99998146 31.99996495
v 4.50001742 17.99999023 32.99997936
v 4.50000902 17.99999591 33.99999015
v 4.50000365 17.99999864 34.99999632
v 4.50000107 17.99999963 35.99999903
v 4.50000016 17.99999994 36.99999993
v 4.49999994 18.00000004 38.00000015
v 4.49999993 18.00000007 39.00000015
v 4.49999996 18.00000006 40.00000010
v 4.49999998 18.00000002 41.00000005
v 4.49999991 17.99999990 42.00000009
v 4.49999940 17.99999930 43.00000050
v 4.49999703 17.99999677 44.00000249
v 4.49998801 17.99998751 45.00001022
v 4.49995254 17.99994876 46.00003869
v 4.49978333 17.99974987 47.00015081
v 4.49894949 17.99878549 48.00059031
v 4.49540272 17.99499079 49.00206296
v 4.48312762 17.98317881 50.00578926
v 4.44898401 17.95359415 51.01107424
v 4.37612387 17.89123104 51.99737043
v 4.31301897 17.76793573 52.77458763
v 4.16095667 18.21269790 53.81494690
v 4.34027936 18.10413388 54.90219652
v 4.43755956 18.04383922 55.96122869
v 4.47148423 18.01018994 56.98106562
v 4.46032075 17.98322000 57.96999359
v 4.39400673 17.94196130 58.91118960
v 4.23987842 17.87030536 59.75954633
v 3.95722271 17.77001620 60.46678841
v 3.92131060 19.84142483 2.96953322
v 4.18061864 19.74348063 3.63868886
v 4.28309225 19.42698589 4.30102713
v 4.36963363 19.21911484 5.16406187
v 4.39395426 19.07491345 6.08787313
v 4.32973079 18.91860587 7.05735967
v 4.10117385 18.62442935 8.13576843
v 4.05089147 19.32972711 12.01737320
v 4.32749083 19.13197190 13.01143231
v 4.44077430 19.04729642 14.00441764
v 4.48284154 19.01430217 15.00133319
v 4.49592059 19.00354106 16.00032108
v 4.49922004 19.00070052 17.00005730
v 4.49988700 19.00009829 17.99999250
v 4.50000264 18.99998257 18.99995233
v 4.50003889 18.99994110 19.99989043
v 4.50007969 18.99990517 20.99980504
v 4.50013199 18.99986973 21.99971783
v 4.50018548 18.99983395 22.99965375
v 4.50022839 18.99979787 23.99962044
v 4.50025608 18.99976601 24.99960735
v 4.50027110 18.99974306 25.99960112
v 4.50027814 18.99972972 26.99959647
v 4.50028029 18.99972510 27.99959518
v 4.50027762 18.99973118 28.99960279
v 4.50026636 18.99975380 29.99962807
v 4.50023993 18.99979762 30.99967968
v 4.50019437 18.99985753 31.99975681
v 4.50013537 18.99991750 32.99984351
v 4.50007787 18.99996181 33.99991732
v 4.50003580 18.99998609 34.99996500
v 4.50001281 18.99999603 35.99998837
v 4.50000348 18.99999911 36.99999703
v 4.50000070 18.99999984 37.99999944
v 4.50000010 18.99999998 38.99999993
v 4.50000001 19.00000000 40.00000000
v 4.50000000 19.00000000 41.00000001
v 4.49999999 18.99999999 42.00000000
v 4.49999995 18.99999992 43.00000002
v 4.49999969 18.99999955 44.00000015
v 4.49999813 18.99999747 45.00000120
v 4.49998763 18.99998395 46.00000912
v 4.49991514 18.99989459 47.00006187
v 4.49948004 18.99939551 48.00035137
v 4.49735270 18.99718021 49.00162751
v 4.48892889 18.98939541 50.00618405
v 4.46136964 18.96732935 51.01995749
v 4.38297342 18.91458732 52.06000910
v 4.16096506 18.79750801 53.21009736
v 4.16084696 19.20235284 54.78981661
v 4.38201447 19.08452885 55.93931885
v 4.45638183 19.02859973 56.97641306
v 4.46845978 18.99545233 57.97787502
v 4.42997259 18.95738453 58.94112664
v 4.32018705 18.88971987 59.82884838
v 4.11380927 18.77969888 60.56802663
v 3.83513500 18.68436170 61.06553940
v 3.98095889 20.87145074 2.72985034
v 4.19836176 20.52351546 3.45298405
v 4.33716373 20.32496620 4.25323511
v 4.40771592 20.16913337 5.12188556
v 4.43294157 20.06538397 6.05944930
v 4.39854732 19.98146395 7.03168520
v 4.26806685 19.88991021 8.01965940
v 3.98794335 19.88047277 8.92617197
v 4.08302476 20.54131776 12.01518236
v 4.29014598 20.22234622 13.01948073
v 4.41649137 20.08360317 14.00833363
v 4.47265411 20.02717983 15.00261011
v 4.49268407 20.00735757 16.00064486
v 4.49842491 20.00161027 17.00011767
v 4.49974617 20.00025049 17.99997815
v 4.50001940 19.99994071 18.99986391
v 4.50014308 19.99978512 19.99964371
v 4.50031988 19.99961890 20.99928281
v 4.50057970 19.99944491 21.99884724
v 4.50087699 19.99926458 22.99846686
v 4.50113198 19.99906549 23.99823075
v 4.50129305 19.99886910 24.99813027
v 4.50136676 19.99872244 25.99810357
v 4.50139045 19.99864479 26.99810136
v 4.50139383 19.99862036 27.99810717
v 4.50138522 19.99863614 28.99813030
v 4.50135225 19.99870893 29.99820343
v 4.50126441 19.99887501 30.99837647
v 4.50108797 19.99914352 31.99868025
v 4.50082149 19.99945734 32.99907720
v 4.50052023 19.99972364 33.99946499
v 4.50026628 19.99988878 34.99974955
v 4.50010716 19.99996459 35.99990705
v 4.50003324 19.99999098 36.99997302
v 4.50000783 19.99999815 37.99999395
v 4.50000138 19.99999970 38.99999897
v 4.50000018 19.99999996 39.99999987
v 4.50000002 20.00000000 40.99999999
v 4.50000000 19.99999999 41.99999999
v 4.49999998 19.99999990 42.99999994
v 4.49999985 19.99999951 43.99999970
v 4.49999921 19.99999787 44.99999893
v 4.49999527 19.99999076 45.99999837
v 4.49996812 19.99995315 47.00001115
v 4.49979391 19.99974587 48.00012580
v 4.49886004 19.99875788 49.00075958
v 4.49480701 19.99495781 50.00340914
v 4.48054922 19.98330532 51.01230857
v 4.43934812 19.95452071 52.03735485
v 4.34041166 19.89543508 53.09748812
v 4.16081703 19.78715468 54.18497061
v 4.31271890 20.23186367 55.22532353
v 4.37546710 20.10821412 56.00227935
v 4.44602229 20.04377487 56.98683348
v 4.47041054 20.00625074 57.98428622
v 4.45054196 19.97085246 58.96008576
v 4.37014046 19.91095672 59.88042357
v 4.19787019 19.79818314 60.68263498
v 3.93599375 19.58289937 61.23496729
v 4.03574047 21.90894909 2.50818280
v 4.23769884 21.47324983 3.32304037
v 4.36438179 21.24859927 4.18061837
v 4.43341657 21.12615810 5.09023842
v 4.46067203 21.05324338 6.04051871
v 4.45148894 21.00581777 7.01754577
v 4.39336710 20.96734894 8.00538784
v 4.26877729 20.94819342 8.98767442
v 4.09628836 20.96708394 9.99416883
v 4.10051018 21.15923550 11.24168651
v 4.27028904 21.42977563 12.30111814
v 4.33417516 21.24067642 13.07443907
v 4.41729060 21.10603571 14.02180003
v 4.46810251 21.03879986 15.00612639
v 4.49019524 21.01171133 16.00148359
v 4.49760047 21.00285755 17.00027951
v 4.49957272 21.00049406 17.99996687
v 4.50007326 20.99984703 18.99970345
v 4.50039615 20.99938362 19.99910986
v 4.50094286 20.99875727 20.99795689
v 4.50185064 20.99804791 21.99632227
v 4.50304225 20.99735690 22.99467351
v 4.50421839 20.99660914 23.99351403
v 4.50506690 20.99577185 24.99296412
v 4.50550533 20.99503275 25.99280220
v 4.50566370 20.99457399 26.99278344
v 4.50569889 20.99438231 27.99279694
v 4.50568634 20.99436534 28.99283962
v 4.50561447 20.99452173 29.99298846
v 4.50539388 20.99498466 30.99341104
v 4.50487705 20.99589737 31.99430513
v 4.50396013 20.99717026 32.99569353
v 4.50274524 20.99842670 33.99727403
v 4.50155527 20.99930952 34.99859978
v 4.50069792 20.99975938 35.99942668
v 4.50024344 20.99993197 36.99981459
v 4.50006530 20.99998421 37.99995299
v 4.50001333 20.99999701 38.99999076
v 4.50000204 20.99999955 39.99999862
v 4.50000023 20.99999994 40.99999984
v 4.50000001 20.99999995 41.99999996
v 4.49999993 20.99999972 42.99999983
v 4.49999959 20.99999854 43.99999907
v 4.49999818 20.99999398 44.99999595
v 4.49999298 20.99997964 45.99998615
v 4.49997412 20.99993941 46.99996472
v 4.49989608 20.99981734 47.99994838
v 4.49953915 20.99938354 49.00008052
v 4.49799999 20.99782449 50.00098900
v 4.49239347 20.99296787 51.00463608
v 4.47594360 20.98087045 52.01547019
v 4.43861599 20.95853508 53.03986015
v 4.38195882 20.93720787 54.07636784
v 4.37506034 21.00370549 55.09993452
v 4.41857764 21.06733573 56.06310734
v 4.45376638 21.04089076 57.01105596
v 4.47371818 21.01144635 57.99362957
v 4.46357874 20.98082979 58.97278417
v 4.40526867 20.93040255 59.91356774
v 4.26453945 20.83787605 60.76787175
v 3.99034236 20.68748407 61.48964545
v 3.92010798 22.84688100 2.00328641
v 4.18401471 22.74475780 2.64022884
v 4.29343097 22.41916275 3.27815254
v 4.39126994 22.20808220 4.13386255
v 4.44941995 22.09634769 5.06308007
v 4.47600368 22.04050780 6.02751454
v 4.47945578 22.01118093 7.01066418
v 4.45957305 21.99279576 8.00264486
v 4.41092328 21.98222848 8.99811159
v 4.34150463 21.98949159 10.00640698
v 4.30457734 22.04309080 11.06418021
v 4.33994017 22.13561976 12.12411571
v 4.39729190 22.15449850 13.09550288
v 4.43988081 22.09162312 14.03626955
v 4.47251070 22.04028911 15.01134209
v 4.49016304 22.01401314 16.00297593
v 4.49723983 22.00387512 17.00061834
v 4.49946686 22.00075053 17.99998555
v 4.50020526 21.99970422 18.99949452
v 4.50091417 21.99864899 19.99827715
v 4.50228256 21.99680223 20.99547255
v 4.50477069 21.99433809 21.99070215
v 4.50848716 21.99198585 22.98502392
v 4.51274696 21.98977309 23.98046201
v 4.51629750 21.98708744 24.97808526
v 4.51838434 21.98419650 25.97734309
v 4.51923410 21.98206391 26.97724671
v 4.51946279 21.98100731 27.97728041
v 4.51947341 21.98069061 28.97734600
v 4.51935147 21.98087491 29.97756081
v 4.51892340 21.98180307 30.97828941
v 4.51777160 21.98411816 31.98020224
v 4.51537201 21.98811098 32.98386840
v 4.51159989 21.99282450 33.98888509
v 4.50724257 21.99661624 34.99377823
v 4.50359968 21.99873788 35.99722387
v 4.50139658 21.99961234 36.99901598
v 4.50042038 21.99989992 37.99972288
v 4.50009767 21.99997840 38.99993834
v 4.50001736 21.99999620 39.99998929
v 4.50000232 21.99999946 40.99999857
v 4.50000020 21.99999984 41.99999980
v 4.49999981 21.99999928 42.99999959
v 4.49999886 21.99999615 43.99999771
v 4.49999478 21.99998341 44.99998959
v 4.49998040 21.99994195 45.99996119
v 4.49993799 21.99983320 46.99988169
v 4.49982749 21.99959422 47.99970819
v 4.49954798 21.99910758 48.99942838
v 4.49878719 21.99807476 49.99919246
v 4.49657664 21.99576797 50.99967814
v 4.49058736 21.99088463 52.00269788
v 4.47741528 21.98259351 53.01107791
v 4.45726966 21.97517388 54.02555788
v 4.44451733 21.98593125 55.03915911
v 4.45187747 22.01181129 56.03745618
v 4.46869569 22.02085973 57.01974997
v 4.47934417 22.00879105 58.00175223
v 4.47247028 21.98649398 58.98239287
v 4.42965778 21.94386680 59.93493127
v 4.32196503 21.86063437 60.81194245
v 4.11996285 21.73056679 61.54451821
v 3.83887608 21.62386209 62.04411755
v 3.96030305 23.88866604 1.82600653
v 4.19015578 23.53008714 2.48584482
v 4.33739822 23.32597948 3.25620685
v 4.41654198 23.16821090 4.11195463
v 4.46185233 23.07583929 5.04663879
v 4.48392028 23.03057814 6.01862319
v 4.49106734 23.01013594 7.00680214
v 4.48694914 23.00022906 8.00171883
v 4.47103067 22.99490330 8.99961990
v 4.44495787 22.99555730 10.00238657
v 4.42232890 23.00980956 11.01804982
v 4.42166893 23.03945453 12.04208178
v 4.44149307 23.06121347 13.04883538
v 4.46446557 23.05320049 14.03188260
v 4.48173227 23.02990641 15.01321701
v 4.49248200 23.01244109 16.00416953
v 4.49758580 23.00398407 17.00101148
v 4.49951929 23.00087228 18.00003762
v 4.50043928 22.99956102 18.99929078
v 4.50177782 22.99774225 19.99734198
v 4.50467783 22.99367941 20.99219854
v 4.51020535 22.98670762 21.98154796
v 4.51926386 22.97916541 22.96594877
v 4.53138007 22.97354567 23.95116147
v 4.54327731 22.96741760 24.94274508
v 4.55128513 22.95875598 25.94018432
v 4.55491568 22.95080234 26.93993681
v 4.55601647 22.94626646 27.94004931
v 4.55618738 22.94451493 28.94015308
v 4.55602556 22.94431805 29.94036660
v 4.55536054 22.94557555 30.94119540
v 4.55336821 22.94977526 31.94396013
v 4.54860552 22.95919243 32.95091963
v 4.53968565 22.97327323 33.96314694
v 4.52724436 22.98668370 34.97762283
v 4.51492023 22.99486286 35.98927926
v 4.50636966 22.99833403 36.99592048
v 4.50212249 22.99953005 37.99875045
v 4.50055225 22.99988563 38.99969162
v 4.50011165 22.99997675 39.99993927
v 4.50001735 22.99999618 40.99999060
v 4.50000197 22.99999930 41.99999879
v 4.49999969 22.99999839 42.99999911
v 4.49999723 22.99999126 43.99999523
v 4.49998699 22.99996093 44.99997729
v 4.49994962 22.99985710 45.99991176
v 4.49983747 22.99956774 46.99971451
v 4.49955607 22.99891237 47.99922874
v 4.49894722 22.99768511 48.99826933
v 4.49777396 22.99566315 49.99673993
v 4.49565074 22.99255874 50.99474661
v 4.49180509 22.98826172 51.99299182
v 4.48513741 22.98328606 52.99336488
v 4.47576153 22.97942543 53.99790799
v 4.46767491 22.98113303 55.00568679
v 4.46673199 22.99065712 56.01152288
v 4.47322503 23.00053980 57.01076635
v 4.48014952 23.00126941 58.00383237
v 4.47642617 22.98888792 58.98959518
v 4.44463080 22.95504998 59.95263896
v 4.35720162 22.87869396 60.85270531
v 4.18612738 22.73150029 61.61479553
v 3.92883333 22.51201833 62.14781478
v 4.00096638 24.86169879 1.67319784
v 4.21451367 24.47850867 2.37694989
v 4.35474903 24.25301336 3.19665723
v 4.43229905 24.12783906 4.09074544
v 4.47021811 24.05780107 5.03597942
v 4.48784912 24.02315350 6.01296092
v 4.49492467 24.00805056 7.00434225
v 4.49590690 24.00181697 8.00117020
v 4.49206432 23.99903366 8.99996868
v 4.48387604 23.99835450 10.00042787
v 4.47445345 24.00140296 11.00444546
v 4.46995067 24.00969246 12.01228376
v 4.47365209 24.01910684 13.01822090
v 4.48210760 24.02162923 14.01645713
v 4.49010366 24.01587752 15.00961909
v 4.49548073 24.00813912 16.00388686
v 4.49837325 24.00308481 17.00114180
v 4.49971541 24.00076667 18.00006931
v 4.50074148 23.99947757 18.99911739
v 4.50291382 23.99706934 19.99652361
v 4.50819511 23.99048635 20.98916758
v 4.51882125 23.97608804 21.97172443
v 4.53641084 23.95417158 22.93862265
v 4.56294982 23.93824016 23.89822142
v 4.59495019 23.93037869 24.87221921
v 4.62027574 23.91238418 25.86569527
v 4.63281737 23.88793991 26.86617873
v 4.63693227 23.87208650 27.86664314
v 4.63774376 23.86517856 28.86677492
v 4.63759265 23.86319340 29.86687716
v 4.63671527 23.86401246 30.86736085
v 4.63392238 23.86920237 31.86963318
v 4.62657999 23.88455219 32.87775394
v 4.61085347 23.91680587 33.89899751
v 4.58378146 23.95685769 34.93327161
v 4.55047168 23.98392159 35.96634336
v 4.52340186 23.99474900 36.98669656
v 4.50850511 23.99840994 37.99569667
v 4.50244122 23.99956387 38.99884900
v 4.50055225 23.99989738 39.99974771
v 4.50009766 23.99998027 40.99995548
v 4.50001320 23.99999667 41.99999368
v 4.50000039 23.99999682 42.99999812
v 4.49999421 23.99998306 43.99999174
v 4.49997174 23.99992072 44.99995771
v 4.49988788 23.99969838 45.99982688
v 4.49962715 23.99904795 46.99941759
v 4.49895386 23.99747637 47.99834749
v 4.49749044 23.99436082 48.99601909
v 4.49473150 23.98926672 49.99194237
v 4.49018325 23.98192669 50.98609228
v 4.48354218 23.97224628 51.97858315
v 4.47432336 23.96220677 52.97085214
v 4.46266354 23.95561738 53.96760925
v 4.45179068 23.95497915 54.97284278
v 4.44700555 23.96235839 55.98450407
v 4.45127041 23.97670010 56.99624523
v 4.46174522 23.98888850 58.00155881
v 4.46777230 23.98803560 58.99515042
v 4.45040128 23.96485373 59.96732490
v 4.38127736 23.90295242 60.89042782
v 4.22528115 23.77096020 61.70421932
v 3.97652886 23.49931898 62.27776165
v 4.04187525 25.90196907 1.49426399
v 4.24458153 25.45580127 2.28888480
v 4.36925695 25.21825434 3.14326084
v 4.43813572 25.09814997 4.06220154
v 4.47135717 25.04238496 5.02284218
v 4.48665315 25.01766363 6.00706733
v 4.49403718 25.00690540 7.00204667
v 4.49727253 25.00228077 8.00058355
v 4.49769332 25.00034005 9.00006591
v 4.49599167 24.99961945 10.00001875
v 4.49309675 24.99997393 11.00086000
v 4.49074855 25.00184351 12.00296952
v 4.49062299 25.00475840 13.00537916
v 4.49272209 25.00671356 14.00612739
v 4.49554725 25.00617070 15.00465863
v 4.49779324 25.00392697 16.00244395
v 4.49914400 25.00178852 17.00088235
v 4.49994906 25.00049639 18.00002290
v 4.50102830 24.99946570 18.99895871
v 4.50405610 24.99690596 19.99583715
v 4.51223096 24.98878190 20.98680554
v 4.53012874 24.96760478 21.96468700
v 4.56116618 24.92473699 22.91768841
v 4.60372499 24.86400842 23.82771158
v 4.67000521 24.86056991 24.74888396
v 4.73895204 24.85520745 25.73649718
v 4.77471273 24.78935330 26.74649972
v 4.78665146 24.74251586 27.74835957
v 4.78925653 24.72083316 28.74796337
v 4.78923320 24.71335815 29.74758305
v 4.78815966 24.71213416 30.74730368
v 4.78476535 24.71600381 31.74738912
v 4.77540188 24.73215618 32.75074730
v 4.75395550 24.77874530 33.76876527
v 4.71238283 24.87809256 34.82871838
v 4.64234816 24.96359278 35.91140726
v 4.57014396 24.98923090 36.96595052
v 4.52727508 24.99652113 37.98894927
v 4.50850511 24.99887969 38.99689723
v 4.50212248 24.99968351 39.99925641
v 4.50042036 24.99992733 40.99985187
v 4.50006509 24.99998647 41.99997603
v 4.50000613 24.99999399 42.99999550
v 4.49998995 24.99997249 43.99998841
v 4.49994629 24.99986262 44.99993507
v 4.49978112 24.99944884 45.99970986
v 4.49925476 24.99818845 46.99896357
v 4.49784759 24.99500702 47.99694873
v 4.49470242 24.98826971 48.99234026
v 4.48875970 24.97646546 49.98337102
v 4.47880927 24.95962574 50.96959021
v 4.46429014 24.93770888 51.95244134
v 4.44614707 24.91053987 52.93097115
v 4.42314105 24.88897131 53.91049664
v 4.39729256 24.88222095 54.90817169
v 4.37977905 24.88830582 55.92925532
v 4.37914019 24.91495555 56.96290552
v 4.39736187 24.95524904 57.99327885
v 4.42509754 24.97887876 59.00251610
v 4.43559789 24.97020103 59.98144916
v 4.39557841 24.92319880 60.91728824
v 4.26796060 24.82363279 61.77213303
v 4.00083315 24.65295504 62.50220750
v 3.91739078 26.84609222 1.03023603
v 4.18112053 26.73753322 1.64162087
v 4.29037597 26.40369628 2.26078001
v 4.38399721 26.18352561 3.10386630
v 4.43627871 26.07069402 4.02953376
v 4.46043543 26.02655605 5.00003511
v 4.47341364 26.01386272 5.99467501
v 4.48410480 26.00860222 6.99729015
v 4.49242650 26.00435121 7.99943100
v 4.49697506 26.00164068 9.00000838
v 4.49847826 26.00038122 10.00003255
v 4.49833504 26.00002010 11.00013545
v 4.49768982 26.00025311 12.00057352
v 4.49734926 26.00092117 13.00126101
v 4.49764915 26.00161872 14.00174499
v 4.49837914 26.00181853 15.00163840
v 4.49911850 26.00141146 16.00107334
v 4.49965249 26.00077201 17.00046381
v 4.50012619 26.00021730 17.99991414
v 4.50123030 25.99948771 18.99881086
v 4.50491921 25.99712536 19.99522249
v 4.51570002 25.98887559 20.98467004
v 4.54135386 25.96512517 21.95911029
v 4.59048956 25.90958821 22.90782735
v 4.66384724 25.80121314 23.81366111
v 4.72657199 25.61441331 24.55039829
v 4.90670963 25.87104069 25.51306502
v 4.99394080 25.68124562 26.59244138
v 5.01916865 25.55859780 27.59650457
v 5.02501023 25.50289913 28.59153038
v 5.02528155 25.48250796 29.58872169
v 5.02395299 25.47657405 30.58712737
v 5.02009148 25.47680521 31.58447114
v 5.00932736 25.48645881 32.57905797
v 4.98412236 25.52509204 33.57419954
v 4.93512645 25.64219626 34.59767135
v 4.84972082 25.96441926 35.79118491
v 4.67343944 25.99546114 36.93449708
v 4.57014396 25.99762555 37.98098352
v 4.52340186 25.99854613 38.99470365
v 4.50636966 25.99938840 39.99862769
v 4.50139656 25.99981684 40.99968738
v 4.50024319 25.99995903 41.99994059
v 4.50003088 25.99998828 42.99998962
v 4.49998709 25.99996311 43.99998680
v 4.49991228 25.99980165 44.99992062
v 4.49962410 25.99914098 45.99960146
v 4.49868318 25.99700276 46.99842647
v 4.49611421 25.99138699 47.99502906
v 4.49016625 25.97907446 48.98709944
v 4.47862823 25.95590993 49.97116141
v 4.45982812 25.91954377 50.94255792
v 4.43109704 25.87587123 51.90508795
v 4.39382086 25.82177356 52.86752210
v 4.35647621 25.75120010 53.81135763
v 4.30286273 25.72524552 54.76934880
v 4.25060306 25.72839747 55.79773676
v 4.23227132 25.74833817 56.86751289
v 4.24627880 25.84955832 57.95662417
v 4.30476078 25.94672715 59.01765225
v 4.37074645 25.96808773 60.00677046
v 4.38097814 25.93393469 60.94112523
v 4.30275389 25.84605370 61.80250032
v 4.11438848 25.71034588 62.53096796
v 3.83684068 25.60186367 63.03409307
v 3.94239114 27.89858975 0.91806939
v 4.17824380 27.52230555 1.51035901
v 4.32349651 27.29948177 2.24337584
v 4.39331851 27.12322624 3.07249902
v 4.42379108 27.02049681 3.98607856
v 4.42959963 26.99059589 4.95304138
v 4.43221136 27.00553737 5.96128620
v 4.44900635 27.01688703 6.98381234
v 4.47244673 27.01242742 7.99680044
v 4.48867828 27.00596290 9.00011461
v 4.49629754 27.00208363 10.00031880
v 4.49884996 27.00053380 11.00013641
v 4.49938020 27.00012458 12.00011384
v 4.49938355 27.00014799 13.00023601
v 4.49939892 27.00030172 14.00038498
v 4.49953206 27.00041053 15.00043367
v 4.49971928 27.00038276 16.00034116
v 4.49990684 27.00024438 17.00015417
v 4.50022365 27.00003462 17.99980955
v 4.50133706 26.99950705 18.99869848
v 4.50540843 26.99741230 19.99473706
v 4.51791010 26.98973780 20.98271098
v 4.54940702 26.96668698 21.95290879
v 4.61448435 26.91039593 22.89380253
v 4.72545356 26.79675348 23.80696172
v 4.88755674 26.58943339 24.77040362
v 5.14444264 26.79496479 25.65454269
v 5.30242975 26.62948213 26.49342328
v 5.32411785 26.34222287 27.45865860
v 5.33222953 26.22806020 28.42901329
v 5.33302837 26.18522121 29.41650708
v 5.33142588 26.17108705 30.41167080
v 5.32711387 26.16635044 31.40668438
v 5.31520716 26.16622166 32.39426775
v 5.28676180 26.18081318 33.36519873
v 5.23186612 26.24509706 34.31172543
v 5.14818018 26.43205485 35.23480862
v 5.06497040 26.80583392 36.02521049
v 4.84972082 27.06687981 36.93752137
v 5.14818014 27.54147410 36.43349810
v 4.64234816 27.01432215 37.99150433
v 4.55047168 27.00154895 38.99845185
v 4.51492023 26.99959650 39.99944664
v 4.50359966 26.99972232 40.99978226
v 4.50069767 26.99991428 41.99993503
v 4.50010452 26.99997762 42.99998499
v 4.49999246 26.99995911 43.99998759
v 4.49988095 26.99976689 44.99992379
v 4.49944437 26.99889081 45.99956623
v 4.49794248 26.99578551 46.99806101
v 4.49374206 26.98702335 47.99312507
v 4.48389690 26.96705083 48.98051103
v 4.46398196 26.92897140 49.95529406
v 4.43038288 26.86370119 50.91104717
v 4.38536416 26.76846335 51.83024713
v 4.31522004 26.68975350 52.75139297
v 4.23832001 26.56787496 53.70803541
v 4.20445516 26.36679149 54.51748185
v 4.04393111 26.49081168 55.50021668
v 4.00183419 26.39796070 56.65795130
v 3.98925498 26.50977733 57.79214693
v 4.02756861 26.87364114 59.05416059
v 4.20873766 26.95578192 60.07487735
v 4.30614170 26.94398943 60.98544890
v 4.29319671 26.85399194 61.83291957
v 4.15812967 26.69510934 62.56479938
v 3.91600845 26.48045822 63.09665292
v 3.95788401 28.88785512 0.86780848
v 4.18568317 28.47016901 1.44356756
v 4.32541054 28.20724937 2.19032061
v 4.38679392 28.03912373 3.03071943
v 4.39440273 27.93193133 3.92686688
v 4.37597243 27.88539178 4.85751069
v 4.34161368 27.95775493 5.86684063
v 4.35028615 28.04194267 6.94502696
v 4.41225071 28.03677977 7.99348175
v 4.46120140 28.01984935 9.00248494
v 4.48651634 28.00781044 10.00185635
v 4.49625854 28.00234109 11.00067526
v 4.49912506 28.00054149 12.00017856
v 4.49975935 28.00010960 13.00006374
v 4.49986301 28.00005474 14.00006936
v 4.49989304 28.00007168 15.00008722
v 4.49993292 28.00007796 16.00007713
v 4.50000708 28.00005149 17.00001099
v 4.50026491 27.99995185 17.99974859
v 4.50137996 27.99951476 18.99863620
v 4.50561830 27.99759086 19.99445337
v 4.51897115 27.99043102 20.98138138
v 4.55369084 27.96860859 21.94777438
v 4.62826394 27.91448926 22.87705865
v 4.76089148 27.80638139 23.75675764
v 4.95783065 27.63931003 24.59468264
v 5.20688715 27.49860114 25.39013057
v 4.93512632 28.19924851 37.28636313
v 5.23186558 28.41250551 36.66589617
v 4.71238281 28.05269875 38.07687636
v 4.58378146 28.01105412 39.02211133
v 4.52724436 28.00135469 40.00549283
v 4.50724256 27.99988846 41.00105992
v 4.50155508 27.99989010 42.00014342
v 4.50026395 27.99996460 43.00000960
v 4.50001561 27.99996171 43.99999255
v 4.49987043 27.99978014 44.99994172
v 4.49931753 27.99884309 45.99962643
v 4.49723814 27.99514019 46.99811431
v 4.49103230 27.98352385 47.99240695
v 4.47616556 27.95446838 48.97536840
v 4.44645632 27.89673363 49.93593676
v 4.39277863 27.80292948 50.87097751
v 4.31266725 27.64690324 51.77927412
v 4.24874743 27.40387941 52.53361934
v 4.06127629 27.43651695 53.46456323
v 3.95462802 27.03339151 54.60763328
v 3.91237247 27.92522846 60.28731526
v 4.13911827 27.97290709 61.09109142
v 4.22437089 27.87932529 61.88343664
v 4.15163577 27.69038099 62.59727217
v 3.94328808 27.41773082 63.13667223
v 3.96465501 29.88022191 0.84863327
v 4.18814900 29.44786855 1.41563177
v 4.31787398 29.15298975 2.15549311
v 4.36296136 28.95105538 2.98597829
v 4.34879876 28.80050554 3.84768728
v 4.28770567 28.72012120 4.74933281
v 4.24336797 28.65704097 5.59862776
v 4.09503652 29.14339640 6.82183944
v 4.26214878 29.09973466 8.00789854
v 4.39047266 29.05800998 9.01684565
v 4.45938732 29.02467348 10.00823421
v 4.48781575 29.00809414 11.00279267
v 4.49705502 29.00208248 12.00072181
v 4.49942260 29.00042087 13.00014724
v 4.49989688 29.00007002 14.00003035
v 4.49997233 29.00001683 15.00001522
v 4.49999091 29.00001175 16.00000897
v 4.50003796 29.00000035 16.99996550
v 4.50027865 28.99992509 17.99972498
v 4.50139326 28.99951640 18.99861180
v 4.50568714 28.99766339 19.99433616
v 4.51936378 28.99075594 20.98076223
v 4.55546733 28.96961250 21.94509501
v 4.63458912 28.91651063 22.86747357
v 4.77862356 28.80768757 23.72768491
v 4.99649835 28.62848938 24.51910339
v 5.27019329 28.40008636 25.25534181
v 4.98412096 29.18307064 37.43299883
v 5.28675682 29.32571068 36.77106968
v 4.75395522 29.07717484 38.19055054
v 4.61085343 29.02232499 39.06552863
v 4.53968565 29.00456685 40.01892556
v 4.51159989 29.00050659 41.00448158
v 4.50274512 28.99995295 42.00084337
v 4.50051862 28.99996113 43.00012155
v 4.50006202 28.99996890 44.00000887
v 4.49989124 28.99983430 44.99996361
v 4.49932373 28.99903804 45.99973458
v 4.49694301 28.99552274 46.99851867
v 4.48902198 28.98314713 47.99337865
v 4.46834669 28.94798987 48.97582002
v 4.42611194 28.86770516 49.92661253
v 4.35702634 28.72761779 50.81579196
v 4.23597373 28.55852763 51.68198177
v 4.05113175 28.22624416 52.64485328
v 3.86064925 29.07128813 61.31302004
v 4.08764533 28.96985227 61.97930056
v 4.10160704 28.72265027 62.63955898
v 3.93674282 28.40095901 63.16479171
v 3.96736329 30.87939460 0.84386886
v 4.18770589 30.44260093 1.41101871
v 4.30545727 30.12692133 2.15314947
v 4.33162623 29.86988772 2.95969533
v 4.27992551 29.66194147 3.79366074
v 4.21248397 29.43110885 4.54989744
v 3.99806393 29.51357454 5.60699378
v 3.95473918 30.20968823 8.19207656
v 4.24730568 30.15131948 9.07374916
v 4.40225778 30.06691523 10.02769697
v 4.46847103 30.02322065 11.00893250
v 4.49165692 30.00647263 12.00237349
v 4.49821559 30.00144203 13.00050802
v 4.49969453 30.00025422 14.00008659
v 4.49995774 30.00003560 15.00001214
v 4.49999989 30.00000389 15.99999701
v 4.50004500 29.99999073 16.99995557
v 4.50028219 29.99991909 17.99971945
v 4.50139650 29.99951697 18.99860660
v 4.50570463 29.99768502 19.99430380
v 4.51947670 29.99086352 20.98055873
v 4.55604720 29.96997336 21.94410978
v 4.63692350 29.91720504 22.86366161
v 4.78602054 29.80731763 23.71570420
v 5.01504663 29.61949186 24.48873641
v 5.30762402 29.35809050 25.19718374
v 5.00931658 30.15637673 37.49393103
v 5.31517383 30.27978926 36.81292114
v 4.77539931 30.07334428 38.25176838
v 4.62657954 30.02695486 39.10467021
v 4.54860546 30.00725281 40.03514001
v 4.51537200 30.00133514 41.00958571
v 4.50396007 30.00011576 42.00210406
v 4.50082060 29.99997959 43.00036531
v 4.50012556 29.99997843 44.00004697
v 4.49993505 29.99989969 44.99998320
v 4.49946816 29.99936288 45.99983272
v 4.49729051 29.99673007 46.99898869
v 4.48906806 29.98643784 47.99513088
v 4.46461201 29.95361826 48.98091150
v 4.40770017 29.86640635 49.93745036
v 4.30859560 29.67185481 50.82017273
v 4.20562850 29.35515051 51.49426274
v 3.95487544 29.30880806 52.24860669
v 3.90289939 30.26950507 62.14100040
v 4.02240693 29.82030642 62.70462655
v 3.90950113 29.42320708 63.19281428
v 3.96982091 31.88195380 0.84356656
v 4.19025580 31.45041927 1.41426457
v 4.30045318 31.13813002 2.17276370
v 4.29373085 30.85044897 3.01852444
v 4.23275974 30.47353462 3.71159019
v 4.01441130 30.33317491 4.64612953
v 4.03150457 31.40625753 9.17300610
v 4.31674201 31.15743595 10.06534892
v 4.43667909 31.05502787 11.02147009
v 4.48164465 31.01626178 12.00599929
v 4.49564649 31.00394164 13.00138469
v 4.49916947 31.00076818 14.00025763
v 4.49987496 31.00011832 15.00003737
v 4.49999115 31.00001320 15.99999869
v 4.50004510 30.99999072 16.99995550
v 4.50028248 30.99991934 17.99972243
v 4.50139687 30.99951971 18.99861487
v 4.50570855 30.99769397 19.99431292
v 4.51950364 30.99089486 20.98052991
v 4.55619817 30.97007531 21.94386145
v 4.63760963 30.91739955 22.86253790
v 4.78850307 30.80706215 23.71187761
v 5.02220917 30.61580306 24.47850139
v 5.32438852 30.34209556 25.17597696
v 5.02003121 31.14130677 37.51615689
v 5.32695187 31.26074246 36.82713513
v 4.78474890 31.06594421 38.27747753
v 4.63391903 31.02581077 39.12580293
v 4.55336770 31.00808029 40.04716675
v 4.51777155 31.00189231 41.01442121
v 4.50487702 31.00029442 42.00356434
v 4.50108756 31.00001551 43.00070369
v 4.50018949 30.99998878 44.00010789
v 4.49998153 30.99995003 45.00000053
v 4.49966940 30.99965972 45.99990188
v 4.49809572 30.99808816 46.99936050
v 4.49136559 30.99136360 47.99670133
v 4.46852654 30.96802414 48.98627575
v 4.40661087 30.90022573 49.95346355
v 4.27202346 30.72600498 50.87061023
v 4.04876245 30.28066521 51.70305208
v 3.87420220 31.57460456 62.38525526
v 3.96472235 30.95978686 62.79376394
v 3.87894038 30.47343481 63.22697954
v 3.97341596 32.88298084 0.84423403
v 4.19727464 32.46207131 1.41577615
v 4.31407463 32.17384599 2.18342881
v 4.30088687 31.93535756 3.07961897
v 4.09617166 31.56002141 4.10799457
v 4.01413300 32.65781849 9.32831588
v 4.25885520 32.27500222 10.11397714
v 4.40495274 32.10164762 11.03877668
v 4.46916339 32.03222332 12.01160966
v 4.49182751 32.00850160 13.00291965
v 4.49825289 32.00182481 14.00059934
v 4.49970331 32.00031274 15.00009774
v 4.49996624 32.00004120 16.00000751
v 4.50004165 31.99999473 16.99995986
v 4.50028011 31.99992365 17.99973620
v 4.50139344 31.99953107 18.99865286
v 4.50570707 31.99771656 19.99438948
v 4.51951254 31.99092959 20.98063887
v 4.55624114 31.97012413 21.94394076
v 4.63778454 31.91746058 22.86239314
v 4.78917397 31.80698785 23.71099104
v 5.02439627 31.61470348 24.47574657
v 5.33023311 31.33709594 25.16965013
v 5.02371763 32.13541494 37.52292772
v 5.33087347 32.25447309 36.83109430
v 4.78808697 32.06183569 38.28625235
v 4.63669832 32.02401952 39.13430620
v 4.55535753 32.00779656 40.05319040
v 4.51892299 32.00203705 41.01750508
v 4.50539379 32.00039919 42.00471668
v 4.50126412 32.00004888 43.00102567
v 4.50023752 31.99999689 44.00017512
v 4.50001446 31.99997523 45.00001338
v 4.49983458 31.99984333 45.99994167
v 4.49892726 31.99907596 46.99962296
v 4.49457345 31.99551754 47.99793890
v 4.47793864 31.98231409 48.99070462
v 4.42703161 31.94245740 49.96562228
v 4.29988915 31.84195967 50.89553839
v 4.02464364 31.62311918 51.74800523
v 3.88866365 32.64774546 62.38299294
v 3.95404987 32.05586867 62.84615988
v 3.86251457 31.52518463 63.25700282
v 3.97846864 33.87611602 0.84719613
v 4.20505618 33.46814090 1.41624038
v 4.33606808 33.20330286 2.18219916
v 4.35991688 33.03100450 3.07179419
v 4.25528390 32.89681232 4.02201692
v 3.98387239 32.88600339 4.91377826
v 4.06553012 33.69095843 9.11475517
v 4.26467904 33.34001616 10.11289173
v 4.39285986 33.14113530 11.04933211
v 4.46044137 33.04938050 12.01691004
v 4.48817683 33.01434806 13.00474810
v 4.49715809 33.00340200 14.00108468
v 4.49945658 33.00064723 15.00019817
v 4.49992352 33.00009661 16.00002471
v 4.50003359 33.00000381 16.99996915
v 4.50027086 32.99993446 17.99976943
v 4.50137376 32.99956518 18.99876241
v 4.50568004 32.99779689 19.99465691
v 4.51949944 32.99106183 20.98111978
v 4.55627168 32.97027411 21.94457551
v 4.63787885 32.91757132 22.86298577
v 4.78938233 32.80700051 23.71127518
v 5.02495763 32.61442743 24.47540233
v 5.33182582 32.33579947 25.16823386
v 5.02471755 33.13369891 37.52452879
v 5.33186439 33.25284628 36.83178208
v 4.78904127 33.06035497 38.28864883
v 4.63754248 33.02309691 39.13697559
v 4.55601531 33.00743828 40.05542525
v 4.51934981 33.00198732 41.01889668
v 4.50561411 33.00042543 42.00535573
v 4.50135153 33.00006493 43.00124109
v 4.50026344 32.99999664 44.00022451
v 4.50002764 32.99997035 45.00001075
v 4.49991962 32.99989841 45.99993444
v 4.49947806 32.99955874 46.99974424
v 4.49718870 32.99796375 47.99881549
v 4.48747762 32.99168831 48.99453916
v 4.45446676 32.97187231 49.97806763
v 4.36447796 32.92185520 50.92498598
v 4.16918389 32.82237760 51.77409434
v 3.87041371 32.69288390 52.33201359
v 3.93267912 33.72262139 62.22425271
v 3.97230135 33.08920690 62.82227563
v 3.86409789 32.55420027 63.26493252
v 3.98434490 34.85091199 0.85673270
v 4.21016815 34.46366822 1.41969813
v 4.35152483 34.21535049 2.18191444
v 4.40661838 34.07162512 3.06846426
v 4.37707899 33.99137223 4.01707409
v 4.26022598 33.96881212 4.98021905
v 4.08034932 34.03579263 5.96848177
v 4.04777941 34.36069188 7.12389785
v 4.07538959 34.34535494 8.28098918
v 4.25726066 34.51820155 9.33589743
v 4.32310124 34.30559232 10.11463221
v 4.40673411 34.14716721 11.05110943
v 4.46068630 34.05826007 12.01955755
v 4.48669251 34.01891414 13.00612834
v 4.49639441 34.00498786 14.00155765
v 4.49922407 34.00105498 15.00031726
v 4.49987298 34.00017617 16.00004869
v 4.50002026 34.00001842 16.99998297
v 4.50024682 33.99995342 17.99982657
v 4.50130608 33.99963918 18.99898925
v 4.50554569 33.99801499 19.99533079
v 4.51933583 33.99150601 20.98259191
v 4.55619769 33.97087774 21.94692155
v 4.63799076 33.91807802 22.86570799
v 4.78963151 33.80717520 23.71356608
v 5.02522983 33.61424272 24.47674374
v 5.33218032 33.33526800 25.16859466
v 5.02480250 34.13344601 37.52436409
v 5.33169517 34.25252128 36.83075934
v 4.78921921 34.06003874 38.28901849
v 4.63773658 34.02281612 39.13759646
v 4.55618485 34.00727542 40.05605290
v 4.51947249 34.00193139 41.01936052
v 4.50568556 34.00041866 42.00561059
v 4.50138280 34.00006282 43.00134113
v 4.50026926 33.99997681 44.00023919
v 4.50001684 33.99991301 44.99996877
v 4.49991402 33.99979264 45.99982459
v 4.49966173 33.99952960 46.99959330
v 4.49855238 33.99877639 47.99901102
v 4.49376180 33.99613577 48.99687849
v 4.47606543 33.98757492 49.98848400
v 4.42249503 33.96520295 50.95977285
v 4.29018129 33.91991049 51.87794363
v 4.01436337 33.84621096 52.68579985
v 3.88746056 34.70273526 61.66020718
v 4.04714609 34.52067343 62.31177561
v 4.01591285 34.05087797 62.79924118
v 3.87922510 33.55141615 63.25528880
v 3.98432305 35.79045972 0.87974352
v 4.20869320 35.44500428 1.42995311
v 4.35688066 35.21519707 2.18522712
v 4.42999901 35.08483188 3.06904588
v 4.44177609 35.02023379 4.01939808
v 4.40316793 34.99725824 4.99691156
v 4.33085388 35.01617056 5.99142980
v 4.27697091 35.09858727 7.02771645
v 4.27545164 35.17187066 8.09733550
v 4.32648724 35.20872889 9.14229073
v 4.39048038 35.19335013 10.11077759
v 4.43523660 35.11478168 11.04959985
v 4.46912462 35.05285567 12.01972895
v 4.48819569 35.01948295 13.00666129
v 4.49639633 35.00576655 14.00184952
v 4.49912771 35.00136177 15.00041443
v 4.49983716 35.00025378 16.00007266
v 4.50000425 35.00003516 16.99999785
v 4.50020208 34.99997693 17.99989692
v 4.50114725 34.99975339 18.99932396
v 4.50513326 34.99844182 19.99654421
v 4.51860707 34.99262632 20.98588181
v 4.55541823 34.97282780 21.95339737
v 4.63767819 34.92014585 22.87478411
v 4.78995167 34.80817256 23.72258781
v 5.02570863 34.61375041 24.48312200
v 5.33227071 34.33388866 25.17176285
v 5.02410865 35.13394840 37.52203463
v 5.32990722 35.25212335 36.82558044
v 4.78901273 35.06035277 38.28826177
v 4.63770910 35.02289075 39.13748771
v 4.55620577 35.00726281 40.05614058
v 4.51949743 35.00191343 41.01946887
v 4.50570195 35.00040841 42.00568276
v 4.50138693 35.00004398 43.00136645
v 4.50025520 34.99991460 44.00021041
v 4.49996579 34.99973819 44.99984422
v 4.49978711 34.99938361 45.99949669
v 4.49944464 34.99876139 46.99889653
v 4.49857587 34.99782130 47.99793274
v 4.49597981 34.99631233 48.99638921
v 4.48747033 34.99294302 49.99269393
v 4.46104416 34.98456697 50.98056629
v 4.39065786 34.96837290 51.94399540
v 4.23607334 34.95340310 52.85479076
v 3.96511651 35.00230952 53.67895725
v 3.99287920 35.74449551 61.21786555
v 4.08876911 35.29791695 62.10229768
v 4.06052263 34.94606880 62.75630682
v 3.90010106 34.51609150 63.23479018
v 3.95625272 36.67673604 0.92407169
v 4.18890377 36.41231776 1.45118192
v 4.34983696 36.20884953 2.19375720
v 4.43576323 36.08761584 3.07194784
v 4.46738559 36.02843055 4.02158223
v 4.46392698 36.00539812 5.00232664
v 4.43910894 36.00515060 5.99658533
v 4.41061341 36.02664438 7.00458030
v 4.39799272 36.05886916 8.02775842
v 4.40930867 36.08231518 9.05187072
v 4.43589015 36.08605272 10.05534851
v 4.46183891 36.06610787 11.03693702
v 4.48025526 36.03662519 12.01691439
v 4.49160945 36.01563527 13.00622881
v 4.49713237 36.00525641 14.00187414
v 4.49922141 36.00139554 15.00045641
v 4.49983569 36.00029091 16.00008838
v 4.49999105 36.00004720 17.00000916
v 4.50014133 35.99999695 17.99995783
v 4.50088334 35.99987636 18.99966933
v 4.50427417 35.99902650 19.99806251
v 4.51659279 35.99462475 20.99101160
v 4.55224602 35.97755895 21.96641021
v 4.63476388 35.92699442 22.89798654
v 4.78897419 35.81300447 23.75062646
v 5.02619947 35.61306015 24.50605303
v 5.33214417 35.32891403 25.18456661
v 5.02111078 36.13578288 37.51292220
v 5.32337868 36.24947129 36.80705041
v 4.78787980 36.06188502 38.28479883
v 4.63737227 36.02352606 39.13645594
v 4.55613056 36.00743883 40.05591091
v 4.51948687 36.00194495 41.01944263
v 4.50570025 36.00040300 42.00568833
v 4.50137566 36.00000353 43.00135451
v 4.50021064 35.99976985 44.00013112
v 4.49983137 35.99931625 44.99957472
v 4.49943871 35.99834647 45.99876256
v 4.49865689 35.99657989 46.99719380
v 4.49709491 35.99396108 47.99457284
v 4.49408810 35.99099091 48.99116159
v 4.48810701 35.98840680 49.98782074
v 4.47484336 35.98591805 50.98385842
v 4.44297385 35.98232212 51.97281994
v 4.37067648 35.98080503 52.94117440
v 4.23254015 36.00260624 53.87813439
v 4.01984070 36.09520306 54.81539227
v 3.89217087 36.46968771 55.83059225
v 3.94234621 36.89146656 59.26761000
v 4.03287670 36.53246680 60.41089835
v 4.16999175 36.48776778 61.31162632
v 4.16137830 36.16152269 61.97068355
v 4.09319791 35.83598266 62.66088415
v 3.91733274 35.45917493 63.18936169
v 3.84542525 37.53027232 0.99080322
v 4.12614917 37.39283278 1.48530391
v 4.32292897 37.20891137 2.20986192
v 4.42817793 37.08982432 3.07766643
v 4.47243624 37.03042040 4.02305825
v 4.48354484 37.00639855 5.00315696
v 4.47835900 37.00016353 5.99696562
v 4.46725455 37.00439325 6.99795617
v 4.45901180 37.01516616 8.00515416
v 4.45943791 37.02633616 9.01522824
v 4.46812347 37.03180107 10.02106711
v 4.47966622 37.02870710 11.01846068
v 4.48910650 37.01931679 12.01101007
v 4.49504888 37.00972434 13.00475582
v 4.49814647 37.00376475 14.00159864
v 4.49944176 37.00113417 15.00042679
v 4.49986797 37.00026591 16.00009037
v 4.49998511 37.00004879 17.00001451
v 4.50008065 37.00000742 17.99999312
v 4.50056737 36.99996529 18.99990907
v 4.50302336 36.99957169 19.99933311
v 4.51286950 36.99703295 20.99629646
v 4.54423463 36.98529669 21.98369749
v 4.62357343 36.94404343 22.94099505
v 4.78068675 36.83210931 23.81983082
v 5.02410030 36.61697658 24.57433708
v 5.33100165 36.31472384 25.22681448
v 5.01127535 37.14146028 37.48444584
v 5.30526675 37.23770942 36.75222797
v 4.78367482 37.06695186 38.27358973
v 4.63597106 37.02578302 39.13287505
v 4.55576538 37.00814724 40.05497784
v 4.51941202 37.00210929 41.01924768
v 4.50568322 37.00041886 42.00565302
v 4.50134770 36.99993871 43.00132350
v 4.50011174 36.99949944 44.00000266
v 4.49953228 36.99846617 44.99911111
v 4.49866320 36.99615671 45.99741209
v 4.49688299 36.99178573 46.99389522
v 4.49346159 36.98485883 47.98761256
v 4.48752680 36.97607578 48.97832238
v 4.47806646 36.96858341 49.96851596
v 4.46441073 36.96614888 50.96386056
v 4.44584016 36.96939723 51.96651316
v 4.41699925 36.97724910 52.96789881
v 4.36443974 36.99273026 53.95509349
v 4.27632240 37.03102034 54.93071306
v 4.17137416 37.12398970 55.92369896
v 4.04506052 37.18060712 56.97142799
v 4.04133069 37.32291556 58.30657908
v 4.18667840 37.54182442 59.38112262
v 4.19882493 37.34856002 60.19114534
v 4.22855819 37.16380267 61.09767048
v 4.21859028 36.95426822 61.88096549
v 4.12016595 36.70886514 62.55310036
v 3.92641244 36.39193174 63.10888335
v 3.99045002 38.51021242 1.52578349
v 4.27077472 38.24438706 2.23875281
v 4.40818059 38.10125437 3.08875278
v 4.46654503 38.03177459 4.02447571
v 4.48474293 38.00262936 4.99975302
v 4.48541075 37.99271228 5.99100038
v 4.48009417 37.99217684 6.99010862
v 4.47547710 37.99687244 7.99445210
v 4.47548011 38.00352679 9.00102812
v 4.48040043 38.00861125 10.00605061
v 4.48741023 38.00998918 11.00729604
v 4.49337658 38.00802322 12.00546638
v 4.49707083 38.00476536 13.00287868
v 4.49889915 38.00213649 14.00112071
v 4.49965424 38.00073432 15.00033516
v 4.49991191 38.00019445 16.00007814
v 4.49998608 38.00003997 17.00001459
v 4.50003604 38.00000895 18.00000473
v 4.50029234 38.00000409 19.00000948
v 4.50173234 37.99990194 19.99998747
v 4.50817403 37.99892355 20.99962507
v 4.53114565 37.99326110 21.99733432
v 4.59697340 37.96930336 22.98713698
v 4.74850212 37.88857410 23.94646029
v 5.00873440 37.65484050 24.74857187
v 5.32781729 37.28611202 25.34736102
v 4.98470434 38.16321235 37.40967911
v 5.26811623 38.19476495 36.61208444
v 4.77104616 38.08151472 38.24545927
v 4.63140268 38.03202841 39.12368271
v 4.55446472 38.01021186 40.05240825
v 4.51911839 38.00264113 41.01865077
v 4.50562335 38.00051117 42.00553631
v 4.50129678 37.99986745 43.00127651
v 4.49993251 37.99910668 43.99984757
v 4.49895811 37.99707881 44.99849116
v 4.49714655 37.99226587 45.99539171
v 4.49342673 37.98284869 46.98857928
v 4.48646563 37.96728598 47.97582466
v 4.47460620 37.94574640 48.95557381
v 4.45660435 37.92204638 49.92841131
v 4.43094939 37.90904152 50.90604175
v 4.40156006 37.91499646 51.90965489
v 4.37992790 37.93629373 52.94115619
v 4.37025057 37.96743144 53.97316760
v 4.36036250 37.99850376 54.98230212
v 4.33445897 38.03093735 55.97803714
v 4.29120839 38.06441488 56.99162106
v 4.26496287 38.10875987 58.06583903
v 4.28667183 38.16608314 59.13355173
v 4.30596480 38.13703759 60.08984411
v 4.28221908 37.98750423 60.97512337
v 4.21929165 37.75285871 61.79646858
v 4.13749663 37.42981243 62.39724063
v 3.91906585 37.35940354 62.97141566
v 3.98697622 39.68612956 1.75391030
v 4.22567516 39.31524209 2.30879895
v 4.38187193 39.12625064 3.11199197
v 4.45389967 39.03454609 4.02792873
v 4.47662208 38.99224935 4.99165196
v 4.47608582 38.97376216 5.97369797
v 4.46667376 38.96920226 6.96759726
v 4.45797807 38.97440123 7.97374929
v 4.45719175 38.98533009 8.98707724
v 4.46583879 38.99630751 9.99844599
v 4.47886521 39.00235280 11.00323048
v 4.48978805 39.00342529 12.00325508
v 4.49605696 39.00237040 13.00187889
v 4.49875497 39.00115833 14.00078542
v 4.49967157 39.00043012 15.00025070
v 4.49992685 39.00012354 16.00006221
v 4.49998752 39.00002759 17.00001231
v 4.50001177 39.00000643 18.00000484
v 4.50011749 39.00000962 19.00002301
v 4.50077877 39.00001554 20.00013346
v 4.50408157 38.99983603 21.00063267
v 4.51720348 38.99821148 22.00254951
v 4.55926951 38.98978601 23.00935537
v 4.67093117 38.95779838 24.03414072
v 4.93459391 38.85622205 25.13784915
v 5.33113562 38.26913969 25.67502054
v 4.91921232 39.28140435 37.23189683
v 5.23073150 38.99798406 36.27743631
v 4.73951927 39.11746322 38.19583595
v 4.61955659 39.04503075 39.10737503
v 4.55085824 39.01460499 40.04743229
v 4.51823266 39.00388035 41.01736093
v 4.50544173 39.00078011 42.00525914
v 4.50121599 38.99983773 43.00120381
v 4.49967557 38.99869092 43.99969746
v 4.49804386 38.99535138 44.99785583
v 4.49455526 38.98672320 45.99306969
v 4.48743698 38.96873340 46.98157178
v 4.47441358 38.93821522 47.95906990
v 4.45309050 38.89385025 48.92144492
v 4.42038299 38.84030913 49.86889982
v 4.37826028 38.78527656 50.79858093
v 4.31645190 38.78387791 51.76159701
v 4.26080149 38.81974842 52.81930312
v 4.25111452 38.88658872 53.93402006
v 4.29268872 38.96743565 55.00976144
v 4.35049018 39.00177380 56.01805292
v 4.37844783 39.01575629 57.00769985
v 4.38089515 39.02066767 58.01069553
v 4.37572829 39.01566427 59.01653068
v 4.36088242 38.97315827 59.97952548
v 4.30949490 38.86079099 60.87513882
v 4.19589461 38.64466072 61.70840297
v 4.00438849 38.22979247 62.49613953
v 3.95917718 40.63616042 1.88194817
v 4.19350206 40.35648485 2.39971373
v 4.35531942 40.15324212 3.14927850
v 4.43692159 40.03757203 4.03656039
v 4.46157760 39.97303221 4.98130327
v 4.45523071 39.93294571 5.94223627
v 4.43267705 39.91429128 6.91476006
v 4.40595018 39.91918153 7.91570129
v 4.39268859 39.94202032 8.94696868
v 4.40476979 39.97408042 9.98361409
v 4.43610242 39.99724008 11.00273246
v 4.46765791 40.00400904 12.00542060
v 4.48722754 40.00335040 13.00309395
v 4.49600693 40.00155835 14.00118398
v 4.49900725 40.00052074 15.00034361
v 4.49980367 40.00013380 16.00007828
v 4.49996944 40.00002708 17.00001420
v 4.49999991 40.00000495 18.00000328
v 4.50003591 40.00000528 19.00001204
v 4.50026999 40.00002278 20.00008485
v 4.50157466 40.00005850 21.00048910
v 4.50730370 39.99993609 22.00233219
v 4.52729588 39.99860917 23.00949240
v 4.58321456 39.99308462 24.03412155
v 4.70882693 39.98189196 25.11176396
v 5.25139948 39.08379851 26.17831155
v 4.92063224 40.00570094 26.33455776
v 5.26361204 39.56085777 27.04525909
v 4.98360899 40.35097309 27.58805632
v 5.29673095 39.75020407 28.02048700
v 5.00947469 40.47193973 28.64565745
v 5.31778417 39.81260558 29.00821699
v 5.01997788 40.51127978 29.65996789
v 5.32742708 39.82875746 30.00250371
v 5.02358622 40.52174891 30.66317905
v 5.33064557 39.83078388 30.99963713
v 5.02426521 40.52243108 31.66260128
v 5.33039201 39.82665968 31.99514098
v 5.02292046 40.51619664 32.65760795
v 5.32602306 39.81154420 32.98121099
v 5.01771187 40.49555811 33.64216286
v 5.31292436 39.76986489 33.94207509
v 5.00395042 40.44272457 34.60596797
v 5.28432807 39.67359536 34.85061330
v 4.97439966 40.32675086 35.54596202
v 5.24136174 39.47107254 35.66504185
v 4.91422294 40.08581165 36.53171844
v 4.73806852 40.33697400 37.46464299
v 4.67503912 40.14917203 38.19113534
v 4.59591760 40.05957410 39.09388341
v 4.54325414 40.02045115 40.04140731
v 4.51620284 40.00581402 41.01545217
v 4.50499802 40.00128532 42.00478579
v 4.50109470 39.99990444 43.00109524
v 4.49940106 39.99842174 43.99957312
v 4.49691861 39.99387220 44.99732471
v 4.49090092 39.98096508 45.99103515
v 4.47821214 39.95126075 46.97478416
v 4.45591300 39.89672888 47.93913808
v 4.41976004 39.81782307 48.87884317
v 4.36949151 39.71343614 49.78537215
v 4.29332641 39.61169790 50.68395717
v 4.23443282 39.46195772 51.48038158
v 4.06121727 39.63259056 52.49215346
v 4.01287001 39.60907350 53.74590993
v 4.03494177 39.91045397 55.04390617
v 4.21714799 39.98500456 56.08838908
v 4.34096499 40.00678102 57.04651194
v 4.40082467 39.99332236 58.00781909
v 4.40942975 39.95509042 58.97440241
v 4.38011417 39.87734079 59.91404432
v 4.31441463 39.73974628 60.77621514
v 4.18157663 39.56924899 61.55893230
v 3.95857078 39.27344747 62.25635187
v 3.85182011 41.49461628 1.98469796
v 4.12727923 41.35725597 2.47349465
v 4.31925597 41.17340930 3.19227060
v 4.41468254 41.04142454 4.05316081
v 4.44004719 40.94722546 4.97552494
v 4.42247286 40.86906466 5.90786352
v 4.38317356 40.80118376 6.82661410
v 4.32104827 40.79411388 7.78047033
v 4.26551374 40.82907993 8.82821672
v 4.26060373 40.90101814 9.93214629
v 4.31780474 40.98569919 11.00336389
v 4.40113856 41.01151253 12.01534718
v 4.45809672 41.01094109 13.00879623
v 4.48582617 41.00526228 14.00333444
v 4.49616339 41.00176576 15.00095575
v 4.49917318 41.00044408 16.00021336
v 4.49985945 41.00008545 17.00003726
v 4.49998209 41.00001276 18.00000539
v 4.50000653 41.00000288 19.00000419
v 4.50007148 41.00000979 20.00003069
v 4.50046847 41.00004598 21.00020204
v 4.50240279 41.00015707 22.00107331
v 4.50977370 41.00039602 23.00469129
v 4.53175132 41.00099948 24.01717224
v 4.58229150 41.00463648 25.05310516
v 4.66605112 41.02699877 26.13594013
v 4.73843383 41.11509040 27.25360195
v 4.77071596 41.21901220 28.33928308
v 4.78336579 41.26688991 29.37179938
v 4.78768764 41.28341632 30.38199031
v 4.78884527 41.28748104 31.38439465
v 4.78868251 41.28619629 32.38349313
v 4.78697140 41.27842790 33.37860356
v 4.78151152 41.25662354 34.36604664
v 4.76751450 41.20922888 35.34295980
v 4.73627715 41.13420788 36.31582732
v 4.67366047 41.11874282 37.27257798
v 4.60872129 41.11453352 38.17982738
v 4.56486055 41.05861178 39.08468268
v 4.53181994 41.02326657 40.03599736
v 4.51277993 41.00744450 41.01336226
v 4.50417021 41.00186796 42.00418460
v 4.50091743 41.00007198 43.00096156
v 4.49920897 40.99842964 43.99950373
v 4.49596420 40.99329869 44.99696725
v 4.48707666 40.97743639 45.98947307
v 4.46665404 40.93699091 46.96976077
v 4.42944781 40.85264959 47.92435587
v 4.37598450 40.71428736 48.82820431
v 4.29203829 40.55860381 49.70441703
v 4.21659806 40.32420700 50.47236873
v 4.00451350 40.28837266 51.47933655
v 3.92402774 40.94854787 56.29801193
v 4.18127153 41.02593218 57.14501386
v 4.33657028 41.00340379 58.03835982
v 4.39018397 40.93622466 58.96158363
v 4.36379321 40.82688586 59.87702919
v 4.27726396 40.63349636 60.73147082
v 4.17708764 40.33544038 61.37641162
v 3.93261644 40.30151639 62.01807191
v 3.99054427 42.44429657 2.54287712
v 4.26037124 42.20840922 3.24230350
v 4.38457753 42.05565986 4.07978321
v 4.41212953 41.93128642 4.98828083
v 4.38154793 41.79110789 5.88459400
v 4.30767715 41.66002791 6.76534325
v 4.24521812 41.49075205 7.53550560
v 4.06925851 41.65628201 8.53318796
v 4.01441323 41.63011274 9.74861715
v 4.03947497 41.96259740 11.01417855
v 4.24425159 42.03833504 12.04922481
v 4.38607702 42.03712157 13.02439134
v 4.45864126 42.01830940 14.00900110
v 4.48776144 42.00645280 15.00265749
v 4.49707131 42.00173744 16.00062797
v 4.49943852 42.00036256 17.00011770
v 4.49991430 42.00005854 18.00001744
v 4.49999083 42.00000758 19.00000283
v 4.50001325 42.00000322 20.00000771
v 4.50010713 42.00001546 21.00005652
v 4.50061533 42.00007374 22.00033544
v 4.50275644 42.00029183 23.00159609
v 4.50970606 42.00105666 24.00616439
v 4.52684809 42.00383729 25.01941213
v 4.55760441 42.01360124 26.04923906
v 4.59341280 42.04058515 27.09639475
v 4.61910620 42.08174095 28.14428671
v 4.63132199 42.11494058 29.17465833
v 4.63592751 42.13059217 30.18744763
v 4.63733067 42.13586546 31.19156444
v 4.63757998 42.13668013 32.19230782
v 4.63716842 42.13457992 33.19122578
v 4.63544755 42.12743360 34.18758492
v 4.63040927 42.11099310 35.17975562
v 4.61833648 42.08437830 36.16681983
v 4.59502049 42.06300464 37.14561502
v 4.56451915 42.05353405 38.10928407
v 4.53804409 42.03872397 39.06396315
v 4.51982154 42.01931995 40.02902511
v 4.50859231 42.00731753 41.01101339
v 4.50300774 42.00213453 42.00350296
v 4.50067327 42.00025483 43.00082169
v 4.49916996 41.99871127 43.99953586
v 4.49561338 41.99389124 44.99696175
v 4.48467169 41.97780882 45.98864124
v 4.45679680 41.93308227 46.96577072
v 4.40007969 41.82918455 47.91479195
v 4.31058706 41.62437159 48.81481879
v 4.22951218 41.30413037 49.54754894
v 4.00360447 41.19022255 50.49522862
v 3.89107421 42.10769141 57.35295840
v 4.19060569 42.07449348 58.11392570
v 4.32434175 41.94481265 58.96434523
v 4.32441503 41.80069893 59.83310974
v 4.21874705 41.59010799 60.67523696
v 4.01921445 41.18809923 61.48979701
v 3.96121243 43.54217338 2.80369569
v 4.19869776 43.26153742 3.33415112
v 4.34952740 43.08742224 4.12036958
v 4.38656064 42.94844206 5.01863093
v 4.32770194 42.76269865 5.93428322
v 4.24909969 42.44905053 6.66655480
v 4.03178134 42.37579234 7.64195788
v 3.94437713 43.12451819 12.18314813
v 4.24848723 43.11902978 13.05870248
v 4.40413748 43.05594493 14.01988998
v 4.46934157 43.01998245 15.00598323
v 4.49190371 43.00567517 16.00149681
v 4.49825221 43.00128093 17.00030252
v 4.49968884 43.00022756 18.00004917
v 4.49995137 43.00003197 19.00000707
v 4.49999416 43.00000435 20.00000246
v 4.50001720 43.00000387 21.00001161
v 4.50012203 43.00001938 22.00007632
v 4.50061238 43.00009202 23.00040220
v 4.50237597 43.00037864 24.00168319
v 4.50716348 43.00139968 25.00562256
v 4.51672164 43.00460733 26.01493638
v 4.53006708 43.01263826 27.03112538
v 4.54266632 43.02619432 28.05090063
v 4.55074452 43.04055645 29.06746213
v 4.55444914 43.05014389 30.07700105
v 4.55575831 43.05439235 31.08092479
v 4.55610623 43.05565341 32.08209697
v 4.55608258 43.05542683 33.08212510
v 4.55566221 43.05358788 34.08130782
v 4.55423975 43.04883204 35.07915711
v 4.55051498 43.04030822 36.07483847
v 4.54290102 43.03068911 37.06700164
v 4.53157083 43.02380315 38.05379787
v 4.51969111 43.01820759 39.03597561
v 4.51050090 43.01134455 40.01899104
v 4.50474062 43.00521236 41.00787607
v 4.50169726 43.00178162 42.00263315
v 4.50031545 43.00031280 43.00065178
v 4.49923085 42.99912741 43.99967109
v 4.49602323 42.99536544 44.99748352
v 4.48487356 42.98182936 45.98950613
v 4.45335545 42.94111318 46.96481987
v 4.38210637 42.83880270 47.90389009
v 4.25098572 42.61920946 48.79289580
v 4.04594959 42.17570620 49.69752728
v 3.98154699 43.34125238 58.24045668
v 4.22047468 42.99871907 58.99046877
v 4.26836581 42.75942717 59.77801312
v 4.17458306 42.55798957 60.54356005
v 3.96046888 42.25778292 61.24588623
v 3.85658421 44.40667659 2.96747415
v 4.12183196 44.28443330 3.45321791
v 4.30699403 44.12554919 4.17728418
v 4.37330253 43.99468588 5.04896080
v 4.31096720 43.83575143 5.98658261
v 4.07765077 43.50087269 7.00570467
v 4.05790165 44.38123337 13.07699797
v 4.32866876 44.14625436 14.03260280
v 4.44096228 44.05055626 15.01077064
v 4.48274584 44.01481587 16.00286713
v 4.49575739 44.00354863 17.00060553
v 4.49908257 44.00067584 18.00010170
v 4.49979852 44.00010381 19.00001721
v 4.49994743 44.00001659 20.00000552
v 4.49998730 44.00000482 21.00000389
v 4.50001484 44.00000472 22.00001352
v 4.50010563 44.00001917 23.00007657
v 4.50046191 44.00008773 24.00035442
v 4.50154225 44.00034756 25.00128902
v 4.50396883 44.00117190 26.00368930
v 4.50790442 44.00324738 27.00830194
v 4.51242773 44.00704126 28.01478691
v 4.51609382 44.01180586 29.02135348
v 4.51821493 44.01585034 30.02611344
v 4.51911852 44.01818848 31.02859739
v 4.51941020 44.01911992 32.02954253
v 4.51946639 44.01929669 33.02977360
v 4.51939373 44.01895306 34.02966566
v 4.51907330 44.01782128 35.02919118
v 4.51813960 44.01550576 36.02805652
v 4.51604887 44.01228233 37.02573829
v 4.51254718 44.00920861 38.02159362
v 4.50824699 44.00675659 39.01557699
v 4.50432979 44.00443353 40.00905274
v 4.50158628 44.00222195 41.00401891
v 4.50008577 44.00072924 42.00131649
v 4.49946830 44.00004222 43.00029484
v 4.49899343 43.99944188 43.99980390
v 4.49680680 43.99709521 44.99837331
v 4.48758303 43.98772709 45.99231722
v 4.45809640 43.95719103 46.97096793
v 4.38390038 43.87409556 47.90858615
v 4.23610042 43.68230215 48.75625121
v 3.99409820 43.32574722 49.47271334
v 3.94711460 44.62027355 58.45714379
v 4.13030710 44.08446961 59.03250489
v 4.18332379 43.71271488 59.75808078
v 4.14346337 43.35426647 60.36845354
v 3.92106012 43.30002157 61.00203678
v 3.96825901 45.31601746 3.56535853
v 4.23650976 45.16387985 4.25161644
v 4.35887302 45.04476097 5.08388764
v 4.34745079 44.93560863 5.99513585
v 4.19039659 44.79118595 6.89235861
v 3.88798491 44.64621922 7.51951565
v 4.08047195 45.73612311 13.12728995
v 4.29087181 45.27700357 14.05462155
v 4.41650307 45.09726462 15.01845474
v 4.47196269 45.02966522 16.00488973
v 4.49174478 45.00740377 17.00092903
v 4.49759106 45.00142146 18.00009831
v 4.49917035 45.00021538 19.00001114
v 4.49967119 45.00005209 20.00001768
v 4.49987830 45.00002768 21.00001373
v 4.49996531 45.00001237 22.00000710
v 4.50000541 45.00000554 23.00001170
v 4.50006821 45.00001367 24.00005610
v 4.50026252 45.00006124 25.00022974
v 4.50075536 45.00022625 26.00072644
v 4.50167503 45.00066747 27.00179096
v 4.50292100 45.00154729 28.00348977
v 4.50414273 45.00281014 29.00549431
v 4.50501208 45.00409344 30.00723470
v 4.50546532 45.00501280 31.00834418
v 4.50564099 45.00547643 32.00886350
v 4.50568925 45.00562629 33.00903602
v 4.50568216 45.00558430 34.00904516
v 4.50561010 45.00531673 35.00892746
v 4.50537789 45.00466630 36.00858387
v 4.50480074 45.00353025 37.00779027
v 4.50368172 45.00204277 38.00625243
v 4.50198719 45.00050207 39.00387446
v 4.49995850 44.99918446 40.00116496
v 4.49805401 44.99835149 40.99915082
v 4.49679579 44.99821473 41.99852330
v 4.49650922 44.99866962 42.99897645
v 4.49691692 44.99913282 43.99956319
v 4.49654182 44.99839068 44.99921781
v 4.49107432 44.99329943 45.99573985
v 4.46903177 44.97488632 46.98184600
v 4.40510342 44.92113070 47.93686907
v 4.25884829 44.78442398 48.81000946
v 4.00828966 44.45772472 49.46152200
v 3.94376636 45.64525800 58.39271843
v 4.08519488 45.10132209 59.00789991
v 4.09949378 44.68862376 59.69103292
v 3.97612390 44.21168303 60.46063604
v 3.85671649 46.33962809 3.86645046
v 4.13329333 46.20944496 4.37370344
v 4.32040144 46.09017276 5.14046796
v 4.37688567 46.00102370 6.02896875
v 4.30177352 45.91902979 6.95241892
v 4.06284129 45.82307599 7.82999526
v 4.00308570 46.67369176 12.34715977
v 4.23945607 46.63270914 13.36802705
v 4.32598091 46.32675144 14.11141080
v 4.41372736 46.13116966 15.03307499
v 4.46432795 46.04281535 16.00753350
v 4.48589744 46.01048163 17.00054409
v 4.49359288 46.00144786 17.99949028
v 4.49656428 45.99999698 18.99976170
v 4.49819723 46.00009328 20.00000773
v 4.49920866 46.00014903 21.00006009
v 4.49972724 46.00008591 22.00003417
v 4.49992758 46.00002635 23.00000853
v 4.49998906 45.99999915 23.99999964
v 4.50002316 45.99999419 25.00001622
v 4.50009687 46.00001507 26.00009283
v 4.50025954 46.00009000 27.00028899
v 4.50052284 46.00025866 28.00064703
v 4.50083342 46.00053134 29.00113065
v 4.50110251 46.00085145 30.00161817
v 4.50127483 46.00112353 31.00198497
v 4.50135640 46.00128848 32.00218949
v 4.50138182 46.00134825 33.00226791
v 4.50137262 46.00131072 34.00226090
v 4.50131558 46.00111529 35.00214619
v 4.50114539 46.00059012 36.00179529
v 4.50071807 45.99946739 37.00094158
v 4.49979256 45.99749898 37.99920042
v 4.49806573 45.99471692 38.99628873
v 4.49529708 45.99181528 39.99264642
v 4.49165645 45.99009270 40.98996345
v 4.48821971 45.99053481 41.99019230
v 4.48672361 45.99300864 42.99338151
v 4.48810230 45.99623726 43.99728152
v 4.49104308 45.99831129 44.99947690
v 4.49141294 45.99709023 45.99856423
v 4.48039235 45.98844823 46.99145102
v 4.43816858 45.96179667 47.96714706
v 4.32416167 45.89507455 48.89881489
v 4.06173182 45.74456454 49.74185941
v 3.96727368 46.65539990 58.12195667
v 4.05084021 46.02939080 58.90966945
v 4.05809824 45.51916209 59.50001292
v 3.89144087 45.33541148 60.13983698
v 3.97130778 47.28439364 4.53099066
v 4.24377324 47.13873321 5.22763566
v 4.37342494 47.04629339 6.07447018
v 4.38466957 46.98677472 7.00168496
v 4.28976663 46.94930016 7.95515161
v 4.10413876 46.97512556 8.95154535
v 4.04307716 47.31944183 10.13997463
v 4.04803447 47.33523508 11.35301315
v 4.22921735 47.52259323 12.43058004
v 4.29515025 47.36808546 13.23209297
v 4.37742722 47.24629591 14.13019564
v 4.42778996 47.11789944 15.04250605
v 4.45963984 47.03916840 16.00605932
v 4.47506488 47.00529513 16.99577846
v 4.48196113 46.99640152 17.99565972
v 4.48682216 46.99742203 18.99795892
v 4.49171988 46.99980632 19.99963062
v 4.49587158 47.00067374 21.00018475
v 4.49840779 47.00049899 22.00016736
v 4.49952078 47.00018527 23.00005303
v 4.49987296 47.00000900 23.99997457
v 4.49993919 46.99992874 24.99992297
v 4.49992455 46.99989160 25.99989402
v 4.49990390 46.99989003 26.99991073
v 4.49991524 46.99993132 27.99999263
v 4.49997493 47.00001156 29.00012662
v 4.50006872 47.00010858 30.00026993
v 4.50016222 47.00019243 31.00038079
v 4.50022736 47.00024215 32.00044320
v 4.50025378 47.00024310 33.00046010
v 4.50023096 47.00014393 34.00041555
v 4.50011158 46.99977273 35.00020801
v 4.49976664 46.99874143 35.99955234
v 4.49892862 46.99641073 36.99788522
v 4.49713145 46.99200267 37.99434738
v 4.49368473 46.98504000 38.98801633
v 4.48781937 46.97627714 39.97869072
v 4.47901290 46.96904723 40.96907542
v 4.46842144 46.96761886 41.96564002
v 4.46049259 46.97325968 42.97278600
v 4.46047185 46.98368119 43.98629534
v 4.46894065 46.99380922 44.99721225
v 4.47986825 46.99863799 46.00098234
v 4.48345703 46.99653607 46.99815732
v 4.46636481 46.98567142 47.98652536
v 4.40421533 46.96079538 48.95383517
v 4.25511506 46.92417689 49.87472165
v 3.97664117 46.95008530 50.70598983
v 3.93494377 47.61186067 57.31917326
v 4.06061318 47.35384744 58.16104078
v 4.03584958 46.90627041 58.77840859
v 3.92954292 46.31862043 59.54521525
v 3.85899346 48.31280026 4.86151630
v 4.13340652 48.18437617 5.36885835
v 4.32711707 48.08201732 6.14027120
v 4.40938838 48.02198368 7.03957409
v 4.40406390 47.99270476 7.99781763
v 4.34148668 47.99834081 8.98970904
v 4.28148161 48.07584182 10.03424734
v 4.26835010 48.15736648 11.12062630
v 4.31207084 48.20338691 12.18110927
v 4.37258669 48.20013792 13.15622164
v 4.41276038 48.13195653 14.08418022
v 4.43911491 48.06068032 15.02532690
v 4.44935788 48.00582319 15.98774883
v 4.45058017 47.97819850 16.97583932
v 4.45086071 47.97401670 17.97986714
v 4.45652549 47.98470186 18.98935707
v 4.46868165 47.99718402 19.99708337
v 4.48256295 48.00257830 21.00036045
v 4.49259077 48.00239904 22.00070180
v 4.49754700 48.00103811 23.00029743
v 4.49931191 48.00016167 23.99995466
v 4.49971402 47.99972864 24.99969902
v 4.49964961 47.99948540 25.99947352
v 4.49943693 47.99936579 26.99933599
v 4.49922669 47.99939196 27.99937807
v 4.49914537 47.99954976 28.99959126
v 4.49925325 47.99976166 29.99985031
v 4.49949408 47.99993462 31.00002915
v 4.49974325 48.00002025 32.00009654
v 4.49990215 48.00001108 33.00008807
v 4.49991769 47.99983649 34.00000333
v 4.49969490 47.99916736 34.99967640
v 4.49896949 47.99716682 35.99857269
v 4.49720323 47.99236528 36.99553042
v 4.49348686 47.98294228 37.98872432
v 4.48652005 47.96736157 38.97595293
v 4.47467015 47.94581505 39.95568056
v 4.45680107 47.92219092 40.92853806
v 4.43186860 47.90959513 41.90639845
v 4.40536457 47.91691650 42.91098569
v 4.39275709 47.94103968 43.94547995
v 4.40510993 47.97372911 44.98442935
v 4.43594446 47.99678287 46.00410632
v 4.46502227 48.00231348 47.00533260
v 4.47526157 47.99786351 47.99824517
v 4.45515042 47.98744466 48.98313640
v 4.38623983 47.97471153 49.95030036
v 4.24484469 47.98151028 50.89021312
v 4.02424453 48.05786893 51.83424627
v 3.88969005 48.39856665 52.86826791
v 3.93122972 48.72707228 55.22067680
v 3.98804524 48.41924552 56.39409867
v 4.09153506 48.34751565 57.28510639
v 4.07444910 48.00301312 57.96211134
v 4.04508017 47.61117755 58.56612771
v 3.87454890 47.39461658 59.18106164
v 3.96522744 49.22278842 5.54244961
v 4.23263320 49.10590565 6.23976726
v 4.37958678 49.04222298 7.08750904
v 4.43615490 49.01070336 8.02391873
v 4.43577011 49.00257525 9.00329338
v 4.41292464 49.01897868 10.00909289
v 4.39736899 49.05020163 11.03533181
v 4.40298377 49.07349423 12.06342904
v 4.42234851 49.07297101 13.06647140
v 4.43717600 49.03964804 14.03599176
v 4.43840865 48.98382406 14.98622446
v 4.42481694 48.93542186 15.93989778
v 4.40126676 48.91058807 16.92025527
v 4.38245020 48.90851156 17.93093279
v 4.38085913 48.93737067 18.95803594
v 4.40233079 48.98329024 19.98575648
v 4.43948790 49.00871125 21.00045361
v 4.47214053 49.00983629 22.00276718
v 4.49000640 49.00472699 23.00140952
v 4.49701680 49.00111058 24.00011130
v 4.49889853 48.99925012 24.99915156
v 4.49885703 48.99812676 25.99820383
v 4.49808950 48.99739857 26.99736269
v 4.49710079 48.99720935 27.99708757
v 4.49639150 48.99764296 28.99764327
v 4.49640452 48.99848667 29.99870134
v 4.49717097 48.99933098 30.99962706
v 4.49825905 48.99985188 32.00007308
v 4.49915050 48.99999386 33.00013022
v 4.49956597 48.99977368 33.99998709
v 4.49934534 48.99877615 34.99953521
v 4.49804205 48.99552524 35.99799670
v 4.49463731 48.98698238 36.99335838
v 4.48753811 48.96902316 37.98192842
v 4.47450407 48.93846069 38.95940096
v 4.45315945 48.89402150 39.92169249
v 4.42044548 48.84045157 40.86906045
v 4.37840653 48.78559323 41.79867645
v 4.31703233 48.78520186 42.76163274
v 4.26311835 48.82482769 43.81915651
v 4.25939367 48.90054935 44.93353685
v 4.31651557 48.98683810 46.01043878
v 4.39917074 49.01238388 47.02198744
v 4.45343379 49.00967375 48.01080731
v 4.47092580 48.99972608 48.99793153
v 4.45252622 48.98978837 49.98205878
v 4.39350946 48.98493281 50.95793277
v 4.29142493 48.99942694 51.93393409
v 4.17354945 49.05515608 52.95067566
v 4.04030750 49.03451325 54.11380098
v 4.15339425 49.34158938 55.25812702
v 4.14127548 49.16968132 56.08011779
v 4.13898653 48.97681610 56.96154244
v 4.08276146 48.75168403 57.75402314
v 3.93676271 48.30362159 58.55472299
v 3.84336086 50.13959747 5.88210277
v 4.09030556 50.08271995 6.39762758
v 4.29422781 50.04308518 7.16628981
v 4.40937839 50.01765322 8.06017722
v 4.45573757 50.00575688 9.01804312
v 4.46442158 50.00535771 10.00628292
v 4.46040364 50.01262761 11.00934879
v 4.45727834 50.01881006 12.01710774
v 4.45578925 50.01162061 13.01721108
v 4.44722556 49.97797167 13.99784056
v 4.42339356 49.90938470 14.95119401
v 4.38614119 49.81801013 15.86667471
v 4.32481404 49.77877123 16.80014042
v 4.26158991 49.77106077 17.81097146
v 4.23302113 49.79204360 18.86595492
v 4.24764426 49.92063997 19.94403289
v 4.32285535 50.02853576 21.00209756
v 4.41422629 50.03579022 22.01106858
v 4.46739155 50.01793595 23.00589605
v 4.48966071 50.00518146 24.00130151
v 4.49637040 49.99862151 24.99826238
v 4.49683899 49.99454863 25.99524798
v 4.49474982 49.99140494 26.99187959
v 4.49140711 49.98973263 27.98952602
v 4.48812444 49.99030799 28.99000505
v 4.48670874 49.99291152 29.99332602
v 4.48821779 49.99629189 30.99730926
v 4.49184677 49.99889361 31.99981546
v 4.49561495 50.00001125 33.00052934
v 4.49803655 49.99994983 34.00030944
v 4.49863875 49.99870182 34.99964787
v 4.49691695 49.99437738 35.99779228
v 4.49118735 49.98183586 36.99198484
v 4.47861738 49.95240689 37.97617220
v 4.45630772 49.89782313 38.94060452
v 4.42006530 49.81862145 39.88003490
v 4.36969262 49.71394565 40.78617805
v 4.29342939 49.61213501 41.68442566
v 4.23443123 49.46284073 42.48049361
v 4.06065369 49.63642630 43.49149929
v 4.01129743 49.62589869 44.74239631
v 4.03632200 49.96466257 46.03306369
v 4.23970874 50.04255766 47.07519191
v 4.38144226 50.03855727 48.03969095
v 4.45186280 50.01451025 49.01141640
v 4.47110084 49.99524332 49.99339316
v 4.45560066 49.97988497 50.97667118
v 4.41167749 49.96563633 51.95742804
v 4.34617584 49.95258651 52.94426129
v 4.27293817 49.92891075 53.95602705
v 4.23626717 49.92958280 54.96965602
v 4.21668022 49.86871981 55.88771938
v 4.15526100 49.69566359 56.72368282
v 4.08465682 49.42505836 57.42240112
v 3.88425179 49.31266614 58.10903058
v 3.86487587 50.94728204 6.58367040
v 4.13438527 51.00040909 7.29188516
v 4.32120943 51.00859703 8.12696226
v 4.42360890 51.00563902 9.04785744
v 4.46749325 51.00296299 10.01574126
v 4.48083503 51.00254202 11.00555859
v 4.48116282 51.00084579 12.00300694
v 4.47295831 50.98871278 12.99736949
v 4.44953578 50.95005715 13.97685659
v 4.39957419 50.86254617 14.92932643
v 4.32148102 50.70382498 15.84013837
v 4.25997829 50.47826299 16.58936243
v 4.08148800 50.60509389 17.54884249
v 4.00689509 50.47073655 18.66913949
v 3.97796140 50.61973409 19.78187299
v 4.03575794 51.10682942 21.02250813
v 4.28157521 51.12153511 22.04502617
v 4.41496972 51.05764813 23.02187020
v 4.47160279 51.01830372 24.00630020
v 4.49003294 50.99907014 24.99776965
v 4.49238529 50.98725645 25.99019080
v 4.48786235 50.97691047 26.98043433
v 4.47927327 50.96911811 27.97037222
v 4.46864677 50.96754417 28.96647521
v 4.46063518 50.97319342 29.97322085
v 4.46057549 50.98366370 30.98644170
v 4.46925894 50.99396953 31.99729800
v 4.48158770 50.99963994 33.00163606
v 4.49139752 51.00076959 34.00164563
v 4.49612392 50.99937535 35.00036964
v 4.49554347 50.99453043 35.99811450
v 4.48782030 50.97971785 36.99186297
v 4.46800701 50.94061118 37.97403066
v 4.43094419 50.85672703 38.92977514
v 4.37719028 50.71750065 39.83300863
v 4.29288396 50.56069711 40.70796276
v 4.21709125 50.32548351 41.47454366
v 4.00466080 50.28975979 42.48066455
v 3.93305360 51.13517337 47.26626516
v 4.23616626 51.12612512 48.11517179
v 4.39453566 51.05148425 49.03756842
v 4.45705963 51.00205815 49.99885125
v 4.46751431 50.96820774 50.97370443
v 4.44825514 50.93313092 51.94665950
v 4.40760122 50.88482105 52.91073401
v 4.34942759 50.81605184 53.86618716
v 4.28584446 50.71897062 54.79725034
v 4.20827215 50.59464184 55.69610666
v 4.13689047 50.35069092 56.45218799
v 3.93714733 50.20441532 57.32368423
v 3.87811684 51.88923217 7.48777350
v 4.15066680 51.96767078 8.24923901
v 4.33117673 51.99436047 9.11134989
v 4.42919123 52.00062425 10.04329821
v 4.47233257 52.00060686 11.01442508
v 4.48546713 51.99729319 12.00282046
v 4.47999729 51.98490129 12.99312896
v 4.45162679 51.94725391 13.96991456
v 4.38403063 51.85500883 14.91348547
v 4.25912987 51.66750511 15.81524956
v 4.06956935 51.32067310 16.75832758
v 4.05340751 52.40546099 22.18081448
v 4.32781785 52.15464759 23.06922894
v 4.43937946 52.05000831 24.02104231
v 4.47784152 52.00372208 24.99985046
v 4.48402664 51.97589997 25.98410361
v 4.47546339 51.94956726 26.96301588
v 4.45808090 51.92353157 27.93439956
v 4.43292700 51.90994783 28.91040977
v 4.40605054 51.91701029 29.91331787
v 4.39310471 51.94103945 30.94639307
v 4.40533064 51.97370374 31.98442635
v 4.43656019 51.99698794 33.00395563
v 4.46785198 52.00355515 34.00620744
v 4.48665985 52.00206397 35.00305413
v 4.49254761 51.99669311 35.99945590
v 4.48582168 51.98235231 36.99306424
v 4.46033457 51.94177633 37.97548698
v 4.40473301 51.84152412 38.93060130
v 4.31471410 51.63569452 39.83167839
v 4.23213924 51.31104011 40.55917555
v 4.00567843 51.19529587 41.50497964
v 4.02237688 52.40651431 48.26195333
v 4.30490829 52.14034548 49.08837911
v 4.41965318 52.01842581 50.00581184
v 4.45114353 51.94843492 50.95853847
v 4.43985154 51.88515318 51.91334696
v 4.40113899 51.80439115 52.85449546
v 4.34188150 51.68603144 53.76563118
v 4.25242151 51.53808217 54.66035035
v 4.17143377 51.28571307 55.43873087
v 3.96044561 51.15452675 56.38626685
v 3.88367769 52.87137067 8.46090032
v 4.15576627 52.95628145 9.23584670
v 4.33367375 52.98867492 10.10626803
v 4.42988061 52.99770264 11.04160169
v 4.47151029 52.99736832 12.01296153
v 4.47955957 52.98851424 12.99775064
v 4.45729035 52.95902676 13.97563240
v 4.38803991 52.87985845 14.91809782
v 4.24442590 52.70101337 15.77695842
v 4.00408025 52.37820963 16.51880798
v 4.00333012 53.71693225 22.48826469
v 4.25686364 53.29132406 23.16097892
v 4.40299497 53.10108059 24.04984596
v 4.46116786 53.01578422 25.00697061
v 4.47110962 52.96360595 25.98025231
v 4.45612778 52.90887728 26.94346466
v 4.42446682 52.84739019 27.88827720
v 4.38181548 52.78826852 28.81255988
v 4.31945090 52.78660204 29.77068075
v 4.26445798 52.82555745 30.82370247
v 4.25992730 52.90059375 31.93400190
v 4.31696195 52.98668033 33.00900323
v 4.40022020 53.01256507 34.02076724
v 4.45704599 53.01101075 35.01169366
v 4.48284317 53.00250898 36.00334661
v 4.48455313 52.98919448 36.99586728
v 4.46035904 52.95603860 37.98012909
v 4.39386267 52.86733741 38.93782544
v 4.26318538 52.65418448 39.84216560
v 4.05395996 52.19849701 40.73787667
v 3.99737464 53.71586354 48.52142630
v 4.23601913 53.26245001 49.16384909
v 4.37312348 53.04094608 50.01376657
v 4.41723870 52.91547716 50.93066185
v 4.40380413 52.81238898 51.85889220
v 4.35705581 52.68554377 52.76360884
v 4.27339470 52.53001803 53.65214957
v 4.19399481 52.26643362 54.42727771
v 3.97383157 52.13078258 55.39443839
v 3.88509937 53.86508446 9.45403322
v 4.15583304 53.94981962 10.23142372
v 4.33158290 53.98309873 11.10389340
v 4.42591135 53.99329259 12.04032584
v 4.46442311 53.99184168 13.01083514
v 4.46193508 53.97488615 13.98971365
v 4.40969038 53.92251150 14.94903534
v 4.27452294 53.78930717 15.83831292
v 4.02796918 53.47223320 16.50899894
v 4.00565060 54.75723310 22.44213560
v 4.23760536 54.37816188 23.21091561
v 4.38087476 54.15003867 24.07745121
v 4.44646205 54.03360217 25.01721673
v 4.45610843 53.95765148 25.98113535
v 4.42910417 53.86724354 26.93284223
v 4.38014671 53.74070003 27.83890506
v 4.30266838 53.62364384 28.72515092
v 4.24083843 53.46917255 29.50665521
v 4.06532747 53.64211067 30.51059976
v 4.01269774 53.62715324 31.74643571
v 4.03714658 53.96450432 33.02883292
v 4.24098584 54.04212256 34.06861380
v 4.38338300 54.03945520 35.03667316
v 4.45581990 54.01787689 36.01355766
v 4.47948486 53.99980225 37.00098901
v 4.46722795 53.97551570 37.98755563
v 4.40774966 53.91683657 38.95426666
v 4.26640047 53.76791623 39.86297201
v 4.01792151 53.40676604 40.60347831
v 4.00744830 54.76502850 48.47715556
v 4.21300285 54.32771221 49.18891949
v 4.33276908 54.04179341 50.00345089
v 4.37043216 53.85823877 50.88401074
v 4.34840689 53.69934103 51.77081669
v 4.27499939 53.53311009 52.65328856
v 4.20050468 53.26521568 53.42574962
v 3.97999508 53.12510109 54.39397242
v 3.88406413 54.85569780 10.44971196
v 4.15077376 54.93554315 11.22632832
v 4.32217438 54.97045637 12.10039594
v 4.41409710 54.98516609 13.03912638
v 4.44923584 54.98421985 14.00907269
v 4.43311222 54.96081844 14.98251369
v 4.34275116 54.89586222 15.93293628
v 4.11095225 54.74591960 16.83169289
v 4.06001981 55.74342597 22.15166579
v 4.25681443 55.38640826 23.15688163
v 4.38062034 55.17233528 24.07867252
v 4.44068978 55.04972336 25.02349045
v 4.44564997 54.96399622 25.98505947
v 4.40136872 54.85145414 26.93416341
v 4.31591207 54.65298314 27.83718555
v 4.23797912 54.35518964 28.57358060
v 4.02078496 54.31647917 29.55452314
v 3.93597982 55.13427148 34.24251274
v 4.24039261 55.12669479 35.09976678
v 4.39923779 55.05860179 36.03685105
v 4.46360671 55.01790607 37.00995408
v 4.47379998 54.99350231 37.99568872
v 4.43765299 54.96082928 38.97447063
v 4.32625234 54.88865662 39.92127241
v 4.06458730 54.72766253 40.80083800
v 4.03985556 55.77961033 48.21372474
v 4.21023501 55.30204961 49.10930920
v 4.29742647 54.98930626 49.94992842
v 4.31414343 54.75309238 50.79923620
v 4.26263791 54.55095618 51.66306313
v 4.19730891 54.27050505 52.42875840
v 3.98063490 54.12536354 53.39450144
v 3.87886440 55.82133732 11.43726572
v 4.13365866 55.89601797 12.21309239
v 4.29680880 55.94613281 13.09537670
v 4.38966305 55.97400037 14.04080740
v 4.42659111 55.97676739 15.01057025
v 4.40414680 55.95842143 15.98387943
v 4.30386013 55.92651144 16.95167504
v 4.11108713 55.95859174 17.94506093
v 4.03498163 56.37720400 19.08626211
v 4.01897051 56.52827227 20.13872973
v 4.06318160 56.42431425 21.29396940
v 4.25220832 56.54994352 22.34664468
v 4.31923750 56.32721410 23.12952166
v 4.40063511 56.16110538 24.06430510
v 4.44620088 56.05649798 25.02310467
v 4.44610004 55.97999996 25.98994998
v 4.38979696 55.87618249 26.94130601
v 4.26294656 55.66489538 27.84632326
v 4.05656169 55.23391279 28.75370159
v 4.03475110 56.40300711 35.20213189
v 4.31638702 56.15363628 36.07766093
v 4.43439441 56.05180952 37.02447771
v 4.47286573 56.01010227 38.00318015
v 4.46440311 55.98668048 38.98837790
v 4.40456509 55.95731257 39.95997946
v 4.25910366 55.91724644 40.89366909
v 3.99041789 55.94124847 41.74572312
v 3.96103298 56.65312012 47.33348873
v 4.16244853 56.52637106 48.31373134
v 4.22158684 56.17267705 49.02927720
v 4.25962530 55.85771238 49.85073733
v 4.23312975 55.59799234 50.69029945
v 4.18334483 55.28942143 51.44129080
v 3.97674368 55.12879352 52.39857803
v 3.86191793 56.71192968 12.39666125
v 4.08619463 56.81786211 13.18604161
v 4.24305054 56.91979933 14.09978086
v 4.35218555 56.95797338 15.04948988
v 4.39997077 56.96929539 16.01674977
v 4.39026690 56.97014744 16.99489874
v 4.33110943 56.99002664 17.98624587
v 4.26942247 57.09155939 19.01218413
v 4.24509799 57.21004772 20.05630018
v 4.25922083 57.23700711 21.10669046
v 4.31919829 57.23807615 22.14677320
v 4.38673588 57.20552930 23.11488380
v 4.43130099 57.12031586 24.05372831
v 4.45950271 57.05043498 25.02033902
v 4.45725447 56.99578866 25.99545709
v 4.40408599 56.92386273 26.95714039
v 4.26543462 56.77236980 27.86505056
v 4.01772843 56.41761753 28.60889740
v 4.03009901 57.70543748 35.38548660
v 4.26234063 57.28641677 36.13365641
v 4.40383789 57.10139682 37.04341116
v 4.46402326 57.02724049 38.00952384
v 4.47636920 56.99778579 38.99473389
v 4.45351284 56.97995719 39.97948193
v 4.38510929 56.96364476 40.94987627
v 4.25322447 56.96875087 41.90089396
v 4.06518795 57.04778684 42.88794716
v 4.00247845 57.40193766 44.04112336
v 3.97169144 57.49305099 45.10397265
v 3.98441536 57.34226563 46.29322754
v 4.12901155 57.38687784 47.31755850
v 4.17073136 57.16354049 48.09836644
v 4.21175109 56.92261302 48.93170244
v 4.19389872 56.64505194 49.74154895
v 4.15708515 56.31585454 50.47204486
v 3.96591141 56.12997695 51.41254382
v 3.81765505 57.42462014 13.25688416
v 3.95997275 57.79064800 14.19952566
v 4.17408439 57.87847378 15.12616545
v 4.30206721 57.92567630 16.06099554
v 4.36709928 57.95440504 17.02525783
v 4.38624934 57.97511255 18.00721699
v 4.37896292 58.00965816 19.00489396
v 4.37009952 58.05811386 20.01671017
v 4.37446225 58.09105812 21.03618230
v 4.39603215 58.09915049 22.05456315
v 4.42781282 58.09141196 23.05608218
v 4.45558401 58.06637836 24.03744652
v 4.47207026 58.03340089 25.01631760
v 4.47116103 58.00292342 25.99987186
v 4.43480286 57.96437535 26.97643788
v 4.32468564 57.88968425 27.92264155
v 4.06393516 57.72879362 28.80313785
v 4.06947646 58.81346042 35.22217137
v 4.26504237 58.37419627 36.14499183
v 4.38863617 58.14331699 37.05509008
v 4.45227992 58.03910258 38.01161784
v 4.47375058 57.99659862 38.99246017
v 4.46867301 57.97626862 39.98037229
v 4.43962319 57.95972783 40.96363940
v 4.37956388 57.94816203 41.93716742
v 4.28980235 57.96029102 42.91423470
v 4.20983439 58.02908692 43.92417543
v 4.16150215 58.08985323 44.95119719
v 4.13719463 58.04794783 45.98662129
v 4.15229067 57.95533168 46.98240658
v 4.15785474 57.84364481 47.89127721
v 4.13248581 57.62204856 48.77967112
v 4.11727366 57.28727730 49.53314637
v 3.94375885 57.08986316 50.45150288
v 3.88885610 58.69409085 15.30241368
v 4.09446865 58.77963846 16.13752898
v 4.22628893 58.86877207 17.06955889
v 4.31633171 58.91628561 18.03270141
v 4.36597178 58.95055281 19.01367127
v 4.39228831 58.98033066 20.00761189
v 4.40965569 59.00472223 21.01048469
v 4.42674312 59.01725834 22.01595793
v 4.44464706 59.02017327 23.01872386
v 4.46086897 59.01702611 24.01582875
v 4.47254573 59.00910155 25.00899608
v 4.47569589 58.99808726 26.00101364
v 4.45953877 58.98213565 26.98885375
v 4.39982817 58.95413693 27.96117551
v 4.25600320 58.91405788 28.89666396
v 3.98956322 58.93462137 29.75197129
v 3.99328826 59.68431263 34.36591030
v 4.22144184 59.64344190 35.38842689
v 4.30409321 59.34824914 36.14171801
v 4.38806801 59.14206155 37.05179361
v 4.43829311 59.02896030 38.00429864
v 4.45743535 58.97451583 38.97770880
v 4.45477424 58.94635042 39.96105198
v 4.43737762 58.92103920 40.94593747
v 4.40570854 58.88880983 41.92036139
v 4.35449198 58.85884277 42.88467390
v 4.29052133 58.83443436 43.85383098
v 4.23368197 58.79339605 44.81090374
v 4.17298013 58.74359642 45.77287898
v 4.12050231 58.62287404 46.75943930
v 4.10683425 58.39987003 47.57451727
v 3.97587153 58.36338492 48.47573656
v 3.89889309 57.89248950 49.56510776
v 3.82485884 59.37567422 16.21071105
v 3.94658813 59.67053518 17.14035258
v 4.12144583 59.75877749 18.07493780
v 4.23057367 59.83681744 19.03545649
v 4.30681757 59.88119598 20.00963861
v 4.35446632 59.91965082 21.00204761
v 4.38985688 59.94183486 21.99940916
v 4.41540232 59.95194337 22.99585789
v 4.43226202 59.96092298 23.99506159
v 4.44501649 59.97013706 24.99686342
v 4.45514906 59.97540637 25.99732308
v 4.45689995 59.97368577 26.99275512
v 4.43627765 59.96496355 27.98002563
v 4.37233813 59.95310277 28.95348987
v 4.24592473 59.95968953 29.91184208
v 4.06637094 60.02802432 30.91514565
v 4.02015581 60.34113316 32.11894144
v 4.02856043 60.32715947 33.33858238
v 4.19752821 60.48614783 34.40665860
v 4.25932509 60.33349434 35.21153206
v 4.33425443 60.21116870 36.11432723
v 4.38017045 60.07471642 37.02906721
v 4.40984672 59.97495310 37.98207688
v 4.42058726 59.91058193 38.94534030
v 4.41153624 59.87062931 39.91177828
v 4.38672031 59.83611096 40.88929006
v 4.35589365 59.77934209 41.86643502
v 4.32015910 59.69819852 42.80468527
v 4.25473040 59.63767723 43.73505229
v 4.17809820 59.53429352 44.69544199
v 4.13789362 59.33362361 45.50396041
v 3.98296402 59.35608876 46.45367052
v 3.90589808 58.97598499 47.60126211
v 3.84783998 60.35572115 18.12430794
v 3.95466727 60.61571785 19.08745453
v 4.10903232 60.66398378 20.01282431
v 4.18968020 60.75306995 20.99021717
v 4.25777181 60.81475558 21.99087439
v 4.31418055 60.83197603 22.97325348
v 4.34488746 60.85167938 23.96277491
v 4.36410151 60.88219524 24.96993155
v 4.38429786 60.91249907 25.98379137
v 4.40556080 60.92697393 26.98753127
v 4.41489181 60.92771903 27.97942527
v 4.39915354 60.92437315 28.96556691
v 4.35098771 60.92595263 29.94927128
v 4.27603364 60.94987286 30.94620598
v 4.21783735 61.02538435 31.99320360
v 4.20679695 61.08513024 33.07733573
v 4.24568553 61.10469919 34.12236501
v 4.29365371 61.08683965 35.07843944
v 4.31752134 61.01711733 36.00521391
v 4.33353391 60.93613288 36.96137570
v 4.34253047 60.85373733 37.93014969
v 4.34303814 60.77910229 38.89412993
v 4.33238145 60.70650074 39.82557315
v 4.28947540 60.66736179 40.76216929
v 4.23343253 60.60409749 41.74886516
v 4.19293137 60.46022266 42.72204058
v 4.17059348 60.26528521 43.50603623
v 4.00450130 60.30441604 44.44321016
v 3.92050267 59.94910310 45.58000732
v 3.84642339 61.21023719 20.04294560
v 3.92373513 61.35336692 20.90788107
v 3.98620320 61.59293145 21.99863296
v 4.11884819 61.59041134 22.94996173
v 4.17516790 61.61645495 23.90000584
v 4.20235947 61.67104774 24.89777294
v 4.22742296 61.75535112 25.94134817
v 4.27210525 61.81025524 26.97294052
v 4.31739108 61.81718205 27.96149757
v 4.33499666 61.81738874 28.94168859
v 4.32775966 61.81761132 29.92728519
v 4.30206980 61.82291454 30.92073527
v 4.27181044 61.83865511 31.92806956
v 4.25389869 61.85251140 32.94818557
v 4.25519627 61.84093628 33.95471289
v 4.26597276 61.79797554 34.90248045
v 4.25056262 61.76701537 35.83102407
v 4.22219493 61.72002691 36.81331637
v 4.20995001 61.63325837 37.81742070
v 4.19916922 61.54668247 38.80091189
v 4.18416690 61.43958105 39.75010119
v 4.17956591 61.28108798 40.52838593
v 4.02744794 61.36788346 41.47425293
v 3.97778351 61.12863848 42.55117480
v 3.91854787 60.86682659 43.60144085
v 3.86013911 62.13135994 22.97443887
v 3.92506685 62.16781510 23.79365951
v 3.95361727 62.23745905 24.74185292
v 3.96983598 62.37000066 25.78879828
v 4.00194109 62.59645153 26.96187851
v 4.12456563 62.57993099 27.93580019
v 4.17510337 62.58088721 28.88046353
v 4.19185574 62.58303967 29.84889645
v 4.19029636 62.58436787 30.83522382
v 4.18006220 62.58447422 31.83103988
v 4.16874724 62.57689437 32.83023895
v 4.15999070 62.54538342 33.82174872
v 4.15263761 62.46907473 34.78021910
v 4.15691574 62.33049767 35.56500110
v 4.02278547 62.43506212 36.51214586
v 3.99518377 62.26782464 37.60987230
v 3.97620318 62.15389511 38.61810367
v 3.95446813 62.03928287 39.59760115
v 3.91562643 61.86147272 40.63026730
v 3.86547566 63.12510691 27.96010438
v 3.92895862 63.13772006 28.77728019
v 3.95651489 63.14830829 29.69826791
v 3.96561622 63.15322307 30.66716163
v 3.96563474 63.15234885 31.65572012
v 3.96156179 63.14174546 32.64855080
v 3.95444856 63.10952823 33.63487711
v 3.93992364 63.03561062 34.61088339
v 3.90754208 62.88428229 35.64815065
v 5.64079063 27.33675287 26.79161646
v 5.44930582 27.38129060 26.13712214
v 5.65152151 27.08102268 27.41869876
v 5.66476178 26.92985919 28.30540321
v 5.66832266 26.86359632 29.26709987
v 5.66719717 26.83915906 30.25445349
v 5.66260391 26.82911642 31.24697111
v 5.64971308 26.82037281 32.23146393
v 5.61797395 26.81158169 33.19127252
v 5.55434540 26.81854549 34.10076218
v 5.45373208 26.88699200 34.92732052
v 5.32659616 27.12117545 35.67470208
v 5.45373193 27.81197939 35.95875203
v 5.55101517 28.16673413 25.96376547
v 5.55434377 28.60067687 36.08354961
v 5.61672867 29.06224414 25.88092541
v 5.61796111 29.48831142 36.13797825
v 5.64973263 30.01958376 25.84721809
v 5.64963953 30.43810394 36.15889808
v 5.66265920 31.00507852 25.83598667
v 5.66230382 31.41947543 36.16560182
v 5.66660025 32.00101707 25.83300526
v 5.66638558 32.41378274 36.16727684
v 5.66742620 32.99983509 25.83255571
v 5.66728220 33.41226160 36.16719637
v 5.66707360 33.99822391 25.83350118
v 5.66652293 34.41121565 36.16504559
v 5.66521412 34.99223769 25.83812581
v 5.66250409 35.40713023 36.15618970
v 5.65969439 35.97194686 25.85453608
v 5.64958019 36.39053844 36.12740175
v 5.64697470 36.91332882 25.90177744
v 5.61789084 37.33504541 36.05115227
v 5.62696930 37.75982425 26.01157266
v 5.56052939 38.17423285 35.88848945
v 5.61933582 38.32232637 26.17717788
v 5.48812627 38.77765490 35.64815013
v 5.50572290 38.68047764 26.23786063
v 5.53499176 38.96438707 26.73662524
v 5.58485548 39.11741355 27.49627031
v 5.62746137 39.16734587 28.39487158
v 5.65199320 39.17437310 29.35490263
v 5.66259816 39.17102597 30.34052184
v 5.66550198 39.16616364 31.33406342
v 5.66310335 39.15614433 32.32389968
v 5.65202554 39.12896449 33.29434344
v 5.62294689 39.06514926 34.21638198
v 5.56564909 38.94510938 35.03823553
v 5.78038213 27.96871348 26.66960699
v 5.90988069 27.79301510 27.40510966
v 5.95651820 27.64821059 28.23439683
v 5.97155533 27.56973600 29.16444144
v 5.97374058 27.53657888 30.13990399
v 5.96966930 27.52184225 31.12888668
v 5.95618904 27.50724965 32.11244053
v 5.92178664 27.48250534 33.07079892
v 5.84947143 27.44697287 33.97356561
v 5.72752457 27.41523834 34.77266551
v 5.57570872 27.41306893 35.37151238
v 5.88359666 28.78812827 26.58696121
v 6.06609699 28.57380203 27.35033969
v 6.16061344 28.42770591 28.19063722
v 6.19706403 28.34396489 29.10647313
v 6.20687204 28.30518627 30.07208870
v 6.20484515 28.28697693 31.05722794
v 6.19144678 28.26902687 32.04019459
v 6.15555581 28.23588638 33.00029097
v 6.07742878 28.17733003 33.90920694
v 5.93686477 28.09263951 34.72905658
v 5.72752426 27.98573435 35.41808243
v 5.93990590 29.70717429 26.54653369
v 6.15201862 29.45778141 27.31371659
v 6.27673928 29.29237650 28.16094471
v 6.33427361 29.20054552 29.07712453
v 6.35388782 29.15726125 30.03895452
v 6.35525380 29.13654800 31.02156900
v 6.34262196 29.11680375 32.00390643
v 6.30627832 29.08004968 32.96535007
v 6.22571789 29.01149601 33.87975260
v 6.07742446 28.90456925 34.71617605
v 5.84946801 28.76511917 35.45014114
v 5.96405732 30.67668855 26.53105988
v 6.19102013 30.40847120 27.29704043
v 6.33183250 30.22759370 28.14586711
v 6.40275399 30.12657078 29.06352556
v 6.43045123 30.07880226 30.02516127
v 6.43533353 30.05603221 31.00693734
v 6.42380847 30.03524684 31.98888136
v 6.38755392 29.99713844 32.95084997
v 6.30627319 29.92493277 33.86787803
v 6.15553095 29.80948988 34.71233759
v 5.92176359 29.65706445 35.46622506
v 5.97221317 31.66725715 26.52637298
v 6.20527766 31.39147189 27.29124936
v 6.35324489 31.20278903 28.14000710
v 6.43081906 31.09580904 29.05818242
v 6.46325786 31.04457169 30.02015915
v 6.47066460 31.02017260 31.00190980
v 6.46013272 30.99869960 31.98375089
v 6.42413418 30.96009970 32.94585862
v 6.34273483 30.88677562 33.86377659
v 6.19138339 30.76849340 34.71116882
v 5.95608293 30.61104208 35.47250915
v 5.97420201 32.66466501 26.52525443
v 6.20923533 32.38653493 27.28963138
v 6.35977496 32.19496200 28.13817169
v 6.44000666 32.08531338 29.05640637
v 6.47460128 32.03221163 30.01854070
v 6.48336450 32.00681836 31.00038634
v 6.47349603 31.98493760 31.98225129
v 6.43775600 31.94617360 32.94440266
v 6.35641933 31.87259593 33.86255619
v 6.20498033 31.75355803 34.71078817
v 5.96936602 31.59447964 35.47441458
v 5.97376230 33.66290585 26.52509513
v 6.20915058 33.38432230 27.28901037
v 6.36038381 33.19197953 28.13737603
v 6.44146360 33.08146648 29.05557794
v 6.47686253 33.02766807 30.01775494
v 6.48626132 33.00189067 30.99966511
v 6.47685260 32.97992495 31.98158674
v 6.44145160 32.94126671 32.94379151
v 6.36036660 32.86783994 33.86203589
v 6.20908450 32.74882058 34.71050445
v 5.97351535 32.58944015 35.47474661
v 5.97054031 34.65749172 26.52546092
v 6.20533276 34.37943459 27.28773343
v 6.35649505 34.18720935 28.13560597
v 6.43775317 34.07658680 29.05370238
v 6.47345218 34.02268107 30.01590214
v 6.48327584 33.99696652 30.99790318
v 6.47448329 33.97533400 31.97996520
v 6.43990472 33.93729907 32.94233755
v 6.35972221 33.86470141 33.86077069
v 6.20921349 33.74651697 34.70948846
v 5.97415435 33.58772494 35.47410688
v 5.96058460 35.63905540 26.52732231
v 6.19289192 35.36363177 27.28352896
v 6.34311283 35.17276764 28.12943143
v 6.42417296 35.06261628 29.04704707
v 6.46002655 35.00894181 30.00923635
v 6.47039483 34.98365149 30.99144976
v 6.46281996 34.96293443 31.97392211
v 6.43034961 34.92651417 32.93684213
v 6.35294209 34.85628836 33.85586774
v 6.20518215 34.74097545 34.70526396
v 5.97218548 34.58488160 35.47080270
v 5.93579658 36.58509437 26.53330553
v 6.16067844 36.31891111 27.27143780
v 6.30772601 36.13337758 28.11095699
v 6.38782164 36.02528227 29.02679446
v 6.42365705 35.97238690 29.98873264
v 6.43476564 35.94791476 30.97134434
v 6.42929245 35.92884753 31.95481308
v 6.40116773 35.89545768 32.91925639
v 6.33050473 35.83009947 33.83993350
v 6.19047112 35.72176172 34.69094069
v 5.96398807 35.57386323 35.45866620
v 5.88544034 37.44834258 26.54582960
v 6.09153882 37.21076391 27.24128012
v 6.23010319 37.04221938 28.06481859
v 6.30729489 36.94110820 28.97575058
v 6.34256189 36.89059424 29.93666073
v 6.35440437 36.86753362 30.91977063
v 6.35170759 36.85087428 31.90510847
v 6.33037272 36.82198152 32.87302922
v 6.27233169 36.76383705 33.79788441
v 6.14952327 36.66702915 34.65212680
v 5.93963459 36.53693871 35.42312092
v 5.80243519 38.14181014 26.55470612
v 5.96786357 37.98583737 27.17353395
v 6.08792901 37.86255353 27.96733853
v 6.15834476 37.78102483 28.86862664
v 6.19179608 37.73730264 29.82714328
v 6.20396996 37.71691473 30.81058017
v 6.20400193 37.70333683 31.79855742
v 6.19054104 37.68016264 32.77264093
v 6.14993616 37.63059368 33.70701007
v 6.05694194 37.54484190 34.56869042
v 5.88208265 37.43750004 35.34093042
v 5.68443443 38.57496825 26.52598222
v 5.78100338 38.58500880 27.03189236
v 5.86944003 38.55924203 27.78913746
v 5.92766230 38.52278252 28.67962847
v 5.95738673 38.49574690 29.63551606
v 5.96913214 38.48097329 30.61917267
v 5.97110446 38.47117481 31.60998582
v 5.96438754 38.45453575 32.59213081
v 5.94101431 38.41514559 33.54302043
v 5.88377521 38.33762986 34.42614361
v 5.76963308 38.22903865 35.19874411
f 3 2 1
f 5 4 1
f 5 1 2
f 7 6 4
f 7 4 5
f 8 6 7
f 3 1 9
f 3 9 10
f 11 1 4
f 9 1 11
f 12 4 6
f 11 4 12
f 6 8 13
f 6 13 12
f 14 10 9
f 14 9 11
f 14 11 15
f 15 11 12
f 15 12 16
f 16 12 13
f 19 18 17
f 21 20 17
f 21 17 18
f 22 20 21
f 25 24 23
f 23 24 19
f 23 19 17
f 3 23 17
f 2 3 17
f 2 17 5
f 5 17 20
f 22 26 20
f 26 5 20
f 26 7 5
f 28 27 8
f 7 28 8
f 26 28 7
f 30 29 27
f 30 27 28
f 32 31 29
f 32 29 30
f 34 33 31
f 34 31 32
f 36 35 33
f 36 33 34
f 38 37 35
f 38 35 36
f 40 39 37
f 40 37 38
f 42 41 39
f 42 39 40
f 44 43 41
f 44 41 42
f 46 45 43
f 46 43 44
f 48 47 45
f 48 45 46
f 50 49 47
f 50 47 48
f 52 51 49
f 52 49 50
f 54 53 51
f 54 51 52
f 56 55 53
f 56 53 54
f 58 57 55
f 58 55 56
f 59 57 58
f 25 23 60
f 25 60 61
f 10 60 3
f 3 60 23
f 62 13 27
f 27 13 8
f 63 27 29
f 62 27 63
f 64 29 31
f 63 29 64
f 65 31 33
f 64 31 65
f 66 33 35
f 65 33 66
f 67 35 37
f 66 35 67
f 68 37 39
f 67 37 68
f 69 39 41
f 68 39 69
f 70 41 43
f 69 41 70
f 71 43 45
f 70 43 71
f 72 45 47
f 71 45 72
f 73 47 49
f 72 47 73
f 74 49 51
f 73 49 74
f 75 51 53
f 74 51 75
f 76 53 55
f 75 53 76
f 77 55 57
f 76 55 77
f 57 59 78
f 57 78 77
f 79 61 60
f 79 60 10
f 14 79 10
f 80 79 14
f 82 80 81
f 80 15 81
f 80 14 15
f 16 83 15
f 15 83 81
f 13 62 16
f 62 83 16
f 62 84 83
f 85 62 63
f 84 62 85
f 86 63 64
f 85 63 86
f 87 64 65
f 86 64 87
f 66 89 88
f 87 66 88
f 65 66 87
f 89 66 67
f 89 67 90
f 90 67 68
f 90 68 91
f 91 68 69
f 91 69 92
f 92 69 70
f 92 70 93
f 93 70 71
f 93 71 94
f 94 71 72
f 94 72 95
f 95 72 73
f 95 73 96
f 96 73 74
f 96 74 97
f 97 74 75
f 97 75 98
f 98 75 76
f 98 76 99
f 99 76 77
f 99 77 100
f 100 77 78
f 101 82 81
f 101 81 83
f 101 83 102
f 104 103 102
f 83 104 102
f 84 104 83
f 105 84 85
f 104 84 105
f 106 85 86
f 105 85 106
f 107 86 87
f 106 86 107
f 87 88 108
f 109 87 108
f 107 87 109
f 110 109 108
f 111 103 104
f 111 104 105
f 111 105 112
f 114 113 112
f 105 114 112
f 106 114 105
f 115 106 107
f 114 106 115
f 116 107 109
f 115 107 116
f 109 110 117
f 118 109 117
f 116 109 118
f 120 119 118
f 120 118 117
f 121 119 120
f 122 113 114
f 122 114 115
f 122 115 123
f 125 124 123
f 115 125 123
f 116 125 115
f 126 116 118
f 125 116 126
f 127 118 119
f 126 118 127
f 119 121 128
f 129 119 128
f 127 119 129
f 131 130 129
f 131 129 128
f 132 130 131
f 133 124 125
f 135 134 133
f 125 135 133
f 126 135 125
f 136 126 127
f 135 126 136
f 137 127 129
f 136 127 137
f 138 129 130
f 137 129 138
f 130 132 139
f 140 130 139
f 138 130 140
f 141 140 139
f 142 134 135
f 142 135 136
f 142 136 143
f 145 144 143
f 136 145 143
f 137 145 136
f 146 137 138
f 145 137 146
f 147 138 140
f 146 138 147
f 140 141 148
f 149 140 148
f 147 140 149
f 150 149 148
f 151 144 145
f 151 145 146
f 151 146 152
f 154 153 152
f 146 154 152
f 147 154 146
f 155 147 149
f 154 147 155
f 149 150 156
f 149 156 155
f 157 153 154
f 157 154 155
f 157 155 158
f 158 155 156
f 19 159 18
f 160 21 18
f 160 18 159
f 160 22 21
f 25 161 24
f 159 19 24
f 161 159 24
f 162 159 161
f 159 163 160
f 159 162 163
f 164 26 22
f 160 164 22
f 163 164 160
f 165 28 26
f 165 26 164
f 166 30 28
f 166 28 165
f 167 32 30
f 167 30 166
f 168 34 32
f 168 32 167
f 169 36 34
f 169 34 168
f 170 38 36
f 170 36 169
f 171 40 38
f 171 38 170
f 172 42 40
f 172 40 171
f 173 44 42
f 173 42 172
f 174 46 44
f 174 44 173
f 175 48 46
f 175 46 174
f 176 50 48
f 176 48 175
f 177 52 50
f 177 50 176
f 178 54 52
f 178 52 177
f 179 56 54
f 179 54 178
f 180 58 56
f 180 56 179
f 180 59 58
f 61 181 161
f 61 161 25
f 161 182 162
f 161 181 182
f 162 183 163
f 162 182 183
f 163 184 164
f 163 183 184
f 164 185 165
f 164 184 185
f 165 186 166
f 165 185 186
f 166 187 167
f 166 186 187
f 167 188 168
f 167 187 188
f 168 189 169
f 168 188 189
f 169 190 170
f 169 189 190
f 170 191 171
f 170 190 191
f 171 192 172
f 171 191 192
f 172 193 173
f 172 192 193
f 173 194 174
f 173 193 194
f 174 195 175
f 174 194 195
f 175 196 176
f 175 195 196
f 176 197 177
f 176 196 197
f 177 198 178
f 177 197 198
f 178 199 179
f 178 198 199
f 179 200 180
f 179 199 200
f 200 78 59
f 200 59 180
f 79 181 61
f 181 79 80
f 181 80 182
f 182 80 82
f 201 182 82
f 183 182 201
f 183 202 184
f 183 201 202
f 184 203 185
f 184 202 203
f 185 204 186
f 185 203 204
f 186 205 187
f 186 204 205
f 187 206 188
f 187 205 206
f 206 88 89
f 189 206 89
f 188 206 189
f 189 89 90
f 189 90 190
f 190 90 91
f 190 91 191
f 191 91 92
f 191 92 192
f 192 92 93
f 192 93 193
f 193 93 94
f 193 94 194
f 194 94 95
f 194 95 195
f 195 95 96
f 195 96 196
f 196 96 97
f 196 97 197
f 197 97 98
f 197 98 198
f 198 98 99
f 198 99 199
f 199 99 100
f 199 100 200
f 200 100 78
f 101 201 82
f 201 101 102
f 201 102 202
f 202 102 103
f 207 202 103
f 203 202 207
f 203 208 204
f 203 207 208
f 204 209 205
f 204 208 209
f 205 210 206
f 205 209 210
f 211 108 88
f 206 211 88
f 210 211 206
f 211 110 108
f 111 207 103
f 207 111 112
f 207 112 208
f 208 112 113
f 212 208 113
f 209 208 212
f 209 213 210
f 209 212 213
f 210 214 211
f 210 213 214
f 215 117 110
f 211 215 110
f 214 215 211
f 216 120 117
f 216 117 215
f 216 121 120
f 122 212 113
f 212 122 123
f 212 123 213
f 213 123 124
f 217 213 124
f 214 213 217
f 214 218 215
f 214 217 218
f 215 219 216
f 215 218 219
f 220 128 121
f 216 220 121
f 219 220 216
f 221 131 128
f 221 128 220
f 221 132 131
f 133 217 124
f 217 133 134
f 222 217 134
f 218 217 222
f 218 223 219
f 218 222 223
f 219 224 220
f 219 223 224
f 220 225 221
f 220 224 225
f 226 139 132
f 221 226 132
f 225 226 221
f 226 141 139
f 142 222 134
f 222 142 143
f 222 143 223
f 223 143 144
f 227 223 144
f 224 223 227
f 224 228 225
f 224 227 228
f 225 229 226
f 225 228 229
f 230 148 141
f 226 230 141
f 229 230 226
f 230 150 148
f 151 227 144
f 227 151 152
f 227 152 228
f 228 152 153
f 231 228 153
f 229 228 231
f 229 232 230
f 229 231 232
f 232 156 150
f 232 150 230
f 157 231 153
f 231 157 158
f 231 158 232
f 232 158 156
f 235 234 233
f 237 236 233
f 237 233 234
f 239 238 236
f 239 236 237
f 241 240 238
f 241 238 239
f 243 242 240
f 243 240 241
f 245 244 242
f 245 242 243
f 247 246 244
f 247 244 245
f 249 248 246
f 249 246 247
f 251 250 248
f 251 248 249
f 253 252 250
f 253 250 251
f 255 254 252
f 255 252 253
f 257 256 254
f 257 254 255
f 259 258 256
f 259 256 257
f 261 260 258
f 261 258 259
f 263 262 260
f 263 260 261
f 264 262 263
f 267 266 265
f 269 268 265
f 269 265 266
f 271 270 268
f 271 268 269
f 270 271 235
f 233 270 235
f 272 270 233
f 273 233 236
f 272 233 273
f 274 236 238
f 273 236 274
f 275 238 240
f 274 238 275
f 276 240 242
f 275 240 276
f 277 242 244
f 276 242 277
f 278 244 246
f 277 244 278
f 279 246 248
f 278 246 279
f 280 248 250
f 279 248 280
f 281 250 252
f 280 250 281
f 282 252 254
f 281 252 282
f 283 254 256
f 282 254 283
f 284 256 258
f 283 256 284
f 285 258 260
f 284 258 285
f 286 260 262
f 285 260 286
f 262 264 287
f 288 262 287
f 286 262 288
f 290 289 288
f 290 288 287
f 292 291 289
f 292 289 290
f 293 291 292
f 296 295 294
f 298 297 294
f 298 294 295
f 300 299 297
f 300 297 298
f 299 300 267
f 265 299 267
f 301 299 265
f 302 265 268
f 301 265 302
f 303 268 270
f 302 268 303
f 304 270 272
f 303 270 304
f 305 272 273
f 304 272 305
f 306 273 274
f 305 273 306
f 307 274 275
f 306 274 307
f 308 275 276
f 307 275 308
f 309 276 277
f 308 276 309
f 310 277 278
f 309 277 310
f 311 278 279
f 310 278 311
f 312 279 280
f 311 279 312
f 313 280 281
f 312 280 313
f 314 281 282
f 313 281 314
f 315 282 283
f 314 282 315
f 316 283 284
f 315 283 316
f 317 284 285
f 316 284 317
f 318 285 286
f 317 285 318
f 319 286 288
f 318 286 319
f 320 288 289
f 319 288 320
f 321 289 291
f 320 289 321
f 291 293 322
f 323 291 322
f 321 291 323
f 325 324 323
f 325 323 322
f 327 326 324
f 327 324 325
f 328 326 327
f 331 330 329
f 333 332 329
f 333 329 330
f 332 333 296
f 294 332 296
f 334 332 294
f 335 294 297
f 334 294 335
f 336 297 299
f 335 297 336
f 337 299 301
f 336 299 337
f 338 301 302
f 337 301 338
f 339 302 303
f 338 302 339
f 340 303 304
f 339 303 340
f 341 304 305
f 340 304 341
f 342 305 306
f 341 305 342
f 343 306 307
f 342 306 343
f 344 307 308
f 343 307 344
f 345 308 309
f 344 308 345
f 346 309 310
f 345 309 346
f 347 310 311
f 346 310 347
f 348 311 312
f 347 311 348
f 349 312 313
f 348 312 349
f 350 313 314
f 349 313 350
f 351 314 315
f 350 314 351
f 352 315 316
f 351 315 352
f 353 316 317
f 352 316 353
f 354 317 318
f 353 317 354
f 355 318 319
f 354 318 355
f 356 319 320
f 355 319 356
f 357 320 321
f 356 320 357
f 358 321 323
f 357 321 358
f 359 323 324
f 358 323 359
f 360 324 326
f 359 324 360
f 326 328 361
f 362 326 361
f 360 326 362
f 364 363 362
f 364 362 361
f 365 363 364
f 368 367 366
f 370 369 366
f 370 366 367
f 369 370 331
f 329 369 331
f 371 369 329
f 372 329 332
f 371 329 372
f 373 332 334
f 372 332 373
f 374 334 335
f 373 334 374
f 375 335 336
f 374 335 375
f 376 336 337
f 375 336 376
f 377 337 338
f 376 337 377
f 378 338 339
f 377 338 378
f 379 339 340
f 378 339 379
f 380 340 341
f 379 340 380
f 381 341 342
f 380 341 381
f 382 342 343
f 381 342 382
f 383 343 344
f 382 343 383
f 384 344 345
f 383 344 384
f 385 345 346
f 384 345 385
f 386 346 347
f 385 346 386
f 387 347 348
f 386 347 387
f 388 348 349
f 387 348 388
f 389 349 350
f 388 349 389
f 390 350 351
f 389 350 390
f 391 351 352
f 390 351 391
f 392 352 353
f 391 352 392
f 393 353 354
f 392 353 393
f 394 354 355
f 393 354 394
f 395 355 356
f 394 355 395
f 396 356 357
f 395 356 396
f 397 357 358
f 396 357 397
f 398 358 359
f 397 358 398
f 399 359 360
f 398 359 399
f 400 360 362
f 399 360 400
f 401 362 363
f 400 362 401
f 363 365 402
f 403 363 402
f 401 363 403
f 405 404 403
f 405 403 402
f 406 404 405
f 409 408 407
f 407 408 368
f 366 407 368
f 410 407 366
f 411 366 369
f 410 366 411
f 412 369 371
f 411 369 412
f 413 371 372
f 412 371 413
f 414 372 373
f 413 372 414
f 415 373 374
f 414 373 415
f 416 374 375
f 415 374 416
f 417 375 376
f 416 375 417
f 418 376 377
f 417 376 418
f 419 377 378
f 418 377 419
f 420 378 379
f 419 378 420
f 421 379 380
f 420 379 421
f 422 380 381
f 421 380 422
f 423 381 382
f 422 381 423
f 424 382 383
f 423 382 424
f 425 383 384
f 424 383 425
f 426 384 385
f 425 384 426
f 427 385 386
f 426 385 427
f 428 386 387
f 427 386 428
f 429 387 388
f 428 387 429
f 430 388 389
f 429 388 430
f 431 389 390
f 430 389 431
f 432 390 391
f 431 390 432
f 433 391 392
f 432 391 433
f 434 392 393
f 433 392 434
f 435 393 394
f 434 393 435
f 436 394 395
f 435 394 436
f 437 395 396
f 436 395 437
f 438 396 397
f 437 396 438
f 439 397 398
f 438 397 439
f 440 398 399
f 439 398 440
f 441 399 400
f 440 399 441
f 442 400 401
f 441 400 442
f 443 401 403
f 442 401 443
f 444 403 404
f 443 403 444
f 404 406 445
f 446 404 445
f 444 404 446
f 447 446 445
f 450 449 448
f 452 451 448
f 452 448 449
f 451 452 409
f 407 451 409
f 453 451 407
f 454 407 410
f 453 407 454
f 455 410 411
f 454 410 455
f 456 411 412
f 455 411 456
f 457 412 413
f 456 412 457
f 458 413 414
f 457 413 458
f 459 414 415
f 458 414 459
f 460 415 416
f 459 415 460
f 461 416 417
f 460 416 461
f 462 417 418
f 461 417 462
f 463 418 419
f 462 418 463
f 464 419 420
f 463 419 464
f 465 420 421
f 464 420 465
f 466 421 422
f 465 421 466
f 467 422 423
f 466 422 467
f 468 423 424
f 467 423 468
f 469 424 425
f 468 424 469
f 470 425 426
f 469 425 470
f 427 472 471
f 470 427 471
f 426 427 470
f 474 473 472
f 427 474 472
f 428 474 427
f 475 428 429
f 474 428 475
f 476 429 430
f 475 429 476
f 477 430 431
f 476 430 477
f 478 431 432
f 477 431 478
f 479 432 433
f 478 432 479
f 480 433 434
f 479 433 480
f 481 434 435
f 480 434 481
f 482 435 436
f 481 435 482
f 483 436 437
f 482 436 483
f 484 437 438
f 483 437 484
f 485 438 439
f 484 438 485
f 486 439 440
f 485 439 486
f 487 440 441
f 486 440 487
f 488 441 442
f 487 441 488
f 489 442 443
f 488 442 489
f 490 443 444
f 489 443 490
f 491 444 446
f 490 444 491
f 446 447 492
f 493 446 492
f 491 446 493
f 495 494 493
f 495 493 492
f 496 494 495
f 499 498 497
f 497 498 450
f 448 497 450
f 500 497 448
f 501 448 451
f 500 448 501
f 502 451 453
f 501 451 502
f 503 453 454
f 502 453 503
f 504 454 455
f 503 454 504
f 505 455 456
f 504 455 505
f 506 456 457
f 505 456 506
f 507 457 458
f 506 457 507
f 508 458 459
f 507 458 508
f 509 459 460
f 508 459 509
f 510 460 461
f 509 460 510
f 511 461 462
f 510 461 511
f 512 462 463
f 511 462 512
f 513 463 464
f 512 463 513
f 514 464 465
f 513 464 514
f 515 465 466
f 514 465 515
f 516 466 467
f 515 466 516
f 517 467 468
f 516 467 517
f 518 468 469
f 517 468 518
f 519 469 470
f 518 469 519
f 470 471 520
f 470 520 519
f 473 474 521
f 473 521 522
f 523 474 475
f 521 474 523
f 524 475 476
f 523 475 524
f 525 476 477
f 524 476 525
f 526 477 478
f 525 477 526
f 527 478 479
f 526 478 527
f 528 479 480
f 527 479 528
f 529 480 481
f 528 480 529
f 530 481 482
f 529 481 530
f 531 482 483
f 530 482 531
f 532 483 484
f 531 483 532
f 533 484 485
f 532 484 533
f 534 485 486
f 533 485 534
f 535 486 487
f 534 486 535
f 536 487 488
f 535 487 536
f 537 488 489
f 536 488 537
f 538 489 490
f 537 489 538
f 539 490 491
f 538 490 539
f 540 491 493
f 539 491 540
f 541 493 494
f 540 493 541
f 494 496 542
f 543 494 542
f 541 494 543
f 544 543 542
f 547 546 545
f 545 546 499
f 497 545 499
f 548 545 497
f 549 497 500
f 548 497 549
f 550 500 501
f 549 500 550
f 551 501 502
f 550 501 551
f 552 502 503
f 551 502 552
f 553 503 504
f 552 503 553
f 554 504 505
f 553 504 554
f 555 505 506
f 554 505 555
f 556 506 507
f 555 506 556
f 557 507 508
f 556 507 557
f 558 508 509
f 557 508 558
f 559 509 510
f 558 509 559
f 560 510 511
f 559 510 560
f 561 511 512
f 560 511 561
f 562 512 513
f 561 512 562
f 563 513 514
f 562 513 563
f 564 514 515
f 563 514 564
f 565 515 516
f 564 515 565
f 566 516 517
f 565 516 566
f 567 517 518
f 566 517 567
f 568 518 519
f 567 518 568
f 519 520 569
f 570 519 569
f 568 519 570
f 570 569 522
f 521 570 522
f 571 570 521
f 572 521 523
f 571 521 572
f 573 523 524
f 572 523 573
f 574 524 525
f 573 524 574
f 575 525 526
f 574 525 575
f 576 526 527
f 575 526 576
f 577 527 528
f 576 527 577
f 578 528 529
f 577 528 578
f 579 529 530
f 578 529 579
f 580 530 531
f 579 530 580
f 581 531 532
f 580 531 581
f 582 532 533
f 581 532 582
f 583 533 534
f 582 533 583
f 584 534 535
f 583 534 584
f 585 535 536
f 584 535 585
f 586 536 537
f 585 536 586
f 587 537 538
f 586 537 587
f 588 538 539
f 587 538 588
f 589 539 540
f 588 539 589
f 590 540 541
f 589 540 590
f 591 541 543
f 590 541 591
f 543 544 592
f 593 543 592
f 591 543 593
f 594 593 592
f 597 596 595
f 595 596 547
f 545 595 547
f 598 595 545
f 599 545 548
f 598 545 599
f 600 548 549
f 599 548 600
f 601 549 550
f 600 549 601
f 602 550 551
f 601 550 602
f 603 551 552
f 602 551 603
f 604 552 553
f 603 552 604
f 605 553 554
f 604 553 605
f 606 554 555
f 605 554 606
f 556 608 607
f 606 556 607
f 555 556 606
f 608 556 557
f 608 557 609
f 611 610 609
f 557 611 609
f 558 611 557
f 612 558 559
f 611 558 612
f 613 559 560
f 612 559 613
f 614 560 561
f 613 560 614
f 615 561 562
f 614 561 615
f 616 562 563
f 615 562 616
f 617 563 564
f 616 563 617
f 618 564 565
f 617 564 618
f 619 565 566
f 618 565 619
f 620 566 567
f 619 566 620
f 621 567 568
f 620 567 621
f 622 568 570
f 621 568 622
f 623 570 571
f 622 570 623
f 624 571 572
f 623 571 624
f 625 572 573
f 624 572 625
f 626 573 574
f 625 573 626
f 627 574 575
f 626 574 627
f 628 575 576
f 627 575 628
f 629 576 577
f 628 576 629
f 630 577 578
f 629 577 630
f 631 578 579
f 630 578 631
f 632 579 580
f 631 579 632
f 633 580 581
f 632 580 633
f 634 581 582
f 633 581 634
f 635 582 583
f 634 582 635
f 636 583 584
f 635 583 636
f 637 584 585
f 636 584 637
f 638 585 586
f 637 585 638
f 639 586 587
f 638 586 639
f 640 587 588
f 639 587 640
f 641 588 589
f 640 588 641
f 642 589 590
f 641 589 642
f 643 590 591
f 642 590 643
f 644 591 593
f 643 591 644
f 593 594 645
f 646 593 645
f 644 593 646
f 647 646 645
f 650 649 648
f 648 649 597
f 595 648 597
f 651 648 595
f 652 595 598
f 651 595 652
f 653 598 599
f 652 598 653
f 654 599 600
f 653 599 654
f 655 600 601
f 654 600 655
f 656 601 602
f 655 601 656
f 657 602 603
f 656 602 657
f 658 603 604
f 657 603 658
f 659 604 605
f 658 604 659
f 660 605 606
f 659 605 660
f 606 607 661
f 606 661 660
f 610 611 662
f 610 662 663
f 664 611 612
f 662 611 664
f 665 612 613
f 664 612 665
f 666 613 614
f 665 613 666
f 667 614 615
f 666 614 667
f 668 615 616
f 667 615 668
f 669 616 617
f 668 616 669
f 670 617 618
f 669 617 670
f 671 618 619
f 670 618 671
f 672 619 620
f 671 619 672
f 673 620 621
f 672 620 673
f 674 621 622
f 673 621 674
f 675 622 623
f 674 622 675
f 676 623 624
f 675 623 676
f 677 624 625
f 676 624 677
f 678 625 626
f 677 625 678
f 679 626 627
f 678 626 679
f 680 627 628
f 679 627 680
f 681 628 629
f 680 628 681
f 682 629 630
f 681 629 682
f 683 630 631
f 682 630 683
f 684 631 632
f 683 631 684
f 685 632 633
f 684 632 685
f 686 633 634
f 685 633 686
f 635 688 687
f 686 635 687
f 634 635 686
f 690 689 688
f 635 690 688
f 636 690 635
f 691 636 637
f 690 636 691
f 692 637 638
f 691 637 692
f 693 638 639
f 692 638 693
f 694 639 640
f 693 639 694
f 695 640 641
f 694 640 695
f 696 641 642
f 695 641 696
f 697 642 643
f 696 642 697
f 698 643 644
f 697 643 698
f 699 644 646
f 698 644 699
f 646 647 700
f 701 646 700
f 699 646 701
f 702 701 700
f 705 704 703
f 703 704 650
f 648 703 650
f 706 703 648
f 707 648 651
f 706 648 707
f 708 651 652
f 707 651 708
f 709 652 653
f 708 652 709
f 710 653 654
f 709 653 710
f 711 654 655
f 710 654 711
f 712 655 656
f 711 655 712
f 713 656 657
f 712 656 713
f 714 657 658
f 713 657 714
f 715 658 659
f 714 658 715
f 716 659 660
f 715 659 716
f 660 661 717
f 718 660 717
f 716 660 718
f 720 719 718
f 720 718 717
f 719 720 663
f 662 719 663
f 721 719 662
f 722 662 664
f 721 662 722
f 723 664 665
f 722 664 723
f 724 665 666
f 723 665 724
f 725 666 667
f 724 666 725
f 726 667 668
f 725 667 726
f 727 668 669
f 726 668 727
f 728 669 670
f 727 669 728
f 729 670 671
f 728 670 729
f 730 671 672
f 729 671 730
f 731 672 673
f 730 672 731
f 732 673 674
f 731 673 732
f 733 674 675
f 732 674 733
f 734 675 676
f 733 675 734
f 735 676 677
f 734 676 735
f 736 677 678
f 735 677 736
f 737 678 679
f 736 678 737
f 738 679 680
f 737 679 738
f 739 680 681
f 738 680 739
f 740 681 682
f 739 681 740
f 741 682 683
f 740 682 741
f 742 683 684
f 741 683 742
f 743 684 685
f 742 684 743
f 744 685 686
f 743 685 744
f 686 687 745
f 746 686 745
f 744 686 746
f 746 745 689
f 690 746 689
f 747 746 690
f 748 690 691
f 747 690 748
f 749 691 692
f 748 691 749
f 750 692 693
f 749 692 750
f 751 693 694
f 750 693 751
f 752 694 695
f 751 694 752
f 753 695 696
f 752 695 753
f 754 696 697
f 753 696 754
f 755 697 698
f 754 697 755
f 756 698 699
f 755 698 756
f 757 699 701
f 756 699 757
f 701 702 758
f 759 701 758
f 757 701 759
f 760 759 758
f 763 762 761
f 761 762 705
f 703 761 705
f 764 761 703
f 765 703 706
f 764 703 765
f 766 706 707
f 765 706 766
f 767 707 708
f 766 707 767
f 768 708 709
f 767 708 768
f 769 709 710
f 768 709 769
f 770 710 711
f 769 710 770
f 771 711 712
f 770 711 771
f 772 712 713
f 771 712 772
f 773 713 714
f 772 713 773
f 774 714 715
f 773 714 774
f 775 715 716
f 774 715 775
f 776 716 718
f 775 716 776
f 777 718 719
f 776 718 777
f 778 719 721
f 777 719 778
f 779 721 722
f 778 721 779
f 780 722 723
f 779 722 780
f 781 723 724
f 780 723 781
f 782 724 725
f 781 724 782
f 783 725 726
f 782 725 783
f 784 726 727
f 783 726 784
f 785 727 728
f 784 727 785
f 786 728 729
f 785 728 786
f 787 729 730
f 786 729 787
f 788 730 731
f 787 730 788
f 789 731 732
f 788 731 789
f 790 732 733
f 789 732 790
f 791 733 734
f 790 733 791
f 792 734 735
f 791 734 792
f 793 735 736
f 792 735 793
f 794 736 737
f 793 736 794
f 795 737 738
f 794 737 795
f 796 738 739
f 795 738 796
f 797 739 740
f 796 739 797
f 798 740 741
f 797 740 798
f 799 741 742
f 798 741 799
f 800 742 743
f 799 742 800
f 801 743 744
f 800 743 801
f 802 744 746
f 801 744 802
f 803 746 747
f 802 746 803
f 804 747 748
f 803 747 804
f 805 748 749
f 804 748 805
f 806 749 750
f 805 749 806
f 807 750 751
f 806 750 807
f 808 751 752
f 807 751 808
f 809 752 753
f 808 752 809
f 810 753 754
f 809 753 810
f 811 754 755
f 810 754 811
f 812 755 756
f 811 755 812
f 813 756 757
f 812 756 813
f 814 757 759
f 813 757 814
f 759 760 815
f 816 759 815
f 814 759 816
f 817 816 815
f 763 761 818
f 763 818 819
f 820 761 764
f 818 761 820
f 821 764 765
f 820 764 821
f 822 765 766
f 821 765 822
f 823 766 767
f 822 766 823
f 824 767 768
f 823 767 824
f 825 768 769
f 824 768 825
f 826 769 770
f 825 769 826
f 827 770 771
f 826 770 827
f 828 771 772
f 827 771 828
f 829 772 773
f 828 772 829
f 830 773 774
f 829 773 830
f 831 774 775
f 830 774 831
f 832 775 776
f 831 775 832
f 833 776 777
f 832 776 833
f 834 777 778
f 833 777 834
f 835 778 779
f 834 778 835
f 836 779 780
f 835 779 836
f 837 780 781
f 836 780 837
f 838 781 782
f 837 781 838
f 839 782 783
f 838 782 839
f 840 783 784
f 839 783 840
f 841 784 785
f 840 784 841
f 842 785 786
f 841 785 842
f 843 786 787
f 842 786 843
f 844 787 788
f 843 787 844
f 845 788 789
f 844 788 845
f 846 789 790
f 845 789 846
f 847 790 791
f 846 790 847
f 848 791 792
f 847 791 848
f 849 792 793
f 848 792 849
f 850 793 794
f 849 793 850
f 851 794 795
f 850 794 851
f 852 795 796
f 851 795 852
f 853 796 797
f 852 796 853
f 854 797 798
f 853 797 854
f 855 798 799
f 854 798 855
f 856 799 800
f 855 799 856
f 857 800 801
f 856 800 857
f 858 801 802
f 857 801 858
f 859 802 803
f 858 802 859
f 860 803 804
f 859 803 860
f 861 804 805
f 860 804 861
f 862 805 806
f 861 805 862
f 863 806 807
f 862 806 863
f 864 807 808
f 863 807 864
f 865 808 809
f 864 808 865
f 866 809 810
f 865 809 866
f 867 810 811
f 866 810 867
f 868 811 812
f 867 811 868
f 869 812 813
f 868 812 869
f 870 813 814
f 869 813 870
f 871 814 816
f 870 814 871
f 816 817 872
f 816 872 871
f 875 874 873
f 873 874 819
f 818 873 819
f 876 873 818
f 877 818 820
f 876 818 877
f 878 820 821
f 877 820 878
f 879 821 822
f 878 821 879
f 880 822 823
f 879 822 880
f 881 823 824
f 880 823 881
f 882 824 825
f 881 824 882
f 883 825 826
f 882 825 883
f 884 826 827
f 883 826 884
f 885 827 828
f 884 827 885
f 886 828 829
f 885 828 886
f 887 829 830
f 886 829 887
f 888 830 831
f 887 830 888
f 889 831 832
f 888 831 889
f 890 832 833
f 889 832 890
f 891 833 834
f 890 833 891
f 892 834 835
f 891 834 892
f 893 835 836
f 892 835 893
f 894 836 837
f 893 836 894
f 895 837 838
f 894 837 895
f 896 838 839
f 895 838 896
f 897 839 840
f 896 839 897
f 898 840 841
f 897 840 898
f 899 841 842
f 898 841 899
f 900 842 843
f 899 842 900
f 901 843 844
f 900 843 901
f 902 844 845
f 901 844 902
f 903 845 846
f 902 845 903
f 904 846 847
f 903 846 904
f 905 847 848
f 904 847 905
f 906 848 849
f 905 848 906
f 907 849 850
f 906 849 907
f 908 850 851
f 907 850 908
f 909 851 852
f 908 851 909
f 910 852 853
f 909 852 910
f 911 853 854
f 910 853 911
f 912 854 855
f 911 854 912
f 913 855 856
f 912 855 913
f 914 856 857
f 913 856 914
f 915 857 858
f 914 857 915
f 916 858 859
f 915 858 916
f 917 859 860
f 916 859 917
f 918 860 861
f 917 860 918
f 919 861 862
f 918 861 919
f 920 862 863
f 919 862 920
f 921 863 864
f 920 863 921
f 922 864 865
f 921 864 922
f 923 865 866
f 922 865 923
f 924 866 867
f 923 866 924
f 925 867 868
f 924 867 925
f 926 868 869
f 925 868 926
f 927 869 870
f 926 869 927
f 928 870 871
f 927 870 928
f 871 872 929
f 930 871 929
f 928 871 930
f 931 930 929
f 934 933 932
f 932 933 875
f 873 932 875
f 935 932 873
f 936 873 876
f 935 873 936
f 937 876 877
f 936 876 937
f 938 877 878
f 937 877 938
f 939 878 879
f 938 878 939
f 940 879 880
f 939 879 940
f 941 880 881
f 940 880 941
f 942 881 882
f 941 881 942
f 943 882 883
f 942 882 943
f 944 883 884
f 943 883 944
f 945 884 885
f 944 884 945
f 946 885 886
f 945 885 946
f 947 886 887
f 946 886 947
f 948 887 888
f 947 887 948
f 949 888 889
f 948 888 949
f 950 889 890
f 949 889 950
f 951 890 891
f 950 890 951
f 952 891 892
f 951 891 952
f 953 892 893
f 952 892 953
f 954 893 894
f 953 893 954
f 955 894 895
f 954 894 955
f 956 895 896
f 955 895 956
f 957 896 897
f 956 896 957
f 958 897 898
f 957 897 958
f 959 898 899
f 958 898 959
f 960 899 900
f 959 899 960
f 961 900 901
f 960 900 961
f 962 901 902
f 961 901 962
f 963 902 903
f 962 902 963
f 964 903 904
f 963 903 964
f 965 904 905
f 964 904 965
f 966 905 906
f 965 905 966
f 967 906 907
f 966 906 967
f 968 907 908
f 967 907 968
f 969 908 909
f 968 908 969
f 970 909 910
f 969 909 970
f 971 910 911
f 970 910 971
f 972 911 912
f 971 911 972
f 973 912 913
f 972 912 973
f 974 913 914
f 973 913 974
f 975 914 915
f 974 914 975
f 976 915 916
f 975 915 976
f 977 916 917
f 976 916 977
f 978 917 918
f 977 917 978
f 979 918 919
f 978 918 979
f 980 919 920
f 979 919 980
f 981 920 921
f 980 920 981
f 982 921 922
f 981 921 982
f 983 922 923
f 982 922 983
f 984 923 924
f 983 923 984
f 985 924 925
f 984 924 985
f 986 925 926
f 985 925 986
f 987 926 927
f 986 926 987
f 988 927 928
f 987 927 988
f 989 928 930
f 988 928 989
f 930 931 990
f 991 930 990
f 989 930 991
f 992 991 990
f 934 932 993
f 934 993 994
f 995 932 935
f 993 932 995
f 996 935 936
f 995 935 996
f 997 936 937
f 996 936 997
f 998 937 938
f 997 937 998
f 999 938 939
f 998 938 999
f 1000 939 940
f 999 939 1000
f 1001 940 941
f 1000 940 1001
f 1002 941 942
f 1001 941 1002
f 1003 942 943
f 1002 942 1003
f 1004 943 944
f 1003 943 1004
f 1005 944 945
f 1004 944 1005
f 1006 945 946
f 1005 945 1006
f 1007 946 947
f 1006 946 1007
f 1008 947 948
f 1007 947 1008
f 1009 948 949
f 1008 948 1009
f 1010 949 950
f 1009 949 1010
f 1011 950 951
f 1010 950 1011
f 1012 951 952
f 1011 951 1012
f 1013 952 953
f 1012 952 1013
f 1014 953 954
f 1013 953 1014
f 1015 954 955
f 1014 954 1015
f 1016 955 956
f 1015 955 1016
f 1017 956 957
f 1016 956 1017
f 1018 957 958
f 1017 957 1018
f 1019 958 959
f 1018 958 1019
f 1020 959 960
f 1019 959 1020
f 1021 960 961
f 1020 960 1021
f 1022 961 962
f 1021 961 1022
f 1023 962 963
f 1022 962 1023
f 1024 963 964
f 1023 963 1024
f 1025 964 965
f 1024 964 1025
f 1026 965 966
f 1025 965 1026
f 1027 966 967
f 1026 966 1027
f 1028 967 968
f 1027 967 1028
f 1029 968 969
f 1028 968 1029
f 1030 969 970
f 1029 969 1030
f 1031 970 971
f 1030 970 1031
f 1032 971 972
f 1031 971 1032
f 1033 972 973
f 1032 972 1033
f 1034 973 974
f 1033 973 1034
f 1035 974 975
f 1034 974 1035
f 1036 975 976
f 1035 975 1036
f 1037 976 977
f 1036 976 1037
f 1038 977 978
f 1037 977 1038
f 1039 978 979
f 1038 978 1039
f 1040 979 980
f 1039 979 1040
f 1041 980 981
f 1040 980 1041
f 1042 981 982
f 1041 981 1042
f 1043 982 983
f 1042 982 1043
f 1044 983 984
f 1043 983 1044
f 1045 984 985
f 1044 984 1045
f 1046 985 986
f 1045 985 1046
f 1047 986 987
f 1046 986 1047
f 1048 987 988
f 1047 987 1048
f 1049 988 989
f 1048 988 1049
f 1050 989 991
f 1049 989 1050
f 991 992 1051
f 991 1051 1050
f 1054 1053 1052
f 1052 1053 994
f 993 1052 994
f 1055 1052 993
f 1056 993 995
f 1055 993 1056
f 1057 995 996
f 1056 995 1057
f 1058 996 997
f 1057 996 1058
f 1059 997 998
f 1058 997 1059
f 1060 998 999
f 1059 998 1060
f 1061 999 1000
f 1060 999 1061
f 1062 1000 1001
f 1061 1000 1062
f 1063 1001 1002
f 1062 1001 1063
f 1064 1002 1003
f 1063 1002 1064
f 1065 1003 1004
f 1064 1003 1065
f 1066 1004 1005
f 1065 1004 1066
f 1067 1005 1006
f 1066 1005 1067
f 1068 1006 1007
f 1067 1006 1068
f 1069 1007 1008
f 1068 1007 1069
f 1070 1008 1009
f 1069 1008 1070
f 1071 1009 1010
f 1070 1009 1071
f 1072 1010 1011
f 1071 1010 1072
f 1073 1011 1012
f 1072 1011 1073
f 1074 1012 1013
f 1073 1012 1074
f 1075 1013 1014
f 1074 1013 1075
f 1076 1014 1015
f 1075 1014 1076
f 1077 1015 1016
f 1076 1015 1077
f 1078 1016 1017
f 1077 1016 1078
f 1079 1017 1018
f 1078 1017 1079
f 1080 1018 1019
f 1079 1018 1080
f 1081 1019 1020
f 1080 1019 1081
f 1082 1020 1021
f 1081 1020 1082
f 1083 1021 1022
f 1082 1021 1083
f 1084 1022 1023
f 1083 1022 1084
f 1085 1023 1024
f 1084 1023 1085
f 1086 1024 1025
f 1085 1024 1086
f 1087 1025 1026
f 1086 1025 1087
f 1088 1026 1027
f 1087 1026 1088
f 1089 1027 1028
f 1088 1027 1089
f 1090 1028 1029
f 1089 1028 1090
f 1091 1029 1030
f 1090 1029 1091
f 1092 1030 1031
f 1091 1030 1092
f 1093 1031 1032
f 1092 1031 1093
f 1094 1032 1033
f 1093 1032 1094
f 1095 1033 1034
f 1094 1033 1095
f 1096 1034 1035
f 1095 1034 1096
f 1097 1035 1036
f 1096 1035 1097
f 1098 1036 1037
f 1097 1036 1098
f 1099 1037 1038
f 1098 1037 1099
f 1100 1038 1039
f 1099 1038 1100
f 1101 1039 1040
f 1100 1039 1101
f 1102 1040 1041
f 1101 1040 1102
f 1103 1041 1042
f 1102 1041 1103
f 1104 1042 1043
f 1103 1042 1104
f 1105 1043 1044
f 1104 1043 1105
f 1106 1044 1045
f 1105 1044 1106
f 1107 1045 1046
f 1106 1045 1107
f 1108 1046 1047
f 1107 1046 1108
f 1109 1047 1048
f 1108 1047 1109
f 1110 1048 1049
f 1109 1048 1110
f 1111 1049 1050
f 1110 1049 1111
f 1050 1051 1112
f 1113 1050 1112
f 1111 1050 1113
f 1114 1113 1112
f 1054 1052 1115
f 1054 1115 1116
f 1117 1052 1055
f 1115 1052 1117
f 1118 1055 1056
f 1117 1055 1118
f 1119 1056 1057
f 1118 1056 1119
f 1120 1057 1058
f 1119 1057 1120
f 1121 1058 1059
f 1120 1058 1121
f 1122 1059 1060
f 1121 1059 1122
f 1061 1124 1123
f 1122 1061 1123
f 1060 1061 1122
f 1126 1125 1124
f 1061 1126 1124
f 1062 1126 1061
f 1127 1062 1063
f 1126 1062 1127
f 1128 1063 1064
f 1127 1063 1128
f 1129 1064 1065
f 1128 1064 1129
f 1130 1065 1066
f 1129 1065 1130
f 1131 1066 1067
f 1130 1066 1131
f 1132 1067 1068
f 1131 1067 1132
f 1133 1068 1069
f 1132 1068 1133
f 1134 1069 1070
f 1133 1069 1134
f 1135 1070 1071
f 1134 1070 1135
f 1136 1071 1072
f 1135 1071 1136
f 1137 1072 1073
f 1136 1072 1137
f 1138 1073 1074
f 1137 1073 1138
f 1139 1074 1075
f 1138 1074 1139
f 1140 1075 1076
f 1139 1075 1140
f 1141 1076 1077
f 1140 1076 1141
f 1142 1077 1078
f 1141 1077 1142
f 1143 1078 1079
f 1142 1078 1143
f 1144 1079 1080
f 1143 1079 1144
f 1145 1080 1081
f 1144 1080 1145
f 1146 1081 1082
f 1145 1081 1146
f 1147 1082 1083
f 1146 1082 1147
f 1148 1083 1084
f 1147 1083 1148
f 1149 1084 1085
f 1148 1084 1149
f 1150 1085 1086
f 1149 1085 1150
f 1151 1086 1087
f 1150 1086 1151
f 1152 1087 1088
f 1151 1087 1152
f 1153 1088 1089
f 1152 1088 1153
f 1154 1089 1090
f 1153 1089 1154
f 1155 1090 1091
f 1154 1090 1155
f 1156 1091 1092
f 1155 1091 1156
f 1157 1092 1093
f 1156 1092 1157
f 1158 1093 1094
f 1157 1093 1158
f 1159 1094 1095
f 1158 1094 1159
f 1160 1095 1096
f 1159 1095 1160
f 1161 1096 1097
f 1160 1096 1161
f 1162 1097 1098
f 1161 1097 1162
f 1163 1098 1099
f 1162 1098 1163
f 1164 1099 1100
f 1163 1099 1164
f 1165 1100 1101
f 1164 1100 1165
f 1166 1101 1102
f 1165 1101 1166
f 1167 1102 1103
f 1166 1102 1167
f 1168 1103 1104
f 1167 1103 1168
f 1169 1104 1105
f 1168 1104 1169
f 1170 1105 1106
f 1169 1105 1170
f 1171 1106 1107
f 1170 1106 1171
f 1172 1107 1108
f 1171 1107 1172
f 1173 1108 1109
f 1172 1108 1173
f 1174 1109 1110
f 1173 1109 1174
f 1175 1110 1111
f 1174 1110 1175
f 1176 1111 1113
f 1175 1111 1176
f 1113 1114 1177
f 1113 1177 1176
f 1180 1179 1178
f 1178 1179 1116
f 1115 1178 1116
f 1181 1178 1115
f 1182 1115 1117
f 1181 1115 1182
f 1183 1117 1118
f 1182 1117 1183
f 1184 1118 1119
f 1183 1118 1184
f 1185 1119 1120
f 1184 1119 1185
f 1186 1120 1121
f 1185 1120 1186
f 1122 1188 1187
f 1186 1122 1187
f 1121 1122 1186
f 1188 1122 1123
f 1189 1125 1126
f 1191 1190 1189
f 1126 1191 1189
f 1127 1191 1126
f 1192 1127 1128
f 1191 1127 1192
f 1193 1128 1129
f 1192 1128 1193
f 1194 1129 1130
f 1193 1129 1194
f 1195 1130 1131
f 1194 1130 1195
f 1196 1131 1132
f 1195 1131 1196
f 1197 1132 1133
f 1196 1132 1197
f 1198 1133 1134
f 1197 1133 1198
f 1199 1134 1135
f 1198 1134 1199
f 1200 1135 1136
f 1199 1135 1200
f 1201 1136 1137
f 1200 1136 1201
f 1202 1137 1138
f 1201 1137 1202
f 1203 1138 1139
f 1202 1138 1203
f 1204 1139 1140
f 1203 1139 1204
f 1205 1140 1141
f 1204 1140 1205
f 1206 1141 1142
f 1205 1141 1206
f 1207 1142 1143
f 1206 1142 1207
f 1208 1143 1144
f 1207 1143 1208
f 1209 1144 1145
f 1208 1144 1209
f 1210 1145 1146
f 1209 1145 1210
f 1211 1146 1147
f 1210 1146 1211
f 1212 1147 1148
f 1211 1147 1212
f 1213 1148 1149
f 1212 1148 1213
f 1214 1149 1150
f 1213 1149 1214
f 1215 1150 1151
f 1214 1150 1215
f 1216 1151 1152
f 1215 1151 1216
f 1217 1152 1153
f 1216 1152 1217
f 1218 1153 1154
f 1217 1153 1218
f 1219 1154 1155
f 1218 1154 1219
f 1220 1155 1156
f 1219 1155 1220
f 1221 1156 1157
f 1220 1156 1221
f 1222 1157 1158
f 1221 1157 1222
f 1223 1158 1159
f 1222 1158 1223
f 1224 1159 1160
f 1223 1159 1224
f 1225 1160 1161
f 1224 1160 1225
f 1226 1161 1162
f 1225 1161 1226
f 1227 1162 1163
f 1226 1162 1227
f 1228 1163 1164
f 1227 1163 1228
f 1229 1164 1165
f 1228 1164 1229
f 1230 1165 1166
f 1229 1165 1230
f 1231 1166 1167
f 1230 1166 1231
f 1232 1167 1168
f 1231 1167 1232
f 1169 1234 1233
f 1232 1169 1233
f 1168 1169 1232
f 1236 1235 1234
f 1169 1236 1234
f 1170 1236 1169
f 1237 1170 1171
f 1236 1170 1237
f 1238 1171 1172
f 1237 1171 1238
f 1239 1172 1173
f 1238 1172 1239
f 1240 1173 1174
f 1239 1173 1240
f 1241 1174 1175
f 1240 1174 1241
f 1242 1175 1176
f 1241 1175 1242
f 1176 1177 1243
f 1244 1176 1243
f 1242 1176 1244
f 1245 1244 1243
f 1180 1178 1246
f 1180 1246 1247
f 1248 1178 1181
f 1246 1178 1248
f 1249 1181 1182
f 1248 1181 1249
f 1250 1182 1183
f 1249 1182 1250
f 1251 1183 1184
f 1250 1183 1251
f 1252 1184 1185
f 1251 1184 1252
f 1253 1185 1186
f 1252 1185 1253
f 1186 1187 1254
f 1255 1186 1254
f 1253 1186 1255
f 1256 1255 1254
f 1190 1191 1257
f 1190 1257 1258
f 1259 1191 1192
f 1257 1191 1259
f 1260 1192 1193
f 1259 1192 1260
f 1261 1193 1194
f 1260 1193 1261
f 1262 1194 1195
f 1261 1194 1262
f 1263 1195 1196
f 1262 1195 1263
f 1264 1196 1197
f 1263 1196 1264
f 1265 1197 1198
f 1264 1197 1265
f 1266 1198 1199
f 1265 1198 1266
f 1267 1199 1200
f 1266 1199 1267
f 1268 1200 1201
f 1267 1200 1268
f 1269 1201 1202
f 1268 1201 1269
f 1270 1202 1203
f 1269 1202 1270
f 1271 1203 1204
f 1270 1203 1271
f 1272 1204 1205
f 1271 1204 1272
f 1273 1205 1206
f 1272 1205 1273
f 1274 1206 1207
f 1273 1206 1274
f 1275 1207 1208
f 1274 1207 1275
f 1276 1208 1209
f 1275 1208 1276
f 1277 1209 1210
f 1276 1209 1277
f 1278 1210 1211
f 1277 1210 1278
f 1279 1211 1212
f 1278 1211 1279
f 1280 1212 1213
f 1279 1212 1280
f 1281 1213 1214
f 1280 1213 1281
f 1282 1214 1215
f 1281 1214 1282
f 1283 1215 1216
f 1282 1215 1283
f 1284 1216 1217
f 1283 1216 1284
f 1285 1217 1218
f 1284 1217 1285
f 1286 1218 1219
f 1285 1218 1286
f 1287 1219 1220
f 1286 1219 1287
f 1288 1220 1221
f 1287 1220 1288
f 1289 1221 1222
f 1288 1221 1289
f 1290 1222 1223
f 1289 1222 1290
f 1291 1223 1224
f 1290 1223 1291
f 1292 1224 1225
f 1291 1224 1292
f 1293 1225 1226
f 1292 1225 1293
f 1294 1226 1227
f 1293 1226 1294
f 1295 1227 1228
f 1294 1227 1295
f 1296 1228 1229
f 1295 1228 1296
f 1297 1229 1230
f 1296 1229 1297
f 1298 1230 1231
f 1297 1230 1298
f 1299 1231 1232
f 1298 1231 1299
f 1232 1233 1300
f 1301 1232 1300
f 1299 1232 1301
f 1301 1300 1235
f 1236 1301 1235
f 1302 1301 1236
f 1303 1236 1237
f 1302 1236 1303
f 1304 1237 1238
f 1303 1237 1304
f 1305 1238 1239
f 1304 1238 1305
f 1306 1239 1240
f 1305 1239 1306
f 1307 1240 1241
f 1306 1240 1307
f 1308 1241 1242
f 1307 1241 1308
f 1309 1242 1244
f 1308 1242 1309
f 1244 1245 1310
f 1244 1310 1309
f 1247 1246 1311
f 1247 1311 1312
f 1313 1246 1248
f 1311 1246 1313
f 1314 1248 1249
f 1313 1248 1314
f 1315 1249 1250
f 1314 1249 1315
f 1316 1250 1251
f 1315 1250 1316
f 1317 1251 1252
f 1316 1251 1317
f 1318 1252 1253
f 1317 1252 1318
f 1319 1253 1255
f 1318 1253 1319
f 1255 1256 1320
f 1321 1255 1320
f 1319 1255 1321
f 1323 1322 1321
f 1323 1321 1320
f 1322 1323 1258
f 1257 1322 1258
f 1324 1322 1257
f 1325 1257 1259
f 1324 1257 1325
f 1326 1259 1260
f 1325 1259 1326
f 1327 1260 1261
f 1326 1260 1327
f 1328 1261 1262
f 1327 1261 1328
f 1329 1262 1263
f 1328 1262 1329
f 1330 1263 1264
f 1329 1263 1330
f 1331 1264 1265
f 1330 1264 1331
f 1332 1265 1266
f 1331 1265 1332
f 1333 1266 1267
f 1332 1266 1333
f 1334 1267 1268
f 1333 1267 1334
f 1335 1268 1269
f 1334 1268 1335
f 1336 1269 1270
f 1335 1269 1336
f 1337 1270 1271
f 1336 1270 1337
f 1338 1271 1272
f 1337 1271 1338
f 1339 1272 1273
f 1338 1272 1339
f 1340 1273 1274
f 1339 1273 1340
f 1341 1274 1275
f 1340 1274 1341
f 1342 1275 1276
f 1341 1275 1342
f 1343 1276 1277
f 1342 1276 1343
f 1344 1277 1278
f 1343 1277 1344
f 1345 1278 1279
f 1344 1278 1345
f 1346 1279 1280
f 1345 1279 1346
f 1347 1280 1281
f 1346 1280 1347
f 1348 1281 1282
f 1347 1281 1348
f 1349 1282 1283
f 1348 1282 1349
f 1350 1283 1284
f 1349 1283 1350
f 1351 1284 1285
f 1350 1284 1351
f 1352 1285 1286
f 1351 1285 1352
f 1353 1286 1287
f 1352 1286 1353
f 1354 1287 1288
f 1353 1287 1354
f 1355 1288 1289
f 1354 1288 1355
f 1356 1289 1290
f 1355 1289 1356
f 1357 1290 1291
f 1356 1290 1357
f 1358 1291 1292
f 1357 1291 1358
f 1359 1292 1293
f 1358 1292 1359
f 1360 1293 1294
f 1359 1293 1360
f 1361 1294 1295
f 1360 1294 1361
f 1362 1295 1296
f 1361 1295 1362
f 1363 1296 1297
f 1362 1296 1363
f 1364 1297 1298
f 1363 1297 1364
f 1365 1298 1299
f 1364 1298 1365
f 1366 1299 1301
f 1365 1299 1366
f 1367 1301 1302
f 1366 1301 1367
f 1368 1302 1303
f 1367 1302 1368
f 1369 1303 1304
f 1368 1303 1369
f 1370 1304 1305
f 1369 1304 1370
f 1371 1305 1306
f 1370 1305 1371
f 1372 1306 1307
f 1371 1306 1372
f 1373 1307 1308
f 1372 1307 1373
f 1374 1308 1309
f 1373 1308 1374
f 1309 1310 1375
f 1309 1375 1374
f 1378 1377 1376
f 1376 1377 1312
f 1311 1376 1312
f 1379 1376 1311
f 1380 1311 1313
f 1379 1311 1380
f 1381 1313 1314
f 1380 1313 1381
f 1382 1314 1315
f 1381 1314 1382
f 1383 1315 1316
f 1382 1315 1383
f 1384 1316 1317
f 1383 1316 1384
f 1385 1317 1318
f 1384 1317 1385
f 1386 1318 1319
f 1385 1318 1386
f 1387 1319 1321
f 1386 1319 1387
f 1388 1321 1322
f 1387 1321 1388
f 1389 1322 1324
f 1388 1322 1389
f 1390 1324 1325
f 1389 1324 1390
f 1391 1325 1326
f 1390 1325 1391
f 1392 1326 1327
f 1391 1326 1392
f 1393 1327 1328
f 1392 1327 1393
f 1394 1328 1329
f 1393 1328 1394
f 1395 1329 1330
f 1394 1329 1395
f 1396 1330 1331
f 1395 1330 1396
f 1397 1331 1332
f 1396 1331 1397
f 1398 1332 1333
f 1397 1332 1398
f 1399 1333 1334
f 1398 1333 1399
f 1400 1334 1335
f 1399 1334 1400
f 1401 1335 1336
f 1400 1335 1401
f 1402 1336 1337
f 1401 1336 1402
f 1403 1337 1338
f 1402 1337 1403
f 1404 1338 1339
f 1403 1338 1404
f 1405 1339 1340
f 1404 1339 1405
f 1406 1340 1341
f 1405 1340 1406
f 1407 1341 1342
f 1406 1341 1407
f 1408 1342 1343
f 1407 1342 1408
f 1409 1343 1344
f 1408 1343 1409
f 1410 1344 1345
f 1409 1344 1410
f 1411 1345 1346
f 1410 1345 1411
f 1412 1346 1347
f 1411 1346 1412
f 1413 1347 1348
f 1412 1347 1413
f 1414 1348 1349
f 1413 1348 1414
f 1415 1349 1350
f 1414 1349 1415
f 1416 1350 1351
f 1415 1350 1416
f 1417 1351 1352
f 1416 1351 1417
f 1418 1352 1353
f 1417 1352 1418
f 1419 1353 1354
f 1418 1353 1419
f 1420 1354 1355
f 1419 1354 1420
f 1421 1355 1356
f 1420 1355 1421
f 1422 1356 1357
f 1421 1356 1422
f 1423 1357 1358
f 1422 1357 1423
f 1424 1358 1359
f 1423 1358 1424
f 1425 1359 1360
f 1424 1359 1425
f 1426 1360 1361
f 1425 1360 1426
f 1427 1361 1362
f 1426 1361 1427
f 1428 1362 1363
f 1427 1362 1428
f 1429 1363 1364
f 1428 1363 1429
f 1430 1364 1365
f 1429 1364 1430
f 1431 1365 1366
f 1430 1365 1431
f 1432 1366 1367
f 1431 1366 1432
f 1433 1367 1368
f 1432 1367 1433
f 1434 1368 1369
f 1433 1368 1434
f 1435 1369 1370
f 1434 1369 1435
f 1436 1370 1371
f 1435 1370 1436
f 1437 1371 1372
f 1436 1371 1437
f 1438 1372 1373
f 1437 1372 1438
f 1439 1373 1374
f 1438 1373 1439
f 1374 1375 1440
f 1441 1374 1440
f 1439 1374 1441
f 1442 1441 1440
f 1378 1376 1443
f 1378 1443 1444
f 1445 1376 1379
f 1443 1376 1445
f 1446 1379 1380
f 1445 1379 1446
f 1447 1380 1381
f 1446 1380 1447
f 1448 1381 1382
f 1447 1381 1448
f 1449 1382 1383
f 1448 1382 1449
f 1450 1383 1384
f 1449 1383 1450
f 1451 1384 1385
f 1450 1384 1451
f 1452 1385 1386
f 1451 1385 1452
f 1453 1386 1387
f 1452 1386 1453
f 1454 1387 1388
f 1453 1387 1454
f 1455 1388 1389
f 1454 1388 1455
f 1456 1389 1390
f 1455 1389 1456
f 1457 1390 1391
f 1456 1390 1457
f 1458 1391 1392
f 1457 1391 1458
f 1459 1392 1393
f 1458 1392 1459
f 1460 1393 1394
f 1459 1393 1460
f 1461 1394 1395
f 1460 1394 1461
f 1462 1395 1396
f 1461 1395 1462
f 1463 1396 1397
f 1462 1396 1463
f 1464 1397 1398
f 1463 1397 1464
f 1465 1398 1399
f 1464 1398 1465
f 1466 1399 1400
f 1465 1399 1466
f 1467 1400 1401
f 1466 1400 1467
f 1468 1401 1402
f 1467 1401 1468
f 1469 1402 1403
f 1468 1402 1469
f 1470 1403 1404
f 1469 1403 1470
f 1471 1404 1405
f 1470 1404 1471
f 1472 1405 1406
f 1471 1405 1472
f 1473 1406 1407
f 1472 1406 1473
f 1474 1407 1408
f 1473 1407 1474
f 1475 1408 1409
f 1474 1408 1475
f 1476 1409 1410
f 1475 1409 1476
f 1477 1410 1411
f 1476 1410 1477
f 1478 1411 1412
f 1477 1411 1478
f 1479 1412 1413
f 1478 1412 1479
f 1480 1413 1414
f 1479 1413 1480
f 1481 1414 1415
f 1480 1414 1481
f 1482 1415 1416
f 1481 1415 1482
f 1483 1416 1417
f 1482 1416 1483
f 1484 1417 1418
f 1483 1417 1484
f 1485 1418 1419
f 1484 1418 1485
f 1486 1419 1420
f 1485 1419 1486
f 1487 1420 1421
f 1486 1420 1487
f 1488 1421 1422
f 1487 1421 1488
f 1489 1422 1423
f 1488 1422 1489
f 1490 1423 1424
f 1489 1423 1490
f 1491 1424 1425
f 1490 1424 1491
f 1492 1425 1426
f 1491 1425 1492
f 1493 1426 1427
f 1492 1426 1493
f 1494 1427 1428
f 1493 1427 1494
f 1495 1428 1429
f 1494 1428 1495
f 1496 1429 1430
f 1495 1429 1496
f 1497 1430 1431
f 1496 1430 1497
f 1498 1431 1432
f 1497 1431 1498
f 1499 1432 1433
f 1498 1432 1499
f 1500 1433 1434
f 1499 1433 1500
f 1501 1434 1435
f 1500 1434 1501
f 1502 1435 1436
f 1501 1435 1502
f 1503 1436 1437
f 1502 1436 1503
f 1504 1437 1438
f 1503 1437 1504
f 1505 1438 1439
f 1504 1438 1505
f 1506 1439 1441
f 1505 1439 1506
f 1441 1442 1507
f 1441 1507 1506
f 1444 1443 1508
f 1444 1508 1509
f 1510 1443 1445
f 1508 1443 1510
f 1511 1445 1446
f 1510 1445 1511
f 1512 1446 1447
f 1511 1446 1512
f 1513 1447 1448
f 1512 1447 1513
f 1514 1448 1449
f 1513 1448 1514
f 1515 1449 1450
f 1514 1449 1515
f 1516 1450 1451
f 1515 1450 1516
f 1517 1451 1452
f 1516 1451 1517
f 1518 1452 1453
f 1517 1452 1518
f 1519 1453 1454
f 1518 1453 1519
f 1520 1454 1455
f 1519 1454 1520
f 1521 1455 1456
f 1520 1455 1521
f 1522 1456 1457
f 1521 1456 1522
f 1523 1457 1458
f 1522 1457 1523
f 1524 1458 1459
f 1523 1458 1524
f 1525 1459 1460
f 1524 1459 1525
f 1526 1460 1461
f 1525 1460 1526
f 1527 1461 1462
f 1526 1461 1527
f 1528 1462 1463
f 1527 1462 1528
f 1529 1463 1464
f 1528 1463 1529
f 1530 1464 1465
f 1529 1464 1530
f 1531 1465 1466
f 1530 1465 1531
f 1532 1466 1467
f 1531 1466 1532
f 1533 1467 1468
f 1532 1467 1533
f 1534 1468 1469
f 1533 1468 1534
f 1535 1469 1470
f 1534 1469 1535
f 1536 1470 1471
f 1535 1470 1536
f 1537 1471 1472
f 1536 1471 1537
f 1538 1472 1473
f 1537 1472 1538
f 1539 1473 1474
f 1538 1473 1539
f 1540 1474 1475
f 1539 1474 1540
f 1541 1475 1476
f 1540 1475 1541
f 1542 1476 1477
f 1541 1476 1542
f 1543 1477 1478
f 1542 1477 1543
f 1544 1478 1479
f 1543 1478 1544
f 1545 1479 1480
f 1544 1479 1545
f 1546 1480 1481
f 1545 1480 1546
f 1547 1481 1482
f 1546 1481 1547
f 1548 1482 1483
f 1547 1482 1548
f 1549 1483 1484
f 1548 1483 1549
f 1550 1484 1485
f 1549 1484 1550
f 1551 1485 1486
f 1550 1485 1551
f 1552 1486 1487
f 1551 1486 1552
f 1553 1487 1488
f 1552 1487 1553
f 1554 1488 1489
f 1553 1488 1554
f 1555 1489 1490
f 1554 1489 1555
f 1556 1490 1491
f 1555 1490 1556
f 1557 1491 1492
f 1556 1491 1557
f 1558 1492 1493
f 1557 1492 1558
f 1559 1493 1494
f 1558 1493 1559
f 1560 1494 1495
f 1559 1494 1560
f 1561 1495 1496
f 1560 1495 1561
f 1562 1496 1497
f 1561 1496 1562
f 1563 1497 1498
f 1562 1497 1563
f 1564 1498 1499
f 1563 1498 1564
f 1565 1499 1500
f 1564 1499 1565
f 1566 1500 1501
f 1565 1500 1566
f 1567 1501 1502
f 1566 1501 1567
f 1568 1502 1503
f 1567 1502 1568
f 1569 1503 1504
f 1568 1503 1569
f 1570 1504 1505
f 1569 1504 1570
f 1571 1505 1506
f 1570 1505 1571
f 1506 1507 1572
f 1506 1572 1571
f 1509 1508 1573
f 1509 1573 1574
f 1575 1508 1510
f 1573 1508 1575
f 1576 1510 1511
f 1575 1510 1576
f 1577 1511 1512
f 1576 1511 1577
f 1578 1512 1513
f 1577 1512 1578
f 1579 1513 1514
f 1578 1513 1579
f 1580 1514 1515
f 1579 1514 1580
f 1581 1515 1516
f 1580 1515 1581
f 1582 1516 1517
f 1581 1516 1582
f 1583 1517 1518
f 1582 1517 1583
f 1584 1518 1519
f 1583 1518 1584
f 1585 1519 1520
f 1584 1519 1585
f 1586 1520 1521
f 1585 1520 1586
f 1587 1521 1522
f 1586 1521 1587
f 1588 1522 1523
f 1587 1522 1588
f 1589 1523 1524
f 1588 1523 1589
f 1590 1524 1525
f 1589 1524 1590
f 1591 1525 1526
f 1590 1525 1591
f 1592 1526 1527
f 1591 1526 1592
f 1593 1527 1528
f 1592 1527 1593
f 1594 1528 1529
f 1593 1528 1594
f 1595 1529 1530
f 1594 1529 1595
f 1596 1530 1531
f 1595 1530 1596
f 1597 1531 1532
f 1596 1531 1597
f 1598 1532 1533
f 1597 1532 1598
f 1599 1533 1534
f 1598 1533 1599
f 1600 1534 1535
f 1599 1534 1600
f 1601 1535 1536
f 1600 1535 1601
f 1602 1536 1537
f 1601 1536 1602
f 1603 1537 1538
f 1602 1537 1603
f 1604 1538 1539
f 1603 1538 1604
f 1605 1539 1540
f 1604 1539 1605
f 1606 1540 1541
f 1605 1540 1606
f 1607 1541 1542
f 1606 1541 1607
f 1608 1542 1543
f 1607 1542 1608
f 1609 1543 1544
f 1608 1543 1609
f 1610 1544 1545
f 1609 1544 1610
f 1611 1545 1546
f 1610 1545 1611
f 1612 1546 1547
f 1611 1546 1612
f 1613 1547 1548
f 1612 1547 1613
f 1614 1548 1549
f 1613 1548 1614
f 1615 1549 1550
f 1614 1549 1615
f 1616 1550 1551
f 1615 1550 1616
f 1617 1551 1552
f 1616 1551 1617
f 1618 1552 1553
f 1617 1552 1618
f 1619 1553 1554
f 1618 1553 1619
f 1620 1554 1555
f 1619 1554 1620
f 1621 1555 1556
f 1620 1555 1621
f 1622 1556 1557
f 1621 1556 1622
f 1623 1557 1558
f 1622 1557 1623
f 1624 1558 1559
f 1623 1558 1624
f 1625 1559 1560
f 1624 1559 1625
f 1626 1560 1561
f 1625 1560 1626
f 1627 1561 1562
f 1626 1561 1627
f 1628 1562 1563
f 1627 1562 1628
f 1629 1563 1564
f 1628 1563 1629
f 1630 1564 1565
f 1629 1564 1630
f 1631 1565 1566
f 1630 1565 1631
f 1632 1566 1567
f 1631 1566 1632
f 1633 1567 1568
f 1632 1567 1633
f 1634 1568 1569
f 1633 1568 1634
f 1635 1569 1570
f 1634 1569 1635
f 1636 1570 1571
f 1635 1570 1636
f 1571 1572 1637
f 1571 1637 1636
f 1640 1639 1638
f 1638 1639 1574
f 1573 1638 1574
f 1641 1638 1573
f 1642 1573 1575
f 1641 1573 1642
f 1643 1575 1576
f 1642 1575 1643
f 1644 1576 1577
f 1643 1576 1644
f 1645 1577 1578
f 1644 1577 1645
f 1646 1578 1579
f 1645 1578 1646
f 1647 1579 1580
f 1646 1579 1647
f 1648 1580 1581
f 1647 1580 1648
f 1649 1581 1582
f 1648 1581 1649
f 1650 1582 1583
f 1649 1582 1650
f 1651 1583 1584
f 1650 1583 1651
f 1652 1584 1585
f 1651 1584 1652
f 1653 1585 1586
f 1652 1585 1653
f 1654 1586 1587
f 1653 1586 1654
f 1655 1587 1588
f 1654 1587 1655
f 1656 1588 1589
f 1655 1588 1656
f 1657 1589 1590
f 1656 1589 1657
f 1658 1590 1591
f 1657 1590 1658
f 1659 1591 1592
f 1658 1591 1659
f 1660 1592 1593
f 1659 1592 1660
f 1661 1593 1594
f 1660 1593 1661
f 1662 1594 1595
f 1661 1594 1662
f 1663 1595 1596
f 1662 1595 1663
f 1664 1596 1597
f 1663 1596 1664
f 1665 1597 1598
f 1664 1597 1665
f 1666 1598 1599
f 1665 1598 1666
f 1667 1599 1600
f 1666 1599 1667
f 1668 1600 1601
f 1667 1600 1668
f 1669 1601 1602
f 1668 1601 1669
f 1670 1602 1603
f 1669 1602 1670
f 1671 1603 1604
f 1670 1603 1671
f 1672 1604 1605
f 1671 1604 1672
f 1673 1605 1606
f 1672 1605 1673
f 1674 1606 1607
f 1673 1606 1674
f 1675 1607 1608
f 1674 1607 1675
f 1676 1608 1609
f 1675 1608 1676
f 1677 1609 1610
f 1676 1609 1677
f 1678 1610 1611
f 1677 1610 1678
f 1679 1611 1612
f 1678 1611 1679
f 1680 1612 1613
f 1679 1612 1680
f 1681 1613 1614
f 1680 1613 1681
f 1682 1614 1615
f 1681 1614 1682
f 1683 1615 1616
f 1682 1615 1683
f 1684 1616 1617
f 1683 1616 1684
f 1685 1617 1618
f 1684 1617 1685
f 1686 1618 1619
f 1685 1618 1686
f 1687 1619 1620
f 1686 1619 1687
f 1688 1620 1621
f 1687 1620 1688
f 1689 1621 1622
f 1688 1621 1689
f 1690 1622 1623
f 1689 1622 1690
f 1691 1623 1624
f 1690 1623 1691
f 1692 1624 1625
f 1691 1624 1692
f 1693 1625 1626
f 1692 1625 1693
f 1694 1626 1627
f 1693 1626 1694
f 1695 1627 1628
f 1694 1627 1695
f 1696 1628 1629
f 1695 1628 1696
f 1697 1629 1630
f 1696 1629 1697
f 1698 1630 1631
f 1697 1630 1698
f 1699 1631 1632
f 1698 1631 1699
f 1700 1632 1633
f 1699 1632 1700
f 1701 1633 1634
f 1700 1633 1701
f 1702 1634 1635
f 1701 1634 1702
f 1703 1635 1636
f 1702 1635 1703
f 1636 1637 1704
f 1705 1636 1704
f 1703 1636 1705
f 1706 1705 1704
f 1640 1638 1707
f 1640 1707 1708
f 1709 1638 1641
f 1707 1638 1709
f 1710 1641 1642
f 1709 1641 1710
f 1711 1642 1643
f 1710 1642 1711
f 1712 1643 1644
f 1711 1643 1712
f 1713 1644 1645
f 1712 1644 1713
f 1714 1645 1646
f 1713 1645 1714
f 1715 1646 1647
f 1714 1646 1715
f 1716 1647 1648
f 1715 1647 1716
f 1717 1648 1649
f 1716 1648 1717
f 1718 1649 1650
f 1717 1649 1718
f 1719 1650 1651
f 1718 1650 1719
f 1720 1651 1652
f 1719 1651 1720
f 1721 1652 1653
f 1720 1652 1721
f 1722 1653 1654
f 1721 1653 1722
f 1723 1654 1655
f 1722 1654 1723
f 1724 1655 1656
f 1723 1655 1724
f 1725 1656 1657
f 1724 1656 1725
f 1726 1657 1658
f 1725 1657 1726
f 1727 1658 1659
f 1726 1658 1727
f 1728 1659 1660
f 1727 1659 1728
f 1729 1660 1661
f 1728 1660 1729
f 1730 1661 1662
f 1729 1661 1730
f 1731 1662 1663
f 1730 1662 1731
f 1732 1663 1664
f 1731 1663 1732
f 1733 1664 1665
f 1732 1664 1733
f 1734 1665 1666
f 1733 1665 1734
f 1735 1666 1667
f 1734 1666 1735
f 1736 1667 1668
f 1735 1667 1736
f 1737 1668 1669
f 1736 1668 1737
f 1738 1669 1670
f 1737 1669 1738
f 1739 1670 1671
f 1738 1670 1739
f 1740 1671 1672
f 1739 1671 1740
f 1741 1672 1673
f 1740 1672 1741
f 1742 1673 1674
f 1741 1673 1742
f 1743 1674 1675
f 1742 1674 1743
f 1744 1675 1676
f 1743 1675 1744
f 1745 1676 1677
f 1744 1676 1745
f 1746 1677 1678
f 1745 1677 1746
f 1747 1678 1679
f 1746 1678 1747
f 1748 1679 1680
f 1747 1679 1748
f 1749 1680 1681
f 1748 1680 1749
f 1750 1681 1682
f 1749 1681 1750
f 1751 1682 1683
f 1750 1682 1751
f 1752 1683 1684
f 1751 1683 1752
f 1753 1684 1685
f 1752 1684 1753
f 1754 1685 1686
f 1753 1685 1754
f 1755 1686 1687
f 1754 1686 1755
f 1756 1687 1688
f 1755 1687 1756
f 1757 1688 1689
f 1756 1688 1757
f 1758 1689 1690
f 1757 1689 1758
f 1759 1690 1691
f 1758 1690 1759
f 1760 1691 1692
f 1759 1691 1760
f 1761 1692 1693
f 1760 1692 1761
f 1762 1693 1694
f 1761 1693 1762
f 1763 1694 1695
f 1762 1694 1763
f 1764 1695 1696
f 1763 1695 1764
f 1765 1696 1697
f 1764 1696 1765
f 1766 1697 1698
f 1765 1697 1766
f 1767 1698 1699
f 1766 1698 1767
f 1768 1699 1700
f 1767 1699 1768
f 1769 1700 1701
f 1768 1700 1769
f 1770 1701 1702
f 1769 1701 1770
f 1771 1702 1703
f 1770 1702 1771
f 1772 1703 1705
f 1771 1703 1772
f 1705 1706 1773
f 1705 1773 1772
f 1708 1707 1774
f 1708 1774 1775
f 1776 1707 1709
f 1774 1707 1776
f 1777 1709 1710
f 1776 1709 1777
f 1778 1710 1711
f 1777 1710 1778
f 1779 1711 1712
f 1778 1711 1779
f 1780 1712 1713
f 1779 1712 1780
f 1781 1713 1714
f 1780 1713 1781
f 1782 1714 1715
f 1781 1714 1782
f 1783 1715 1716
f 1782 1715 1783
f 1784 1716 1717
f 1783 1716 1784
f 1785 1717 1718
f 1784 1717 1785
f 1786 1718 1719
f 1785 1718 1786
f 1787 1719 1720
f 1786 1719 1787
f 1788 1720 1721
f 1787 1720 1788
f 1789 1721 1722
f 1788 1721 1789
f 1790 1722 1723
f 1789 1722 1790
f 1791 1723 1724
f 1790 1723 1791
f 1792 1724 1725
f 1791 1724 1792
f 1793 1725 1726
f 1792 1725 1793
f 1794 1726 1727
f 1793 1726 1794
f 1795 1727 1728
f 1794 1727 1795
f 1796 1728 1729
f 1795 1728 1796
f 1797 1729 1730
f 1796 1729 1797
f 1798 1730 1731
f 1797 1730 1798
f 1799 1731 1732
f 1798 1731 1799
f 1800 1732 1733
f 1799 1732 1800
f 1801 1733 1734
f 1800 1733 1801
f 1802 1734 1735
f 1801 1734 1802
f 1803 1735 1736
f 1802 1735 1803
f 1804 1736 1737
f 1803 1736 1804
f 1805 1737 1738
f 1804 1737 1805
f 1806 1738 1739
f 1805 1738 1806
f 1807 1739 1740
f 1806 1739 1807
f 1808 1740 1741
f 1807 1740 1808
f 1809 1741 1742
f 1808 1741 1809
f 1810 1742 1743
f 1809 1742 1810
f 1811 1743 1744
f 1810 1743 1811
f 1812 1744 1745
f 1811 1744 1812
f 1813 1745 1746
f 1812 1745 1813
f 1814 1746 1747
f 1813 1746 1814
f 1815 1747 1748
f 1814 1747 1815
f 1816 1748 1749
f 1815 1748 1816
f 1817 1749 1750
f 1816 1749 1817
f 1818 1750 1751
f 1817 1750 1818
f 1819 1751 1752
f 1818 1751 1819
f 1820 1752 1753
f 1819 1752 1820
f 1821 1753 1754
f 1820 1753 1821
f 1822 1754 1755
f 1821 1754 1822
f 1823 1755 1756
f 1822 1755 1823
f 1824 1756 1757
f 1823 1756 1824
f 1825 1757 1758
f 1824 1757 1825
f 1826 1758 1759
f 1825 1758 1826
f 1827 1759 1760
f 1826 1759 1827
f 1828 1760 1761
f 1827 1760 1828
f 1829 1761 1762
f 1828 1761 1829
f 1830 1762 1763
f 1829 1762 1830
f 1764 1832 1831
f 1830 1764 1831
f 1763 1764 1830
f 1832 1764 1765
f 1832 1765 1833
f 1833 1765 1766
f 1833 1766 1834
f 1834 1766 1767
f 1834 1767 1835
f 1837 1836 1835
f 1767 1837 1835
f 1768 1837 1767
f 1838 1768 1769
f 1837 1768 1838
f 1839 1769 1770
f 1838 1769 1839
f 1840 1770 1771
f 1839 1770 1840
f 1841 1771 1772
f 1840 1771 1841
f 1772 1773 1842
f 1772 1842 1841
f 1775 1774 1843
f 1775 1843 1844
f 1845 1774 1776
f 1843 1774 1845
f 1846 1776 1777
f 1845 1776 1846
f 1847 1777 1778
f 1846 1777 1847
f 1848 1778 1779
f 1847 1778 1848
f 1849 1779 1780
f 1848 1779 1849
f 1850 1780 1781
f 1849 1780 1850
f 1851 1781 1782
f 1850 1781 1851
f 1852 1782 1783
f 1851 1782 1852
f 1853 1783 1784
f 1852 1783 1853
f 1854 1784 1785
f 1853 1784 1854
f 1855 1785 1786
f 1854 1785 1855
f 1856 1786 1787
f 1855 1786 1856
f 1857 1787 1788
f 1856 1787 1857
f 1858 1788 1789
f 1857 1788 1858
f 1859 1789 1790
f 1858 1789 1859
f 1860 1790 1791
f 1859 1790 1860
f 1861 1791 1792
f 1860 1791 1861
f 1862 1792 1793
f 1861 1792 1862
f 1863 1793 1794
f 1862 1793 1863
f 1864 1794 1795
f 1863 1794 1864
f 1865 1795 1796
f 1864 1795 1865
f 1866 1796 1797
f 1865 1796 1866
f 1867 1797 1798
f 1866 1797 1867
f 1868 1798 1799
f 1867 1798 1868
f 1869 1799 1800
f 1868 1799 1869
f 1870 1800 1801
f 1869 1800 1870
f 1871 1801 1802
f 1870 1801 1871
f 1872 1802 1803
f 1871 1802 1872
f 1873 1803 1804
f 1872 1803 1873
f 1874 1804 1805
f 1873 1804 1874
f 1875 1805 1806
f 1874 1805 1875
f 1876 1806 1807
f 1875 1806 1876
f 1877 1807 1808
f 1876 1807 1877
f 1878 1808 1809
f 1877 1808 1878
f 1879 1809 1810
f 1878 1809 1879
f 1880 1810 1811
f 1879 1810 1880
f 1881 1811 1812
f 1880 1811 1881
f 1882 1812 1813
f 1881 1812 1882
f 1883 1813 1814
f 1882 1813 1883
f 1884 1814 1815
f 1883 1814 1884
f 1885 1815 1816
f 1884 1815 1885
f 1886 1816 1817
f 1885 1816 1886
f 1887 1817 1818
f 1886 1817 1887
f 1888 1818 1819
f 1887 1818 1888
f 1889 1819 1820
f 1888 1819 1889
f 1890 1820 1821
f 1889 1820 1890
f 1891 1821 1822
f 1890 1821 1891
f 1892 1822 1823
f 1891 1822 1892
f 1893 1823 1824
f 1892 1823 1893
f 1894 1824 1825
f 1893 1824 1894
f 1895 1825 1826
f 1894 1825 1895
f 1896 1826 1827
f 1895 1826 1896
f 1897 1827 1828
f 1896 1827 1897
f 1829 1899 1898
f 1897 1829 1898
f 1828 1829 1897
f 1899 1829 1830
f 1899 1830 1900
f 1900 1830 1831
f 1901 1836 1837
f 1903 1902 1901
f 1837 1903 1901
f 1838 1903 1837
f 1904 1838 1839
f 1903 1838 1904
f 1905 1839 1840
f 1904 1839 1905
f 1906 1840 1841
f 1905 1840 1906
f 1841 1842 1907
f 1841 1907 1906
f 1844 1843 1908
f 1844 1908 1909
f 1910 1843 1845
f 1908 1843 1910
f 1911 1845 1846
f 1910 1845 1911
f 1912 1846 1847
f 1911 1846 1912
f 1913 1847 1848
f 1912 1847 1913
f 1914 1848 1849
f 1913 1848 1914
f 1915 1849 1850
f 1914 1849 1915
f 1851 1917 1916
f 1915 1851 1916
f 1850 1851 1915
f 1919 1918 1917
f 1851 1919 1917
f 1852 1919 1851
f 1920 1852 1853
f 1919 1852 1920
f 1921 1853 1854
f 1920 1853 1921
f 1922 1854 1855
f 1921 1854 1922
f 1923 1855 1856
f 1922 1855 1923
f 1924 1856 1857
f 1923 1856 1924
f 1925 1857 1858
f 1924 1857 1925
f 1926 1858 1859
f 1925 1858 1926
f 1927 1859 1860
f 1926 1859 1927
f 1928 1860 1861
f 1927 1860 1928
f 1929 1861 1862
f 1928 1861 1929
f 1930 1862 1863
f 1929 1862 1930
f 1931 1863 1864
f 1930 1863 1931
f 1932 1864 1865
f 1931 1864 1932
f 1933 1865 1866
f 1932 1865 1933
f 1934 1866 1867
f 1933 1866 1934
f 1935 1867 1868
f 1934 1867 1935
f 1936 1868 1869
f 1935 1868 1936
f 1937 1869 1870
f 1936 1869 1937
f 1938 1870 1871
f 1937 1870 1938
f 1939 1871 1872
f 1938 1871 1939
f 1940 1872 1873
f 1939 1872 1940
f 1941 1873 1874
f 1940 1873 1941
f 1942 1874 1875
f 1941 1874 1942
f 1943 1875 1876
f 1942 1875 1943
f 1944 1876 1877
f 1943 1876 1944
f 1945 1877 1878
f 1944 1877 1945
f 1946 1878 1879
f 1945 1878 1946
f 1947 1879 1880
f 1946 1879 1947
f 1948 1880 1881
f 1947 1880 1948
f 1949 1881 1882
f 1948 1881 1949
f 1950 1882 1883
f 1949 1882 1950
f 1951 1883 1884
f 1950 1883 1951
f 1952 1884 1885
f 1951 1884 1952
f 1953 1885 1886
f 1952 1885 1953
f 1954 1886 1887
f 1953 1886 1954
f 1955 1887 1888
f 1954 1887 1955
f 1956 1888 1889
f 1955 1888 1956
f 1957 1889 1890
f 1956 1889 1957
f 1958 1890 1891
f 1957 1890 1958
f 1959 1891 1892
f 1958 1891 1959
f 1960 1892 1893
f 1959 1892 1960
f 1961 1893 1894
f 1960 1893 1961
f 1962 1894 1895
f 1961 1894 1962
f 1963 1895 1896
f 1962 1895 1963
f 1964 1896 1897
f 1963 1896 1964
f 1897 1898 1965
f 1897 1965 1964
f 1966 1902 1903
f 1968 1967 1966
f 1903 1968 1966
f 1904 1968 1903
f 1969 1904 1905
f 1968 1904 1969
f 1970 1905 1906
f 1969 1905 1970
f 1906 1907 1971
f 1906 1971 1970
f 1909 1908 1972
f 1909 1972 1973
f 1974 1908 1910
f 1972 1908 1974
f 1975 1910 1911
f 1974 1910 1975
f 1976 1911 1912
f 1975 1911 1976
f 1977 1912 1913
f 1976 1912 1977
f 1978 1913 1914
f 1977 1913 1978
f 1915 1980 1979
f 1978 1915 1979
f 1914 1915 1978
f 1980 1915 1916
f 1981 1918 1919
f 1983 1982 1981
f 1919 1983 1981
f 1920 1983 1919
f 1984 1920 1921
f 1983 1920 1984
f 1985 1921 1922
f 1984 1921 1985
f 1986 1922 1923
f 1985 1922 1986
f 1987 1923 1924
f 1986 1923 1987
f 1988 1924 1925
f 1987 1924 1988
f 1989 1925 1926
f 1988 1925 1989
f 1990 1926 1927
f 1989 1926 1990
f 1991 1927 1928
f 1990 1927 1991
f 1992 1928 1929
f 1991 1928 1992
f 1993 1929 1930
f 1992 1929 1993
f 1994 1930 1931
f 1993 1930 1994
f 1995 1931 1932
f 1994 1931 1995
f 1996 1932 1933
f 1995 1932 1996
f 1997 1933 1934
f 1996 1933 1997
f 1998 1934 1935
f 1997 1934 1998
f 1999 1935 1936
f 1998 1935 1999
f 2000 1936 1937
f 1999 1936 2000
f 2001 1937 1938
f 2000 1937 2001
f 2002 1938 1939
f 2001 1938 2002
f 2003 1939 1940
f 2002 1939 2003
f 2004 1940 1941
f 2003 1940 2004
f 2005 1941 1942
f 2004 1941 2005
f 2006 1942 1943
f 2005 1942 2006
f 2007 1943 1944
f 2006 1943 2007
f 2008 1944 1945
f 2007 1944 2008
f 2009 1945 1946
f 2008 1945 2009
f 2010 1946 1947
f 2009 1946 2010
f 2011 1947 1948
f 2010 1947 2011
f 2012 1948 1949
f 2011 1948 2012
f 2013 1949 1950
f 2012 1949 2013
f 2014 1950 1951
f 2013 1950 2014
f 2015 1951 1952
f 2014 1951 2015
f 2016 1952 1953
f 2015 1952 2016
f 2017 1953 1954
f 2016 1953 2017
f 2018 1954 1955
f 2017 1954 2018
f 2019 1955 1956
f 2018 1955 2019
f 2020 1956 1957
f 2019 1956 2020
f 2021 1957 1958
f 2020 1957 2021
f 2022 1958 1959
f 2021 1958 2022
f 2023 1959 1960
f 2022 1959 2023
f 2024 1960 1961
f 2023 1960 2024
f 2025 1961 1962
f 2024 1961 2025
f 2026 1962 1963
f 2025 1962 2026
f 1964 2028 2027
f 2026 1964 2027
f 1963 1964 2026
f 2028 1964 1965
f 1967 1968 2029
f 1967 2029 2030
f 2031 1968 1969
f 2029 1968 2031
f 2032 1969 1970
f 2031 1969 2032
f 1970 1971 2033
f 1970 2033 2032
f 1973 1972 2034
f 1973 2034 2035
f 2036 1972 1974
f 2034 1972 2036
f 2037 1974 1975
f 2036 1974 2037
f 2038 1975 1976
f 2037 1975 2038
f 2039 1976 1977
f 2038 1976 2039
f 1978 2041 2040
f 2039 1978 2040
f 1977 1978 2039
f 2041 1978 1979
f 1982 1983 2042
f 1982 2042 2043
f 2044 1983 1984
f 2042 1983 2044
f 2045 1984 1985
f 2044 1984 2045
f 2046 1985 1986
f 2045 1985 2046
f 2047 1986 1987
f 2046 1986 2047
f 2048 1987 1988
f 2047 1987 2048
f 2049 1988 1989
f 2048 1988 2049
f 2050 1989 1990
f 2049 1989 2050
f 2051 1990 1991
f 2050 1990 2051
f 2052 1991 1992
f 2051 1991 2052
f 2053 1992 1993
f 2052 1992 2053
f 2054 1993 1994
f 2053 1993 2054
f 2055 1994 1995
f 2054 1994 2055
f 2056 1995 1996
f 2055 1995 2056
f 2057 1996 1997
f 2056 1996 2057
f 2058 1997 1998
f 2057 1997 2058
f 2059 1998 1999
f 2058 1998 2059
f 2060 1999 2000
f 2059 1999 2060
f 2061 2000 2001
f 2060 2000 2061
f 2062 2001 2002
f 2061 2001 2062
f 2063 2002 2003
f 2062 2002 2063
f 2064 2003 2004
f 2063 2003 2064
f 2065 2004 2005
f 2064 2004 2065
f 2066 2005 2006
f 2065 2005 2066
f 2067 2006 2007
f 2066 2006 2067
f 2068 2007 2008
f 2067 2007 2068
f 2069 2008 2009
f 2068 2008 2069
f 2070 2009 2010
f 2069 2009 2070
f 2071 2010 2011
f 2070 2010 2071
f 2072 2011 2012
f 2071 2011 2072
f 2073 2012 2013
f 2072 2012 2073
f 2074 2013 2014
f 2073 2013 2074
f 2075 2014 2015
f 2074 2014 2075
f 2076 2015 2016
f 2075 2015 2076
f 2077 2016 2017
f 2076 2016 2077
f 2078 2017 2018
f 2077 2017 2078
f 2079 2018 2019
f 2078 2018 2079
f 2080 2019 2020
f 2079 2019 2080
f 2081 2020 2021
f 2080 2020 2081
f 2082 2021 2022
f 2081 2021 2082
f 2083 2022 2023
f 2082 2022 2083
f 2084 2023 2024
f 2083 2023 2084
f 2085 2024 2025
f 2084 2024 2085
f 2086 2025 2026
f 2085 2025 2086
f 2026 2027 2087
f 2026 2087 2086
f 2030 2029 2088
f 2030 2088 2089
f 2090 2029 2031
f 2088 2029 2090
f 2091 2031 2032
f 2090 2031 2091
f 2032 2033 2092
f 2032 2092 2091
f 2035 2034 2093
f 2035 2093 2094
f 2095 2034 2036
f 2093 2034 2095
f 2096 2036 2037
f 2095 2036 2096
f 2097 2037 2038
f 2096 2037 2097
f 2098 2038 2039
f 2097 2038 2098
f 2039 2040 2099
f 2100 2039 2099
f 2098 2039 2100
f 2101 2100 2099
f 2043 2042 2102
f 2043 2102 2103
f 2104 2042 2044
f 2102 2042 2104
f 2105 2044 2045
f 2104 2044 2105
f 2106 2045 2046
f 2105 2045 2106
f 2107 2046 2047
f 2106 2046 2107
f 2108 2047 2048
f 2107 2047 2108
f 2109 2048 2049
f 2108 2048 2109
f 2110 2049 2050
f 2109 2049 2110
f 2111 2050 2051
f 2110 2050 2111
f 2112 2051 2052
f 2111 2051 2112
f 2113 2052 2053
f 2112 2052 2113
f 2114 2053 2054
f 2113 2053 2114
f 2115 2054 2055
f 2114 2054 2115
f 2116 2055 2056
f 2115 2055 2116
f 2117 2056 2057
f 2116 2056 2117
f 2118 2057 2058
f 2117 2057 2118
f 2119 2058 2059
f 2118 2058 2119
f 2120 2059 2060
f 2119 2059 2120
f 2121 2060 2061
f 2120 2060 2121
f 2122 2061 2062
f 2121 2061 2122
f 2123 2062 2063
f 2122 2062 2123
f 2124 2063 2064
f 2123 2063 2124
f 2125 2064 2065
f 2124 2064 2125
f 2126 2065 2066
f 2125 2065 2126
f 2127 2066 2067
f 2126 2066 2127
f 2128 2067 2068
f 2127 2067 2128
f 2129 2068 2069
f 2128 2068 2129
f 2130 2069 2070
f 2129 2069 2130
f 2131 2070 2071
f 2130 2070 2131
f 2132 2071 2072
f 2131 2071 2132
f 2133 2072 2073
f 2132 2072 2133
f 2134 2073 2074
f 2133 2073 2134
f 2135 2074 2075
f 2134 2074 2135
f 2136 2075 2076
f 2135 2075 2136
f 2137 2076 2077
f 2136 2076 2137
f 2138 2077 2078
f 2137 2077 2138
f 2139 2078 2079
f 2138 2078 2139
f 2140 2079 2080
f 2139 2079 2140
f 2141 2080 2081
f 2140 2080 2141
f 2142 2081 2082
f 2141 2081 2142
f 2143 2082 2083
f 2142 2082 2143
f 2144 2083 2084
f 2143 2083 2144
f 2145 2084 2085
f 2144 2084 2145
f 2146 2085 2086
f 2145 2085 2146
f 2086 2087 2147
f 2148 2086 2147
f 2146 2086 2148
f 2149 2148 2147
f 2089 2088 2150
f 2089 2150 2151
f 2152 2088 2090
f 2150 2088 2152
f 2153 2090 2091
f 2152 2090 2153
f 2091 2092 2154
f 2091 2154 2153
f 2094 2093 2155
f 2094 2155 2156
f 2157 2093 2095
f 2155 2093 2157
f 2158 2095 2096
f 2157 2095 2158
f 2159 2096 2097
f 2158 2096 2159
f 2160 2097 2098
f 2159 2097 2160
f 2161 2098 2100
f 2160 2098 2161
f 2100 2101 2162
f 2163 2100 2162
f 2161 2100 2163
f 2165 2164 2163
f 2165 2163 2162
f 2167 2166 2164
f 2167 2164 2165
f 2166 2167 2103
f 2102 2166 2103
f 2168 2166 2102
f 2169 2102 2104
f 2168 2102 2169
f 2170 2104 2105
f 2169 2104 2170
f 2171 2105 2106
f 2170 2105 2171
f 2172 2106 2107
f 2171 2106 2172
f 2173 2107 2108
f 2172 2107 2173
f 2174 2108 2109
f 2173 2108 2174
f 2175 2109 2110
f 2174 2109 2175
f 2176 2110 2111
f 2175 2110 2176
f 2177 2111 2112
f 2176 2111 2177
f 2178 2112 2113
f 2177 2112 2178
f 2179 2113 2114
f 2178 2113 2179
f 2180 2114 2115
f 2179 2114 2180
f 2181 2115 2116
f 2180 2115 2181
f 2182 2116 2117
f 2181 2116 2182
f 2183 2117 2118
f 2182 2117 2183
f 2184 2118 2119
f 2183 2118 2184
f 2185 2119 2120
f 2184 2119 2185
f 2186 2120 2121
f 2185 2120 2186
f 2187 2121 2122
f 2186 2121 2187
f 2188 2122 2123
f 2187 2122 2188
f 2189 2123 2124
f 2188 2123 2189
f 2190 2124 2125
f 2189 2124 2190
f 2191 2125 2126
f 2190 2125 2191
f 2192 2126 2127
f 2191 2126 2192
f 2193 2127 2128
f 2192 2127 2193
f 2194 2128 2129
f 2193 2128 2194
f 2195 2129 2130
f 2194 2129 2195
f 2196 2130 2131
f 2195 2130 2196
f 2197 2131 2132
f 2196 2131 2197
f 2198 2132 2133
f 2197 2132 2198
f 2199 2133 2134
f 2198 2133 2199
f 2200 2134 2135
f 2199 2134 2200
f 2201 2135 2136
f 2200 2135 2201
f 2202 2136 2137
f 2201 2136 2202
f 2203 2137 2138
f 2202 2137 2203
f 2204 2138 2139
f 2203 2138 2204
f 2205 2139 2140
f 2204 2139 2205
f 2206 2140 2141
f 2205 2140 2206
f 2207 2141 2142
f 2206 2141 2207
f 2208 2142 2143
f 2207 2142 2208
f 2209 2143 2144
f 2208 2143 2209
f 2210 2144 2145
f 2209 2144 2210
f 2211 2145 2146
f 2210 2145 2211
f 2212 2146 2148
f 2211 2146 2212
f 2148 2149 2213
f 2148 2213 2212
f 2216 2215 2214
f 2214 2215 2151
f 2150 2214 2151
f 2217 2214 2150
f 2218 2150 2152
f 2217 2150 2218
f 2219 2152 2153
f 2218 2152 2219
f 2153 2154 2220
f 2153 2220 2219
f 2156 2155 2221
f 2156 2221 2222
f 2223 2155 2157
f 2221 2155 2223
f 2224 2157 2158
f 2223 2157 2224
f 2225 2158 2159
f 2224 2158 2225
f 2226 2159 2160
f 2225 2159 2226
f 2227 2160 2161
f 2226 2160 2227
f 2228 2161 2163
f 2227 2161 2228
f 2229 2163 2164
f 2228 2163 2229
f 2230 2164 2166
f 2229 2164 2230
f 2231 2166 2168
f 2230 2166 2231
f 2232 2168 2169
f 2231 2168 2232
f 2233 2169 2170
f 2232 2169 2233
f 2234 2170 2171
f 2233 2170 2234
f 2235 2171 2172
f 2234 2171 2235
f 2236 2172 2173
f 2235 2172 2236
f 2237 2173 2174
f 2236 2173 2237
f 2238 2174 2175
f 2237 2174 2238
f 2239 2175 2176
f 2238 2175 2239
f 2240 2176 2177
f 2239 2176 2240
f 2241 2177 2178
f 2240 2177 2241
f 2242 2178 2179
f 2241 2178 2242
f 2243 2179 2180
f 2242 2179 2243
f 2244 2180 2181
f 2243 2180 2244
f 2245 2181 2182
f 2244 2181 2245
f 2246 2182 2183
f 2245 2182 2246
f 2247 2183 2184
f 2246 2183 2247
f 2248 2184 2185
f 2247 2184 2248
f 2249 2185 2186
f 2248 2185 2249
f 2250 2186 2187
f 2249 2186 2250
f 2251 2187 2188
f 2250 2187 2251
f 2252 2188 2189
f 2251 2188 2252
f 2253 2189 2190
f 2252 2189 2253
f 2254 2190 2191
f 2253 2190 2254
f 2255 2191 2192
f 2254 2191 2255
f 2256 2192 2193
f 2255 2192 2256
f 2257 2193 2194
f 2256 2193 2257
f 2258 2194 2195
f 2257 2194 2258
f 2259 2195 2196
f 2258 2195 2259
f 2260 2196 2197
f 2259 2196 2260
f 2261 2197 2198
f 2260 2197 2261
f 2262 2198 2199
f 2261 2198 2262
f 2263 2199 2200
f 2262 2199 2263
f 2264 2200 2201
f 2263 2200 2264
f 2265 2201 2202
f 2264 2201 2265
f 2266 2202 2203
f 2265 2202 2266
f 2267 2203 2204
f 2266 2203 2267
f 2268 2204 2205
f 2267 2204 2268
f 2269 2205 2206
f 2268 2205 2269
f 2270 2206 2207
f 2269 2206 2270
f 2271 2207 2208
f 2270 2207 2271
f 2272 2208 2209
f 2271 2208 2272
f 2273 2209 2210
f 2272 2209 2273
f 2274 2210 2211
f 2273 2210 2274
f 2275 2211 2212
f 2274 2211 2275
f 2212 2213 2276
f 2277 2212 2276
f 2275 2212 2277
f 2278 2277 2276
f 2216 2214 2279
f 2216 2279 2280
f 2281 2214 2217
f 2279 2214 2281
f 2282 2217 2218
f 2281 2217 2282
f 2283 2218 2219
f 2282 2218 2283
f 2219 2220 2284
f 2219 2284 2283
f 2222 2221 2285
f 2222 2285 2286
f 2287 2221 2223
f 2285 2221 2287
f 2288 2223 2224
f 2287 2223 2288
f 2289 2224 2225
f 2288 2224 2289
f 2290 2225 2226
f 2289 2225 2290
f 2291 2226 2227
f 2290 2226 2291
f 2292 2227 2228
f 2291 2227 2292
f 2293 2228 2229
f 2292 2228 2293
f 2294 2229 2230
f 2293 2229 2294
f 2295 2230 2231
f 2294 2230 2295
f 2296 2231 2232
f 2295 2231 2296
f 2297 2232 2233
f 2296 2232 2297
f 2298 2233 2234
f 2297 2233 2298
f 2299 2234 2235
f 2298 2234 2299
f 2300 2235 2236
f 2299 2235 2300
f 2301 2236 2237
f 2300 2236 2301
f 2302 2237 2238
f 2301 2237 2302
f 2303 2238 2239
f 2302 2238 2303
f 2304 2239 2240
f 2303 2239 2304
f 2305 2240 2241
f 2304 2240 2305
f 2306 2241 2242
f 2305 2241 2306
f 2307 2242 2243
f 2306 2242 2307
f 2308 2243 2244
f 2307 2243 2308
f 2309 2244 2245
f 2308 2244 2309
f 2310 2245 2246
f 2309 2245 2310
f 2311 2246 2247
f 2310 2246 2311
f 2312 2247 2248
f 2311 2247 2312
f 2313 2248 2249
f 2312 2248 2313
f 2314 2249 2250
f 2313 2249 2314
f 2315 2250 2251
f 2314 2250 2315
f 2316 2251 2252
f 2315 2251 2316
f 2317 2252 2253
f 2316 2252 2317
f 2318 2253 2254
f 2317 2253 2318
f 2319 2254 2255
f 2318 2254 2319
f 2320 2255 2256
f 2319 2255 2320
f 2321 2256 2257
f 2320 2256 2321
f 2322 2257 2258
f 2321 2257 2322
f 2323 2258 2259
f 2322 2258 2323
f 2324 2259 2260
f 2323 2259 2324
f 2325 2260 2261
f 2324 2260 2325
f 2326 2261 2262
f 2325 2261 2326
f 2327 2262 2263
f 2326 2262 2327
f 2328 2263 2264
f 2327 2263 2328
f 2329 2264 2265
f 2328 2264 2329
f 2330 2265 2266
f 2329 2265 2330
f 2331 2266 2267
f 2330 2266 2331
f 2332 2267 2268
f 2331 2267 2332
f 2333 2268 2269
f 2332 2268 2333
f 2334 2269 2270
f 2333 2269 2334
f 2335 2270 2271
f 2334 2270 2335
f 2336 2271 2272
f 2335 2271 2336
f 2337 2272 2273
f 2336 2272 2337
f 2338 2273 2274
f 2337 2273 2338
f 2339 2274 2275
f 2338 2274 2339
f 2340 2275 2277
f 2339 2275 2340
f 2277 2278 2341
f 2342 2277 2341
f 2340 2277 2342
f 2344 2343 2342
f 2344 2342 2341
f 2345 2343 2344
f 2348 2347 2346
f 2350 2349 2346
f 2350 2346 2347
f 2349 2350 2280
f 2279 2349 2280
f 2351 2349 2279
f 2352 2279 2281
f 2351 2279 2352
f 2353 2281 2282
f 2352 2281 2353
f 2354 2282 2283
f 2353 2282 2354
f 2283 2284 2355
f 2283 2355 2354
f 2286 2285 2356
f 2286 2356 2357
f 2358 2285 2287
f 2356 2285 2358
f 2359 2287 2288
f 2358 2287 2359
f 2360 2288 2289
f 2359 2288 2360
f 2361 2289 2290
f 2360 2289 2361
f 2362 2290 2291
f 2361 2290 2362
f 2363 2291 2292
f 2362 2291 2363
f 2364 2292 2293
f 2363 2292 2364
f 2365 2293 2294
f 2364 2293 2365
f 2366 2294 2295
f 2365 2294 2366
f 2367 2295 2296
f 2366 2295 2367
f 2368 2296 2297
f 2367 2296 2368
f 2369 2297 2298
f 2368 2297 2369
f 2370 2298 2299
f 2369 2298 2370
f 2371 2299 2300
f 2370 2299 2371
f 2372 2300 2301
f 2371 2300 2372
f 2373 2301 2302
f 2372 2301 2373
f 2374 2302 2303
f 2373 2302 2374
f 2375 2303 2304
f 2374 2303 2375
f 2376 2304 2305
f 2375 2304 2376
f 2377 2305 2306
f 2376 2305 2377
f 2378 2306 2307
f 2377 2306 2378
f 2379 2307 2308
f 2378 2307 2379
f 2380 2308 2309
f 2379 2308 2380
f 2381 2309 2310
f 2380 2309 2381
f 2382 2310 2311
f 2381 2310 2382
f 2383 2311 2312
f 2382 2311 2383
f 2384 2312 2313
f 2383 2312 2384
f 2385 2313 2314
f 2384 2313 2385
f 2386 2314 2315
f 2385 2314 2386
f 2387 2315 2316
f 2386 2315 2387
f 2388 2316 2317
f 2387 2316 2388
f 2389 2317 2318
f 2388 2317 2389
f 2390 2318 2319
f 2389 2318 2390
f 2391 2319 2320
f 2390 2319 2391
f 2392 2320 2321
f 2391 2320 2392
f 2393 2321 2322
f 2392 2321 2393
f 2394 2322 2323
f 2393 2322 2394
f 2395 2323 2324
f 2394 2323 2395
f 2396 2324 2325
f 2395 2324 2396
f 2397 2325 2326
f 2396 2325 2397
f 2398 2326 2327
f 2397 2326 2398
f 2399 2327 2328
f 2398 2327 2399
f 2400 2328 2329
f 2399 2328 2400
f 2401 2329 2330
f 2400 2329 2401
f 2402 2330 2331
f 2401 2330 2402
f 2403 2331 2332
f 2402 2331 2403
f 2404 2332 2333
f 2403 2332 2404
f 2405 2333 2334
f 2404 2333 2405
f 2406 2334 2335
f 2405 2334 2406
f 2407 2335 2336
f 2406 2335 2407
f 2408 2336 2337
f 2407 2336 2408
f 2409 2337 2338
f 2408 2337 2409
f 2410 2338 2339
f 2409 2338 2410
f 2411 2339 2340
f 2410 2339 2411
f 2412 2340 2342
f 2411 2340 2412
f 2413 2342 2343
f 2412 2342 2413
f 2343 2345 2414
f 2415 2343 2414
f 2413 2343 2415
f 2417 2416 2415
f 2417 2415 2414
f 2416 2417 2348
f 2346 2416 2348
f 2418 2416 2346
f 2419 2346 2349
f 2418 2346 2419
f 2420 2349 2351
f 2419 2349 2420
f 2421 2351 2352
f 2420 2351 2421
f 2422 2352 2353
f 2421 2352 2422
f 2423 2353 2354
f 2422 2353 2423
f 2354 2355 2424
f 2354 2424 2423
f 2425 2357 2356
f 2427 2426 2425
f 2356 2427 2425
f 2358 2427 2356
f 2428 2358 2359
f 2427 2358 2428
f 2429 2359 2360
f 2428 2359 2429
f 2430 2360 2361
f 2429 2360 2430
f 2431 2361 2362
f 2430 2361 2431
f 2432 2362 2363
f 2431 2362 2432
f 2433 2363 2364
f 2432 2363 2433
f 2434 2364 2365
f 2433 2364 2434
f 2435 2365 2366
f 2434 2365 2435
f 2436 2366 2367
f 2435 2366 2436
f 2437 2367 2368
f 2436 2367 2437
f 2438 2368 2369
f 2437 2368 2438
f 2439 2369 2370
f 2438 2369 2439
f 2440 2370 2371
f 2439 2370 2440
f 2441 2371 2372
f 2440 2371 2441
f 2442 2372 2373
f 2441 2372 2442
f 2443 2373 2374
f 2442 2373 2443
f 2444 2374 2375
f 2443 2374 2444
f 2445 2375 2376
f 2444 2375 2445
f 2446 2376 2377
f 2445 2376 2446
f 2447 2377 2378
f 2446 2377 2447
f 2448 2378 2379
f 2447 2378 2448
f 2449 2379 2380
f 2448 2379 2449
f 2450 2380 2381
f 2449 2380 2450
f 2451 2381 2382
f 2450 2381 2451
f 2452 2382 2383
f 2451 2382 2452
f 2453 2383 2384
f 2452 2383 2453
f 2454 2384 2385
f 2453 2384 2454
f 2455 2385 2386
f 2454 2385 2455
f 2456 2386 2387
f 2455 2386 2456
f 2457 2387 2388
f 2456 2387 2457
f 2458 2388 2389
f 2457 2388 2458
f 2459 2389 2390
f 2458 2389 2459
f 2460 2390 2391
f 2459 2390 2460
f 2461 2391 2392
f 2460 2391 2461
f 2462 2392 2393
f 2461 2392 2462
f 2463 2393 2394
f 2462 2393 2463
f 2464 2394 2395
f 2463 2394 2464
f 2465 2395 2396
f 2464 2395 2465
f 2466 2396 2397
f 2465 2396 2466
f 2467 2397 2398
f 2466 2397 2467
f 2468 2398 2399
f 2467 2398 2468
f 2469 2399 2400
f 2468 2399 2469
f 2470 2400 2401
f 2469 2400 2470
f 2471 2401 2402
f 2470 2401 2471
f 2472 2402 2403
f 2471 2402 2472
f 2473 2403 2404
f 2472 2403 2473
f 2474 2404 2405
f 2473 2404 2474
f 2475 2405 2406
f 2474 2405 2475
f 2476 2406 2407
f 2475 2406 2476
f 2477 2407 2408
f 2476 2407 2477
f 2478 2408 2409
f 2477 2408 2478
f 2479 2409 2410
f 2478 2409 2479
f 2480 2410 2411
f 2479 2410 2480
f 2481 2411 2412
f 2480 2411 2481
f 2482 2412 2413
f 2481 2412 2482
f 2483 2413 2415
f 2482 2413 2483
f 2484 2415 2416
f 2483 2415 2484
f 2485 2416 2418
f 2484 2416 2485
f 2486 2418 2419
f 2485 2418 2486
f 2487 2419 2420
f 2486 2419 2487
f 2488 2420 2421
f 2487 2420 2488
f 2489 2421 2422
f 2488 2421 2489
f 2490 2422 2423
f 2489 2422 2490
f 2423 2424 2491
f 2423 2491 2490
f 2426 2427 2492
f 2426 2492 2493
f 2494 2427 2428
f 2492 2427 2494
f 2495 2428 2429
f 2494 2428 2495
f 2496 2429 2430
f 2495 2429 2496
f 2497 2430 2431
f 2496 2430 2497
f 2498 2431 2432
f 2497 2431 2498
f 2499 2432 2433
f 2498 2432 2499
f 2500 2433 2434
f 2499 2433 2500
f 2501 2434 2435
f 2500 2434 2501
f 2502 2435 2436
f 2501 2435 2502
f 2503 2436 2437
f 2502 2436 2503
f 2504 2437 2438
f 2503 2437 2504
f 2505 2438 2439
f 2504 2438 2505
f 2506 2439 2440
f 2505 2439 2506
f 2507 2440 2441
f 2506 2440 2507
f 2508 2441 2442
f 2507 2441 2508
f 2509 2442 2443
f 2508 2442 2509
f 2510 2443 2444
f 2509 2443 2510
f 2511 2444 2445
f 2510 2444 2511
f 2512 2445 2446
f 2511 2445 2512
f 2513 2446 2447
f 2512 2446 2513
f 2514 2447 2448
f 2513 2447 2514
f 2515 2448 2449
f 2514 2448 2515
f 2516 2449 2450
f 2515 2449 2516
f 2517 2450 2451
f 2516 2450 2517
f 2518 2451 2452
f 2517 2451 2518
f 2519 2452 2453
f 2518 2452 2519
f 2520 2453 2454
f 2519 2453 2520
f 2521 2454 2455
f 2520 2454 2521
f 2522 2455 2456
f 2521 2455 2522
f 2523 2456 2457
f 2522 2456 2523
f 2524 2457 2458
f 2523 2457 2524
f 2525 2458 2459
f 2524 2458 2525
f 2526 2459 2460
f 2525 2459 2526
f 2527 2460 2461
f 2526 2460 2527
f 2528 2461 2462
f 2527 2461 2528
f 2529 2462 2463
f 2528 2462 2529
f 2530 2463 2464
f 2529 2463 2530
f 2531 2464 2465
f 2530 2464 2531
f 2532 2465 2466
f 2531 2465 2532
f 2533 2466 2467
f 2532 2466 2533
f 2534 2467 2468
f 2533 2467 2534
f 2535 2468 2469
f 2534 2468 2535
f 2536 2469 2470
f 2535 2469 2536
f 2537 2470 2471
f 2536 2470 2537
f 2538 2471 2472
f 2537 2471 2538
f 2539 2472 2473
f 2538 2472 2539
f 2540 2473 2474
f 2539 2473 2540
f 2541 2474 2475
f 2540 2474 2541
f 2542 2475 2476
f 2541 2475 2542
f 2543 2476 2477
f 2542 2476 2543
f 2544 2477 2478
f 2543 2477 2544
f 2545 2478 2479
f 2544 2478 2545
f 2546 2479 2480
f 2545 2479 2546
f 2547 2480 2481
f 2546 2480 2547
f 2548 2481 2482
f 2547 2481 2548
f 2549 2482 2483
f 2548 2482 2549
f 2550 2483 2484
f 2549 2483 2550
f 2551 2484 2485
f 2550 2484 2551
f 2552 2485 2486
f 2551 2485 2552
f 2553 2486 2487
f 2552 2486 2553
f 2554 2487 2488
f 2553 2487 2554
f 2555 2488 2489
f 2554 2488 2555
f 2490 2557 2556
f 2555 2490 2556
f 2489 2490 2555
f 2557 2490 2491
f 2493 2492 2558
f 2493 2558 2559
f 2560 2492 2494
f 2558 2492 2560
f 2561 2494 2495
f 2560 2494 2561
f 2562 2495 2496
f 2561 2495 2562
f 2563 2496 2497
f 2562 2496 2563
f 2564 2497 2498
f 2563 2497 2564
f 2565 2498 2499
f 2564 2498 2565
f 2566 2499 2500
f 2565 2499 2566
f 2567 2500 2501
f 2566 2500 2567
f 2568 2501 2502
f 2567 2501 2568
f 2569 2502 2503
f 2568 2502 2569
f 2570 2503 2504
f 2569 2503 2570
f 2571 2504 2505
f 2570 2504 2571
f 2572 2505 2506
f 2571 2505 2572
f 2573 2506 2507
f 2572 2506 2573
f 2574 2507 2508
f 2573 2507 2574
f 2575 2508 2509
f 2574 2508 2575
f 2576 2509 2510
f 2575 2509 2576
f 2577 2510 2511
f 2576 2510 2577
f 2578 2511 2512
f 2577 2511 2578
f 2579 2512 2513
f 2578 2512 2579
f 2580 2513 2514
f 2579 2513 2580
f 2581 2514 2515
f 2580 2514 2581
f 2582 2515 2516
f 2581 2515 2582
f 2583 2516 2517
f 2582 2516 2583
f 2584 2517 2518
f 2583 2517 2584
f 2585 2518 2519
f 2584 2518 2585
f 2586 2519 2520
f 2585 2519 2586
f 2587 2520 2521
f 2586 2520 2587
f 2588 2521 2522
f 2587 2521 2588
f 2589 2522 2523
f 2588 2522 2589
f 2590 2523 2524
f 2589 2523 2590
f 2591 2524 2525
f 2590 2524 2591
f 2592 2525 2526
f 2591 2525 2592
f 2593 2526 2527
f 2592 2526 2593
f 2594 2527 2528
f 2593 2527 2594
f 2595 2528 2529
f 2594 2528 2595
f 2596 2529 2530
f 2595 2529 2596
f 2597 2530 2531
f 2596 2530 2597
f 2598 2531 2532
f 2597 2531 2598
f 2599 2532 2533
f 2598 2532 2599
f 2600 2533 2534
f 2599 2533 2600
f 2601 2534 2535
f 2600 2534 2601
f 2602 2535 2536
f 2601 2535 2602
f 2603 2536 2537
f 2602 2536 2603
f 2604 2537 2538
f 2603 2537 2604
f 2605 2538 2539
f 2604 2538 2605
f 2606 2539 2540
f 2605 2539 2606
f 2607 2540 2541
f 2606 2540 2607
f 2608 2541 2542
f 2607 2541 2608
f 2609 2542 2543
f 2608 2542 2609
f 2610 2543 2544
f 2609 2543 2610
f 2611 2544 2545
f 2610 2544 2611
f 2612 2545 2546
f 2611 2545 2612
f 2613 2546 2547
f 2612 2546 2613
f 2614 2547 2548
f 2613 2547 2614
f 2615 2548 2549
f 2614 2548 2615
f 2616 2549 2550
f 2615 2549 2616
f 2617 2550 2551
f 2616 2550 2617
f 2618 2551 2552
f 2617 2551 2618
f 2619 2552 2553
f 2618 2552 2619
f 2620 2553 2554
f 2619 2553 2620
f 2621 2554 2555
f 2620 2554 2621
f 2555 2556 2622
f 2555 2622 2621
f 2559 2558 2623
f 2559 2623 2624
f 2625 2558 2560
f 2623 2558 2625
f 2626 2560 2561
f 2625 2560 2626
f 2627 2561 2562
f 2626 2561 2627
f 2628 2562 2563
f 2627 2562 2628
f 2629 2563 2564
f 2628 2563 2629
f 2630 2564 2565
f 2629 2564 2630
f 2631 2565 2566
f 2630 2565 2631
f 2632 2566 2567
f 2631 2566 2632
f 2633 2567 2568
f 2632 2567 2633
f 2634 2568 2569
f 2633 2568 2634
f 2635 2569 2570
f 2634 2569 2635
f 2636 2570 2571
f 2635 2570 2636
f 2637 2571 2572
f 2636 2571 2637
f 2638 2572 2573
f 2637 2572 2638
f 2639 2573 2574
f 2638 2573 2639
f 2640 2574 2575
f 2639 2574 2640
f 2641 2575 2576
f 2640 2575 2641
f 2642 2576 2577
f 2641 2576 2642
f 2643 2577 2578
f 2642 2577 2643
f 2644 2578 2579
f 2643 2578 2644
f 2645 2579 2580
f 2644 2579 2645
f 2646 2580 2581
f 2645 2580 2646
f 2647 2581 2582
f 2646 2581 2647
f 2648 2582 2583
f 2647 2582 2648
f 2649 2583 2584
f 2648 2583 2649
f 2650 2584 2585
f 2649 2584 2650
f 2651 2585 2586
f 2650 2585 2651
f 2652 2586 2587
f 2651 2586 2652
f 2653 2587 2588
f 2652 2587 2653
f 2654 2588 2589
f 2653 2588 2654
f 2655 2589 2590
f 2654 2589 2655
f 2656 2590 2591
f 2655 2590 2656
f 2657 2591 2592
f 2656 2591 2657
f 2658 2592 2593
f 2657 2592 2658
f 2659 2593 2594
f 2658 2593 2659
f 2660 2594 2595
f 2659 2594 2660
f 2661 2595 2596
f 2660 2595 2661
f 2662 2596 2597
f 2661 2596 2662
f 2663 2597 2598
f 2662 2597 2663
f 2664 2598 2599
f 2663 2598 2664
f 2665 2599 2600
f 2664 2599 2665
f 2666 2600 2601
f 2665 2600 2666
f 2667 2601 2602
f 2666 2601 2667
f 2668 2602 2603
f 2667 2602 2668
f 2669 2603 2604
f 2668 2603 2669
f 2670 2604 2605
f 2669 2604 2670
f 2671 2605 2606
f 2670 2605 2671
f 2672 2606 2607
f 2671 2606 2672
f 2673 2607 2608
f 2672 2607 2673
f 2674 2608 2609
f 2673 2608 2674
f 2675 2609 2610
f 2674 2609 2675
f 2611 2677 2676
f 2675 2611 2676
f 2610 2611 2675
f 2677 2611 2612
f 2677 2612 2678
f 2678 2612 2613
f 2678 2613 2679
f 2681 2680 2679
f 2613 2681 2679
f 2614 2681 2613
f 2682 2614 2615
f 2681 2614 2682
f 2683 2615 2616
f 2682 2615 2683
f 2684 2616 2617
f 2683 2616 2684
f 2685 2617 2618
f 2684 2617 2685
f 2686 2618 2619
f 2685 2618 2686
f 2687 2619 2620
f 2686 2619 2687
f 2688 2620 2621
f 2687 2620 2688
f 2621 2622 2689
f 2621 2689 2688
f 2690 2624 2623
f 2692 2691 2690
f 2623 2692 2690
f 2625 2692 2623
f 2693 2625 2626
f 2692 2625 2693
f 2694 2626 2627
f 2693 2626 2694
f 2695 2627 2628
f 2694 2627 2695
f 2696 2628 2629
f 2695 2628 2696
f 2697 2629 2630
f 2696 2629 2697
f 2698 2630 2631
f 2697 2630 2698
f 2699 2631 2632
f 2698 2631 2699
f 2700 2632 2633
f 2699 2632 2700
f 2701 2633 2634
f 2700 2633 2701
f 2702 2634 2635
f 2701 2634 2702
f 2703 2635 2636
f 2702 2635 2703
f 2704 2636 2637
f 2703 2636 2704
f 2705 2637 2638
f 2704 2637 2705
f 2706 2638 2639
f 2705 2638 2706
f 2707 2639 2640
f 2706 2639 2707
f 2708 2640 2641
f 2707 2640 2708
f 2709 2641 2642
f 2708 2641 2709
f 2710 2642 2643
f 2709 2642 2710
f 2711 2643 2644
f 2710 2643 2711
f 2712 2644 2645
f 2711 2644 2712
f 2713 2645 2646
f 2712 2645 2713
f 2714 2646 2647
f 2713 2646 2714
f 2715 2647 2648
f 2714 2647 2715
f 2716 2648 2649
f 2715 2648 2716
f 2717 2649 2650
f 2716 2649 2717
f 2718 2650 2651
f 2717 2650 2718
f 2719 2651 2652
f 2718 2651 2719
f 2720 2652 2653
f 2719 2652 2720
f 2721 2653 2654
f 2720 2653 2721
f 2722 2654 2655
f 2721 2654 2722
f 2723 2655 2656
f 2722 2655 2723
f 2724 2656 2657
f 2723 2656 2724
f 2725 2657 2658
f 2724 2657 2725
f 2726 2658 2659
f 2725 2658 2726
f 2727 2659 2660
f 2726 2659 2727
f 2728 2660 2661
f 2727 2660 2728
f 2729 2661 2662
f 2728 2661 2729
f 2730 2662 2663
f 2729 2662 2730
f 2731 2663 2664
f 2730 2663 2731
f 2732 2664 2665
f 2731 2664 2732
f 2733 2665 2666
f 2732 2665 2733
f 2734 2666 2667
f 2733 2666 2734
f 2735 2667 2668
f 2734 2667 2735
f 2736 2668 2669
f 2735 2668 2736
f 2737 2669 2670
f 2736 2669 2737
f 2738 2670 2671
f 2737 2670 2738
f 2739 2671 2672
f 2738 2671 2739
f 2740 2672 2673
f 2739 2672 2740
f 2741 2673 2674
f 2740 2673 2741
f 2675 2743 2742
f 2741 2675 2742
f 2674 2675 2741
f 2743 2675 2676
f 2744 2680 2681
f 2746 2745 2744
f 2681 2746 2744
f 2682 2746 2681
f 2747 2682 2683
f 2746 2682 2747
f 2748 2683 2684
f 2747 2683 2748
f 2749 2684 2685
f 2748 2684 2749
f 2750 2685 2686
f 2749 2685 2750
f 2751 2686 2687
f 2750 2686 2751
f 2688 2753 2752
f 2751 2688 2752
f 2687 2688 2751
f 2753 2688 2689
f 2691 2692 2754
f 2691 2754 2755
f 2756 2692 2693
f 2754 2692 2756
f 2757 2693 2694
f 2756 2693 2757
f 2758 2694 2695
f 2757 2694 2758
f 2759 2695 2696
f 2758 2695 2759
f 2760 2696 2697
f 2759 2696 2760
f 2761 2697 2698
f 2760 2697 2761
f 2699 2763 2762
f 2761 2699 2762
f 2698 2699 2761
f 2763 2699 2700
f 2763 2700 2764
f 2764 2700 2701
f 2764 2701 2765
f 2767 2766 2765
f 2701 2767 2765
f 2702 2767 2701
f 2768 2702 2703
f 2767 2702 2768
f 2769 2703 2704
f 2768 2703 2769
f 2770 2704 2705
f 2769 2704 2770
f 2771 2705 2706
f 2770 2705 2771
f 2772 2706 2707
f 2771 2706 2772
f 2773 2707 2708
f 2772 2707 2773
f 2774 2708 2709
f 2773 2708 2774
f 2775 2709 2710
f 2774 2709 2775
f 2776 2710 2711
f 2775 2710 2776
f 2777 2711 2712
f 2776 2711 2777
f 2778 2712 2713
f 2777 2712 2778
f 2779 2713 2714
f 2778 2713 2779
f 2780 2714 2715
f 2779 2714 2780
f 2781 2715 2716
f 2780 2715 2781
f 2782 2716 2717
f 2781 2716 2782
f 2783 2717 2718
f 2782 2717 2783
f 2784 2718 2719
f 2783 2718 2784
f 2785 2719 2720
f 2784 2719 2785
f 2786 2720 2721
f 2785 2720 2786
f 2787 2721 2722
f 2786 2721 2787
f 2788 2722 2723
f 2787 2722 2788
f 2789 2723 2724
f 2788 2723 2789
f 2790 2724 2725
f 2789 2724 2790
f 2791 2725 2726
f 2790 2725 2791
f 2792 2726 2727
f 2791 2726 2792
f 2793 2727 2728
f 2792 2727 2793
f 2794 2728 2729
f 2793 2728 2794
f 2795 2729 2730
f 2794 2729 2795
f 2796 2730 2731
f 2795 2730 2796
f 2797 2731 2732
f 2796 2731 2797
f 2798 2732 2733
f 2797 2732 2798
f 2799 2733 2734
f 2798 2733 2799
f 2800 2734 2735
f 2799 2734 2800
f 2801 2735 2736
f 2800 2735 2801
f 2802 2736 2737
f 2801 2736 2802
f 2803 2737 2738
f 2802 2737 2803
f 2804 2738 2739
f 2803 2738 2804
f 2805 2739 2740
f 2804 2739 2805
f 2741 2807 2806
f 2805 2741 2806
f 2740 2741 2805
f 2807 2741 2742
f 2808 2745 2746
f 2810 2809 2808
f 2746 2810 2808
f 2747 2810 2746
f 2811 2747 2748
f 2810 2747 2811
f 2812 2748 2749
f 2811 2748 2812
f 2813 2749 2750
f 2812 2749 2813
f 2814 2750 2751
f 2813 2750 2814
f 2751 2752 2815
f 2751 2815 2814
f 2755 2754 2816
f 2755 2816 2817
f 2818 2754 2756
f 2816 2754 2818
f 2819 2756 2757
f 2818 2756 2819
f 2820 2757 2758
f 2819 2757 2820
f 2821 2758 2759
f 2820 2758 2821
f 2822 2759 2760
f 2821 2759 2822
f 2761 2824 2823
f 2822 2761 2823
f 2760 2761 2822
f 2824 2761 2762
f 2825 2766 2767
f 2827 2826 2825
f 2767 2827 2825
f 2768 2827 2767
f 2828 2768 2769
f 2827 2768 2828
f 2829 2769 2770
f 2828 2769 2829
f 2830 2770 2771
f 2829 2770 2830
f 2831 2771 2772
f 2830 2771 2831
f 2832 2772 2773
f 2831 2772 2832
f 2833 2773 2774
f 2832 2773 2833
f 2834 2774 2775
f 2833 2774 2834
f 2835 2775 2776
f 2834 2775 2835
f 2836 2776 2777
f 2835 2776 2836
f 2837 2777 2778
f 2836 2777 2837
f 2838 2778 2779
f 2837 2778 2838
f 2839 2779 2780
f 2838 2779 2839
f 2840 2780 2781
f 2839 2780 2840
f 2841 2781 2782
f 2840 2781 2841
f 2842 2782 2783
f 2841 2782 2842
f 2843 2783 2784
f 2842 2783 2843
f 2844 2784 2785
f 2843 2784 2844
f 2845 2785 2786
f 2844 2785 2845
f 2846 2786 2787
f 2845 2786 2846
f 2847 2787 2788
f 2846 2787 2847
f 2848 2788 2789
f 2847 2788 2848
f 2849 2789 2790
f 2848 2789 2849
f 2850 2790 2791
f 2849 2790 2850
f 2851 2791 2792
f 2850 2791 2851
f 2852 2792 2793
f 2851 2792 2852
f 2853 2793 2794
f 2852 2793 2853
f 2854 2794 2795
f 2853 2794 2854
f 2855 2795 2796
f 2854 2795 2855
f 2856 2796 2797
f 2855 2796 2856
f 2857 2797 2798
f 2856 2797 2857
f 2858 2798 2799
f 2857 2798 2858
f 2859 2799 2800
f 2858 2799 2859
f 2860 2800 2801
f 2859 2800 2860
f 2861 2801 2802
f 2860 2801 2861
f 2862 2802 2803
f 2861 2802 2862
f 2863 2803 2804
f 2862 2803 2863
f 2864 2804 2805
f 2863 2804 2864
f 2805 2806 2865
f 2805 2865 2864
f 2809 2810 2866
f 2809 2866 2867
f 2868 2810 2811
f 2866 2810 2868
f 2869 2811 2812
f 2868 2811 2869
f 2870 2812 2813
f 2869 2812 2870
f 2871 2813 2814
f 2870 2813 2871
f 2814 2815 2872
f 2814 2872 2871
f 2873 2817 2816
f 2875 2874 2873
f 2816 2875 2873
f 2818 2875 2816
f 2876 2818 2819
f 2875 2818 2876
f 2877 2819 2820
f 2876 2819 2877
f 2878 2820 2821
f 2877 2820 2878
f 2879 2821 2822
f 2878 2821 2879
f 2822 2823 2880
f 2881 2822 2880
f 2879 2822 2881
f 2882 2881 2880
f 2826 2827 2883
f 2826 2883 2884
f 2885 2827 2828
f 2883 2827 2885
f 2886 2828 2829
f 2885 2828 2886
f 2887 2829 2830
f 2886 2829 2887
f 2888 2830 2831
f 2887 2830 2888
f 2889 2831 2832
f 2888 2831 2889
f 2890 2832 2833
f 2889 2832 2890
f 2891 2833 2834
f 2890 2833 2891
f 2892 2834 2835
f 2891 2834 2892
f 2893 2835 2836
f 2892 2835 2893
f 2894 2836 2837
f 2893 2836 2894
f 2895 2837 2838
f 2894 2837 2895
f 2896 2838 2839
f 2895 2838 2896
f 2897 2839 2840
f 2896 2839 2897
f 2898 2840 2841
f 2897 2840 2898
f 2899 2841 2842
f 2898 2841 2899
f 2900 2842 2843
f 2899 2842 2900
f 2901 2843 2844
f 2900 2843 2901
f 2902 2844 2845
f 2901 2844 2902
f 2903 2845 2846
f 2902 2845 2903
f 2904 2846 2847
f 2903 2846 2904
f 2905 2847 2848
f 2904 2847 2905
f 2906 2848 2849
f 2905 2848 2906
f 2907 2849 2850
f 2906 2849 2907
f 2908 2850 2851
f 2907 2850 2908
f 2909 2851 2852
f 2908 2851 2909
f 2910 2852 2853
f 2909 2852 2910
f 2911 2853 2854
f 2910 2853 2911
f 2912 2854 2855
f 2911 2854 2912
f 2913 2855 2856
f 2912 2855 2913
f 2914 2856 2857
f 2913 2856 2914
f 2915 2857 2858
f 2914 2857 2915
f 2916 2858 2859
f 2915 2858 2916
f 2917 2859 2860
f 2916 2859 2917
f 2918 2860 2861
f 2917 2860 2918
f 2919 2861 2862
f 2918 2861 2919
f 2920 2862 2863
f 2919 2862 2920
f 2921 2863 2864
f 2920 2863 2921
f 2864 2865 2922
f 2864 2922 2921
f 2867 2866 2923
f 2867 2923 2924
f 2925 2866 2868
f 2923 2866 2925
f 2926 2868 2869
f 2925 2868 2926
f 2927 2869 2870
f 2926 2869 2927
f 2871 2929 2928
f 2927 2871 2928
f 2870 2871 2927
f 2929 2871 2872
f 2874 2875 2930
f 2874 2930 2931
f 2932 2875 2876
f 2930 2875 2932
f 2933 2876 2877
f 2932 2876 2933
f 2934 2877 2878
f 2933 2877 2934
f 2935 2878 2879
f 2934 2878 2935
f 2936 2879 2881
f 2935 2879 2936
f 2881 2882 2937
f 2881 2937 2936
f 2940 2939 2938
f 2938 2939 2884
f 2883 2938 2884
f 2941 2938 2883
f 2942 2883 2885
f 2941 2883 2942
f 2943 2885 2886
f 2942 2885 2943
f 2944 2886 2887
f 2943 2886 2944
f 2945 2887 2888
f 2944 2887 2945
f 2946 2888 2889
f 2945 2888 2946
f 2947 2889 2890
f 2946 2889 2947
f 2948 2890 2891
f 2947 2890 2948
f 2949 2891 2892
f 2948 2891 2949
f 2950 2892 2893
f 2949 2892 2950
f 2951 2893 2894
f 2950 2893 2951
f 2952 2894 2895
f 2951 2894 2952
f 2953 2895 2896
f 2952 2895 2953
f 2954 2896 2897
f 2953 2896 2954
f 2955 2897 2898
f 2954 2897 2955
f 2956 2898 2899
f 2955 2898 2956
f 2957 2899 2900
f 2956 2899 2957
f 2958 2900 2901
f 2957 2900 2958
f 2959 2901 2902
f 2958 2901 2959
f 2960 2902 2903
f 2959 2902 2960
f 2961 2903 2904
f 2960 2903 2961
f 2962 2904 2905
f 2961 2904 2962
f 2963 2905 2906
f 2962 2905 2963
f 2964 2906 2907
f 2963 2906 2964
f 2965 2907 2908
f 2964 2907 2965
f 2966 2908 2909
f 2965 2908 2966
f 2967 2909 2910
f 2966 2909 2967
f 2968 2910 2911
f 2967 2910 2968
f 2969 2911 2912
f 2968 2911 2969
f 2970 2912 2913
f 2969 2912 2970
f 2971 2913 2914
f 2970 2913 2971
f 2972 2914 2915
f 2971 2914 2972
f 2973 2915 2916
f 2972 2915 2973
f 2974 2916 2917
f 2973 2916 2974
f 2975 2917 2918
f 2974 2917 2975
f 2976 2918 2919
f 2975 2918 2976
f 2977 2919 2920
f 2976 2919 2977
f 2978 2920 2921
f 2977 2920 2978
f 2921 2922 2979
f 2921 2979 2978
f 2924 2923 2980
f 2924 2980 2981
f 2982 2923 2925
f 2980 2923 2982
f 2983 2925 2926
f 2982 2925 2983
f 2984 2926 2927
f 2983 2926 2984
f 2927 2928 2985
f 2927 2985 2984
f 2986 2931 2930
f 2988 2987 2986
f 2930 2988 2986
f 2932 2988 2930
f 2989 2932 2933
f 2988 2932 2989
f 2990 2933 2934
f 2989 2933 2990
f 2991 2934 2935
f 2990 2934 2991
f 2992 2935 2936
f 2991 2935 2992
f 2936 2937 2993
f 2994 2936 2993
f 2992 2936 2994
f 2996 2995 2994
f 2996 2994 2993
f 2998 2997 2995
f 2998 2995 2996
f 2997 2998 2940
f 2938 2997 2940
f 2999 2997 2938
f 3000 2938 2941
f 2999 2938 3000
f 3001 2941 2942
f 3000 2941 3001
f 3002 2942 2943
f 3001 2942 3002
f 3003 2943 2944
f 3002 2943 3003
f 3004 2944 2945
f 3003 2944 3004
f 3005 2945 2946
f 3004 2945 3005
f 3006 2946 2947
f 3005 2946 3006
f 3007 2947 2948
f 3006 2947 3007
f 3008 2948 2949
f 3007 2948 3008
f 3009 2949 2950
f 3008 2949 3009
f 3010 2950 2951
f 3009 2950 3010
f 3011 2951 2952
f 3010 2951 3011
f 3012 2952 2953
f 3011 2952 3012
f 3013 2953 2954
f 3012 2953 3013
f 3014 2954 2955
f 3013 2954 3014
f 3015 2955 2956
f 3014 2955 3015
f 3016 2956 2957
f 3015 2956 3016
f 3017 2957 2958
f 3016 2957 3017
f 3018 2958 2959
f 3017 2958 3018
f 3019 2959 2960
f 3018 2959 3019
f 3020 2960 2961
f 3019 2960 3020
f 3021 2961 2962
f 3020 2961 3021
f 3022 2962 2963
f 3021 2962 3022
f 3023 2963 2964
f 3022 2963 3023
f 3024 2964 2965
f 3023 2964 3024
f 3025 2965 2966
f 3024 2965 3025
f 3026 2966 2967
f 3025 2966 3026
f 3027 2967 2968
f 3026 2967 3027
f 3028 2968 2969
f 3027 2968 3028
f 3029 2969 2970
f 3028 2969 3029
f 3030 2970 2971
f 3029 2970 3030
f 3031 2971 2972
f 3030 2971 3031
f 3032 2972 2973
f 3031 2972 3032
f 3033 2973 2974
f 3032 2973 3033
f 3034 2974 2975
f 3033 2974 3034
f 3035 2975 2976
f 3034 2975 3035
f 3036 2976 2977
f 3035 2976 3036
f 3037 2977 2978
f 3036 2977 3037
f 2978 2979 3038
f 3039 2978 3038
f 3037 2978 3039
f 3040 3039 3038
f 3043 3042 3041
f 3041 3042 2981
f 2980 3041 2981
f 3044 3041 2980
f 3045 2980 2982
f 3044 2980 3045
f 3046 2982 2983
f 3045 2982 3046
f 2984 3048 3047
f 3046 2984 3047
f 2983 2984 3046
f 3048 2984 2985
f 2987 2988 3049
f 2987 3049 3050
f 3051 2988 2989
f 3049 2988 3051
f 3052 2989 2990
f 3051 2989 3052
f 3053 2990 2991
f 3052 2990 3053
f 3054 2991 2992
f 3053 2991 3054
f 3055 2992 2994
f 3054 2992 3055
f 3056 2994 2995
f 3055 2994 3056
f 3057 2995 2997
f 3056 2995 3057
f 3058 2997 2999
f 3057 2997 3058
f 3059 2999 3000
f 3058 2999 3059
f 3060 3000 3001
f 3059 3000 3060
f 3061 3001 3002
f 3060 3001 3061
f 3062 3002 3003
f 3061 3002 3062
f 3063 3003 3004
f 3062 3003 3063
f 3064 3004 3005
f 3063 3004 3064
f 3065 3005 3006
f 3064 3005 3065
f 3066 3006 3007
f 3065 3006 3066
f 3067 3007 3008
f 3066 3007 3067
f 3068 3008 3009
f 3067 3008 3068
f 3069 3009 3010
f 3068 3009 3069
f 3070 3010 3011
f 3069 3010 3070
f 3071 3011 3012
f 3070 3011 3071
f 3072 3012 3013
f 3071 3012 3072
f 3073 3013 3014
f 3072 3013 3073
f 3074 3014 3015
f 3073 3014 3074
f 3075 3015 3016
f 3074 3015 3075
f 3076 3016 3017
f 3075 3016 3076
f 3077 3017 3018
f 3076 3017 3077
f 3078 3018 3019
f 3077 3018 3078
f 3079 3019 3020
f 3078 3019 3079
f 3080 3020 3021
f 3079 3020 3080
f 3081 3021 3022
f 3080 3021 3081
f 3082 3022 3023
f 3081 3022 3082
f 3083 3023 3024
f 3082 3023 3083
f 3084 3024 3025
f 3083 3024 3084
f 3085 3025 3026
f 3084 3025 3085
f 3086 3026 3027
f 3085 3026 3086
f 3087 3027 3028
f 3086 3027 3087
f 3088 3028 3029
f 3087 3028 3088
f 3089 3029 3030
f 3088 3029 3089
f 3090 3030 3031
f 3089 3030 3090
f 3091 3031 3032
f 3090 3031 3091
f 3092 3032 3033
f 3091 3032 3092
f 3093 3033 3034
f 3092 3033 3093
f 3094 3034 3035
f 3093 3034 3094
f 3095 3035 3036
f 3094 3035 3095
f 3096 3036 3037
f 3095 3036 3096
f 3097 3037 3039
f 3096 3037 3097
f 3039 3040 3098
f 3099 3039 3098
f 3097 3039 3099
f 3101 3100 3099
f 3101 3099 3098
f 3102 3100 3101
f 3105 3104 3103
f 3107 3106 3103
f 3107 3103 3104
f 3106 3107 3043
f 3041 3106 3043
f 3108 3106 3041
f 3109 3041 3044
f 3108 3041 3109
f 3110 3044 3045
f 3109 3044 3110
f 3111 3045 3046
f 3110 3045 3111
f 3046 3047 3112
f 3046 3112 3111
f 3113 3050 3049
f 3115 3114 3113
f 3049 3115 3113
f 3051 3115 3049
f 3116 3051 3052
f 3115 3051 3116
f 3117 3052 3053
f 3116 3052 3117
f 3118 3053 3054
f 3117 3053 3118
f 3119 3054 3055
f 3118 3054 3119
f 3120 3055 3056
f 3119 3055 3120
f 3121 3056 3057
f 3120 3056 3121
f 3122 3057 3058
f 3121 3057 3122
f 3123 3058 3059
f 3122 3058 3123
f 3124 3059 3060
f 3123 3059 3124
f 3125 3060 3061
f 3124 3060 3125
f 3126 3061 3062
f 3125 3061 3126
f 3127 3062 3063
f 3126 3062 3127
f 3128 3063 3064
f 3127 3063 3128
f 3129 3064 3065
f 3128 3064 3129
f 3130 3065 3066
f 3129 3065 3130
f 3131 3066 3067
f 3130 3066 3131
f 3132 3067 3068
f 3131 3067 3132
f 3133 3068 3069
f 3132 3068 3133
f 3134 3069 3070
f 3133 3069 3134
f 3135 3070 3071
f 3134 3070 3135
f 3136 3071 3072
f 3135 3071 3136
f 3137 3072 3073
f 3136 3072 3137
f 3138 3073 3074
f 3137 3073 3138
f 3139 3074 3075
f 3138 3074 3139
f 3140 3075 3076
f 3139 3075 3140
f 3141 3076 3077
f 3140 3076 3141
f 3142 3077 3078
f 3141 3077 3142
f 3143 3078 3079
f 3142 3078 3143
f 3144 3079 3080
f 3143 3079 3144
f 3145 3080 3081
f 3144 3080 3145
f 3146 3081 3082
f 3145 3081 3146
f 3147 3082 3083
f 3146 3082 3147
f 3148 3083 3084
f 3147 3083 3148
f 3149 3084 3085
f 3148 3084 3149
f 3150 3085 3086
f 3149 3085 3150
f 3151 3086 3087
f 3150 3086 3151
f 3152 3087 3088
f 3151 3087 3152
f 3153 3088 3089
f 3152 3088 3153
f 3154 3089 3090
f 3153 3089 3154
f 3155 3090 3091
f 3154 3090 3155
f 3156 3091 3092
f 3155 3091 3156
f 3157 3092 3093
f 3156 3092 3157
f 3158 3093 3094
f 3157 3093 3158
f 3159 3094 3095
f 3158 3094 3159
f 3160 3095 3096
f 3159 3095 3160
f 3161 3096 3097
f 3160 3096 3161
f 3162 3097 3099
f 3161 3097 3162
f 3163 3099 3100
f 3162 3099 3163
f 3100 3102 3164
f 3165 3100 3164
f 3163 3100 3165
f 3165 3164 3105
f 3103 3165 3105
f 3166 3165 3103
f 3167 3103 3106
f 3166 3103 3167
f 3168 3106 3108
f 3167 3106 3168
f 3169 3108 3109
f 3168 3108 3169
f 3170 3109 3110
f 3169 3109 3170
f 3111 3172 3171
f 3170 3111 3171
f 3110 3111 3170
f 3172 3111 3112
f 3114 3115 3173
f 3114 3173 3174
f 3175 3115 3116
f 3173 3115 3175
f 3176 3116 3117
f 3175 3116 3176
f 3177 3117 3118
f 3176 3117 3177
f 3178 3118 3119
f 3177 3118 3178
f 3179 3119 3120
f 3178 3119 3179
f 3180 3120 3121
f 3179 3120 3180
f 3181 3121 3122
f 3180 3121 3181
f 3182 3122 3123
f 3181 3122 3182
f 3183 3123 3124
f 3182 3123 3183
f 3184 3124 3125
f 3183 3124 3184
f 3185 3125 3126
f 3184 3125 3185
f 3186 3126 3127
f 3185 3126 3186
f 3187 3127 3128
f 3186 3127 3187
f 3188 3128 3129
f 3187 3128 3188
f 3189 3129 3130
f 3188 3129 3189
f 3190 3130 3131
f 3189 3130 3190
f 3191 3131 3132
f 3190 3131 3191
f 3192 3132 3133
f 3191 3132 3192
f 3193 3133 3134
f 3192 3133 3193
f 3194 3134 3135
f 3193 3134 3194
f 3195 3135 3136
f 3194 3135 3195
f 3196 3136 3137
f 3195 3136 3196
f 3197 3137 3138
f 3196 3137 3197
f 3198 3138 3139
f 3197 3138 3198
f 3199 3139 3140
f 3198 3139 3199
f 3200 3140 3141
f 3199 3140 3200
f 3201 3141 3142
f 3200 3141 3201
f 3202 3142 3143
f 3201 3142 3202
f 3203 3143 3144
f 3202 3143 3203
f 3204 3144 3145
f 3203 3144 3204
f 3205 3145 3146
f 3204 3145 3205
f 3206 3146 3147
f 3205 3146 3206
f 3207 3147 3148
f 3206 3147 3207
f 3208 3148 3149
f 3207 3148 3208
f 3209 3149 3150
f 3208 3149 3209
f 3210 3150 3151
f 3209 3150 3210
f 3211 3151 3152
f 3210 3151 3211
f 3212 3152 3153
f 3211 3152 3212
f 3213 3153 3154
f 3212 3153 3213
f 3214 3154 3155
f 3213 3154 3214
f 3215 3155 3156
f 3214 3155 3215
f 3216 3156 3157
f 3215 3156 3216
f 3217 3157 3158
f 3216 3157 3217
f 3218 3158 3159
f 3217 3158 3218
f 3219 3159 3160
f 3218 3159 3219
f 3220 3160 3161
f 3219 3160 3220
f 3221 3161 3162
f 3220 3161 3221
f 3222 3162 3163
f 3221 3162 3222
f 3223 3163 3165
f 3222 3163 3223
f 3224 3165 3166
f 3223 3165 3224
f 3225 3166 3167
f 3224 3166 3225
f 3226 3167 3168
f 3225 3167 3226
f 3227 3168 3169
f 3226 3168 3227
f 3228 3169 3170
f 3227 3169 3228
f 3170 3171 3229
f 3170 3229 3228
f 3230 3174 3173
f 3232 3231 3230
f 3173 3232 3230
f 3175 3232 3173
f 3233 3175 3176
f 3232 3175 3233
f 3234 3176 3177
f 3233 3176 3234
f 3235 3177 3178
f 3234 3177 3235
f 3236 3178 3179
f 3235 3178 3236
f 3237 3179 3180
f 3236 3179 3237
f 3238 3180 3181
f 3237 3180 3238
f 3239 3181 3182
f 3238 3181 3239
f 3240 3182 3183
f 3239 3182 3240
f 3241 3183 3184
f 3240 3183 3241
f 3242 3184 3185
f 3241 3184 3242
f 3243 3185 3186
f 3242 3185 3243
f 3244 3186 3187
f 3243 3186 3244
f 3245 3187 3188
f 3244 3187 3245
f 3246 3188 3189
f 3245 3188 3246
f 3247 3189 3190
f 3246 3189 3247
f 3248 3190 3191
f 3247 3190 3248
f 3249 3191 3192
f 3248 3191 3249
f 3250 3192 3193
f 3249 3192 3250
f 3251 3193 3194
f 3250 3193 3251
f 3252 3194 3195
f 3251 3194 3252
f 3253 3195 3196
f 3252 3195 3253
f 3254 3196 3197
f 3253 3196 3254
f 3255 3197 3198
f 3254 3197 3255
f 3256 3198 3199
f 3255 3198 3256
f 3257 3199 3200
f 3256 3199 3257
f 3258 3200 3201
f 3257 3200 3258
f 3259 3201 3202
f 3258 3201 3259
f 3260 3202 3203
f 3259 3202 3260
f 3261 3203 3204
f 3260 3203 3261
f 3262 3204 3205
f 3261 3204 3262
f 3263 3205 3206
f 3262 3205 3263
f 3264 3206 3207
f 3263 3206 3264
f 3265 3207 3208
f 3264 3207 3265
f 3266 3208 3209
f 3265 3208 3266
f 3267 3209 3210
f 3266 3209 3267
f 3268 3210 3211
f 3267 3210 3268
f 3269 3211 3212
f 3268 3211 3269
f 3213 3271 3270
f 3269 3213 3270
f 3212 3213 3269
f 3271 3213 3214
f 3271 3214 3272
f 3272 3214 3215
f 3272 3215 3273
f 3275 3274 3273
f 3215 3275 3273
f 3216 3275 3215
f 3276 3216 3217
f 3275 3216 3276
f 3277 3217 3218
f 3276 3217 3277
f 3278 3218 3219
f 3277 3218 3278
f 3279 3219 3220
f 3278 3219 3279
f 3280 3220 3221
f 3279 3220 3280
f 3281 3221 3222
f 3280 3221 3281
f 3282 3222 3223
f 3281 3222 3282
f 3283 3223 3224
f 3282 3223 3283
f 3284 3224 3225
f 3283 3224 3284
f 3285 3225 3226
f 3284 3225 3285
f 3286 3226 3227
f 3285 3226 3286
f 3228 3288 3287
f 3286 3228 3287
f 3227 3228 3286
f 3288 3228 3229
f 3289 3231 3232
f 3291 3290 3289
f 3232 3291 3289
f 3233 3291 3232
f 3292 3233 3234
f 3291 3233 3292
f 3293 3234 3235
f 3292 3234 3293
f 3294 3235 3236
f 3293 3235 3294
f 3295 3236 3237
f 3294 3236 3295
f 3296 3237 3238
f 3295 3237 3296
f 3297 3238 3239
f 3296 3238 3297
f 3298 3239 3240
f 3297 3239 3298
f 3299 3240 3241
f 3298 3240 3299
f 3300 3241 3242
f 3299 3241 3300
f 3301 3242 3243
f 3300 3242 3301
f 3244 3303 3302
f 3301 3244 3302
f 3243 3244 3301
f 3303 3244 3245
f 3303 3245 3304
f 3304 3245 3246
f 3304 3246 3305
f 3305 3246 3247
f 3305 3247 3306
f 3308 3307 3306
f 3247 3308 3306
f 3248 3308 3247
f 3309 3248 3249
f 3308 3248 3309
f 3310 3249 3250
f 3309 3249 3310
f 3311 3250 3251
f 3310 3250 3311
f 3312 3251 3252
f 3311 3251 3312
f 3313 3252 3253
f 3312 3252 3313
f 3314 3253 3254
f 3313 3253 3314
f 3315 3254 3255
f 3314 3254 3315
f 3316 3255 3256
f 3315 3255 3316
f 3317 3256 3257
f 3316 3256 3317
f 3318 3257 3258
f 3317 3257 3318
f 3319 3258 3259
f 3318 3258 3319
f 3320 3259 3260
f 3319 3259 3320
f 3321 3260 3261
f 3320 3260 3321
f 3322 3261 3262
f 3321 3261 3322
f 3323 3262 3263
f 3322 3262 3323
f 3324 3263 3264
f 3323 3263 3324
f 3325 3264 3265
f 3324 3264 3325
f 3326 3265 3266
f 3325 3265 3326
f 3327 3266 3267
f 3326 3266 3327
f 3328 3267 3268
f 3327 3267 3328
f 3269 3330 3329
f 3328 3269 3329
f 3268 3269 3328
f 3330 3269 3270
f 3331 3274 3275
f 3333 3332 3331
f 3275 3333 3331
f 3276 3333 3275
f 3334 3276 3277
f 3333 3276 3334
f 3335 3277 3278
f 3334 3277 3335
f 3336 3278 3279
f 3335 3278 3336
f 3337 3279 3280
f 3336 3279 3337
f 3338 3280 3281
f 3337 3280 3338
f 3339 3281 3282
f 3338 3281 3339
f 3340 3282 3283
f 3339 3282 3340
f 3341 3283 3284
f 3340 3283 3341
f 3342 3284 3285
f 3341 3284 3342
f 3286 3344 3343
f 3342 3286 3343
f 3285 3286 3342
f 3344 3286 3287
f 3345 3290 3291
f 3347 3346 3345
f 3291 3347 3345
f 3292 3347 3291
f 3348 3292 3293
f 3347 3292 3348
f 3349 3293 3294
f 3348 3293 3349
f 3350 3294 3295
f 3349 3294 3350
f 3351 3295 3296
f 3350 3295 3351
f 3352 3296 3297
f 3351 3296 3352
f 3353 3297 3298
f 3352 3297 3353
f 3354 3298 3299
f 3353 3298 3354
f 3355 3299 3300
f 3354 3299 3355
f 3356 3300 3301
f 3355 3300 3356
f 3301 3302 3357
f 3301 3357 3356
f 3307 3308 3358
f 3307 3358 3359
f 3360 3308 3309
f 3358 3308 3360
f 3361 3309 3310
f 3360 3309 3361
f 3362 3310 3311
f 3361 3310 3362
f 3363 3311 3312
f 3362 3311 3363
f 3364 3312 3313
f 3363 3312 3364
f 3365 3313 3314
f 3364 3313 3365
f 3366 3314 3315
f 3365 3314 3366
f 3367 3315 3316
f 3366 3315 3367
f 3368 3316 3317
f 3367 3316 3368
f 3369 3317 3318
f 3368 3317 3369
f 3370 3318 3319
f 3369 3318 3370
f 3371 3319 3320
f 3370 3319 3371
f 3372 3320 3321
f 3371 3320 3372
f 3373 3321 3322
f 3372 3321 3373
f 3374 3322 3323
f 3373 3322 3374
f 3375 3323 3324
f 3374 3323 3375
f 3376 3324 3325
f 3375 3324 3376
f 3377 3325 3326
f 3376 3325 3377
f 3378 3326 3327
f 3377 3326 3378
f 3328 3380 3379
f 3378 3328 3379
f 3327 3328 3378
f 3380 3328 3329
f 3332 3333 3381
f 3332 3381 3382
f 3383 3333 3334
f 3381 3333 3383
f 3384 3334 3335
f 3383 3334 3384
f 3385 3335 3336
f 3384 3335 3385
f 3386 3336 3337
f 3385 3336 3386
f 3387 3337 3338
f 3386 3337 3387
f 3388 3338 3339
f 3387 3338 3388
f 3389 3339 3340
f 3388 3339 3389
f 3390 3340 3341
f 3389 3340 3390
f 3342 3392 3391
f 3390 3342 3391
f 3341 3342 3390
f 3392 3342 3343
f 3393 3346 3347
f 3395 3394 3393
f 3347 3395 3393
f 3348 3395 3347
f 3396 3348 3349
f 3395 3348 3396
f 3397 3349 3350
f 3396 3349 3397
f 3398 3350 3351
f 3397 3350 3398
f 3399 3351 3352
f 3398 3351 3399
f 3400 3352 3353
f 3399 3352 3400
f 3401 3353 3354
f 3400 3353 3401
f 3402 3354 3355
f 3401 3354 3402
f 3403 3355 3356
f 3402 3355 3403
f 3356 3357 3404
f 3356 3404 3403
f 3359 3358 3405
f 3359 3405 3406
f 3407 3358 3360
f 3405 3358 3407
f 3408 3360 3361
f 3407 3360 3408
f 3409 3361 3362
f 3408 3361 3409
f 3410 3362 3363
f 3409 3362 3410
f 3411 3363 3364
f 3410 3363 3411
f 3412 3364 3365
f 3411 3364 3412
f 3413 3365 3366
f 3412 3365 3413
f 3414 3366 3367
f 3413 3366 3414
f 3415 3367 3368
f 3414 3367 3415
f 3416 3368 3369
f 3415 3368 3416
f 3417 3369 3370
f 3416 3369 3417
f 3418 3370 3371
f 3417 3370 3418
f 3419 3371 3372
f 3418 3371 3419
f 3420 3372 3373
f 3419 3372 3420
f 3421 3373 3374
f 3420 3373 3421
f 3422 3374 3375
f 3421 3374 3422
f 3423 3375 3376
f 3422 3375 3423
f 3424 3376 3377
f 3423 3376 3424
f 3425 3377 3378
f 3424 3377 3425
f 3378 3379 3426
f 3378 3426 3425
f 3382 3381 3427
f 3382 3427 3428
f 3429 3381 3383
f 3427 3381 3429
f 3430 3383 3384
f 3429 3383 3430
f 3431 3384 3385
f 3430 3384 3431
f 3432 3385 3386
f 3431 3385 3432
f 3433 3386 3387
f 3432 3386 3433
f 3434 3387 3388
f 3433 3387 3434
f 3435 3388 3389
f 3434 3388 3435
f 3390 3437 3436
f 3435 3390 3436
f 3389 3390 3435
f 3437 3390 3391
f 3438 3394 3395
f 3440 3439 3438
f 3395 3440 3438
f 3396 3440 3395
f 3441 3396 3397
f 3440 3396 3441
f 3442 3397 3398
f 3441 3397 3442
f 3443 3398 3399
f 3442 3398 3443
f 3444 3399 3400
f 3443 3399 3444
f 3445 3400 3401
f 3444 3400 3445
f 3446 3401 3402
f 3445 3401 3446
f 3447 3402 3403
f 3446 3402 3447
f 3403 3404 3448
f 3403 3448 3447
f 3406 3405 3449
f 3406 3449 3450
f 3451 3405 3407
f 3449 3405 3451
f 3452 3407 3408
f 3451 3407 3452
f 3453 3408 3409
f 3452 3408 3453
f 3454 3409 3410
f 3453 3409 3454
f 3455 3410 3411
f 3454 3410 3455
f 3456 3411 3412
f 3455 3411 3456
f 3457 3412 3413
f 3456 3412 3457
f 3458 3413 3414
f 3457 3413 3458
f 3415 3460 3459
f 3458 3415 3459
f 3414 3415 3458
f 3460 3415 3416
f 3460 3416 3461
f 3461 3416 3417
f 3461 3417 3462
f 3464 3463 3462
f 3417 3464 3462
f 3418 3464 3417
f 3465 3418 3419
f 3464 3418 3465
f 3466 3419 3420
f 3465 3419 3466
f 3467 3420 3421
f 3466 3420 3467
f 3468 3421 3422
f 3467 3421 3468
f 3469 3422 3423
f 3468 3422 3469
f 3470 3423 3424
f 3469 3423 3470
f 3471 3424 3425
f 3470 3424 3471
f 3425 3426 3472
f 3425 3472 3471
f 3428 3427 3473
f 3428 3473 3474
f 3475 3427 3429
f 3473 3427 3475
f 3476 3429 3430
f 3475 3429 3476
f 3477 3430 3431
f 3476 3430 3477
f 3478 3431 3432
f 3477 3431 3478
f 3479 3432 3433
f 3478 3432 3479
f 3480 3433 3434
f 3479 3433 3480
f 3435 3482 3481
f 3480 3435 3481
f 3434 3435 3480
f 3482 3435 3436
f 3483 3439 3440
f 3485 3484 3483
f 3440 3485 3483
f 3441 3485 3440
f 3486 3441 3442
f 3485 3441 3486
f 3487 3442 3443
f 3486 3442 3487
f 3488 3443 3444
f 3487 3443 3488
f 3489 3444 3445
f 3488 3444 3489
f 3490 3445 3446
f 3489 3445 3490
f 3491 3446 3447
f 3490 3446 3491
f 3447 3448 3492
f 3493 3447 3492
f 3491 3447 3493
f 3495 3494 3493
f 3495 3493 3492
f 3497 3496 3494
f 3497 3494 3495
f 3499 3498 3496
f 3499 3496 3497
f 3498 3499 3450
f 3449 3498 3450
f 3500 3498 3449
f 3501 3449 3451
f 3500 3449 3501
f 3502 3451 3452
f 3501 3451 3502
f 3503 3452 3453
f 3502 3452 3503
f 3504 3453 3454
f 3503 3453 3504
f 3505 3454 3455
f 3504 3454 3505
f 3506 3455 3456
f 3505 3455 3506
f 3507 3456 3457
f 3506 3456 3507
f 3458 3509 3508
f 3507 3458 3508
f 3457 3458 3507
f 3509 3458 3459
f 3510 3463 3464
f 3512 3511 3510
f 3464 3512 3510
f 3465 3512 3464
f 3513 3465 3466
f 3512 3465 3513
f 3514 3466 3467
f 3513 3466 3514
f 3515 3467 3468
f 3514 3467 3515
f 3516 3468 3469
f 3515 3468 3516
f 3517 3469 3470
f 3516 3469 3517
f 3518 3470 3471
f 3517 3470 3518
f 3471 3472 3519
f 3520 3471 3519
f 3518 3471 3520
f 3521 3520 3519
f 3524 3523 3522
f 3522 3523 3474
f 3473 3522 3474
f 3525 3522 3473
f 3526 3473 3475
f 3525 3473 3526
f 3527 3475 3476
f 3526 3475 3527
f 3528 3476 3477
f 3527 3476 3528
f 3529 3477 3478
f 3528 3477 3529
f 3530 3478 3479
f 3529 3478 3530
f 3480 3532 3531
f 3530 3480 3531
f 3479 3480 3530
f 3532 3480 3481
f 3533 3484 3485
f 3535 3534 3533
f 3485 3535 3533
f 3486 3535 3485
f 3536 3486 3487
f 3535 3486 3536
f 3537 3487 3488
f 3536 3487 3537
f 3538 3488 3489
f 3537 3488 3538
f 3539 3489 3490
f 3538 3489 3539
f 3540 3490 3491
f 3539 3490 3540
f 3541 3491 3493
f 3540 3491 3541
f 3542 3493 3494
f 3541 3493 3542
f 3543 3494 3496
f 3542 3494 3543
f 3544 3496 3498
f 3543 3496 3544
f 3545 3498 3500
f 3544 3498 3545
f 3546 3500 3501
f 3545 3500 3546
f 3547 3501 3502
f 3546 3501 3547
f 3548 3502 3503
f 3547 3502 3548
f 3549 3503 3504
f 3548 3503 3549
f 3550 3504 3505
f 3549 3504 3550
f 3551 3505 3506
f 3550 3505 3551
f 3552 3506 3507
f 3551 3506 3552
f 3507 3508 3553
f 3507 3553 3552
f 3511 3512 3554
f 3511 3554 3555
f 3556 3512 3513
f 3554 3512 3556
f 3557 3513 3514
f 3556 3513 3557
f 3558 3514 3515
f 3557 3514 3558
f 3559 3515 3516
f 3558 3515 3559
f 3560 3516 3517
f 3559 3516 3560
f 3561 3517 3518
f 3560 3517 3561
f 3562 3518 3520
f 3561 3518 3562
f 3520 3521 3563
f 3564 3520 3563
f 3562 3520 3564
f 3566 3565 3564
f 3566 3564 3563
f 3568 3567 3565
f 3568 3565 3566
f 3570 3569 3567
f 3570 3567 3568
f 3569 3570 3524
f 3522 3569 3524
f 3571 3569 3522
f 3572 3522 3525
f 3571 3522 3572
f 3573 3525 3526
f 3572 3525 3573
f 3574 3526 3527
f 3573 3526 3574
f 3575 3527 3528
f 3574 3527 3575
f 3576 3528 3529
f 3575 3528 3576
f 3530 3578 3577
f 3576 3530 3577
f 3529 3530 3576
f 3578 3530 3531
f 3579 3534 3535
f 3581 3580 3579
f 3535 3581 3579
f 3536 3581 3535
f 3582 3536 3537
f 3581 3536 3582
f 3583 3537 3538
f 3582 3537 3583
f 3584 3538 3539
f 3583 3538 3584
f 3585 3539 3540
f 3584 3539 3585
f 3586 3540 3541
f 3585 3540 3586
f 3587 3541 3542
f 3586 3541 3587
f 3588 3542 3543
f 3587 3542 3588
f 3589 3543 3544
f 3588 3543 3589
f 3590 3544 3545
f 3589 3544 3590
f 3591 3545 3546
f 3590 3545 3591
f 3592 3546 3547
f 3591 3546 3592
f 3593 3547 3548
f 3592 3547 3593
f 3594 3548 3549
f 3593 3548 3594
f 3595 3549 3550
f 3594 3549 3595
f 3596 3550 3551
f 3595 3550 3596
f 3597 3551 3552
f 3596 3551 3597
f 3552 3553 3598
f 3552 3598 3597
f 3555 3554 3599
f 3555 3599 3600
f 3601 3554 3556
f 3599 3554 3601
f 3602 3556 3557
f 3601 3556 3602
f 3603 3557 3558
f 3602 3557 3603
f 3604 3558 3559
f 3603 3558 3604
f 3605 3559 3560
f 3604 3559 3605
f 3606 3560 3561
f 3605 3560 3606
f 3607 3561 3562
f 3606 3561 3607
f 3608 3562 3564
f 3607 3562 3608
f 3609 3564 3565
f 3608 3564 3609
f 3610 3565 3567
f 3609 3565 3610
f 3611 3567 3569
f 3610 3567 3611
f 3612 3569 3571
f 3611 3569 3612
f 3613 3571 3572
f 3612 3571 3613
f 3614 3572 3573
f 3613 3572 3614
f 3615 3573 3574
f 3614 3573 3615
f 3616 3574 3575
f 3615 3574 3616
f 3576 3618 3617
f 3616 3576 3617
f 3575 3576 3616
f 3618 3576 3577
f 3619 3580 3581
f 3619 3581 3582
f 3619 3582 3620
f 3622 3621 3620
f 3582 3622 3620
f 3583 3622 3582
f 3623 3583 3584
f 3622 3583 3623
f 3624 3584 3585
f 3623 3584 3624
f 3625 3585 3586
f 3624 3585 3625
f 3626 3586 3587
f 3625 3586 3626
f 3627 3587 3588
f 3626 3587 3627
f 3628 3588 3589
f 3627 3588 3628
f 3629 3589 3590
f 3628 3589 3629
f 3630 3590 3591
f 3629 3590 3630
f 3631 3591 3592
f 3630 3591 3631
f 3632 3592 3593
f 3631 3592 3632
f 3633 3593 3594
f 3632 3593 3633
f 3634 3594 3595
f 3633 3594 3634
f 3635 3595 3596
f 3634 3595 3635
f 3636 3596 3597
f 3635 3596 3636
f 3597 3598 3637
f 3638 3597 3637
f 3636 3597 3638
f 3639 3638 3637
f 3642 3641 3640
f 3640 3641 3600
f 3599 3640 3600
f 3643 3640 3599
f 3644 3599 3601
f 3643 3599 3644
f 3645 3601 3602
f 3644 3601 3645
f 3646 3602 3603
f 3645 3602 3646
f 3647 3603 3604
f 3646 3603 3647
f 3648 3604 3605
f 3647 3604 3648
f 3649 3605 3606
f 3648 3605 3649
f 3650 3606 3607
f 3649 3606 3650
f 3651 3607 3608
f 3650 3607 3651
f 3652 3608 3609
f 3651 3608 3652
f 3653 3609 3610
f 3652 3609 3653
f 3654 3610 3611
f 3653 3610 3654
f 3655 3611 3612
f 3654 3611 3655
f 3656 3612 3613
f 3655 3612 3656
f 3657 3613 3614
f 3656 3613 3657
f 3658 3614 3615
f 3657 3614 3658
f 3616 3660 3659
f 3658 3616 3659
f 3615 3616 3658
f 3660 3616 3617
f 3661 3621 3622
f 3663 3662 3661
f 3622 3663 3661
f 3623 3663 3622
f 3664 3623 3624
f 3663 3623 3664
f 3665 3624 3625
f 3664 3624 3665
f 3666 3625 3626
f 3665 3625 3666
f 3667 3626 3627
f 3666 3626 3667
f 3668 3627 3628
f 3667 3627 3668
f 3669 3628 3629
f 3668 3628 3669
f 3670 3629 3630
f 3669 3629 3670
f 3671 3630 3631
f 3670 3630 3671
f 3672 3631 3632
f 3671 3631 3672
f 3673 3632 3633
f 3672 3632 3673
f 3674 3633 3634
f 3673 3633 3674
f 3675 3634 3635
f 3674 3634 3675
f 3676 3635 3636
f 3675 3635 3676
f 3677 3636 3638
f 3676 3636 3677
f 3638 3639 3678
f 3679 3638 3678
f 3677 3638 3679
f 3681 3680 3679
f 3681 3679 3678
f 3683 3682 3680
f 3683 3680 3681
f 3682 3683 3642
f 3640 3682 3642
f 3684 3682 3640
f 3685 3640 3643
f 3684 3640 3685
f 3686 3643 3644
f 3685 3643 3686
f 3687 3644 3645
f 3686 3644 3687
f 3688 3645 3646
f 3687 3645 3688
f 3689 3646 3647
f 3688 3646 3689
f 3690 3647 3648
f 3689 3647 3690
f 3691 3648 3649
f 3690 3648 3691
f 3692 3649 3650
f 3691 3649 3692
f 3693 3650 3651
f 3692 3650 3693
f 3694 3651 3652
f 3693 3651 3694
f 3695 3652 3653
f 3694 3652 3695
f 3696 3653 3654
f 3695 3653 3696
f 3697 3654 3655
f 3696 3654 3697
f 3698 3655 3656
f 3697 3655 3698
f 3657 3700 3699
f 3698 3657 3699
f 3656 3657 3698
f 3700 3657 3658
f 3700 3658 3701
f 3701 3658 3659
f 3702 3662 3663
f 3702 3663 3664
f 3702 3664 3703
f 3705 3704 3703
f 3664 3705 3703
f 3665 3705 3664
f 3706 3665 3666
f 3705 3665 3706
f 3707 3666 3667
f 3706 3666 3707
f 3708 3667 3668
f 3707 3667 3708
f 3709 3668 3669
f 3708 3668 3709
f 3710 3669 3670
f 3709 3669 3710
f 3711 3670 3671
f 3710 3670 3711
f 3712 3671 3672
f 3711 3671 3712
f 3713 3672 3673
f 3712 3672 3713
f 3714 3673 3674
f 3713 3673 3714
f 3715 3674 3675
f 3714 3674 3715
f 3716 3675 3676
f 3715 3675 3716
f 3717 3676 3677
f 3716 3676 3717
f 3718 3677 3679
f 3717 3677 3718
f 3719 3679 3680
f 3718 3679 3719
f 3720 3680 3682
f 3719 3680 3720
f 3721 3682 3684
f 3720 3682 3721
f 3722 3684 3685
f 3721 3684 3722
f 3723 3685 3686
f 3722 3685 3723
f 3724 3686 3687
f 3723 3686 3724
f 3725 3687 3688
f 3724 3687 3725
f 3726 3688 3689
f 3725 3688 3726
f 3727 3689 3690
f 3726 3689 3727
f 3728 3690 3691
f 3727 3690 3728
f 3729 3691 3692
f 3728 3691 3729
f 3730 3692 3693
f 3729 3692 3730
f 3731 3693 3694
f 3730 3693 3731
f 3732 3694 3695
f 3731 3694 3732
f 3733 3695 3696
f 3732 3695 3733
f 3697 3735 3734
f 3733 3697 3734
f 3696 3697 3733
f 3735 3697 3698
f 3735 3698 3736
f 3736 3698 3699
f 3737 3704 3705
f 3737 3705 3706
f 3737 3706 3738
f 3740 3739 3738
f 3706 3740 3738
f 3707 3740 3706
f 3741 3707 3708
f 3740 3707 3741
f 3742 3708 3709
f 3741 3708 3742
f 3743 3709 3710
f 3742 3709 3743
f 3744 3710 3711
f 3743 3710 3744
f 3745 3711 3712
f 3744 3711 3745
f 3746 3712 3713
f 3745 3712 3746
f 3747 3713 3714
f 3746 3713 3747
f 3748 3714 3715
f 3747 3714 3748
f 3749 3715 3716
f 3748 3715 3749
f 3750 3716 3717
f 3749 3716 3750
f 3751 3717 3718
f 3750 3717 3751
f 3752 3718 3719
f 3751 3718 3752
f 3753 3719 3720
f 3752 3719 3753
f 3754 3720 3721
f 3753 3720 3754
f 3755 3721 3722
f 3754 3721 3755
f 3756 3722 3723
f 3755 3722 3756
f 3757 3723 3724
f 3756 3723 3757
f 3758 3724 3725
f 3757 3724 3758
f 3759 3725 3726
f 3758 3725 3759
f 3760 3726 3727
f 3759 3726 3760
f 3761 3727 3728
f 3760 3727 3761
f 3762 3728 3729
f 3761 3728 3762
f 3763 3729 3730
f 3762 3729 3763
f 3764 3730 3731
f 3763 3730 3764
f 3732 3766 3765
f 3764 3732 3765
f 3731 3732 3764
f 3766 3732 3733
f 3766 3733 3767
f 3767 3733 3734
f 3768 3739 3740
f 3768 3740 3741
f 3768 3741 3769
f 3769 3741 3742
f 3769 3742 3770
f 3772 3771 3770
f 3742 3772 3770
f 3743 3772 3742
f 3773 3743 3744
f 3772 3743 3773
f 3774 3744 3745
f 3773 3744 3774
f 3775 3745 3746
f 3774 3745 3775
f 3776 3746 3747
f 3775 3746 3776
f 3777 3747 3748
f 3776 3747 3777
f 3778 3748 3749
f 3777 3748 3778
f 3779 3749 3750
f 3778 3749 3779
f 3780 3750 3751
f 3779 3750 3780
f 3781 3751 3752
f 3780 3751 3781
f 3782 3752 3753
f 3781 3752 3782
f 3783 3753 3754
f 3782 3753 3783
f 3784 3754 3755
f 3783 3754 3784
f 3785 3755 3756
f 3784 3755 3785
f 3786 3756 3757
f 3785 3756 3786
f 3787 3757 3758
f 3786 3757 3787
f 3788 3758 3759
f 3787 3758 3788
f 3789 3759 3760
f 3788 3759 3789
f 3790 3760 3761
f 3789 3760 3790
f 3762 3792 3791
f 3790 3762 3791
f 3761 3762 3790
f 3792 3762 3763
f 3792 3763 3793
f 3793 3763 3764
f 3793 3764 3794
f 3794 3764 3765
f 3795 3771 3772
f 3795 3772 3773
f 3795 3773 3796
f 3796 3773 3774
f 3796 3774 3797
f 3797 3774 3775
f 3797 3775 3798
f 3798 3775 3776
f 3798 3776 3799
f 3801 3800 3799
f 3776 3801 3799
f 3777 3801 3776
f 3802 3777 3778
f 3801 3777 3802
f 3803 3778 3779
f 3802 3778 3803
f 3804 3779 3780
f 3803 3779 3804
f 3805 3780 3781
f 3804 3780 3805
f 3806 3781 3782
f 3805 3781 3806
f 3807 3782 3783
f 3806 3782 3807
f 3808 3783 3784
f 3807 3783 3808
f 3809 3784 3785
f 3808 3784 3809
f 3786 3811 3810
f 3809 3786 3810
f 3785 3786 3809
f 3811 3786 3787
f 3811 3787 3812
f 3812 3787 3788
f 3812 3788 3813
f 3813 3788 3789
f 3813 3789 3814
f 3814 3789 3790
f 3814 3790 3815
f 3815 3790 3791
f 3816 3800 3801
f 3816 3801 3802
f 3816 3802 3817
f 3817 3802 3803
f 3817 3803 3818
f 3818 3803 3804
f 3818 3804 3819
f 3819 3804 3805
f 3819 3805 3820
f 3820 3805 3806
f 3820 3806 3821
f 3821 3806 3807
f 3821 3807 3822
f 3822 3807 3808
f 3822 3808 3823
f 3823 3808 3809
f 3823 3809 3824
f 3824 3809 3810
f 3826 3825 234
f 3826 234 235
f 234 3827 237
f 3825 3827 234
f 237 3828 239
f 3827 3828 237
f 239 3829 241
f 3828 3829 239
f 241 3830 243
f 3829 3830 241
f 243 3831 245
f 3830 3831 243
f 245 3832 247
f 3831 3832 245
f 247 3833 249
f 3832 3833 247
f 249 3834 251
f 3833 3834 249
f 251 3835 253
f 3834 3835 251
f 253 3836 255
f 3835 3836 253
f 255 3837 257
f 3836 3837 255
f 257 3838 259
f 3837 3838 257
f 259 3839 261
f 3838 3839 259
f 261 3840 263
f 3839 3840 261
f 264 263 3840
f 264 3840 3841
f 3843 3842 266
f 3843 266 267
f 266 3844 269
f 3842 3844 266
f 269 3845 271
f 3844 3845 269
f 235 271 3826
f 3826 271 3845
f 3841 3846 264
f 264 3846 287
f 287 3847 290
f 3846 3847 287
f 290 3848 292
f 3847 3848 290
f 293 292 3848
f 293 3848 3849
f 3851 3850 295
f 3851 295 296
f 295 3852 298
f 3850 3852 295
f 298 3853 300
f 3852 3853 298
f 267 300 3843
f 3843 300 3853
f 3849 3854 293
f 293 3854 322
f 322 3855 325
f 3854 3855 322
f 325 3856 327
f 3855 3856 325
f 328 327 3856
f 328 3856 3857
f 3859 3858 330
f 3859 330 331
f 330 3860 333
f 3858 3860 330
f 296 333 3851
f 3851 333 3860
f 3857 3861 328
f 328 3861 361
f 361 3862 364
f 3861 3862 361
f 365 364 3862
f 365 3862 3863
f 3865 3864 367
f 3865 367 368
f 367 3866 370
f 3864 3866 367
f 331 370 3859
f 3859 370 3866
f 3863 3867 365
f 365 3867 402
f 402 3868 405
f 3867 3868 402
f 406 405 3868
f 406 3868 3869
f 3871 3870 408
f 3871 408 409
f 368 408 3865
f 3865 408 3870
f 3869 3872 406
f 406 3872 445
f 447 445 3872
f 447 3872 3873
f 3875 3874 449
f 3875 449 450
f 449 3876 452
f 3874 3876 449
f 409 452 3871
f 3871 452 3876
f 3878 3877 472
f 472 3877 471
f 472 473 3878
f 3878 473 3879
f 3873 3880 447
f 447 3880 492
f 492 3881 495
f 3880 3881 492
f 496 495 3881
f 496 3881 3882
f 3884 3883 498
f 3884 498 499
f 450 498 3875
f 3875 498 3883
f 3877 520 471
f 3885 520 3877
f 522 3879 473
f 522 3886 3879
f 3882 3887 496
f 496 3887 542
f 544 542 3887
f 544 3887 3888
f 3890 3889 546
f 3890 546 547
f 499 546 3884
f 3884 546 3889
f 3885 3891 520
f 520 3891 569
f 522 569 3886
f 3886 569 3891
f 3888 3892 544
f 544 3892 592
f 594 592 3892
f 594 3892 3893
f 3895 3894 596
f 3895 596 597
f 547 596 3890
f 3890 596 3894
f 3897 3896 608
f 608 3896 607
f 3898 608 609
f 3898 3897 608
f 609 610 3898
f 3898 610 3899
f 3893 3900 594
f 594 3900 645
f 647 645 3900
f 647 3900 3901
f 3903 3902 649
f 3903 649 650
f 597 649 3895
f 3895 649 3902
f 3896 661 607
f 3904 661 3896
f 663 3899 610
f 663 3905 3899
f 3907 3906 688
f 688 3906 687
f 688 689 3907
f 3907 689 3908
f 3901 3909 647
f 647 3909 700
f 702 700 3909
f 702 3909 3910
f 3912 3911 704
f 3912 704 705
f 650 704 3903
f 3903 704 3911
f 3904 3913 661
f 661 3913 717
f 717 3914 720
f 3913 3914 717
f 663 720 3905
f 3905 720 3914
f 3906 3915 687
f 687 3915 745
f 689 745 3908
f 3908 745 3915
f 3910 3916 702
f 702 3916 758
f 760 758 3916
f 760 3916 3917
f 3919 3918 762
f 3919 762 763
f 705 762 3912
f 3912 762 3918
f 3917 3920 760
f 760 3920 815
f 817 815 3920
f 817 3920 3921
f 819 3919 763
f 819 3922 3919
f 3921 872 817
f 3923 872 3921
f 3925 3924 874
f 3925 874 875
f 819 874 3922
f 3922 874 3924
f 3923 3926 872
f 872 3926 929
f 931 929 3926
f 931 3926 3927
f 3929 3928 933
f 3929 933 934
f 875 933 3925
f 3925 933 3928
f 3927 3930 931
f 931 3930 990
f 992 990 3930
f 992 3930 3931
f 994 3929 934
f 994 3932 3929
f 3931 1051 992
f 3933 1051 3931
f 3935 3934 1053
f 3935 1053 1054
f 994 1053 3932
f 3932 1053 3934
f 3933 3936 1051
f 1051 3936 1112
f 1114 1112 3936
f 1114 3936 3937
f 1116 3935 1054
f 1116 3938 3935
f 3940 3939 1124
f 1124 3939 1123
f 1124 1125 3940
f 3940 1125 3941
f 3937 1177 1114
f 3942 1177 3937
f 3944 3943 1179
f 3944 1179 1180
f 1116 1179 3938
f 3938 1179 3943
f 3946 3945 1188
f 1188 3945 1187
f 1188 1123 3939
f 1188 3939 3946
f 3947 3941 1125
f 3947 1125 1189
f 1189 1190 3947
f 3947 1190 3948
f 3950 3949 1234
f 1234 3949 1233
f 1234 1235 3950
f 3950 1235 3951
f 3942 3952 1177
f 1177 3952 1243
f 1245 1243 3952
f 1245 3952 3953
f 1247 3944 1180
f 1247 3954 3944
f 3945 3955 1187
f 1187 3955 1254
f 1256 1254 3955
f 1256 3955 3956
f 1258 3948 1190
f 1258 3957 3948
f 3949 3958 1233
f 1233 3958 1300
f 1235 1300 3951
f 3951 1300 3958
f 3953 1310 1245
f 3959 1310 3953
f 1312 3954 1247
f 1312 3960 3954
f 3956 3961 1256
f 1256 3961 1320
f 1320 3962 1323
f 3961 3962 1320
f 1258 1323 3957
f 3957 1323 3962
f 3959 1375 1310
f 3963 1375 3959
f 3965 3964 1377
f 3965 1377 1378
f 1312 1377 3960
f 3960 1377 3964
f 3963 3966 1375
f 1375 3966 1440
f 1442 1440 3966
f 1442 3966 3967
f 1444 3965 1378
f 1444 3968 3965
f 3967 1507 1442
f 3969 1507 3967
f 1509 3968 1444
f 1509 3970 3968
f 3969 1572 1507
f 3971 1572 3969
f 1574 3970 1509
f 1574 3972 3970
f 3971 1637 1572
f 3973 1637 3971
f 3975 3974 1639
f 3975 1639 1640
f 1574 1639 3972
f 3972 1639 3974
f 3973 3976 1637
f 1637 3976 1704
f 1706 1704 3976
f 1706 3976 3977
f 1708 3975 1640
f 1708 3978 3975
f 3977 1773 1706
f 3979 1773 3977
f 1775 3978 1708
f 1775 3980 3978
f 3982 3981 1832
f 1832 3981 1831
f 3983 1832 1833
f 3983 3982 1832
f 3984 1833 1834
f 3984 3983 1833
f 3985 1834 1835
f 3985 3984 1834
f 1835 1836 3985
f 3985 1836 3986
f 3979 1842 1773
f 3987 1842 3979
f 1844 3980 1775
f 1844 3988 3980
f 3990 3989 1899
f 1899 3989 1898
f 3991 1899 1900
f 3991 3990 1899
f 1900 1831 3981
f 1900 3981 3991
f 3992 3986 1836
f 3992 1836 1901
f 1901 1902 3992
f 3992 1902 3993
f 3987 1907 1842
f 3994 1907 3987
f 1909 3988 1844
f 1909 3995 3988
f 3997 3996 1917
f 1917 3996 1916
f 1917 1918 3997
f 3997 1918 3998
f 3989 1965 1898
f 3999 1965 3989
f 4000 3993 1902
f 4000 1902 1966
f 1966 1967 4000
f 4000 1967 4001
f 3994 1971 1907
f 4002 1971 3994
f 1973 3995 1909
f 1973 4003 3995
f 4005 4004 1980
f 1980 4004 1979
f 1980 1916 3996
f 1980 3996 4005
f 4006 3998 1918
f 4006 1918 1981
f 1981 1982 4006
f 4006 1982 4007
f 4009 4008 2028
f 2028 4008 2027
f 2028 1965 3999
f 2028 3999 4009
f 2030 4001 1967
f 2030 4010 4001
f 4002 2033 1971
f 4011 2033 4002
f 2035 4003 1973
f 2035 4012 4003
f 4014 4013 2041
f 2041 4013 2040
f 2041 1979 4004
f 2041 4004 4014
f 2043 4007 1982
f 2043 4015 4007
f 4008 2087 2027
f 4016 2087 4008
f 2089 4010 2030
f 2089 4017 4010
f 4011 2092 2033
f 4018 2092 4011
f 2094 4012 2035
f 2094 4019 4012
f 4013 4020 2040
f 2040 4020 2099
f 2101 2099 4020
f 2101 4020 4021
f 2103 4015 2043
f 2103 4022 4015
f 4016 4023 2087
f 2087 4023 2147
f 2149 2147 4023
f 2149 4023 4024
f 2151 4017 2089
f 2151 4025 4017
f 4018 2154 2092
f 4026 2154 4018
f 2156 4019 2094
f 2156 4027 4019
f 4021 4028 2101
f 2101 4028 2162
f 2162 4029 2165
f 4028 4029 2162
f 2165 4030 2167
f 4029 4030 2165
f 2103 2167 4022
f 4022 2167 4030
f 4024 2213 2149
f 4031 2213 4024
f 4033 4032 2215
f 4033 2215 2216
f 2151 2215 4025
f 4025 2215 4032
f 4026 2220 2154
f 4034 2220 4026
f 2222 4027 2156
f 2222 4035 4027
f 4031 4036 2213
f 2213 4036 2276
f 2278 2276 4036
f 2278 4036 4037
f 2280 4033 2216
f 2280 4038 4033
f 4034 2284 2220
f 4039 2284 4034
f 2286 4035 2222
f 2286 4040 4035
f 4037 4041 2278
f 2278 4041 2341
f 2341 4042 2344
f 4041 4042 2341
f 2345 2344 4042
f 2345 4042 4043
f 4045 4044 2347
f 4045 2347 2348
f 2347 4046 2350
f 4044 4046 2347
f 2280 2350 4038
f 4038 2350 4046
f 4039 2355 2284
f 4047 2355 4039
f 2357 4040 2286
f 2357 4048 4040
f 4043 4049 2345
f 2345 4049 2414
f 2414 4050 2417
f 4049 4050 2414
f 2348 2417 4045
f 4045 2417 4050
f 4047 2424 2355
f 4051 2424 4047
f 4052 4048 2357
f 4052 2357 2425
f 2425 2426 4052
f 4052 2426 4053
f 4051 2491 2424
f 4054 2491 4051
f 2493 4053 2426
f 2493 4055 4053
f 4057 4056 2557
f 2557 4056 2556
f 2557 2491 4054
f 2557 4054 4057
f 2559 4055 2493
f 2559 4058 4055
f 4056 2622 2556
f 4059 2622 4056
f 2624 4058 2559
f 2624 4060 4058
f 4062 4061 2677
f 2677 4061 2676
f 4063 2677 2678
f 4063 4062 2677
f 4064 2678 2679
f 4064 4063 2678
f 2679 2680 4064
f 4064 2680 4065
f 4059 2689 2622
f 4066 2689 4059
f 4067 4060 2624
f 4067 2624 2690
f 2690 2691 4067
f 4067 2691 4068
f 4070 4069 2743
f 2743 4069 2742
f 2743 2676 4061
f 2743 4061 4070
f 4071 4065 2680
f 4071 2680 2744
f 2744 2745 4071
f 4071 2745 4072
f 4074 4073 2753
f 2753 4073 2752
f 2753 2689 4066
f 2753 4066 4074
f 2755 4068 2691
f 2755 4075 4068
f 4077 4076 2763
f 2763 4076 2762
f 4078 2763 2764
f 4078 4077 2763
f 4079 2764 2765
f 4079 4078 2764
f 2765 2766 4079
f 4079 2766 4080
f 4082 4081 2807
f 2807 4081 2806
f 2807 2742 4069
f 2807 4069 4082
f 4083 4072 2745
f 4083 2745 2808
f 2808 2809 4083
f 4083 2809 4084
f 4073 2815 2752
f 4085 2815 4073
f 2817 4075 2755
f 2817 4086 4075
f 4088 4087 2824
f 2824 4087 2823
f 2824 2762 4076
f 2824 4076 4088
f 4089 4080 2766
f 4089 2766 2825
f 2825 2826 4089
f 4089 2826 4090
f 4081 2865 2806
f 4091 2865 4081
f 2867 4084 2809
f 2867 4092 4084
f 4085 2872 2815
f 4093 2872 4085
f 4094 4086 2817
f 4094 2817 2873
f 2873 2874 4094
f 4094 2874 4095
f 4087 4096 2823
f 2823 4096 2880
f 2882 2880 4096
f 2882 4096 4097
f 2884 4090 2826
f 2884 4098 4090
f 4091 2922 2865
f 4099 2922 4091
f 2924 4092 2867
f 2924 4100 4092
f 4102 4101 2929
f 2929 4101 2928
f 2929 2872 4093
f 2929 4093 4102
f 2931 4095 2874
f 2931 4103 4095
f 4097 2937 2882
f 4104 2937 4097
f 4106 4105 2939
f 4106 2939 2940
f 2884 2939 4098
f 4098 2939 4105
f 4099 2979 2922
f 4107 2979 4099
f 2981 4100 2924
f 2981 4108 4100
f 4101 2985 2928
f 4109 2985 4101
f 4110 4103 2931
f 4110 2931 2986
f 2986 2987 4110
f 4110 2987 4111
f 4104 4112 2937
f 2937 4112 2993
f 2993 4113 2996
f 4112 4113 2993
f 2996 4114 2998
f 4113 4114 2996
f 2940 2998 4106
f 4106 2998 4114
f 4107 4115 2979
f 2979 4115 3038
f 3040 3038 4115
f 3040 4115 4116
f 4118 4117 3042
f 4118 3042 3043
f 2981 3042 4108
f 4108 3042 4117
f 4120 4119 3048
f 3048 4119 3047
f 3048 2985 4109
f 3048 4109 4120
f 3050 4111 2987
f 3050 4121 4111
f 4116 4122 3040
f 3040 4122 3098
f 3098 4123 3101
f 4122 4123 3098
f 3102 3101 4123
f 3102 4123 4124
f 4126 4125 3104
f 4126 3104 3105
f 3104 4127 3107
f 4125 4127 3104
f 3043 3107 4118
f 4118 3107 4127
f 4119 3112 3047
f 4128 3112 4119
f 4129 4121 3050
f 4129 3050 3113
f 3113 3114 4129
f 4129 3114 4130
f 4124 4131 3102
f 3102 4131 3164
f 3105 3164 4126
f 4126 3164 4131
f 4133 4132 3172
f 3172 4132 3171
f 3172 3112 4128
f 3172 4128 4133
f 3174 4130 3114
f 3174 4134 4130
f 4132 3229 3171
f 4135 3229 4132
f 4136 4134 3174
f 4136 3174 3230
f 3230 3231 4136
f 4136 3231 4137
f 4139 4138 3271
f 3271 4138 3270
f 4140 3271 3272
f 4140 4139 3271
f 4141 3272 3273
f 4141 4140 3272
f 3273 3274 4141
f 4141 3274 4142
f 4144 4143 3288
f 3288 4143 3287
f 3288 3229 4135
f 3288 4135 4144
f 4145 4137 3231
f 4145 3231 3289
f 3289 3290 4145
f 4145 3290 4146
f 4148 4147 3303
f 3303 4147 3302
f 4149 3303 3304
f 4149 4148 3303
f 4150 3304 3305
f 4150 4149 3304
f 4151 3305 3306
f 4151 4150 3305
f 3306 3307 4151
f 4151 3307 4152
f 4154 4153 3330
f 3330 4153 3329
f 3330 3270 4138
f 3330 4138 4154
f 4155 4142 3274
f 4155 3274 3331
f 3331 3332 4155
f 4155 3332 4156
f 4158 4157 3344
f 3344 4157 3343
f 3344 3287 4143
f 3344 4143 4158
f 4159 4146 3290
f 4159 3290 3345
f 3345 3346 4159
f 4159 3346 4160
f 4147 3357 3302
f 4161 3357 4147
f 3359 4152 3307
f 3359 4162 4152
f 4164 4163 3380
f 3380 4163 3379
f 3380 3329 4153
f 3380 4153 4164
f 3382 4156 3332
f 3382 4165 4156
f 4167 4166 3392
f 3392 4166 3391
f 3392 3343 4157
f 3392 4157 4167
f 4168 4160 3346
f 4168 3346 3393
f 3393 3394 4168
f 4168 3394 4169
f 4161 3404 3357
f 4170 3404 4161
f 3406 4162 3359
f 3406 4171 4162
f 4163 3426 3379
f 4172 3426 4163
f 3428 4165 3382
f 3428 4173 4165
f 4175 4174 3437
f 3437 4174 3436
f 3437 3391 4166
f 3437 4166 4175
f 4176 4169 3394
f 4176 3394 3438
f 3438 3439 4176
f 4176 3439 4177
f 4170 3448 3404
f 4178 3448 4170
f 3450 4171 3406
f 3450 4179 4171
f 4181 4180 3460
f 3460 4180 3459
f 4182 3460 3461
f 4182 4181 3460
f 4183 3461 3462
f 4183 4182 3461
f 3462 3463 4183
f 4183 3463 4184
f 4172 3472 3426
f 4185 3472 4172
f 3474 4173 3428
f 3474 4186 4173
f 4188 4187 3482
f 3482 4187 3481
f 3482 3436 4174
f 3482 4174 4188
f 4189 4177 3439
f 4189 3439 3483
f 3483 3484 4189
f 4189 3484 4190
f 4178 4191 3448
f 3448 4191 3492
f 3492 4192 3495
f 4191 4192 3492
f 3495 4193 3497
f 4192 4193 3495
f 3497 4194 3499
f 4193 4194 3497
f 3450 3499 4179
f 4179 3499 4194
f 4196 4195 3509
f 3509 4195 3508
f 3509 3459 4180
f 3509 4180 4196
f 4197 4184 3463
f 4197 3463 3510
f 3510 3511 4197
f 4197 3511 4198
f 4185 4199 3472
f 3472 4199 3519
f 3521 3519 4199
f 3521 4199 4200
f 4202 4201 3523
f 4202 3523 3524
f 3474 3523 4186
f 4186 3523 4201
f 4204 4203 3532
f 3532 4203 3531
f 3532 3481 4187
f 3532 4187 4204
f 4205 4190 3484
f 4205 3484 3533
f 3533 3534 4205
f 4205 3534 4206
f 4195 3553 3508
f 4207 3553 4195
f 3555 4198 3511
f 3555 4208 4198
f 4200 4209 3521
f 3521 4209 3563
f 3563 4210 3566
f 4209 4210 3563
f 3566 4211 3568
f 4210 4211 3566
f 3568 4212 3570
f 4211 4212 3568
f 3524 3570 4202
f 4202 3570 4212
f 4214 4213 3578
f 3578 4213 3577
f 3578 3531 4203
f 3578 4203 4214
f 4215 4206 3534
f 4215 3534 3579
f 3579 3580 4215
f 4215 3580 4216
f 4207 3598 3553
f 4217 3598 4207
f 3600 4208 3555
f 3600 4218 4208
f 4220 4219 3618
f 3618 4219 3617
f 3618 3577 4213
f 3618 4213 4220
f 4221 4216 3580
f 4221 3580 3619
f 4222 3619 3620
f 4222 4221 3619
f 3620 3621 4222
f 4222 3621 4223
f 4217 4224 3598
f 3598 4224 3637
f 3639 3637 4224
f 3639 4224 4225
f 4227 4226 3641
f 4227 3641 3642
f 3600 3641 4218
f 4218 3641 4226
f 4229 4228 3660
f 3660 4228 3659
f 3660 3617 4219
f 3660 4219 4229
f 4230 4223 3621
f 4230 3621 3661
f 3661 3662 4230
f 4230 3662 4231
f 4225 4232 3639
f 3639 4232 3678
f 3678 4233 3681
f 4232 4233 3678
f 3681 4234 3683
f 4233 4234 3681
f 3642 3683 4227
f 4227 3683 4234
f 4236 4235 3700
f 3700 4235 3699
f 4237 3700 3701
f 4237 4236 3700
f 3701 3659 4228
f 3701 4228 4237
f 4238 4231 3662
f 4238 3662 3702
f 4239 3702 3703
f 4239 4238 3702
f 3703 3704 4239
f 4239 3704 4240
f 4242 4241 3735
f 3735 4241 3734
f 4243 3735 3736
f 4243 4242 3735
f 3736 3699 4235
f 3736 4235 4243
f 4244 4240 3704
f 4244 3704 3737
f 4245 3737 3738
f 4245 4244 3737
f 3738 3739 4245
f 4245 3739 4246
f 4248 4247 3766
f 3766 4247 3765
f 4249 3766 3767
f 4249 4248 3766
f 3767 3734 4241
f 3767 4241 4249
f 4250 4246 3739
f 4250 3739 3768
f 4251 3768 3769
f 4251 4250 3768
f 4252 3769 3770
f 4252 4251 3769
f 3770 3771 4252
f 4252 3771 4253
f 4255 4254 3792
f 3792 4254 3791
f 4256 3792 3793
f 4256 4255 3792
f 4257 3793 3794
f 4257 4256 3793
f 3794 3765 4247
f 3794 4247 4257
f 4258 4253 3771
f 4258 3771 3795
f 4259 3795 3796
f 4259 4258 3795
f 4260 3796 3797
f 4260 4259 3796
f 4261 3797 3798
f 4261 4260 3797
f 4262 3798 3799
f 4262 4261 3798
f 3799 3800 4262
f 4262 3800 4263
f 4265 4264 3811
f 3811 4264 3810
f 4266 3811 3812
f 4266 4265 3811
f 4267 3812 3813
f 4267 4266 3812
f 4268 3813 3814
f 4268 4267 3813
f 4269 3814 3815
f 4269 4268 3814
f 3815 3791 4254
f 3815 4254 4269
f 4270 4263 3800
f 4270 3800 3816
f 4271 3816 3817
f 4271 4270 3816
f 4272 3817 3818
f 4272 4271 3817
f 4273 3818 3819
f 4273 4272 3818
f 4274 3819 3820
f 4274 4273 3819
f 4275 3820 3821
f 4275 4274 3820
f 4276 3821 3822
f 4276 4275 3821
f 4277 3822 3823
f 4277 4276 3822
f 4278 3823 3824
f 4278 4277 3823
f 3824 3810 4264
f 3824 4264 4278
f 3826 4279 3825
f 4280 3827 3825
f 4280 3825 4279
f 4281 3828 3827
f 4281 3827 4280
f 4282 3829 3828
f 4282 3828 4281
f 4283 3830 3829
f 4283 3829 4282
f 4284 3831 3830
f 4284 3830 4283
f 4285 3832 3831
f 4285 3831 4284
f 4286 3833 3832
f 4286 3832 4285
f 4287 3834 3833
f 4287 3833 4286
f 4288 3835 3834
f 4288 3834 4287
f 4289 3836 3835
f 4289 3835 4288
f 4290 3837 3836
f 4290 3836 4289
f 4291 3838 3837
f 4291 3837 4290
f 4292 3839 3838
f 4292 3838 4291
f 4293 3840 3839
f 4293 3839 4292
f 4293 3841 3840
f 3843 4294 3842
f 4295 3844 3842
f 4295 3842 4294
f 4296 3845 3844
f 4296 3844 4295
f 4279 3826 3845
f 4296 4279 3845
f 4297 4279 4296
f 4279 4298 4280
f 4279 4297 4298
f 4280 4299 4281
f 4280 4298 4299
f 4281 4300 4282
f 4281 4299 4300
f 4282 4301 4283
f 4282 4300 4301
f 4283 4302 4284
f 4283 4301 4302
f 4284 4303 4285
f 4284 4302 4303
f 4285 4304 4286
f 4285 4303 4304
f 4286 4305 4287
f 4286 4304 4305
f 4287 4306 4288
f 4287 4305 4306
f 4288 4307 4289
f 4288 4306 4307
f 4289 4308 4290
f 4289 4307 4308
f 4290 4309 4291
f 4290 4308 4309
f 4291 4310 4292
f 4291 4309 4310
f 4292 4311 4293
f 4292 4310 4311
f 4312 3846 3841
f 4293 4312 3841
f 4311 4312 4293
f 4313 3847 3846
f 4313 3846 4312
f 4314 3848 3847
f 4314 3847 4313
f 4314 3849 3848
f 3851 4315 3850
f 4316 3852 3850
f 4316 3850 4315
f 4317 3853 3852
f 4317 3852 4316
f 4294 3843 3853
f 4317 4294 3853
f 4318 4294 4317
f 4294 4319 4295
f 4294 4318 4319
f 4295 4320 4296
f 4295 4319 4320
f 4296 4321 4297
f 4296 4320 4321
f 4297 4322 4298
f 4297 4321 4322
f 4298 4323 4299
f 4298 4322 4323
f 4299 4324 4300
f 4299 4323 4324
f 4300 4325 4301
f 4300 4324 4325
f 4301 4326 4302
f 4301 4325 4326
f 4302 4327 4303
f 4302 4326 4327
f 4303 4328 4304
f 4303 4327 4328
f 4304 4329 4305
f 4304 4328 4329
f 4305 4330 4306
f 4305 4329 4330
f 4306 4331 4307
f 4306 4330 4331
f 4307 4332 4308
f 4307 4331 4332
f 4308 4333 4309
f 4308 4332 4333
f 4309 4334 4310
f 4309 4333 4334
f 4310 4335 4311
f 4310 4334 4335
f 4311 4336 4312
f 4311 4335 4336
f 4312 4337 4313
f 4312 4336 4337
f 4313 4338 4314
f 4313 4337 4338
f 4339 3854 3849
f 4314 4339 3849
f 4338 4339 4314
f 4340 3855 3854
f 4340 3854 4339
f 4341 3856 3855
f 4341 3855 4340
f 4341 3857 3856
f 3859 4342 3858
f 4343 3860 3858
f 4343 3858 4342
f 4315 3851 3860
f 4343 4315 3860
f 4344 4315 4343
f 4315 4345 4316
f 4315 4344 4345
f 4316 4346 4317
f 4316 4345 4346
f 4317 4347 4318
f 4317 4346 4347
f 4318 4348 4319
f 4318 4347 4348
f 4319 4349 4320
f 4319 4348 4349
f 4320 4350 4321
f 4320 4349 4350
f 4321 4351 4322
f 4321 4350 4351
f 4322 4352 4323
f 4322 4351 4352
f 4323 4353 4324
f 4323 4352 4353
f 4324 4354 4325
f 4324 4353 4354
f 4325 4355 4326
f 4325 4354 4355
f 4326 4356 4327
f 4326 4355 4356
f 4327 4357 4328
f 4327 4356 4357
f 4328 4358 4329
f 4328 4357 4358
f 4329 4359 4330
f 4329 4358 4359
f 4330 4360 4331
f 4330 4359 4360
f 4331 4361 4332
f 4331 4360 4361
f 4332 4362 4333
f 4332 4361 4362
f 4333 4363 4334
f 4333 4362 4363
f 4334 4364 4335
f 4334 4363 4364
f 4335 4365 4336
f 4335 4364 4365
f 4336 4366 4337
f 4336 4365 4366
f 4337 4367 4338
f 4337 4366 4367
f 4338 4368 4339
f 4338 4367 4368
f 4339 4369 4340
f 4339 4368 4369
f 4340 4370 4341
f 4340 4369 4370
f 4371 3861 3857
f 4341 4371 3857
f 4370 4371 4341
f 4372 3862 3861
f 4372 3861 4371
f 4372 3863 3862
f 3865 4373 3864
f 4374 3866 3864
f 4374 3864 4373
f 4342 3859 3866
f 4374 4342 3866
f 4375 4342 4374
f 4342 4376 4343
f 4342 4375 4376
f 4343 4377 4344
f 4343 4376 4377
f 4344 4378 4345
f 4344 4377 4378
f 4345 4379 4346
f 4345 4378 4379
f 4346 4380 4347
f 4346 4379 4380
f 4347 4381 4348
f 4347 4380 4381
f 4348 4382 4349
f 4348 4381 4382
f 4349 4383 4350
f 4349 4382 4383
f 4350 4384 4351
f 4350 4383 4384
f 4351 4385 4352
f 4351 4384 4385
f 4352 4386 4353
f 4352 4385 4386
f 4353 4387 4354
f 4353 4386 4387
f 4354 4388 4355
f 4354 4387 4388
f 4355 4389 4356
f 4355 4388 4389
f 4356 4390 4357
f 4356 4389 4390
f 4357 4391 4358
f 4357 4390 4391
f 4358 4392 4359
f 4358 4391 4392
f 4359 4393 4360
f 4359 4392 4393
f 4360 4394 4361
f 4360 4393 4394
f 4361 4395 4362
f 4361 4394 4395
f 4362 4396 4363
f 4362 4395 4396
f 4363 4397 4364
f 4363 4396 4397
f 4364 4398 4365
f 4364 4397 4398
f 4365 4399 4366
f 4365 4398 4399
f 4366 4400 4367
f 4366 4399 4400
f 4367 4401 4368
f 4367 4400 4401
f 4368 4402 4369
f 4368 4401 4402
f 4369 4403 4370
f 4369 4402 4403
f 4370 4404 4371
f 4370 4403 4404
f 4371 4405 4372
f 4371 4404 4405
f 4406 3867 3863
f 4372 4406 3863
f 4405 4406 4372
f 4407 3868 3867
f 4407 3867 4406
f 4407 3869 3868
f 3871 4408 3870
f 4373 3865 3870
f 4408 4373 3870
f 4409 4373 4408
f 4373 4410 4374
f 4373 4409 4410
f 4374 4411 4375
f 4374 4410 4411
f 4375 4412 4376
f 4375 4411 4412
f 4376 4413 4377
f 4376 4412 4413
f 4377 4414 4378
f 4377 4413 4414
f 4378 4415 4379
f 4378 4414 4415
f 4379 4416 4380
f 4379 4415 4416
f 4380 4417 4381
f 4380 4416 4417
f 4381 4418 4382
f 4381 4417 4418
f 4382 4419 4383
f 4382 4418 4419
f 4383 4420 4384
f 4383 4419 4420
f 4384 4421 4385
f 4384 4420 4421
f 4385 4422 4386
f 4385 4421 4422
f 4386 4423 4387
f 4386 4422 4423
f 4387 4424 4388
f 4387 4423 4424
f 4388 4425 4389
f 4388 4424 4425
f 4389 4426 4390
f 4389 4425 4426
f 4390 4427 4391
f 4390 4426 4427
f 4391 4428 4392
f 4391 4427 4428
f 4392 4429 4393
f 4392 4428 4429
f 4393 4430 4394
f 4393 4429 4430
f 4394 4431 4395
f 4394 4430 4431
f 4395 4432 4396
f 4395 4431 4432
f 4396 4433 4397
f 4396 4432 4433
f 4397 4434 4398
f 4397 4433 4434
f 4398 4435 4399
f 4398 4434 4435
f 4399 4436 4400
f 4399 4435 4436
f 4400 4437 4401
f 4400 4436 4437
f 4401 4438 4402
f 4401 4437 4438
f 4402 4439 4403
f 4402 4438 4439
f 4403 4440 4404
f 4403 4439 4440
f 4404 4441 4405
f 4404 4440 4441
f 4405 4442 4406
f 4405 4441 4442
f 4406 4443 4407
f 4406 4442 4443
f 4444 3872 3869
f 4407 4444 3869
f 4443 4444 4407
f 4444 3873 3872
f 3875 4445 3874
f 4446 3876 3874
f 4446 3874 4445
f 4408 3871 3876
f 4446 4408 3876
f 4447 4408 4446
f 4408 4448 4409
f 4408 4447 4448
f 4409 4449 4410
f 4409 4448 4449
f 4410 4450 4411
f 4410 4449 4450
f 4411 4451 4412
f 4411 4450 4451
f 4412 4452 4413
f 4412 4451 4452
f 4413 4453 4414
f 4413 4452 4453
f 4414 4454 4415
f 4414 4453 4454
f 4415 4455 4416
f 4415 4454 4455
f 4416 4456 4417
f 4416 4455 4456
f 4417 4457 4418
f 4417 4456 4457
f 4418 4458 4419
f 4418 4457 4458
f 4419 4459 4420
f 4419 4458 4459
f 4420 4460 4421
f 4420 4459 4460
f 4421 4461 4422
f 4421 4460 4461
f 4422 4462 4423
f 4422 4461 4462
f 4423 4463 4424
f 4423 4462 4463
f 4424 4464 4425
f 4424 4463 4464
f 4464 3877 3878
f 4426 4464 3878
f 4425 4464 4426
f 4426 3878 3879
f 4465 4426 3879
f 4427 4426 4465
f 4427 4466 4428
f 4427 4465 4466
f 4428 4467 4429
f 4428 4466 4467
f 4429 4468 4430
f 4429 4467 4468
f 4430 4469 4431
f 4430 4468 4469
f 4431 4470 4432
f 4431 4469 4470
f 4432 4471 4433
f 4432 4470 4471
f 4433 4472 4434
f 4433 4471 4472
f 4434 4473 4435
f 4434 4472 4473
f 4435 4474 4436
f 4435 4473 4474
f 4436 4475 4437
f 4436 4474 4475
f 4437 4476 4438
f 4437 4475 4476
f 4438 4477 4439
f 4438 4476 4477
f 4439 4478 4440
f 4439 4477 4478
f 4440 4479 4441
f 4440 4478 4479
f 4441 4480 4442
f 4441 4479 4480
f 4442 4481 4443
f 4442 4480 4481
f 4443 4482 4444
f 4443 4481 4482
f 4483 3880 3873
f 4444 4483 3873
f 4482 4483 4444
f 4484 3881 3880
f 4484 3880 4483
f 4484 3882 3881
f 3884 4485 3883
f 4445 3875 3883
f 4485 4445 3883
f 4486 4445 4485
f 4445 4487 4446
f 4445 4486 4487
f 4446 4488 4447
f 4446 4487 4488
f 4447 4489 4448
f 4447 4488 4489
f 4448 4490 4449
f 4448 4489 4490
f 4449 4491 4450
f 4449 4490 4491
f 4450 4492 4451
f 4450 4491 4492
f 4451 4493 4452
f 4451 4492 4493
f 4452 4494 4453
f 4452 4493 4494
f 4453 4495 4454
f 4453 4494 4495
f 4454 4496 4455
f 4454 4495 4496
f 4455 4497 4456
f 4455 4496 4497
f 4456 4498 4457
f 4456 4497 4498
f 4457 4499 4458
f 4457 4498 4499
f 4458 4500 4459
f 4458 4499 4500
f 4459 4501 4460
f 4459 4500 4501
f 4460 4502 4461
f 4460 4501 4502
f 4461 4503 4462
f 4461 4502 4503
f 4462 4504 4463
f 4462 4503 4504
f 4463 4505 4464
f 4463 4504 4505
f 4505 3885 3877
f 4505 3877 4464
f 3886 4506 4465
f 3886 4465 3879
f 4465 4507 4466
f 4465 4506 4507
f 4466 4508 4467
f 4466 4507 4508
f 4467 4509 4468
f 4467 4508 4509
f 4468 4510 4469
f 4468 4509 4510
f 4469 4511 4470
f 4469 4510 4511
f 4470 4512 4471
f 4470 4511 4512
f 4471 4513 4472
f 4471 4512 4513
f 4472 4514 4473
f 4472 4513 4514
f 4473 4515 4474
f 4473 4514 4515
f 4474 4516 4475
f 4474 4515 4516
f 4475 4517 4476
f 4475 4516 4517
f 4476 4518 4477
f 4476 4517 4518
f 4477 4519 4478
f 4477 4518 4519
f 4478 4520 4479
f 4478 4519 4520
f 4479 4521 4480
f 4479 4520 4521
f 4480 4522 4481
f 4480 4521 4522
f 4481 4523 4482
f 4481 4522 4523
f 4482 4524 4483
f 4482 4523 4524
f 4483 4525 4484
f 4483 4524 4525
f 4526 3887 3882
f 4484 4526 3882
f 4525 4526 4484
f 4526 3888 3887
f 3890 4527 3889
f 4485 3884 3889
f 4527 4485 3889
f 4528 4485 4527
f 4485 4529 4486
f 4485 4528 4529
f 4486 4530 4487
f 4486 4529 4530
f 4487 4531 4488
f 4487 4530 4531
f 4488 4532 4489
f 4488 4531 4532
f 4489 4533 4490
f 4489 4532 4533
f 4490 4534 4491
f 4490 4533 4534
f 4491 4535 4492
f 4491 4534 4535
f 4492 4536 4493
f 4492 4535 4536
f 4493 4537 4494
f 4493 4536 4537
f 4494 4538 4495
f 4494 4537 4538
f 4495 4539 4496
f 4495 4538 4539
f 4496 4540 4497
f 4496 4539 4540
f 4497 4541 4498
f 4497 4540 4541
f 4498 4542 4499
f 4498 4541 4542
f 4499 4543 4500
f 4499 4542 4543
f 4500 4544 4501
f 4500 4543 4544
f 4501 4545 4502
f 4501 4544 4545
f 4502 4546 4503
f 4502 4545 4546
f 4503 4547 4504
f 4503 4546 4547
f 4504 4548 4505
f 4504 4547 4548
f 4549 3891 3885
f 4505 4549 3885
f 4548 4549 4505
f 4506 3886 3891
f 4549 4506 3891
f 4550 4506 4549
f 4506 4551 4507
f 4506 4550 4551
f 4507 4552 4508
f 4507 4551 4552
f 4508 4553 4509
f 4508 4552 4553
f 4509 4554 4510
f 4509 4553 4554
f 4510 4555 4511
f 4510 4554 4555
f 4511 4556 4512
f 4511 4555 4556
f 4512 4557 4513
f 4512 4556 4557
f 4513 4558 4514
f 4513 4557 4558
f 4514 4559 4515
f 4514 4558 4559
f 4515 4560 4516
f 4515 4559 4560
f 4516 4561 4517
f 4516 4560 4561
f 4517 4562 4518
f 4517 4561 4562
f 4518 4563 4519
f 4518 4562 4563
f 4519 4564 4520
f 4519 4563 4564
f 4520 4565 4521
f 4520 4564 4565
f 4521 4566 4522
f 4521 4565 4566
f 4522 4567 4523
f 4522 4566 4567
f 4523 4568 4524
f 4523 4567 4568
f 4524 4569 4525
f 4524 4568 4569
f 4525 4570 4526
f 4525 4569 4570
f 4571 3892 3888
f 4526 4571 3888
f 4570 4571 4526
f 4571 3893 3892
f 3895 4572 3894
f 4527 3890 3894
f 4572 4527 3894
f 4573 4527 4572
f 4527 4574 4528
f 4527 4573 4574
f 4528 4575 4529
f 4528 4574 4575
f 4529 4576 4530
f 4529 4575 4576
f 4530 4577 4531
f 4530 4576 4577
f 4531 4578 4532
f 4531 4577 4578
f 4532 4579 4533
f 4532 4578 4579
f 4533 4580 4534
f 4533 4579 4580
f 4534 4581 4535
f 4534 4580 4581
f 4581 3896 3897
f 4536 4581 3897
f 4535 4581 4536
f 4536 3897 3898
f 4536 3898 4537
f 4537 3898 3899
f 4582 4537 3899
f 4538 4537 4582
f 4538 4583 4539
f 4538 4582 4583
f 4539 4584 4540
f 4539 4583 4584
f 4540 4585 4541
f 4540 4584 4585
f 4541 4586 4542
f 4541 4585 4586
f 4542 4587 4543
f 4542 4586 4587
f 4543 4588 4544
f 4543 4587 4588
f 4544 4589 4545
f 4544 4588 4589
f 4545 4590 4546
f 4545 4589 4590
f 4546 4591 4547
f 4546 4590 4591
f 4547 4592 4548
f 4547 4591 4592
f 4548 4593 4549
f 4548 4592 4593
f 4549 4594 4550
f 4549 4593 4594
f 4550 4595 4551
f 4550 4594 4595
f 4551 4596 4552
f 4551 4595 4596
f 4552 4597 4553
f 4552 4596 4597
f 4553 4598 4554
f 4553 4597 4598
f 4554 4599 4555
f 4554 4598 4599
f 4555 4600 4556
f 4555 4599 4600
f 4556 4601 4557
f 4556 4600 4601
f 4557 4602 4558
f 4557 4601 4602
f 4558 4603 4559
f 4558 4602 4603
f 4559 4604 4560
f 4559 4603 4604
f 4560 4605 4561
f 4560 4604 4605
f 4561 4606 4562
f 4561 4605 4606
f 4562 4607 4563
f 4562 4606 4607
f 4563 4608 4564
f 4563 4607 4608
f 4564 4609 4565
f 4564 4608 4609
f 4565 4610 4566
f 4565 4609 4610
f 4566 4611 4567
f 4566 4610 4611
f 4567 4612 4568
f 4567 4611 4612
f 4568 4613 4569
f 4568 4612 4613
f 4569 4614 4570
f 4569 4613 4614
f 4570 4615 4571
f 4570 4614 4615
f 4616 3900 3893
f 4571 4616 3893
f 4615 4616 4571
f 4616 3901 3900
f 3903 4617 3902
f 4572 3895 3902
f 4617 4572 3902
f 4618 4572 4617
f 4572 4619 4573
f 4572 4618 4619
f 4573 4620 4574
f 4573 4619 4620
f 4574 4621 4575
f 4574 4620 4621
f 4575 4622 4576
f 4575 4621 4622
f 4576 4623 4577
f 4576 4622 4623
f 4577 4624 4578
f 4577 4623 4624
f 4578 4625 4579
f 4578 4624 4625
f 4579 4626 4580
f 4579 4625 4626
f 4580 4627 4581
f 4580 4626 4627
f 4627 3904 3896
f 4627 3896 4581
f 3905 4628 4582
f 3905 4582 3899
f 4582 4629 4583
f 4582 4628 4629
f 4583 4630 4584
f 4583 4629 4630
f 4584 4631 4585
f 4584 4630 4631
f 4585 4632 4586
f 4585 4631 4632
f 4586 4633 4587
f 4586 4632 4633
f 4587 4634 4588
f 4587 4633 4634
f 4588 4635 4589
f 4588 4634 4635
f 4589 4636 4590
f 4589 4635 4636
f 4590 4637 4591
f 4590 4636 4637
f 4591 4638 4592
f 4591 4637 4638
f 4592 4639 4593
f 4592 4638 4639
f 4593 4640 4594
f 4593 4639 4640
f 4594 4641 4595
f 4594 4640 4641
f 4595 4642 4596
f 4595 4641 4642
f 4596 4643 4597
f 4596 4642 4643
f 4597 4644 4598
f 4597 4643 4644
f 4598 4645 4599
f 4598 4644 4645
f 4599 4646 4600
f 4599 4645 4646
f 4600 4647 4601
f 4600 4646 4647
f 4601 4648 4602
f 4601 4647 4648
f 4602 4649 4603
f 4602 4648 4649
f 4603 4650 4604
f 4603 4649 4650
f 4604 4651 4605
f 4604 4650 4651
f 4651 3906 3907
f 4606 4651 3907
f 4605 4651 4606
f 4606 3907 3908
f 4652 4606 3908
f 4607 4606 4652
f 4607 4653 4608
f 4607 4652 4653
f 4608 4654 4609
f 4608 4653 4654
f 4609 4655 4610
f 4609 4654 4655
f 4610 4656 4611
f 4610 4655 4656
f 4611 4657 4612
f 4611 4656 4657
f 4612 4658 4613
f 4612 4657 4658
f 4613 4659 4614
f 4613 4658 4659
f 4614 4660 4615
f 4614 4659 4660
f 4615 4661 4616
f 4615 4660 4661
f 4662 3909 3901
f 4616 4662 3901
f 4661 4662 4616
f 4662 3910 3909
f 3912 4663 3911
f 4617 3903 3911
f 4663 4617 3911
f 4664 4617 4663
f 4617 4665 4618
f 4617 4664 4665
f 4618 4666 4619
f 4618 4665 4666
f 4619 4667 4620
f 4619 4666 4667
f 4620 4668 4621
f 4620 4667 4668
f 4621 4669 4622
f 4621 4668 4669
f 4622 4670 4623
f 4622 4669 4670
f 4623 4671 4624
f 4623 4670 4671
f 4624 4672 4625
f 4624 4671 4672
f 4625 4673 4626
f 4625 4672 4673
f 4626 4674 4627
f 4626 4673 4674
f 4675 3913 3904
f 4627 4675 3904
f 4674 4675 4627
f 4676 3914 3913
f 4676 3913 4675
f 4628 3905 3914
f 4676 4628 3914
f 4677 4628 4676
f 4628 4678 4629
f 4628 4677 4678
f 4629 4679 4630
f 4629 4678 4679
f 4630 4680 4631
f 4630 4679 4680
f 4631 4681 4632
f 4631 4680 4681
f 4632 4682 4633
f 4632 4681 4682
f 4633 4683 4634
f 4633 4682 4683
f 4634 4684 4635
f 4634 4683 4684
f 4635 4685 4636
f 4635 4684 4685
f 4636 4686 4637
f 4636 4685 4686
f 4637 4687 4638
f 4637 4686 4687
f 4638 4688 4639
f 4638 4687 4688
f 4639 4689 4640
f 4639 4688 4689
f 4640 4690 4641
f 4640 4689 4690
f 4641 4691 4642
f 4641 4690 4691
f 4642 4692 4643
f 4642 4691 4692
f 4643 4693 4644
f 4643 4692 4693
f 4644 4694 4645
f 4644 4693 4694
f 4645 4695 4646
f 4645 4694 4695
f 4646 4696 4647
f 4646 4695 4696
f 4647 4697 4648
f 4647 4696 4697
f 4648 4698 4649
f 4648 4697 4698
f 4649 4699 4650
f 4649 4698 4699
f 4650 4700 4651
f 4650 4699 4700
f 4701 3915 3906
f 4651 4701 3906
f 4700 4701 4651
f 4652 3908 3915
f 4701 4652 3915
f 4702 4652 4701
f 4652 4703 4653
f 4652 4702 4703
f 4653 4704 4654
f 4653 4703 4704
f 4654 4705 4655
f 4654 4704 4705
f 4655 4706 4656
f 4655 4705 4706
f 4656 4707 4657
f 4656 4706 4707
f 4657 4708 4658
f 4657 4707 4708
f 4658 4709 4659
f 4658 4708 4709
f 4659 4710 4660
f 4659 4709 4710
f 4660 4711 4661
f 4660 4710 4711
f 4661 4712 4662
f 4661 4711 4712
f 4713 3916 3910
f 4662 4713 3910
f 4712 4713 4662
f 4713 3917 3916
f 3919 4714 3918
f 4663 3912 3918
f 4714 4663 3918
f 4715 4663 4714
f 4663 4716 4664
f 4663 4715 4716
f 4664 4717 4665
f 4664 4716 4717
f 4665 4718 4666
f 4665 4717 4718
f 4666 4719 4667
f 4666 4718 4719
f 4667 4720 4668
f 4667 4719 4720
f 4668 4721 4669
f 4668 4720 4721
f 4669 4722 4670
f 4669 4721 4722
f 4670 4723 4671
f 4670 4722 4723
f 4671 4724 4672
f 4671 4723 4724
f 4672 4725 4673
f 4672 4724 4725
f 4673 4726 4674
f 4673 4725 4726
f 4674 4727 4675
f 4674 4726 4727
f 4675 4728 4676
f 4675 4727 4728
f 4676 4729 4677
f 4676 4728 4729
f 4677 4730 4678
f 4677 4729 4730
f 4678 4731 4679
f 4678 4730 4731
f 4679 4732 4680
f 4679 4731 4732
f 4680 4733 4681
f 4680 4732 4733
f 4681 4734 4682
f 4681 4733 4734
f 4682 4735 4683
f 4682 4734 4735
f 4683 4736 4684
f 4683 4735 4736
f 4684 4737 4685
f 4684 4736 4737
f 4685 4738 4686
f 4685 4737 4738
f 4686 4739 4687
f 4686 4738 4739
f 4687 4740 4688
f 4687 4739 4740
f 4688 4741 4689
f 4688 4740 4741
f 4689 4742 4690
f 4689 4741 4742
f 4690 4743 4691
f 4690 4742 4743
f 4691 4744 4692
f 4691 4743 4744
f 4692 4745 4693
f 4692 4744 4745
f 4693 4746 4694
f 4693 4745 4746
f 4694 4747 4695
f 4694 4746 4747
f 4695 4748 4696
f 4695 4747 4748
f 4696 4749 4697
f 4696 4748 4749
f 4697 4750 4698
f 4697 4749 4750
f 4698 4751 4699
f 4698 4750 4751
f 4699 4752 4700
f 4699 4751 4752
f 4700 4753 4701
f 4700 4752 4753
f 4701 4754 4702
f 4701 4753 4754
f 4702 4755 4703
f 4702 4754 4755
f 4703 4756 4704
f 4703 4755 4756
f 4704 4757 4705
f 4704 4756 4757
f 4705 4758 4706
f 4705 4757 4758
f 4706 4759 4707
f 4706 4758 4759
f 4707 4760 4708
f 4707 4759 4760
f 4708 4761 4709
f 4708 4760 4761
f 4709 4762 4710
f 4709 4761 4762
f 4710 4763 4711
f 4710 4762 4763
f 4711 4764 4712
f 4711 4763 4764
f 4712 4765 4713
f 4712 4764 4765
f 4766 3920 3917
f 4713 4766 3917
f 4765 4766 4713
f 4766 3921 3920
f 3922 4767 4714
f 3922 4714 3919
f 4714 4768 4715
f 4714 4767 4768
f 4715 4769 4716
f 4715 4768 4769
f 4716 4770 4717
f 4716 4769 4770
f 4717 4771 4718
f 4717 4770 4771
f 4718 4772 4719
f 4718 4771 4772
f 4719 4773 4720
f 4719 4772 4773
f 4720 4774 4721
f 4720 4773 4774
f 4721 4775 4722
f 4721 4774 4775
f 4722 4776 4723
f 4722 4775 4776
f 4723 4777 4724
f 4723 4776 4777
f 4724 4778 4725
f 4724 4777 4778
f 4725 4779 4726
f 4725 4778 4779
f 4726 4780 4727
f 4726 4779 4780
f 4727 4781 4728
f 4727 4780 4781
f 4728 4782 4729
f 4728 4781 4782
f 4729 4783 4730
f 4729 4782 4783
f 4730 4784 4731
f 4730 4783 4784
f 4731 4785 4732
f 4731 4784 4785
f 4732 4786 4733
f 4732 4785 4786
f 4733 4787 4734
f 4733 4786 4787
f 4734 4788 4735
f 4734 4787 4788
f 4735 4789 4736
f 4735 4788 4789
f 4736 4790 4737
f 4736 4789 4790
f 4737 4791 4738
f 4737 4790 4791
f 4738 4792 4739
f 4738 4791 4792
f 4739 4793 4740
f 4739 4792 4793
f 4740 4794 4741
f 4740 4793 4794
f 4741 4795 4742
f 4741 4794 4795
f 4742 4796 4743
f 4742 4795 4796
f 4743 4797 4744
f 4743 4796 4797
f 4744 4798 4745
f 4744 4797 4798
f 4745 4799 4746
f 4745 4798 4799
f 4746 4800 4747
f 4746 4799 4800
f 4747 4801 4748
f 4747 4800 4801
f 4748 4802 4749
f 4748 4801 4802
f 4749 4803 4750
f 4749 4802 4803
f 4750 4804 4751
f 4750 4803 4804
f 4751 4805 4752
f 4751 4804 4805
f 4752 4806 4753
f 4752 4805 4806
f 4753 4807 4754
f 4753 4806 4807
f 4754 4808 4755
f 4754 4807 4808
f 4755 4809 4756
f 4755 4808 4809
f 4756 4810 4757
f 4756 4809 4810
f 4757 4811 4758
f 4757 4810 4811
f 4758 4812 4759
f 4758 4811 4812
f 4759 4813 4760
f 4759 4812 4813
f 4760 4814 4761
f 4760 4813 4814
f 4761 4815 4762
f 4761 4814 4815
f 4762 4816 4763
f 4762 4815 4816
f 4763 4817 4764
f 4763 4816 4817
f 4764 4818 4765
f 4764 4817 4818
f 4765 4819 4766
f 4765 4818 4819
f 4819 3923 3921
f 4819 3921 4766
f 3925 4820 3924
f 4767 3922 3924
f 4820 4767 3924
f 4821 4767 4820
f 4767 4822 4768
f 4767 4821 4822
f 4768 4823 4769
f 4768 4822 4823
f 4769 4824 4770
f 4769 4823 4824
f 4770 4825 4771
f 4770 4824 4825
f 4771 4826 4772
f 4771 4825 4826
f 4772 4827 4773
f 4772 4826 4827
f 4773 4828 4774
f 4773 4827 4828
f 4774 4829 4775
f 4774 4828 4829
f 4775 4830 4776
f 4775 4829 4830
f 4776 4831 4777
f 4776 4830 4831
f 4777 4832 4778
f 4777 4831 4832
f 4778 4833 4779
f 4778 4832 4833
f 4779 4834 4780
f 4779 4833 4834
f 4780 4835 4781
f 4780 4834 4835
f 4781 4836 4782
f 4781 4835 4836
f 4782 4837 4783
f 4782 4836 4837
f 4783 4838 4784
f 4783 4837 4838
f 4784 4839 4785
f 4784 4838 4839
f 4785 4840 4786
f 4785 4839 4840
f 4786 4841 4787
f 4786 4840 4841
f 4787 4842 4788
f 4787 4841 4842
f 4788 4843 4789
f 4788 4842 4843
f 4789 4844 4790
f 4789 4843 4844
f 4790 4845 4791
f 4790 4844 4845
f 4791 4846 4792
f 4791 4845 4846
f 4792 4847 4793
f 4792 4846 4847
f 4793 4848 4794
f 4793 4847 4848
f 4794 4849 4795
f 4794 4848 4849
f 4795 4850 4796
f 4795 4849 4850
f 4796 4851 4797
f 4796 4850 4851
f 4797 4852 4798
f 4797 4851 4852
f 4798 4853 4799
f 4798 4852 4853
f 4799 4854 4800
f 4799 4853 4854
f 4800 4855 4801
f 4800 4854 4855
f 4801 4856 4802
f 4801 4855 4856
f 4802 4857 4803
f 4802 4856 4857
f 4803 4858 4804
f 4803 4857 4858
f 4804 4859 4805
f 4804 4858 4859
f 4805 4860 4806
f 4805 4859 4860
f 4806 4861 4807
f 4806 4860 4861
f 4807 4862 4808
f 4807 4861 4862
f 4808 4863 4809
f 4808 4862 4863
f 4809 4864 4810
f 4809 4863 4864
f 4810 4865 4811
f 4810 4864 4865
f 4811 4866 4812
f 4811 4865 4866
f 4812 4867 4813
f 4812 4866 4867
f 4813 4868 4814
f 4813 4867 4868
f 4814 4869 4815
f 4814 4868 4869
f 4815 4870 4816
f 4815 4869 4870
f 4816 4871 4817
f 4816 4870 4871
f 4817 4872 4818
f 4817 4871 4872
f 4818 4873 4819
f 4818 4872 4873
f 4874 3926 3923
f 4819 4874 3923
f 4873 4874 4819
f 4874 3927 3926
f 3929 4875 3928
f 4820 3925 3928
f 4875 4820 3928
f 4876 4820 4875
f 4820 4877 4821
f 4820 4876 4877
f 4821 4878 4822
f 4821 4877 4878
f 4822 4879 4823
f 4822 4878 4879
f 4823 4880 4824
f 4823 4879 4880
f 4824 4881 4825
f 4824 4880 4881
f 4825 4882 4826
f 4825 4881 4882
f 4826 4883 4827
f 4826 4882 4883
f 4827 4884 4828
f 4827 4883 4884
f 4828 4885 4829
f 4828 4884 4885
f 4829 4886 4830
f 4829 4885 4886
f 4830 4887 4831
f 4830 4886 4887
f 4831 4888 4832
f 4831 4887 4888
f 4832 4889 4833
f 4832 4888 4889
f 4833 4890 4834
f 4833 4889 4890
f 4834 4891 4835
f 4834 4890 4891
f 4835 4892 4836
f 4835 4891 4892
f 4836 4893 4837
f 4836 4892 4893
f 4837 4894 4838
f 4837 4893 4894
f 4838 4895 4839
f 4838 4894 4895
f 4839 4896 4840
f 4839 4895 4896
f 4840 4897 4841
f 4840 4896 4897
f 4841 4898 4842
f 4841 4897 4898
f 4842 4899 4843
f 4842 4898 4899
f 4843 4900 4844
f 4843 4899 4900
f 4844 4901 4845
f 4844 4900 4901
f 4845 4902 4846
f 4845 4901 4902
f 4846 4903 4847
f 4846 4902 4903
f 4847 4904 4848
f 4847 4903 4904
f 4848 4905 4849
f 4848 4904 4905
f 4849 4906 4850
f 4849 4905 4906
f 4850 4907 4851
f 4850 4906 4907
f 4851 4908 4852
f 4851 4907 4908
f 4852 4909 4853
f 4852 4908 4909
f 4853 4910 4854
f 4853 4909 4910
f 4854 4911 4855
f 4854 4910 4911
f 4855 4912 4856
f 4855 4911 4912
f 4856 4913 4857
f 4856 4912 4913
f 4857 4914 4858
f 4857 4913 4914
f 4858 4915 4859
f 4858 4914 4915
f 4859 4916 4860
f 4859 4915 4916
f 4860 4917 4861
f 4860 4916 4917
f 4861 4918 4862
f 4861 4917 4918
f 4862 4919 4863
f 4862 4918 4919
f 4863 4920 4864
f 4863 4919 4920
f 4864 4921 4865
f 4864 4920 4921
f 4865 4922 4866
f 4865 4921 4922
f 4866 4923 4867
f 4866 4922 4923
f 4867 4924 4868
f 4867 4923 4924
f 4868 4925 4869
f 4868 4924 4925
f 4869 4926 4870
f 4869 4925 4926
f 4870 4927 4871
f 4870 4926 4927
f 4871 4928 4872
f 4871 4927 4928
f 4872 4929 4873
f 4872 4928 4929
f 4873 4930 4874
f 4873 4929 4930
f 4931 3930 3927
f 4874 4931 3927
f 4930 4931 4874
f 4931 3931 3930
f 3932 4932 4875
f 3932 4875 3929
f 4875 4933 4876
f 4875 4932 4933
f 4876 4934 4877
f 4876 4933 4934
f 4877 4935 4878
f 4877 4934 4935
f 4878 4936 4879
f 4878 4935 4936
f 4879 4937 4880
f 4879 4936 4937
f 4880 4938 4881
f 4880 4937 4938
f 4881 4939 4882
f 4881 4938 4939
f 4882 4940 4883
f 4882 4939 4940
f 4883 4941 4884
f 4883 4940 4941
f 4884 4942 4885
f 4884 4941 4942
f 4885 4943 4886
f 4885 4942 4943
f 4886 4944 4887
f 4886 4943 4944
f 4887 4945 4888
f 4887 4944 4945
f 4888 4946 4889
f 4888 4945 4946
f 4889 4947 4890
f 4889 4946 4947
f 4890 4948 4891
f 4890 4947 4948
f 4891 4949 4892
f 4891 4948 4949
f 4892 4950 4893
f 4892 4949 4950
f 4893 4951 4894
f 4893 4950 4951
f 4894 4952 4895
f 4894 4951 4952
f 4895 4953 4896
f 4895 4952 4953
f 4896 4954 4897
f 4896 4953 4954
f 4897 4955 4898
f 4897 4954 4955
f 4898 4956 4899
f 4898 4955 4956
f 4899 4957 4900
f 4899 4956 4957
f 4900 4958 4901
f 4900 4957 4958
f 4901 4959 4902
f 4901 4958 4959
f 4902 4960 4903
f 4902 4959 4960
f 4903 4961 4904
f 4903 4960 4961
f 4904 4962 4905
f 4904 4961 4962
f 4905 4963 4906
f 4905 4962 4963
f 4906 4964 4907
f 4906 4963 4964
f 4907 4965 4908
f 4907 4964 4965
f 4908 4966 4909
f 4908 4965 4966
f 4909 4967 4910
f 4909 4966 4967
f 4910 4968 4911
f 4910 4967 4968
f 4911 4969 4912
f 4911 4968 4969
f 4912 4970 4913
f 4912 4969 4970
f 4913 4971 4914
f 4913 4970 4971
f 4914 4972 4915
f 4914 4971 4972
f 4915 4973 4916
f 4915 4972 4973
f 4916 4974 4917
f 4916 4973 4974
f 4917 4975 4918
f 4917 4974 4975
f 4918 4976 4919
f 4918 4975 4976
f 4919 4977 4920
f 4919 4976 4977
f 4920 4978 4921
f 4920 4977 4978
f 4921 4979 4922
f 4921 4978 4979
f 4922 4980 4923
f 4922 4979 4980
f 4923 4981 4924
f 4923 4980 4981
f 4924 4982 4925
f 4924 4981 4982
f 4925 4983 4926
f 4925 4982 4983
f 4926 4984 4927
f 4926 4983 4984
f 4927 4985 4928
f 4927 4984 4985
f 4928 4986 4929
f 4928 4985 4986
f 4929 4987 4930
f 4929 4986 4987
f 4930 4988 4931
f 4930 4987 4988
f 4988 3933 3931
f 4988 3931 4931
f 3935 4989 3934
f 4932 3932 3934
f 4989 4932 3934
f 4990 4932 4989
f 4932 4991 4933
f 4932 4990 4991
f 4933 4992 4934
f 4933 4991 4992
f 4934 4993 4935
f 4934 4992 4993
f 4935 4994 4936
f 4935 4993 4994
f 4936 4995 4937
f 4936 4994 4995
f 4937 4996 4938
f 4937 4995 4996
f 4938 4997 4939
f 4938 4996 4997
f 4939 4998 4940
f 4939 4997 4998
f 4940 4999 4941
f 4940 4998 4999
f 4941 5000 4942
f 4941 4999 5000
f 4942 5001 4943
f 4942 5000 5001
f 4943 5002 4944
f 4943 5001 5002
f 4944 5003 4945
f 4944 5002 5003
f 4945 5004 4946
f 4945 5003 5004
f 4946 5005 4947
f 4946 5004 5005
f 4947 5006 4948
f 4947 5005 5006
f 4948 5007 4949
f 4948 5006 5007
f 4949 5008 4950
f 4949 5007 5008
f 4950 5009 4951
f 4950 5008 5009
f 4951 5010 4952
f 4951 5009 5010
f 4952 5011 4953
f 4952 5010 5011
f 4953 5012 4954
f 4953 5011 5012
f 4954 5013 4955
f 4954 5012 5013
f 4955 5014 4956
f 4955 5013 5014
f 4956 5015 4957
f 4956 5014 5015
f 4957 5016 4958
f 4957 5015 5016
f 4958 5017 4959
f 4958 5016 5017
f 4959 5018 4960
f 4959 5017 5018
f 4960 5019 4961
f 4960 5018 5019
f 4961 5020 4962
f 4961 5019 5020
f 4962 5021 4963
f 4962 5020 5021
f 4963 5022 4964
f 4963 5021 5022
f 4964 5023 4965
f 4964 5022 5023
f 4965 5024 4966
f 4965 5023 5024
f 4966 5025 4967
f 4966 5024 5025
f 4967 5026 4968
f 4967 5025 5026
f 4968 5027 4969
f 4968 5026 5027
f 4969 5028 4970
f 4969 5027 5028
f 4970 5029 4971
f 4970 5028 5029
f 4971 5030 4972
f 4971 5029 5030
f 4972 5031 4973
f 4972 5030 5031
f 4973 5032 4974
f 4973 5031 5032
f 4974 5033 4975
f 4974 5032 5033
f 4975 5034 4976
f 4975 5033 5034
f 4976 5035 4977
f 4976 5034 5035
f 4977 5036 4978
f 4977 5035 5036
f 4978 5037 4979
f 4978 5036 5037
f 4979 5038 4980
f 4979 5037 5038
f 4980 5039 4981
f 4980 5038 5039
f 4981 5040 4982
f 4981 5039 5040
f 4982 5041 4983
f 4982 5040 5041
f 4983 5042 4984
f 4983 5041 5042
f 4984 5043 4985
f 4984 5042 5043
f 4985 5044 4986
f 4985 5043 5044
f 4986 5045 4987
f 4986 5044 5045
f 4987 5046 4988
f 4987 5045 5046
f 5047 3936 3933
f 4988 5047 3933
f 5046 5047 4988
f 5047 3937 3936
f 3938 5048 4989
f 3938 4989 3935
f 4989 5049 4990
f 4989 5048 5049
f 4990 5050 4991
f 4990 5049 5050
f 4991 5051 4992
f 4991 5050 5051
f 4992 5052 4993
f 4992 5051 5052
f 4993 5053 4994
f 4993 5052 5053
f 4994 5054 4995
f 4994 5053 5054
f 5054 3939 3940
f 4996 5054 3940
f 4995 5054 4996
f 4996 3940 3941
f 5055 4996 3941
f 4997 4996 5055
f 4997 5056 4998
f 4997 5055 5056
f 4998 5057 4999
f 4998 5056 5057
f 4999 5058 5000
f 4999 5057 5058
f 5000 5059 5001
f 5000 5058 5059
f 5001 5060 5002
f 5001 5059 5060
f 5002 5061 5003
f 5002 5060 5061
f 5003 5062 5004
f 5003 5061 5062
f 5004 5063 5005
f 5004 5062 5063
f 5005 5064 5006
f 5005 5063 5064
f 5006 5065 5007
f 5006 5064 5065
f 5007 5066 5008
f 5007 5065 5066
f 5008 5067 5009
f 5008 5066 5067
f 5009 5068 5010
f 5009 5067 5068
f 5010 5069 5011
f 5010 5068 5069
f 5011 5070 5012
f 5011 5069 5070
f 5012 5071 5013
f 5012 5070 5071
f 5013 5072 5014
f 5013 5071 5072
f 5014 5073 5015
f 5014 5072 5073
f 5015 5074 5016
f 5015 5073 5074
f 5016 5075 5017
f 5016 5074 5075
f 5017 5076 5018
f 5017 5075 5076
f 5018 5077 5019
f 5018 5076 5077
f 5019 5078 5020
f 5019 5077 5078
f 5020 5079 5021
f 5020 5078 5079
f 5021 5080 5022
f 5021 5079 5080
f 5022 5081 5023
f 5022 5080 5081
f 5023 5082 5024
f 5023 5081 5082
f 5024 5083 5025
f 5024 5082 5083
f 5025 5084 5026
f 5025 5083 5084
f 5026 5085 5027
f 5026 5084 5085
f 5027 5086 5028
f 5027 5085 5086
f 5028 5087 5029
f 5028 5086 5087
f 5029 5088 5030
f 5029 5087 5088
f 5030 5089 5031
f 5030 5088 5089
f 5031 5090 5032
f 5031 5089 5090
f 5032 5091 5033
f 5032 5090 5091
f 5033 5092 5034
f 5033 5091 5092
f 5034 5093 5035
f 5034 5092 5093
f 5035 5094 5036
f 5035 5093 5094
f 5036 5095 5037
f 5036 5094 5095
f 5037 5096 5038
f 5037 5095 5096
f 5038 5097 5039
f 5038 5096 5097
f 5039 5098 5040
f 5039 5097 5098
f 5040 5099 5041
f 5040 5098 5099
f 5041 5100 5042
f 5041 5099 5100
f 5042 5101 5043
f 5042 5100 5101
f 5043 5102 5044
f 5043 5101 5102
f 5044 5103 5045
f 5044 5102 5103
f 5045 5104 5046
f 5045 5103 5104
f 5046 5105 5047
f 5046 5104 5105
f 5105 3942 3937
f 5105 3937 5047
f 3944 5106 3943
f 5048 3938 3943
f 5106 5048 3943
f 5107 5048 5106
f 5048 5108 5049
f 5048 5107 5108
f 5049 5109 5050
f 5049 5108 5109
f 5050 5110 5051
f 5050 5109 5110
f 5051 5111 5052
f 5051 5110 5111
f 5052 5112 5053
f 5052 5111 5112
f 5112 3945 3946
f 5054 5112 3946
f 5053 5112 5054
f 5054 3946 3939
f 3947 5055 3941
f 5055 3947 3948
f 5113 5055 3948
f 5056 5055 5113
f 5056 5114 5057
f 5056 5113 5114
f 5057 5115 5058
f 5057 5114 5115
f 5058 5116 5059
f 5058 5115 5116
f 5059 5117 5060
f 5059 5116 5117
f 5060 5118 5061
f 5060 5117 5118
f 5061 5119 5062
f 5061 5118 5119
f 5062 5120 5063
f 5062 5119 5120
f 5063 5121 5064
f 5063 5120 5121
f 5064 5122 5065
f 5064 5121 5122
f 5065 5123 5066
f 5065 5122 5123
f 5066 5124 5067
f 5066 5123 5124
f 5067 5125 5068
f 5067 5124 5125
f 5068 5126 5069
f 5068 5125 5126
f 5069 5127 5070
f 5069 5126 5127
f 5070 5128 5071
f 5070 5127 5128
f 5071 5129 5072
f 5071 5128 5129
f 5072 5130 5073
f 5072 5129 5130
f 5073 5131 5074
f 5073 5130 5131
f 5074 5132 5075
f 5074 5131 5132
f 5075 5133 5076
f 5075 5132 5133
f 5076 5134 5077
f 5076 5133 5134
f 5077 5135 5078
f 5077 5134 5135
f 5078 5136 5079
f 5078 5135 5136
f 5079 5137 5080
f 5079 5136 5137
f 5080 5138 5081
f 5080 5137 5138
f 5081 5139 5082
f 5081 5138 5139
f 5082 5140 5083
f 5082 5139 5140
f 5083 5141 5084
f 5083 5140 5141
f 5084 5142 5085
f 5084 5141 5142
f 5085 5143 5086
f 5085 5142 5143
f 5086 5144 5087
f 5086 5143 5144
f 5087 5145 5088
f 5087 5144 5145
f 5088 5146 5089
f 5088 5145 5146
f 5089 5147 5090
f 5089 5146 5147
f 5090 5148 5091
f 5090 5147 5148
f 5091 5149 5092
f 5091 5148 5149
f 5092 5150 5093
f 5092 5149 5150
f 5093 5151 5094
f 5093 5150 5151
f 5094 5152 5095
f 5094 5151 5152
f 5095 5153 5096
f 5095 5152 5153
f 5096 5154 5097
f 5096 5153 5154
f 5154 3949 3950
f 5098 5154 3950
f 5097 5154 5098
f 5098 3950 3951
f 5155 5098 3951
f 5099 5098 5155
f 5099 5156 5100
f 5099 5155 5156
f 5100 5157 5101
f 5100 5156 5157
f 5101 5158 5102
f 5101 5157 5158
f 5102 5159 5103
f 5102 5158 5159
f 5103 5160 5104
f 5103 5159 5160
f 5104 5161 5105
f 5104 5160 5161
f 5162 3952 3942
f 5105 5162 3942
f 5161 5162 5105
f 5162 3953 3952
f 3954 5163 5106
f 3954 5106 3944
f 5106 5164 5107
f 5106 5163 5164
f 5107 5165 5108
f 5107 5164 5165
f 5108 5166 5109
f 5108 5165 5166
f 5109 5167 5110
f 5109 5166 5167
f 5110 5168 5111
f 5110 5167 5168
f 5111 5169 5112
f 5111 5168 5169
f 5170 3955 3945
f 5112 5170 3945
f 5169 5170 5112
f 5170 3956 3955
f 3957 5171 5113
f 3957 5113 3948
f 5113 5172 5114
f 5113 5171 5172
f 5114 5173 5115
f 5114 5172 5173
f 5115 5174 5116
f 5115 5173 5174
f 5116 5175 5117
f 5116 5174 5175
f 5117 5176 5118
f 5117 5175 5176
f 5118 5177 5119
f 5118 5176 5177
f 5119 5178 5120
f 5119 5177 5178
f 5120 5179 5121
f 5120 5178 5179
f 5121 5180 5122
f 5121 5179 5180
f 5122 5181 5123
f 5122 5180 5181
f 5123 5182 5124
f 5123 5181 5182
f 5124 5183 5125
f 5124 5182 5183
f 5125 5184 5126
f 5125 5183 5184
f 5126 5185 5127
f 5126 5184 5185
f 5127 5186 5128
f 5127 5185 5186
f 5128 5187 5129
f 5128 5186 5187
f 5129 5188 5130
f 5129 5187 5188
f 5130 5189 5131
f 5130 5188 5189
f 5131 5190 5132
f 5131 5189 5190
f 5132 5191 5133
f 5132 5190 5191
f 5133 5192 5134
f 5133 5191 5192
f 5134 5193 5135
f 5134 5192 5193
f 5135 5194 5136
f 5135 5193 5194
f 5136 5195 5137
f 5136 5194 5195
f 5137 5196 5138
f 5137 5195 5196
f 5138 5197 5139
f 5138 5196 5197
f 5139 5198 5140
f 5139 5197 5198
f 5140 5199 5141
f 5140 5198 5199
f 5141 5200 5142
f 5141 5199 5200
f 5142 5201 5143
f 5142 5200 5201
f 5143 5202 5144
f 5143 5201 5202
f 5144 5203 5145
f 5144 5202 5203
f 5145 5204 5146
f 5145 5203 5204
f 5146 5205 5147
f 5146 5204 5205
f 5147 5206 5148
f 5147 5205 5206
f 5148 5207 5149
f 5148 5206 5207
f 5149 5208 5150
f 5149 5207 5208
f 5150 5209 5151
f 5150 5208 5209
f 5151 5210 5152
f 5151 5209 5210
f 5152 5211 5153
f 5152 5210 5211
f 5153 5212 5154
f 5153 5211 5212
f 5213 3958 3949
f 5154 5213 3949
f 5212 5213 5154
f 5155 3951 3958
f 5213 5155 3958
f 5214 5155 5213
f 5155 5215 5156
f 5155 5214 5215
f 5156 5216 5157
f 5156 5215 5216
f 5157 5217 5158
f 5157 5216 5217
f 5158 5218 5159
f 5158 5217 5218
f 5159 5219 5160
f 5159 5218 5219
f 5160 5220 5161
f 5160 5219 5220
f 5161 5221 5162
f 5161 5220 5221
f 5221 3959 3953
f 5221 3953 5162
f 3960 5222 5163
f 3960 5163 3954
f 5163 5223 5164
f 5163 5222 5223
f 5164 5224 5165
f 5164 5223 5224
f 5165 5225 5166
f 5165 5224 5225
f 5166 5226 5167
f 5166 5225 5226
f 5167 5227 5168
f 5167 5226 5227
f 5168 5228 5169
f 5168 5227 5228
f 5169 5229 5170
f 5169 5228 5229
f 5230 3961 3956
f 5170 5230 3956
f 5229 5230 5170
f 5231 3962 3961
f 5231 3961 5230
f 5171 3957 3962
f 5231 5171 3962
f 5232 5171 5231
f 5171 5233 5172
f 5171 5232 5233
f 5172 5234 5173
f 5172 5233 5234
f 5173 5235 5174
f 5173 5234 5235
f 5174 5236 5175
f 5174 5235 5236
f 5175 5237 5176
f 5175 5236 5237
f 5176 5238 5177
f 5176 5237 5238
f 5177 5239 5178
f 5177 5238 5239
f 5178 5240 5179
f 5178 5239 5240
f 5179 5241 5180
f 5179 5240 5241
f 5180 5242 5181
f 5180 5241 5242
f 5181 5243 5182
f 5181 5242 5243
f 5182 5244 5183
f 5182 5243 5244
f 5183 5245 5184
f 5183 5244 5245
f 5184 5246 5185
f 5184 5245 5246
f 5185 5247 5186
f 5185 5246 5247
f 5186 5248 5187
f 5186 5247 5248
f 5187 5249 5188
f 5187 5248 5249
f 5188 5250 5189
f 5188 5249 5250
f 5189 5251 5190
f 5189 5250 5251
f 5190 5252 5191
f 5190 5251 5252
f 5191 5253 5192
f 5191 5252 5253
f 5192 5254 5193
f 5192 5253 5254
f 5193 5255 5194
f 5193 5254 5255
f 5194 5256 5195
f 5194 5255 5256
f 5195 5257 5196
f 5195 5256 5257
f 5196 5258 5197
f 5196 5257 5258
f 5197 5259 5198
f 5197 5258 5259
f 5198 5260 5199
f 5198 5259 5260
f 5199 5261 5200
f 5199 5260 5261
f 5200 5262 5201
f 5200 5261 5262
f 5201 5263 5202
f 5201 5262 5263
f 5202 5264 5203
f 5202 5263 5264
f 5203 5265 5204
f 5203 5264 5265
f 5204 5266 5205
f 5204 5265 5266
f 5205 5267 5206
f 5205 5266 5267
f 5206 5268 5207
f 5206 5267 5268
f 5207 5269 5208
f 5207 5268 5269
f 5208 5270 5209
f 5208 5269 5270
f 5209 5271 5210
f 5209 5270 5271
f 5210 5272 5211
f 5210 5271 5272
f 5211 5273 5212
f 5211 5272 5273
f 5212 5274 5213
f 5212 5273 5274
f 5213 5275 5214
f 5213 5274 5275
f 5214 5276 5215
f 5214 5275 5276
f 5215 5277 5216
f 5215 5276 5277
f 5216 5278 5217
f 5216 5277 5278
f 5217 5279 5218
f 5217 5278 5279
f 5218 5280 5219
f 5218 5279 5280
f 5219 5281 5220
f 5219 5280 5281
f 5220 5282 5221
f 5220 5281 5282
f 5282 3963 3959
f 5282 3959 5221
f 3965 5283 3964
f 5222 3960 3964
f 5283 5222 3964
f 5284 5222 5283
f 5222 5285 5223
f 5222 5284 5285
f 5223 5286 5224
f 5223 5285 5286
f 5224 5287 5225
f 5224 5286 5287
f 5225 5288 5226
f 5225 5287 5288
f 5226 5289 5227
f 5226 5288 5289
f 5227 5290 5228
f 5227 5289 5290
f 5228 5291 5229
f 5228 5290 5291
f 5229 5292 5230
f 5229 5291 5292
f 5230 5293 5231
f 5230 5292 5293
f 5231 5294 5232
f 5231 5293 5294
f 5232 5295 5233
f 5232 5294 5295
f 5233 5296 5234
f 5233 5295 5296
f 5234 5297 5235
f 5234 5296 5297
f 5235 5298 5236
f 5235 5297 5298
f 5236 5299 5237
f 5236 5298 5299
f 5237 5300 5238
f 5237 5299 5300
f 5238 5301 5239
f 5238 5300 5301
f 5239 5302 5240
f 5239 5301 5302
f 5240 5303 5241
f 5240 5302 5303
f 5241 5304 5242
f 5241 5303 5304
f 5242 5305 5243
f 5242 5304 5305
f 5243 5306 5244
f 5243 5305 5306
f 5244 5307 5245
f 5244 5306 5307
f 5245 5308 5246
f 5245 5307 5308
f 5246 5309 5247
f 5246 5308 5309
f 5247 5310 5248
f 5247 5309 5310
f 5248 5311 5249
f 5248 5310 5311
f 5249 5312 5250
f 5249 5311 5312
f 5250 5313 5251
f 5250 5312 5313
f 5251 5314 5252
f 5251 5313 5314
f 5252 5315 5253
f 5252 5314 5315
f 5253 5316 5254
f 5253 5315 5316
f 5254 5317 5255
f 5254 5316 5317
f 5255 5318 5256
f 5255 5317 5318
f 5256 5319 5257
f 5256 5318 5319
f 5257 5320 5258
f 5257 5319 5320
f 5258 5321 5259
f 5258 5320 5321
f 5259 5322 5260
f 5259 5321 5322
f 5260 5323 5261
f 5260 5322 5323
f 5261 5324 5262
f 5261 5323 5324
f 5262 5325 5263
f 5262 5324 5325
f 5263 5326 5264
f 5263 5325 5326
f 5264 5327 5265
f 5264 5326 5327
f 5265 5328 5266
f 5265 5327 5328
f 5266 5329 5267
f 5266 5328 5329
f 5267 5330 5268
f 5267 5329 5330
f 5268 5331 5269
f 5268 5330 5331
f 5269 5332 5270
f 5269 5331 5332
f 5270 5333 5271
f 5270 5332 5333
f 5271 5334 5272
f 5271 5333 5334
f 5272 5335 5273
f 5272 5334 5335
f 5273 5336 5274
f 5273 5335 5336
f 5274 5337 5275
f 5274 5336 5337
f 5275 5338 5276
f 5275 5337 5338
f 5276 5339 5277
f 5276 5338 5339
f 5277 5340 5278
f 5277 5339 5340
f 5278 5341 5279
f 5278 5340 5341
f 5279 5342 5280
f 5279 5341 5342
f 5280 5343 5281
f 5280 5342 5343
f 5281 5344 5282
f 5281 5343 5344
f 5345 3966 3963
f 5282 5345 3963
f 5344 5345 5282
f 5345 3967 3966
f 3968 5346 5283
f 3968 5283 3965
f 5283 5347 5284
f 5283 5346 5347
f 5284 5348 5285
f 5284 5347 5348
f 5285 5349 5286
f 5285 5348 5349
f 5286 5350 5287
f 5286 5349 5350
f 5287 5351 5288
f 5287 5350 5351
f 5288 5352 5289
f 5288 5351 5352
f 5289 5353 5290
f 5289 5352 5353
f 5290 5354 5291
f 5290 5353 5354
f 5291 5355 5292
f 5291 5354 5355
f 5292 5356 5293
f 5292 5355 5356
f 5293 5357 5294
f 5293 5356 5357
f 5294 5358 5295
f 5294 5357 5358
f 5295 5359 5296
f 5295 5358 5359
f 5296 5360 5297
f 5296 5359 5360
f 5297 5361 5298
f 5297 5360 5361
f 5298 5362 5299
f 5298 5361 5362
f 5299 5363 5300
f 5299 5362 5363
f 5300 5364 5301
f 5300 5363 5364
f 5301 5365 5302
f 5301 5364 5365
f 5302 5366 5303
f 5302 5365 5366
f 5303 5367 5304
f 5303 5366 5367
f 5304 5368 5305
f 5304 5367 5368
f 5305 5369 5306
f 5305 5368 5369
f 5306 5370 5307
f 5306 5369 5370
f 5307 5371 5308
f 5307 5370 5371
f 5308 5372 5309
f 5308 5371 5372
f 5309 5373 5310
f 5309 5372 5373
f 5310 5374 5311
f 5310 5373 5374
f 5311 5375 5312
f 5311 5374 5375
f 5312 5376 5313
f 5312 5375 5376
f 5313 5377 5314
f 5313 5376 5377
f 5314 5378 5315
f 5314 5377 5378
f 5315 5379 5316
f 5315 5378 5379
f 5316 5380 5317
f 5316 5379 5380
f 5317 5381 5318
f 5317 5380 5381
f 5318 5382 5319
f 5318 5381 5382
f 5319 5383 5320
f 5319 5382 5383
f 5320 5384 5321
f 5320 5383 5384
f 5321 5385 5322
f 5321 5384 5385
f 5322 5386 5323
f 5322 5385 5386
f 5323 5387 5324
f 5323 5386 5387
f 5324 5388 5325
f 5324 5387 5388
f 5325 5389 5326
f 5325 5388 5389
f 5326 5390 5327
f 5326 5389 5390
f 5327 5391 5328
f 5327 5390 5391
f 5328 5392 5329
f 5328 5391 5392
f 5329 5393 5330
f 5329 5392 5393
f 5330 5394 5331
f 5330 5393 5394
f 5331 5395 5332
f 5331 5394 5395
f 5332 5396 5333
f 5332 5395 5396
f 5333 5397 5334
f 5333 5396 5397
f 5334 5398 5335
f 5334 5397 5398
f 5335 5399 5336
f 5335 5398 5399
f 5336 5400 5337
f 5336 5399 5400
f 5337 5401 5338
f 5337 5400 5401
f 5338 5402 5339
f 5338 5401 5402
f 5339 5403 5340
f 5339 5402 5403
f 5340 5404 5341
f 5340 5403 5404
f 5341 5405 5342
f 5341 5404 5405
f 5342 5406 5343
f 5342 5405 5406
f 5343 5407 5344
f 5343 5406 5407
f 5344 5408 5345
f 5344 5407 5408
f 5408 3969 3967
f 5408 3967 5345
f 3970 5409 5346
f 3970 5346 3968
f 5346 5410 5347
f 5346 5409 5410
f 5347 5411 5348
f 5347 5410 5411
f 5348 5412 5349
f 5348 5411 5412
f 5349 5413 5350
f 5349 5412 5413
f 5350 5414 5351
f 5350 5413 5414
f 5351 5415 5352
f 5351 5414 5415
f 5352 5416 5353
f 5352 5415 5416
f 5353 5417 5354
f 5353 5416 5417
f 5354 5418 5355
f 5354 5417 5418
f 5355 5419 5356
f 5355 5418 5419
f 5356 5420 5357
f 5356 5419 5420
f 5357 5421 5358
f 5357 5420 5421
f 5358 5422 5359
f 5358 5421 5422
f 5359 5423 5360
f 5359 5422 5423
f 5360 5424 5361
f 5360 5423 5424
f 5361 5425 5362
f 5361 5424 5425
f 5362 5426 5363
f 5362 5425 5426
f 5363 5427 5364
f 5363 5426 5427
f 5364 5428 5365
f 5364 5427 5428
f 5365 5429 5366
f 5365 5428 5429
f 5366 5430 5367
f 5366 5429 5430
f 5367 5431 5368
f 5367 5430 5431
f 5368 5432 5369
f 5368 5431 5432
f 5369 5433 5370
f 5369 5432 5433
f 5370 5434 5371
f 5370 5433 5434
f 5371 5435 5372
f 5371 5434 5435
f 5372 5436 5373
f 5372 5435 5436
f 5373 5437 5374
f 5373 5436 5437
f 5374 5438 5375
f 5374 5437 5438
f 5375 5439 5376
f 5375 5438 5439
f 5376 5440 5377
f 5376 5439 5440
f 5377 5441 5378
f 5377 5440 5441
f 5378 5442 5379
f 5378 5441 5442
f 5379 5443 5380
f 5379 5442 5443
f 5380 5444 5381
f 5380 5443 5444
f 5381 5445 5382
f 5381 5444 5445
f 5382 5446 5383
f 5382 5445 5446
f 5383 5447 5384
f 5383 5446 5447
f 5384 5448 5385
f 5384 5447 5448
f 5385 5449 5386
f 5385 5448 5449
f 5386 5450 5387
f 5386 5449 5450
f 5387 5451 5388
f 5387 5450 5451
f 5388 5452 5389
f 5388 5451 5452
f 5389 5453 5390
f 5389 5452 5453
f 5390 5454 5391
f 5390 5453 5454
f 5391 5455 5392
f 5391 5454 5455
f 5392 5456 5393
f 5392 5455 5456
f 5393 5457 5394
f 5393 5456 5457
f 5394 5458 5395
f 5394 5457 5458
f 5395 5459 5396
f 5395 5458 5459
f 5396 5460 5397
f 5396 5459 5460
f 5397 5461 5398
f 5397 5460 5461
f 5398 5462 5399
f 5398 5461 5462
f 5399 5463 5400
f 5399 5462 5463
f 5400 5464 5401
f 5400 5463 5464
f 5401 5465 5402
f 5401 5464 5465
f 5402 5466 5403
f 5402 5465 5466
f 5403 5467 5404
f 5403 5466 5467
f 5404 5468 5405
f 5404 5467 5468
f 5405 5469 5406
f 5405 5468 5469
f 5406 5470 5407
f 5406 5469 5470
f 5407 5471 5408
f 5407 5470 5471
f 5471 3971 3969
f 5471 3969 5408
f 3972 5472 5409
f 3972 5409 3970
f 5409 5473 5410
f 5409 5472 5473
f 5410 5474 5411
f 5410 5473 5474
f 5411 5475 5412
f 5411 5474 5475
f 5412 5476 5413
f 5412 5475 5476
f 5413 5477 5414
f 5413 5476 5477
f 5414 5478 5415
f 5414 5477 5478
f 5415 5479 5416
f 5415 5478 5479
f 5416 5480 5417
f 5416 5479 5480
f 5417 5481 5418
f 5417 5480 5481
f 5418 5482 5419
f 5418 5481 5482
f 5419 5483 5420
f 5419 5482 5483
f 5420 5484 5421
f 5420 5483 5484
f 5421 5485 5422
f 5421 5484 5485
f 5422 5486 5423
f 5422 5485 5486
f 5423 5487 5424
f 5423 5486 5487
f 5424 5488 5425
f 5424 5487 5488
f 5425 5489 5426
f 5425 5488 5489
f 5426 5490 5427
f 5426 5489 5490
f 5427 5491 5428
f 5427 5490 5491
f 5428 5492 5429
f 5428 5491 5492
f 5429 5493 5430
f 5429 5492 5493
f 5430 5494 5431
f 5430 5493 5494
f 5431 5495 5432
f 5431 5494 5495
f 5432 5496 5433
f 5432 5495 5496
f 5433 5497 5434
f 5433 5496 5497
f 5434 5498 5435
f 5434 5497 5498
f 5435 5499 5436
f 5435 5498 5499
f 5436 5500 5437
f 5436 5499 5500
f 5437 5501 5438
f 5437 5500 5501
f 5438 5502 5439
f 5438 5501 5502
f 5439 5503 5440
f 5439 5502 5503
f 5440 5504 5441
f 5440 5503 5504
f 5441 5505 5442
f 5441 5504 5505
f 5442 5506 5443
f 5442 5505 5506
f 5443 5507 5444
f 5443 5506 5507
f 5444 5508 5445
f 5444 5507 5508
f 5445 5509 5446
f 5445 5508 5509
f 5446 5510 5447
f 5446 5509 5510
f 5447 5511 5448
f 5447 5510 5511
f 5448 5512 5449
f 5448 5511 5512
f 5449 5513 5450
f 5449 5512 5513
f 5450 5514 5451
f 5450 5513 5514
f 5451 5515 5452
f 5451 5514 5515
f 5452 5516 5453
f 5452 5515 5516
f 5453 5517 5454
f 5453 5516 5517
f 5454 5518 5455
f 5454 5517 5518
f 5455 5519 5456
f 5455 5518 5519
f 5456 5520 5457
f 5456 5519 5520
f 5457 5521 5458
f 5457 5520 5521
f 5458 5522 5459
f 5458 5521 5522
f 5459 5523 5460
f 5459 5522 5523
f 5460 5524 5461
f 5460 5523 5524
f 5461 5525 5462
f 5461 5524 5525
f 5462 5526 5463
f 5462 5525 5526
f 5463 5527 5464
f 5463 5526 5527
f 5464 5528 5465
f 5464 5527 5528
f 5465 5529 5466
f 5465 5528 5529
f 5466 5530 5467
f 5466 5529 5530
f 5467 5531 5468
f 5467 5530 5531
f 5468 5532 5469
f 5468 5531 5532
f 5469 5533 5470
f 5469 5532 5533
f 5470 5534 5471
f 5470 5533 5534
f 5534 3973 3971
f 5534 3971 5471
f 3975 5535 3974
f 5472 3972 3974
f 5535 5472 3974
f 5536 5472 5535
f 5472 5537 5473
f 5472 5536 5537
f 5473 5538 5474
f 5473 5537 5538
f 5474 5539 5475
f 5474 5538 5539
f 5475 5540 5476
f 5475 5539 5540
f 5476 5541 5477
f 5476 5540 5541
f 5477 5542 5478
f 5477 5541 5542
f 5478 5543 5479
f 5478 5542 5543
f 5479 5544 5480
f 5479 5543 5544
f 5480 5545 5481
f 5480 5544 5545
f 5481 5546 5482
f 5481 5545 5546
f 5482 5547 5483
f 5482 5546 5547
f 5483 5548 5484
f 5483 5547 5548
f 5484 5549 5485
f 5484 5548 5549
f 5485 5550 5486
f 5485 5549 5550
f 5486 5551 5487
f 5486 5550 5551
f 5487 5552 5488
f 5487 5551 5552
f 5488 5553 5489
f 5488 5552 5553
f 5489 5554 5490
f 5489 5553 5554
f 5490 5555 5491
f 5490 5554 5555
f 5491 5556 5492
f 5491 5555 5556
f 5492 5557 5493
f 5492 5556 5557
f 5493 5558 5494
f 5493 5557 5558
f 5494 5559 5495
f 5494 5558 5559
f 5495 5560 5496
f 5495 5559 5560
f 5496 5561 5497
f 5496 5560 5561
f 5497 5562 5498
f 5497 5561 5562
f 5498 5563 5499
f 5498 5562 5563
f 5499 5564 5500
f 5499 5563 5564
f 5500 5565 5501
f 5500 5564 5565
f 5501 5566 5502
f 5501 5565 5566
f 5502 5567 5503
f 5502 5566 5567
f 5503 5568 5504
f 5503 5567 5568
f 5504 5569 5505
f 5504 5568 5569
f 5505 5570 5506
f 5505 5569 5570
f 5506 5571 5507
f 5506 5570 5571
f 5507 5572 5508
f 5507 5571 5572
f 5508 5573 5509
f 5508 5572 5573
f 5509 5574 5510
f 5509 5573 5574
f 5510 5575 5511
f 5510 5574 5575
f 5511 5576 5512
f 5511 5575 5576
f 5512 5577 5513
f 5512 5576 5577
f 5513 5578 5514
f 5513 5577 5578
f 5514 5579 5515
f 5514 5578 5579
f 5515 5580 5516
f 5515 5579 5580
f 5516 5581 5517
f 5516 5580 5581
f 5517 5582 5518
f 5517 5581 5582
f 5518 5583 5519
f 5518 5582 5583
f 5519 5584 5520
f 5519 5583 5584
f 5520 5585 5521
f 5520 5584 5585
f 5521 5586 5522
f 5521 5585 5586
f 5522 5587 5523
f 5522 5586 5587
f 5523 5588 5524
f 5523 5587 5588
f 5524 5589 5525
f 5524 5588 5589
f 5525 5590 5526
f 5525 5589 5590
f 5526 5591 5527
f 5526 5590 5591
f 5527 5592 5528
f 5527 5591 5592
f 5528 5593 5529
f 5528 5592 5593
f 5529 5594 5530
f 5529 5593 5594
f 5530 5595 5531
f 5530 5594 5595
f 5531 5596 5532
f 5531 5595 5596
f 5532 5597 5533
f 5532 5596 5597
f 5533 5598 5534
f 5533 5597 5598
f 5599 3976 3973
f 5534 5599 3973
f 5598 5599 5534
f 5599 3977 3976
f 3978 5600 5535
f 3978 5535 3975
f 5535 5601 5536
f 5535 5600 5601
f 5536 5602 5537
f 5536 5601 5602
f 5537 5603 5538
f 5537 5602 5603
f 5538 5604 5539
f 5538 5603 5604
f 5539 5605 5540
f 5539 5604 5605
f 5540 5606 5541
f 5540 5605 5606
f 5541 5607 5542
f 5541 5606 5607
f 5542 5608 5543
f 5542 5607 5608
f 5543 5609 5544
f 5543 5608 5609
f 5544 5610 5545
f 5544 5609 5610
f 5545 5611 5546
f 5545 5610 5611
f 5546 5612 5547
f 5546 5611 5612
f 5547 5613 5548
f 5547 5612 5613
f 5548 5614 5549
f 5548 5613 5614
f 5549 5615 5550
f 5549 5614 5615
f 5550 5616 5551
f 5550 5615 5616
f 5551 5617 5552
f 5551 5616 5617
f 5552 5618 5553
f 5552 5617 5618
f 5553 5619 5554
f 5553 5618 5619
f 5554 5620 5555
f 5554 5619 5620
f 5555 5621 5556
f 5555 5620 5621
f 5556 5622 5557
f 5556 5621 5622
f 5557 5623 5558
f 5557 5622 5623
f 5558 5624 5559
f 5558 5623 5624
f 5559 5625 5560
f 5559 5624 5625
f 5627 5561 5626
f 5561 5625 5626
f 5561 5560 5625
f 5561 5627 5562
f 5562 5627 5628
f 5562 5628 5563
f 5563 5628 5629
f 5563 5629 5564
f 5564 5629 5630
f 5564 5630 5565
f 5565 5630 5631
f 5565 5631 5566
f 5566 5631 5632
f 5566 5632 5567
f 5567 5632 5633
f 5567 5633 5568
f 5568 5633 5634
f 5568 5634 5569
f 5569 5634 5635
f 5569 5635 5570
f 5570 5635 5636
f 5570 5636 5571
f 5571 5636 5637
f 5639 5638 5637
f 5638 5571 5637
f 5638 5572 5571
f 5572 5640 5573
f 5572 5638 5640
f 5573 5641 5574
f 5573 5640 5641
f 5574 5642 5575
f 5574 5641 5642
f 5575 5643 5576
f 5575 5642 5643
f 5576 5644 5577
f 5576 5643 5644
f 5577 5645 5578
f 5577 5644 5645
f 5578 5646 5579
f 5578 5645 5646
f 5579 5647 5580
f 5579 5646 5647
f 5580 5648 5581
f 5580 5647 5648
f 5581 5649 5582
f 5581 5648 5649
f 5582 5650 5583
f 5582 5649 5650
f 5583 5651 5584
f 5583 5650 5651
f 5584 5652 5585
f 5584 5651 5652
f 5585 5653 5586
f 5585 5652 5653
f 5586 5654 5587
f 5586 5653 5654
f 5587 5655 5588
f 5587 5654 5655
f 5588 5656 5589
f 5588 5655 5656
f 5589 5657 5590
f 5589 5656 5657
f 5590 5658 5591
f 5590 5657 5658
f 5591 5659 5592
f 5591 5658 5659
f 5592 5660 5593
f 5592 5659 5660
f 5593 5661 5594
f 5593 5660 5661
f 5594 5662 5595
f 5594 5661 5662
f 5595 5663 5596
f 5595 5662 5663
f 5596 5664 5597
f 5596 5663 5664
f 5597 5665 5598
f 5597 5664 5665
f 5598 5666 5599
f 5598 5665 5666
f 5666 3979 3977
f 5666 3977 5599
f 3980 5667 5600
f 3980 5600 3978
f 5600 5668 5601
f 5600 5667 5668
f 5601 5669 5602
f 5601 5668 5669
f 5602 5670 5603
f 5602 5669 5670
f 5603 5671 5604
f 5603 5670 5671
f 5604 5672 5605
f 5604 5671 5672
f 5605 5673 5606
f 5605 5672 5673
f 5606 5674 5607
f 5606 5673 5674
f 5607 5675 5608
f 5607 5674 5675
f 5608 5676 5609
f 5608 5675 5676
f 5609 5677 5610
f 5609 5676 5677
f 5610 5678 5611
f 5610 5677 5678
f 5611 5679 5612
f 5611 5678 5679
f 5612 5680 5613
f 5612 5679 5680
f 5613 5681 5614
f 5613 5680 5681
f 5614 5682 5615
f 5614 5681 5682
f 5615 5683 5616
f 5615 5682 5683
f 5616 5684 5617
f 5616 5683 5684
f 5617 5685 5618
f 5617 5684 5685
f 5618 5686 5619
f 5618 5685 5686
f 5619 5687 5620
f 5619 5686 5687
f 5620 5688 5621
f 5620 5687 5688
f 5621 5689 5622
f 5621 5688 5689
f 5622 5690 5623
f 5622 5689 5690
f 5623 5691 5624
f 5623 5690 5691
f 5624 5692 5625
f 5624 5691 5692
f 5626 5625 5693
f 5693 5625 5692
f 5638 5639 5694
f 5694 5639 5695
f 5638 5696 5640
f 5638 5694 5696
f 5640 5697 5641
f 5640 5696 5697
f 5641 5698 5642
f 5641 5697 5698
f 5642 5699 5643
f 5642 5698 5699
f 5643 5700 5644
f 5643 5699 5700
f 5644 5701 5645
f 5644 5700 5701
f 5645 5702 5646
f 5645 5701 5702
f 5646 5703 5647
f 5646 5702 5703
f 5647 5704 5648
f 5647 5703 5704
f 5648 5705 5649
f 5648 5704 5705
f 5649 5706 5650
f 5649 5705 5706
f 5650 5707 5651
f 5650 5706 5707
f 5651 5708 5652
f 5651 5707 5708
f 5652 5709 5653
f 5652 5708 5709
f 5653 5710 5654
f 5653 5709 5710
f 5654 5711 5655
f 5654 5710 5711
f 5655 5712 5656
f 5655 5711 5712
f 5656 5713 5657
f 5656 5712 5713
f 5713 3981 3982
f 5658 5713 3982
f 5657 5713 5658
f 5658 3982 3983
f 5658 3983 5659
f 5659 3983 3984
f 5659 3984 5660
f 5660 3984 3985
f 5660 3985 5661
f 5661 3985 3986
f 5714 5661 3986
f 5662 5661 5714
f 5662 5715 5663
f 5662 5714 5715
f 5663 5716 5664
f 5663 5715 5716
f 5664 5717 5665
f 5664 5716 5717
f 5665 5718 5666
f 5665 5717 5718
f 5718 3987 3979
f 5718 3979 5666
f 3988 5719 5667
f 3988 5667 3980
f 5667 5720 5668
f 5667 5719 5720
f 5668 5721 5669
f 5668 5720 5721
f 5669 5722 5670
f 5669 5721 5722
f 5670 5723 5671
f 5670 5722 5723
f 5671 5724 5672
f 5671 5723 5724
f 5672 5725 5673
f 5672 5724 5725
f 5673 5726 5674
f 5673 5725 5726
f 5674 5727 5675
f 5674 5726 5727
f 5675 5728 5676
f 5675 5727 5728
f 5676 5729 5677
f 5676 5728 5729
f 5677 5730 5678
f 5677 5729 5730
f 5678 5731 5679
f 5678 5730 5731
f 5679 5732 5680
f 5679 5731 5732
f 5680 5733 5681
f 5680 5732 5733
f 5681 5734 5682
f 5681 5733 5734
f 5682 5735 5683
f 5682 5734 5735
f 5683 5736 5684
f 5683 5735 5736
f 5684 5737 5685
f 5684 5736 5737
f 5685 5738 5686
f 5685 5737 5738
f 5686 5739 5687
f 5686 5738 5739
f 5687 5740 5688
f 5687 5739 5740
f 5688 5741 5689
f 5688 5740 5741
f 5689 5742 5690
f 5689 5741 5742
f 5690 5743 5691
f 5690 5742 5743
f 5691 5744 5692
f 5691 5743 5744
f 5693 5692 5745
f 5745 5692 5744
f 5694 5695 5746
f 5746 5695 5747
f 5694 5748 5696
f 5694 5746 5748
f 5696 5749 5697
f 5696 5748 5749
f 5697 5750 5698
f 5697 5749 5750
f 5698 5751 5699
f 5698 5750 5751
f 5699 5752 5700
f 5699 5751 5752
f 5700 5753 5701
f 5700 5752 5753
f 5701 5754 5702
f 5701 5753 5754
f 5702 5755 5703
f 5702 5754 5755
f 5703 5756 5704
f 5703 5755 5756
f 5704 5757 5705
f 5704 5756 5757
f 5705 5758 5706
f 5705 5757 5758
f 5706 5759 5707
f 5706 5758 5759
f 5707 5760 5708
f 5707 5759 5760
f 5708 5761 5709
f 5708 5760 5761
f 5709 5762 5710
f 5709 5761 5762
f 5710 5763 5711
f 5710 5762 5763
f 5763 3989 3990
f 5712 5763 3990
f 5711 5763 5712
f 5712 3990 3991
f 5712 3991 5713
f 5713 3991 3981
f 3992 5714 3986
f 5714 3992 3993
f 5764 5714 3993
f 5715 5714 5764
f 5715 5765 5716
f 5715 5764 5765
f 5716 5766 5717
f 5716 5765 5766
f 5717 5767 5718
f 5717 5766 5767
f 5767 3994 3987
f 5767 3987 5718
f 3995 5768 5719
f 3995 5719 3988
f 5719 5769 5720
f 5719 5768 5769
f 5720 5770 5721
f 5720 5769 5770
f 5721 5771 5722
f 5721 5770 5771
f 5722 5772 5723
f 5722 5771 5772
f 5723 5773 5724
f 5723 5772 5773
f 5724 5774 5725
f 5724 5773 5774
f 5774 3996 3997
f 5726 5774 3997
f 5725 5774 5726
f 5726 3997 3998
f 5775 5726 3998
f 5727 5726 5775
f 5727 5776 5728
f 5727 5775 5776
f 5728 5777 5729
f 5728 5776 5777
f 5729 5778 5730
f 5729 5777 5778
f 5730 5779 5731
f 5730 5778 5779
f 5731 5780 5732
f 5731 5779 5780
f 5732 5781 5733
f 5732 5780 5781
f 5733 5782 5734
f 5733 5781 5782
f 5734 5783 5735
f 5734 5782 5783
f 5735 5784 5736
f 5735 5783 5784
f 5736 5785 5737
f 5736 5784 5785
f 5737 5786 5738
f 5737 5785 5786
f 5738 5787 5739
f 5738 5786 5787
f 5739 5788 5740
f 5739 5787 5788
f 5740 5789 5741
f 5740 5788 5789
f 5741 5790 5742
f 5741 5789 5790
f 5742 5791 5743
f 5742 5790 5791
f 5743 5792 5744
f 5743 5791 5792
f 5745 5744 5793
f 5793 5744 5792
f 5746 5747 5794
f 5794 5747 5795
f 5746 5796 5748
f 5746 5794 5796
f 5748 5797 5749
f 5748 5796 5797
f 5749 5798 5750
f 5749 5797 5798
f 5750 5799 5751
f 5750 5798 5799
f 5751 5800 5752
f 5751 5799 5800
f 5752 5801 5753
f 5752 5800 5801
f 5753 5802 5754
f 5753 5801 5802
f 5754 5803 5755
f 5754 5802 5803
f 5755 5804 5756
f 5755 5803 5804
f 5756 5805 5757
f 5756 5804 5805
f 5757 5806 5758
f 5757 5805 5806
f 5758 5807 5759
f 5758 5806 5807
f 5759 5808 5760
f 5759 5807 5808
f 5760 5809 5761
f 5760 5808 5809
f 5761 5810 5762
f 5761 5809 5810
f 5762 5811 5763
f 5762 5810 5811
f 5811 3999 3989
f 5811 3989 5763
f 4000 5764 3993
f 5764 4000 4001
f 5812 5764 4001
f 5765 5764 5812
f 5765 5813 5766
f 5765 5812 5813
f 5766 5814 5767
f 5766 5813 5814
f 5814 4002 3994
f 5814 3994 5767
f 4003 5815 5768
f 4003 5768 3995
f 5768 5816 5769
f 5768 5815 5816
f 5769 5817 5770
f 5769 5816 5817
f 5770 5818 5771
f 5770 5817 5818
f 5771 5819 5772
f 5771 5818 5819
f 5772 5820 5773
f 5772 5819 5820
f 5820 4004 4005
f 5774 5820 4005
f 5773 5820 5774
f 5774 4005 3996
f 4006 5775 3998
f 5775 4006 4007
f 5821 5775 4007
f 5776 5775 5821
f 5776 5822 5777
f 5776 5821 5822
f 5777 5823 5778
f 5777 5822 5823
f 5778 5824 5779
f 5778 5823 5824
f 5779 5825 5780
f 5779 5824 5825
f 5780 5826 5781
f 5780 5825 5826
f 5781 5827 5782
f 5781 5826 5827
f 5782 5828 5783
f 5782 5827 5828
f 5783 5829 5784
f 5783 5828 5829
f 5784 5830 5785
f 5784 5829 5830
f 5785 5831 5786
f 5785 5830 5831
f 5786 5832 5787
f 5786 5831 5832
f 5787 5833 5788
f 5787 5832 5833
f 5788 5834 5789
f 5788 5833 5834
f 5789 5835 5790
f 5789 5834 5835
f 5790 5836 5791
f 5790 5835 5836
f 5791 5837 5792
f 5791 5836 5837
f 5793 5792 5838
f 5838 5792 5837
f 5794 5795 5839
f 5839 5795 5840
f 5794 5841 5796
f 5794 5839 5841
f 5796 5842 5797
f 5796 5841 5842
f 5797 5843 5798
f 5797 5842 5843
f 5798 5844 5799
f 5798 5843 5844
f 5799 5845 5800
f 5799 5844 5845
f 5800 5846 5801
f 5800 5845 5846
f 5801 5847 5802
f 5801 5846 5847
f 5802 5848 5803
f 5802 5847 5848
f 5803 5849 5804
f 5803 5848 5849
f 5804 5850 5805
f 5804 5849 5850
f 5805 5851 5806
f 5805 5850 5851
f 5806 5852 5807
f 5806 5851 5852
f 5807 5853 5808
f 5807 5852 5853
f 5808 5854 5809
f 5808 5853 5854
f 5809 5855 5810
f 5809 5854 5855
f 5855 4008 4009
f 5811 5855 4009
f 5810 5855 5811
f 5811 4009 3999
f 4010 5856 5812
f 4010 5812 4001
f 5812 5857 5813
f 5812 5856 5857
f 5813 5858 5814
f 5813 5857 5858
f 5858 4011 4002
f 5858 4002 5814
f 4012 5859 5815
f 4012 5815 4003
f 5815 5860 5816
f 5815 5859 5860
f 5816 5861 5817
f 5816 5860 5861
f 5817 5862 5818
f 5817 5861 5862
f 5818 5863 5819
f 5818 5862 5863
f 5863 4013 4014
f 5820 5863 4014
f 5819 5863 5820
f 5820 4014 4004
f 4015 5864 5821
f 4015 5821 4007
f 5821 5865 5822
f 5821 5864 5865
f 5822 5866 5823
f 5822 5865 5866
f 5823 5867 5824
f 5823 5866 5867
f 5824 5868 5825
f 5824 5867 5868
f 5825 5869 5826
f 5825 5868 5869
f 5826 5870 5827
f 5826 5869 5870
f 5827 5871 5828
f 5827 5870 5871
f 5828 5872 5829
f 5828 5871 5872
f 5829 5873 5830
f 5829 5872 5873
f 5830 5874 5831
f 5830 5873 5874
f 5831 5875 5832
f 5831 5874 5875
f 5832 5876 5833
f 5832 5875 5876
f 5833 5877 5834
f 5833 5876 5877
f 5834 5878 5835
f 5834 5877 5878
f 5835 5879 5836
f 5835 5878 5879
f 5836 5880 5837
f 5836 5879 5880
f 5838 5837 5881
f 5881 5837 5880
f 5839 5840 5882
f 5882 5840 5883
f 5839 5884 5841
f 5839 5882 5884
f 5841 5885 5842
f 5841 5884 5885
f 5842 5886 5843
f 5842 5885 5886
f 5843 5887 5844
f 5843 5886 5887
f 5844 5888 5845
f 5844 5887 5888
f 5845 5889 5846
f 5845 5888 5889
f 5846 5890 5847
f 5846 5889 5890
f 5847 5891 5848
f 5847 5890 5891
f 5848 5892 5849
f 5848 5891 5892
f 5849 5893 5850
f 5849 5892 5893
f 5850 5894 5851
f 5850 5893 5894
f 5851 5895 5852
f 5851 5894 5895
f 5852 5896 5853
f 5852 5895 5896
f 5853 5897 5854
f 5853 5896 5897
f 5854 5898 5855
f 5854 5897 5898
f 5898 4016 4008
f 5898 4008 5855
f 4017 5899 5856
f 4017 5856 4010
f 5856 5900 5857
f 5856 5899 5900
f 5857 5901 5858
f 5857 5900 5901
f 5901 4018 4011
f 5901 4011 5858
f 4019 5902 5859
f 4019 5859 4012
f 5859 5903 5860
f 5859 5902 5903
f 5860 5904 5861
f 5860 5903 5904
f 5861 5905 5862
f 5861 5904 5905
f 5862 5906 5863
f 5862 5905 5906
f 5907 4020 4013
f 5863 5907 4013
f 5906 5907 5863
f 5907 4021 4020
f 4022 5908 5864
f 4022 5864 4015
f 5864 5909 5865
f 5864 5908 5909
f 5865 5910 5866
f 5865 5909 5910
f 5866 5911 5867
f 5866 5910 5911
f 5867 5912 5868
f 5867 5911 5912
f 5868 5913 5869
f 5868 5912 5913
f 5869 5914 5870
f 5869 5913 5914
f 5870 5915 5871
f 5870 5914 5915
f 5871 5916 5872
f 5871 5915 5916
f 5872 5917 5873
f 5872 5916 5917
f 5873 5918 5874
f 5873 5917 5918
f 5874 5919 5875
f 5874 5918 5919
f 5875 5920 5876
f 5875 5919 5920
f 5876 5921 5877
f 5876 5920 5921
f 5877 5922 5878
f 5877 5921 5922
f 5878 5923 5879
f 5878 5922 5923
f 5879 5924 5880
f 5879 5923 5924
f 5881 5880 5925
f 5925 5880 5924
f 5882 5883 5926
f 5926 5883 5927
f 5882 5928 5884
f 5882 5926 5928
f 5884 5929 5885
f 5884 5928 5929
f 5885 5930 5886
f 5885 5929 5930
f 5886 5931 5887
f 5886 5930 5931
f 5887 5932 5888
f 5887 5931 5932
f 5888 5933 5889
f 5888 5932 5933
f 5889 5934 5890
f 5889 5933 5934
f 5890 5935 5891
f 5890 5934 5935
f 5891 5936 5892
f 5891 5935 5936
f 5892 5937 5893
f 5892 5936 5937
f 5893 5938 5894
f 5893 5937 5938
f 5894 5939 5895
f 5894 5938 5939
f 5895 5940 5896
f 5895 5939 5940
f 5896 5941 5897
f 5896 5940 5941
f 5897 5942 5898
f 5897 5941 5942
f 5943 4023 4016
f 5898 5943 4016
f 5942 5943 5898
f 5943 4024 4023
f 4025 5944 5899
f 4025 5899 4017
f 5899 5945 5900
f 5899 5944 5945
f 5900 5946 5901
f 5900 5945 5946
f 5946 4026 4018
f 5946 4018 5901
f 4027 5947 5902
f 4027 5902 4019
f 5902 5948 5903
f 5902 5947 5948
f 5903 5949 5904
f 5903 5948 5949
f 5904 5950 5905
f 5904 5949 5950
f 5905 5951 5906
f 5905 5950 5951
f 5906 5952 5907
f 5906 5951 5952
f 5953 4028 4021
f 5907 5953 4021
f 5952 5953 5907
f 5954 4029 4028
f 5954 4028 5953
f 5955 4030 4029
f 5955 4029 5954
f 5908 4022 4030
f 5955 5908 4030
f 5956 5908 5955
f 5908 5957 5909
f 5908 5956 5957
f 5909 5958 5910
f 5909 5957 5958
f 5910 5959 5911
f 5910 5958 5959
f 5911 5960 5912
f 5911 5959 5960
f 5912 5961 5913
f 5912 5960 5961
f 5913 5962 5914
f 5913 5961 5962
f 5914 5963 5915
f 5914 5962 5963
f 5915 5964 5916
f 5915 5963 5964
f 5916 5965 5917
f 5916 5964 5965
f 5917 5966 5918
f 5917 5965 5966
f 5918 5967 5919
f 5918 5966 5967
f 5919 5968 5920
f 5919 5967 5968
f 5920 5969 5921
f 5920 5968 5969
f 5921 5970 5922
f 5921 5969 5970
f 5922 5971 5923
f 5922 5970 5971
f 5923 5972 5924
f 5923 5971 5972
f 5925 5924 5973
f 5973 5924 5972
f 5926 5927 5974
f 5974 5927 5975
f 5926 5976 5928
f 5926 5974 5976
f 5928 5977 5929
f 5928 5976 5977
f 5929 5978 5930
f 5929 5977 5978
f 5930 5979 5931
f 5930 5978 5979
f 5931 5980 5932
f 5931 5979 5980
f 5932 5981 5933
f 5932 5980 5981
f 5933 5982 5934
f 5933 5981 5982
f 5934 5983 5935
f 5934 5982 5983
f 5935 5984 5936
f 5935 5983 5984
f 5936 5985 5937
f 5936 5984 5985
f 5937 5986 5938
f 5937 5985 5986
f 5938 5987 5939
f 5938 5986 5987
f 5939 5988 5940
f 5939 5987 5988
f 5940 5989 5941
f 5940 5988 5989
f 5941 5990 5942
f 5941 5989 5990
f 5942 5991 5943
f 5942 5990 5991
f 5991 4031 4024
f 5991 4024 5943
f 4033 5992 4032
f 5944 4025 4032
f 5992 5944 4032
f 5993 5944 5992
f 5944 5994 5945
f 5944 5993 5994
f 5945 5995 5946
f 5945 5994 5995
f 5995 4034 4026
f 5995 4026 5946
f 4035 5996 5947
f 4035 5947 4027
f 5947 5997 5948
f 5947 5996 5997
f 5948 5998 5949
f 5948 5997 5998
f 5949 5999 5950
f 5949 5998 5999
f 5950 6000 5951
f 5950 5999 6000
f 5951 6001 5952
f 5951 6000 6001
f 5952 6002 5953
f 5952 6001 6002
f 5953 6003 5954
f 5953 6002 6003
f 5954 6004 5955
f 5954 6003 6004
f 5955 6005 5956
f 5955 6004 6005
f 5956 6006 5957
f 5956 6005 6006
f 5957 6007 5958
f 5957 6006 6007
f 5958 6008 5959
f 5958 6007 6008
f 5959 6009 5960
f 5959 6008 6009
f 5960 6010 5961
f 5960 6009 6010
f 5961 6011 5962
f 5961 6010 6011
f 5962 6012 5963
f 5962 6011 6012
f 5963 6013 5964
f 5963 6012 6013
f 5964 6014 5965
f 5964 6013 6014
f 5965 6015 5966
f 5965 6014 6015
f 5966 6016 5967
f 5966 6015 6016
f 5967 6017 5968
f 5967 6016 6017
f 5968 6018 5969
f 5968 6017 6018
f 5969 6019 5970
f 5969 6018 6019
f 5970 6020 5971
f 5970 6019 6020
f 5971 6021 5972
f 5971 6020 6021
f 5973 5972 6022
f 6022 5972 6021
f 5974 5975 6023
f 6023 5975 6024
f 5974 6025 5976
f 5974 6023 6025
f 5976 6026 5977
f 5976 6025 6026
f 5977 6027 5978
f 5977 6026 6027
f 5978 6028 5979
f 5978 6027 6028
f 5979 6029 5980
f 5979 6028 6029
f 5980 6030 5981
f 5980 6029 6030
f 5981 6031 5982
f 5981 6030 6031
f 5982 6032 5983
f 5982 6031 6032
f 5983 6033 5984
f 5983 6032 6033
f 5984 6034 5985
f 5984 6033 6034
f 5985 6035 5986
f 5985 6034 6035
f 5986 6036 5987
f 5986 6035 6036
f 5987 6037 5988
f 5987 6036 6037
f 5988 6038 5989
f 5988 6037 6038
f 5989 6039 5990
f 5989 6038 6039
f 5990 6040 5991
f 5990 6039 6040
f 6041 4036 4031
f 5991 6041 4031
f 6040 6041 5991
f 6041 4037 4036
f 4038 6042 5992
f 4038 5992 4033
f 5992 6043 5993
f 5992 6042 6043
f 5993 6044 5994
f 5993 6043 6044
f 5994 6045 5995
f 5994 6044 6045
f 6045 4039 4034
f 6045 4034 5995
f 4040 6046 5996
f 4040 5996 4035
f 5996 6047 5997
f 5996 6046 6047
f 5997 6048 5998
f 5997 6047 6048
f 5998 6049 5999
f 5998 6048 6049
f 5999 6050 6000
f 5999 6049 6050
f 6000 6051 6001
f 6000 6050 6051
f 6001 6052 6002
f 6001 6051 6052
f 6002 6053 6003
f 6002 6052 6053
f 6003 6054 6004
f 6003 6053 6054
f 6004 6055 6005
f 6004 6054 6055
f 6005 6056 6006
f 6005 6055 6056
f 6006 6057 6007
f 6006 6056 6057
f 6007 6058 6008
f 6007 6057 6058
f 6008 6059 6009
f 6008 6058 6059
f 6009 6060 6010
f 6009 6059 6060
f 6010 6061 6011
f 6010 6060 6061
f 6011 6062 6012
f 6011 6061 6062
f 6012 6063 6013
f 6012 6062 6063
f 6013 6064 6014
f 6013 6063 6064
f 6014 6065 6015
f 6014 6064 6065
f 6015 6066 6016
f 6015 6065 6066
f 6016 6067 6017
f 6016 6066 6067
f 6017 6068 6018
f 6017 6067 6068
f 6018 6069 6019
f 6018 6068 6069
f 6019 6070 6020
f 6019 6069 6070
f 6020 6071 6021
f 6020 6070 6071
f 6022 6021 6072
f 6072 6021 6071
f 6023 6024 6073
f 6073 6024 6074
f 6023 6075 6025
f 6023 6073 6075
f 6025 6076 6026
f 6025 6075 6076
f 6026 6077 6027
f 6026 6076 6077
f 6027 6078 6028
f 6027 6077 6078
f 6028 6079 6029
f 6028 6078 6079
f 6029 6080 6030
f 6029 6079 6080
f 6030 6081 6031
f 6030 6080 6081
f 6031 6082 6032
f 6031 6081 6082
f 6032 6083 6033
f 6032 6082 6083
f 6033 6084 6034
f 6033 6083 6084
f 6034 6085 6035
f 6034 6084 6085
f 6035 6086 6036
f 6035 6085 6086
f 6036 6087 6037
f 6036 6086 6087
f 6037 6088 6038
f 6037 6087 6088
f 6038 6089 6039
f 6038 6088 6089
f 6039 6090 6040
f 6039 6089 6090
f 6040 6091 6041
f 6040 6090 6091
f 6092 4041 4037
f 6041 6092 4037
f 6091 6092 6041
f 6093 4042 4041
f 6093 4041 6092
f 6093 4043 4042
f 4045 6094 4044
f 6095 4046 4044
f 6095 4044 6094
f 6042 4038 4046
f 6095 6042 4046
f 6096 6042 6095
f 6042 6097 6043
f 6042 6096 6097
f 6043 6098 6044
f 6043 6097 6098
f 6044 6099 6045
f 6044 6098 6099
f 6099 4047 4039
f 6099 4039 6045
f 4048 6100 6046
f 4048 6046 4040
f 6046 6101 6047
f 6046 6100 6101
f 6047 6102 6048
f 6047 6101 6102
f 6048 6103 6049
f 6048 6102 6103
f 6049 6104 6050
f 6049 6103 6104
f 6050 6105 6051
f 6050 6104 6105
f 6051 6106 6052
f 6051 6105 6106
f 6052 6107 6053
f 6052 6106 6107
f 6053 6108 6054
f 6053 6107 6108
f 6054 6109 6055
f 6054 6108 6109
f 6055 6110 6056
f 6055 6109 6110
f 6056 6111 6057
f 6056 6110 6111
f 6057 6112 6058
f 6057 6111 6112
f 6058 6113 6059
f 6058 6112 6113
f 6059 6114 6060
f 6059 6113 6114
f 6060 6115 6061
f 6060 6114 6115
f 6061 6116 6062
f 6061 6115 6116
f 6062 6117 6063
f 6062 6116 6117
f 6063 6118 6064
f 6063 6117 6118
f 6064 6119 6065
f 6064 6118 6119
f 6065 6120 6066
f 6065 6119 6120
f 6066 6121 6067
f 6066 6120 6121
f 6067 6122 6068
f 6067 6121 6122
f 6068 6123 6069
f 6068 6122 6123
f 6069 6124 6070
f 6069 6123 6124
f 6070 6125 6071
f 6070 6124 6125
f 6072 6071 6126
f 6126 6071 6125
f 6073 6074 6127
f 6127 6074 6128
f 6073 6129 6075
f 6073 6127 6129
f 6075 6130 6076
f 6075 6129 6130
f 6076 6131 6077
f 6076 6130 6131
f 6077 6132 6078
f 6077 6131 6132
f 6078 6133 6079
f 6078 6132 6133
f 6079 6134 6080
f 6079 6133 6134
f 6080 6135 6081
f 6080 6134 6135
f 6081 6136 6082
f 6081 6135 6136
f 6082 6137 6083
f 6082 6136 6137
f 6083 6138 6084
f 6083 6137 6138
f 6084 6139 6085
f 6084 6138 6139
f 6085 6140 6086
f 6085 6139 6140
f 6086 6141 6087
f 6086 6140 6141
f 6087 6142 6088
f 6087 6141 6142
f 6088 6143 6089
f 6088 6142 6143
f 6089 6144 6090
f 6089 6143 6144
f 6090 6145 6091
f 6090 6144 6145
f 6091 6146 6092
f 6091 6145 6146
f 6092 6147 6093
f 6092 6146 6147
f 6148 4049 4043
f 6093 6148 4043
f 6147 6148 6093
f 6149 4050 4049
f 6149 4049 6148
f 6094 4045 4050
f 6149 6094 4050
f 6150 6094 6149
f 6094 6151 6095
f 6094 6150 6151
f 6095 6152 6096
f 6095 6151 6152
f 6096 6153 6097
f 6096 6152 6153
f 6097 6154 6098
f 6097 6153 6154
f 6098 6155 6099
f 6098 6154 6155
f 6155 4051 4047
f 6155 4047 6099
f 4052 6100 4048
f 6100 4052 4053
f 6156 6100 4053
f 6101 6100 6156
f 6101 6157 6102
f 6101 6156 6157
f 6102 6158 6103
f 6102 6157 6158
f 6103 6159 6104
f 6103 6158 6159
f 6104 6160 6105
f 6104 6159 6160
f 6105 6161 6106
f 6105 6160 6161
f 6106 6162 6107
f 6106 6161 6162
f 6107 6163 6108
f 6107 6162 6163
f 6108 6164 6109
f 6108 6163 6164
f 6109 6165 6110
f 6109 6164 6165
f 6110 6166 6111
f 6110 6165 6166
f 6111 6167 6112
f 6111 6166 6167
f 6112 6168 6113
f 6112 6167 6168
f 6113 6169 6114
f 6113 6168 6169
f 6114 6170 6115
f 6114 6169 6170
f 6115 6171 6116
f 6115 6170 6171
f 6116 6172 6117
f 6116 6171 6172
f 6117 6173 6118
f 6117 6172 6173
f 6118 6174 6119
f 6118 6173 6174
f 6119 6175 6120
f 6119 6174 6175
f 6120 6176 6121
f 6120 6175 6176
f 6121 6177 6122
f 6121 6176 6177
f 6122 6178 6123
f 6122 6177 6178
f 6123 6179 6124
f 6123 6178 6179
f 6124 6180 6125
f 6124 6179 6180
f 6126 6125 6181
f 6181 6125 6180
f 6127 6128 6182
f 6182 6128 6183
f 6127 6184 6129
f 6127 6182 6184
f 6129 6185 6130
f 6129 6184 6185
f 6130 6186 6131
f 6130 6185 6186
f 6131 6187 6132
f 6131 6186 6187
f 6132 6188 6133
f 6132 6187 6188
f 6133 6189 6134
f 6133 6188 6189
f 6134 6190 6135
f 6134 6189 6190
f 6135 6191 6136
f 6135 6190 6191
f 6136 6192 6137
f 6136 6191 6192
f 6137 6193 6138
f 6137 6192 6193
f 6138 6194 6139
f 6138 6193 6194
f 6139 6195 6140
f 6139 6194 6195
f 6140 6196 6141
f 6140 6195 6196
f 6141 6197 6142
f 6141 6196 6197
f 6142 6198 6143
f 6142 6197 6198
f 6143 6199 6144
f 6143 6198 6199
f 6144 6200 6145
f 6144 6199 6200
f 6145 6201 6146
f 6145 6200 6201
f 6146 6202 6147
f 6146 6201 6202
f 6147 6203 6148
f 6147 6202 6203
f 6148 6204 6149
f 6148 6203 6204
f 6149 6205 6150
f 6149 6204 6205
f 6150 6206 6151
f 6150 6205 6206
f 6151 6207 6152
f 6151 6206 6207
f 6152 6208 6153
f 6152 6207 6208
f 6153 6209 6154
f 6153 6208 6209
f 6154 6210 6155
f 6154 6209 6210
f 6210 4054 4051
f 6210 4051 6155
f 4055 6211 6156
f 4055 6156 4053
f 6156 6212 6157
f 6156 6211 6212
f 6157 6213 6158
f 6157 6212 6213
f 6158 6214 6159
f 6158 6213 6214
f 6159 6215 6160
f 6159 6214 6215
f 6160 6216 6161
f 6160 6215 6216
f 6161 6217 6162
f 6161 6216 6217
f 6162 6218 6163
f 6162 6217 6218
f 6163 6219 6164
f 6163 6218 6219
f 6164 6220 6165
f 6164 6219 6220
f 6165 6221 6166
f 6165 6220 6221
f 6166 6222 6167
f 6166 6221 6222
f 6167 6223 6168
f 6167 6222 6223
f 6168 6224 6169
f 6168 6223 6224
f 6169 6225 6170
f 6169 6224 6225
f 6170 6226 6171
f 6170 6225 6226
f 6171 6227 6172
f 6171 6226 6227
f 6172 6228 6173
f 6172 6227 6228
f 6173 6229 6174
f 6173 6228 6229
f 6174 6230 6175
f 6174 6229 6230
f 6175 6231 6176
f 6175 6230 6231
f 6176 6232 6177
f 6176 6231 6232
f 6177 6233 6178
f 6177 6232 6233
f 6178 6234 6179
f 6178 6233 6234
f 6179 6235 6180
f 6179 6234 6235
f 6181 6180 6236
f 6236 6180 6235
f 6182 6183 6237
f 6237 6183 6238
f 6182 6239 6184
f 6182 6237 6239
f 6184 6240 6185
f 6184 6239 6240
f 6185 6241 6186
f 6185 6240 6241
f 6186 6242 6187
f 6186 6241 6242
f 6187 6243 6188
f 6187 6242 6243
f 6188 6244 6189
f 6188 6243 6244
f 6189 6245 6190
f 6189 6244 6245
f 6190 6246 6191
f 6190 6245 6246
f 6191 6247 6192
f 6191 6246 6247
f 6192 6248 6193
f 6192 6247 6248
f 6193 6249 6194
f 6193 6248 6249
f 6194 6250 6195
f 6194 6249 6250
f 6195 6251 6196
f 6195 6250 6251
f 6196 6252 6197
f 6196 6251 6252
f 6197 6253 6198
f 6197 6252 6253
f 6198 6254 6199
f 6198 6253 6254
f 6199 6255 6200
f 6199 6254 6255
f 6200 6256 6201
f 6200 6255 6256
f 6201 6257 6202
f 6201 6256 6257
f 6202 6258 6203
f 6202 6257 6258
f 6203 6259 6204
f 6203 6258 6259
f 6204 6260 6205
f 6204 6259 6260
f 6205 6261 6206
f 6205 6260 6261
f 6206 6262 6207
f 6206 6261 6262
f 6207 6263 6208
f 6207 6262 6263
f 6208 6264 6209
f 6208 6263 6264
f 6264 4056 4057
f 6210 6264 4057
f 6209 6264 6210
f 6210 4057 4054
f 4058 6265 6211
f 4058 6211 4055
f 6211 6266 6212
f 6211 6265 6266
f 6212 6267 6213
f 6212 6266 6267
f 6213 6268 6214
f 6213 6267 6268
f 6214 6269 6215
f 6214 6268 6269
f 6215 6270 6216
f 6215 6269 6270
f 6216 6271 6217
f 6216 6270 6271
f 6217 6272 6218
f 6217 6271 6272
f 6218 6273 6219
f 6218 6272 6273
f 6219 6274 6220
f 6219 6273 6274
f 6220 6275 6221
f 6220 6274 6275
f 6221 6276 6222
f 6221 6275 6276
f 6222 6277 6223
f 6222 6276 6277
f 6223 6278 6224
f 6223 6277 6278
f 6224 6279 6225
f 6224 6278 6279
f 6225 6280 6226
f 6225 6279 6280
f 6226 6281 6227
f 6226 6280 6281
f 6227 6282 6228
f 6227 6281 6282
f 6228 6283 6229
f 6228 6282 6283
f 6229 6284 6230
f 6229 6283 6284
f 6230 6285 6231
f 6230 6284 6285
f 6231 6286 6232
f 6231 6285 6286
f 6232 6287 6233
f 6232 6286 6287
f 6233 6288 6234
f 6233 6287 6288
f 6234 6289 6235
f 6234 6288 6289
f 6236 6235 6290
f 6235 6291 6290
f 6235 6289 6291
f 6293 6292 6291
f 6291 6292 6290
f 6295 6294 6293
f 6293 6294 6292
f 6297 6296 6295
f 6295 6296 6294
f 6299 6298 6297
f 6297 6298 6296
f 6301 6300 6299
f 6299 6300 6298
f 6303 6302 6301
f 6301 6302 6300
f 6305 6304 6303
f 6303 6304 6302
f 6307 6306 6305
f 6305 6306 6304
f 6309 6308 6307
f 6307 6308 6306
f 6311 6310 6309
f 6309 6310 6308
f 6310 6311 6238
f 6311 6237 6238
f 6311 6312 6237
f 6237 6313 6239
f 6237 6312 6313
f 6239 6314 6240
f 6239 6313 6314
f 6240 6315 6241
f 6240 6314 6315
f 6241 6316 6242
f 6241 6315 6316
f 6242 6317 6243
f 6242 6316 6317
f 6243 6318 6244
f 6243 6317 6318
f 6244 6319 6245
f 6244 6318 6319
f 6245 6320 6246
f 6245 6319 6320
f 6246 6321 6247
f 6246 6320 6321
f 6247 6322 6248
f 6247 6321 6322
f 6248 6323 6249
f 6248 6322 6323
f 6249 6324 6250
f 6249 6323 6324
f 6250 6325 6251
f 6250 6324 6325
f 6251 6326 6252
f 6251 6325 6326
f 6252 6327 6253
f 6252 6326 6327
f 6253 6328 6254
f 6253 6327 6328
f 6254 6329 6255
f 6254 6328 6329
f 6255 6330 6256
f 6255 6329 6330
f 6256 6331 6257
f 6256 6330 6331
f 6257 6332 6258
f 6257 6331 6332
f 6258 6333 6259
f 6258 6332 6333
f 6259 6334 6260
f 6259 6333 6334
f 6260 6335 6261
f 6260 6334 6335
f 6261 6336 6262
f 6261 6335 6336
f 6262 6337 6263
f 6262 6336 6337
f 6263 6338 6264
f 6263 6337 6338
f 6338 4059 4056
f 6338 4056 6264
f 4060 6339 6265
f 4060 6265 4058
f 6265 6340 6266
f 6265 6339 6340
f 6266 6341 6267
f 6266 6340 6341
f 6267 6342 6268
f 6267 6341 6342
f 6268 6343 6269
f 6268 6342 6343
f 6269 6344 6270
f 6269 6343 6344
f 6270 6345 6271
f 6270 6344 6345
f 6271 6346 6272
f 6271 6345 6346
f 6272 6347 6273
f 6272 6346 6347
f 6273 6348 6274
f 6273 6347 6348
f 6274 6349 6275
f 6274 6348 6349
f 6275 6350 6276
f 6275 6349 6350
f 6276 6351 6277
f 6276 6350 6351
f 6277 6352 6278
f 6277 6351 6352
f 6278 6353 6279
f 6278 6352 6353
f 6279 6354 6280
f 6279 6353 6354
f 6280 6355 6281
f 6280 6354 6355
f 6281 6356 6282
f 6281 6355 6356
f 6282 6357 6283
f 6282 6356 6357
f 6283 6358 6284
f 6283 6357 6358
f 6284 6359 6285
f 6284 6358 6359
f 6285 6360 6286
f 6285 6359 6360
f 6286 6361 6287
f 6286 6360 6361
f 6287 6362 6288
f 6287 6361 6362
f 6288 6363 6289
f 6288 6362 6363
f 6289 6364 6291
f 6289 6363 6364
f 6291 6365 6293
f 6291 6364 6365
f 6293 6366 6295
f 6293 6365 6366
f 6295 6367 6297
f 6295 6366 6367
f 6297 6368 6299
f 6297 6367 6368
f 6299 6369 6301
f 6299 6368 6369
f 6301 6370 6303
f 6301 6369 6370
f 6303 6371 6305
f 6303 6370 6371
f 6305 6372 6307
f 6305 6371 6372
f 6307 6373 6309
f 6307 6372 6373
f 6309 6374 6311
f 6309 6373 6374
f 6311 6375 6312
f 6311 6374 6375
f 6312 6376 6313
f 6312 6375 6376
f 6313 6377 6314
f 6313 6376 6377
f 6314 6378 6315
f 6314 6377 6378
f 6315 6379 6316
f 6315 6378 6379
f 6316 6380 6317
f 6316 6379 6380
f 6317 6381 6318
f 6317 6380 6381
f 6318 6382 6319
f 6318 6381 6382
f 6319 6383 6320
f 6319 6382 6383
f 6320 6384 6321
f 6320 6383 6384
f 6321 6385 6322
f 6321 6384 6385
f 6322 6386 6323
f 6322 6385 6386
f 6323 6387 6324
f 6323 6386 6387
f 6324 6388 6325
f 6324 6387 6388
f 6325 6389 6326
f 6325 6388 6389
f 6326 6390 6327
f 6326 6389 6390
f 6390 4061 4062
f 6328 6390 4062
f 6327 6390 6328
f 6328 4062 4063
f 6328 4063 6329
f 6329 4063 4064
f 6329 4064 6330
f 6330 4064 4065
f 6391 6330 4065
f 6331 6330 6391
f 6331 6392 6332
f 6331 6391 6392
f 6332 6393 6333
f 6332 6392 6393
f 6333 6394 6334
f 6333 6393 6394
f 6334 6395 6335
f 6334 6394 6395
f 6335 6396 6336
f 6335 6395 6396
f 6336 6397 6337
f 6336 6396 6397
f 6337 6398 6338
f 6337 6397 6398
f 6398 4066 4059
f 6398 4059 6338
f 4067 6339 4060
f 6339 4067 4068
f 6399 6339 4068
f 6340 6339 6399
f 6340 6400 6341
f 6340 6399 6400
f 6341 6401 6342
f 6341 6400 6401
f 6342 6402 6343
f 6342 6401 6402
f 6343 6403 6344
f 6343 6402 6403
f 6344 6404 6345
f 6344 6403 6404
f 6345 6405 6346
f 6345 6404 6405
f 6346 6406 6347
f 6346 6405 6406
f 6347 6407 6348
f 6347 6406 6407
f 6348 6408 6349
f 6348 6407 6408
f 6349 6409 6350
f 6349 6408 6409
f 6350 6410 6351
f 6350 6409 6410
f 6351 6411 6352
f 6351 6410 6411
f 6352 6412 6353
f 6352 6411 6412
f 6353 6413 6354
f 6353 6412 6413
f 6354 6414 6355
f 6354 6413 6414
f 6355 6415 6356
f 6355 6414 6415
f 6356 6416 6357
f 6356 6415 6416
f 6357 6417 6358
f 6357 6416 6417
f 6358 6418 6359
f 6358 6417 6418
f 6359 6419 6360
f 6359 6418 6419
f 6360 6420 6361
f 6360 6419 6420
f 6361 6421 6362
f 6361 6420 6421
f 6362 6422 6363
f 6362 6421 6422
f 6363 6423 6364
f 6363 6422 6423
f 6364 6424 6365
f 6364 6423 6424
f 6365 6425 6366
f 6365 6424 6425
f 6366 6426 6367
f 6366 6425 6426
f 6367 6427 6368
f 6367 6426 6427
f 6368 6428 6369
f 6368 6427 6428
f 6369 6429 6370
f 6369 6428 6429
f 6370 6430 6371
f 6370 6429 6430
f 6371 6431 6372
f 6371 6430 6431
f 6372 6432 6373
f 6372 6431 6432
f 6373 6433 6374
f 6373 6432 6433
f 6374 6434 6375
f 6374 6433 6434
f 6375 6435 6376
f 6375 6434 6435
f 6376 6436 6377
f 6376 6435 6436
f 6377 6437 6378
f 6377 6436 6437
f 6378 6438 6379
f 6378 6437 6438
f 6379 6439 6380
f 6379 6438 6439
f 6380 6440 6381
f 6380 6439 6440
f 6381 6441 6382
f 6381 6440 6441
f 6382 6442 6383
f 6382 6441 6442
f 6383 6443 6384
f 6383 6442 6443
f 6384 6444 6385
f 6384 6443 6444
f 6385 6445 6386
f 6385 6444 6445
f 6386 6446 6387
f 6386 6445 6446
f 6387 6447 6388
f 6387 6446 6447
f 6388 6448 6389
f 6388 6447 6448
f 6448 4069 4070
f 6390 6448 4070
f 6389 6448 6390
f 6390 4070 4061
f 4071 6391 4065
f 6391 4071 4072
f 6449 6391 4072
f 6392 6391 6449
f 6392 6450 6393
f 6392 6449 6450
f 6393 6451 6394
f 6393 6450 6451
f 6394 6452 6395
f 6394 6451 6452
f 6395 6453 6396
f 6395 6452 6453
f 6396 6454 6397
f 6396 6453 6454
f 6454 4073 4074
f 6398 6454 4074
f 6397 6454 6398
f 6398 4074 4066
f 4075 6455 6399
f 4075 6399 4068
f 6399 6456 6400
f 6399 6455 6456
f 6400 6457 6401
f 6400 6456 6457
f 6401 6458 6402
f 6401 6457 6458
f 6402 6459 6403
f 6402 6458 6459
f 6403 6460 6404
f 6403 6459 6460
f 6404 6461 6405
f 6404 6460 6461
f 6461 4076 4077
f 6406 6461 4077
f 6405 6461 6406
f 6406 4077 4078
f 6406 4078 6407
f 6407 4078 4079
f 6407 4079 6408
f 6408 4079 4080
f 6462 6408 4080
f 6409 6408 6462
f 6409 6463 6410
f 6409 6462 6463
f 6410 6464 6411
f 6410 6463 6464
f 6411 6465 6412
f 6411 6464 6465
f 6412 6466 6413
f 6412 6465 6466
f 6413 6467 6414
f 6413 6466 6467
f 6414 6468 6415
f 6414 6467 6468
f 6415 6469 6416
f 6415 6468 6469
f 6416 6470 6417
f 6416 6469 6470
f 6417 6471 6418
f 6417 6470 6471
f 6418 6472 6419
f 6418 6471 6472
f 6419 6473 6420
f 6419 6472 6473
f 6420 6474 6421
f 6420 6473 6474
f 6421 6475 6422
f 6421 6474 6475
f 6422 6476 6423
f 6422 6475 6476
f 6423 6477 6424
f 6423 6476 6477
f 6424 6478 6425
f 6424 6477 6478
f 6425 6479 6426
f 6425 6478 6479
f 6426 6480 6427
f 6426 6479 6480
f 6427 6481 6428
f 6427 6480 6481
f 6428 6482 6429
f 6428 6481 6482
f 6429 6483 6430
f 6429 6482 6483
f 6430 6484 6431
f 6430 6483 6484
f 6431 6485 6432
f 6431 6484 6485
f 6432 6486 6433
f 6432 6485 6486
f 6433 6487 6434
f 6433 6486 6487
f 6434 6488 6435
f 6434 6487 6488
f 6435 6489 6436
f 6435 6488 6489
f 6436 6490 6437
f 6436 6489 6490
f 6437 6491 6438
f 6437 6490 6491
f 6438 6492 6439
f 6438 6491 6492
f 6439 6493 6440
f 6439 6492 6493
f 6440 6494 6441
f 6440 6493 6494
f 6441 6495 6442
f 6441 6494 6495
f 6442 6496 6443
f 6442 6495 6496
f 6443 6497 6444
f 6443 6496 6497
f 6444 6498 6445
f 6444 6497 6498
f 6445 6499 6446
f 6445 6498 6499
f 6446 6500 6447
f 6446 6499 6500
f 6500 4081 4082
f 6448 6500 4082
f 6447 6500 6448
f 6448 4082 4069
f 4083 6449 4072
f 6449 4083 4084
f 6501 6449 4084
f 6450 6449 6501
f 6450 6502 6451
f 6450 6501 6502
f 6451 6503 6452
f 6451 6502 6503
f 6452 6504 6453
f 6452 6503 6504
f 6453 6505 6454
f 6453 6504 6505
f 6505 4085 4073
f 6505 4073 6454
f 4086 6506 6455
f 4086 6455 4075
f 6455 6507 6456
f 6455 6506 6507
f 6456 6508 6457
f 6456 6507 6508
f 6457 6509 6458
f 6457 6508 6509
f 6458 6510 6459
f 6458 6509 6510
f 6459 6511 6460
f 6459 6510 6511
f 6511 4087 4088
f 6461 6511 4088
f 6460 6511 6461
f 6461 4088 4076
f 4089 6462 4080
f 6462 4089 4090
f 6512 6462 4090
f 6463 6462 6512
f 6463 6513 6464
f 6463 6512 6513
f 6464 6514 6465
f 6464 6513 6514
f 6465 6515 6466
f 6465 6514 6515
f 6466 6516 6467
f 6466 6515 6516
f 6467 6517 6468
f 6467 6516 6517
f 6468 6518 6469
f 6468 6517 6518
f 6469 6519 6470
f 6469 6518 6519
f 6470 6520 6471
f 6470 6519 6520
f 6471 6521 6472
f 6471 6520 6521
f 6472 6522 6473
f 6472 6521 6522
f 6473 6523 6474
f 6473 6522 6523
f 6474 6524 6475
f 6474 6523 6524
f 6475 6525 6476
f 6475 6524 6525
f 6476 6526 6477
f 6476 6525 6526
f 6477 6527 6478
f 6477 6526 6527
f 6478 6528 6479
f 6478 6527 6528
f 6479 6529 6480
f 6479 6528 6529
f 6480 6530 6481
f 6480 6529 6530
f 6481 6531 6482
f 6481 6530 6531
f 6482 6532 6483
f 6482 6531 6532
f 6483 6533 6484
f 6483 6532 6533
f 6484 6534 6485
f 6484 6533 6534
f 6485 6535 6486
f 6485 6534 6535
f 6486 6536 6487
f 6486 6535 6536
f 6487 6537 6488
f 6487 6536 6537
f 6488 6538 6489
f 6488 6537 6538
f 6489 6539 6490
f 6489 6538 6539
f 6490 6540 6491
f 6490 6539 6540
f 6491 6541 6492
f 6491 6540 6541
f 6492 6542 6493
f 6492 6541 6542
f 6493 6543 6494
f 6493 6542 6543
f 6494 6544 6495
f 6494 6543 6544
f 6495 6545 6496
f 6495 6544 6545
f 6496 6546 6497
f 6496 6545 6546
f 6497 6547 6498
f 6497 6546 6547
f 6498 6548 6499
f 6498 6547 6548
f 6499 6549 6500
f 6499 6548 6549
f 6549 4091 4081
f 6549 4081 6500
f 4092 6550 6501
f 4092 6501 4084
f 6501 6551 6502
f 6501 6550 6551
f 6502 6552 6503
f 6502 6551 6552
f 6503 6553 6504
f 6503 6552 6553
f 6504 6554 6505
f 6504 6553 6554
f 6554 4093 4085
f 6554 4085 6505
f 4094 6506 4086
f 6506 4094 4095
f 6555 6506 4095
f 6507 6506 6555
f 6507 6556 6508
f 6507 6555 6556
f 6508 6557 6509
f 6508 6556 6557
f 6509 6558 6510
f 6509 6557 6558
f 6510 6559 6511
f 6510 6558 6559
f 6560 4096 4087
f 6511 6560 4087
f 6559 6560 6511
f 6560 4097 4096
f 4098 6561 6512
f 4098 6512 4090
f 6512 6562 6513
f 6512 6561 6562
f 6513 6563 6514
f 6513 6562 6563
f 6514 6564 6515
f 6514 6563 6564
f 6515 6565 6516
f 6515 6564 6565
f 6516 6566 6517
f 6516 6565 6566
f 6517 6567 6518
f 6517 6566 6567
f 6518 6568 6519
f 6518 6567 6568
f 6519 6569 6520
f 6519 6568 6569
f 6520 6570 6521
f 6520 6569 6570
f 6521 6571 6522
f 6521 6570 6571
f 6522 6572 6523
f 6522 6571 6572
f 6523 6573 6524
f 6523 6572 6573
f 6524 6574 6525
f 6524 6573 6574
f 6525 6575 6526
f 6525 6574 6575
f 6526 6576 6527
f 6526 6575 6576
f 6527 6577 6528
f 6527 6576 6577
f 6528 6578 6529
f 6528 6577 6578
f 6529 6579 6530
f 6529 6578 6579
f 6530 6580 6531
f 6530 6579 6580
f 6531 6581 6532
f 6531 6580 6581
f 6532 6582 6533
f 6532 6581 6582
f 6533 6583 6534
f 6533 6582 6583
f 6534 6584 6535
f 6534 6583 6584
f 6535 6585 6536
f 6535 6584 6585
f 6536 6586 6537
f 6536 6585 6586
f 6537 6587 6538
f 6537 6586 6587
f 6538 6588 6539
f 6538 6587 6588
f 6539 6589 6540
f 6539 6588 6589
f 6540 6590 6541
f 6540 6589 6590
f 6541 6591 6542
f 6541 6590 6591
f 6542 6592 6543
f 6542 6591 6592
f 6543 6593 6544
f 6543 6592 6593
f 6544 6594 6545
f 6544 6593 6594
f 6545 6595 6546
f 6545 6594 6595
f 6546 6596 6547
f 6546 6595 6596
f 6547 6597 6548
f 6547 6596 6597
f 6548 6598 6549
f 6548 6597 6598
f 6598 4099 4091
f 6598 4091 6549
f 4100 6599 6550
f 4100 6550 4092
f 6550 6600 6551
f 6550 6599 6600
f 6551 6601 6552
f 6551 6600 6601
f 6552 6602 6553
f 6552 6601 6602
f 6602 4101 4102
f 6554 6602 4102
f 6553 6602 6554
f 6554 4102 4093
f 4103 6603 6555
f 4103 6555 4095
f 6555 6604 6556
f 6555 6603 6604
f 6556 6605 6557
f 6556 6604 6605
f 6557 6606 6558
f 6557 6605 6606
f 6558 6607 6559
f 6558 6606 6607
f 6559 6608 6560
f 6559 6607 6608
f 6608 4104 4097
f 6608 4097 6560
f 4106 6609 4105
f 6561 4098 4105
f 6609 6561 4105
f 6610 6561 6609
f 6561 6611 6562
f 6561 6610 6611
f 6562 6612 6563
f 6562 6611 6612
f 6563 6613 6564
f 6563 6612 6613
f 6564 6614 6565
f 6564 6613 6614
f 6565 6615 6566
f 6565 6614 6615
f 6566 6616 6567
f 6566 6615 6616
f 6567 6617 6568
f 6567 6616 6617
f 6568 6618 6569
f 6568 6617 6618
f 6569 6619 6570
f 6569 6618 6619
f 6570 6620 6571
f 6570 6619 6620
f 6571 6621 6572
f 6571 6620 6621
f 6572 6622 6573
f 6572 6621 6622
f 6573 6623 6574
f 6573 6622 6623
f 6574 6624 6575
f 6574 6623 6624
f 6575 6625 6576
f 6575 6624 6625
f 6576 6626 6577
f 6576 6625 6626
f 6577 6627 6578
f 6577 6626 6627
f 6578 6628 6579
f 6578 6627 6628
f 6579 6629 6580
f 6579 6628 6629
f 6580 6630 6581
f 6580 6629 6630
f 6581 6631 6582
f 6581 6630 6631
f 6582 6632 6583
f 6582 6631 6632
f 6583 6633 6584
f 6583 6632 6633
f 6584 6634 6585
f 6584 6633 6634
f 6585 6635 6586
f 6585 6634 6635
f 6586 6636 6587
f 6586 6635 6636
f 6587 6637 6588
f 6587 6636 6637
f 6588 6638 6589
f 6588 6637 6638
f 6589 6639 6590
f 6589 6638 6639
f 6590 6640 6591
f 6590 6639 6640
f 6591 6641 6592
f 6591 6640 6641
f 6592 6642 6593
f 6592 6641 6642
f 6593 6643 6594
f 6593 6642 6643
f 6594 6644 6595
f 6594 6643 6644
f 6595 6645 6596
f 6595 6644 6645
f 6596 6646 6597
f 6596 6645 6646
f 6597 6647 6598
f 6597 6646 6647
f 6647 4107 4099
f 6647 4099 6598
f 4108 6648 6599
f 4108 6599 4100
f 6599 6649 6600
f 6599 6648 6649
f 6600 6650 6601
f 6600 6649 6650
f 6601 6651 6602
f 6601 6650 6651
f 6651 4109 4101
f 6651 4101 6602
f 4110 6603 4103
f 6603 4110 4111
f 6652 6603 4111
f 6604 6603 6652
f 6604 6653 6605
f 6604 6652 6653
f 6605 6654 6606
f 6605 6653 6654
f 6606 6655 6607
f 6606 6654 6655
f 6607 6656 6608
f 6607 6655 6656
f 6657 4112 4104
f 6608 6657 4104
f 6656 6657 6608
f 6658 4113 4112
f 6658 4112 6657
f 6659 4114 4113
f 6659 4113 6658
f 6609 4106 4114
f 6659 6609 4114
f 6660 6609 6659
f 6609 6661 6610
f 6609 6660 6661
f 6610 6662 6611
f 6610 6661 6662
f 6611 6663 6612
f 6611 6662 6663
f 6612 6664 6613
f 6612 6663 6664
f 6613 6665 6614
f 6613 6664 6665
f 6614 6666 6615
f 6614 6665 6666
f 6615 6667 6616
f 6615 6666 6667
f 6616 6668 6617
f 6616 6667 6668
f 6617 6669 6618
f 6617 6668 6669
f 6618 6670 6619
f 6618 6669 6670
f 6619 6671 6620
f 6619 6670 6671
f 6620 6672 6621
f 6620 6671 6672
f 6621 6673 6622
f 6621 6672 6673
f 6622 6674 6623
f 6622 6673 6674
f 6623 6675 6624
f 6623 6674 6675
f 6624 6676 6625
f 6624 6675 6676
f 6625 6677 6626
f 6625 6676 6677
f 6626 6678 6627
f 6626 6677 6678
f 6627 6679 6628
f 6627 6678 6679
f 6628 6680 6629
f 6628 6679 6680
f 6629 6681 6630
f 6629 6680 6681
f 6630 6682 6631
f 6630 6681 6682
f 6631 6683 6632
f 6631 6682 6683
f 6632 6684 6633
f 6632 6683 6684
f 6633 6685 6634
f 6633 6684 6685
f 6634 6686 6635
f 6634 6685 6686
f 6635 6687 6636
f 6635 6686 6687
f 6636 6688 6637
f 6636 6687 6688
f 6637 6689 6638
f 6637 6688 6689
f 6638 6690 6639
f 6638 6689 6690
f 6639 6691 6640
f 6639 6690 6691
f 6640 6692 6641
f 6640 6691 6692
f 6641 6693 6642
f 6641 6692 6693
f 6642 6694 6643
f 6642 6693 6694
f 6643 6695 6644
f 6643 6694 6695
f 6644 6696 6645
f 6644 6695 6696
f 6645 6697 6646
f 6645 6696 6697
f 6646 6698 6647
f 6646 6697 6698
f 6699 4115 4107
f 6647 6699 4107
f 6698 6699 6647
f 6699 4116 4115
f 4118 6700 4117
f 6648 4108 4117
f 6700 6648 4117
f 6701 6648 6700
f 6648 6702 6649
f 6648 6701 6702
f 6649 6703 6650
f 6649 6702 6703
f 6703 4119 4120
f 6651 6703 4120
f 6650 6703 6651
f 6651 4120 4109
f 4121 6704 6652
f 4121 6652 4111
f 6652 6705 6653
f 6652 6704 6705
f 6653 6706 6654
f 6653 6705 6706
f 6654 6707 6655
f 6654 6706 6707
f 6655 6708 6656
f 6655 6707 6708
f 6656 6709 6657
f 6656 6708 6709
f 6657 6710 6658
f 6657 6709 6710
f 6658 6711 6659
f 6658 6710 6711
f 6659 6712 6660
f 6659 6711 6712
f 6660 6713 6661
f 6660 6712 6713
f 6661 6714 6662
f 6661 6713 6714
f 6662 6715 6663
f 6662 6714 6715
f 6663 6716 6664
f 6663 6715 6716
f 6664 6717 6665
f 6664 6716 6717
f 6665 6718 6666
f 6665 6717 6718
f 6666 6719 6667
f 6666 6718 6719
f 6667 6720 6668
f 6667 6719 6720
f 6668 6721 6669
f 6668 6720 6721
f 6669 6722 6670
f 6669 6721 6722
f 6670 6723 6671
f 6670 6722 6723
f 6671 6724 6672
f 6671 6723 6724
f 6672 6725 6673
f 6672 6724 6725
f 6673 6726 6674
f 6673 6725 6726
f 6674 6727 6675
f 6674 6726 6727
f 6675 6728 6676
f 6675 6727 6728
f 6676 6729 6677
f 6676 6728 6729
f 6677 6730 6678
f 6677 6729 6730
f 6678 6731 6679
f 6678 6730 6731
f 6679 6732 6680
f 6679 6731 6732
f 6680 6733 6681
f 6680 6732 6733
f 6681 6734 6682
f 6681 6733 6734
f 6682 6735 6683
f 6682 6734 6735
f 6683 6736 6684
f 6683 6735 6736
f 6684 6737 6685
f 6684 6736 6737
f 6685 6738 6686
f 6685 6737 6738
f 6686 6739 6687
f 6686 6738 6739
f 6687 6740 6688
f 6687 6739 6740
f 6688 6741 6689
f 6688 6740 6741
f 6689 6742 6690
f 6689 6741 6742
f 6690 6743 6691
f 6690 6742 6743
f 6691 6744 6692
f 6691 6743 6744
f 6692 6745 6693
f 6692 6744 6745
f 6693 6746 6694
f 6693 6745 6746
f 6694 6747 6695
f 6694 6746 6747
f 6695 6748 6696
f 6695 6747 6748
f 6696 6749 6697
f 6696 6748 6749
f 6697 6750 6698
f 6697 6749 6750
f 6698 6751 6699
f 6698 6750 6751
f 6752 4122 4116
f 6699 6752 4116
f 6751 6752 6699
f 6753 4123 4122
f 6753 4122 6752
f 6753 4124 4123
f 4126 6754 4125
f 6755 4127 4125
f 6755 4125 6754
f 6700 4118 4127
f 6755 6700 4127
f 6756 6700 6755
f 6700 6757 6701
f 6700 6756 6757
f 6701 6758 6702
f 6701 6757 6758
f 6702 6759 6703
f 6702 6758 6759
f 6759 4128 4119
f 6759 4119 6703
f 4129 6704 4121
f 6704 4129 4130
f 6760 6704 4130
f 6705 6704 6760
f 6705 6761 6706
f 6705 6760 6761
f 6706 6762 6707
f 6706 6761 6762
f 6707 6763 6708
f 6707 6762 6763
f 6708 6764 6709
f 6708 6763 6764
f 6709 6765 6710
f 6709 6764 6765
f 6710 6766 6711
f 6710 6765 6766
f 6711 6767 6712
f 6711 6766 6767
f 6712 6768 6713
f 6712 6767 6768
f 6713 6769 6714
f 6713 6768 6769
f 6714 6770 6715
f 6714 6769 6770
f 6715 6771 6716
f 6715 6770 6771
f 6716 6772 6717
f 6716 6771 6772
f 6717 6773 6718
f 6717 6772 6773
f 6718 6774 6719
f 6718 6773 6774
f 6719 6775 6720
f 6719 6774 6775
f 6720 6776 6721
f 6720 6775 6776
f 6721 6777 6722
f 6721 6776 6777
f 6722 6778 6723
f 6722 6777 6778
f 6723 6779 6724
f 6723 6778 6779
f 6724 6780 6725
f 6724 6779 6780
f 6725 6781 6726
f 6725 6780 6781
f 6726 6782 6727
f 6726 6781 6782
f 6727 6783 6728
f 6727 6782 6783
f 6728 6784 6729
f 6728 6783 6784
f 6729 6785 6730
f 6729 6784 6785
f 6730 6786 6731
f 6730 6785 6786
f 6731 6787 6732
f 6731 6786 6787
f 6732 6788 6733
f 6732 6787 6788
f 6733 6789 6734
f 6733 6788 6789
f 6734 6790 6735
f 6734 6789 6790
f 6735 6791 6736
f 6735 6790 6791
f 6736 6792 6737
f 6736 6791 6792
f 6737 6793 6738
f 6737 6792 6793
f 6738 6794 6739
f 6738 6793 6794
f 6739 6795 6740
f 6739 6794 6795
f 6740 6796 6741
f 6740 6795 6796
f 6741 6797 6742
f 6741 6796 6797
f 6742 6798 6743
f 6742 6797 6798
f 6743 6799 6744
f 6743 6798 6799
f 6744 6800 6745
f 6744 6799 6800
f 6745 6801 6746
f 6745 6800 6801
f 6746 6802 6747
f 6746 6801 6802
f 6747 6803 6748
f 6747 6802 6803
f 6748 6804 6749
f 6748 6803 6804
f 6749 6805 6750
f 6749 6804 6805
f 6750 6806 6751
f 6750 6805 6806
f 6751 6807 6752
f 6751 6806 6807
f 6752 6808 6753
f 6752 6807 6808
f 6809 4131 4124
f 6753 6809 4124
f 6808 6809 6753
f 6754 4126 4131
f 6809 6754 4131
f 6810 6754 6809
f 6754 6811 6755
f 6754 6810 6811
f 6755 6812 6756
f 6755 6811 6812
f 6756 6813 6757
f 6756 6812 6813
f 6757 6814 6758
f 6757 6813 6814
f 6814 4132 4133
f 6759 6814 4133
f 6758 6814 6759
f 6759 4133 4128
f 4134 6815 6760
f 4134 6760 4130
f 6760 6816 6761
f 6760 6815 6816
f 6761 6817 6762
f 6761 6816 6817
f 6762 6818 6763
f 6762 6817 6818
f 6763 6819 6764
f 6763 6818 6819
f 6764 6820 6765
f 6764 6819 6820
f 6765 6821 6766
f 6765 6820 6821
f 6766 6822 6767
f 6766 6821 6822
f 6767 6823 6768
f 6767 6822 6823
f 6768 6824 6769
f 6768 6823 6824
f 6769 6825 6770
f 6769 6824 6825
f 6770 6826 6771
f 6770 6825 6826
f 6771 6827 6772
f 6771 6826 6827
f 6772 6828 6773
f 6772 6827 6828
f 6773 6829 6774
f 6773 6828 6829
f 6774 6830 6775
f 6774 6829 6830
f 6775 6831 6776
f 6775 6830 6831
f 6776 6832 6777
f 6776 6831 6832
f 6777 6833 6778
f 6777 6832 6833
f 6778 6834 6779
f 6778 6833 6834
f 6779 6835 6780
f 6779 6834 6835
f 6780 6836 6781
f 6780 6835 6836
f 6781 6837 6782
f 6781 6836 6837
f 6782 6838 6783
f 6782 6837 6838
f 6783 6839 6784
f 6783 6838 6839
f 6784 6840 6785
f 6784 6839 6840
f 6785 6841 6786
f 6785 6840 6841
f 6786 6842 6787
f 6786 6841 6842
f 6787 6843 6788
f 6787 6842 6843
f 6788 6844 6789
f 6788 6843 6844
f 6789 6845 6790
f 6789 6844 6845
f 6790 6846 6791
f 6790 6845 6846
f 6791 6847 6792
f 6791 6846 6847
f 6792 6848 6793
f 6792 6847 6848
f 6793 6849 6794
f 6793 6848 6849
f 6794 6850 6795
f 6794 6849 6850
f 6795 6851 6796
f 6795 6850 6851
f 6796 6852 6797
f 6796 6851 6852
f 6797 6853 6798
f 6797 6852 6853
f 6798 6854 6799
f 6798 6853 6854
f 6799 6855 6800
f 6799 6854 6855
f 6800 6856 6801
f 6800 6855 6856
f 6801 6857 6802
f 6801 6856 6857
f 6802 6858 6803
f 6802 6857 6858
f 6803 6859 6804
f 6803 6858 6859
f 6804 6860 6805
f 6804 6859 6860
f 6805 6861 6806
f 6805 6860 6861
f 6806 6862 6807
f 6806 6861 6862
f 6807 6863 6808
f 6807 6862 6863
f 6808 6864 6809
f 6808 6863 6864
f 6809 6865 6810
f 6809 6864 6865
f 6810 6866 6811
f 6810 6865 6866
f 6811 6867 6812
f 6811 6866 6867
f 6812 6868 6813
f 6812 6867 6868
f 6813 6869 6814
f 6813 6868 6869
f 6869 4135 4132
f 6869 4132 6814
f 4136 6815 4134
f 6815 4136 4137
f 6870 6815 4137
f 6816 6815 6870
f 6816 6871 6817
f 6816 6870 6871
f 6817 6872 6818
f 6817 6871 6872
f 6818 6873 6819
f 6818 6872 6873
f 6819 6874 6820
f 6819 6873 6874
f 6820 6875 6821
f 6820 6874 6875
f 6821 6876 6822
f 6821 6875 6876
f 6822 6877 6823
f 6822 6876 6877
f 6823 6878 6824
f 6823 6877 6878
f 6824 6879 6825
f 6824 6878 6879
f 6825 6880 6826
f 6825 6879 6880
f 6826 6881 6827
f 6826 6880 6881
f 6827 6882 6828
f 6827 6881 6882
f 6828 6883 6829
f 6828 6882 6883
f 6829 6884 6830
f 6829 6883 6884
f 6830 6885 6831
f 6830 6884 6885
f 6831 6886 6832
f 6831 6885 6886
f 6832 6887 6833
f 6832 6886 6887
f 6833 6888 6834
f 6833 6887 6888
f 6834 6889 6835
f 6834 6888 6889
f 6835 6890 6836
f 6835 6889 6890
f 6836 6891 6837
f 6836 6890 6891
f 6837 6892 6838
f 6837 6891 6892
f 6838 6893 6839
f 6838 6892 6893
f 6839 6894 6840
f 6839 6893 6894
f 6840 6895 6841
f 6840 6894 6895
f 6841 6896 6842
f 6841 6895 6896
f 6842 6897 6843
f 6842 6896 6897
f 6843 6898 6844
f 6843 6897 6898
f 6844 6899 6845
f 6844 6898 6899
f 6845 6900 6846
f 6845 6899 6900
f 6846 6901 6847
f 6846 6900 6901
f 6847 6902 6848
f 6847 6901 6902
f 6848 6903 6849
f 6848 6902 6903
f 6849 6904 6850
f 6849 6903 6904
f 6850 6905 6851
f 6850 6904 6905
f 6851 6906 6852
f 6851 6905 6906
f 6852 6907 6853
f 6852 6906 6907
f 6907 4138 4139
f 6854 6907 4139
f 6853 6907 6854
f 6854 4139 4140
f 6854 4140 6855
f 6855 4140 4141
f 6855 4141 6856
f 6856 4141 4142
f 6908 6856 4142
f 6857 6856 6908
f 6857 6909 6858
f 6857 6908 6909
f 6858 6910 6859
f 6858 6909 6910
f 6859 6911 6860
f 6859 6910 6911
f 6860 6912 6861
f 6860 6911 6912
f 6861 6913 6862
f 6861 6912 6913
f 6862 6914 6863
f 6862 6913 6914
f 6863 6915 6864
f 6863 6914 6915
f 6864 6916 6865
f 6864 6915 6916
f 6865 6917 6866
f 6865 6916 6917
f 6866 6918 6867
f 6866 6917 6918
f 6867 6919 6868
f 6867 6918 6919
f 6919 4143 4144
f 6869 6919 4144
f 6868 6919 6869
f 6869 4144 4135
f 4145 6870 4137
f 6870 4145 4146
f 6920 6870 4146
f 6871 6870 6920
f 6871 6921 6872
f 6871 6920 6921
f 6872 6922 6873
f 6872 6921 6922
f 6873 6923 6874
f 6873 6922 6923
f 6874 6924 6875
f 6874 6923 6924
f 6875 6925 6876
f 6875 6924 6925
f 6876 6926 6877
f 6876 6925 6926
f 6877 6927 6878
f 6877 6926 6927
f 6878 6928 6879
f 6878 6927 6928
f 6879 6929 6880
f 6879 6928 6929
f 6880 6930 6881
f 6880 6929 6930
f 6930 4147 4148
f 6882 6930 4148
f 6881 6930 6882
f 6882 4148 4149
f 6882 4149 6883
f 6883 4149 4150
f 6883 4150 6884
f 6884 4150 4151
f 6884 4151 6885
f 6885 4151 4152
f 6931 6885 4152
f 6886 6885 6931
f 6886 6932 6887
f 6886 6931 6932
f 6887 6933 6888
f 6887 6932 6933
f 6888 6934 6889
f 6888 6933 6934
f 6889 6935 6890
f 6889 6934 6935
f 6890 6936 6891
f 6890 6935 6936
f 6891 6937 6892
f 6891 6936 6937
f 6892 6938 6893
f 6892 6937 6938
f 6893 6939 6894
f 6893 6938 6939
f 6894 6940 6895
f 6894 6939 6940
f 6895 6941 6896
f 6895 6940 6941
f 6896 6942 6897
f 6896 6941 6942
f 6897 6943 6898
f 6897 6942 6943
f 6898 6944 6899
f 6898 6943 6944
f 6899 6945 6900
f 6899 6944 6945
f 6900 6946 6901
f 6900 6945 6946
f 6901 6947 6902
f 6901 6946 6947
f 6902 6948 6903
f 6902 6947 6948
f 6903 6949 6904
f 6903 6948 6949
f 6904 6950 6905
f 6904 6949 6950
f 6905 6951 6906
f 6905 6950 6951
f 6951 4153 4154
f 6907 6951 4154
f 6906 6951 6907
f 6907 4154 4138
f 4155 6908 4142
f 6908 4155 4156
f 6952 6908 4156
f 6909 6908 6952
f 6909 6953 6910
f 6909 6952 6953
f 6910 6954 6911
f 6910 6953 6954
f 6911 6955 6912
f 6911 6954 6955
f 6912 6956 6913
f 6912 6955 6956
f 6913 6957 6914
f 6913 6956 6957
f 6914 6958 6915
f 6914 6957 6958
f 6915 6959 6916
f 6915 6958 6959
f 6916 6960 6917
f 6916 6959 6960
f 6917 6961 6918
f 6917 6960 6961
f 6961 4157 4158
f 6919 6961 4158
f 6918 6961 6919
f 6919 4158 4143
f 4159 6920 4146
f 6920 4159 4160
f 6962 6920 4160
f 6921 6920 6962
f 6921 6963 6922
f 6921 6962 6963
f 6922 6964 6923
f 6922 6963 6964
f 6923 6965 6924
f 6923 6964 6965
f 6924 6966 6925
f 6924 6965 6966
f 6925 6967 6926
f 6925 6966 6967
f 6926 6968 6927
f 6926 6967 6968
f 6927 6969 6928
f 6927 6968 6969
f 6928 6970 6929
f 6928 6969 6970
f 6929 6971 6930
f 6929 6970 6971
f 6971 4161 4147
f 6971 4147 6930
f 4162 6972 6931
f 4162 6931 4152
f 6931 6973 6932
f 6931 6972 6973
f 6932 6974 6933
f 6932 6973 6974
f 6933 6975 6934
f 6933 6974 6975
f 6934 6976 6935
f 6934 6975 6976
f 6935 6977 6936
f 6935 6976 6977
f 6936 6978 6937
f 6936 6977 6978
f 6937 6979 6938
f 6937 6978 6979
f 6938 6980 6939
f 6938 6979 6980
f 6939 6981 6940
f 6939 6980 6981
f 6940 6982 6941
f 6940 6981 6982
f 6941 6983 6942
f 6941 6982 6983
f 6942 6984 6943
f 6942 6983 6984
f 6943 6985 6944
f 6943 6984 6985
f 6944 6986 6945
f 6944 6985 6986
f 6945 6987 6946
f 6945 6986 6987
f 6946 6988 6947
f 6946 6987 6988
f 6947 6989 6948
f 6947 6988 6989
f 6948 6990 6949
f 6948 6989 6990
f 6949 6991 6950
f 6949 6990 6991
f 6991 4163 4164
f 6951 6991 4164
f 6950 6991 6951
f 6951 4164 4153
f 4165 6992 6952
f 4165 6952 4156
f 6952 6993 6953
f 6952 6992 6993
f 6953 6994 6954
f 6953 6993 6994
f 6954 6995 6955
f 6954 6994 6995
f 6955 6996 6956
f 6955 6995 6996
f 6956 6997 6957
f 6956 6996 6997
f 6957 6998 6958
f 6957 6997 6998
f 6958 6999 6959
f 6958 6998 6999
f 6959 7000 6960
f 6959 6999 7000
f 7000 4166 4167
f 6961 7000 4167
f 6960 7000 6961
f 6961 4167 4157
f 4168 6962 4160
f 6962 4168 4169
f 7001 6962 4169
f 6963 6962 7001
f 6963 7002 6964
f 6963 7001 7002
f 6964 7003 6965
f 6964 7002 7003
f 6965 7004 6966
f 6965 7003 7004
f 6966 7005 6967
f 6966 7004 7005
f 6967 7006 6968
f 6967 7005 7006
f 6968 7007 6969
f 6968 7006 7007
f 6969 7008 6970
f 6969 7007 7008
f 6970 7009 6971
f 6970 7008 7009
f 7009 4170 4161
f 7009 4161 6971
f 4171 7010 6972
f 4171 6972 4162
f 6972 7011 6973
f 6972 7010 7011
f 6973 7012 6974
f 6973 7011 7012
f 6974 7013 6975
f 6974 7012 7013
f 6975 7014 6976
f 6975 7013 7014
f 6976 7015 6977
f 6976 7014 7015
f 6977 7016 6978
f 6977 7015 7016
f 6978 7017 6979
f 6978 7016 7017
f 6979 7018 6980
f 6979 7017 7018
f 6980 7019 6981
f 6980 7018 7019
f 6981 7020 6982
f 6981 7019 7020
f 6982 7021 6983
f 6982 7020 7021
f 6983 7022 6984
f 6983 7021 7022
f 6984 7023 6985
f 6984 7022 7023
f 6985 7024 6986
f 6985 7023 7024
f 6986 7025 6987
f 6986 7024 7025
f 6987 7026 6988
f 6987 7025 7026
f 6988 7027 6989
f 6988 7026 7027
f 6989 7028 6990
f 6989 7027 7028
f 6990 7029 6991
f 6990 7028 7029
f 7029 4172 4163
f 7029 4163 6991
f 4173 7030 6992
f 4173 6992 4165
f 6992 7031 6993
f 6992 7030 7031
f 6993 7032 6994
f 6993 7031 7032
f 6994 7033 6995
f 6994 7032 7033
f 6995 7034 6996
f 6995 7033 7034
f 6996 7035 6997
f 6996 7034 7035
f 6997 7036 6998
f 6997 7035 7036
f 6998 7037 6999
f 6998 7036 7037
f 7037 4174 4175
f 7000 7037 4175
f 6999 7037 7000
f 7000 4175 4166
f 4176 7001 4169
f 7001 4176 4177
f 7038 7001 4177
f 7002 7001 7038
f 7002 7039 7003
f 7002 7038 7039
f 7003 7040 7004
f 7003 7039 7040
f 7004 7041 7005
f 7004 7040 7041
f 7005 7042 7006
f 7005 7041 7042
f 7006 7043 7007
f 7006 7042 7043
f 7007 7044 7008
f 7007 7043 7044
f 7008 7045 7009
f 7008 7044 7045
f 7045 4178 4170
f 7045 4170 7009
f 4179 7046 7010
f 4179 7010 4171
f 7010 7047 7011
f 7010 7046 7047
f 7011 7048 7012
f 7011 7047 7048
f 7012 7049 7013
f 7012 7048 7049
f 7013 7050 7014
f 7013 7049 7050
f 7014 7051 7015
f 7014 7050 7051
f 7015 7052 7016
f 7015 7051 7052
f 7016 7053 7017
f 7016 7052 7053
f 7017 7054 7018
f 7017 7053 7054
f 7054 4180 4181
f 7019 7054 4181
f 7018 7054 7019
f 7019 4181 4182
f 7019 4182 7020
f 7020 4182 4183
f 7020 4183 7021
f 7021 4183 4184
f 7055 7021 4184
f 7022 7021 7055
f 7022 7056 7023
f 7022 7055 7056
f 7023 7057 7024
f 7023 7056 7057
f 7024 7058 7025
f 7024 7057 7058
f 7025 7059 7026
f 7025 7058 7059
f 7026 7060 7027
f 7026 7059 7060
f 7027 7061 7028
f 7027 7060 7061
f 7028 7062 7029
f 7028 7061 7062
f 7062 4185 4172
f 7062 4172 7029
f 4186 7063 7030
f 4186 7030 4173
f 7030 7064 7031
f 7030 7063 7064
f 7031 7065 7032
f 7031 7064 7065
f 7032 7066 7033
f 7032 7065 7066
f 7033 7067 7034
f 7033 7066 7067
f 7034 7068 7035
f 7034 7067 7068
f 7035 7069 7036
f 7035 7068 7069
f 7069 4187 4188
f 7037 7069 4188
f 7036 7069 7037
f 7037 4188 4174
f 4189 7038 4177
f 7038 4189 4190
f 7070 7038 4190
f 7039 7038 7070
f 7039 7071 7040
f 7039 7070 7071
f 7040 7072 7041
f 7040 7071 7072
f 7041 7073 7042
f 7041 7072 7073
f 7042 7074 7043
f 7042 7073 7074
f 7043 7075 7044
f 7043 7074 7075
f 7044 7076 7045
f 7044 7075 7076
f 7077 4191 4178
f 7045 7077 4178
f 7076 7077 7045
f 7078 4192 4191
f 7078 4191 7077
f 7079 4193 4192
f 7079 4192 7078
f 7080 4194 4193
f 7080 4193 7079
f 7046 4179 4194
f 7080 7046 4194
f 7081 7046 7080
f 7046 7082 7047
f 7046 7081 7082
f 7047 7083 7048
f 7047 7082 7083
f 7048 7084 7049
f 7048 7083 7084
f 7049 7085 7050
f 7049 7084 7085
f 7050 7086 7051
f 7050 7085 7086
f 7051 7087 7052
f 7051 7086 7087
f 7052 7088 7053
f 7052 7087 7088
f 7088 4195 4196
f 7054 7088 4196
f 7053 7088 7054
f 7054 4196 4180
f 4197 7055 4184
f 7055 4197 4198
f 7089 7055 4198
f 7056 7055 7089
f 7056 7090 7057
f 7056 7089 7090
f 7057 7091 7058
f 7057 7090 7091
f 7058 7092 7059
f 7058 7091 7092
f 7059 7093 7060
f 7059 7092 7093
f 7060 7094 7061
f 7060 7093 7094
f 7061 7095 7062
f 7061 7094 7095
f 7096 4199 4185
f 7062 7096 4185
f 7095 7096 7062
f 7096 4200 4199
f 4202 7097 4201
f 7063 4186 4201
f 7097 7063 4201
f 7098 7063 7097
f 7063 7099 7064
f 7063 7098 7099
f 7064 7100 7065
f 7064 7099 7100
f 7065 7101 7066
f 7065 7100 7101
f 7066 7102 7067
f 7066 7101 7102
f 7067 7103 7068
f 7067 7102 7103
f 7103 4203 4204
f 7069 7103 4204
f 7068 7103 7069
f 7069 4204 4187
f 4205 7070 4190
f 7070 4205 4206
f 7104 7070 4206
f 7071 7070 7104
f 7071 7105 7072
f 7071 7104 7105
f 7072 7106 7073
f 7072 7105 7106
f 7073 7107 7074
f 7073 7106 7107
f 7074 7108 7075
f 7074 7107 7108
f 7075 7109 7076
f 7075 7108 7109
f 7076 7110 7077
f 7076 7109 7110
f 7077 7111 7078
f 7077 7110 7111
f 7078 7112 7079
f 7078 7111 7112
f 7079 7113 7080
f 7079 7112 7113
f 7080 7114 7081
f 7080 7113 7114
f 7081 7115 7082
f 7081 7114 7115
f 7082 7116 7083
f 7082 7115 7116
f 7083 7117 7084
f 7083 7116 7117
f 7084 7118 7085
f 7084 7117 7118
f 7085 7119 7086
f 7085 7118 7119
f 7086 7120 7087
f 7086 7119 7120
f 7087 7121 7088
f 7087 7120 7121
f 7121 4207 4195
f 7121 4195 7088
f 4208 7122 7089
f 4208 7089 4198
f 7089 7123 7090
f 7089 7122 7123
f 7090 7124 7091
f 7090 7123 7124
f 7091 7125 7092
f 7091 7124 7125
f 7092 7126 7093
f 7092 7125 7126
f 7093 7127 7094
f 7093 7126 7127
f 7094 7128 7095
f 7094 7127 7128
f 7095 7129 7096
f 7095 7128 7129
f 7130 4209 4200
f 7096 7130 4200
f 7129 7130 7096
f 7131 4210 4209
f 7131 4209 7130
f 7132 4211 4210
f 7132 4210 7131
f 7133 4212 4211
f 7133 4211 7132
f 7097 4202 4212
f 7133 7097 4212
f 7134 7097 7133
f 7097 7135 7098
f 7097 7134 7135
f 7098 7136 7099
f 7098 7135 7136
f 7099 7137 7100
f 7099 7136 7137
f 7100 7138 7101
f 7100 7137 7138
f 7101 7139 7102
f 7101 7138 7139
f 7139 4213 4214
f 7103 7139 4214
f 7102 7139 7103
f 7103 4214 4203
f 4215 7104 4206
f 7104 4215 4216
f 7140 7104 4216
f 7105 7104 7140
f 7105 7141 7106
f 7105 7140 7141
f 7106 7142 7107
f 7106 7141 7142
f 7107 7143 7108
f 7107 7142 7143
f 7108 7144 7109
f 7108 7143 7144
f 7109 7145 7110
f 7109 7144 7145
f 7110 7146 7111
f 7110 7145 7146
f 7111 7147 7112
f 7111 7146 7147
f 7112 7148 7113
f 7112 7147 7148
f 7113 7149 7114
f 7113 7148 7149
f 7114 7150 7115
f 7114 7149 7150
f 7115 7151 7116
f 7115 7150 7151
f 7116 7152 7117
f 7116 7151 7152
f 7117 7153 7118
f 7117 7152 7153
f 7118 7154 7119
f 7118 7153 7154
f 7119 7155 7120
f 7119 7154 7155
f 7120 7156 7121
f 7120 7155 7156
f 7156 4217 4207
f 7156 4207 7121
f 4218 7157 7122
f 4218 7122 4208
f 7122 7158 7123
f 7122 7157 7158
f 7123 7159 7124
f 7123 7158 7159
f 7124 7160 7125
f 7124 7159 7160
f 7125 7161 7126
f 7125 7160 7161
f 7126 7162 7127
f 7126 7161 7162
f 7127 7163 7128
f 7127 7162 7163
f 7128 7164 7129
f 7128 7163 7164
f 7129 7165 7130
f 7129 7164 7165
f 7130 7166 7131
f 7130 7165 7166
f 7131 7167 7132
f 7131 7166 7167
f 7132 7168 7133
f 7132 7167 7168
f 7133 7169 7134
f 7133 7168 7169
f 7134 7170 7135
f 7134 7169 7170
f 7135 7171 7136
f 7135 7170 7171
f 7136 7172 7137
f 7136 7171 7172
f 7137 7173 7138
f 7137 7172 7173
f 7173 4219 4220
f 7139 7173 4220
f 7138 7173 7139
f 7139 4220 4213
f 4221 7140 4216
f 7140 4221 4222
f 7140 4222 7141
f 7141 4222 4223
f 7174 7141 4223
f 7142 7141 7174
f 7142 7175 7143
f 7142 7174 7175
f 7143 7176 7144
f 7143 7175 7176
f 7144 7177 7145
f 7144 7176 7177
f 7145 7178 7146
f 7145 7177 7178
f 7146 7179 7147
f 7146 7178 7179
f 7147 7180 7148
f 7147 7179 7180
f 7148 7181 7149
f 7148 7180 7181
f 7149 7182 7150
f 7149 7181 7182
f 7150 7183 7151
f 7150 7182 7183
f 7151 7184 7152
f 7151 7183 7184
f 7152 7185 7153
f 7152 7184 7185
f 7153 7186 7154
f 7153 7185 7186
f 7154 7187 7155
f 7154 7186 7187
f 7155 7188 7156
f 7155 7187 7188
f 7189 4224 4217
f 7156 7189 4217
f 7188 7189 7156
f 7189 4225 4224
f 4227 7190 4226
f 7157 4218 4226
f 7190 7157 4226
f 7191 7157 7190
f 7157 7192 7158
f 7157 7191 7192
f 7158 7193 7159
f 7158 7192 7193
f 7159 7194 7160
f 7159 7193 7194
f 7160 7195 7161
f 7160 7194 7195
f 7161 7196 7162
f 7161 7195 7196
f 7162 7197 7163
f 7162 7196 7197
f 7163 7198 7164
f 7163 7197 7198
f 7164 7199 7165
f 7164 7198 7199
f 7165 7200 7166
f 7165 7199 7200
f 7166 7201 7167
f 7166 7200 7201
f 7167 7202 7168
f 7167 7201 7202
f 7168 7203 7169
f 7168 7202 7203
f 7169 7204 7170
f 7169 7203 7204
f 7170 7205 7171
f 7170 7204 7205
f 7171 7206 7172
f 7171 7205 7206
f 7206 4228 4229
f 7173 7206 4229
f 7172 7206 7173
f 7173 4229 4219
f 4230 7174 4223
f 7174 4230 4231
f 7207 7174 4231
f 7175 7174 7207
f 7175 7208 7176
f 7175 7207 7208
f 7176 7209 7177
f 7176 7208 7209
f 7177 7210 7178
f 7177 7209 7210
f 7178 7211 7179
f 7178 7210 7211
f 7179 7212 7180
f 7179 7211 7212
f 7180 7213 7181
f 7180 7212 7213
f 7181 7214 7182
f 7181 7213 7214
f 7182 7215 7183
f 7182 7214 7215
f 7183 7216 7184
f 7183 7215 7216
f 7184 7217 7185
f 7184 7216 7217
f 7185 7218 7186
f 7185 7217 7218
f 7186 7219 7187
f 7186 7218 7219
f 7187 7220 7188
f 7187 7219 7220
f 7188 7221 7189
f 7188 7220 7221
f 7222 4232 4225
f 7189 7222 4225
f 7221 7222 7189
f 7223 4233 4232
f 7223 4232 7222
f 7224 4234 4233
f 7224 4233 7223
f 7190 4227 4234
f 7224 7190 4234
f 7225 7190 7224
f 7190 7226 7191
f 7190 7225 7226
f 7191 7227 7192
f 7191 7226 7227
f 7192 7228 7193
f 7192 7227 7228
f 7193 7229 7194
f 7193 7228 7229
f 7194 7230 7195
f 7194 7229 7230
f 7195 7231 7196
f 7195 7230 7231
f 7196 7232 7197
f 7196 7231 7232
f 7197 7233 7198
f 7197 7232 7233
f 7198 7234 7199
f 7198 7233 7234
f 7199 7235 7200
f 7199 7234 7235
f 7200 7236 7201
f 7200 7235 7236
f 7201 7237 7202
f 7201 7236 7237
f 7202 7238 7203
f 7202 7237 7238
f 7203 7239 7204
f 7203 7238 7239
f 7239 4235 4236
f 7205 7239 4236
f 7204 7239 7205
f 7205 4236 4237
f 7205 4237 7206
f 7206 4237 4228
f 4238 7207 4231
f 7207 4238 4239
f 7207 4239 7208
f 7208 4239 4240
f 7240 7208 4240
f 7209 7208 7240
f 7209 7241 7210
f 7209 7240 7241
f 7210 7242 7211
f 7210 7241 7242
f 7211 7243 7212
f 7211 7242 7243
f 7212 7244 7213
f 7212 7243 7244
f 7213 7245 7214
f 7213 7244 7245
f 7214 7246 7215
f 7214 7245 7246
f 7215 7247 7216
f 7215 7246 7247
f 7216 7248 7217
f 7216 7247 7248
f 7217 7249 7218
f 7217 7248 7249
f 7218 7250 7219
f 7218 7249 7250
f 7219 7251 7220
f 7219 7250 7251
f 7220 7252 7221
f 7220 7251 7252
f 7221 7253 7222
f 7221 7252 7253
f 7222 7254 7223
f 7222 7253 7254
f 7223 7255 7224
f 7223 7254 7255
f 7224 7256 7225
f 7224 7255 7256
f 7225 7257 7226
f 7225 7256 7257
f 7226 7258 7227
f 7226 7257 7258
f 7227 7259 7228
f 7227 7258 7259
f 7228 7260 7229
f 7228 7259 7260
f 7229 7261 7230
f 7229 7260 7261
f 7230 7262 7231
f 7230 7261 7262
f 7231 7263 7232
f 7231 7262 7263
f 7232 7264 7233
f 7232 7263 7264
f 7233 7265 7234
f 7233 7264 7265
f 7234 7266 7235
f 7234 7265 7266
f 7235 7267 7236
f 7235 7266 7267
f 7236 7268 7237
f 7236 7267 7268
f 7268 4241 4242
f 7238 7268 4242
f 7237 7268 7238
f 7238 4242 4243
f 7238 4243 7239
f 7239 4243 4235
f 4244 7240 4240
f 7240 4244 4245
f 7240 4245 7241
f 7241 4245 4246
f 7269 7241 4246
f 7242 7241 7269
f 7242 7270 7243
f 7242 7269 7270
f 7243 7271 7244
f 7243 7270 7271
f 7244 7272 7245
f 7244 7271 7272
f 7245 7273 7246
f 7245 7272 7273
f 7246 7274 7247
f 7246 7273 7274
f 7247 7275 7248
f 7247 7274 7275
f 7248 7276 7249
f 7248 7275 7276
f 7249 7277 7250
f 7249 7276 7277
f 7250 7278 7251
f 7250 7277 7278
f 7251 7279 7252
f 7251 7278 7279
f 7252 7280 7253
f 7252 7279 7280
f 7253 7281 7254
f 7253 7280 7281
f 7254 7282 7255
f 7254 7281 7282
f 7255 7283 7256
f 7255 7282 7283
f 7256 7284 7257
f 7256 7283 7284
f 7257 7285 7258
f 7257 7284 7285
f 7258 7286 7259
f 7258 7285 7286
f 7259 7287 7260
f 7259 7286 7287
f 7260 7288 7261
f 7260 7287 7288
f 7261 7289 7262
f 7261 7288 7289
f 7262 7290 7263
f 7262 7289 7290
f 7263 7291 7264
f 7263 7290 7291
f 7264 7292 7265
f 7264 7291 7292
f 7265 7293 7266
f 7265 7292 7293
f 7293 4247 4248
f 7267 7293 4248
f 7266 7293 7267
f 7267 4248 4249
f 7267 4249 7268
f 7268 4249 4241
f 4250 7269 4246
f 7269 4250 4251
f 7269 4251 7270
f 7270 4251 4252
f 7270 4252 7271
f 7271 4252 4253
f 7294 7271 4253
f 7272 7271 7294
f 7272 7295 7273
f 7272 7294 7295
f 7273 7296 7274
f 7273 7295 7296
f 7274 7297 7275
f 7274 7296 7297
f 7275 7298 7276
f 7275 7297 7298
f 7276 7299 7277
f 7276 7298 7299
f 7277 7300 7278
f 7277 7299 7300
f 7278 7301 7279
f 7278 7300 7301
f 7279 7302 7280
f 7279 7301 7302
f 7280 7303 7281
f 7280 7302 7303
f 7281 7304 7282
f 7281 7303 7304
f 7282 7305 7283
f 7282 7304 7305
f 7283 7306 7284
f 7283 7305 7306
f 7284 7307 7285
f 7284 7306 7307
f 7285 7308 7286
f 7285 7307 7308
f 7286 7309 7287
f 7286 7308 7309
f 7287 7310 7288
f 7287 7309 7310
f 7288 7311 7289
f 7288 7310 7311
f 7289 7312 7290
f 7289 7311 7312
f 7312 4254 4255
f 7291 7312 4255
f 7290 7312 7291
f 7291 4255 4256
f 7291 4256 7292
f 7292 4256 4257
f 7292 4257 7293
f 7293 4257 4247
f 4258 7294 4253
f 7294 4258 4259
f 7294 4259 7295
f 7295 4259 4260
f 7295 4260 7296
f 7296 4260 4261
f 7296 4261 7297
f 7297 4261 4262
f 7297 4262 7298
f 7298 4262 4263
f 7313 7298 4263
f 7299 7298 7313
f 7299 7314 7300
f 7299 7313 7314
f 7300 7315 7301
f 7300 7314 7315
f 7301 7316 7302
f 7301 7315 7316
f 7302 7317 7303
f 7302 7316 7317
f 7303 7318 7304
f 7303 7317 7318
f 7304 7319 7305
f 7304 7318 7319
f 7305 7320 7306
f 7305 7319 7320
f 7306 7321 7307
f 7306 7320 7321
f 7321 4264 4265
f 7308 7321 4265
f 7307 7321 7308
f 7308 4265 4266
f 7308 4266 7309
f 7309 4266 4267
f 7309 4267 7310
f 7310 4267 4268
f 7310 4268 7311
f 7311 4268 4269
f 7311 4269 7312
f 7312 4269 4254
f 4270 7313 4263
f 7313 4270 4271
f 7313 4271 7314
f 7314 4271 4272
f 7314 4272 7315
f 7315 4272 4273
f 7315 4273 7316
f 7316 4273 4274
f 7316 4274 7317
f 7317 4274 4275
f 7317 4275 7318
f 7318 4275 4276
f 7318 4276 7319
f 7319 4276 4277
f 7319 4277 7320
f 7320 4277 4278
f 7320 4278 7321
f 7321 4278 4264
f 7323 7322 5627
f 7323 5627 5626
f 5627 7324 5628
f 7322 7324 5627
f 5628 7325 5629
f 7324 7325 5628
f 5629 7326 5630
f 7325 7326 5629
f 5630 7327 5631
f 7326 7327 5630
f 5631 7328 5632
f 7327 7328 5631
f 5632 7329 5633
f 7328 7329 5632
f 5633 7330 5634
f 7329 7330 5633
f 5634 7331 5635
f 7330 7331 5634
f 5635 7332 5636
f 7331 7332 5635
f 5636 7333 5637
f 7332 7333 5636
f 5639 5637 7333
f 5639 7333 7334
f 5693 7323 5626
f 5693 7335 7323
f 7334 5695 5639
f 7336 5695 7334
f 5745 7335 5693
f 5745 7337 7335
f 7336 5747 5695
f 7338 5747 7336
f 5793 7337 5745
f 5793 7339 7337
f 7338 5795 5747
f 7340 5795 7338
f 5838 7339 5793
f 5838 7341 7339
f 7340 5840 5795
f 7342 5840 7340
f 5881 7341 5838
f 5881 7343 7341
f 7342 5883 5840
f 7344 5883 7342
f 5925 7343 5881
f 5925 7345 7343
f 7344 5927 5883
f 7346 5927 7344
f 5973 7345 5925
f 5973 7347 7345
f 7346 5975 5927
f 7348 5975 7346
f 6022 7347 5973
f 6022 7349 7347
f 7348 6024 5975
f 7350 6024 7348
f 6072 7349 6022
f 6072 7351 7349
f 7350 6074 6024
f 7352 6074 7350
f 6126 7351 6072
f 6126 7353 7351
f 7352 6128 6074
f 7354 6128 7352
f 6181 7353 6126
f 6181 7355 7353
f 7354 6183 6128
f 7356 6183 7354
f 6236 7355 6181
f 6236 7357 7355
f 7356 6238 6183
f 7358 6238 7356
f 7359 7357 6236
f 7359 6236 6290
f 7360 6290 6292
f 7360 7359 6290
f 7361 6292 6294
f 7361 7360 6292
f 7362 6294 6296
f 7362 7361 6294
f 7363 6296 6298
f 7363 7362 6296
f 7364 6298 6300
f 7364 7363 6298
f 7365 6300 6302
f 7365 7364 6300
f 7366 6302 6304
f 7366 7365 6302
f 7367 6304 6306
f 7367 7366 6304
f 7368 6306 6308
f 7368 7367 6306
f 7369 6308 6310
f 7369 7368 6308
f 6310 6238 7358
f 6310 7358 7369
f 7323 7370 7322
f 7371 7324 7322
f 7371 7322 7370
f 7372 7325 7324
f 7372 7324 7371
f 7373 7326 7325
f 7373 7325 7372
f 7374 7327 7326
f 7374 7326 7373
f 7375 7328 7327
f 7375 7327 7374
f 7376 7329 7328
f 7376 7328 7375
f 7377 7330 7329
f 7377 7329 7376
f 7378 7331 7330
f 7378 7330 7377
f 7379 7332 7331
f 7379 7331 7378
f 7380 7333 7332
f 7380 7332 7379
f 7380 7334 7333
f 7335 7381 7370
f 7335 7370 7323
f 7370 7382 7371
f 7370 7381 7382
f 7371 7383 7372
f 7371 7382 7383
f 7372 7384 7373
f 7372 7383 7384
f 7373 7385 7374
f 7373 7384 7385
f 7374 7386 7375
f 7374 7385 7386
f 7375 7387 7376
f 7375 7386 7387
f 7376 7388 7377
f 7376 7387 7388
f 7377 7389 7378
f 7377 7388 7389
f 7378 7390 7379
f 7378 7389 7390
f 7379 7391 7380
f 7379 7390 7391
f 7391 7336 7334
f 7391 7334 7380
f 7337 7392 7381
f 7337 7381 7335
f 7381 7393 7382
f 7381 7392 7393
f 7382 7394 7383
f 7382 7393 7394
f 7383 7395 7384
f 7383 7394 7395
f 7384 7396 7385
f 7384 7395 7396
f 7385 7397 7386
f 7385 7396 7397
f 7386 7398 7387
f 7386 7397 7398
f 7387 7399 7388
f 7387 7398 7399
f 7388 7400 7389
f 7388 7399 7400
f 7389 7401 7390
f 7389 7400 7401
f 7390 7402 7391
f 7390 7401 7402
f 7402 7338 7336
f 7402 7336 7391
f 7339 7403 7392
f 7339 7392 7337
f 7392 7404 7393
f 7392 7403 7404
f 7393 7405 7394
f 7393 7404 7405
f 7394 7406 7395
f 7394 7405 7406
f 7395 7407 7396
f 7395 7406 7407
f 7396 7408 7397
f 7396 7407 7408
f 7397 7409 7398
f 7397 7408 7409
f 7398 7410 7399
f 7398 7409 7410
f 7399 7411 7400
f 7399 7410 7411
f 7400 7412 7401
f 7400 7411 7412
f 7401 7413 7402
f 7401 7412 7413
f 7413 7340 7338
f 7413 7338 7402
f 7341 7414 7403
f 7341 7403 7339
f 7403 7415 7404
f 7403 7414 7415
f 7404 7416 7405
f 7404 7415 7416
f 7405 7417 7406
f 7405 7416 7417
f 7406 7418 7407
f 7406 7417 7418
f 7407 7419 7408
f 7407 7418 7419
f 7408 7420 7409
f 7408 7419 7420
f 7409 7421 7410
f 7409 7420 7421
f 7410 7422 7411
f 7410 7421 7422
f 7411 7423 7412
f 7411 7422 7423
f 7412 7424 7413
f 7412 7423 7424
f 7424 7342 7340
f 7424 7340 7413
f 7343 7425 7414
f 7343 7414 7341
f 7414 7426 7415
f 7414 7425 7426
f 7415 7427 7416
f 7415 7426 7427
f 7416 7428 7417
f 7416 7427 7428
f 7417 7429 7418
f 7417 7428 7429
f 7418 7430 7419
f 7418 7429 7430
f 7419 7431 7420
f 7419 7430 7431
f 7420 7432 7421
f 7420 7431 7432
f 7421 7433 7422
f 7421 7432 7433
f 7422 7434 7423
f 7422 7433 7434
f 7423 7435 7424
f 7423 7434 7435
f 7435 7344 7342
f 7435 7342 7424
f 7345 7436 7425
f 7345 7425 7343
f 7425 7437 7426
f 7425 7436 7437
f 7426 7438 7427
f 7426 7437 7438
f 7427 7439 7428
f 7427 7438 7439
f 7428 7440 7429
f 7428 7439 7440
f 7429 7441 7430
f 7429 7440 7441
f 7430 7442 7431
f 7430 7441 7442
f 7431 7443 7432
f 7431 7442 7443
f 7432 7444 7433
f 7432 7443 7444
f 7433 7445 7434
f 7433 7444 7445
f 7434 7446 7435
f 7434 7445 7446
f 7446 7346 7344
f 7446 7344 7435
f 7347 7447 7436
f 7347 7436 7345
f 7436 7448 7437
f 7436 7447 7448
f 7437 7449 7438
f 7437 7448 7449
f 7438 7450 7439
f 7438 7449 7450
f 7439 7451 7440
f 7439 7450 7451
f 7440 7452 7441
f 7440 7451 7452
f 7441 7453 7442
f 7441 7452 7453
f 7442 7454 7443
f 7442 7453 7454
f 7443 7455 7444
f 7443 7454 7455
f 7444 7456 7445
f 7444 7455 7456
f 7445 7457 7446
f 7445 7456 7457
f 7457 7348 7346
f 7457 7346 7446
f 7349 7458 7447
f 7349 7447 7347
f 7447 7459 7448
f 7447 7458 7459
f 7448 7460 7449
f 7448 7459 7460
f 7449 7461 7450
f 7449 7460 7461
f 7450 7462 7451
f 7450 7461 7462
f 7451 7463 7452
f 7451 7462 7463
f 7452 7464 7453
f 7452 7463 7464
f 7453 7465 7454
f 7453 7464 7465
f 7454 7466 7455
f 7454 7465 7466
f 7455 7467 7456
f 7455 7466 7467
f 7456 7468 7457
f 7456 7467 7468
f 7468 7350 7348
f 7468 7348 7457
f 7351 7469 7458
f 7351 7458 7349
f 7458 7470 7459
f 7458 7469 7470
f 7459 7471 7460
f 7459 7470 7471
f 7460 7472 7461
f 7460 7471 7472
f 7461 7473 7462
f 7461 7472 7473
f 7462 7474 7463
f 7462 7473 7474
f 7463 7475 7464
f 7463 7474 7475
f 7464 7476 7465
f 7464 7475 7476
f 7465 7477 7466
f 7465 7476 7477
f 7466 7478 7467
f 7466 7477 7478
f 7467 7479 7468
f 7467 7478 7479
f 7479 7352 7350
f 7479 7350 7468
f 7353 7480 7469
f 7353 7469 7351
f 7469 7481 7470
f 7469 7480 7481
f 7470 7482 7471
f 7470 7481 7482
f 7471 7483 7472
f 7471 7482 7483
f 7472 7484 7473
f 7472 7483 7484
f 7473 7485 7474
f 7473 7484 7485
f 7474 7486 7475
f 7474 7485 7486
f 7475 7487 7476
f 7475 7486 7487
f 7476 7488 7477
f 7476 7487 7488
f 7477 7489 7478
f 7477 7488 7489
f 7478 7490 7479
f 7478 7489 7490
f 7490 7354 7352
f 7490 7352 7479
f 7355 7491 7480
f 7355 7480 7353
f 7480 7492 7481
f 7480 7491 7492
f 7481 7493 7482
f 7481 7492 7493
f 7482 7494 7483
f 7482 7493 7494
f 7483 7495 7484
f 7483 7494 7495
f 7484 7496 7485
f 7484 7495 7496
f 7485 7497 7486
f 7485 7496 7497
f 7486 7498 7487
f 7486 7497 7498
f 7487 7499 7488
f 7487 7498 7499
f 7488 7500 7489
f 7488 7499 7500
f 7489 7501 7490
f 7489 7500 7501
f 7501 7356 7354
f 7501 7354 7490
f 7357 7502 7491
f 7357 7491 7355
f 7491 7503 7492
f 7491 7502 7503
f 7492 7504 7493
f 7492 7503 7504
f 7493 7505 7494
f 7493 7504 7505
f 7494 7506 7495
f 7494 7505 7506
f 7495 7507 7496
f 7495 7506 7507
f 7496 7508 7497
f 7496 7507 7508
f 7497 7509 7498
f 7497 7508 7509
f 7498 7510 7499
f 7498 7509 7510
f 7499 7511 7500
f 7499 7510 7511
f 7500 7512 7501
f 7500 7511 7512
f 7512 7358 7356
f 7512 7356 7501
f 7359 7502 7357
f 7502 7359 7360
f 7502 7360 7503
f 7503 7360 7361
f 7503 7361 7504
f 7504 7361 7362
f 7504 7362 7505
f 7505 7362 7363
f 7505 7363 7506
f 7506 7363 7364
f 7506 7364 7507
f 7507 7364 7365
f 7507 7365 7508
f 7508 7365 7366
f 7508 7366 7509
f 7509 7366 7367
f 7509 7367 7510
f 7510 7367 7368
f 7510 7368 7511
f 7511 7368 7369
f 7511 7369 7512
f 7512 7369 7358

