# https://github.com/mikedh/trimesh
v 0.20876564 1.62510203 26.29225049
v 0.59523166 1.09521312 25.77765757
v 0.27890355 1.52432453 25.45302912
v 0.20687367 1.47812513 27.41477969
v 0.66662623 0.88072092 26.82191494
v 0.15866629 1.41866175 28.46303222
v 0.52136726 0.85793433 27.95917987
v 0.12668615 1.39159040 29.47731168
v 0.44628275 0.83271674 28.98996117
v 0.11172840 1.38121446 30.48057649
v 0.41019857 0.81899869 29.99655063
v 0.10636430 1.37925631 31.48149312
v 0.39521055 0.81409107 30.99620963
v 0.10621765 1.38313021 32.48464447
v 0.39029142 0.81491337 31.99418222
v 0.11258177 1.39483566 33.49639287
v 0.39310319 0.82119581 32.99402804
v 0.13317473 1.41730689 34.52849403
v 0.41059510 0.83372645 34.00089876
v 0.17813379 1.44760977 35.59539681
v 0.46476528 0.84841765 35.02834949
v 0.21569880 1.51120790 36.67104380
v 0.62022846 0.84398666 36.16080027
v 0.23009950 1.59933821 37.69033403
v 0.63278958 1.04110120 37.27720749
v 0.25756049 1.65131166 38.59470234
v 0.61835007 1.19203669 38.23460368
v 0.56215977 1.30925473 38.91315701
v 0.14588212 2.62256486 22.50365705
v 0.38765781 2.11213518 22.41281556
v 0.39390521 2.34577040 21.83573544
v 0.11166902 2.46160748 23.48520413
v 0.38059594 1.97903925 23.01715455
v 0.08542129 2.30562805 24.43255643
v 0.32755892 1.82321702 23.91949178
v 0.07102958 2.12415285 25.42053264
v 0.26887189 1.68940271 24.77074398
v 0.01745490 2.29732080 26.23201845
v 0.03751822 2.17952827 27.03334988
v 0.03135164 2.08387369 28.02630185
v 0.01749288 2.03545777 29.03015114
v 0.00834448 2.01518798 30.03164620
v 0.00418817 2.00908276 31.03241423
v 0.00271154 2.01078973 32.03473690
v 0.00279646 2.02147535 33.04291820
v 0.00575488 2.04891557 34.06696397
v 0.01388836 2.10252981 35.12573306
v 0.01541894 2.14882403 36.20045890
v 0.01187445 2.18564361 37.24665599
v 0.03043195 2.22790791 38.26880865
v 0.35884081 1.60380956 39.25731208
v 0.11743408 2.20607378 39.35638519
v 0.20095250 2.38099353 40.50151075
v 0.43446221 1.74584128 39.97892565
v 0.28304090 2.49366614 41.50192696
v 0.70789747 1.81372976 41.00362060
v 0.61449935 2.13717560 41.85381721
v 0.15354312 3.43011790 20.47864304
v 0.39878028 2.91144118 20.35864228
v 0.42771019 3.17552925 19.78740534
v 0.10557924 3.15596051 21.54746085
v 0.39599289 2.69296365 20.95506486
v 0.03036232 3.34586854 22.31668671
v 0.04633462 3.19426956 23.11042638
v 0.04916684 3.02249930 24.07176856
v 0.04251222 2.85477814 25.03659292
v 0.01720840 2.71227827 25.81939760
v 0.06825917 2.89742106 26.64401994
v 0.07236365 2.76270831 27.65108713
v 0.07974951 2.69423947 28.62941459
v 0.08287157 2.66208096 29.62086648
v 0.08341765 2.65003527 30.61891373
v 0.08296728 2.64872075 31.61970401
v 0.08132044 2.65630365 32.62324997
v 0.07719885 2.67966389 33.63329840
v 0.07067308 2.73826737 34.66358052
v 0.06735244 2.88805451 35.79271235
v 0.00828851 2.84465513 36.86892164
v -0.01476850 2.88543557 37.88492372
v -0.00729492 2.96351517 38.94968230
v 0.01043698 3.05178146 40.06954425
v 0.03990186 3.13282695 41.18251592
v 0.38410257 2.51220531 42.22537890
v 0.13012159 3.15749223 42.33096965
v 0.21103453 3.38277788 43.49998890
v 0.44825659 2.70974555 42.96460550
v 0.31573026 3.51788968 44.49107019
v 0.71223557 2.82183469 43.96272799
v 0.64574711 3.16650790 44.77310010
v 0.23430234 4.64613767 17.28527460
v 0.64211911 4.15756363 16.76880859
v 0.30912053 4.65088643 16.45576374
v 0.22235605 4.31384542 18.40268065
v 0.68013552 3.77155917 17.77972104
v 0.14177248 4.01540775 19.51056313
v 0.50251293 3.51956047 18.86096484
v 0.03037439 4.18723393 20.29424162
v 0.03817109 3.99882171 21.07209989
v 0.03673060 3.81767309 21.84932232
v 0.14642913 4.02157377 22.67704749
v 0.18014083 3.78360511 23.72751751
v 0.20565157 3.59625452 24.74001763
v 0.19503097 3.39481211 25.81392069
v 0.27547262 3.51550569 26.66023444
v 0.25982126 3.37815675 27.35930983
v 0.28934676 3.31261036 28.25767471
v 0.31054320 3.27454602 29.22837552
v 0.31974064 3.25656046 30.22167815
v 0.32255725 3.25180602 31.22179201
v 0.32239455 3.25650516 32.22386002
v 0.31783471 3.27223566 33.22588262
v 0.30431047 3.30789918 34.22239220
v 0.28140516 3.38156148 35.18569638
v 0.27465566 3.51366513 35.93428701
v 0.45421630 3.87255654 36.38198885
v 0.19717749 3.45728736 36.61094607
v 0.14549972 3.49280354 37.51282813
v 0.11385129 3.60293303 38.49683389
v 0.09743605 3.83098369 39.65471543
v 0.02062737 3.84189127 40.80876854
v 0.00768599 3.94466535 41.93486819
v 0.01203619 4.06846503 43.09379892
v 0.04859400 4.17386151 44.22357038
v 0.47319472 3.54197090 45.18686949
v 0.19713673 4.20331806 45.36072927
v 0.30940303 4.45790509 46.46139894
v 0.69942375 3.73593554 45.98581490
v 0.64246326 4.12939209 46.76642200
v 0.09966885 5.63907103 15.46828851
v 0.32225418 5.14974434 15.33052997
v 0.35019470 5.48287463 14.84453339
v 0.08488960 5.30150375 16.42930894
v 0.30093675 4.93967905 15.81950642
v 0.05588899 5.40758069 17.22849022
v 0.09469513 5.16633090 18.04309150
v 0.08892525 4.88653224 19.04162246
v 0.05137534 4.67327549 19.84570548
v 0.11199842 4.82192459 20.64512184
v 0.18733600 4.59679834 21.71680369
v 0.51525870 4.92064694 22.68186971
v 0.43256887 4.50045872 23.44205316
v 0.53736272 4.36794488 24.41867957
v 0.54805754 4.12800559 25.45807415
v 0.56060754 3.99377037 26.42220036
v 0.50521741 4.05953118 37.17772529
v 0.36692662 4.03758077 38.02802646
v 0.42207531 4.34442553 38.92806421
v 0.32150540 4.48658938 39.78946375
v 0.45474897 4.84793269 40.22949688
v 0.20131342 4.45901086 40.49848654
v 0.15182799 4.60555229 41.49421966
v 0.09281011 4.87381512 42.71082904
v -0.00390932 4.93178321 43.90101473
v -0.01646289 5.03314919 45.05253901
v 0.03224911 5.12739425 46.19599584
v 0.47958355 4.52177293 47.16783959
v 0.20758835 5.19126956 47.34683830
v 0.37602000 5.46902559 48.44371097
v 0.72750271 4.73812465 47.94785279
v 0.72386418 5.12472515 48.68266724
v 0.08215308 6.36916637 14.58337937
v 0.34928482 5.84557276 14.33999383
v 0.36023167 6.27501888 13.83432378
v -0.03157315 6.38783192 15.36335194
v 0.00238194 6.14758749 16.05851075
v 0.03726310 5.95070376 16.79077383
v 0.16807893 6.09393219 17.64527138
v 0.21181872 5.73481042 18.72387724
v 0.22544740 5.42840449 19.80134909
v 0.32311242 5.48408856 20.60935825
v 0.35303403 5.29193932 21.24615735
v 0.48809312 5.23887885 21.91997775
v 0.46462280 5.06034066 40.95608128
v 0.45068033 5.40196127 42.02212085
v 0.28669135 5.55790506 42.91134148
v 0.33783933 5.87480041 43.34061743
v 0.15453651 5.57623994 43.59940572
v 0.08025519 5.87096925 44.73179045
v -0.03478087 5.93189470 45.93358315
v -0.03900248 6.02479804 47.07433006
v 0.05011088 6.14453223 48.20016796
v 0.66861594 5.53076182 49.22194943
v 0.25921282 6.22826546 49.29998660
v 0.57875497 5.97846427 49.77772129
v 0.07672447 7.25297300 13.57797006
v 0.34705828 6.70839209 13.30408716
v 0.35262866 7.16881124 12.76481861
v -0.04723839 7.26933045 14.38325134
v -0.03094105 7.06078079 15.05150983
v 0.00497084 6.84964429 15.73175832
v 0.20105095 6.90560822 16.63508604
v 0.53577594 7.03469846 17.71342243
v 0.46107894 6.51440510 18.44803084
v 0.58906245 6.30880809 19.43286152
v 0.59409526 6.00102753 20.38546709
v 0.45341740 6.31095372 43.97340277
v 0.27523946 6.56912224 44.91933060
v 0.32796963 6.91200511 45.30352788
v 0.13928751 6.70616387 45.71851122
v -0.00335136 6.81857699 46.82907005
v -0.05946685 6.96274062 47.97110563
v -0.01708994 7.06026645 49.11559922
v 0.43289778 6.41319256 50.10561824
v 0.18507394 7.13111413 50.27915199
v 0.40765651 7.46258960 51.36798888
v 0.68776189 6.68854377 50.85466655
v 0.73872107 7.11478413 51.54416551
v 0.06504105 8.21677134 12.51932728
v 0.33974400 7.69040193 12.06576295
v 0.20230176 8.27775665 11.66738832
v -0.03828809 8.20721036 13.37540269
v -0.03760512 7.96728426 14.05677200
v -0.01263192 7.75380399 14.72720906
v 0.19173129 7.80170472 15.58771996
v 0.54818902 7.91602906 16.52718987
v 0.54123739 7.49178437 17.07404052
v 0.46260083 7.32879906 45.71021170
v 0.52164475 7.78404316 46.32198122
v 0.23702269 7.43538003 46.55406863
v 0.11311362 7.80418299 47.70007653
v -0.04903907 7.91523749 48.91518148
v -0.06136520 8.01629587 50.05907354
v 0.06999863 8.15021960 51.17364694
v 0.78637559 7.54754143 52.09031685
v 0.37966279 8.25650859 52.24786264
v 0.75261892 8.00229447 52.65177023
v 0.11840310 9.48441880 10.57130501
v 0.36076821 8.91969890 10.44055990
v 0.40533551 9.32356928 9.95115170
v 0.04321017 9.08693332 11.54480627
v 0.29709588 8.63923336 10.97139494
v 0.00711029 9.20756533 12.30824899
v 0.01527316 8.95402548 13.05046542
v 0.00573025 8.65672229 13.75631571
v 0.16563708 8.65593520 14.58940592
v 0.51973612 8.81575111 15.46890794
v 0.53370820 8.39802327 15.98051116
v 0.46510352 8.09617084 47.00718402
v 0.41487409 8.58097020 47.83801762
v 0.40376349 8.97429789 48.35266288
v 0.16742673 8.75602182 48.75033548
v -0.03990665 8.86552988 49.88285701
v -0.08769093 8.99005076 50.99896684
v 0.03577930 9.10239157 52.10527983
v 0.73294815 8.45225709 53.12307367
v 0.34643981 9.18926228 53.20316080
v 0.71361711 8.93082771 53.63866415
v 0.14291627 10.22848899 9.76314287
v 0.40841957 9.80386924 9.44037965
v 0.41886097 10.45975570 8.89819186
v -0.00029115 10.31616416 10.43563831
v 0.01296772 10.06032279 11.11789242
v 0.03519205 9.83508919 11.84493109
v 0.19382585 9.96290688 12.67565253
v 0.23172087 9.44682458 13.74997075
v 0.37752788 9.41887066 14.45670038
v 0.46146290 9.23954924 14.91366786
v 0.49158735 9.44073597 48.79855938
v 0.44767883 9.87002398 49.36281262
v 0.20101863 9.65984173 49.72659306
v -0.02083481 9.81990261 50.82199232
v -0.08250105 9.98479578 51.94849425
v 0.02662150 10.08208515 53.06507944
v 0.66613375 9.41863386 54.06287578
v 0.33433013 10.16643749 54.14272936
v 0.66314660 9.90959048 54.53773062
v 0.06400087 11.34732438 9.18724746
v 0.21782050 11.38730058 8.45367916
v 0.01967536 11.06727145 10.07177287
v 0.03506833 10.83332749 10.77046391
v 0.23614509 10.87740746 11.66529185
v 0.61024242 10.97154414 12.70336875
v 0.60643717 10.40258539 13.49584717
v 0.61152896 9.95113358 14.26257792
v 0.67039309 11.39642978 19.35287815
v 0.81787843 11.05484145 19.11718151
v 0.82883805 11.33517468 19.07142255
v 0.70453251 11.51324435 19.61039130
v 0.76130124 11.22217628 19.40734049
v 0.87099876 11.36313085 19.64086768
v 0.49880513 10.33894447 49.83467158
v 0.43452016 10.77507022 50.41624730
v 0.21762709 10.47557647 50.60208983
v 0.04107953 10.90323721 51.74578508
v -0.07579233 11.00302803 52.94337485
v 0.03244148 11.07064047 54.03621944
v 0.71777215 10.40136040 54.97076739
v 0.35145324 11.15169890 55.05599618
v 0.70090939 10.94315757 55.45912129
v 0.04279177 12.31559481 8.36953081
v 0.28105494 11.83828896 7.91528498
v 0.20087154 12.42158064 7.63708610
v 0.00245205 12.25610388 9.16377739
v 0.03514105 11.88205808 9.74009314
v 0.22875954 11.89094939 10.63581342
v 0.60951452 11.98095300 11.58446254
v 0.59622822 11.48429278 12.09320437
v 0.68558369 11.62558070 19.35431986
v 0.86078852 11.75954361 19.31757503
v 0.68301270 11.75013997 19.61050772
v 0.90697524 11.95277896 19.99538165
v 0.44114534 11.31119263 51.05197764
v 0.19298529 11.71957975 51.96066836
v 0.26017038 12.35891313 52.39460546
v 0.00961499 11.97044297 52.87371785
v -0.07643886 11.99675363 53.97554694
v 0.06521434 12.03496664 55.00496887
v 0.71597558 11.45168240 55.85924345
v 0.35990214 12.03135629 55.81799384
v 0.67359231 12.02856276 56.29194770
v 0.05003494 13.28691655 7.54303356
v 0.25132405 12.71417786 7.28045677
v 0.31934049 13.16749459 6.84839908
v -0.01145296 13.26417064 8.33583266
v 0.00795507 12.90032720 8.88490833
v 0.17236307 12.90633892 9.69057697
v 0.55281498 13.05164989 10.56784322
v 0.59321760 12.55222436 11.05718812
v 0.76186733 11.91674395 19.55337835
v 0.82921060 12.15483138 19.85647969
v 0.15471739 12.86700081 53.11617064
v 0.34639875 12.82859717 52.62898209
v -0.02954841 12.91249721 53.96807457
v -0.04734208 12.97253323 55.00716983
v 0.20480193 12.98338662 56.09302784
v 0.55187978 12.54947798 56.50573091
v 0.08964373 14.22346059 6.65193834
v 0.35895882 13.66022447 6.37729102
v 0.40435972 14.16677458 5.94173463
v -0.03186730 14.28023429 7.38337492
v 0.01000084 14.06787074 8.03876869
v 0.13823933 13.81066688 8.90306459
v 0.35721016 13.86345313 9.58966354
v 0.48614672 13.61218263 10.05355755
v 0.45317627 13.36160022 52.95905331
v 0.41746734 13.88695197 53.46360260
v 0.17975138 13.74212957 53.87955923
v -0.02557991 13.89646926 54.94539288
v 0.00020134 13.98720668 56.03148886
v 0.68480837 13.21556426 57.06731755
v 0.30472601 14.08218827 57.14412790
v 0.70584774 13.84628157 57.62446687
v 0.14311388 15.11889940 5.83256568
v 0.42194699 14.70559246 5.48853672
v 0.46237167 15.38352787 5.03705129
v -0.02129667 15.22488408 6.47305760
v -0.01563843 15.03562323 7.08000359
v 0.02670120 14.84349237 7.69672022
v 0.25818582 14.96134657 8.42944988
v 0.55871956 14.71267094 9.36217674
v 0.47113485 14.44992955 53.88519901
v 0.40825812 14.99164142 54.40719470
v 0.16557396 14.79692536 54.82623154
v -0.03562880 14.94177561 55.94673079
v 0.02300384 15.02441825 57.01985148
v 0.65381517 14.39721145 58.03807221
v 0.31675711 15.12680989 58.04721597
v 0.64518380 14.92377732 58.48207181
v 0.08429154 16.26308895 5.36198617
v 0.29349508 16.29955712 4.71136948
v -0.00133583 16.00580938 6.15078135
v 0.00582783 15.79936927 6.78479112
v 0.22405431 15.88718448 7.59572541
v 0.61240698 15.96280248 8.50062423
v 0.58697585 15.40914494 8.91785213
v 0.43703314 15.60903193 54.83970941
v 0.36539958 16.42275996 55.45925793
v 0.08636115 15.94982640 55.88068120
v -0.06745691 15.97822614 56.95557446
v 0.03874653 16.01286862 57.93893994
v 0.68313679 15.43953293 58.84242679
v 0.30958654 16.02867107 58.72931037
v 0.61542006 16.06313512 59.21243092
v 0.12548567 17.13107840 4.75048806
v 0.34561563 16.69997973 4.39125287
v 0.44670866 17.32837817 4.04377590
v 0.00580318 17.19958170 5.40515979
v 0.00771473 16.81881237 5.89805086
v 0.16202191 16.86675345 6.70379785
v 0.56324156 17.06360770 7.58474585
v 0.59828122 16.54934167 8.03734525
v 0.16770221 16.95476009 56.16291420
v 0.37323568 16.94409228 55.72094453
v -0.04086472 16.95717557 56.97554104
v -0.06938952 16.95933150 57.92872917
v 0.13593619 16.93077631 58.85326518
v 0.44033196 16.59832784 59.30984522
v 0.10944111 18.21232360 4.42869357
v 0.33863399 18.50118052 3.73864321
v 0.02572548 18.04022408 5.16344877
v 0.10660132 17.79298505 5.96820491
v 0.33369453 17.91183439 6.62945921
v 0.49532367 17.66103934 7.09474975
v 0.42508396 17.53585969 56.00551081
v 0.37036064 18.36215582 56.51854152
v 0.08973884 17.94476658 56.96595714
v -0.07599790 17.93792599 57.94067158
v 0.00987770 17.88574174 58.82681773
v 0.39475016 17.16876920 59.51082089
v 0.29700426 17.79052681 59.53906417
v 0.71800345 17.53274045 59.94438576
v 0.05743037 19.32172572 4.14285077
v 0.24188454 19.33132463 3.53239016
v 0.02741248 19.04605674 4.89052640
v 0.15272837 18.90531051 5.63032930
v 0.45620360 18.81704926 6.40340000
v 0.18044791 18.92777293 57.19280302
v 0.38667337 18.89286364 56.74251060
v -0.02004465 18.93394979 57.99318014
v -0.02325854 18.89038267 58.90567374
v 0.21258832 18.71367292 59.67090928
v 0.69048736 18.42104193 60.23325731
v 0.09637756 20.15832062 3.60443740
v 0.30413775 19.70301796 3.24719350
v 0.40373879 20.33236060 2.90513354
v -0.00056523 20.22949248 4.24672657
v 0.01456052 19.86847950 4.68277016
v 0.16922829 19.95865338 5.33068358
v 0.44707262 19.76132016 6.01898916
v 0.44443827 19.49974410 57.00932588
v 0.38384377 20.35265111 57.51769824
v 0.11062702 19.93337482 57.97665500
v -0.02053332 19.92553611 58.96769847
v 0.17295896 19.85410260 59.95001568
v 0.52812894 19.32893390 60.41207552
v 0.06996689 21.26367529 3.28508468
v 0.28011079 21.27323854 2.67019714
v 0.01432815 21.03231722 4.03460454
v 0.12100538 20.80061739 4.80507227
v 0.33729750 20.82292893 5.43776704
v 0.43872507 20.45663730 5.78646257
v 0.19258896 20.93086632 58.19074433
v 0.39571844 20.89432344 57.73804815
v 0.00796272 20.94241128 58.99758053
v 0.03941734 20.92951238 59.93506144
v 0.64743176 20.16832035 60.85868019
v 0.30350960 20.90325338 60.74556618
v 0.63714432 20.92979413 61.25447686
v 0.12442332 22.10721632 2.75951512
v 0.34557921 21.66667592 2.38940275
v 0.45952135 22.27291976 2.09567015
v -0.00409817 22.18875490 3.38445161
v 0.00225677 21.83284040 3.81864397
v 0.15865159 21.93372639 4.50050874
v 0.52505392 21.72604133 5.36814640
v 0.45195306 21.51490803 57.99620727
v 0.38671227 22.39403016 58.49220901
v 0.11897661 21.95110501 58.95745620
v -0.00000233 21.94597464 59.93760539
v 0.19541750 21.92934220 60.91287669
v 0.52122557 21.52859103 61.39169670
v 0.12623027 23.15684323 2.52284442
v 0.38245926 23.38941542 1.89571947
v 0.01962056 23.00921829 3.21168512
v 0.07766475 22.75396555 3.94077874
v 0.28123584 22.82830789 4.55679551
v 0.44530715 22.51664500 4.97026385
v 0.18665536 22.97799832 59.15340773
v 0.39170310 22.95974873 58.70161554
v 0.00972385 22.95604343 59.93332611
v 0.04300062 22.91958282 60.80698233
v 0.63354594 22.26761436 61.78164891
v 0.29746237 22.93766086 61.58553929
v 0.63081767 23.01306952 62.11034228
v 0.10244527 24.19065838 2.33965549
v 0.33447968 24.35561208 1.74115321
v 0.03276215 24.01874337 3.02325866
v 0.13459261 23.84257123 3.73804216
v 0.35038938 23.61140455 4.40205019
v 0.43070617 23.62411668 58.93724548
v 0.32792913 24.60085579 59.40625064
v 0.09333921 24.02442368 59.89525851
v 0.00575242 23.90018449 60.78061066
v 0.16558504 23.78634783 61.53314100
v 0.49689807 23.65397595 62.11830613
v 0.07873399 25.23128191 2.16171956
v 0.31492775 25.10584427 1.60187832
v 0.02326969 25.01684023 2.84624582
v 0.15786185 24.89150914 3.54557912
v 0.49501345 24.73111518 4.30846667
v 0.08113412 25.21140369 60.16773314
v 0.30987807 25.54900519 59.61310249
v 0.00343758 24.93304151 60.83506977
v 0.11860997 24.72786588 61.53884557
v 0.42475521 24.49506477 62.13306483
v 0.19925621 25.99944002 1.72047378
v 0.54822091 25.38247713 1.28714146
v 0.61355282 26.15537554 1.11770798
v 0.00905009 26.14155342 2.32523646
v -0.00227191 25.81235485 2.70718337
v 0.13092852 25.93140405 3.33056987
v 0.43651546 25.75252226 3.99782311
v 0.07924563 26.23263052 60.29766752
v 0.32337671 26.49466904 59.70555076
v -0.00276989 25.97349674 60.93489028
v 0.10104252 25.71788355 61.58030460
v 0.39250055 25.43027990 62.15845055
v 0.21957775 27.05822465 1.54730610
v 0.61809768 27.22709357 0.87347044
v 0.03538825 26.93287017 2.21146131
v 0.04803383 26.70314050 2.88569024
v 0.22105566 26.77815611 3.46459988
v 0.37312096 26.47103970 3.80103151
v 0.09253652 27.22864423 60.36556005
v 0.36305226 27.45860057 59.73816522
v -0.00456713 26.98942444 61.01473904
v 0.08857248 26.72038635 61.64122999
v 0.37170489 26.40528260 62.19713468
v 0.18648613 28.11585108 1.44081733
v 0.45920882 28.37871632 0.85357070
v 0.04111389 27.92423382 2.10458232
v 0.07199412 27.71981895 2.76538787
v 0.25085120 27.50205449 3.36995646
v 0.12495817 28.22958973 60.39845351
v 0.43675394 28.44533652 59.73697761
v 0.00356555 28.01773727 61.09029941
v 0.07952692 27.73157728 61.72833681
v 0.34546036 27.38197367 62.25727427
v 0.13720412 29.16383954 1.40203106
v 0.40460910 29.39969707 0.83353930
v 0.02849862 28.94293681 2.04391154
v 0.08591504 28.71138641 2.69731823
v 0.29288132 28.42881720 3.31039410
v 0.18039563 29.23382430 60.40304738
v 0.56759480 29.49835710 59.70188135
v 0.01616176 29.05253865 61.12508838
v 0.09514388 28.85013874 61.90496495
v 0.31660247 28.30672975 62.35629108
v 0.11357507 30.18049589 1.38646140
v 0.38892499 30.40010557 0.82214558
v 0.01372038 29.95889104 2.01875503
v 0.08827153 29.71260577 2.66387055
v 0.31629546 29.40567277 3.27511278
v 0.22757385 30.19310184 60.41435771
v 0.52805582 30.48076623 59.91441044
v 0.03435514 30.06959788 61.10638899
v 0.05413853 29.91455265 61.85014966
v 0.35126858 29.03600190 62.53822847
v 0.30063047 29.75637836 62.52009700
v 0.71084399 29.41468311 62.96279180
v 0.10548486 31.18499540 1.38181517
v 0.38685612 31.39767842 0.81755980
v 0.00554058 30.96607398 2.01096634
v 0.08594019 30.71586274 2.65141743
v 0.32393050 30.39864492 3.25863579
v 0.26416358 30.88113622 60.38899596
v 0.22636867 31.58404068 60.53864616
v 0.06995376 31.11586136 61.02671852
v 0.04381846 30.94660993 61.81780227
v 0.25558761 30.74641490 62.52542272
v 0.72330142 30.43590817 63.14325026
v 0.10380110 32.18629670 1.38436258
v 0.39091596 32.39522676 0.81876872
v 0.00153086 31.96876563 2.01267762
v 0.08276832 31.71801510 2.65040123
v 0.32403585 31.39764536 3.25418049
v 0.05010257 32.22422788 61.12496089
v 0.22497494 32.43228786 60.55695396
v 0.03815473 31.99856633 61.78998029
v 0.22971061 31.80524433 62.49801132
v 0.59951927 31.51236676 63.11385903
v 0.10592067 33.18922699 1.39547531
v 0.40343693 33.39482807 0.82630048
v -0.00161312 32.97124792 2.02481524
v 0.07777191 32.71926282 2.65948517
v 0.32002178 32.39947590 3.25891232
v 0.04153883 33.25198882 61.07384819
v 0.22821186 33.14337515 60.49082555
v 0.02105533 33.01634429 61.73989392
v 0.20931467 32.86596644 62.41433170
v 0.64727142 32.66499311 63.10761301
v 0.11519841 34.19899957 1.41740609
v 0.43411993 34.39847836 0.83944938
v -0.00396913 33.98008574 2.05487895
v 0.06876318 33.72029332 2.68601413
v 0.30910936 33.40008909 3.27579329
v 0.14469190 34.01347295 60.65017842
v 0.40879655 33.41037264 60.13980252
v 0.47194695 34.15673778 59.94672373
v -0.00523112 34.14768647 61.28701787
v -0.00439224 33.81369981 61.65880928
v 0.16275474 33.91545319 62.26880496
v 0.54021615 33.69602616 62.87139476
v 0.13806510 35.21681921 1.44349822
v 0.49967850 35.41192229 0.85442562
v -0.00136222 35.01116610 2.11091416
v 0.05888751 34.73013272 2.74978489
v 0.28677058 34.38572415 3.31276199
v 0.17248361 35.06835317 60.47837078
v 0.50824608 35.24023942 59.69438446
v 0.02418689 34.93767188 61.18081701
v 0.06086095 34.69873227 61.85521501
v 0.26665431 34.75777006 62.41507106
v 0.45410088 34.42936623 62.71679721
v 0.17896489 36.23853992 1.46764878
v 0.62925171 36.49026888 0.86038902
v 0.00037189 36.04789205 2.15116204
v 0.06704643 35.83958590 2.91385244
v 0.26057912 35.30814028 3.38652246
v 0.15470177 36.13746347 60.37082903
v 0.38799085 36.42995771 59.71376241
v 0.03812923 35.93323013 61.07134500
v 0.09166359 35.71833147 61.73659347
v 0.30415625 35.48347979 62.31666601
v 0.20486189 37.22493197 1.51950272
v 0.53246987 37.44400267 1.07702010
v 0.00130099 37.05767498 2.17156558
v 0.02085318 36.88465867 2.87950484
v 0.28746375 36.02293455 3.55047630
v 0.23863977 36.70803941 3.52446134
v 0.56878620 36.38498751 4.00655608
v 0.11517669 37.20751861 60.30955552
v 0.32867890 37.48598207 59.65749256
v 0.04009732 36.96565741 60.99306546
v 0.12192317 36.71865334 61.65714040
v 0.36335070 36.41516444 62.24378960
v 0.25374228 38.10772060 1.55047739
v 0.70113862 38.17416928 1.05562404
v 0.01992049 38.04262006 2.19664482
v -0.00381297 37.88853830 2.91602301
v 0.20005410 37.65621638 3.58891279
v 0.57042229 37.28136516 4.13436532
v 0.08330897 38.25721684 60.22026701
v 0.27352594 38.52575252 59.55215929
v 0.04429953 38.00879132 60.91755240
v 0.16031368 37.74431215 61.59409405
v 0.42140316 37.40359884 62.18846883
v 0.34039721 38.74235046 1.50911486
v 0.32429687 39.45092024 1.70750196
v 0.08113834 39.04965806 2.16567570
v -0.01233861 38.92015570 2.98000487
v 0.14278226 38.67980949 3.68984193
v 0.54356353 38.33728521 4.32995329
v 0.04244958 39.33316361 60.07796611
v 0.20251869 39.32616936 59.45252129
v 0.04447071 39.03906508 60.80409102
v 0.22392301 38.81352226 61.51553084
v 0.51261121 38.42993022 62.14200957
v 0.10184486 40.10720261 2.34480546
v 0.38703592 40.24478143 1.83770929
v -0.01491636 39.96696803 3.05268202
v 0.09968953 39.81228354 3.88975111
v 0.37007605 39.31267001 4.37987589
v 0.08034306 40.14688592 59.59416275
v 0.26235263 39.66899568 59.19160756
v 0.35124522 40.22845104 58.87780740
v -0.00365263 40.23934003 60.25127467
v 0.02670190 39.87266104 60.67157586
v 0.24678026 39.94250724 61.33844308
v 0.74005465 39.60652872 62.11989414
v 0.19843417 40.92887709 2.36678040
v 0.42908539 40.79628072 1.93172672
v 0.00982268 40.96910233 3.09814433
v 0.03105761 40.86692750 3.89111937
v 0.34200940 40.03291216 4.57755373
v 0.26224227 40.72516714 4.59662706
v 0.61841871 40.41244063 5.08354953
v 0.07040758 41.25330407 59.29282781
v 0.28739178 41.11506851 58.66328525
v 0.01427615 41.05960965 60.07037574
v 0.13661560 40.81175276 60.81927710
v 0.40977171 40.86646682 61.43247341
v 0.60978883 40.48668066 61.80104332
v 0.50288916 41.43763511 2.12224871
v 0.41167961 42.42040345 2.54968889
v 0.12111677 41.97077515 3.04659092
v 0.02253175 41.90480388 3.97016078
v 0.19925410 41.69348388 4.72455562
v 0.59868720 41.35825982 5.34311607
v 0.15645937 42.03740791 58.70737064
v 0.45453626 41.43576028 58.25230724
v 0.48009218 42.20982278 57.98055837
v -0.01105774 42.21120005 59.33277587
v 0.00886589 42.02264741 59.87751629
v 0.17348779 41.89256906 60.56151221
v 0.54417796 41.75591661 61.26645202
v 0.13854478 43.09554354 3.29754640
v 0.43155022 43.26089317 2.77625810
v 0.01497395 42.97155104 4.07053743
v 0.16182363 42.85474735 5.01428018
v 0.46391551 42.29832012 5.49069553
v 0.15931497 43.11787097 58.39956177
v 0.46610212 43.30942212 57.58657199
v 0.02251794 42.97285884 59.12837556
v 0.00642835 42.77654922 59.68086372
v 0.18971378 42.91878770 60.28722442
v 0.52064936 42.71082040 60.91736830
v 0.22204407 43.92087806 3.35545636
v 0.45655611 43.80112960 2.91004303
v 0.02092954 43.98073804 4.12850073
v 0.03570524 43.94967691 5.02788776
v 0.55017360 43.12976205 5.96775107
v 0.26457767 43.89452827 5.83369822
v 0.54687962 43.88672463 6.36177670
v 0.10594197 44.25697484 58.11772723
v 0.28380595 44.28552886 57.44984606
v 0.05561269 43.96777625 58.91956166
v 0.15580439 43.72091016 59.73400134
v 0.39031154 43.77001361 60.36238361
v 0.50339423 43.40771800 60.70020656
v 0.52647819 44.41002669 3.13293795
v 0.44250791 45.29254961 3.58708831
v 0.13786966 44.92618044 4.05735336
v -0.00937977 44.96708468 5.05836575
v 0.16086839 44.94777903 6.08619188
v 0.44918112 44.49125152 6.52210376
v 0.11141491 45.14918484 57.54759764
v 0.30815603 44.70111671 57.15080231
v 0.35315183 45.34897259 56.75442263
v 0.03055041 45.20541259 58.23440445
v 0.05208825 44.82397953 58.70263415
v 0.23297732 44.89496632 59.40071004
v 0.63971961 44.63055668 60.21993632
v 0.21898079 45.89884225 4.23787032
v 0.45202042 45.83253593 3.79305640
v 0.00275722 45.95005485 5.05857793
v -0.00056139 45.99020599 6.04787000
v 0.53382775 45.19407859 7.03786633
v 0.25886104 46.05777799 7.06839097
v 0.56163635 45.82968923 7.51713155
v 0.05769551 46.30282338 57.16370076
v 0.20872819 46.31574323 56.47355282
v 0.04175247 46.03457728 57.98787377
v 0.17388012 45.77488754 58.79587250
v 0.42650631 45.79187261 59.44002894
v 0.57326882 45.42014432 59.83301448
v 0.52334181 46.42639171 4.06513061
v 0.45528940 47.27416724 4.56371096
v 0.13392237 46.90464758 5.00828256
v -0.04989358 46.96215648 6.02221116
v 0.03564515 47.00142787 7.01453245
v 0.58606833 46.37547313 7.91240429
v 0.29359722 46.99867404 7.82786908
v 0.56549461 46.99121965 8.32406101
v 0.05880272 47.24692285 56.45731791
v 0.23878845 46.67744742 56.13184868
v 0.29487642 47.12964360 55.73438025
v 0.00787521 47.24332067 57.22240988
v 0.03814561 46.85835315 57.72384524
v 0.23713733 46.92032669 58.42335468
v 0.65797322 46.65880882 59.25268983
v 0.24352448 47.84375121 5.21385278
v 0.47820353 47.78917161 4.79018539
v 0.00388113 47.90648709 6.02120575
v -0.05659289 47.97036254 7.02642953
v 0.15419768 47.97912580 8.09014356
v 0.45887163 47.53796266 8.51183354
v 0.10146643 48.12239344 55.66738660
v 0.32839240 47.65645086 55.28983812
v 0.35502098 48.35297016 54.77902149
v -0.01282691 48.24370055 56.34493093
v 0.03187223 48.04193118 56.97085756
v 0.18362019 47.78130640 57.77888007
v 0.43816150 47.78693233 58.43092173
v 0.58144160 47.42721889 58.83863086
v 0.56730625 48.34112884 5.08093401
v 0.48311676 48.91911272 5.51888373
v 0.20670345 48.77752798 5.93522566
v -0.04213233 48.92686005 6.98358309
v -0.03186474 48.99813846 8.04460341
v 0.53255572 48.20684162 9.04988271
v 0.24214578 49.08235973 9.13187603
v 0.55589940 48.82830918 9.56481471
v 0.04582249 49.29989699 55.12258442
v 0.18720040 49.33756780 54.38740122
v 0.01525086 49.02405495 55.99141977
v 0.05166574 48.81605053 56.63844313
v 0.30647714 48.91143481 57.33786335
v 0.69146993 48.60781295 58.20840460
v 0.52504955 49.53214089 5.91888836
v 0.44881376 50.33784587 6.51061067
v 0.11846160 49.90222148 6.91875351
v -0.08239862 49.95586144 7.99309933
v -0.01553098 50.02731369 9.04667650
v 0.57797208 49.36156259 10.01917288
v 0.26831345 50.12175572 10.08566960
v 0.57930165 49.90468157 10.51423658
v 0.02593405 50.27369596 54.30653787
v 0.24219983 49.79249439 53.84405091
v 0.16853851 50.37527550 53.56938342
v -0.00789297 50.22118909 55.08916745
v 0.03247743 49.84621200 55.65906335
v 0.25614179 49.83857293 56.49219020
v 0.69157599 49.83747365 57.33019032
v 0.68575997 49.31717626 57.77694421
v 0.23871254 50.84008478 7.18497021
v 0.46902932 50.82608662 6.77526549
v -0.00807463 50.87601506 7.98640297
v -0.10855493 50.95032396 8.99798716
v -0.00495386 51.00964050 10.02301061
v 0.58353060 50.40627732 10.95478949
v 0.24553378 51.02266233 10.88011899
v 0.52435601 51.02418426 11.44534896
v 0.03456826 51.21393553 53.47364407
v 0.21210829 50.66207633 53.20202087
v 0.26678409 51.10615465 52.73710382
v -0.03351337 51.18098018 54.23756891
v -0.01107313 50.85778951 54.78229389
v 0.16668450 50.84878231 55.55783359
v 0.62677897 50.91529644 56.38803051
v 0.65055437 50.39992456 56.87003368
v 0.55668457 51.32921300 7.09256600
v 0.48861798 51.83410781 7.54176149
v 0.22298725 51.69409690 7.92041803
v -0.03686734 51.83912321 8.93912656
v -0.10214176 51.92911824 10.00314903
v 0.04728099 51.95973471 11.11472829
v 0.33737377 51.58577995 11.63075377
v 0.07583760 52.19724517 52.52036680
v 0.29698876 51.59749971 52.22741395
v 0.32477726 52.09861293 51.70446925
v -0.01043823 52.17815544 53.36616832
v -0.01848614 51.80425420 53.93794654
v 0.09017522 51.76485537 54.70183287
v 0.30857819 51.74935348 55.37562897
v 0.50859890 51.51756485 55.84241984
v 0.54706875 52.35352810 7.95718703
v 0.46667370 52.85310299 8.45735864
v 0.20843675 52.67130924 8.82795841
v -0.03533508 52.81900888 9.90925586
v -0.08063599 52.92019415 11.02498686
v 0.24886444 52.19503165 12.00995993
v 0.08740312 53.00047159 12.21591332
v 0.31242394 53.36489699 13.35603674
v 0.51873273 52.49429687 12.83752976
v 0.59313144 52.98294100 13.55747898
v 0.08791398 53.17466449 51.46454386
v 0.32527807 52.59383889 51.16943849
v 0.32784641 53.08206806 50.62971171
v -0.00298620 53.25173351 52.26525731
v 0.02726957 52.99993535 53.00488698
v 0.12210480 52.66630937 53.92166322
v 0.30669150 52.63874231 54.63260492
v 0.35165804 52.27585438 55.08660698
v 0.50893862 53.35488036 8.88740913
v 0.45877982 53.81875088 9.37485598
v 0.21541480 53.64337317 9.76650687
v -0.01789728 53.79743897 10.87773065
v -0.07115294 53.93083041 12.00949732
v 0.03111225 54.08393866 13.14809122
v 0.63169523 53.41570785 14.11250508
v 0.29106200 54.18502100 14.26155483
v 0.61816027 53.88854855 14.68548634
v 0.07108908 54.15297071 50.42079486
v 0.30891156 53.63306124 49.95093749
v 0.18162964 54.23448921 49.58575290
v 0.00755866 54.17237569 51.24015395
v 0.00429363 53.88656309 51.83077000
v 0.09318376 53.99272539 52.52805760
v 0.25174953 53.66668439 53.42516389
v 0.62273561 53.49804051 54.32633530
v 0.56792404 54.28965657 9.77909833
v 0.52734488 54.76240030 10.31818152
v 0.25365080 54.58176846 10.70641008
v 0.01660947 54.76140650 11.81420068
v -0.06063618 54.93374592 12.95352865
v 0.00164225 55.04233878 14.09746683
v 0.57585108 54.35383863 15.20191351
v 0.21002983 55.11740980 15.25365966
v 0.50316943 54.86317046 15.78533566
v 0.08846456 55.45007478 48.47703115
v 0.29759870 54.86801143 48.32362284
v 0.32307233 55.24122551 47.78813261
v 0.03921826 55.03474193 49.48513890
v 0.25178312 54.59438367 48.87586901
v 0.02461694 55.11151539 50.23726486
v 0.03543190 54.81640088 50.84207312
v 0.14764968 54.82035962 51.66723625
v 0.26613332 54.75095736 52.42624443
v 0.39175050 54.47318602 53.02648020
v 0.60236492 54.22625937 53.65130026
v 0.62475043 55.22704696 10.78503567
v 0.55247101 55.67375117 11.38873137
v 0.29394846 55.39468588 11.57885564
v 0.11368862 55.79353812 12.71735318
v -0.04405317 55.89967318 13.91214540
v -0.02991434 55.98531511 15.06677528
v 0.36842542 55.32164236 16.12545201
v 0.12858838 56.04815573 16.27871223
v 0.24452034 56.36412973 17.43092427
v 0.55807806 55.55316172 16.96593707
v 0.53039476 55.99542786 17.74996306
v 0.08934755 56.21779023 47.53624250
v 0.31720863 55.63913031 47.24491800
v 0.32504602 56.03938915 46.68776410
v -0.01223254 56.26877813 48.35883228
v 0.01375369 55.99151382 49.06884939
v 0.05148135 55.73923270 49.80538048
v 0.24299912 55.78982698 50.65745425
v 0.60879694 55.78932103 51.61756426
v 0.41541351 55.23784459 52.15190269
v 0.59133329 56.15637138 12.04316951
v 0.31810486 56.52078611 12.93465364
v 0.35501899 56.90017421 13.31345776
v 0.14386992 56.72147145 13.74203041
v -0.02267817 56.82239674 14.86381008
v -0.05741267 56.92202192 15.99589224
v 0.00009155 57.05161100 17.14597126
v 0.39716117 56.42725002 18.15699927
v 0.15235825 57.12213274 18.32296398
v 0.25960979 57.38585725 19.44036041
v 0.58136200 56.59099051 18.96393604
v 0.54358707 57.00624385 19.75055785
v 0.13121786 57.38452917 45.42865666
v 0.33833967 56.83737241 45.24802423
v 0.36354440 57.12374528 44.68515229
v 0.08241459 57.00862399 46.51278689
v 0.33369045 56.55209641 45.82652185
v 0.01800880 57.17135499 47.29674845
v 0.02899722 56.97385587 48.02516168
v 0.04353803 56.70895124 48.73440188
v 0.26249886 56.72157485 49.58754050
v 0.66474156 56.80591246 50.44634945
v 0.63811012 56.35069642 51.00496433
v 0.50395988 57.35289414 13.72050023
v 0.49571645 57.79603806 14.28606004
v 0.23318461 57.59012682 14.67101674
v 0.02921449 57.69544808 15.74543133
v -0.04360118 57.84704932 16.85610067
v -0.04054959 57.97165876 18.00629462
v 0.01788305 58.07514067 19.15387782
v 0.40806646 57.42837706 20.16084367
v 0.16446659 58.12030777 20.32578709
v 0.26550011 58.36787639 21.45226916
v 0.59541009 57.57017692 20.97140784
v 0.55896271 57.97214027 21.78113155
v 0.17752768 58.58917767 42.26582503
v 0.53458163 58.04963613 41.65147794
v 0.25617876 58.58117952 41.42457719
v 0.17048455 58.28792140 43.35770729
v 0.57170689 57.68198929 42.65175866
v 0.11511660 58.01403239 44.46378937
v 0.42719979 57.46929800 43.76372557
v 0.03837533 58.20496251 45.26680537
v 0.05234773 57.97587910 46.05387279
v 0.04590497 57.73560866 46.83112184
v 0.17429128 57.89454113 47.61337144
v 0.26415465 57.52639665 48.63086308
v 0.66652933 57.70977636 49.37366703
v 0.65047362 57.30831587 49.90080958
v 0.61933915 58.22816434 14.75591475
v 0.57580996 58.62155855 15.36352181
v 0.31391925 58.31502725 15.51977241
v 0.16319687 58.52354388 16.50723215
v 0.05060746 58.80656967 17.69929571
v -0.02467908 58.86852912 18.85159670
v -0.01890780 58.96654925 19.99522661
v 0.02825752 59.05709730 21.14665444
v 0.40748283 58.40196657 22.20096288
v 0.15373940 59.09221463 22.33211432
v 0.20791440 59.33165016 23.45755297
v 0.56033212 58.54535884 23.05802906
v 0.47245291 58.93691942 23.85669640
v 0.08593604 59.49001054 40.42948843
v 0.26490385 58.97453815 40.26352402
v 0.28572879 59.18368752 39.71871227
v 0.05934581 59.23566855 41.46061926
v 0.24818696 58.82554756 40.77961748
v -0.00659914 59.29939608 42.29142136
v 0.02127577 59.09593193 43.02714195
v 0.04936870 58.91198583 43.97466113
v 0.05145314 58.72196766 44.79368189
v 0.17565701 58.89601428 45.61274711
v 0.23876964 58.57358506 46.69568779
v 0.58878637 58.79390151 47.55615288
v 0.49239632 58.33199370 48.21467152
v 0.62317226 58.15124624 48.77864527
v 0.65166202 59.02910701 16.03828431
v 0.36651815 59.26510736 17.14056734
v 0.23819418 59.48531677 17.91022535
v 0.31595695 59.80392146 18.30095071
v 0.13761908 59.51809829 18.56253020
v 0.09727029 59.78281040 19.65463272
v 0.00395629 59.83877721 20.82664868
v -0.00580622 59.92091982 21.96382449
v 0.01527741 59.99485410 23.09527941
v 0.27893677 59.37203619 24.20816478
v 0.06977167 60.03027606 24.26008645
v 0.07327613 60.23970949 25.40917716
v 0.28399737 59.56544082 24.95987845
v 0.08750187 60.32907946 26.45305216
v 0.31422349 59.67835205 25.92465638
v 0.11232251 60.38052323 27.49061113
v 0.35075605 59.73668140 26.92594514
v 0.15345689 60.41676278 28.54661585
v 0.40793985 59.76548705 27.95009293
v 0.18165146 60.47099380 29.58806924
v 0.52603668 59.74588621 29.06108141
v 0.19136977 60.51887793 30.51965361
v 0.48735411 59.94507813 30.11558337
v 0.42261910 60.10183929 30.83446131
v 0.17447796 60.58031082 34.25054972
v 0.49127003 59.98943809 33.66912102
v 0.22806644 60.45609413 33.40595289
v 0.17674023 60.43714514 35.37190351
v 0.56283276 59.77417059 34.69746531
v 0.13545267 60.36422307 36.42025713
v 0.44560922 59.76208358 35.85333143
v 0.10641916 60.28964409 37.42724891
v 0.37770116 59.70546105 36.87725631
v 0.08980543 60.17890080 38.42577216
v 0.33691898 59.60956912 37.86115755
v 0.06683529 60.00349629 39.48839516
v 0.30671981 59.44866822 38.82395466
v 0.01659528 60.23732644 40.28066446
v 0.03103618 60.07437917 41.07708436
v 0.02367328 59.89970300 41.99395432
v 0.01066771 59.70286432 42.72035913
v 0.12025583 59.77714250 43.55009566
v 0.21688753 59.51995494 44.64574254
v 0.59552446 59.77200202 45.53681266
v 0.48818974 59.34487872 46.25798783
v 0.58915566 59.19414511 46.89116338
v 0.50024027 60.20774315 18.89363831
v 0.32892301 60.44522264 19.84554188
v 0.39834483 60.75949799 20.28182049
v 0.19152545 60.47579024 20.53331369
v 0.13716870 60.71683086 21.61647158
v 0.03578033 60.72886806 22.74313818
v 0.02043385 60.78914232 23.82587174
v 0.01550116 60.87203729 24.92169043
v 0.00623123 60.95691355 25.99401013
v 0.00406846 61.01997142 27.04076587
v 0.01024147 61.08675485 28.09931588
v 0.01646600 61.13139839 29.16243051
v 0.02769971 61.13641653 30.19887944
v 0.24110103 60.45113553 31.19187858
v 0.06551861 61.06090575 31.27330754
v 0.05550963 61.13630970 32.36204704
v 0.21871740 60.55547688 31.88933797
v 0.05319914 61.05938567 33.38868408
v 0.20227691 60.56686981 32.72536335
v 0.01355088 61.26674484 34.21486458
v 0.03354930 61.15628953 35.01761935
v 0.03009367 61.05692024 36.01011888
v 0.02226708 60.98544187 37.00962902
v 0.02443425 60.91015921 38.00272929
v 0.03897706 60.80759300 38.98882980
v 0.04249843 60.69409919 39.80460192
v 0.17752790 60.91216821 40.63588206
v 0.21295144 60.66136431 41.69205803
v 0.23722125 60.39085319 42.73247626
v 0.36445540 60.42835855 43.53512594
v 0.40184476 60.22431391 44.16832735
v 0.56108380 60.13489175 44.81560585
v 0.55673075 61.13584514 20.89656140
v 0.38798051 61.35629157 21.79060149
v 0.53093623 61.70441102 22.25101041
v 0.24782324 61.34533152 22.47544993
v 0.21212474 61.43982063 23.42368395
v 0.18076392 61.52951584 24.48471593
v 0.13439109 61.58514824 25.55823716
v 0.10259355 61.63910807 26.60331011
v 0.08022947 61.71317192 27.64071119
v 0.07220321 61.86744738 28.75626412
v 0.03706770 61.82080504 29.82996777
v 0.05169254 61.81569405 30.87170320
v 0.06670792 61.80382201 31.94378835
v 0.05870435 61.75293533 32.98516421
v 0.02813624 61.66347557 33.79805582
v 0.08805998 61.85915246 34.63183230
v 0.08992946 61.73203259 35.64138502
v 0.10310381 61.65431167 36.61513834
v 0.12098512 61.59386566 37.59427317
v 0.15699302 61.52647218 38.57759552
v 0.24329692 61.43899926 39.64051095
v 0.63233721 61.75400313 40.57442476
v 0.52252816 61.36994166 41.37301835
v 0.67583209 61.18733310 42.32789709
v 0.69532405 60.88497453 43.26312641
v 0.56449619 61.88564913 22.95352562
v 0.61942833 62.13085416 24.00304712
v 0.48157687 62.15495975 25.14169670
v 0.40784511 62.19184626 26.18722722
v 0.35272794 62.24358247 27.19602159
v 0.29944508 62.32861149 28.14862452
v 0.27644556 62.46429280 28.87076895
v 0.46037572 62.77531766 29.25779375
v 0.21477453 62.41543118 29.52742036
v 0.24259460 62.46574292 30.45627025
v 0.28488992 62.49876509 31.53080188
v 0.29169535 62.43884917 32.64843920
v 0.25363009 62.30299942 33.78167682
v 0.33323345 62.43381407 34.64303906
v 0.30978529 62.31136655 35.34522738
v 0.34674632 62.24077079 36.23834449
v 0.38110803 62.18670239 37.19236582
v 0.41703616 62.13464986 38.14454026
v 0.48147529 62.07759824 39.05520980
v 0.61693525 62.06076614 39.79510314
v 0.55853436 62.92273281 29.94928421
v 0.70715959 63.12540933 30.99228376
v 0.76633739 63.12741507 32.24491636
v 0.72697368 62.92881994 33.38949392
v 0.69495046 62.80663997 34.38326066
v 1.06492538 0.41239495 27.62336547
v 1.73129105 0.15331162 27.35642965
v 1.21973842 0.41155980 26.84348606
v 0.94813548 0.39069176 28.61197503
v 1.58329582 0.11338952 28.35253697
v 0.88450401 0.37262697 29.61243450
v 1.49814151 0.08429006 29.34293275
v 0.85404209 0.36311223 30.60922429
v 1.44983649 0.06480930 30.33560920
v 0.83945867 0.36097218 31.60130514
v 1.42155818 0.05596803 31.32203676
v 0.83361031 0.36569362 32.58932308
v 1.40076473 0.05680946 32.29549222
v 0.83862097 0.37848040 33.57480981
v 1.39160785 0.07054234 33.25847334
v 0.86332466 0.39854343 34.55137406
v 1.39578190 0.09977084 34.21536166
v 0.93235270 0.41718058 35.48714513
v 1.40424705 0.14116948 35.13429638
v 1.08696765 0.40546805 36.21267213
v 1.42409231 0.19416776 35.93332874
v 1.44640862 0.28142750 36.52871239
v 0.84957477 1.69155534 22.43586146
v 1.64959880 1.28527733 22.48483592
v 1.28676536 1.60342173 21.78572793
v 0.77664309 1.43910379 23.53935867
v 1.43597200 1.15177082 23.34778589
v 0.64457781 1.31033701 24.42705875
v 1.24544927 0.99608805 24.28872628
v 0.50871236 1.26674520 25.08756799
v 0.96394932 0.93359371 25.11576980
v 1.20514221 0.60399219 26.02976820
v 1.21510616 0.56197972 37.00186626
v 1.20941420 0.81335417 38.03120939
v 0.71125053 1.31800511 39.55658568
v 1.11276668 1.02243227 39.03041331
v 0.84515865 1.39711793 40.29240283
v 1.21570205 1.13072020 39.94694996
v 1.01830476 1.42465950 40.75163116
v 1.22462097 1.25455125 40.54042617
v 1.43472361 1.43960107 41.15981127
v 0.85812876 2.46534024 20.33929829
v 1.62533200 2.06606471 20.36207418
v 1.30526495 2.42798949 19.73178833
v 0.81745279 2.05707455 21.36761329
v 1.39880679 1.83452562 21.07978546
v 0.74707992 2.22775750 42.54788355
v 1.20874021 1.83292796 42.04261580
v 0.85731417 2.36650566 43.28116624
v 1.25059082 2.05987118 42.95346795
v 1.01685389 2.41998089 43.72381525
v 1.22950748 2.23352927 43.52334511
v 1.41931950 2.45159833 44.09321499
v 1.03273958 3.13199083 18.49100175
v 1.72327111 2.90562548 18.28326075
v 1.23581250 3.28132883 17.79370821
v 0.88023421 2.86388794 19.34835235
v 1.46113051 2.65469980 19.07109625
v 0.81637870 3.25973344 45.35741208
v 1.18603888 2.88754395 44.87914927
v 0.98913846 3.33807442 45.75804010
v 1.19858356 3.13435821 45.53978200
v 1.41009739 3.38998484 46.11292697
v 0.74525670 4.76529639 15.29937053
v 1.55304371 4.27610849 15.45554138
v 1.30637363 4.75007824 14.76489333
v 0.56855776 4.46522954 16.07027298
v 1.08546382 4.10923603 16.13144039
v 1.27666400 3.60721025 17.03407831
v 0.50246791 3.83706073 27.11843961
v 0.59458030 3.85662034 27.88182124
v 0.64388308 3.82929471 28.84297058
v 0.66478931 3.80787826 29.83619028
v 0.67159241 3.79906255 30.83849635
v 0.67427326 3.80251302 31.84316177
v 0.67466409 3.81712330 32.84785607
v 0.66528690 3.84103307 33.84664614
v 0.63302356 3.87449916 34.82015838
v 0.56599610 3.90830154 35.71148166
v 0.82305051 4.24849611 47.34253661
v 1.18292995 3.85903544 46.88094089
v 1.00105190 4.33939093 47.73433465
v 1.20319615 4.13014344 47.52510170
v 1.41894764 4.39926588 48.07566253
v 0.80885056 5.44131529 14.22591391
v 1.57902577 5.03195949 14.19206228
v 1.29899840 5.54155129 13.63333193
v 0.67388500 4.96079621 23.33825910
v 0.78533699 4.92406292 23.90506251
v 0.92025729 4.89520787 24.56588807
v 0.92559598 4.72079144 25.21194911
v 1.04372333 4.65383436 26.23475801
v 0.94585014 4.37110920 27.33391724
v 1.02556155 4.34393654 28.45135730
v 1.05432041 4.31794782 29.46573165
v 1.06125690 4.30270327 30.47629787
v 1.06343959 4.30161378 31.48653208
v 1.07073615 4.32274495 32.49824759
v 1.07702479 4.35646614 33.51307115
v 1.06227055 4.38431884 34.51834634
v 1.00077223 4.39714045 35.49940483
v 0.85708119 4.36957175 36.49235831
v 0.85623211 4.49449945 37.22510316
v 0.82469502 4.62523893 38.01124267
v 0.82409495 4.86977856 38.89748140
v 1.13465261 5.12197039 38.58816904
v 0.64089929 4.87696855 39.58879927
v 0.89629388 5.16346514 49.02057273
v 1.20584018 4.87916812 48.76697678
v 1.15722987 5.25194340 49.37757932
v 0.80328236 6.26515876 13.16155677
v 1.53638621 5.87216157 13.08629974
v 1.25556538 6.39157747 12.54476058
v 0.56237550 5.77034482 21.00812503
v 0.69961386 5.71625345 21.61961616
v 0.84955610 5.59348103 22.38003752
v 1.06065015 5.48955185 23.39423908
v 1.19644802 5.33537723 24.38845065
v 1.13326939 5.37110579 39.40158291
v 0.81381110 5.29458412 40.28086717
v 0.91851046 5.70244013 41.19299002
v 0.86427995 5.95374353 42.02641858
v 1.19027138 6.18134061 41.67323134
v 0.62501369 6.03179894 42.86561260
v 0.75512707 6.14901289 50.31555060
v 1.04482686 5.69741000 49.93346114
v 0.93857138 6.26587511 50.67168335
v 1.12751828 6.01399738 50.48003078
v 1.34401753 6.32640207 50.95755547
v 1.09971635 7.42335622 11.30341720
v 1.75305849 7.10828978 11.33614030
v 1.44760260 7.62925948 10.78609377
v 0.79265040 7.04630503 12.13799402
v 1.45268847 6.75834202 11.94112713
v 0.69584599 6.99512452 18.35427828
v 0.82049246 6.91510154 18.90694230
v 0.98790975 6.85751465 19.56405815
v 1.05552748 6.67000718 20.30916332
v 0.98634440 6.25912638 21.22327213
v 1.06783321 6.05612045 21.99913498
v 1.19055504 6.48792492 42.44141215
v 0.96761129 6.64653967 43.37886386
v 0.86441936 6.89719250 44.11192391
v 1.26263045 7.18599440 43.84290705
v 0.59778558 7.00120604 44.84137417
v 0.97074015 7.15535326 51.83628625
v 1.12746584 6.84038565 51.50602435
v 1.42664603 7.22123069 52.12783975
v 0.84777889 8.37220502 10.42173167
v 1.64306226 8.00112142 10.25141885
v 1.36279552 8.56131355 9.74059004
v 0.54674698 7.87486551 11.39404240
v 0.71989427 7.86263714 17.02947307
v 0.85241494 7.73546328 17.50713095
v 1.06904994 7.53018822 18.42324774
v 1.22818615 7.30593400 19.34237949
v 1.08235794 7.38122834 44.57360569
v 0.88435054 7.59034755 45.30740521
v 0.74982387 7.80675381 45.90457955
v 1.10802427 8.10826755 45.77771571
v 0.92495431 8.08211640 52.97261520
v 1.21697770 7.78116946 52.76569786
v 1.18399633 8.18772212 53.27966695
v 0.89447202 9.35593336 9.30013749
v 1.64352790 8.94786212 9.20648663
v 1.42394562 9.51238918 8.72069575
v 0.70391262 8.77107301 15.94691235
v 0.83499158 8.60786699 16.36376285
v 1.00098412 8.30244656 17.04773125
v 0.82845744 8.20541152 46.42691845
v 0.85960222 8.72131917 47.19247549
v 0.69081360 9.10552688 48.01228415
v 1.06878037 9.25395816 47.62172454
v 0.88089694 9.02531472 53.95403555
v 1.20109692 8.65983463 53.77462673
v 1.11650425 9.17353139 54.25344594
v 1.03157786 10.21801771 8.34183618
v 1.70348007 9.91513018 8.24210162
v 1.46700691 10.44336819 7.84425735
v 0.61610743 9.66179588 14.75912595
v 0.78817603 9.50399140 15.27425459
v 0.97823731 9.19385622 15.97076016
v 0.99044983 10.67087899 18.68655428
v 1.07217331 10.64907234 18.61277286
v 1.00592134 10.70621664 18.61195055
v 0.97765239 10.76646304 18.88904680
v 1.07480959 10.65260527 18.71726015
v 1.15857291 10.71915940 18.86279520
v 1.01193083 9.68692168 48.29450867
v 0.74806688 10.02823668 49.08814612
v 1.18909955 10.27943609 48.79958056
v 0.88834522 9.98288753 54.82350093
v 0.98306573 9.64277866 54.59606508
v 1.37019905 10.03981843 55.09006788
v 1.06803970 11.00976148 7.62915041
v 1.65752274 10.91923305 7.42185565
v 1.29600203 11.49943609 7.14487935
v 0.56038894 11.13081875 8.04183006
v 0.80989053 10.92465860 13.27080404
v 0.96022277 10.89050071 13.64127558
v 1.03685407 10.59091826 14.26055897
v 0.95327474 10.05710569 14.88500095
v 0.91885859 10.88497597 18.78743384
v 1.02753012 10.85391943 18.63401870
v 1.06964064 10.95234297 19.26702102
v 1.18101709 11.34404717 19.83044295
v 0.95051368 10.59139101 49.47512093
v 0.72481589 10.95524720 50.18439049
v 1.17265051 11.17182735 49.83534879
v 0.90669887 11.06192830 55.75241544
v 1.08675241 10.70042069 55.53473883
v 1.30625643 11.20213624 56.03758385
v 0.64344608 12.09286644 7.22857486
v 1.38495591 12.17117297 6.66833334
v 0.77860345 11.87453534 12.07041058
v 0.91555271 11.70370197 12.51914723
v 1.13848799 11.41778590 13.32242170
v 1.00921737 11.11924501 18.78742137
v 1.21217624 11.64086972 19.03184714
v 1.25368466 11.91969413 20.26950118
v 0.95561973 11.56126055 50.54065439
v 0.78535619 12.04791625 51.25716732
v 1.21461728 12.15606716 50.81881712
v 0.43807095 12.03206792 51.74026902
v 0.93240196 12.33357337 56.73045031
v 1.09080052 11.80223628 56.41863806
v 1.40473256 12.16808436 56.83718028
v 0.84189831 13.19168454 6.23131665
v 1.68078851 12.81051346 6.11474371
v 1.39620813 13.46747629 5.67141491
v 0.75488525 12.97576849 11.03362903
v 0.97291876 12.85518393 11.50430285
v 1.07856381 12.32862475 12.15817982
v 1.08803955 12.29588294 19.77236259
v 0.99483298 12.88998166 20.43961125
v 1.16155256 12.89776488 20.38083785
v 1.12247311 12.86292923 20.65705847
v 1.01939205 13.60873287 21.04329900
v 1.06198003 13.61622187 21.10160451
v 1.06115890 12.53718557 51.38958130
v 1.18222103 13.07312800 51.75342767
v 0.66394183 12.71475287 52.06374780
v 0.82286584 12.71529359 56.91093749
v 1.32614374 12.78195368 57.23705429
v 0.90925654 14.26627147 5.33246072
v 1.67212521 13.92834277 5.21577267
v 1.42206838 14.48433617 4.82828164
v 0.64284027 14.24126032 9.92119571
v 0.87563314 13.96769719 10.48985645
v 0.97543024 13.43896728 11.04055683
v 1.06869911 13.41918759 20.75602390
v 1.05704953 14.09078163 21.15466087
v 1.00020981 14.04337044 21.18072359
v 1.02861860 14.01784445 21.34320011
v 1.00138181 14.37621947 21.50315027
v 1.02905728 14.49858219 21.60121311
v 0.92297422 13.49156005 52.44964566
v 0.71022160 13.98915768 53.14524217
v 1.15939858 14.13353931 52.73457471
v 0.88929622 13.99191238 57.96217636
v 1.25946012 13.58037308 57.81431098
v 1.11671086 14.19221298 58.27781607
v 1.03776577 15.08776830 4.62127505
v 1.64295699 14.95233415 4.42160613
v 1.31518285 15.52842560 4.17128401
v 0.78392566 14.66916689 9.84814773
v 0.93370354 14.55978080 10.17088995
v 0.99829556 14.87983013 21.58352978
v 1.03356269 14.76240563 21.49390621
v 0.98383180 15.15574611 21.85918046
v 1.01214866 15.07822087 21.89338851
v 0.94068024 14.62881195 53.40609113
v 0.70924991 15.13055245 54.08517735
v 1.21523855 15.36187683 53.64197808
v 0.86294269 15.03057961 58.77021421
v 0.96531688 14.68465806 58.58021752
v 1.32296520 15.14342589 59.04390041
v 0.74576468 16.14154744 4.25064579
v 1.43087834 16.14332068 3.80715278
v 0.77138614 15.80160297 8.95944149
v 0.88775219 15.54684916 9.33972941
v 1.05392973 15.11614442 9.93954708
v 1.00588157 15.36311906 21.79606175
v 1.00651030 16.02712184 22.13300737
v 0.97950497 15.92443173 22.14976657
v 0.99907144 15.70081218 22.21673527
v 0.98273783 16.18171663 22.41547843
v 1.00871829 16.30745682 22.51494087
v 0.89180657 15.79403576 54.34490342
v 0.67248362 16.23282867 54.89725774
v 1.07887591 16.50092151 54.58339801
v 0.84934317 16.44174583 59.60653983
v 1.04520329 15.84410453 59.37905404
v 1.32033125 16.28528154 59.74310991
v 1.02636920 16.91728989 3.64533876
v 1.65576536 16.80048015 3.41434390
v 1.30371322 17.41300845 3.26275691
v 0.76469884 16.97563895 8.04102508
v 0.98015909 16.83208777 8.50017932
v 1.07428512 16.24171659 9.10090704
v 0.98320132 16.81866877 22.53753558
v 1.00991358 16.69344892 22.45049267
v 0.97581353 17.07208241 22.78732016
v 1.00062339 16.96590454 22.81655548
v 0.67768566 16.89897976 55.29224857
v 1.07901228 17.14135320 54.96923842
v 0.67947199 16.94349636 59.71854917
v 1.23455163 16.97197569 60.00113713
v 0.81162092 17.87006593 3.41540115
v 1.32280589 18.15162959 3.00582237
v 0.66618805 18.40945285 6.99384598
v 0.92348248 18.04457444 7.59315390
v 0.99521977 17.44412850 8.08603230
v 0.99719704 17.31184500 22.74422155
v 1.00394819 17.97644340 23.06911879
v 0.97842718 17.86417159 23.06387563
v 0.99368397 17.62498364 23.12153671
v 0.98171895 18.11553176 23.29327425
v 1.00419047 18.22295319 23.38175884
v 0.85894450 17.59689016 55.47598319
v 0.66150099 18.10209423 55.97406759
v 1.03777538 18.26023194 55.63234681
v 1.29877341 17.87025686 60.41059430
v 0.69135037 19.07473857 3.08316343
v 1.45720540 18.99286227 2.65662528
v 0.83656550 19.09458071 6.91044414
v 1.08461924 18.91151283 7.36982045
v 0.98808285 18.78100789 23.45468788
v 1.00964911 18.64402731 23.38043718
v 0.98079253 18.92404157 23.59462249
v 0.99837676 18.95206529 23.66088266
v 0.69826224 18.79694031 56.29837103
v 1.19165921 18.96915565 55.84078018
v 1.16955900 18.53007372 60.65336714
v 0.97177045 19.10634709 60.73921959
v 1.50907742 18.91060553 60.92133393
v 1.01514811 19.91210415 2.49647507
v 1.70091912 19.72158596 2.28717143
v 1.33565669 20.41663256 2.10156705
v 0.88841127 19.80615011 6.67466434
v 1.13528090 19.50764512 7.14827378
v 1.00018342 19.28956937 23.67825752
v 1.00215371 19.95136150 23.99819998
v 0.98755415 19.92601409 24.01168084
v 0.99438804 19.85562801 24.02745290
v 0.90460288 19.53835995 56.44929656
v 0.68373339 20.08010051 56.96597187
v 1.07002944 20.24260793 56.61682728
v 0.82909376 19.61099629 60.82716210
v 1.36835888 19.79467202 61.15309180
v 0.74279574 21.08182674 2.21686677
v 1.44623343 21.08725315 1.78887361
v 0.62972018 21.10401721 5.83717033
v 0.77475086 20.56032684 6.24519793
v 0.99180749 20.82574022 24.40788481
v 1.00316475 20.62614952 24.31079813
v 0.99329376 20.60177571 24.35955634
v 0.98976764 21.10652630 24.57479779
v 0.99916656 21.29509701 24.67773416
v 0.71192663 20.79514481 57.28838976
v 1.21072616 20.96725755 56.81870560
v 0.90919331 21.33480582 61.66103166
v 1.07753249 20.67445787 61.43257837
v 1.38009125 21.18152677 61.79538019
v 1.03439333 21.86553447 1.68172293
v 1.65709341 21.77143197 1.44415157
v 1.29914028 22.36182697 1.34831497
v 0.80637301 21.60225995 5.87493113
v 1.01717483 21.35670370 6.26419588
v 0.99792900 21.31229241 24.62442281
v 1.00011167 21.98395414 24.93671216
v 0.99170779 21.98233658 24.95536819
v 0.99803584 21.97580674 24.98145869
v 0.91732424 21.55715409 57.42184298
v 0.69294340 22.12235144 57.93526733
v 1.09441597 22.30352882 57.55160831
v 0.79487074 21.76553510 61.76889831
v 1.30157342 21.93149658 62.06189084
v 0.82986391 22.75359981 1.54479454
v 1.28628130 23.06515328 1.19564869
v 0.59685706 23.27579903 4.95449091
v 0.83313055 22.76430796 5.45767322
v 1.08934565 22.16621944 6.02996605
v 0.99384553 22.84016442 25.32294222
v 1.00206325 22.65620449 25.23635267
v 0.99691387 22.64952964 25.28346710
v 0.99356122 23.13497835 25.48004316
v 1.00118678 23.32384336 25.57418143
v 0.71933196 22.88915299 58.23583689
v 1.27755076 23.17233066 57.68945638
v 0.92735006 23.44131933 62.47861390
v 1.05615048 22.75389423 62.32021743
v 1.36396109 23.21205647 62.63229078
v 0.75843675 23.67303511 1.39925103
v 1.26397394 23.97038267 1.05454622
v 0.76675722 24.17610662 4.89862602
v 1.06167003 23.69990359 5.44617480
v 0.99818914 23.33011178 25.53087891
v 0.99836332 24.07439441 25.85961175
v 0.99421723 23.94182047 25.81685525
v 1.00098762 24.07915575 25.88796320
v 0.89170141 23.72857475 58.34822539
v 0.64658619 24.28482718 58.82106039
v 1.03894693 24.55050664 58.40404351
v 0.86992909 24.19708142 62.55197107
v 1.37991322 23.83379787 62.76463975
v 0.68969275 24.58789240 1.28654452
v 1.17008817 25.10827311 0.92684612
v 0.92849026 24.97778785 4.88336408
v 1.27663031 24.71153669 5.42253550
v 0.99170565 25.13679139 26.35825455
v 0.99753952 24.98267961 26.24567114
v 1.00202502 25.01861301 26.31256813
v 0.63588634 25.00850802 59.00323244
v 0.95453033 25.32823355 58.65159675
v 0.84252128 25.07414352 62.59696457
v 1.39430158 24.64673205 62.85123883
v 1.23006301 26.22102912 0.61416492
v 0.91626249 25.78635042 4.66984041
v 1.22907697 25.44410399 5.15184511
v 0.98703219 25.90642061 26.68214499
v 0.99922261 25.72410317 26.55382795
v 1.00031375 25.77339276 26.69785333
v 0.99027739 26.31009642 26.98011346
v 1.00857444 26.37656752 27.03475773
v 0.64336970 25.84761233 59.12144850
v 1.05429218 26.05754135 58.61588561
v 0.82327309 26.02021976 62.63457450
v 1.39590614 25.55884818 62.90829526
v 1.08082930 27.00056706 0.43238943
v 1.45523107 26.66325225 0.30912760
v 1.38714244 27.25802565 0.21023046
v 0.49680082 27.18467007 3.86769179
v 0.72858349 26.61644696 4.27657758
v 0.99363379 26.36480563 26.86213396
v 1.00295038 27.01122967 27.19956743
v 0.98582796 26.95038667 27.25795775
v 1.00713617 26.84106131 27.31866962
v 0.99860775 27.25482055 27.55446584
v 1.02345747 27.38150161 27.64411061
v 0.69183834 26.74315167 59.15026093
v 1.12504946 26.97692008 58.59417750
v 0.79503524 26.99341282 62.68061133
v 1.37984780 26.51602858 62.95876982
v 0.91013162 27.74263806 0.43266699
v 1.33529450 28.02114954 0.15457854
v 0.59480323 28.05939240 3.85944587
v 0.92677644 27.55467431 4.36825994
v 0.99616960 27.74740987 27.66283126
v 1.01575896 27.62259607 27.52974481
v 1.00448547 28.06487671 28.04731867
v 1.03490496 28.01862802 28.06927515
v 0.75917941 27.69167160 59.14314934
v 1.19835445 27.93040939 58.54599616
v 0.73716827 27.95347832 62.74444294
v 1.34662863 27.51265682 63.02238559
v 0.83886206 28.66855011 0.40741204
v 1.35406393 28.89920692 0.11770120
v 0.65030464 29.01249617 3.83332980
v 1.02611272 28.53118289 4.35953801
v 1.01451921 28.13812592 27.85674018
v 1.03588718 28.55716327 28.16345451
v 1.01755636 28.63459126 28.31332099
v 1.05225170 28.66539715 28.57085683
v 1.05932869 29.15108980 28.95663671
v 1.11775533 29.20942034 29.05749906
v 0.86453676 28.65004309 59.10563447
v 1.32214593 28.96345458 58.44184655
v 0.62424193 28.70176684 62.78367093
v 1.24239685 28.64196033 63.12415655
v 0.82391997 29.63452904 0.38632474
v 1.37597166 29.85626182 0.08939745
v 0.67239873 29.99048141 3.81436348
v 1.06496230 29.49888194 4.33419951
v 1.05366482 29.04512161 28.56203338
v 1.11780344 29.47868159 28.90079927
v 1.08608785 29.61135679 29.11869066
v 1.17389972 29.70766102 29.61188518
v 1.14374427 30.09097056 29.88809669
v 1.26836221 30.45987851 30.60580834
v 1.23428704 30.11018118 30.17570569
v 1.37819438 30.24383267 30.49572499
v 1.00067630 29.43995459 59.05979119
v 0.92899977 30.19007310 59.33283300
v 1.31787204 29.76589332 63.41648459
v 0.82538957 30.61895479 0.37245140
v 1.38700179 30.83064673 0.06877737
v 0.67712731 30.98125611 3.80608208
v 1.07416103 30.47157411 4.32177303
v 1.19641310 30.07257162 29.32214108
v 1.43504650 30.77650150 29.55518053
v 1.22830778 30.64602525 29.89850225
v 1.24762727 30.85029499 30.59984871
v 1.48167041 30.48868182 30.96391761
v 1.38380637 30.89628993 31.13953020
v 1.58290218 30.79573622 31.45260439
v 0.45610944 31.15250964 60.09537774
v 0.84455451 31.12686851 59.59872340
v 1.20376107 30.52534341 63.57591616
v 1.06364152 31.19837027 63.55583113
v 1.54408860 30.88465886 63.78218310
v 0.83183725 31.60765970 0.36528912
v 1.40429482 31.80284747 0.05944700
v 0.67544835 31.98281249 3.80677164
v 1.07257469 31.46586851 4.31676158
v 1.42783202 31.46957378 30.06685657
v 1.68626359 31.99988083 29.65307220
v 1.36816448 31.47931694 30.61515338
v 1.41273395 31.40451314 31.19799718
v 1.57780510 31.25882274 31.65208756
v 0.51104187 31.82019886 60.07300401
v 0.88152958 32.09420015 59.60457704
v 1.05582521 32.09492469 63.55459791
v 1.54336305 31.64964195 63.81346225
v 0.84599926 32.59755527 0.36489480
v 1.43558394 32.78076861 0.06088863
v 0.66879420 32.99216701 3.81814192
v 1.07171818 32.48103891 4.32513403
v 1.61552675 32.33096807 30.54493559
v 1.57276253 32.04156580 31.25420563
v 1.61478568 31.76469631 31.69081077
v 0.49969626 32.65705141 60.06923718
v 0.82233391 33.12305214 59.57502816
v 1.15224027 32.86387693 63.56881921
v 1.62433382 32.53859019 63.81071541
v 0.87563301 33.58960868 0.37135794
v 1.48603028 33.76303592 0.07234578
v 0.64797762 34.00025670 3.84004705
v 1.06818492 33.51547031 4.35060387
v 0.94072696 34.11961651 59.17146437
v 1.14751630 33.63160212 63.38492305
v 1.50225332 33.22917125 63.69732119
v 0.93617263 34.58034550 0.38480471
v 1.57591994 34.73741180 0.09753539
v 0.59772325 34.97091080 3.86359186
v 1.04013407 34.56722770 4.37572858
v 0.89816017 35.01634001 59.05275199
v 1.24401878 34.59160468 58.51294198
v 1.09793300 35.36039166 58.69347491
v 0.61034563 35.13174593 62.75639939
v 0.92767250 34.50174542 63.07426309
v 1.04607687 35.55097624 0.40247246
v 1.72905540 35.72143040 0.14179326
v 0.50745519 35.70610735 3.84713985
v 0.94816489 35.68196768 4.37017362
v 0.76391464 35.80899760 59.15474592
v 1.10748837 36.10699030 58.62855830
v 0.73913847 36.00705138 62.71298502
v 1.21183112 35.41522811 63.06306462
v 1.18758366 36.32192417 0.40700618
v 1.13665552 37.24222869 0.62083047
v 1.00365102 36.73591854 4.55925182
v 0.70390624 36.77095591 59.13052350
v 1.09767749 37.06429999 58.57091331
v 0.82422027 36.96928613 62.65844450
v 1.35062164 36.41604553 62.98989506
v 1.16299194 38.00606099 0.75114211
v 1.02792890 37.71424723 4.75288773
v 0.65962323 37.81024290 59.04327140
v 1.09261287 38.05981888 58.44191111
v 0.89690219 37.94359936 62.60939504
v 1.42687489 37.40470359 62.92576090
v 0.61242292 38.94352612 1.26702773
v 1.16877696 38.73423076 0.93853539
v 0.94809784 38.45422286 4.85553773
v 0.76076401 39.09114858 4.84608509
v 1.18611387 38.84096570 5.24410938
v 0.57852062 39.03257714 58.88472620
v 1.14625983 38.94188473 58.19349518
v 1.00107679 38.86658661 62.56468600
v 1.48119306 38.34834774 62.85964259
v 0.74749803 39.60675688 1.35373673
v 1.39441106 39.68295751 1.09759593
v 0.59404063 39.74418885 4.86229564
v 1.03118104 39.73722355 5.36323817
v 0.82190185 39.79060414 58.32624682
v 1.28274781 39.60172657 57.81611149
v 1.01513534 40.30078862 57.88817630
v 1.14705558 39.44400272 62.55181523
v 1.52665791 39.17806014 62.76278457
v 0.83823448 40.53545498 1.55862910
v 1.58268982 40.55512267 1.25627021
v 1.06216333 40.72737669 5.70000160
v 0.61580579 40.66951853 58.27637174
v 0.89964579 41.19537481 57.70949404
v 0.81795641 41.23903659 61.76710637
v 1.12517845 40.64868073 62.14200244
v 1.50514523 39.95601727 62.52431297
v 1.09880592 41.33466785 1.64361406
v 0.78342503 42.00217720 2.02278359
v 1.29443722 42.05618079 1.77620516
v 0.98978104 41.44067263 5.85954424
v 0.82436654 42.04371309 5.89831842
v 1.22545359 41.80129955 6.27041220
v 0.94721170 42.22915169 57.27989521
v 1.03681178 41.93683070 61.69521342
v 1.47662499 41.56749625 62.01345563
v 0.82817876 42.70026423 2.23206129
v 1.43761672 42.81784034 1.99920035
v 0.70233813 42.56178976 5.95731590
v 1.07674084 42.69262211 6.45902133
v 0.87906288 43.07341326 57.02620970
v 1.19910962 42.57412550 56.80255673
v 1.18456328 43.22888626 56.53777444
v 1.08945051 42.66976886 61.42751228
v 1.44978928 42.28510971 61.78521334
v 0.87163677 43.57106067 2.52026865
v 1.60066003 43.59121340 2.22914122
v 0.75854819 44.24900434 6.82988614
v 0.88007244 43.58311141 6.62989112
v 1.09118629 44.03025868 7.09520199
v 0.66252181 44.09390026 56.86767435
v 1.18700385 44.01644253 56.18640765
v 0.74010687 44.02453085 60.69630809
v 0.92968053 43.45298392 61.04350130
v 1.12321848 44.32038959 2.66599587
v 0.81042531 44.95196009 3.08862893
v 1.33741835 44.99469345 2.85801906
v 0.66680297 44.68225408 6.95178780
v 1.01688551 44.74363271 7.40023540
v 0.83883235 44.91093603 56.19552785
v 1.29950413 44.63238110 55.72348822
v 1.04730839 45.35396148 55.65452291
v 0.97364982 44.47748943 60.65983035
v 1.25971735 44.16814812 60.93309179
v 0.84757884 45.66277264 3.40496107
v 1.55577242 45.67012908 3.11444196
v 0.73423261 45.95003644 7.84122287
v 0.84671119 45.52698525 7.68488952
v 1.01066977 46.04103991 8.21513777
v 0.56980841 46.08815943 55.89839654
v 1.07382812 45.99952386 55.21909213
v 0.78980568 46.07079771 59.76480041
v 1.04330363 45.54412062 60.16317325
v 1.39406818 44.90842835 60.60899485
v 1.11657969 46.35950706 3.60113529
v 0.81992311 46.95762484 4.05823186
v 1.35689359 47.00433025 3.83033122
v 0.76556045 47.29754585 8.78746822
v 0.87890742 46.71190263 8.52356337
v 1.09134039 47.06066547 8.99908226
v 0.72273695 47.08553425 55.00626388
v 1.21604138 46.45433657 54.71776827
v 1.23031856 47.06098896 54.27018617
v 1.00411797 46.52441243 59.69466211
v 1.31158271 46.25550192 59.97267454
v 0.88093349 47.64095497 4.40709945
v 1.61022696 47.65903713 4.11511321
v 0.67176860 47.70402379 8.93763176
v 1.01946183 47.74052542 9.36868743
v 1.74921445 48.00136488 21.13201315
v 1.76708485 47.80069252 21.11646885
v 1.80429940 47.99972397 20.92019992
v 1.82929452 47.93386438 21.40294173
v 0.88061290 48.02406220 54.08631354
v 1.36366804 47.58339968 53.69389830
v 1.20269541 48.20920658 53.46039961
v 0.80010053 48.05508158 58.74877094
v 1.04987932 47.55093791 59.16308614
v 1.41149747 46.94809581 59.62268061
v 1.20591640 48.34065608 4.65277272
v 0.86960319 48.97848976 5.23198770
v 1.61114127 49.02862332 4.91925721
v 0.72879079 48.93344248 9.89446892
v 0.84388781 48.51419376 9.70667674
v 1.00133015 48.99668354 10.27160748
v 1.81149554 48.25572909 21.14957670
v 0.90162342 48.86920791 53.38943873
v 1.31617765 48.63572216 52.93365419
v 1.05413745 49.32084862 52.79869900
v 0.48762601 49.04969474 53.92417355
v 1.01577989 48.48450098 58.66197357
v 1.31228037 48.23297449 58.94888959
v 1.12007064 49.61803278 5.48868914
v 0.82937699 50.11347328 5.99169821
v 1.43443942 50.26754945 5.78898266
v 0.74585481 49.99577334 10.83810155
v 0.86006934 49.61801171 10.63728540
v 1.02267820 50.04137332 11.21357779
v 0.53761782 50.00651257 53.07879064
v 1.05649619 49.95458726 52.28884146
v 0.90686878 49.67240856 57.75572047
v 1.10087490 49.37508777 58.07363119
v 1.42003315 48.86289972 58.56805044
v 0.86144964 50.74730665 6.40838151
v 1.46890014 50.89120341 6.22188928
v 0.71784637 51.37843303 12.06900597
v 0.88275073 50.71110222 11.65378413
v 1.14785096 51.01371185 12.27718563
v 0.67672278 51.02243971 51.98304638
v 1.18776710 50.40016186 51.71683696
v 1.18165266 50.99490658 51.17492205
v 0.86497434 50.77087422 56.82491259
v 1.06356724 50.50355494 57.15757726
v 1.33112633 49.99675689 57.68827030
v 1.14410440 51.36593409 6.71044529
v 0.84946406 51.89016657 7.28540282
v 1.48126390 51.90393776 7.00469385
v 0.48217113 51.90732153 12.23282161
v 1.00849766 51.51726189 12.59425462
v 0.74219780 51.86069036 12.58056659
v 1.04694088 51.97964201 13.11660119
v 0.72241188 52.04814292 50.89349976
v 1.34335573 51.48428377 50.39193377
v 1.06944556 52.18624329 50.10002471
v 0.69567922 52.24376720 55.57896172
v 0.98800263 51.72437105 56.17200712
v 1.28212986 51.14875959 56.74715253
v 1.14092071 52.44940317 7.59510842
v 0.81960429 52.95012560 8.21386746
v 1.51300450 53.06502746 7.97103216
v 0.77209301 52.99440930 13.87316665
v 0.87407856 52.62010962 13.58072081
v 1.05492448 52.93111416 14.21089883
v 0.89898290 53.30595101 48.99254434
v 1.26850340 52.93168210 48.74129700
v 1.12027238 53.43008578 48.39610431
v 0.69465833 52.93485162 49.89542121
v 1.21789256 52.52078886 49.37867315
v 0.62276472 52.85952821 55.03394398
v 1.06763532 52.93446660 55.42783128
v 1.32170394 52.44328748 55.89856579
v 0.99882183 53.50311973 8.56329542
v 0.76533292 53.88543584 9.09287660
v 1.09429969 53.88520117 8.82992767
v 0.76668257 53.93899221 15.03253574
v 0.96895792 53.52252671 14.82126568
v 0.97327928 53.96429796 15.41610334
v 0.69175183 54.24562077 48.20053966
v 1.26200793 53.66828819 47.79435018
v 1.09088637 54.27146032 47.33902887
v 0.47267158 53.81244756 49.24850143
v 0.97419327 53.35980679 54.98484957
v 1.36160861 53.40759740 55.23942614
v 1.62850110 53.05693429 55.61538533
v 1.23863471 54.31047815 9.23090455
v 0.89901558 54.82873213 10.01518781
v 1.41102553 54.86240406 9.70894321
v 0.65007457 55.02349854 16.37139525
v 0.87684460 54.48999319 15.99446047
v 0.78763997 55.10022323 16.77022000
v 0.93247839 54.80427230 16.58590641
v 1.04894487 55.01116688 17.13836373
v 0.69983161 55.10406841 47.00983374
v 1.30363552 54.51728869 46.53672951
v 1.03418068 55.15491029 46.20234802
v 0.57518761 55.10991837 52.68529591
v 0.89241328 54.91194894 53.32115263
v 1.09916682 54.39130518 54.02742926
v 1.38463990 53.88294021 54.73219897
v 1.30957102 55.33725564 10.36458071
v 0.93910904 55.79102487 11.16530325
v 1.59880276 55.87654916 10.91431746
v 0.68382795 56.08843600 18.33657883
v 0.92385685 55.56058369 17.86490298
v 0.82005496 56.13494665 18.73886891
v 0.97520960 55.83887332 18.52135368
v 1.08368904 56.02495187 19.09907797
v 0.70179941 56.31810467 45.07332717
v 1.16649923 55.83078083 44.76081430
v 1.02935075 56.22793069 44.36998786
v 0.68439917 55.76785153 46.04614755
v 1.14808740 55.45996476 45.44690242
v 0.75314949 55.57366671 52.29013267
v 1.03292596 55.49688238 52.77060864
v 1.32997583 55.36483916 53.20790132
v 1.50008320 55.00138030 53.68218679
v 1.24763256 56.28695069 11.59209782
v 1.02561742 56.65494975 12.18244329
v 1.58518962 56.74677638 12.00468220
v 0.68738475 56.89914236 12.83934959
v 0.69493011 57.08409351 20.33613160
v 0.94158121 56.56414475 19.85351217
v 0.83218242 57.11893613 20.73797547
v 0.98842427 56.82639318 20.51509489
v 1.10288672 56.98630720 21.09133133
v 0.86060753 56.98672206 43.26350482
v 1.35016514 56.52615254 42.75721678
v 1.02002516 57.08658125 42.50896660
v 0.73428109 56.75215110 44.14704845
v 1.16457617 56.38092483 43.67105676
v 0.87021597 56.71318254 50.90517345
v 1.05413618 56.48470729 51.32253432
v 1.35842694 56.04057172 52.13021044
v 1.50858941 55.69530023 52.83953872
v 1.22678658 57.03575392 12.53902559
v 1.14073795 57.47491032 13.20111567
v 0.85804117 57.89427788 13.98326485
v 1.37040205 57.95477426 13.66115620
v 0.71588131 58.03535653 22.41839951
v 0.98018500 57.48553295 21.87584558
v 0.83552961 58.08352284 22.88029746
v 1.08712399 57.70542241 22.70717255
v 1.03080134 58.02469065 23.31793473
v 0.59011698 58.49099516 40.15538970
v 1.14374440 57.82820603 39.98820041
v 0.95698255 58.26526655 39.44753982
v 0.47190086 58.33653657 40.97534443
v 0.86336143 57.86117624 40.85685191
v 1.03165154 57.35954152 41.70150000
v 0.86754416 57.65597280 49.80935029
v 1.03990399 57.45372131 50.16777690
v 1.29097053 57.05642782 50.76843651
v 1.29694868 58.38381528 14.32961389
v 0.95977418 58.76786803 15.14646961
v 1.60431324 58.89447938 14.88369416
v 0.57469980 58.99191784 24.57639732
v 0.89817054 58.43194401 24.03399019
v 0.64103758 59.08857031 25.45791731
v 1.00901889 58.53982111 24.99073527
v 0.69190758 59.15224777 26.41165441
v 1.08433833 58.60004377 25.91446916
v 0.74120633 59.19192288 27.38841665
v 1.13462669 58.64171598 26.86899874
v 0.81258762 59.21493055 28.34061339
v 1.17444707 58.68720709 27.82532864
v 0.92821378 59.18326370 29.07681120
v 1.20945322 58.76101474 28.71461144
v 1.19889455 58.89765478 29.37535740
v 0.87895774 59.20525006 35.38926924
v 1.33267391 58.70654365 34.89854573
v 0.99976924 59.18677033 34.58895300
v 0.78212738 59.17004346 36.37341589
v 1.23080787 58.67793685 35.89081335
v 0.71958747 59.09472868 37.34711666
v 1.16363657 58.60990656 36.84965575
v 0.67187236 58.97181666 38.29104777
v 1.10935351 58.51023711 37.79731287
v 0.62566634 58.78456398 39.19194628
v 1.04173720 58.38666594 38.69770416
v 0.75411067 58.76359603 48.09002783
v 0.88520442 58.63088434 48.49197150
v 1.06313128 58.34499691 49.05124964
v 1.27709552 57.97450396 49.67577962
v 1.30428446 59.23504162 15.58923587
v 1.14059129 59.54023325 16.22482015
v 1.70258584 59.64660900 16.02635820
v 0.83622341 59.65971846 16.86969781
v 0.59864821 59.88183865 17.80495844
v 0.94001401 59.30848838 29.84861451
v 0.49131401 60.05707452 31.50894951
v 0.82626789 59.57594568 30.89426039
v 0.47202476 60.09664904 32.32786518
v 0.85363573 59.59187407 31.96111024
v 0.40646760 60.14986607 33.00436024
v 0.74038727 59.70239443 32.89769458
v 0.96037780 59.35175759 33.75240222
v 0.77073978 59.76029654 46.12308062
v 0.88690367 59.65008794 46.59409221
v 1.00072009 59.40690584 47.25497031
v 1.23424537 59.11380841 47.98611801
v 1.38936574 58.78744506 48.64118429
v 1.41684299 59.91777062 16.71888435
v 1.11836180 60.08192755 17.37464862
v 1.14492985 60.41993767 18.16452910
v 1.03639802 60.70799332 18.97860046
v 1.47908009 60.79950498 18.65809268
v 0.74242712 60.84758295 19.81067165
v 0.65620786 60.66595674 43.89737562
v 0.82330726 60.56948113 44.47178620
v 1.01220349 60.36637493 45.15746780
v 1.28611771 60.09577857 46.01454882
v 1.42421356 59.81790705 46.87024446
v 1.50097823 61.08004554 19.42071935
v 1.20165927 61.34821246 20.35916303
v 1.06004893 61.60835274 21.07821049
v 1.63459258 61.72756192 20.88915462
v 0.75998756 61.67445292 21.66358503
v 0.81948191 61.77710875 41.21141865
v 0.96325679 61.70590343 41.74817159
v 1.16252547 61.63023325 42.36571439
v 1.29179956 61.38789937 43.03197302
v 1.22526379 60.97996752 43.94908045
v 1.31208477 60.73970260 44.69562847
v 1.33904542 61.94337219 21.63077037
v 0.96799800 62.03219747 22.34291565
v 1.14361847 62.37883937 23.20599448
v 1.14884317 62.59115419 24.01287479
v 1.53074722 62.70936461 23.67651259
v 1.00826373 62.60062060 24.80348313
v 0.89851185 62.63221476 25.80664941
v 0.81579960 62.67314843 26.81169677
v 0.72220920 62.72868770 27.77761024
v 0.59642229 62.78555466 28.62963224
v 0.60795869 62.69627180 35.08980091
v 0.72478646 62.69210801 35.84400096
v 0.79171946 62.64982488 36.78966483
v 0.82963822 62.60162909 37.74080557
v 0.86267223 62.54138724 38.64337401
v 0.92302687 62.45943585 39.44188980
v 1.06444364 62.31206799 40.17848799
v 1.35172978 62.09650007 41.09418130
v 1.50207895 61.89814622 42.01737005
v 1.66594739 62.85680210 24.44131537
v 1.52626651 62.91340485 25.45906258
v 1.42965664 62.96119782 26.45926528
v 1.32717972 63.01909318 27.45697067
v 1.16358053 63.09004728 28.42538572
v 0.89601805 63.10569821 29.27927959
v 1.14654500 63.40312348 30.15156552
v 1.20268738 63.57261047 30.93220825
v 1.54020727 63.70031074 30.59686980
v 1.15651770 63.55305293 31.64839590
v 1.25503042 63.57423681 32.34914996
v 1.35226257 63.42537502 33.09830355
v 1.32709052 63.18839598 34.14623019
v 1.21216271 63.00849106 35.24442935
v 1.32612612 62.96252053 36.35428040
v 1.37502351 62.91104289 37.33847527
v 1.38719366 62.84907789 38.26866544
v 1.37889131 62.75958060 39.10254586
v 1.36937319 62.62964226 39.74401101
v 1.68342825 63.79657277 31.27337656
v 1.61425529 63.77593682 32.05547631
v 1.61260523 0.28440523 26.56054764
v 2.18889814 0.18355536 26.69698568
v 1.81580255 0.35905411 26.06355480
v 2.35495968 0.07219854 27.46146921
v 2.26296335 0.02953475 28.20879344
v 2.19432451 -0.01087062 29.17685440
v 2.12934885 -0.04920793 30.16867036
v 2.08680261 -0.07173073 31.15276453
v 2.04790008 -0.08088611 32.11831068
v 2.00583987 -0.07702486 33.04079939
v 2.00868933 -0.04159298 33.96056557
v 2.00972394 0.01742188 34.89864234
v 1.95604731 0.08584562 35.76286211
v 1.75675057 0.33780149 37.00806550
v 1.88446800 0.18697592 36.48094502
v 2.31830449 0.35856134 37.14918586
v 2.36334374 1.19036736 22.50481443
v 1.88075935 1.43944869 21.75868911
v 2.19255216 1.02123282 23.31421221
v 2.01788861 0.84461974 24.25038628
v 1.75063725 0.63086575 25.25241629
v 1.98312427 0.57576615 37.84353378
v 1.85601893 0.79967518 38.84947508
v 1.80286276 0.96998277 39.73024427
v 1.73342338 1.15595925 40.51537140
v 2.24682519 1.34971019 41.21750562
v 2.34199972 1.97486229 20.43215999
v 1.88866368 2.27922406 19.71044663
v 2.10799600 1.68932414 21.09136804
v 2.02417532 1.61360565 41.98159480
v 1.87364767 1.87117555 42.77167206
v 1.74346542 2.12279134 43.49993244
v 2.21095465 2.34532377 44.12470603
v 1.66850875 3.19292939 17.55294491
v 2.30441277 3.05903658 17.75412017
v 1.92877047 3.34340808 17.10163957
v 2.39662103 2.76933812 18.51877477
v 2.14262334 2.53978793 19.07168243
v 1.98128575 2.67775788 44.82366397
v 1.75590523 3.01798047 45.52163490
v 2.22840747 3.29499862 46.15665785
v 2.38311371 4.12568533 15.58253133
v 1.98453887 4.54869156 14.83021244
v 1.93642352 3.74446006 16.35360311
v 1.98246975 3.65396131 46.83401722
v 1.75686800 4.01363532 47.51283485
v 2.22342299 4.30596840 48.13624567
v 2.28891749 4.90856029 14.25085207
v 1.90764142 5.34729223 13.65206863
v 1.20426519 5.14549029 25.00671487
v 1.34474212 5.15127259 25.69874168
v 1.50171068 5.21092576 26.44454620
v 1.44885358 5.03631326 27.19041636
v 1.41779926 4.87463567 28.14280534
v 1.42465699 4.82492880 29.12165726
v 1.42374108 4.81059849 30.13762751
v 1.41292847 4.78774819 31.15871296
v 1.41991657 4.80633670 32.16883360
v 1.44824455 4.87695913 33.20018291
v 1.47049850 4.94009936 34.24890159
v 1.45106008 4.95282962 35.27446014
v 1.37064789 4.94138523 36.27044581
v 1.23425755 4.92600820 37.26056232
v 1.28632755 5.14233770 38.04754227
v 1.57706750 5.46917928 37.81327219
v 1.97146098 4.68101042 48.77334106
v 1.54917346 5.39289297 49.83637250
v 1.75103306 5.05993903 49.38201977
v 2.13370357 5.35828778 49.94125856
v 2.23305442 5.73834563 13.15854734
v 1.84782708 6.21714236 12.52971684
v 1.32099270 6.11296140 22.74952216
v 1.56562468 6.18591591 23.55421571
v 1.57314645 5.94999917 24.31896454
v 1.59102658 5.68441847 25.27262915
v 1.68680674 5.58857778 26.13463651
v 1.88458127 6.56777728 30.55198930
v 1.88806528 6.07121979 29.94721540
v 1.97139116 6.66342866 29.72328173
v 1.83023856 6.47524810 31.38756983
v 1.81806216 5.91440870 30.68760557
v 1.82836033 6.43495917 32.24579292
v 1.78528761 5.84762665 31.59713968
v 1.87662145 6.44513888 33.06207686
v 1.80099198 5.85758296 32.50897574
v 1.94334559 6.48065403 33.70135175
v 1.86126723 5.96241923 33.37448378
v 1.95399271 6.23961392 34.07115005
v 1.53796143 5.64714815 38.66057805
v 1.57269367 5.94555833 39.54790301
v 1.33696149 5.90317779 40.35151412
v 1.35241276 6.16593664 41.12990452
v 1.63945512 6.46287452 40.87254897
v 1.70531377 5.78675737 50.40399876
v 2.15857839 6.20285087 51.01418108
v 2.45429191 7.02801437 11.42110754
v 2.06834026 7.47926995 10.79760910
v 2.13966954 6.61408834 11.96388617
v 1.27967728 7.11114828 19.93520012
v 1.47588747 7.20245374 20.51176835
v 1.48210757 6.97521155 21.24328711
v 1.45663157 6.60045385 22.10081479
v 1.93265632 7.28530009 30.39802842
v 2.04728629 7.44731420 29.62082461
v 1.85641375 7.17475385 31.21113216
v 1.83276960 7.08587444 32.02473317
v 1.87226113 7.06691907 32.82801996
v 1.95671685 7.04434867 33.60595808
v 2.03539276 6.87258392 34.29688798
v 1.58190545 6.68027140 41.68380269
v 1.61587743 7.01013988 42.48173946
v 1.43262283 7.04033943 43.12053252
v 1.61837864 7.52030238 43.64833030
v 1.83421728 6.69897230 51.57739970
v 2.27216963 7.12515464 52.16427788
v 2.33567589 7.89311450 10.27316667
v 1.97469114 8.37241179 9.72413155
v 1.29541128 8.22662122 17.84719911
v 1.53618629 8.22155554 18.58782631
v 1.56625984 7.92656653 19.30678592
v 1.58737857 7.59385940 20.06475719
v 1.99647468 8.03432448 30.30136803
v 2.11554652 8.26922211 29.66260069
v 1.91166583 7.92151178 31.06054763
v 1.87222855 7.80761997 31.87968642
v 1.87643151 7.64430600 32.56666658
v 1.97410845 7.84194121 33.38006104
v 2.08197036 7.68711670 34.26368610
v 1.51721801 7.75272955 44.33354151
v 1.32389636 7.93354614 45.08285694
v 1.48271364 8.44799909 45.62072880
v 1.96864359 7.59515842 52.76989469
v 1.50437974 8.29467362 53.58149811
v 1.71207626 8.02249685 53.30193937
v 1.97379972 8.43984236 53.82707922
v 2.35358981 8.81970495 9.28203321
v 2.03476605 9.36005243 8.72238495
v 1.26461373 9.01512916 16.73683925
v 1.44091708 8.78854020 17.41657335
v 2.06860463 8.64970651 30.27371565
v 2.16653502 8.98385468 29.94631879
v 2.00693309 8.64869096 30.91170099
v 1.96671053 8.59025756 31.74931071
v 1.97188180 8.43589544 32.69366331
v 2.06884444 8.64696814 33.54593259
v 2.11435570 8.41295578 34.10346450
v 1.29989916 8.71531169 46.39478287
v 1.27788340 9.12843785 47.09945074
v 1.58418888 9.33897022 46.79261647
v 1.43201669 9.44494123 54.64857751
v 1.72818862 8.99147422 54.30918377
v 2.05283795 9.51125122 54.81197189
v 2.39015323 9.85938651 8.28185822
v 2.04844529 10.37774965 7.80581785
v 1.24580005 9.92858202 15.65538992
v 1.43431968 9.64550260 16.38848966
v 1.09851265 10.74997772 18.58865108
v 1.23268070 10.77254740 18.66428149
v 2.13286594 9.28749906 30.66608288
v 2.09796391 9.37021354 31.55319434
v 2.09237677 9.31457998 32.49148507
v 2.11385739 9.17471893 33.28092650
v 1.45942911 9.69905735 47.57124849
v 1.41559862 10.10407633 48.24429333
v 1.53721217 10.54431165 48.60386971
v 2.24416413 10.16087126 55.35501790
v 2.32838056 10.94251214 7.38984755
v 1.89413676 11.50518011 6.98772037
v 1.24556859 11.10552909 13.96367533
v 1.45493438 11.07816498 14.54884322
v 1.41539540 10.61766677 15.14914844
v 1.18295256 11.02675960 18.66740274
v 1.54197169 11.23669264 18.58617658
v 1.47970665 10.73649791 18.82386720
v 1.52598805 10.78001050 19.49505278
v 1.58122211 11.31771319 20.20390721
v 1.38799385 10.84095387 49.17194458
v 1.54315026 11.39650917 49.55155929
v 1.73979071 10.64862265 55.71429325
v 2.05109844 11.16536251 56.18988604
v 2.13515827 12.15697558 6.54686534
v 1.36465086 12.16460332 12.90514885
v 1.60424728 12.06018824 13.61934133
v 1.57586726 11.58631484 14.17627286
v 1.69918380 12.01372116 18.85683584
v 1.53648619 12.27489701 20.60939166
v 1.40154130 11.77428756 50.16555405
v 1.56519885 12.35135358 50.52094157
v 1.73640795 11.69868495 56.55463985
v 2.05774886 12.29645878 57.06109202
v 2.41830495 12.77220470 6.13585778
v 2.05479672 13.33316052 5.66747542
v 1.38634639 13.02380384 12.09339975
v 1.52051729 12.75576803 12.60872849
v 1.60743617 12.44990401 19.54761335
v 1.52367631 12.69613100 20.33314539
v 1.20517596 13.24616458 20.75995010
v 1.10607757 13.60289079 21.03998408
v 1.42507374 12.73516605 51.11064724
v 1.55165598 13.30532069 51.47367457
v 1.99835782 12.88541411 57.52379658
v 1.68128049 13.16642242 57.68356338
v 2.19956185 13.49480916 58.00810610
v 2.39275740 13.87077441 5.26093172
v 2.03037717 14.40035343 4.79495932
v 1.26402890 14.07803303 11.03822289
v 1.44801293 13.71588672 11.68632257
v 1.08141392 14.28210401 21.32343216
v 1.06114917 14.14310110 21.37524701
v 1.38167966 13.70567126 52.07817063
v 1.53167136 14.27939609 52.38413639
v 1.41597730 14.53133471 58.68030913
v 1.71629675 14.07733174 58.41009571
v 2.04932970 14.68165779 58.89559359
v 2.31956871 14.96097749 4.39856023
v 1.89763047 15.52020856 4.03193689
v 1.32743749 14.76522390 10.67899817
v 1.60980797 14.53461583 11.38796743
v 1.03838848 15.25188424 21.77286774
v 1.04657232 15.01252605 21.78646224
v 1.39669565 14.75463683 52.95423770
v 1.61534587 15.33799716 53.08524434
v 2.05577190 15.32380768 59.31039957
v 2.11961793 16.18504099 3.66786313
v 1.33974810 15.94228824 9.80384678
v 1.52412131 15.57913960 10.44435647
v 1.03340968 16.12137428 22.25021942
v 1.02700791 15.83965768 22.25046602
v 1.26655276 16.00359190 54.04357243
v 1.58529409 15.95958384 53.56582240
v 1.66670657 15.79995362 59.55596431
v 1.89977913 16.46931927 59.92042816
v 2.31839260 16.88224444 3.34052685
v 1.85186848 17.48778408 3.10024950
v 1.39275413 16.95989747 9.10630097
v 1.52577408 16.62315552 9.61691897
v 1.02302155 17.17357163 22.71612706
v 1.02814770 16.88106441 22.71052780
v 1.46504723 16.46177695 54.08381105
v 1.43356430 17.06221358 54.48610492
v 2.04791924 17.34412398 60.32256541
v 1.99107450 18.25203748 2.81376158
v 1.29969165 18.07462059 8.15963378
v 1.46127080 17.68040486 8.74757159
v 1.02589798 18.03002926 23.16426496
v 1.01854816 17.73458604 23.14744439
v 1.28866713 17.70591002 55.04289985
v 1.47877844 18.44207395 55.20695155
v 1.86068402 17.99875708 60.65045434
v 1.55160400 18.35019836 60.74792558
v 2.01137793 18.51078281 60.87309337
v 2.17726117 19.01499288 2.53247486
v 1.40782263 18.75500495 7.97130959
v 1.62933001 18.48467135 8.53741061
v 1.01737035 19.08798726 23.61869601
v 1.01992520 18.66047316 23.51533930
v 1.57267195 19.13804387 55.46533342
v 2.11520653 19.22214556 61.09623981
v 2.40885113 19.75199561 2.25425376
v 1.94135384 20.41080065 1.96396559
v 1.30910050 20.05520393 7.16204068
v 1.51067845 19.66570998 7.70354537
v 1.01035377 19.88824211 24.01888324
v 1.36077168 19.68007039 56.01148696
v 1.51534708 20.43259350 56.18855024
v 2.27202191 20.04027723 61.39311622
v 2.13957837 21.14200576 1.65273524
v 1.29475802 20.79953728 6.87539827
v 1.61678736 20.50379349 7.51025638
v 1.00734888 21.10446661 24.54617023
v 1.00488499 20.79349703 24.44158740
v 1.59296271 21.12597979 56.42921633
v 1.74995748 20.63710303 61.62241089
v 1.98040290 21.37234456 61.96093270
v 2.30945211 21.87651528 1.36866429
v 1.82062288 22.47601933 1.19155791
v 1.48610435 21.85027008 6.76247582
v 1.00638310 21.97586212 24.95913459
v 1.38012623 21.68568430 56.95542492
v 1.55612648 22.44066561 57.04862832
v 2.17298192 22.14988158 62.28486075
v 1.87923613 23.29075487 1.01010037
v 1.34274242 23.15999360 6.01842941
v 1.57050939 22.67650385 6.55587901
v 1.00564980 23.13476273 25.45636439
v 1.00520236 22.83229693 25.35473426
v 1.70264793 23.13862600 57.10462713
v 1.68040877 22.70629290 62.50392152
v 1.87405908 23.39244172 62.76197808
v 1.92640626 24.21909554 0.85752211
v 1.55396762 24.10437204 6.01470368
v 1.00512249 23.93601331 25.81242708
v 1.26832882 23.92989524 57.97542358
v 1.60331195 23.81343636 57.48264212
v 1.96844373 24.16058048 62.90407428
v 2.11543018 25.35537161 0.63834241
v 1.70566589 24.91877182 6.01303546
v 1.00777882 25.14606235 26.33301863
v 1.44016282 24.41751612 57.88777370
v 1.39047950 25.23724606 58.07830876
v 2.03026391 25.04427029 62.98777702
v 1.78278525 26.19963130 0.37217817
v 2.25309250 26.14231666 0.37852966
v 1.92546936 26.78253125 0.20226544
v 1.35408104 26.05692113 5.17322124
v 1.62125745 25.67590472 5.69246806
v 1.01146522 26.23885767 26.81531869
v 1.01680081 26.07981632 26.82499083
v 1.48990222 26.24497736 58.03758677
v 2.02581307 25.98259554 63.05727862
v 1.77576149 27.49500382 0.09140974
v 1.26870146 26.85849095 4.92889746
v 1.63224805 26.52099969 5.52183509
v 1.02948479 27.11931028 27.32051450
v 1.02752432 26.93996922 27.33994090
v 1.53662490 27.19343830 57.99262499
v 2.01103300 26.92127429 63.12271660
v 1.89599812 28.18411484 0.04179859
v 1.39669473 27.99103861 4.92684710
v 1.04126901 28.03859487 27.83159824
v 1.05455155 27.88627682 27.89368620
v 1.57458258 28.10162295 57.90505986
v 2.03819235 27.92758607 63.20824647
v 1.98506959 29.11264932 0.00054224
v 1.43356769 28.97856591 4.85783462
v 1.09095485 28.81708803 28.43085840
v 1.11755549 28.85814455 28.65556539
v 1.97780458 29.46570855 54.56819774
v 2.12768329 28.81118285 53.90434478
v 2.08432647 29.53641389 53.70346885
v 1.91166195 29.34261949 55.41896700
v 2.07858104 28.61763802 54.64107773
v 1.85845724 29.22504694 56.28587599
v 2.02340611 28.49150190 55.54007690
v 1.77395501 29.08502684 57.11773112
v 1.95141703 28.37620857 56.41933339
v 1.63086373 28.84771980 57.74551818
v 1.81955466 28.23304632 57.20741200
v 2.10800168 29.08290555 63.40525447
v 2.00289984 30.08808957 -0.04266776
v 1.44220513 29.90757474 4.83815258
v 1.88469673 30.62709573 6.66976040
v 1.88882852 30.14433389 6.15755624
v 1.83234306 30.88282719 5.97701418
v 1.90833565 30.44691572 7.44942774
v 1.95878140 29.83037125 6.78756346
v 1.94288693 30.35668872 8.29306612
v 2.01586694 29.65682583 7.62078124
v 2.00152962 30.33329183 9.10458280
v 2.06704633 29.61472382 8.49728673
v 2.07177603 30.35043227 9.73555400
v 2.12383437 29.70956337 9.35307356
v 2.17054565 30.02445256 10.06484073
v 1.25091634 29.71241970 29.11766596
v 1.26393180 29.62797266 29.35956111
v 1.37229426 30.00855336 29.98464076
v 1.91981817 30.32731787 54.45059501
v 2.05076617 30.45008516 53.58784055
v 1.83219029 30.20749687 55.31274017
v 1.78607298 30.06962578 56.15133544
v 1.74262522 29.96026194 56.98690429
v 1.60645137 29.81716542 57.91727522
v 1.33623183 29.97982547 58.69414937
v 1.55821726 30.23944183 58.38192807
v 1.27488198 30.75200673 59.01462498
v 1.87680228 29.89635874 63.64465963
v 1.56575337 30.30367777 63.70046165
v 1.99676565 30.45760423 63.79338593
v 2.00872540 31.02854034 -0.07061055
v 1.43829597 30.87826115 4.83658827
v 1.85451393 31.42788451 6.52570416
v 1.82170066 31.75911626 5.88803385
v 1.85508630 31.24123855 7.28036489
v 1.86893220 31.13260794 8.10942117
v 1.92088545 31.06056001 8.94348821
v 2.01306161 30.97522129 9.70612054
v 2.13664239 30.75677358 10.35053349
v 1.61146172 30.19608674 29.52345124
v 1.79949282 31.15358546 29.18183509
v 1.66642680 30.10150894 30.40814179
v 1.77739279 30.34387614 31.26417453
v 1.82756244 30.89764022 31.92211606
v 1.89996503 31.24543337 54.36354910
v 2.04656025 31.39741064 53.53055224
v 1.79429595 31.11866219 55.22963369
v 1.74437931 30.96858821 56.10832280
v 1.73180957 30.71855615 56.79534494
v 1.71325408 30.81925644 57.58761086
v 1.64644004 30.64197896 58.22958616
v 1.26188749 31.56036975 59.14572713
v 2.04949616 31.16624922 63.87755633
v 2.05718597 31.97048567 -0.07226048
v 1.43227635 31.89219430 4.82335165
v 1.88177606 32.21410440 6.42849866
v 1.86596614 32.60683621 5.92024748
v 1.87131500 32.03029265 7.11844456
v 1.86836478 31.92599331 7.92985499
v 1.90220155 31.84556372 8.77942209
v 1.98472459 31.75894400 9.60824842
v 2.10749039 31.62311182 10.39845345
v 1.91752505 32.01271045 28.97775912
v 1.83940215 31.67264074 32.20936287
v 1.92070947 32.16603810 54.30339808
v 2.07212901 32.33806654 53.52852573
v 1.80030022 32.05191468 55.14649799
v 1.73100728 31.94690391 56.06333331
v 1.71526182 31.74630396 57.12737430
v 1.73413049 31.56813769 57.83113339
v 1.70632460 31.22634343 58.14014576
v 1.25164151 32.36551403 59.13764270
v 2.09866295 31.94287885 63.90523560
v 2.10692800 32.94434726 -0.06472201
v 1.44945281 32.93371426 4.86608120
v 1.93925434 32.84293260 6.40132101
v 1.95135546 33.27881738 6.15779435
v 1.94302683 32.77334984 6.96829159
v 1.93949298 32.71193374 7.75386968
v 1.95640068 32.64509864 8.61622019
v 2.01100401 32.55468372 9.46305080
v 2.11281324 32.49139006 10.30606334
v 1.82977305 33.23036654 29.99653945
v 1.91636441 32.88249298 29.13182188
v 1.83127670 33.19710617 30.79949217
v 1.80967209 32.82360656 31.39409372
v 1.82841057 32.35847569 31.98950250
v 1.97820296 33.01630264 54.26369643
v 2.11838009 33.23617594 53.62223836
v 1.85759682 32.94859438 55.05173546
v 1.76247684 32.88963188 55.92369483
v 1.69701313 32.87801547 56.86041016
v 1.71411690 32.11498813 57.89151618
v 1.63740579 32.85220990 57.81760895
v 1.65810623 32.45398699 58.25623080
v 1.27179764 33.10249679 58.92446723
v 2.18047865 32.58925494 63.89001616
v 2.17198929 33.91344724 -0.04281176
v 1.46628706 34.02266698 4.92250985
v 2.02308847 33.45756834 6.76436994
v 2.05115156 33.48342466 7.57086083
v 2.06675805 33.45446555 8.46239994
v 2.09917858 33.37050472 9.36778049
v 2.14263957 33.19403448 10.10354480
v 1.96466717 34.03597726 29.18307330
v 2.04826603 33.43173978 28.53638043
v 2.07222841 34.27920953 28.25225353
v 1.95482450 34.21515403 29.98113424
v 1.96406683 33.94531634 30.66047153
v 2.04934057 33.66127422 54.25176613
v 2.15487317 33.98057900 53.92066543
v 1.96128082 33.71397194 54.90004555
v 1.86513202 33.82303518 55.82604833
v 1.74996956 33.64076219 56.59391442
v 1.62372816 34.11653766 57.56968541
v 1.53170159 32.91019150 58.44495765
v 1.39123837 33.62428808 58.42913093
v 1.70729581 33.71570035 63.63452933
v 2.01818635 33.21423603 63.79798082
v 2.27404335 34.84337493 0.00160811
v 1.45598880 35.12151081 4.95458658
v 2.01560483 35.08922514 28.67338601
v 2.07122588 35.08100382 27.96287110
v 2.01996911 35.09781555 29.60471201
v 2.06514024 34.83027668 30.48186300
v 2.09509897 34.31396434 54.62720165
v 2.01341273 34.46542523 55.44891893
v 1.95163237 34.58835859 56.12976651
v 1.95955336 34.99871020 56.57390335
v 1.83986704 34.43616503 56.73183223
v 1.78645380 34.75525168 57.30285261
v 1.69246296 34.86910134 57.62085144
v 1.48936351 35.31705994 58.04745981
v 1.80215512 34.50341443 63.37680977
v 2.13955659 33.80753484 63.64239581
v 2.39574942 35.57909861 0.05598099
v 1.44635068 36.17004286 5.01737301
v 2.04042925 35.96107481 27.98468687
v 2.11200196 35.44552437 27.43517055
v 2.09756966 36.07687170 27.20465542
v 2.03833076 36.06712660 28.96033861
v 2.09059614 35.95573543 29.73344145
v 2.11891709 35.59490144 30.25664571
v 1.89190607 35.04364903 57.01070175
v 1.48366094 36.37321810 58.08343922
v 1.96948148 35.72307774 63.18261357
v 1.58847880 36.55511091 0.28210442
v 2.19864214 36.37062417 0.17150442
v 1.44003056 37.11389335 5.11716523
v 2.05246187 36.98137786 27.27446958
v 2.13448140 36.45542315 26.64177615
v 2.11041162 37.27648557 26.30292371
v 2.04123664 36.94343563 28.25953557
v 2.08541077 36.93441887 28.99137520
v 2.11559917 36.57064697 29.52428709
v 1.50694221 37.30903462 57.99186747
v 2.05506258 36.76859303 63.08285330
v 1.79706337 37.04358300 0.35020690
v 1.74884023 37.84695200 0.59017013
v 1.42696313 37.79341113 5.21237986
v 1.24199485 38.22769035 5.10733121
v 1.54071992 38.34658034 5.53140370
v 2.03857451 38.07603989 26.70781487
v 2.07988765 38.09066727 25.96529426
v 2.05275998 38.02961366 27.70599099
v 2.11300777 37.73465012 28.67691758
v 1.52704491 38.22364048 57.84511522
v 2.10655989 37.76338978 63.00184101
v 1.98755379 38.82320408 0.81199645
v 1.53252119 39.18298964 5.80635588
v 2.03280346 38.99182310 25.94695659
v 2.10627429 38.46949501 25.40075418
v 2.07862450 39.12445232 25.12559380
v 2.04082003 39.06112687 26.97211714
v 2.09821582 38.93118039 27.77760404
v 2.13553623 38.55032095 28.34639551
v 1.52084790 38.93902277 57.71329839
v 2.11298678 38.69550027 62.91162038
v 2.15592416 39.76343398 0.99515102
v 1.47793145 40.09941677 6.00983349
v 2.01861918 40.11295979 25.12422734
v 2.10672853 39.48684159 24.53292094
v 2.07532184 40.14599035 24.23144693
v 2.02600768 39.96719574 26.21777756
v 2.07918500 39.93698534 26.98148785
v 2.11504223 39.56358741 27.53672820
v 1.64675032 39.35283284 57.35499548
v 1.45614472 40.25440206 57.27365033
v 2.10455947 39.50548181 62.77718376
v 2.31269404 40.58993262 1.16532835
v 1.45438733 40.77748229 6.17103785
v 1.27249787 41.21096921 6.09482106
v 1.56817873 41.30942716 6.52545600
v 2.01087517 41.09705526 24.20789722
v 2.10877995 40.47622893 23.61777785
v 2.08241566 41.11121931 23.33596940
v 1.98717415 41.02836107 24.96004902
v 2.02594376 41.01218632 25.67291720
v 2.10142269 40.73374645 26.65222552
v 1.38498492 41.30602048 56.99982611
v 1.85182214 40.82912301 62.32848768
v 2.25622702 40.20084872 62.57148578
v 1.78725329 41.33145524 1.41800848
v 1.99635377 42.06455415 1.63599627
v 1.56849055 42.09385062 6.84141832
v 2.02465408 41.97780652 23.38957398
v 2.12429727 41.45860819 22.73670714
v 2.10228864 42.26189854 22.42377378
v 1.98490596 41.95960162 24.09717745
v 2.00877793 41.89200596 24.84249601
v 2.08075810 41.88199724 25.70108973
v 2.12306385 41.53648035 26.30425045
v 1.37288500 42.00450324 56.78780184
v 1.66929840 41.54928592 56.45429592
v 1.58557998 42.37384244 56.26896867
v 2.16836385 41.51169848 62.13604392
v 2.17842536 42.83956124 1.90139346
v 1.54427159 42.82485326 7.08789580
v 2.02121311 43.01428072 22.91513476
v 2.07942597 43.07128710 22.15292990
v 2.01093734 42.85936903 23.97125001
v 2.06796959 42.83490375 24.83032280
v 2.10424806 42.51249148 25.42225035
v 1.57623962 43.28256748 55.92161638
v 1.69673901 42.78914324 61.65754341
v 2.06535582 42.26492200 61.89405019
v 2.30478094 43.60315025 2.15200536
v 1.31457456 43.43980777 7.06705797
v 1.44615984 44.10600934 7.57041049
v 2.03147470 43.96757622 22.28273338
v 2.11800256 43.47245283 21.61573393
v 2.09519937 44.26786203 21.35967203
v 2.01758219 43.88861959 23.26381180
v 2.06306070 43.85160154 24.00755740
v 2.09345968 43.47570127 24.56309959
v 1.54198648 43.97621352 55.69632823
v 1.67897998 43.49633171 61.31786042
v 2.25856292 43.01190335 61.61193867
v 1.80389287 44.30011239 2.44984832
v 2.04804261 44.95093554 2.71376694
v 1.48945278 44.74879095 7.97703765
v 2.00905557 45.02060970 21.85040283
v 2.05929411 45.07402335 21.13347105
v 2.02211525 44.96071494 22.78907876
v 2.09021098 44.68181043 23.71492217
v 1.65597691 44.36607148 55.27638969
v 1.47111554 45.16560942 55.12294264
v 1.98334391 44.36949951 60.98180115
v 2.29267835 45.61298673 3.01694834
v 1.27019810 45.36310760 8.06967038
v 1.43379333 45.85735668 8.59359509
v 1.98248395 45.95604533 21.30946402
v 2.08913040 45.48334703 20.62801924
v 2.04566813 46.31772541 20.41941275
v 1.98742890 45.84178107 22.20230262
v 2.05102794 45.85518474 22.89351432
v 2.10304500 45.48308273 23.42515456
v 1.43190009 45.86874701 54.78036381
v 1.72199680 45.43528964 54.48260983
v 1.60765031 46.24707873 54.17431661
v 1.76331374 45.72519496 60.32178056
v 2.23511582 45.12060072 60.64658546
v 1.80963472 46.32949269 3.37993074
v 2.08115294 46.96560855 3.67745347
v 1.29219482 46.48056020 8.84501805
v 1.45073100 47.05719839 9.44148157
v 1.88950413 47.25152894 21.06058357
v 2.00904403 47.12529352 20.20790684
v 1.94902441 46.63487597 21.83315182
v 2.03727635 46.62686333 22.60126005
v 1.58037457 46.94997031 53.77630856
v 2.01471688 46.45607696 59.99623221
v 2.34830781 47.60140963 3.99813021
v 1.49327078 47.70647923 9.92991254
v 1.94980007 47.93017691 20.33679727
v 2.08204677 47.46495944 19.70190689
v 2.10171857 48.18548163 19.58208653
v 1.96966001 47.50408946 22.04286252
v 1.94357692 48.11588279 21.85514860
v 1.69560328 47.28607182 53.29186198
v 1.55036325 47.91787473 53.08688494
v 1.76038819 47.73412283 59.30942103
v 2.24025460 47.15658421 59.64477085
v 1.92931601 48.28115523 4.39085649
v 2.28295168 48.74433488 4.62585392
v 1.26749060 48.32989755 10.07412079
v 1.42168047 48.79308195 10.62719748
v 2.02012557 48.65069483 20.11751631
v 2.14610168 49.02855173 19.63927786
v 1.94096027 48.70828234 20.80267101
v 1.96050642 48.61240328 21.58109466
v 1.67414387 48.31420771 52.48688151
v 1.47256499 49.13393458 52.23362851
v 1.99362803 48.43163963 58.95930366
v 1.69974153 49.69059076 5.29806801
v 2.35683057 49.39939058 5.04517318
v 1.27003801 49.38098671 10.93291948
v 1.45141786 49.77094146 11.52645971
v 2.07504166 49.28216690 20.29436833
v 2.19391433 49.74321567 19.96152402
v 2.08290983 49.50859066 20.84493816
v 2.06779050 49.32272604 21.33733881
v 1.41788845 49.82252075 51.82433246
v 1.71380904 49.38595131 51.54061680
v 1.58280918 50.15789425 51.18592287
v 1.79580408 49.52848870 58.19555709
v 2.19824279 49.04876777 58.60036176
v 2.09047856 50.03168854 5.46968741
v 2.17318440 50.65214446 5.93457111
v 1.32065841 50.38215343 11.91060580
v 1.50512660 50.73812702 12.50994140
v 2.17212816 49.91554910 20.53742863
v 1.55975108 50.78906653 50.69833897
v 1.77045317 50.66304842 57.26510580
v 2.17718178 50.10284826 57.75439985
v 1.85307171 51.33279345 6.48114691
v 2.19223386 51.85698051 6.85800757
v 1.35343504 51.32320841 12.86895017
v 1.47385642 51.69355880 13.44603476
v 1.39335549 51.92349076 49.79602428
v 1.69497966 51.40743830 49.64734780
v 1.59150195 51.95031334 49.25364716
v 1.72239172 50.93161397 50.15369410
v 1.68672214 51.91058671 56.36177621
v 2.13469901 51.33673357 56.79051140
v 1.82946916 52.42274356 7.34616934
v 2.19501676 52.82615605 7.65154218
v 1.29736919 52.28958408 13.82987296
v 1.45666114 52.56741068 14.40393264
v 1.59478516 52.37903179 48.64964930
v 1.48467781 53.00581255 48.13940254
v 1.99106272 52.58524425 55.99259200
v 1.51404846 53.74348164 8.55048126
v 2.22552030 53.41882171 8.14509699
v 1.34156378 53.03062041 14.78682566
v 1.24358793 54.00851090 15.95276729
v 1.40785966 53.42049151 15.46174006
v 1.55724753 53.74023602 16.22078772
v 2.00847870 54.44530331 30.53707327
v 2.14103424 53.80586225 29.89650728
v 2.10460469 54.50479170 29.69183148
v 1.96034001 54.36308848 31.38873003
v 2.10092832 53.63324636 30.63453214
v 1.96006904 54.32093910 32.26720729
v 2.07761625 53.56273035 31.54857460
v 2.00402521 54.31746006 33.09342887
v 2.08979658 53.57384224 32.46768537
v 2.06823693 54.33996618 33.72886866
v 2.12986854 53.69251810 33.34199004
v 2.16710479 54.01244193 34.05794379
v 1.64139467 53.21195420 47.47743525
v 1.50438220 53.80409142 47.05483744
v 1.87564449 53.57349681 55.24389264
v 2.22856065 53.15049539 55.62880534
v 2.13599049 54.13344343 8.78755216
v 1.78210062 54.63280491 9.31352352
v 2.22508077 54.65658924 9.26057269
v 1.29438062 54.37323108 16.61791825
v 1.45698167 54.59981637 17.31691652
v 1.97086711 55.23416868 30.38824894
v 2.07716419 55.36182680 29.59163884
v 1.89707355 55.15382350 31.22053805
v 1.87713981 55.09237773 32.08135907
v 1.91442214 55.03824143 32.92691418
v 1.99948425 54.95681255 33.69305824
v 2.11948646 54.73594462 34.33788645
v 1.35356004 54.89996019 45.87856170
v 1.67091187 54.38228746 45.74076007
v 1.54905030 54.89982499 45.31385220
v 1.70914450 53.90482592 46.33669719
v 1.79229258 54.53413025 54.25852039
v 2.12915057 54.07219937 54.79120736
v 1.97636756 55.05035177 9.77402797
v 1.96481085 55.50659862 10.36182880
v 2.31632062 55.84153795 10.78211687
v 1.32037331 55.04371755 17.77120382
v 1.35832158 55.37303768 18.50723039
v 1.50212614 55.59335427 19.26467945
v 1.96969119 56.00261127 30.28154222
v 2.04959455 56.20073715 29.61645960
v 1.89326531 55.92140704 31.04853010
v 1.85656373 55.86295801 31.88912411
v 1.87458485 55.80001594 32.74564087
v 1.94639444 55.71582627 33.57470107
v 2.05894438 55.57198328 34.36327365
v 1.53065584 55.27118988 44.69293205
v 1.40623354 55.80916122 44.10355759
v 1.85207535 55.44375506 53.27653441
v 2.15536918 55.02505698 53.80007962
v 1.96685694 56.31249888 11.39231883
v 2.31900787 56.75338096 11.91914087
v 1.34795036 56.04006356 19.74307493
v 1.37678576 56.35245164 20.48781254
v 1.52124550 56.53643933 21.23231723
v 1.97448202 56.60279630 30.23474706
v 1.98982821 56.89721000 29.86652598
v 1.91982202 56.61463165 30.87206066
v 1.88111829 56.59078634 31.68590358
v 1.88005326 56.53805808 32.54421462
v 1.92289873 56.45731686 33.38460971
v 2.00200081 56.37905967 34.21890899
v 1.32044350 56.84767059 42.08333061
v 1.66168282 56.36424750 41.88740068
v 1.48679873 56.81788516 41.44200622
v 1.75210439 55.97608658 42.45639968
v 1.60577668 55.88927277 43.25098191
v 1.76735213 56.71392988 51.38707140
v 2.26576379 56.33842165 51.95088309
v 2.07628397 55.85334978 52.67145607
v 1.86285937 57.25550850 12.59487034
v 1.72185199 57.73233403 13.20991567
v 2.33065273 57.68524414 13.05057244
v 1.37998821 56.94315765 21.70475478
v 1.44531320 57.12566466 22.37717645
v 1.29961701 57.90348269 23.87098045
v 1.49223996 57.40918712 23.29126926
v 1.60573395 57.54416223 24.07775299
v 1.92588744 57.18437614 30.58371705
v 1.89636244 57.24731015 31.45518585
v 1.89101229 57.20930478 32.32753873
v 1.90597906 57.14371327 33.19378689
v 1.94869109 57.00522025 33.93795507
v 1.57252095 57.33193382 39.62256421
v 1.36163939 57.83182173 39.13438055
v 1.43831122 57.15988241 40.59614113
v 1.69006835 57.65958286 50.23084563
v 2.12013742 57.26545498 50.73196364
v 1.97560469 58.14488350 13.70465877
v 1.92824935 58.58495330 14.31602764
v 2.29532368 58.89188743 14.71918572
v 1.36457993 58.00929836 24.53681432
v 1.46195374 58.04347606 25.38039854
v 1.52688297 58.06896684 26.30903153
v 1.55966649 58.10322344 27.27463044
v 1.56815778 58.17525925 28.25915201
v 1.32813631 58.82366060 29.85007009
v 1.53815023 58.36481380 29.29897863
v 1.55730858 58.49066851 30.11405259
v 1.26397348 58.91934693 34.17721549
v 1.55631707 58.48022727 34.06048559
v 1.36900005 58.84245780 33.54430610
v 1.66826214 58.21506395 34.67473337
v 1.61241633 58.21510676 35.42429381
v 1.57421214 58.12975409 36.31780173
v 1.54006424 58.02366521 37.26395464
v 1.48504567 57.90339664 38.22266759
v 1.73621561 58.51756142 49.13856343
v 2.03986512 58.14208062 49.71142380
v 1.99718794 59.29274422 15.36344669
v 2.38420332 59.63867779 15.87986989
v 1.28571678 58.96705428 30.51953665
v 1.27524119 59.03699674 31.47208087
v 1.24317213 59.05962182 32.65706972
v 1.49587275 59.57643184 47.45251327
v 1.84584719 59.47217773 47.77237514
v 2.13141026 59.05841227 48.34278985
v 2.11016430 59.98669182 16.57212677
v 1.76713784 60.32215380 17.41407308
v 1.74080103 60.66232738 18.14331702
v 2.29218315 60.62565646 17.92135911
v 1.68084426 60.58159895 45.24420401
v 2.16657534 60.34686361 45.83148090
v 1.93043729 60.06256879 46.50894224
v 2.05766889 59.79318021 47.18067676
v 2.09163209 60.92213559 18.68978597
v 2.20478796 61.20199746 19.43964559
v 1.92162509 61.44971024 20.12593396
v 2.33736992 61.72714905 20.74397366
v 1.54750488 61.73322754 42.59169553
v 1.85954034 61.63888553 42.94772727
v 2.05243492 61.31349817 43.58319266
v 1.91111938 60.92973248 44.49253207
v 2.06275654 62.02346530 21.50540772
v 1.71721448 62.31228352 22.39754960
v 1.73565881 62.61715386 23.15027627
v 2.26841502 62.58733449 22.91465086
v 1.70373319 62.51674175 40.28004132
v 2.23296055 62.31901878 40.84486530
v 2.10380171 62.05898607 41.69623262
v 2.00838131 61.85661148 42.43522947
v 2.11433732 62.80961119 23.67713199
v 2.31821811 62.93890740 24.40033929
v 2.21270001 63.00616056 25.16501039
v 2.12007977 63.07050674 26.12119875
v 2.03653362 63.13635995 27.12081644
v 1.91070131 63.23786568 28.16270119
v 1.65766240 63.39837005 29.25928981
v 1.72097170 63.64026710 30.07227607
v 2.24493125 63.62315543 29.81217988
v 1.60435783 63.70287126 32.62830062
v 1.90162704 63.65233684 33.02999770
v 2.12633452 63.42275709 33.77845503
v 2.02205447 63.22196132 34.90572380
v 1.96924237 63.12187113 35.93864347
v 2.00466261 63.05338847 36.91608265
v 2.02387731 62.98278958 37.87901272
v 1.96913887 62.90166740 38.78703506
v 1.88251687 62.76481906 39.57505977
v 2.08847089 63.79334660 30.58488956
v 2.23778984 63.87018066 31.23440158
v 2.12664309 63.86252956 31.84058031
v 2.03618712 63.79150402 32.50230264
v 2.68783995 0.27741799 26.54063551
v 2.34938915 0.37859007 25.96532532
v 2.76413307 0.19144553 27.18823712
v 2.83831499 0.13186813 28.01829708
v 2.93312695 0.12302378 29.06316316
v 2.82206368 0.04713481 30.08672433
v 2.76554185 0.00240497 31.06994001
v 2.71646498 -0.02244710 32.04053249
v 2.64628304 -0.03681999 32.97252144
v 2.52805620 -0.04528630 33.72060290
v 2.71213967 0.07012959 34.66860449
v 2.58502888 0.13348983 35.64117999
v 2.45887971 0.21552231 36.43937816
v 2.86470866 0.46373642 37.08282462
v 2.98112539 1.28892443 22.55404037
v 2.56119580 1.40903404 21.83709940
v 2.88449056 1.11941171 23.30491531
v 2.78419770 0.94592853 24.21849030
v 2.67728630 0.69629270 25.29783712
v 2.90013142 0.71290524 37.95975264
v 2.61530203 0.82826243 38.86311412
v 2.39109103 0.92243300 39.56216560
v 2.48705649 1.13272843 40.41417866
v 2.85872237 1.40579344 41.16294531
v 2.98126039 2.10183852 20.53541915
v 2.56282028 2.26627377 19.80383722
v 2.87955335 1.75329222 21.29363284
v 2.83832275 1.68298532 41.97083927
v 2.50102201 1.82008207 42.63828274
v 2.50796236 2.08763204 43.41680489
v 2.81002350 2.38457693 44.07763616
v 2.97183807 3.22640554 17.67804929
v 2.52444612 3.38147268 17.03033549
v 2.93206375 2.95996815 18.42336334
v 2.88440141 2.62309242 19.26526320
v 2.71939062 2.65618812 44.69732124
v 2.58139884 3.00135388 45.49372921
v 2.84088752 3.34473827 46.12749493
v 3.07573045 4.20322851 15.71451428
v 2.84308874 4.57890971 14.97099386
v 2.87140263 3.79440047 16.43355847
v 2.72934879 3.63534478 46.71884633
v 2.58063121 3.99839768 47.49443842
v 2.83012619 4.35485391 48.11925960
v 2.83507050 4.99009376 14.30323550
v 2.56565450 5.29823334 13.77448550
v 1.82963867 5.72799737 27.04638171
v 1.76634695 5.48899211 28.02894109
v 1.69449084 5.28658944 28.81041416
v 1.72819976 5.42357845 29.79139905
v 1.67089216 5.31578183 30.86858259
v 1.66106225 5.29890548 31.85945168
v 1.69324212 5.36774420 32.84992238
v 1.78663972 5.60261471 33.97007365
v 1.80987069 5.61723676 35.09057368
v 1.78823491 5.58809271 36.12003392
v 1.70187724 5.54403452 37.08708480
v 2.69985591 4.66117616 48.69481499
v 2.49803598 5.04480660 49.42717963
v 2.59012671 5.35127302 49.94839079
v 2.97777963 5.78935873 13.43910860
v 2.55063162 6.19001224 12.64301707
v 1.81777242 6.83950302 23.19202715
v 1.91431400 6.67002611 24.23821125
v 1.94893630 6.48975929 25.20965189
v 1.98164666 6.29836702 26.29846163
v 2.09103148 6.45334111 27.29182721
v 2.02073986 6.21584101 28.03500041
v 1.91624720 5.96249418 29.01968006
v 2.04075491 6.46371045 34.94677465
v 2.07348977 6.37390119 36.03752973
v 2.04516734 6.30835740 37.05784266
v 1.92820749 6.21294600 38.12284607
v 1.89784690 6.42073622 39.26087444
v 1.79362501 6.49806922 40.18828772
v 2.60840979 5.76601301 50.44241676
v 2.67400817 6.18374019 50.99210248
v 3.06609563 7.08722967 11.60823341
v 2.86955732 7.52382812 10.94462482
v 2.82294991 6.66389187 12.09492067
v 1.85567834 7.76930353 21.12074888
v 1.92014622 7.46595413 22.31967251
v 2.13273228 7.62607313 23.37758729
v 2.15801520 7.44764380 24.17091240
v 2.19171360 7.32057681 25.12892576
v 2.20933259 7.20805593 26.12938369
v 2.21844357 7.13805294 27.12205857
v 2.17992995 7.02201298 28.02154583
v 2.07876636 6.81227299 28.86903029
v 2.17647636 7.50109984 35.10834662
v 2.23746544 7.29778213 36.03081251
v 2.26087690 7.19643573 37.02732087
v 2.23392808 7.14621756 38.04260082
v 2.18463152 7.16741598 39.08217861
v 2.11359863 7.22011629 40.10724645
v 1.96887984 7.19688682 41.14722831
v 1.91741049 7.44173291 42.22480632
v 1.80419291 7.54659477 43.06232011
v 2.72231129 6.65672245 51.50541801
v 2.89833370 7.18582837 52.13048342
v 2.86725360 7.97784147 10.32959253
v 2.62476549 8.31784690 9.84150154
v 1.72022796 8.90835535 18.23429311
v 1.84290113 8.67973392 19.25676963
v 1.93765577 8.42067536 20.32093216
v 2.13939661 8.58547093 21.36409117
v 2.17869188 8.38780732 22.18237451
v 2.25419788 8.30663106 23.17859025
v 2.31812646 8.26666388 24.13771818
v 2.34268375 8.18997588 25.08119674
v 2.35077578 8.11821660 26.06160949
v 2.33666944 8.04496364 27.05265968
v 2.28229454 7.93272411 28.01753349
v 2.17682081 7.70387726 28.86530307
v 2.24277841 8.56299589 35.03478246
v 2.32256399 8.29736143 36.05300816
v 2.36891632 8.15547259 37.02547645
v 2.38049102 8.09008405 38.01716118
v 2.36381870 8.07387294 39.02383290
v 2.32676653 8.08765996 40.03634882
v 2.26529273 8.10679671 41.05080824
v 2.19471194 8.16343438 42.06696616
v 2.10100825 8.23427796 43.04140147
v 1.90573740 8.21969954 43.98616208
v 1.72142743 8.41936387 44.97460950
v 2.71696641 7.57546764 52.68823412
v 2.45936557 8.04060086 53.37427543
v 2.53655262 8.41659961 53.85853521
v 3.07106557 8.82391057 9.60088079
v 2.80086841 9.39818284 8.86883031
v 1.72474465 9.59874643 17.32063368
v 1.88977160 9.61930011 18.27015940
v 1.93464310 9.48358406 19.09824211
v 2.05218021 9.37596081 20.12827555
v 2.20156343 9.30435466 21.16152308
v 2.30775092 9.25269562 22.13743585
v 2.36316874 9.17863352 23.09541036
v 2.40312184 9.13464129 24.07419474
v 2.42608691 9.09959977 25.04993366
v 2.43153534 9.06107268 26.03165607
v 2.41750273 9.01658037 27.02539571
v 2.36924176 8.94680819 28.03062339
v 2.26113855 8.80613133 29.08738065
v 2.23269075 9.37603562 34.29289574
v 2.33957704 9.52448477 35.34666827
v 2.37851853 9.28730437 36.10123092
v 2.42078431 9.14203721 37.03832125
v 2.44392151 9.06681828 38.01458812
v 2.44711442 9.03690175 39.00815145
v 2.43491773 9.03255966 40.00951744
v 2.40968760 9.04040022 41.01356654
v 2.37221540 9.05904035 42.01692079
v 2.31639733 9.08740853 43.00998821
v 2.21745410 9.10966701 43.98749123
v 2.05848698 9.14942947 44.96539502
v 1.78680166 9.15633056 45.95057417
v 2.61402407 8.91749563 54.29989750
v 2.87817368 9.70663576 54.92036364
v 2.93669857 9.92760025 8.40233696
v 2.83585561 10.46527253 7.93683048
v 1.76166903 10.53738094 16.34097692
v 1.91798003 10.41013524 17.37760148
v 1.91084165 10.09069180 17.96441431
v 1.83873841 10.22339864 18.81412053
v 1.91362007 10.36989831 19.96799789
v 2.17333584 10.27050184 21.04868673
v 2.33437314 10.17070618 22.06422673
v 2.41333702 10.10843437 23.05238931
v 2.44928326 10.06963773 24.03721328
v 2.46648032 10.04680531 25.02551434
v 2.47189033 10.02864958 26.01604123
v 2.46462953 10.00787282 27.01144731
v 2.43678299 9.97696871 28.01624115
v 2.37595555 9.92834513 29.04788334
v 2.28013261 9.88190615 30.15429650
v 2.24066539 10.14409493 31.30661956
v 2.22923762 10.18679033 32.33659533
v 2.25108463 10.09346626 33.44773223
v 2.34100973 10.39733129 34.45414271
v 2.37647751 10.28263355 35.23357271
v 2.42069451 10.21636849 36.13453814
v 2.45042957 10.11905843 37.05220654
v 2.47052839 10.05494503 38.01827875
v 2.47931898 10.02372445 39.00603695
v 2.47867584 10.01308839 40.00276138
v 2.47080498 10.01280702 41.00270432
v 2.45608898 10.01811913 42.00292784
v 2.43124672 10.02765622 43.00012280
v 2.38544567 10.03900382 43.99098523
v 2.30040630 10.05369978 44.97792562
v 2.14848395 10.07145378 45.97301652
v 1.90226782 10.10331315 47.02369916
v 1.73492344 10.43601701 48.02737762
v 2.91744088 10.47028293 55.50139430
v 2.88506962 11.06506021 7.45628901
v 2.65521083 11.59469217 7.02054170
v 1.86928776 11.55150892 15.32772207
v 2.05980039 11.52161598 16.44706494
v 2.01787316 11.18795683 17.24770903
v 1.86324395 10.78995281 18.12031229
v 1.99677025 11.44209688 20.99390543
v 2.29432944 11.19566802 22.02377566
v 2.41723709 11.08928263 23.02400388
v 2.46575769 11.04307069 24.01769376
v 2.48357255 11.02280606 25.01169900
v 2.48913562 11.01253361 26.00727386
v 2.48715631 11.00400141 27.00468880
v 2.47510079 10.99256645 28.00586271
v 2.44716916 10.97705493 29.01705596
v 2.40272100 10.96977271 30.05144536
v 2.36295892 11.02113227 31.11064444
v 2.34607774 11.08705947 32.16202835
v 2.35247222 11.09690043 33.20278087
v 2.38443830 11.13622100 34.22342132
v 2.42157118 11.16416547 35.17582791
v 2.44863964 11.12575623 36.10131294
v 2.46978478 11.08088604 37.05048103
v 2.48343731 11.04099233 38.01969896
v 2.49088005 11.01727466 39.00642675
v 2.49327558 11.00693296 40.00182741
v 2.49199720 11.00405239 41.00057914
v 2.48764906 11.00467790 42.00016815
v 2.47908529 11.00718022 42.99900584
v 2.46178536 11.01085119 43.99544287
v 2.42590004 11.01592374 44.98865389
v 2.35493905 11.02481952 45.98027038
v 2.22985808 11.04828556 46.97413446
v 2.05283276 11.12778146 47.94784397
v 1.78112137 11.19379622 48.84656798
v 2.41454580 10.75771287 55.86554464
v 2.50417776 11.15010106 56.19479204
v 2.81933624 12.32754105 6.60053542
v 1.82908523 12.82846127 13.40486764
v 1.96833020 12.42991542 14.47050088
v 2.17095635 12.52534415 15.46757317
v 2.20289718 12.31628847 16.26280273
v 2.18700410 12.14625906 17.19576111
v 1.98446361 11.88016802 18.15188475
v 2.00757839 12.63237267 21.09657680
v 2.26250375 12.26970409 22.03485232
v 2.40449657 12.10762459 23.01627519
v 2.46600573 12.04040564 24.00891771
v 2.48837176 12.01516851 25.00517254
v 2.49518093 12.00613961 26.00299566
v 2.49587559 12.00201746 27.00174489
v 2.49198601 11.99817810 28.00165833
v 2.48150094 11.99344582 29.00452232
v 2.46313165 11.99155631 30.01436215
v 2.44190340 12.00379094 31.03413260
v 2.42735130 12.02929073 32.05887995
v 2.42506678 12.04773358 33.08120303
v 2.43546368 12.05898167 34.09513844
v 2.45332140 12.06891539 35.08909921
v 2.47020053 12.06361966 36.06307097
v 2.48260845 12.04457304 37.03501234
v 2.49084843 12.02529037 38.01597886
v 2.49552728 12.01152725 39.00584958
v 2.49763314 12.00438197 40.00172876
v 2.49800686 12.00167098 41.00038512
v 2.49714666 12.00112546 41.99996285
v 2.49486727 12.00151400 42.99952902
v 2.48966206 12.00235129 43.99832915
v 2.47747069 12.00359530 44.99547264
v 2.44990775 12.00614213 45.98983383
v 2.39297152 12.01376780 46.97870872
v 2.28788572 12.03564194 47.95168008
v 2.10367467 12.06903547 48.88922654
v 1.80294857 12.10720163 49.79380077
v 2.54914391 11.67142443 56.55951151
v 2.62708358 12.22220269 57.01698273
v 2.95584658 12.84583140 6.27662792
v 2.85662113 13.39114430 5.83875425
v 1.80930854 13.54704911 12.66316118
v 2.09811844 13.66062911 13.54069877
v 2.17757342 13.40951775 14.30246442
v 2.27311675 13.28009782 15.24851318
v 2.33528584 13.20961170 16.18695585
v 2.33263611 13.10741516 17.12221529
v 2.24787494 12.99858402 18.09920615
v 2.05266107 12.92596859 19.14499799
v 2.02575386 13.17869555 20.36798312
v 2.23357488 13.45945350 21.34978399
v 2.31060655 13.27079345 22.09911966
v 2.40797272 13.12228949 23.02945612
v 2.46463556 13.04624033 24.00913422
v 2.48863373 13.01515290 25.00316763
v 2.49664169 13.00456158 26.00131206
v 2.49854420 13.00125019 27.00062331
v 2.49785572 12.99975783 28.00040336
v 2.49473152 12.99838155 29.00088648
v 2.48847390 12.99771660 30.00313573
v 2.47987386 13.00056543 31.00852435
v 2.47206616 13.00842872 32.01699912
v 2.46846066 13.01729726 33.02650258
v 2.47045640 13.02317327 34.03406635
v 2.47686235 13.02643434 35.03584851
v 2.48460138 13.02601249 36.02972888
v 2.49100587 13.02049673 37.01919762
v 2.49530163 13.01278189 38.00987554
v 2.49779991 13.00642417 39.00411777
v 2.49902798 13.00260456 40.00137435
v 2.49947112 13.00088859 41.00035447
v 2.49943774 13.00033610 42.00003573
v 2.49898924 13.00027429 42.99987589
v 2.49775759 13.00038757 43.99954390
v 2.49443757 13.00056309 44.99860643
v 2.48565928 13.00091442 45.99613561
v 2.46394580 13.00220684 46.98963284
v 2.41457897 13.00635144 47.97241221
v 2.31134063 13.01458894 48.93186761
v 2.11815169 13.02878628 49.85689026
v 1.80840593 13.06223077 50.75275910
v 2.73220310 12.79409599 57.43025495
v 3.01745944 13.48779506 57.93136041
v 2.92948278 13.95156509 5.37152172
v 2.82377013 14.47984119 4.93269460
v 1.95173898 14.64323758 12.26477390
v 2.17132810 14.41255449 13.30353142
v 2.30067284 14.29620725 14.22057255
v 2.36716949 14.18550338 15.14319963
v 2.40958696 14.11892438 16.10268168
v 2.42232090 14.06935503 17.07067459
v 2.39577616 14.02096966 18.05198254
v 2.32998387 13.99224436 19.06309864
v 2.28239273 14.03965516 20.12077155
v 2.31729952 14.14492306 21.16156337
v 2.38399049 14.16691642 22.11260803
v 2.43314924 14.10104005 23.04340994
v 2.47002254 14.04496614 24.01366940
v 2.48935414 14.01590252 25.00377659
v 2.49691415 14.00461879 26.00099460
v 2.49915897 14.00112516 27.00028802
v 2.49945778 14.00013023 28.00010470
v 2.49878466 13.99968146 29.00012248
v 2.49708205 13.99944561 30.00049689
v 2.49434835 13.99999520 31.00163780
v 2.49130297 14.00200865 32.00384516
v 2.48918994 14.00498941 33.00688155
v 2.48894279 14.00752609 34.00990913
v 2.49059101 14.00891558 35.01165056
v 2.49328967 14.00905687 36.01099932
v 2.49592702 14.00772688 37.00818813
v 2.49784903 14.00532294 38.00480522
v 2.49899789 14.00293625 39.00225304
v 2.49958315 14.00130273 40.00084948
v 2.49982934 14.00046598 41.00025329
v 2.49989240 14.00014272 42.00005244
v 2.49983887 14.00005579 42.99998428
v 2.49961422 14.00004819 43.99990703
v 2.49889443 14.00004328 44.99966808
v 2.49661432 13.99998488 45.99886979
v 2.48972180 13.99979958 46.99623170
v 2.47038939 13.99924641 47.98798358
v 2.42133307 13.99739070 48.96548756
v 2.31251354 13.99303146 49.91480534
v 2.10809058 13.98934830 50.82131854
v 1.78738393 14.00626075 51.68176774
v 2.30607797 14.13145895 58.54433140
v 2.82244271 14.02280957 58.39297356
v 2.87751513 15.07801894 4.46914384
v 2.64748189 15.61992031 4.06131876
v 1.89689668 15.55741467 11.40875758
v 2.18445802 15.60184527 12.43458066
v 2.27448880 15.34347250 13.20410016
v 2.36709210 15.20190879 14.13392702
v 2.42358606 15.12024998 15.08525096
v 2.45337676 15.06922387 16.05378704
v 2.46617920 15.03868259 17.03534991
v 2.46200785 15.01678094 18.02434074
v 2.44116293 15.00285575 19.02387901
v 2.41724462 15.00962848 20.03899248
v 2.41418833 15.04054129 21.05915327
v 2.43511741 15.06518482 22.05887439
v 2.46084577 15.05720997 23.03636271
v 2.48013150 15.03242134 24.01489827
v 2.49194307 15.01355013 25.00469104
v 2.49740632 15.00439263 26.00119761
v 2.49932191 15.00112720 27.00026130
v 2.49980182 15.00021548 28.00005289
v 2.49976348 14.99997445 29.00001367
v 2.49940868 14.99988803 30.00004812
v 2.49872777 14.99996174 31.00022407
v 2.49782612 15.00037722 32.00065686
v 2.49701627 15.00114971 33.00138752
v 2.49665318 15.00197635 34.00228353
v 2.49689373 15.00252515 35.00302398
v 2.49759950 15.00267754 36.00322421
v 2.49844591 15.00241735 37.00273497
v 2.49914663 15.00181155 38.00183138
v 2.49959600 15.00109771 39.00097048
v 2.49983307 15.00053347 40.00041015
v 2.49993828 15.00020771 41.00013824
v 2.49997520 15.00006500 42.00003591
v 2.49997779 15.00001772 43.00000389
v 2.49994778 15.00000563 43.99998649
v 2.49982427 14.99999493 44.99993876
v 2.49933897 14.99994265 45.99973951
v 2.49749263 14.99970005 46.99891145
v 2.49098217 14.99869687 47.99575511
v 2.47057316 14.99515138 48.98540742
v 2.41569643 14.98504659 49.95718010
v 2.29228050 14.96212789 50.89296476
v 2.06582947 14.91889815 51.76291341
v 1.76429112 14.84414778 52.45047942
v 2.66268823 14.51291712 58.78153792
v 2.80232908 15.23907972 59.16920959
v 2.78819743 16.40513797 3.69720378
v 1.86493337 16.56582586 10.51832891
v 2.15750654 16.59615864 11.51723059
v 2.25847180 16.37513267 12.28142498
v 2.35926238 16.25772259 13.17400142
v 2.41716364 16.14585469 14.09002194
v 2.45525646 16.07782437 15.04975418
v 2.47617658 16.04057406 16.02816723
v 2.48570956 16.02066236 17.01649753
v 2.48734469 16.00952213 18.01032365
v 2.48219446 16.00298926 19.00827774
v 2.47345898 16.00237520 20.01138368
v 2.46828472 16.00977294 21.01831255
v 2.47163648 16.01992254 22.02244024
v 2.48060155 16.02291793 23.01868058
v 2.48932024 16.01690802 24.01053426
v 2.49516744 16.00868957 25.00420096
v 2.49824471 16.00331556 26.00126441
v 2.49949409 16.00096760 27.00029649
v 2.49987860 16.00021645 28.00005515
v 2.49994991 16.00002907 29.00000712
v 2.49990377 15.99998513 30.00000094
v 2.49977305 15.99998646 31.00001759
v 2.49956833 16.00005270 32.00007866
v 2.49934388 16.00020835 33.00020928
v 2.49919012 16.00041351 34.00040612
v 2.49917722 16.00058276 35.00061549
v 2.49930703 16.00065785 36.00074361
v 2.49951470 16.00062664 37.00071554
v 2.49971623 16.00050353 38.00054490
v 2.49986013 16.00033290 39.00032738
v 2.49994113 16.00017741 40.00015554
v 2.49997857 16.00007556 41.00005866
v 2.49999290 16.00002561 42.00001744
v 2.49999674 16.00000690 43.00000371
v 2.49999438 16.00000133 43.99999902
v 2.49997765 15.99999762 44.99999128
v 2.49989128 15.99997896 45.99995168
v 2.49946068 15.99986697 46.99974027
v 2.49750642 15.99929217 47.99873345
v 2.48983201 15.99688119 48.99469762
v 2.46454193 15.98878849 49.98145975
v 2.39552524 15.96696971 50.94645689
v 2.23920090 15.91779126 51.87371325
v 1.93443447 15.81085512 52.77246059
v 2.37675286 15.89095385 59.63440187
v 2.71945486 16.66727001 59.94902104
v 2.87199929 17.02373249 3.41728373
v 2.58467706 17.64402589 3.09011806
v 1.82162478 17.45856959 9.71502769
v 2.12321412 17.57665961 10.59221969
v 2.23636130 17.37532719 11.33684722
v 2.34567025 17.26722445 12.21812227
v 2.40960707 17.16708569 13.12175341
v 2.45106464 17.09786549 14.06448802
v 2.47468801 17.05057680 15.03122500
v 2.48766150 17.02411432 16.01518396
v 2.49384094 17.01102717 17.00766462
v 2.49593356 17.00480665 18.00414767
v 2.49528609 17.00173251 19.00270456
v 2.49286983 17.00067795 20.00295631
v 2.49049863 17.00193532 21.00475544
v 2.49019696 17.00486777 22.00675230
v 2.49228456 17.00700686 23.00696468
v 2.49525816 17.00648923 24.00505110
v 2.49765255 17.00413750 25.00259428
v 2.49905443 17.00190017 26.00096693
v 2.49969494 17.00064976 27.00026978
v 2.49992193 17.00016788 28.00005719
v 2.49998156 17.00003196 29.00000895
v 2.49998621 17.00000217 30.00000029
v 2.49996821 16.99999752 30.99999978
v 2.49993276 17.00000497 32.00000524
v 2.49988646 17.00002900 33.00002194
v 2.49984529 17.00006778 34.00005368
v 2.49982742 17.00010711 35.00009586
v 2.49984101 17.00013109 36.00013285
v 2.49987867 17.00013277 37.00014536
v 2.49992328 17.00011369 38.00012573
v 2.49995974 17.00008129 39.00008572
v 2.49998234 17.00004740 40.00004599
v 2.49999345 17.00002213 41.00001943
v 2.49999792 17.00000820 42.00000647
v 2.49999936 17.00000239 43.00000166
v 2.49999947 17.00000050 44.00000019
v 2.49999767 16.99999954 44.99999905
v 2.49998420 16.99999467 45.99999252
v 2.49989243 16.99995718 46.99994625
v 2.49934864 16.99972069 47.99966402
v 2.49667079 16.99854293 48.99825725
v 2.48591767 16.99394729 49.99263456
v 2.45088191 16.97990620 50.97479095
v 2.35808379 16.94637951 51.93036753
v 2.15722985 16.88570555 52.84593577
v 1.80447345 16.82959306 53.72938165
v 2.85785744 17.55725762 60.31580495
v 2.59121502 18.42334107 2.80233305
v 1.95070707 18.58494868 9.35131050
v 2.17921866 18.36838793 10.34504374
v 2.32089554 18.26735700 11.24433154
v 2.39785662 18.17096243 12.14491307
v 2.44524053 18.10518568 13.08221782
v 2.47173527 18.05952309 14.04237486
v 2.48627545 18.03075260 15.02004859
v 2.49371139 18.01418225 16.00874962
v 2.49723516 18.00596954 17.00375369
v 2.49863410 18.00236299 18.00168698
v 2.49886375 18.00084563 19.00087190
v 2.49839931 18.00025345 20.00070104
v 2.49768725 18.00031189 21.00102794
v 2.49729615 18.00093254 22.00162361
v 2.49756359 18.00166406 23.00199060
v 2.49830290 18.00189037 24.00176945
v 2.49906843 18.00147285 25.00113289
v 2.49958890 18.00081852 26.00052553
v 2.49985347 18.00033258 27.00017873
v 2.49995839 18.00010041 28.00004516
v 2.49999056 18.00002257 29.00000848
v 2.49999738 18.00000352 30.00000104
v 2.49999644 18.00000002 30.99999982
v 2.49999190 18.00000025 31.99999989
v 2.49998477 18.00000300 33.00000128
v 2.49997702 18.00000853 34.00000491
v 2.49997178 18.00001534 35.00001101
v 2.49997148 18.00002067 36.00001795
v 2.49997619 18.00002252 37.00002255
v 2.49998358 18.00002057 38.00002221
v 2.49999068 18.00001581 39.00001720
v 2.49999564 18.00001004 40.00001045
v 2.49999832 18.00000514 41.00000497
v 2.49999946 18.00000209 42.00000185
v 2.49999985 18.00000066 43.00000053
v 2.49999994 18.00000014 44.00000009
v 2.49999977 17.99999989 44.99999987
v 2.49999774 17.99999875 45.99999884
v 2.49997871 17.99998804 46.99998941
v 2.49983281 17.99990592 47.99991505
v 2.49894264 17.99942029 48.99945110
v 2.49463809 17.99721019 49.99718252
v 2.47808036 17.98945382 50.98849121
v 2.42716677 17.96851470 51.96236704
v 2.30161898 17.92565773 52.90031554
v 2.05527620 17.86189067 53.77748641
v 1.69939702 17.78488371 54.50458346
v 2.40959712 18.02538512 60.65656378
v 2.62087626 18.68291414 60.88234807
v 2.93198577 19.14089265 2.67242629
v 1.86874381 19.40491830 8.63504501
v 2.16245057 19.55226843 9.50976937
v 2.26860924 19.31662852 10.24318893
v 2.37096946 19.18538688 11.15283444
v 2.43366279 19.11056910 12.09206988
v 2.46698586 19.06287624 13.05053247
v 2.48426914 19.03405035 14.02579764
v 2.49282148 19.01710927 15.01201798
v 2.49690939 19.00780401 16.00508118
v 2.49874705 19.00317530 17.00196993
v 2.49949537 19.00116580 18.00074146
v 2.49972414 19.00039005 19.00029821
v 2.49969440 19.00011001 20.00016386
v 2.49954438 19.00004807 21.00018708
v 2.49940551 19.00013574 22.00031077
v 2.49939138 19.00030415 23.00044189
v 2.49951816 19.00042179 24.00046818
v 2.49970283 19.00039668 25.00036287
v 2.49985515 19.00026495 26.00020568
v 2.49994346 19.00012848 27.00008540
v 2.49998231 19.00004576 28.00002604
v 2.49999562 19.00001202 29.00000584
v 2.49999910 19.00000230 30.00000094
v 2.49999961 19.00000028 31.00000007
v 2.49999925 19.00000002 31.99999994
v 2.49999845 19.00000022 32.99999998
v 2.49999740 19.00000080 34.00000026
v 2.49999647 19.00000167 35.00000087
v 2.49999608 19.00000251 36.00000177
v 2.49999641 19.00000298 37.00000260
v 2.49999729 19.00000292 38.00000294
v 2.49999832 19.00000241 39.00000260
v 2.49999915 19.00000166 40.00000179
v 2.49999965 19.00000093 41.00000096
v 2.49999988 19.00000041 42.00000040
v 2.49999996 19.00000012 43.00000011
v 2.49999997 18.99999993 43.99999995
v 2.49999988 18.99999965 44.99999971
v 2.49999934 18.99999893 45.99999908
v 2.49999481 18.99999531 46.99999638
v 2.49995466 18.99996751 47.99997576
v 2.49966198 18.99977772 48.99982216
v 2.49798803 18.99877292 49.99891809
v 2.49047304 18.99469987 50.99480073
v 2.46378729 18.98206215 51.98024663
v 2.38821622 18.95217387 52.94025210
v 2.21565131 18.89878419 53.85588585
v 1.88534996 18.82643906 54.73926572
v 2.89835938 19.48162938 61.08035735
v 2.98131903 19.89154753 2.36212167
v 2.70397790 20.52835403 2.00313151
v 1.96254050 20.58931067 8.32486643
v 2.19946718 20.35347645 9.30466521
v 2.33892709 20.24545645 10.19917817
v 2.41215621 20.13826671 11.10419144
v 2.45656284 20.07310883 12.05592867
v 2.48012697 20.03762922 13.02929001
v 2.49132982 20.01869916 14.01441617
v 2.49636686 20.00888127 15.00659445
v 2.49854187 20.00392978 16.00275008
v 2.49944759 20.00157473 17.00103271
v 2.49980195 20.00055997 18.00035201
v 2.49992338 20.00017662 19.00011538
v 2.49994659 20.00004817 20.00004298
v 2.49992726 20.00001138 21.00003051
v 2.49989650 20.00001466 22.00004708
v 2.49988044 20.00004154 23.00007576
v 2.49989250 20.00007131 24.00009414
v 2.49992489 20.00008073 25.00008662
v 2.49995890 20.00006435 26.00005885
v 2.49998217 20.00003714 27.00002950
v 2.49999379 20.00001567 28.00001087
v 2.49999825 20.00000485 29.00000294
v 2.49999960 20.00000109 30.00000058
v 2.49999991 20.00000018 31.00000008
v 2.49999994 20.00000002 32.00000000
v 2.49999988 20.00000001 32.99999999
v 2.49999978 20.00000005 34.00000000
v 2.49999967 20.00000013 35.00000004
v 2.49999960 20.00000023 36.00000012
v 2.49999960 20.00000030 37.00000022
v 2.49999966 20.00000032 38.00000028
v 2.49999977 20.00000028 39.00000029
v 2.49999987 20.00000021 40.00000023
v 2.49999994 20.00000013 41.00000014
v 2.49999998 20.00000005 42.00000006
v 2.49999998 19.99999995 42.99999998
v 2.49999990 19.99999961 43.99999974
v 2.49999956 19.99999849 44.99999887
v 2.49999846 19.99999569 45.99999642
v 2.49999495 19.99998996 46.99999123
v 2.49997874 19.99997420 47.99997904
v 2.49987247 19.99989100 48.99991988
v 2.49920548 19.99941463 49.99954554
v 2.49580526 19.99721979 50.99757632
v 2.48209700 19.98944338 51.98953301
v 2.43826460 19.96841756 52.96404062
v 2.32635871 19.92549196 53.90103774
v 2.09859302 19.86074257 54.77531185
v 1.76528128 19.79082883 55.49491415
v 2.96629893 20.35576055 61.41099220
v 2.80407259 21.38410877 1.68684103
v 1.84410314 21.46471258 7.63252380
v 2.15859076 21.57567335 8.50541213
v 2.27393869 21.32049912 9.23007989
v 2.37871303 21.17933609 10.13450015
v 2.44041696 21.09952249 11.07321310
v 2.47216340 21.04981981 12.03554216
v 2.48799845 21.02316840 13.01670757
v 2.49519725 21.01031714 14.00763722
v 2.49817584 21.00444595 15.00332692
v 2.49933372 21.00184043 16.00135279
v 2.49976659 21.00071220 17.00050092
v 2.49992274 21.00024901 18.00016574
v 2.49997532 21.00007654 19.00004914
v 2.49998983 21.00002020 20.00001390
v 2.49999019 21.00000398 21.00000511
v 2.49998552 21.00000062 22.00000505
v 2.49998090 21.00000255 23.00000855
v 2.49997974 21.00000674 24.00001232
v 2.49998263 21.00000982 25.00001328
v 2.49998758 21.00000952 26.00001067
v 2.49999228 21.00000657 27.00000645
v 2.49999569 21.00000335 28.00000298
v 2.49999785 21.00000131 29.00000110
v 2.49999909 21.00000043 30.00000034
v 2.49999968 21.00000013 31.00000010
v 2.49999991 21.00000003 32.00000002
v 2.49999998 21.00000001 33.00000000
v 2.49999998 21.00000000 34.00000000
v 2.49999998 21.00000001 35.00000000
v 2.49999997 21.00000001 36.00000000
v 2.49999997 21.00000002 37.00000001
v 2.49999997 21.00000002 38.00000002
v 2.49999998 21.00000002 39.00000002
v 2.49999999 21.00000002 40.00000002
v 2.49999999 21.00000001 41.00000001
v 2.49999999 20.99999998 42.00000000
v 2.49999995 20.99999981 42.99999991
v 2.49999968 20.99999886 43.99999935
v 2.49999852 20.99999499 44.99999676
v 2.49999466 20.99998372 45.99998807
v 2.49998414 20.99995984 46.99996709
v 2.49995863 20.99992049 47.99993003
v 2.49988518 20.99984642 48.99986935
v 2.49956147 20.99957270 49.99967806
v 2.49792365 20.99829127 50.99869072
v 2.49073750 20.99324418 51.99417668
v 2.46535458 20.97779677 52.97800431
v 2.39367248 20.94174695 53.93294099
v 2.22988949 20.87962315 54.83731116
v 1.91154208 20.80814931 55.71051929
v 2.48436348 20.82019025 61.72048008
v 2.78111135 21.60359710 61.97248839
v 2.85712276 22.03554216 1.43938101
v 2.52595393 22.68081050 1.17112495
v 1.94445822 22.68270930 7.36834789
v 2.18952223 22.39177793 8.31564175
v 2.33704073 22.25893771 9.19915270
v 2.41387945 22.14057659 10.09916939
v 2.45900744 22.07076701 11.04915767
v 2.48217903 22.03354944 12.02296033
v 2.49280483 22.01458759 13.00986451
v 2.49731984 22.00587583 14.00403925
v 2.49907361 22.00224958 15.00160399
v 2.49969679 22.00083424 16.00061227
v 2.49990445 22.00029875 17.00021935
v 2.49997105 22.00010033 18.00007149
v 2.49999167 22.00003027 19.00002060
v 2.49999746 22.00000755 20.00000499
v 2.49999828 22.00000016 21.00000018
v 2.49999681 21.99999589 21.99999716
v 2.49999327 21.99999088 22.99999306
v 2.49998746 21.99998536 23.99998815
v 2.49998013 21.99998169 24.99998492
v 2.49997383 21.99998209 25.99998575
v 2.49997184 21.99998660 26.99999035
v 2.49997559 21.99999281 27.99999579
v 2.49998317 21.99999775 28.99999936
v 2.49999089 22.00000012 30.00000058
v 2.49999619 22.00000056 31.00000053
v 2.49999879 22.00000032 32.00000023
v 2.49999972 22.00000011 33.00000007
v 2.49999995 22.00000002 34.00000001
v 2.49999999 22.00000000 35.00000000
v 2.50000000 22.00000000 36.00000000
v 2.50000000 22.00000000 37.00000000
v 2.50000000 22.00000000 38.00000000
v 2.50000000 22.00000000 39.00000000
v 2.50000000 22.00000000 40.00000000
v 2.50000000 22.00000000 41.00000000
v 2.49999999 21.99999996 41.99999998
v 2.49999988 21.99999962 42.99999984
v 2.49999919 21.99999745 43.99999876
v 2.49999597 21.99998730 44.99999302
v 2.49998443 21.99995269 45.99997025
v 2.49995144 21.99986674 46.99990392
v 2.49987421 21.99971223 47.99976500
v 2.49971774 21.99950126 48.99955691
v 2.49938328 21.99919049 49.99929265
v 2.49834830 21.99829410 50.99868380
v 2.49422831 21.99481873 51.99607034
v 2.47897817 21.98316204 52.98577722
v 2.43261784 21.95226424 53.95363338
v 2.31978496 21.88905803 54.87321118
v 2.10252512 21.79533427 55.70614383
v 1.78329764 21.74565207 56.40883887
v 2.86681731 22.48966033 62.27958443
v 2.44245181 23.51913674 0.97429159
v 1.84631693 23.58954087 6.75395967
v 2.14813565 23.63144675 7.56320345
v 2.26470964 23.35669537 8.25477132
v 2.37443059 23.19554231 9.14185666
v 2.43951001 23.10498752 10.07393496
v 2.47255987 23.05070632 11.03402121
v 2.48861653 23.02241805 12.01470172
v 2.49569343 23.00914931 13.00592944
v 2.49850444 23.00342082 14.00221288
v 2.49952318 23.00118018 15.00078146
v 2.49985939 23.00038495 16.00026716
v 2.49996084 23.00012170 17.00008841
v 2.49998948 23.00003733 18.00002761
v 2.49999722 23.00001058 19.00000773
v 2.49999896 23.00000158 20.00000124
v 2.49999812 22.99999537 20.99999705
v 2.49999368 22.99998309 21.99998807
v 2.49998144 22.99995821 22.99996793
v 2.49995550 22.99992153 23.99993592
v 2.49991373 22.99988638 24.99990429
v 2.49986586 22.99987257 25.99989349
v 2.49983365 22.99989042 26.99991296
v 2.49983616 22.99993055 27.99994991
v 2.49987252 22.99997116 28.99998228
v 2.49992225 22.99999584 29.99999878
v 2.49996323 23.00000366 31.00000269
v 2.49998669 23.00000311 32.00000181
v 2.49999637 23.00000127 33.00000066
v 2.49999926 23.00000033 34.00000016
v 2.49999989 23.00000006 35.00000003
v 2.49999999 23.00000001 36.00000000
v 2.50000000 23.00000000 37.00000000
v 2.50000000 23.00000000 38.00000000
v 2.50000000 23.00000000 39.00000000
v 2.50000000 23.00000000 40.00000000
v 2.50000000 23.00000000 41.00000000
v 2.49999998 22.99999994 41.99999998
v 2.49999977 22.99999939 42.99999976
v 2.49999835 22.99999546 43.99999807
v 2.49999106 22.99997471 44.99998812
v 2.49996261 22.99989345 45.99994321
v 2.49987568 22.99965704 46.99978889
v 2.49966184 22.99915417 47.99939429
v 2.49922625 22.99839104 48.99867359
v 2.49846240 22.99753294 49.99776094
v 2.49712788 22.99646737 50.99683440
v 2.49396681 22.99376012 51.99507313
v 2.48388004 22.98484736 52.98847279
v 2.45235418 22.95939810 53.96630792
v 2.36984323 22.90035923 54.90740668
v 2.19654099 22.78832682 55.77753558
v 1.92655717 22.60072136 56.48405622
v 2.34912664 22.90689153 62.58553590
v 2.48807535 23.64462828 62.77353490
v 2.67113095 24.25352486 0.90371981
v 1.94675004 24.62941056 6.62215990
v 2.17246526 24.41520008 7.40220661
v 2.32486048 24.28052247 8.23284706
v 2.40776337 24.15349840 9.11125465
v 2.45673343 24.07633538 10.05254211
v 2.48163863 24.03530109 11.02341121
v 2.49281991 24.01485157 12.00950778
v 2.49743436 24.00568771 13.00356787
v 2.49916648 24.00198906 14.00123794
v 2.49975343 24.00063374 15.00039639
v 2.49993349 24.00018521 16.00011930
v 2.49998351 24.00005087 17.00003468
v 2.49999614 24.00001348 18.00000979
v 2.49999899 24.00000304 19.00000239
v 2.49999887 23.99999797 19.99999909
v 2.49999527 23.99998646 20.99999226
v 2.49998156 23.99994969 21.99996848
v 2.49994143 23.99985825 22.99990232
v 2.49984737 23.99969442 23.99977049
v 2.49967399 23.99949430 24.99959537
v 2.49943534 23.99935485 25.99946825
v 2.49921601 23.99936775 26.99948331
v 2.49913467 23.99953622 27.99963592
v 2.49924566 23.99976496 28.99982353
v 2.49948434 23.99993931 29.99995118
v 2.49972605 24.00001445 31.00000158
v 2.49988804 24.00002247 32.00000862
v 2.49996514 24.00001137 33.00000444
v 2.49999181 24.00000353 34.00000133
v 2.49999857 24.00000074 35.00000027
v 2.49999982 24.00000011 36.00000004
v 2.49999998 24.00000001 37.00000000
v 2.50000000 24.00000000 38.00000000
v 2.50000000 24.00000000 39.00000000
v 2.50000000 24.00000000 40.00000000
v 2.50000000 24.00000000 41.00000000
v 2.49999997 23.99999993 41.99999997
v 2.49999965 23.99999918 42.99999968
v 2.49999724 23.99999334 43.99999736
v 2.49998372 23.99995933 44.99998293
v 2.49992596 23.99980972 45.99991259
v 2.49973468 23.99931036 46.99964119
v 2.49923375 23.99805800 47.99882217
v 2.49816827 23.99576978 48.99695749
v 2.49626349 23.99289545 49.99398420
v 2.49331637 23.99033382 50.99087131
v 2.48889790 23.98742381 51.98836880
v 2.48027792 23.98007176 52.98381771
v 2.45733572 23.95940079 53.96809033
v 2.39585183 23.90986232 54.92388247
v 2.25434524 23.81112584 55.83092368
v 1.97320830 23.64238214 56.70752203
v 2.61789823 24.46835000 62.87572418
v 2.93750803 24.99265134 0.85326054
v 1.98038840 25.55709656 6.48338745
v 2.20309121 25.35147552 7.29863229
v 2.34549986 25.20619557 8.17056748
v 2.42621178 25.11383768 9.08629837
v 2.46716329 25.05552971 10.03827202
v 2.48679860 25.02437135 11.01584204
v 2.49521777 25.00973129 12.00610650
v 2.49842453 25.00351765 13.00215435
v 2.49952742 25.00115048 14.00069586
v 2.49987122 25.00034092 15.00020593
v 2.49996816 25.00009144 16.00005586
v 2.49999286 25.00002231 17.00001411
v 2.49999850 25.00000493 18.00000335
v 2.49999940 25.00000011 19.00000026
v 2.49999789 24.99999425 19.99999698
v 2.49998925 24.99997051 20.99998411
v 2.49995492 24.99988214 21.99993318
v 2.49984702 24.99962715 22.99977050
v 2.49957424 24.99907993 23.99937615
v 2.49901649 24.99825032 24.99870035
v 2.49812321 24.99744696 25.99797093
v 2.49709161 24.99714592 26.99765585
v 2.49640009 24.99759159 27.99801723
v 2.49648085 24.99854975 28.99879725
v 2.49730588 24.99948267 29.99950598
v 2.49839835 25.00000099 30.99988982
v 2.49926660 25.00012198 32.00000913
v 2.49974282 25.00007828 33.00001802
v 2.49993118 25.00002876 34.00000765
v 2.49998604 25.00000713 35.00000196
v 2.49999788 25.00000125 36.00000034
v 2.49999976 25.00000015 37.00000004
v 2.49999998 25.00000001 38.00000000
v 2.50000000 25.00000000 39.00000000
v 2.50000000 25.00000000 40.00000000
v 2.50000000 25.00000000 41.00000000
v 2.49999996 24.99999992 41.99999997
v 2.49999954 24.99999904 42.99999961
v 2.49999613 24.99999168 43.99999665
v 2.49997531 24.99994538 44.99997781
v 2.49987816 24.99972226 45.99988303
v 2.49952711 24.99889130 46.99949738
v 2.49853341 24.99650141 47.99821532
v 2.49629829 24.99128238 48.99476543
v 2.49218814 24.98307547 49.98761240
v 2.48566974 24.97501120 50.97772250
v 2.47662046 24.96996260 51.96971090
v 2.46470056 24.96334090 52.96485804
v 2.44450191 24.94509324 53.95395582
v 2.39777420 24.90280167 54.91812316
v 2.28971464 24.81979195 55.83233769
v 2.07817632 24.68738853 56.67254407
v 1.75782684 24.55960748 57.40092483
v 2.75011693 25.45803540 62.93879771
v 2.48973789 26.58766350 0.30665079
v 2.92727623 25.97860652 0.66018493
v 1.96852251 26.59677976 6.28182290
v 2.20802133 26.31617855 7.20318539
v 2.34551289 26.16592955 8.11198054
v 2.42429193 26.08525392 9.05552714
v 2.46638829 26.04158326 10.02510585
v 2.48677043 26.01812045 11.01026612
v 2.49548057 26.00694550 12.00383511
v 2.49866554 26.00234954 13.00130040
v 2.49965501 26.00070599 14.00039625
v 2.49992026 26.00019013 15.00010871
v 2.49998319 26.00004623 16.00002699
v 2.49999673 26.00001010 17.00000605
v 2.49999932 26.00000164 18.00000102
v 2.49999924 25.99999817 18.99999893
v 2.49999597 25.99998827 19.99999335
v 2.49997895 25.99994379 20.99996919
v 2.49990778 25.99976998 21.99987437
v 2.49966761 25.99921596 22.99955572
v 2.49901549 25.99783317 23.99867578
v 2.49757989 25.99526777 24.99680170
v 2.49500295 25.99203358 25.99404291
v 2.49142411 25.98978644 26.99175030
v 2.48808897 25.99010451 27.99165033
v 2.48690722 25.99301441 28.99387328
v 2.48876073 25.99684437 29.99678890
v 2.49253692 25.99956088 30.99885724
v 2.49619545 26.00049770 31.99977475
v 2.49851400 26.00042358 33.00001143
v 2.49955372 26.00018260 34.00002494
v 2.49989697 26.00005249 35.00000934
v 2.49998184 26.00001073 36.00000210
v 2.49999759 26.00000158 37.00000032
v 2.49999976 26.00000017 38.00000003
v 2.49999998 26.00000001 39.00000000
v 2.50000000 26.00000000 40.00000000
v 2.50000000 26.00000000 41.00000000
v 2.49999996 25.99999992 41.99999997
v 2.49999948 25.99999901 42.99999957
v 2.49999533 25.99999089 43.99999608
v 2.49996810 25.99993658 44.99997301
v 2.49983076 25.99965629 45.99985445
v 2.49929139 25.99852452 46.99936604
v 2.49762936 25.99492439 47.99770841
v 2.49359244 25.98591629 48.99295560
v 2.48581101 25.96853401 49.98132028
v 2.47355339 25.94475758 50.95819873
v 2.45584623 25.93000696 51.93152921
v 2.43339724 25.92666864 52.91822411
v 2.40752371 25.91054023 53.91247444
v 2.36749574 25.86874479 54.88652715
v 2.28325349 25.79401340 55.81087491
v 2.11262380 25.67031851 56.65701364
v 1.82127900 25.49322821 57.40490241
v 2.56330946 26.36341235 63.06252055
v 2.88874324 26.85980688 0.42305932
v 2.38158623 27.37808194 0.16376165
v 1.77038710 27.46498220 5.66652717
v 2.06642643 27.52884346 6.46016126
v 2.20218079 27.26293482 7.15224890
v 2.31825877 27.12250641 8.05089760
v 2.39535621 27.06532899 9.01513765
v 2.44598504 27.03793752 10.00631136
v 2.47643721 27.01879285 11.00372620
v 2.49149353 27.00759373 12.00191310
v 2.49748904 27.00250668 13.00076637
v 2.49939787 27.00068340 14.00024418
v 2.49988253 27.00015669 15.00006402
v 2.49998108 27.00003105 16.00001433
v 2.49999736 27.00000532 17.00000270
v 2.49999942 26.99999985 17.99999979
v 2.49999852 26.99999502 18.99999675
v 2.49999229 26.99997629 19.99998539
v 2.49996228 26.99989710 20.99993946
v 2.49983624 26.99959615 21.99977009
v 2.49938940 26.99860718 22.99921769
v 2.49808787 26.99589353 23.99764472
v 2.49501311 26.98996189 24.99384205
v 2.48910386 26.98039350 25.98657573
v 2.47970543 26.97078375 26.97743497
v 2.46846390 26.96741564 27.97235361
v 2.46082118 26.97320809 28.97568434
v 2.46212604 26.98519799 29.98456922
v 2.47189169 26.99636490 30.99295118
v 2.48413144 27.00150998 31.99777493
v 2.49317759 27.00184510 32.99958255
v 2.49773354 27.00092241 33.99999149
v 2.49941449 27.00030157 35.00002222
v 2.49988264 27.00007062 36.00000798
v 2.49998192 27.00001215 37.00000162
v 2.49999789 27.00000153 38.00000022
v 2.49999982 27.00000014 39.00000002
v 2.49999999 27.00000001 40.00000000
v 2.50000000 27.00000000 41.00000000
v 2.49999996 26.99999993 41.99999997
v 2.49999948 26.99999908 42.99999958
v 2.49999505 26.99999108 43.99999591
v 2.49996407 26.99993454 44.99997000
v 2.49979705 26.99962621 45.99983018
v 2.49909221 26.99830561 46.99923908
v 2.49674298 26.99381013 47.99723602
v 2.49053846 26.98154570 48.99162409
v 2.47757719 26.95459804 49.97795735
v 2.45632913 26.90724619 50.94671940
v 2.42889831 26.84693710 51.87775661
v 2.38873776 26.85124400 52.82383877
v 2.34330938 26.86157977 53.82471769
v 2.30003538 26.80483345 54.81715680
v 2.23214531 26.72873316 55.75513399
v 2.09768921 26.61669242 56.61527822
v 1.85486015 26.45430324 57.37602494
v 2.69195104 27.17250341 63.08862863
v 2.55689847 28.35253527 0.11112013
v 1.74871150 28.55840431 5.48081002
v 1.99819259 28.30732015 6.24718888
v 2.15836787 28.13650324 7.07469268
v 2.25285366 28.02728908 7.95650337
v 2.32421723 28.03053545 8.93583559
v 2.39012630 28.05310694 9.96645252
v 2.44571509 28.03446215 10.99087245
v 2.47832423 28.01569104 11.99900782
v 2.49300080 28.00552034 13.00033375
v 2.49818620 28.00153208 14.00021367
v 2.49962644 28.00033652 15.00006484
v 2.49993946 28.00005843 16.00001358
v 2.49999223 28.00000748 17.00000179
v 2.49999854 27.99999792 17.99999826
v 2.49999654 27.99998736 18.99999139
v 2.49998448 27.99994929 19.99996652
v 2.49993286 27.99980702 20.99987746
v 2.49972961 27.99930904 21.99957530
v 2.49901346 27.99773362 22.99864241
v 2.49683390 27.99334266 23.99609388
v 2.49129895 27.98284178 24.98991870
v 2.47986257 27.96236119 25.97663725
v 2.46077340 27.93325090 26.95278757
v 2.43313739 27.91284428 27.92778660
v 2.40531055 27.91713241 28.92286716
v 2.39591205 27.94445184 29.94189033
v 2.41321964 27.98088159 30.96813914
v 2.44589123 28.00336434 31.98736623
v 2.47479619 28.00669891 32.99652447
v 2.49089058 28.00379149 33.99938252
v 2.49740801 28.00137869 34.99995621
v 2.49941908 28.00036207 36.00001137
v 2.49989817 28.00007091 37.00000463
v 2.49998622 28.00001041 38.00000088
v 2.49999859 28.00000113 39.00000011
v 2.49999989 28.00000009 40.00000001
v 2.49999999 28.00000000 41.00000000
v 2.49999997 27.99999995 41.99999998
v 2.49999955 27.99999924 42.99999966
v 2.49999535 27.99999220 43.99999636
v 2.49996414 27.99993936 44.99997100
v 2.49978535 27.99963491 45.99982284
v 2.49898264 27.99826164 46.99915342
v 2.49612510 27.99334696 47.99678518
v 2.48800600 27.97923412 48.99015054
v 2.46956302 27.94629812 49.97516053
v 2.43626458 27.88241411 50.94630338
v 2.39006161 27.77391931 51.88666035
v 2.35366227 27.59524783 52.64843995
v 2.25609385 27.86995770 53.65431236
v 2.19898060 27.72286889 54.70969254
v 2.14004294 27.62439723 55.65910147
v 2.03933438 27.51520164 56.53344391
v 1.84870380 27.37418046 57.31202123
v 2.80879656 28.18716453 63.16584562
v 2.70998528 29.41506876 0.07684560
v 1.69932475 29.38504331 5.30996994
v 1.90938677 29.32141613 6.02721207
v 2.05959168 28.98936785 6.91281854
v 2.14430083 28.86070630 7.80135752
v 2.20676105 28.87916142 8.74464029
v 2.27351473 29.13226730 9.86387307
v 2.38183855 29.08760665 10.96384145
v 2.44943315 29.04063021 11.99438065
v 2.48221098 29.01499420 13.00018268
v 2.49492165 29.00444360 14.00044376
v 2.49883857 29.00104941 15.00015890
v 2.49978981 29.00019504 16.00003509
v 2.49996992 29.00002653 17.00000438
v 2.49999479 28.99999505 17.99999533
v 2.49999129 28.99996820 18.99997853
v 2.49996666 28.99988575 19.99992226
v 2.49987465 28.99961912 20.99974364
v 2.49955134 28.99878887 21.99920323
v 2.49849298 28.99636181 22.99764723
v 2.49533461 28.98991243 23.99355926
v 2.48699689 28.97459375 24.98415655
v 2.46830999 28.94220611 25.96488505
v 2.43431419 28.88382260 26.92737281
v 2.38691609 28.80705022 27.85563784
v 2.31671274 28.79037300 28.80113693
v 2.26475567 28.83186424 29.82237778
v 2.27772396 28.91889606 30.88620648
v 2.34548302 29.00626889 31.94708645
v 2.42421159 29.02144267 32.98308142
v 2.47086473 29.01300897 33.99607486
v 2.49101931 29.00509556 34.99935866
v 2.49778165 29.00146688 35.99994005
v 2.49956445 29.00032047 37.00000164
v 2.49993284 29.00005341 38.00000167
v 2.49999200 29.00000674 39.00000031
v 2.49999928 29.00000063 40.00000004
v 2.49999995 29.00000004 41.00000000
v 2.49999998 28.99999997 41.99999999
v 2.49999965 28.99999946 42.99999977
v 2.49999617 28.99999403 43.99999733
v 2.49996836 28.99995026 44.99997664
v 2.49979822 28.99968077 45.99984355
v 2.49898592 28.99838990 46.99918331
v 2.49591786 28.99351619 47.99663061
v 2.48666177 28.97887320 48.98891278
v 2.46421060 28.94355712 49.97076792
v 2.42026025 28.87418483 50.93842320
v 2.35055793 28.75891680 51.90127210
v 2.25861053 28.57292996 52.93455998
v 3.01613165 29.25649731 63.27277779
v 2.53391218 30.36970708 -0.02990030
v 1.73698728 30.23785088 5.47214706
v 2.28347984 30.22646079 10.93261290
v 2.40425845 30.09577644 11.99579353
v 2.46364435 30.03587761 13.00283779
v 2.48860834 30.01126242 14.00166396
v 2.49711150 30.00288043 15.00053904
v 2.49941544 30.00058812 16.00012194
v 2.49990575 30.00008998 17.00001725
v 2.49998315 29.99999150 17.99998933
v 2.49997793 29.99992426 18.99995033
v 2.49992549 29.99974172 19.99982734
v 2.49975326 29.99921675 20.99946199
v 2.49922126 29.99778590 21.99846970
v 2.49766114 29.99403381 22.99591150
v 2.49338233 29.98475246 23.98957018
v 2.48252257 29.96390572 24.97510821
v 2.45738085 29.92194401 25.94710033
v 2.40658107 29.84216186 26.90020677
v 2.32287815 29.69938114 27.82027575
v 2.24903576 29.48859696 28.58145625
v 2.04572137 29.65537009 29.54484236
v 2.03545685 29.66214241 30.66780244
v 2.11124678 30.02367476 31.81770943
v 2.31319165 30.06568088 32.94105463
v 2.42617896 30.03824500 33.98538736
v 2.47575913 30.01539978 34.99713375
v 2.49347259 30.00473524 35.99957423
v 2.49857937 30.00113261 36.99995734
v 2.49975365 30.00021061 37.99999833
v 2.49996648 30.00003019 39.00000028
v 2.49999649 30.00000329 40.00000006
v 2.49999972 30.00000027 41.00000001
v 2.49999997 30.00000000 41.99999999
v 2.49999978 29.99999968 42.99999988
v 2.49999731 29.99999612 43.99999843
v 2.49997581 29.99996486 44.99998476
v 2.49983355 29.99975620 45.99988750
v 2.49910358 29.99867833 46.99935310
v 2.49615922 29.99431267 47.99705682
v 2.48672865 29.98033424 48.98928699
v 2.46255670 29.94481977 49.96862229
v 2.41262679 29.87327137 50.92617694
v 2.32897296 29.75895356 51.86069354
v 2.21442397 29.61767872 52.78844676
v 1.51566128 30.55271534 58.60883690
v 2.42882027 29.90255699 63.62461993
v 2.53600160 30.64743368 63.75709385
v 2.65897708 31.16818140 -0.01317844
v 1.69177349 31.30386148 5.36034402
v 2.24507282 31.38920267 11.17429027
v 2.36473003 31.17220969 12.04385902
v 2.44246522 31.06802785 13.01591119
v 2.48001405 31.02286780 14.00558672
v 2.49437595 31.00634408 15.00162185
v 2.49873148 31.00141940 16.00036987
v 2.49977042 31.00024022 17.00005656
v 2.49995485 30.99998620 17.99997534
v 2.49994651 30.99983144 18.99988879
v 2.49983393 30.99944499 19.99964050
v 2.49950035 30.99839577 20.99892423
v 2.49859145 30.99582037 21.99707597
v 2.49622288 30.98987947 22.99275471
v 2.49036726 30.97663100 23.98322956
v 2.47687715 30.94843667 24.96264156
v 2.44790902 30.89449970 25.92034074
v 2.38830560 30.80632994 26.85175712
v 2.27541662 30.65340788 27.76676730
v 2.07078824 30.35288635 28.73305618
v 2.13416862 31.20687649 32.85245829
v 2.35681550 31.09701170 33.96696756
v 2.45015927 31.03796740 34.99323531
v 2.48538312 31.01216362 35.99884036
v 2.49648270 31.00313717 36.99984356
v 2.49931796 31.00064243 37.99998445
v 2.49989512 31.00010306 38.99999899
v 2.49998743 31.00001275 39.99999997
v 2.49999885 31.00000119 41.00000000
v 2.49999992 31.00000007 42.00000000
v 2.49999988 30.99999985 42.99999995
v 2.49999843 30.99999792 43.99999927
v 2.49998445 30.99997926 44.99999213
v 2.49988286 30.99984258 45.99993581
v 2.49931381 30.99907058 46.99959365
v 2.49682358 30.99566171 47.99796458
v 2.48822929 30.98377663 48.99180119
v 2.46469489 30.95088425 49.97307300
v 2.41336192 30.87885941 50.92740666
v 2.32355329 30.75697945 51.84208588
v 2.19645000 30.60018794 52.72237241
v 1.56217448 31.20727219 58.63048052
v 2.60178838 31.42672986 63.80836015
v 2.73158349 32.14278349 -0.00438713
v 1.70430525 32.29778072 5.36499091
v 2.23894397 32.39099501 11.18751613
v 2.34974276 32.22212788 12.09427049
v 2.42847231 32.09918457 13.03622986
v 2.47234006 32.03662326 14.01239757
v 2.49135525 32.01111219 15.00362553
v 2.49783150 32.00272278 16.00086232
v 2.49955967 32.00049943 17.00013769
v 2.49989899 31.99996288 17.99993586
v 2.49987792 31.99963596 18.99974348
v 2.49964389 31.99888130 19.99926562
v 2.49899468 31.99688698 20.99797462
v 2.49740244 31.99218898 21.99470238
v 2.49371628 31.98236995 22.98731291
v 2.48554413 31.96315681 23.97235984
v 2.46833850 31.92651361 24.94444415
v 2.43510067 31.85718535 25.89155820
v 2.37687992 31.74028155 26.78317917
v 2.26812581 31.61722370 27.64086227
v 2.08508317 31.41099711 28.46900475
v 2.12331374 32.49150542 32.97592479
v 2.31397633 32.19271376 33.98444399
v 2.42605796 32.07334387 34.99574120
v 2.47570620 32.02440967 35.99917716
v 2.49346262 32.00676123 36.99988420
v 2.49857822 32.00151632 37.99998825
v 2.49975357 32.00027007 38.99999904
v 2.49996648 32.00003754 39.99999989
v 2.49999649 32.00000400 40.99999998
v 2.49999972 32.00000032 42.00000000
v 2.49999994 31.99999996 42.99999998
v 2.49999926 31.99999910 43.99999974
v 2.49999186 31.99999006 44.99999683
v 2.49993194 31.99991656 45.99997143
v 2.49956034 31.99945845 46.99980186
v 2.49776778 31.99723251 47.99891996
v 2.49097534 31.98869316 48.99527862
v 2.47063437 31.96253364 49.98305376
v 2.42245009 31.89792097 50.94846323
v 2.33291100 31.76961189 51.86303344
v 2.20151245 31.58501530 52.71235801
v 1.67778372 31.85558730 58.33826019
v 1.51001775 31.88742935 58.80543512
v 2.61582733 32.21429009 63.81730183
v 2.78449733 33.12472510 0.00714310
v 1.78824885 33.40348882 5.55903413
v 2.26832824 33.43022961 11.06290292
v 2.35926421 33.23743835 12.08581905
v 2.42730521 33.11610387 13.04589734
v 2.46905380 33.04713980 14.01814928
v 2.48931236 33.01567690 15.00581223
v 2.49702851 33.00419557 16.00149238
v 2.49931938 33.00080739 17.00023582
v 2.49980242 32.99985537 17.99981955
v 2.49973159 32.99919953 18.99939008
v 2.49927079 32.99780841 19.99844751
v 2.49805219 32.99433285 20.99621383
v 2.49524986 32.98624858 21.99094786
v 2.48941618 32.96970789 22.97906291
v 2.47788348 32.94040765 23.95538129
v 2.45606100 32.89184304 24.91343715
v 2.41614224 32.81397387 25.85013974
v 2.35101921 32.67101151 26.75167185
v 2.27528162 32.41128075 27.46341282
v 2.10825943 32.47933577 28.30323305
v 2.00844732 33.69647390 31.44888035
v 2.08701975 33.33970385 32.35811560
v 2.26523863 33.48566365 33.33356339
v 2.34047160 33.24448191 34.07326368
v 2.42252894 33.10261592 35.01626846
v 2.47044631 33.03699302 36.00358841
v 2.49094166 33.01117167 37.00073464
v 2.49777095 33.00275671 38.00012857
v 2.49956339 33.00054469 39.00001777
v 2.49993277 33.00008464 40.00000177
v 2.49999200 33.00001015 41.00000011
v 2.49999928 33.00000092 42.00000000
v 2.49999994 33.00000004 43.00000000
v 2.49999973 32.99999970 43.99999993
v 2.49999662 32.99999621 44.99999901
v 2.49996832 32.99996451 45.99999010
v 2.49977175 32.99974487 46.99992525
v 2.49871476 32.99856551 47.99956405
v 2.49426215 32.99358535 48.99800374
v 2.47943643 32.97679738 49.99268510
v 2.44017121 32.93068176 50.97776842
v 2.35758146 32.82358967 51.93774848
v 2.22768236 32.59765686 52.78324394
v 1.53047622 32.44030861 58.67408185
v 2.54549342 32.91451791 63.78729623
v 2.84962316 34.07629691 0.04131574
v 1.81925856 34.61504733 5.58928469
v 2.03961841 34.20294498 6.38466943
v 2.15658516 34.28117618 7.36694827
v 2.19305899 34.28714695 8.30874769
v 2.21914705 34.24602773 9.28280399
v 2.26390822 34.12400859 10.34549234
v 2.35676213 34.40360966 11.35051370
v 2.39298513 34.22518047 12.11049563
v 2.43880190 34.11487473 13.04891749
v 2.47146905 34.05026878 14.02036404
v 2.48917753 34.01817937 15.00708431
v 2.49667404 34.00526367 16.00195619
v 2.49912271 34.00098409 17.00025379
v 2.49963689 33.99949412 17.99951029
v 2.49941516 33.99820020 18.99857846
v 2.49854241 33.99565038 19.99665777
v 2.49639338 33.98992848 20.99262882
v 2.49163750 33.97735462 21.98442630
v 2.48230747 33.95146581 22.96754453
v 2.46594003 33.90476847 23.93251750
v 2.43811021 33.83655714 24.87115943
v 2.39406483 33.73868056 25.77003788
v 2.31916096 33.63167679 26.66634209
v 2.20042383 33.38078065 27.65144780
v 2.13658980 34.61672231 31.33645004
v 2.21549813 34.38379044 32.24842907
v 2.30790273 34.26216370 33.19272203
v 2.38815925 34.19348845 34.11576615
v 2.43911761 34.09998403 35.03973054
v 2.47320014 34.04128290 36.01112553
v 2.49058078 34.01396171 37.00264230
v 2.49736019 34.00383911 38.00052295
v 2.49941338 34.00084590 39.00008348
v 2.49989767 34.00014697 40.00001033
v 2.49998619 34.00001978 41.00000094
v 2.49999859 34.00000202 42.00000006
v 2.49999989 34.00000015 43.00000000
v 2.49999992 33.99999993 43.99999998
v 2.49999892 33.99999886 44.99999975
v 2.49998844 33.99998796 45.99999721
v 2.49990621 33.99990361 46.99997719
v 2.49940977 33.99940180 47.99985965
v 2.49707244 33.99707481 48.99934948
v 2.48839453 33.98855159 49.99777718
v 2.46269261 33.96348772 50.99494484
v 2.40084643 33.90255626 51.99733546
v 2.27375708 33.77075328 53.05145199
v 2.46374351 33.46265632 63.70413612
v 2.68353692 33.95776058 63.42366320
v 2.84839777 33.25161909 63.57985335
v 2.95853892 35.01500620 0.11941720
v 1.83427213 35.70520936 5.61056382
v 2.09518257 35.35764946 6.34578920
v 2.23678451 35.19592900 7.22223909
v 2.29885213 35.16848099 8.17797042
v 2.32566231 35.15209732 9.16058323
v 2.35151396 35.12456927 10.16954178
v 2.39118440 35.14547380 11.17492770
v 2.42988057 35.15224027 12.12147971
v 2.45707501 35.09202550 13.05213088
v 2.47817120 35.04439238 14.02069626
v 2.49092990 35.01747530 15.00729980
v 2.49690547 35.00538856 16.00204946
v 2.49900109 35.00075753 17.00005822
v 2.49932783 34.99854559 17.99880634
v 2.49873482 34.99600631 18.99688457
v 2.49710041 34.99124464 19.99304155
v 2.49348272 34.98182123 20.98554793
v 2.48596485 34.96333430 21.97180916
v 2.47157651 34.92786500 22.94825130
v 2.44753196 34.86120018 23.90628906
v 2.41331575 34.75034442 24.81782684
v 2.36017768 34.63710720 25.69725354
v 2.30424335 34.43623966 26.43587071
v 2.18525582 34.55635759 27.31629811
v 2.22617125 35.66616950 31.14787628
v 2.30200311 35.36205350 32.15810634
v 2.36804055 35.20298117 33.11647253
v 2.42207657 35.12215917 34.07751995
v 2.45899451 35.07152406 35.04040764
v 2.48073470 35.03414819 36.01502374
v 2.49244540 35.01316122 37.00438072
v 2.49760643 35.00408510 38.00102691
v 2.49939707 35.00101172 39.00019234
v 2.49988080 35.00019730 40.00002823
v 2.49998177 35.00002981 41.00000315
v 2.49999788 35.00000342 42.00000026
v 2.49999982 35.00000029 43.00000001
v 2.49999997 34.99999999 43.99999999
v 2.49999972 34.99999967 44.99999991
v 2.49999665 34.99999642 45.99999911
v 2.49996938 34.99996899 46.99999285
v 2.49978419 34.99979017 47.99995491
v 2.49880897 34.99888605 48.99978796
v 2.49478269 34.99531618 49.99930759
v 2.48162410 34.98426017 50.99882934
v 2.44724259 34.95750745 52.00233147
v 2.37472425 34.90917351 53.02716874
v 2.25354307 34.86754232 54.11605662
v 2.15678266 35.12733901 55.20046522
v 2.05315672 35.15082252 56.04005954
v 1.78931043 35.26463502 57.44312474
v 2.66422674 34.99842004 63.19192772
v 2.81344317 35.90898377 0.16863622
v 1.81756883 36.71186128 5.64565328
v 2.10924185 36.40182136 6.34265851
v 2.28459683 36.20133640 7.17615240
v 2.36784814 36.11267858 8.10350237
v 2.40141156 36.08463307 9.07964107
v 2.41850945 36.07187470 10.07696997
v 2.43631561 36.06823097 11.07916901
v 2.45654989 36.06882048 12.06788178
v 2.47378873 36.05490836 13.04150510
v 2.48595342 36.03117237 14.01834208
v 2.49365823 36.01367080 15.00666003
v 2.49754458 36.00435242 16.00177238
v 2.49888321 35.99983968 16.99954437
v 2.49871495 35.99647962 17.99744965
v 2.49734510 35.99155564 18.99370723
v 2.49430163 35.98269189 19.98644051
v 2.48831696 35.96680156 20.97291872
v 2.47700998 35.93941265 21.94945038
v 2.45679617 35.89278378 22.91143359
v 2.42277779 35.81626019 23.85953227
v 2.37428345 35.67411303 24.78817644
v 2.33053629 35.41225652 25.54858104
v 2.22079397 35.45386311 26.53827130
v 2.21992446 36.56469030 30.41360334
v 2.32767276 36.60130112 31.40447035
v 2.36735761 36.33194407 32.14850800
v 2.41378960 36.17051998 33.07901015
v 2.45002244 36.08628047 34.04655078
v 2.47412710 36.04473527 35.02631314
v 2.48799552 36.02229716 36.01234098
v 2.49507191 36.00954360 37.00446052
v 2.49829209 36.00333868 38.00125909
v 2.49951906 36.00093346 39.00027915
v 2.49989276 36.00020525 40.00004825
v 2.49998145 36.00003492 41.00000639
v 2.49999756 36.00000451 42.00000063
v 2.49999976 36.00000042 43.00000004
v 2.49999997 35.99999999 43.99999998
v 2.49999990 35.99999974 44.99999984
v 2.49999897 35.99999814 45.99999910
v 2.49999057 35.99998689 46.99999492
v 2.49992974 35.99991654 47.99997286
v 2.49958151 35.99955441 48.99987429
v 2.49800726 35.99806503 49.99953855
v 2.49236683 35.99323288 50.99878382
v 2.47628496 35.98105963 51.99822310
v 2.43971595 35.95843545 53.00130307
v 2.37385680 35.93429718 54.01370586
v 2.28333593 35.95001046 55.01991250
v 2.16118117 35.93343208 55.96564381
v 1.96789000 35.70750374 56.87946366
v 1.74141346 35.85545352 57.61683499
v 2.71295709 36.05899854 63.05720738
v 2.70839836 36.56025040 0.25777813
v 1.74397168 37.62356737 5.65892089
v 2.06542348 37.41894159 6.34388914
v 2.28586921 37.21590449 7.16688083
v 2.39732939 37.09976499 8.07687574
v 2.44287746 37.05170184 9.04133534
v 2.45978313 37.03575740 10.03183202
v 2.46886384 37.03046551 11.03120643
v 2.47753656 37.02847643 12.02941710
v 2.48584104 37.02464650 13.02208619
v 2.49220786 37.01674898 14.01226236
v 2.49622194 37.00833000 15.00498162
v 2.49821686 37.00238051 16.00111267
v 2.49859118 36.99802429 16.99863382
v 2.49753015 36.99264855 17.99521451
v 2.49471928 36.98339495 18.98846194
v 2.48922458 36.96728282 19.97551153
v 2.47937227 36.94081807 20.95274467
v 2.46278605 36.89865456 21.91426842
v 2.43554679 36.83686519 22.85514489
v 2.39478233 36.74253721 23.76382828
v 2.33030338 36.63609323 24.68243722
v 2.24329044 36.38252739 25.72590863
v 2.20015527 37.45151704 29.64204431
v 2.30972597 37.56901618 30.53960762
v 2.36133702 37.36839462 31.28166484
v 2.41262932 37.25253798 32.15950090
v 2.44564162 37.13642215 33.06916729
v 2.46949675 37.06502502 34.03147948
v 2.48466637 37.02934067 35.01541247
v 2.49308440 37.01314825 36.00745822
v 2.49719756 37.00566192 37.00313399
v 2.49899580 37.00214437 38.00105338
v 2.49969470 37.00066923 39.00027692
v 2.49992452 37.00016584 40.00005638
v 2.49998533 37.00003185 41.00000877
v 2.49999782 37.00000463 42.00000102
v 2.49999976 37.00000048 43.00000007
v 2.49999996 36.99999992 43.99999993
v 2.49999984 36.99999935 44.99999957
v 2.49999901 36.99999671 45.99999786
v 2.49999393 36.99998426 46.99999043
v 2.49996382 36.99992601 47.99995987
v 2.49980599 36.99966981 48.99983957
v 2.49910649 36.99868352 49.99940604
v 2.49653644 36.99551149 50.99806444
v 2.48876413 36.98717941 51.99464677
v 2.46946419 36.96949340 52.98734451
v 2.43011080 36.93938702 53.97199285
v 2.36247350 36.89869791 54.93486960
v 2.25134065 36.84036980 55.85425047
v 2.07069401 36.72567215 56.71387624
v 1.81085070 36.59107308 57.47228200
v 2.75693676 37.07646564 62.96754992
v 2.35109836 37.12862191 0.36037295
v 2.67211902 37.87996766 0.67201914
v 1.92273423 38.51234273 6.29052232
v 2.23925251 38.25358978 7.16937357
v 2.39214226 38.10966940 8.07434923
v 2.45635255 38.04377583 9.02974298
v 2.47891523 38.01991051 10.01442534
v 2.48645947 38.01279167 11.01097995
v 2.49030753 38.01065019 12.01040007
v 2.49356003 38.00921893 13.00887193
v 2.49624718 38.00685710 14.00587255
v 2.49797257 38.00358963 15.00266685
v 2.49858525 37.99997595 16.00003445
v 2.49790370 37.99521852 16.99717366
v 2.49541796 37.98658403 17.99195004
v 2.49019103 37.97010551 18.98088245
v 2.48072676 37.94211759 19.95964285
v 2.46512832 37.89859468 20.92274238
v 2.44058882 37.83692178 21.86618769
v 2.40606401 37.74479513 22.77428755
v 2.35400986 37.64564637 23.66249357
v 2.30360397 37.44627739 24.41999187
v 2.19445727 37.56637583 25.32016652
v 2.24515681 38.62262331 29.26270655
v 2.33306148 38.37014409 30.30218850
v 2.39808796 38.26288626 31.21645366
v 2.43907847 38.16459735 32.11998447
v 2.46595575 38.09502164 33.05912112
v 2.48198264 38.04666825 34.02477006
v 2.49130499 38.02006003 35.00998685
v 2.49622758 38.00797122 36.00415524
v 2.49852821 38.00308445 37.00172857
v 2.49948311 38.00114868 38.00064474
v 2.49983925 38.00038145 39.00019666
v 2.49995750 38.00010477 40.00004693
v 2.49999090 38.00002265 41.00000856
v 2.49999849 38.00000371 42.00000116
v 2.49999980 38.00000039 43.00000007
v 2.49999990 37.99999968 43.99999976
v 2.49999953 37.99999819 44.99999881
v 2.49999771 37.99999173 45.99999458
v 2.49998939 37.99996614 46.99997756
v 2.49995229 37.99987149 47.99991624
v 2.49979480 37.99953187 48.99971126
v 2.49919072 37.99837415 49.99905684
v 2.49717198 37.99482387 50.99707144
v 2.49135718 37.98546817 51.99156041
v 2.47683708 37.96472127 52.97815034
v 2.44511764 37.92547509 53.94990902
v 2.38567561 37.85709960 54.89212698
v 2.28965234 37.75046505 55.76752662
v 2.12214000 37.65379421 56.58200224
v 1.85866019 37.51952672 57.33696255
v 2.83003243 38.10484741 62.85900550
v 2.76467553 38.98021784 0.92256716
v 1.86891760 39.65231541 6.51064388
v 2.17446131 39.31940949 7.21834145
v 2.36358776 39.13759330 8.09000213
v 2.45102270 39.05089024 9.03213475
v 2.48345753 39.01710844 10.01060064
v 2.49336379 39.00654888 11.00442861
v 2.49625668 39.00378692 12.00317777
v 2.49753832 39.00290851 13.00277640
v 2.49841809 39.00203811 14.00198870
v 2.49885095 39.00046744 15.00065379
v 2.49847816 38.99746036 15.99860594
v 2.49662557 38.99124249 16.99483810
v 2.49205245 38.97808123 17.98711900
v 2.48302639 38.95167258 18.97122165
v 2.46780640 38.90490818 19.93909263
v 2.44386665 38.83750951 20.88527379
v 2.41059534 38.74169968 21.79689033
v 2.36144680 38.63980525 22.69552166
v 2.31669623 38.42912735 23.46955744
v 2.20822248 38.48209062 24.47445851
v 2.22304566 39.54950327 28.44838988
v 2.33148361 39.58934946 29.44628813
v 2.37520560 39.32777847 30.20708764
v 2.42394747 39.18567087 31.13443121
v 2.45814635 39.10829461 32.08079736
v 2.47836497 39.05962966 33.04154476
v 2.48949753 39.02991399 34.01848815
v 2.49523029 39.01304603 35.00710363
v 2.49802387 39.00496359 36.00252815
v 2.49926403 39.00171785 37.00089951
v 2.49975360 39.00057116 38.00032132
v 2.49992567 39.00018318 39.00010535
v 2.49998012 39.00005286 40.00002866
v 2.49999548 39.00001260 41.00000607
v 2.49999917 39.00000228 42.00000093
v 2.49999983 39.00000008 42.99999993
v 2.49999972 38.99999892 43.99999920
v 2.49999867 38.99999510 44.99999666
v 2.49999404 38.99997948 45.99998663
v 2.49997568 38.99992178 46.99994892
v 2.49990755 38.99973173 47.99981986
v 2.49966280 38.99915425 48.99942393
v 2.49882628 38.99746754 49.99831341
v 2.49622823 38.99273801 50.99537208
v 2.48916511 38.98052588 51.98785015
v 2.47252502 38.95290735 52.96949205
v 2.43779952 38.90030579 53.92913755
v 2.36997822 38.81650267 54.85860530
v 2.25749535 38.67117529 55.73908607
v 2.13882461 38.42146045 56.41528034
v 1.86375492 38.51837478 57.16730681
v 2.67604879 39.06422547 62.79293691
v 2.85329133 39.89313582 1.08891559
v 1.77210115 40.58955321 6.60732487
v 2.09591455 40.37378715 7.28936802
v 2.31956831 40.17564572 8.12152087
v 2.43368186 40.06743077 9.04346822
v 2.47956746 40.02150604 10.01304809
v 2.49432471 40.00601259 11.00350795
v 2.49818963 40.00181956 12.00117211
v 2.49910235 40.00075431 13.00066494
v 2.49930281 40.00004549 14.00025194
v 2.49904063 39.99850082 14.99924765
v 2.49782671 39.99465689 15.99683583
v 2.49454357 39.98564629 16.99129267
v 2.48722069 39.96635815 17.97945658
v 2.47293137 39.92909362 18.95745255
v 2.44913930 39.86087518 19.91812949
v 2.41633790 39.74919929 20.83728911
v 2.36771553 39.63398249 21.73816656
v 2.32316475 39.42037249 22.51641068
v 2.21450900 39.46987397 23.55557599
v 2.19685139 40.44872200 27.64011182
v 2.30899813 40.56516698 28.54671636
v 2.36164369 40.36369605 29.29659653
v 2.41381342 40.25019992 30.17992298
v 2.44789033 40.13935632 31.09202533
v 2.47197943 40.07257121 32.04971427
v 2.48640069 40.03667382 33.02570570
v 2.49389292 40.01754730 34.01183404
v 2.49743813 40.00766031 35.00472682
v 2.49900147 40.00293012 36.00162945
v 2.49964607 40.00097375 37.00050760
v 2.49988764 40.00029036 38.00015409
v 2.49996804 40.00008228 39.00004700
v 2.49999182 40.00002255 40.00001340
v 2.49999813 40.00000556 41.00000317
v 2.49999960 40.00000095 42.00000045
v 2.49999975 39.99999931 42.99999943
v 2.49999913 39.99999650 43.99999737
v 2.49999629 39.99998655 44.99999030
v 2.49998483 39.99995038 45.99996626
v 2.49994287 39.99982564 46.99988631
v 2.49980376 39.99943581 47.99963028
v 2.49937292 39.99835150 48.99887267
v 2.49808360 39.99560545 49.99686297
v 2.49438935 39.98897579 50.99205838
v 2.48465274 39.97344558 51.98144813
v 2.46208858 39.93889116 52.95879305
v 2.41731392 39.86962171 53.90991690
v 2.34047807 39.75471427 54.80599541
v 2.19434969 39.63651217 55.68014715
v 1.95448705 39.37296274 56.60976377
v 2.59786770 39.71132314 62.69490749
v 2.93730053 40.64240637 1.24432629
v 1.94249177 41.46129828 7.28558479
v 2.25331976 41.22234885 8.15548429
v 2.40552800 41.09058466 9.06141780
v 2.46992007 41.03035990 10.01936199
v 2.49208103 41.00830864 11.00494562
v 2.49817910 41.00184868 12.00104322
v 2.49946243 41.00013617 13.00009910
v 2.49945968 40.99906679 13.99949529
v 2.49870937 40.99674334 14.99807738
v 2.49655031 40.99095597 15.99445020
v 2.49135873 40.97777892 16.98613350
v 2.48045344 40.95032318 17.96863979
v 2.46026271 40.89917550 18.93494810
v 2.42588422 40.81686910 19.88567956
v 2.37661138 40.67192383 20.81956839
v 2.33337219 40.40945207 21.59281556
v 2.22401034 40.44928781 22.63882837
v 2.24103760 41.61983493 27.24061554
v 2.33165718 41.36885847 28.29811275
v 2.39763451 41.26153972 29.21907186
v 2.43898682 41.16360153 30.12587388
v 2.46616208 41.09537010 31.06662333
v 2.48242115 41.04865943 32.03194509
v 2.49174856 41.02270297 33.01500899
v 2.49650452 41.00999585 34.00673394
v 2.49864132 41.00414047 35.00273734
v 2.49950978 41.00156655 36.00097093
v 2.49983662 41.00052058 37.00029604
v 2.49995075 41.00014935 38.00007991
v 2.49998680 41.00003790 39.00002053
v 2.49999685 41.00000901 40.00000527
v 2.49999929 41.00000194 41.00000118
v 2.49999970 40.99999976 41.99999978
v 2.49999926 40.99999719 42.99999800
v 2.49999720 40.99998912 43.99999209
v 2.49998954 40.99996255 44.99997246
v 2.49996215 40.99987865 45.99991268
v 2.49986944 40.99962036 46.99973987
v 2.49958173 40.99886301 47.99925149
v 2.49877281 40.99683553 48.99790354
v 2.49665886 40.99202281 49.99440773
v 2.49132023 40.98180928 50.98628460
v 2.47831757 40.96140771 51.96949916
v 2.44860845 40.92170322 52.93868897
v 2.38831186 40.84436764 53.88583928
v 2.28595913 40.69779367 54.78714217
v 2.17101775 40.44792674 55.49918847
v 1.86542953 40.58936691 56.35167547
v 2.66491634 40.86273464 62.24294102
v 2.81109925 40.11631903 62.47757174
v 2.49543139 41.30448505 1.36900645
v 2.80376131 41.97602335 1.68340799
v 1.88037920 42.53654754 7.53816503
v 2.17649921 42.26970450 8.22722878
v 2.36536908 42.11746010 9.09083322
v 2.45406219 42.04246228 10.03033035
v 2.48721155 42.01245321 11.00819904
v 2.49706844 42.00280848 12.00171476
v 2.49926531 41.99999620 13.00001426
v 2.49922394 41.99818728 13.99896914
v 2.49791627 41.99446605 14.99670549
v 2.49446566 41.98561461 15.99110513
v 2.48672048 41.96648325 16.97851798
v 2.47110137 41.92940865 17.95397734
v 2.44356878 41.86136575 18.90903551
v 2.40206663 41.74923701 19.82286915
v 2.33565994 41.63095129 20.74450098
v 2.24359413 41.37723425 21.79779460
v 2.22081823 42.54406822 26.38838638
v 2.33156662 42.58818700 27.42321338
v 2.37473665 42.32720088 28.19773589
v 2.42367490 42.18531803 29.13241769
v 2.45800092 42.10799661 30.08161464
v 2.47829343 42.05958935 31.04344361
v 2.48949759 42.03031650 32.02066090
v 2.49527920 42.01377122 33.00892422
v 2.49807645 42.00566642 34.00366038
v 2.49929429 42.00216450 35.00142394
v 2.49976413 42.00077238 36.00050621
v 2.49992730 42.00025168 37.00015773
v 2.49997942 42.00007195 38.00004200
v 2.49999476 42.00001756 39.00000966
v 2.49999879 42.00000357 40.00000193
v 2.49999960 42.00000011 40.99999993
v 2.49999926 41.99999781 41.99999837
v 2.49999742 41.99999127 42.99999399
v 2.49999104 41.99996874 43.99997851
v 2.49997032 41.99989863 44.99992800
v 2.49990527 41.99969993 45.99978137
v 2.49970732 41.99916430 46.99939489
v 2.49913532 41.99775725 47.99843541
v 2.49761312 41.99421188 48.99611445
v 2.49395251 41.98598148 49.99054445
v 2.48583853 41.96913290 50.97768352
v 2.46840240 41.93922461 51.95120845
v 2.43223433 41.89002047 52.90282719
v 2.35905307 41.81409997 53.82957644
v 2.22377650 41.68412415 54.74034767
v 1.99684357 41.42845875 55.68805457
v 2.78233820 41.84301831 61.92059673
v 2.91565023 42.93252481 2.04021983
v 1.72614114 43.40124055 7.62991185
v 2.06881200 43.28038470 8.31511688
v 2.30469723 43.14010378 9.13474090
v 2.42766598 43.05631258 10.04839526
v 2.47817544 43.01823269 11.01418817
v 2.49461291 43.00452377 12.00325313
v 2.49863415 43.00007083 13.00019406
v 2.49870075 42.99708499 13.99846160
v 2.49662957 42.99121535 14.99492144
v 2.49131174 42.97803873 15.98656262
v 2.48001907 42.95073028 16.96847299
v 2.45887681 42.90013788 17.93237965
v 2.42215367 42.81958101 18.87570063
v 2.36776733 42.68019488 19.79144746
v 2.31584279 42.43312909 20.53539427
v 2.20187627 42.54835893 21.45299877
v 2.20432033 43.50410372 25.49896307
v 2.31837516 43.57165595 26.50541270
v 2.36567418 43.36317633 27.27315724
v 2.41528687 43.24982143 28.16983984
v 2.44822635 43.13921602 29.08851244
v 2.47200905 43.07249942 30.04898328
v 2.48637326 43.03664270 31.02591893
v 2.49386721 43.01760396 32.01232295
v 2.49742655 43.00781207 33.00522627
v 2.49900082 43.00311475 34.00199969
v 2.49964869 43.00111723 35.00071263
v 2.49988931 43.00036751 36.00023903
v 2.49996848 43.00011213 37.00007358
v 2.49999177 43.00003114 38.00001986
v 2.49999799 43.00000736 39.00000438
v 2.49999939 43.00000076 40.00000021
v 2.49999920 42.99999767 40.99999797
v 2.49999740 42.99999197 41.99999361
v 2.49999129 42.99997437 42.99998158
v 2.49997236 42.99991708 43.99994447
v 2.49991710 42.99974412 44.99982842
v 2.49976250 42.99927988 45.99949629
v 2.49934419 42.99814691 46.99865078
v 2.49824866 42.99552443 47.99670469
v 2.49551809 42.98960610 48.99252440
v 2.48921922 42.97668786 49.98385754
v 2.47617638 42.95027267 50.96567870
v 2.45172329 42.90286908 51.92727483
v 2.40633448 42.83403234 52.85735905
v 2.32856526 42.73815832 53.73692775
v 2.18279494 42.64914122 54.58748574
v 1.94131855 42.51341909 55.43796080
v 2.63146094 42.55625852 61.75719412
v 2.81466542 43.65641028 2.22589088
v 1.85307298 44.29086392 8.33622885
v 2.19752691 44.15726522 9.18286454
v 2.37889724 44.07124701 10.07514608
v 2.45998744 44.02600709 11.02476416
v 2.48915463 44.00732754 12.00644981
v 2.49718581 44.00053023 13.00087616
v 2.49784621 43.99591005 13.99817559
v 2.49480010 43.98700864 14.99311613
v 2.48696847 43.96765709 15.98085422
v 2.47076841 43.93041124 16.95598652
v 2.44197979 43.86283812 17.90949380
v 2.39861279 43.75217375 18.81794702
v 2.32905890 43.63809083 19.72364840
v 2.23286179 43.39929639 20.72876523
v 2.18319706 44.40397977 24.67577192
v 2.29917639 44.54275753 25.57458165
v 2.35305926 44.35062034 26.32703613
v 2.40736483 44.25534870 27.21288742
v 2.44275914 44.16155871 28.11904775
v 2.46734154 44.09484642 29.06340431
v 2.48269963 44.04855401 30.03089239
v 2.49179177 44.02268331 31.01480354
v 2.49650232 44.00999940 32.00677888
v 2.49863492 44.00416407 33.00283676
v 2.49950597 44.00160317 34.00106145
v 2.49983518 44.00055522 35.00035556
v 2.49995038 44.00017172 36.00010917
v 2.49998669 44.00004807 37.00003121
v 2.49999674 44.00001213 38.00000798
v 2.49999904 44.00000192 39.00000109
v 2.49999899 43.99999732 39.99999771
v 2.49999715 43.99999011 40.99999185
v 2.49999097 43.99997190 41.99997698
v 2.49997228 43.99992367 42.99994079
v 2.49991895 43.99978815 43.99985127
v 2.49977613 43.99940167 44.99960871
v 2.49941431 43.99838542 45.99893778
v 2.49853377 43.99602016 46.99723730
v 2.49646461 43.99102818 47.99340887
v 2.49176287 43.98107354 48.98565730
v 2.48157668 43.96170409 49.97114875
v 2.46092926 43.92495670 50.94563155
v 2.42384979 43.85685474 51.89917957
v 2.36689448 43.74486607 52.80176728
v 2.26732980 43.63090516 53.66090444
v 2.15795526 43.43153156 54.36477065
v 1.88995576 43.54412063 55.15415043
v 2.60092452 43.69290348 61.21249474
v 2.82075545 43.00141375 61.49955838
v 2.47985464 44.23530115 2.40396350
v 2.83038674 44.79615713 2.76137204
v 1.68223870 45.25731007 8.57292540
v 2.03098809 45.16652860 9.25754897
v 2.28890208 45.08895963 10.11533971
v 2.42220564 45.03737323 11.04340375
v 2.47640633 45.01219390 12.01314973
v 2.49360424 45.00191425 13.00276696
v 2.49645745 44.99529341 13.99854710
v 2.49252777 44.98300873 14.99240192
v 2.48149714 44.95541837 15.97644947
v 2.45958547 44.90332322 16.94058814
v 2.42054091 44.82222163 17.88257956
v 2.36234643 44.68448960 18.79540651
v 2.30812831 44.43901328 19.53049521
v 2.18945114 44.55657520 20.43308662
v 2.22206531 45.57553907 24.30939786
v 2.32223920 45.34923470 25.32573037
v 2.39228352 45.25279404 26.23593550
v 2.43528473 45.16202622 27.14115108
v 2.46340455 45.10097452 28.08055982
v 2.48022280 45.05771427 29.04169614
v 2.49002468 45.02990286 30.01983218
v 2.49538271 45.01369885 31.00867243
v 2.49808674 45.00565763 32.00361551
v 2.49929175 45.00216680 33.00143166
v 2.49976201 45.00077800 34.00052209
v 2.49992633 45.00025795 35.00017049
v 2.49997903 45.00007664 36.00004929
v 2.49999452 45.00001972 37.00001248
v 2.49999834 45.00000330 38.00000183
v 2.49999844 44.99999683 38.99999720
v 2.49999622 44.99998797 39.99999040
v 2.49998941 44.99996515 40.99997249
v 2.49996995 44.99990718 41.99992562
v 2.49991644 44.99977064 42.99981594
v 2.49977548 44.99945091 43.99958124
v 2.49942388 44.99865520 44.99907192
v 2.49860123 44.99664694 45.99784706
v 2.49678120 44.99200799 46.99480566
v 2.49290030 44.98262231 47.98792124
v 2.48494100 44.96544288 48.97410505
v 2.46914750 44.93593929 49.94935273
v 2.43934226 44.88633141 50.90835617
v 2.38473912 44.80616542 51.84973631
v 2.29780541 44.66171909 52.76523136
v 2.21192255 44.40068756 53.50999066
v 1.95520366 44.44247328 54.45149954
v 2.71466938 44.54606100 60.84898902
v 2.94312726 45.59378364 3.11909885
v 1.74342106 46.15642077 9.29061076
v 2.12791632 46.11656561 10.16746426
v 2.34723189 46.05575724 11.07555945
v 2.44751823 46.02080033 12.02717305
v 2.48444783 46.00507883 13.00756379
v 2.49372872 45.99607142 14.00019017
v 2.49024508 45.98138870 14.99364102
v 2.47574595 45.94642116 15.97738720
v 2.44665447 45.87428601 16.93504853
v 2.39999025 45.75762704 17.84042684
v 2.32296954 45.64395176 18.74272468
v 2.21548930 45.41201447 19.74352822
v 2.17155443 46.41146767 23.56491825
v 2.30160783 46.55152726 24.47697432
v 2.36108808 46.31146304 25.22589307
v 2.41811927 46.17878623 26.14530637
v 2.45545752 46.10569837 27.08906534
v 2.47674412 46.06012490 28.04935426
v 2.48835970 46.03279668 29.02534187
v 2.49441935 46.01659580 30.01185442
v 2.49748949 46.00759280 31.00503292
v 2.49896716 46.00307958 32.00194823
v 2.49962181 46.00111677 33.00070559
v 2.49987806 46.00037042 34.00024082
v 2.49996501 46.00011374 35.00007561
v 2.49999067 46.00003129 36.00002060
v 2.49999702 46.00000553 37.00000313
v 2.49999728 45.99999503 37.99999541
v 2.49999396 45.99998336 38.99998597
v 2.49998479 45.99995680 39.99996551
v 2.49996182 45.99988804 40.99991416
v 2.49990392 45.99971863 41.99978438
v 2.49975925 45.99934037 42.99948255
v 2.49940965 45.99855805 43.99885786
v 2.49859814 45.99693752 44.99768109
v 2.49681241 45.99333293 45.99543792
v 2.49314368 45.98517404 46.99059671
v 2.48603796 45.96848280 47.97960262
v 2.47264910 45.93923755 48.95728365
v 2.44870256 45.89253485 49.91689345
v 2.40672682 45.82425994 50.85315059
v 2.33960164 45.72239919 51.75307657
v 2.21814768 45.60735338 52.65231613
v 2.02033173 45.35645271 53.65762106
v 2.62701741 45.79372426 60.24009156
v 2.85963723 45.10805239 60.54573485
v 2.52326175 46.25722283 3.33000939
v 2.85980889 46.84168664 3.70541376
v 1.86675567 47.19885518 10.23858698
v 2.21410627 47.08523956 11.13208431
v 2.38746721 47.03385685 12.05576020
v 2.46188492 47.01054326 13.01901812
v 2.48675602 46.99868103 14.00443890
v 2.48799435 46.98359436 14.99686270
v 2.47214758 46.94685422 15.98397221
v 2.43522568 46.86223174 16.94897203
v 2.37393575 46.69975774 17.86032887
v 2.30980822 46.44234137 18.57642740
v 2.17291746 46.56905423 19.48263258
v 2.17441956 47.58060621 23.19689422
v 2.30995960 47.35276560 24.25933367
v 2.39271452 47.24435640 25.18195932
v 2.43975141 47.13595455 26.09713432
v 2.46872278 47.07056992 27.05294001
v 2.48460679 47.03565109 28.02791430
v 2.49250610 47.01740558 29.01371242
v 2.49629593 47.00814984 30.00622209
v 2.49815111 47.00359771 31.00257166
v 2.49911109 47.00147762 32.00096627
v 2.49961448 47.00055735 33.00033463
v 2.49985758 47.00019015 34.00010873
v 2.49995620 47.00005627 35.00003168
v 2.49998741 47.00001077 36.00000527
v 2.49999325 46.99999199 36.99999311
v 2.49998924 46.99997272 37.99997810
v 2.49997564 46.99993519 38.99994688
v 2.49994289 46.99985291 39.99988144
v 2.49986905 46.99966157 40.99974089
v 2.49970418 46.99921513 41.99941941
v 2.49933352 46.99824647 42.99869072
v 2.49851260 46.99634972 43.99717920
v 2.49675836 46.99289656 44.99438875
v 2.49313862 46.98656423 45.98975648
v 2.48605549 46.97384616 46.98205719
v 2.47325411 46.94751913 47.96697216
v 2.45165060 46.89930014 48.93451056
v 2.41486922 46.82801522 49.87640858
v 2.35916953 46.72448300 50.77736834
v 2.26643409 46.60845624 51.65300845
v 2.17089772 46.39818432 52.39293830
v 1.92071173 46.48998076 53.24476017
v 2.72697588 46.59687813 59.85921175
v 2.98056958 47.57786750 4.08456665
v 1.67769183 48.19580362 10.56168012
v 2.02118894 48.09732389 11.24278494
v 2.27516321 48.04349220 12.10940096
v 2.41008812 48.01610713 13.04350901
v 2.46727389 48.00229365 14.01434394
v 2.48280597 47.98883585 15.00229494
v 2.47219959 47.95746045 15.99324763
v 2.43347753 47.87844118 16.97277384
v 2.35778076 47.70774709 17.91781496
v 2.23712981 47.39342001 18.86288788
v 2.11012238 48.44687125 22.48076791
v 2.27027461 48.56141647 23.42638584
v 2.34248716 48.31491586 24.18331685
v 2.41217846 48.17699103 25.11509363
v 2.45465215 48.09692516 26.06486490
v 2.47680365 48.04652885 27.03080915
v 2.48762408 48.01966234 28.01331692
v 2.49253244 48.00708040 29.00509120
v 2.49485406 48.00194313 30.00152738
v 2.49632762 48.00039504 31.00023922
v 2.49758570 48.00021526 31.99995052
v 2.49865312 48.00025275 32.99997181
v 2.49939134 48.00018591 34.00000717
v 2.49977950 48.00008017 35.00000479
v 2.49992885 48.00000689 35.99998745
v 2.49996388 47.99995886 36.99996499
v 2.49995242 47.99989636 37.99992237
v 2.49990738 47.99977224 38.99982476
v 2.49980357 47.99952332 39.99962234
v 2.49958188 47.99901915 40.99923865
v 2.49913177 47.99794759 41.99848909
v 2.49822586 47.99570659 42.99692490
v 2.49639988 47.99141420 43.99371745
v 2.49279683 47.98403111 44.98773588
v 2.48596690 47.97218291 45.97776086
v 2.47330589 47.95311171 46.96324149
v 2.45105635 47.91800336 47.94283575
v 2.41576973 47.84892393 48.90608705
v 2.36563938 47.73262179 49.82275791
v 2.27955741 47.60839479 50.71026149
v 2.19584692 47.38048374 51.46763761
v 1.95822733 47.38026141 52.44131079
v 2.60958274 47.81504775 59.20874443
v 2.85863285 47.13768910 59.53801900
v 2.60593493 48.18425598 4.31288189
v 2.92348587 48.71777215 4.70290770
v 1.71441014 49.03972935 11.32381727
v 2.07522954 49.03091169 12.18168034
v 2.30030836 49.01410069 13.08616677
v 2.41643076 49.00335835 14.03460971
v 2.46417119 48.99401663 15.01165300
v 2.47102766 48.97272407 16.00256456
v 2.44332840 48.91438240 16.99679474
v 2.37188828 48.77411924 17.97810623
v 2.25183490 48.48577099 18.84715500
v 2.19235295 49.52306074 22.20312707
v 2.29625699 49.34932437 23.23468664
v 2.38035051 49.24523592 24.16087651
v 2.43224027 49.13357187 25.07992787
v 2.46409097 49.06331231 26.03740608
v 2.47939766 49.02428944 27.01234724
v 2.48483841 49.00432024 27.99925147
v 2.48614323 48.99552239 28.99443023
v 2.48675753 48.99310263 29.99383133
v 2.48827060 48.99464531 30.99505076
v 2.49098693 48.99771486 31.99693623
v 2.49426734 48.99991773 32.99861261
v 2.49707717 49.00055013 33.99956735
v 2.49881205 49.00035606 34.99989106
v 2.49958344 49.00006194 35.99991876
v 2.49980812 48.99985503 36.99985767
v 2.49979712 48.99964526 37.99974036
v 2.49966346 48.99927372 38.99948294
v 2.49937086 48.99856274 39.99892839
v 2.49877149 48.99727284 40.99789903
v 2.49761402 48.99487581 41.99615363
v 2.49549327 48.99018924 42.99303023
v 2.49163227 48.98139017 43.98702066
v 2.48463424 48.96649982 44.97576699
v 2.47227140 48.94404212 45.95679870
v 2.45157897 48.91208258 46.92738489
v 2.41633292 48.86899541 47.89070480
v 2.35992166 48.79343900 48.85143450
v 2.28138743 48.63973630 49.78836818
v 2.20930044 48.37095903 50.55446185
v 1.96721862 48.39154475 51.55765472
v 2.66247218 48.61510869 58.79600204
v 3.05756799 49.38819134 5.12089284
v 1.75046594 49.99091651 12.25530372
v 2.09311393 49.99372086 13.14572565
v 2.30097592 49.99344570 14.06854221
v 2.40849885 49.99325676 15.02764948
v 2.45240892 49.98467946 16.01159424
v 2.45218949 49.95208700 17.01105486
v 2.40714074 49.86534809 18.03160177
v 2.29805130 49.66011714 19.11435490
v 2.23555861 50.24424921 21.39151773
v 2.32264847 50.48164715 22.41037094
v 2.35640188 50.28738736 23.17566135
v 2.41009949 50.17034802 24.10564151
v 2.44931250 50.09058711 25.05518736
v 2.46976763 50.03266721 26.01685365
v 2.47631521 49.99761750 26.99113278
v 2.47407891 49.98095763 27.97629700
v 2.46879577 49.97472672 28.97199868
v 2.46526484 49.97359230 29.97411641
v 2.46587414 49.97869734 30.97888295
v 2.47106478 49.98927553 31.98543603
v 2.47960241 49.99859635 32.99232163
v 2.48847309 50.00210181 33.99710500
v 2.49481963 50.00165144 34.99915817
v 2.49802322 50.00043743 35.99959396
v 2.49911810 49.99955801 36.99945759
v 2.49920590 49.99886508 37.99913902
v 2.49883977 49.99787109 38.99855263
v 2.49808200 49.99603897 39.99728853
v 2.49664186 49.99285894 40.99479445
v 2.49394660 49.98766785 41.99067845
v 2.48922343 49.97873910 42.98447442
v 2.48143663 49.96249418 43.97415399
v 2.46854101 49.93522890 44.95563901
v 2.44754700 49.89438266 45.92352221
v 2.41386787 49.84116187 46.87528487
v 2.36620856 49.77001066 47.79841593
v 2.28483569 49.71069754 48.72498096
v 2.16748595 49.58212865 49.68361888
v 2.00145709 49.29067938 50.70895221
v 2.60114746 49.49960969 58.20439131
v 2.67079537 49.06852474 58.55454933
v 2.81790134 50.03284063 5.51425203
v 2.82910411 50.64502463 5.95869992
v 1.75998538 50.94726795 13.21513770
v 2.08022105 50.95648494 14.11222334
v 2.27670661 50.97413739 15.04829519
v 2.38444562 50.98505972 16.02169512
v 2.43267105 50.97541536 17.01572209
v 2.43322695 50.93785988 18.03073326
v 2.39009921 50.85385351 19.09846936
v 2.31215258 50.71149225 20.33210572
v 2.35962776 51.25568449 21.43984527
v 2.37625274 51.22124849 22.25423021
v 2.41170214 51.19780274 23.15939426
v 2.44025289 51.11862147 24.07725801
v 2.46217210 51.05349837 25.03368711
v 2.47108127 51.00184426 26.00099436
v 2.46760273 50.95949273 26.96679888
v 2.45436654 50.93696651 27.93547463
v 2.43628805 50.93489715 28.92269861
v 2.42216463 50.93456120 29.92709555
v 2.41781325 50.93880980 30.93596210
v 2.42423898 50.96228139 31.94916041
v 2.44094764 50.99289400 32.96881160
v 2.46311675 51.00766139 33.98659710
v 2.48184964 51.00660746 34.99573484
v 2.49246448 51.00216806 35.99828705
v 2.49658732 50.99885066 36.99815642
v 2.49723589 50.99659791 37.99726320
v 2.49631393 50.99415214 38.99596924
v 2.49444251 50.99000072 39.99356433
v 2.49127724 50.98280681 40.98856578
v 2.48573859 50.97166920 41.97954245
v 2.47616482 50.95543759 42.96647479
v 2.46093910 50.92913033 43.94932104
v 2.43868535 50.88349156 44.92163519
v 2.40436378 50.81698415 45.87549963
v 2.35566787 50.72576685 46.79736069
v 2.27784949 50.63589187 47.70938086
v 2.21275036 50.46021237 48.48651722
v 2.01925839 50.57493095 49.42283134
v 1.87160347 50.25513106 50.35703292
v 2.67240422 50.66075975 57.19502700
v 2.84975673 50.00369332 57.69311471
v 2.70006315 51.21636280 6.42180364
v 2.74462472 51.83641422 6.90119892
v 1.72963968 51.87053232 14.15542566
v 2.02712006 51.90424704 15.05340279
v 2.21671961 51.96567733 16.02472490
v 2.34369266 51.97557640 17.01950921
v 2.40608844 51.96780327 18.02173115
v 2.42111108 51.94354838 19.04575940
v 2.40835264 51.91724184 20.11204442
v 2.40801311 51.99992599 21.17901936
v 2.42675882 52.10035203 22.16551507
v 2.44537574 52.09936925 23.10447424
v 2.46226638 52.06887306 24.05587086
v 2.47103686 52.02472007 25.02013607
v 2.46828177 51.97587535 25.99146128
v 2.45279149 51.91652162 26.95285680
v 2.42829355 51.85104042 27.88042416
v 2.39097337 51.85618944 28.82605913
v 2.35354287 51.87922324 29.83282257
v 2.33606377 51.86356604 30.84966497
v 2.33848275 51.88745772 31.86059442
v 2.36029144 51.96838980 32.89754027
v 2.40260513 52.02771541 33.95147397
v 2.44832341 52.02316896 34.98409163
v 2.47678632 52.00832520 35.99418095
v 2.48897097 51.99750774 36.99462406
v 2.49154886 51.99060448 37.99218235
v 2.48949232 51.98477168 38.98900398
v 2.48502611 51.97655978 39.98483039
v 2.47842541 51.96218026 40.97672540
v 2.46806698 51.93979339 41.96060367
v 2.45129011 51.90903414 42.93361100
v 2.42390467 51.87051619 43.90070678
v 2.38470273 51.80814815 44.86568051
v 2.33702412 51.69828126 45.80012267
v 2.25827767 51.58200088 46.71455149
v 2.18761037 51.37855807 47.51177918
v 1.96691854 51.42317780 48.57578289
v 2.43817279 52.03476099 56.30272434
v 2.89636590 51.39826760 56.58414269
v 2.49157908 52.32981899 7.25108653
v 2.87826963 52.80482550 7.76055922
v 1.68496155 52.63855019 14.98263446
v 1.87555831 52.94349865 15.97875326
v 2.13266722 52.94751690 17.01871570
v 2.28503811 52.95464340 18.01830907
v 2.36761943 52.95980111 19.02182726
v 2.40795244 52.95933952 20.03847300
v 2.42802036 52.97726386 21.06272853
v 2.44468537 53.01485120 22.07200870
v 2.46013709 53.03525097 23.05657588
v 2.47082885 53.02669319 24.03179031
v 2.47304740 53.00116993 25.00912224
v 2.46185026 52.95830854 25.98592388
v 2.43346056 52.88800614 26.95312188
v 2.39043936 52.77565338 27.89013015
v 2.35584404 52.59694389 28.64987557
v 2.26413347 52.87736679 29.65539529
v 2.22448373 52.76250396 30.72262503
v 2.21577580 52.74646773 31.71372725
v 2.23497097 52.82815523 32.71036364
v 2.27960250 53.11159271 33.85172079
v 2.37890901 53.07304285 34.95564866
v 2.44182459 53.02551626 35.98501481
v 2.47025944 52.99521490 36.98675027
v 2.47727856 52.97660975 37.98071920
v 2.47334235 52.96263266 38.97242139
v 2.46348698 52.94794192 39.96408028
v 2.44981171 52.92386148 40.95343746
v 2.43202617 52.88271501 41.93029018
v 2.40465653 52.82819152 42.88775711
v 2.36550378 52.75863004 43.81623281
v 2.29852109 52.70137240 44.75517420
v 2.21753246 52.57102373 45.71955218
v 2.16295092 52.30453594 46.52680509
v 1.92995663 52.33493272 47.57015968
v 2.61725330 52.70412628 55.85388905
v 2.77424173 53.45566227 8.20461880
v 2.52168478 53.74895004 8.39723639
v 2.88286310 53.88806595 8.63233459
v 1.76451454 53.88689399 17.02876150
v 2.03010223 53.88001458 18.00770640
v 2.19241543 53.92291967 19.00679438
v 2.30515496 53.93973355 20.00983828
v 2.37299881 53.95609036 21.01410452
v 2.41456480 53.97474800 22.01798989
v 2.44095852 53.99040909 23.01671915
v 2.45696178 53.99209614 24.00871043
v 2.46088719 53.97812722 24.99646488
v 2.44797828 53.94434204 25.97923277
v 2.41215590 53.87621098 26.95039321
v 2.34995544 53.75783542 27.91168596
v 2.26441697 53.56813251 28.93628980
v 2.26701224 54.20156334 34.91886933
v 2.38104356 54.06066283 35.97543769
v 2.43282763 53.98884370 36.97248364
v 2.44597332 53.94790803 37.95861776
v 2.43906427 53.91599450 38.93995901
v 2.42056004 53.88847072 39.91907973
v 2.39317417 53.85692670 40.90367864
v 2.36157828 53.79499977 41.88290462
v 2.32577715 53.69503130 42.82146961
v 2.26122061 53.60278153 43.73998390
v 2.20872853 53.43274754 44.52732764
v 2.02540577 53.53713402 45.51813019
v 1.91440480 53.13144079 46.64065003
v 2.54765013 53.59117391 55.19290647
v 2.64285404 53.15311940 55.56948973
v 2.69009891 54.44741001 9.10875644
v 2.52918129 54.86447724 9.52736540
v 3.00195381 54.73683126 9.54654654
v 1.67307805 54.62125693 17.94883305
v 1.83648370 54.85301753 18.96277028
v 2.06317398 54.85656816 19.97943165
v 2.20183102 54.89575842 20.97933210
v 2.29906868 54.91605329 21.97538913
v 2.35775560 54.94048274 22.97738289
v 2.39638714 54.94898046 23.97951528
v 2.41588450 54.94104163 24.97474577
v 2.41174619 54.91803692 25.96371590
v 2.37944798 54.86431869 26.94208412
v 2.31500188 54.75501443 27.89114968
v 2.21985910 54.59842016 28.80579004
v 2.18931198 55.32588105 35.13678962
v 2.30287212 55.09216787 35.99914274
v 2.37029771 54.96304946 36.95234441
v 2.38713105 54.89023857 37.91625764
v 2.37064193 54.83696972 38.88851849
v 2.34474423 54.77032922 39.84067878
v 2.29707172 54.73617813 40.79850014
v 2.23781277 54.67882183 41.79018567
v 2.18311295 54.52935252 42.76258051
v 2.14598291 54.30242880 43.56588325
v 1.93714333 54.35636895 44.63677637
v 2.53538922 54.50059241 54.29223151
v 2.60808643 54.04540105 54.76944950
v 2.67379898 55.27434788 10.13189297
v 2.87262601 55.71108980 10.73779349
v 1.70643010 55.60289622 19.91373219
v 1.85301327 55.81010787 20.92534945
v 2.06091036 55.78305151 21.90749507
v 2.16509107 55.84421521 22.90304557
v 2.24446602 55.87815994 23.92442444
v 2.30364961 55.86490434 24.92768804
v 2.32340083 55.84966971 25.91939078
v 2.30734483 55.82077929 26.91098859
v 2.25571533 55.74993058 27.89939270
v 2.17761122 55.57171158 28.79613802
v 2.10474213 56.24873161 35.09232449
v 2.20455818 56.05391572 35.99513789
v 2.27002016 55.89033273 36.91787881
v 2.29213762 55.76742109 37.83918636
v 2.25393658 55.71094427 38.78437326
v 2.19593383 55.62795765 39.77569687
v 2.18333726 55.43121128 40.59251476
v 2.03131066 55.57951929 41.59721303
v 1.97671874 55.33644268 42.62666865
v 1.85646648 55.11004809 43.69829611
v 2.59549726 55.36463278 53.25923980
v 2.63454304 54.94988391 53.80547884
v 2.79301515 56.19033891 11.33313477
v 2.88443530 56.68632086 11.91572935
v 1.72606710 56.49057794 21.83473018
v 1.84577182 56.60193844 22.71236151
v 1.92855582 56.80761816 23.81094897
v 2.08316692 56.72226157 24.83923811
v 2.14512496 56.70139376 25.81945319
v 2.15703001 56.69464220 26.80917205
v 2.13038928 56.68545485 27.83055305
v 2.07115056 56.64991326 28.95641068
v 1.98103341 57.13551361 34.83964622
v 2.06120663 56.91179370 35.87149720
v 2.10983343 56.74355187 36.82361628
v 2.12492124 56.58595433 37.76442972
v 2.12787554 56.39330049 38.55756416
v 1.93663264 56.55417891 39.57613124
v 1.88048335 56.25286622 40.81075122
v 2.56151613 56.81855736 51.24379979
v 2.90155859 56.39243080 51.69273503
v 2.88401467 55.89112231 52.37905701
v 2.78261397 57.15095236 12.47625687
v 2.88058970 57.63255025 13.03819791
v 1.75826160 57.45793423 24.74423789
v 1.85411697 57.43863241 25.64754349
v 1.89720401 57.44488717 26.60942603
v 1.90187777 57.47111018 27.60600951
v 1.87571985 57.53923592 28.67299150
v 1.83464323 57.71002321 29.94891330
v 1.82538668 57.84988994 31.14919126
v 1.82991414 57.83459520 32.13544990
v 1.85870255 57.69115307 32.93843740
v 1.83675146 57.75696448 33.96692167
v 1.83012343 57.81759428 34.94147898
v 1.86084677 57.64222731 35.69648629
v 1.87582987 57.49525366 36.62576217
v 1.86766991 57.35238470 37.59537342
v 1.82234004 57.16882199 38.67183286
v 2.40975971 57.78598020 50.11377014
v 2.95223804 57.27839829 50.42916694
v 2.69656875 58.01055431 13.49821049
v 2.51784222 58.45003773 14.09392614
v 2.93744836 58.70694373 14.56875693
v 1.61104496 58.45006782 30.86091652
v 1.62060528 58.45838186 31.89187585
v 1.65920538 58.33169179 33.03540600
v 2.55213876 58.47350083 49.15934226
v 2.52694602 58.13693528 49.69774321
v 2.76224687 59.20361430 15.26572606
v 2.92729197 59.55245794 15.84765853
v 2.32857174 59.52813439 47.67817317
v 2.63474552 59.70793921 47.22672505
v 2.90508778 59.30805371 47.63484097
v 3.00920070 58.79843531 48.37611341
v 2.77426258 59.86528349 16.37956073
v 2.63897514 60.23709814 17.19632038
v 2.83215423 60.53042160 17.87664734
v 2.42452825 60.68404858 45.05143095
v 2.89458798 60.34335258 45.47814802
v 2.71086126 59.97970508 46.44755500
v 2.64645951 60.78531755 18.36194048
v 2.79840423 60.98071994 19.04224747
v 2.71206737 61.35491002 20.00861425
v 2.90213694 61.62507454 20.71965885
v 2.41247782 61.64062708 42.89772852
v 2.87250392 61.29004656 43.27773333
v 2.74627840 60.94742670 44.19046171
v 2.74708553 61.90288434 21.31239713
v 2.60857830 62.23248209 22.17533300
v 2.79926000 62.48915649 22.87774683
v 2.37435507 62.59588960 40.04862994
v 2.91834332 62.28515186 40.38086397
v 2.88920491 62.00041297 41.33702900
v 2.62006023 61.84941750 42.21660014
v 2.61226059 62.70924191 23.34895093
v 2.72768829 62.81164082 23.95789359
v 2.88934039 62.88262076 24.81476820
v 2.79472702 62.98513727 25.77129220
v 2.73873352 63.05062287 26.73478490
v 2.67654670 63.14131950 27.76631351
v 2.58209599 63.33227945 28.94224003
v 2.78287547 63.51513601 29.77315073
v 2.44769145 63.62865368 33.00177968
v 3.02287969 63.27602147 33.48541396
v 2.80890222 63.16813885 34.56724582
v 2.68393392 63.07999170 35.61164231
v 2.55324269 63.04829864 36.47504716
v 2.75392478 62.91532540 37.38090880
v 2.62274434 62.86464816 38.42862423
v 2.49805463 62.77237502 39.28526084
v 2.57827041 63.70693269 30.27452920
v 2.63868583 63.76772394 30.86558829
v 2.65126342 63.78584495 31.57883182
v 2.56904717 63.75004328 32.29804099
v 2.88286928 0.48229005 26.16010639
v 3.13837671 0.46043977 26.86374922
v 3.27103780 0.40868775 27.72976755
v 3.36517112 0.36947837 28.60535298
v 3.50754095 0.42591607 29.37935096
v 3.43157795 0.36043917 30.10046874
v 3.37543383 0.29324499 31.04639520
v 3.32913824 0.25031009 32.01719847
v 3.26492050 0.21986850 32.98476540
v 3.15426352 0.18645163 33.97401653
v 3.31396728 0.32501943 34.87154372
v 3.61477327 0.56994324 34.65748266
v 3.19437898 0.36155927 35.58137502
v 3.05751704 0.42524531 36.42723155
v 3.08784174 1.49612419 22.03284561
v 3.39570055 1.53493887 22.57269835
v 3.42835915 1.42927222 23.27111532
v 3.40287391 1.28352376 24.16880206
v 3.37206468 1.12117900 25.17493972
v 3.39731199 0.90195997 26.29735680
v 3.61839778 0.86746676 27.43690362
v 3.71644236 0.80642695 28.40219967
v 3.74601913 0.71308133 29.14278760
v 3.66389436 0.73564876 35.45711189
v 3.59219902 0.83261002 36.37913002
v 3.44000713 0.89352798 37.37338426
v 3.52535442 1.13358992 38.32811492
v 3.31530804 1.12812756 39.01712928
v 3.05812161 1.16948963 39.88466904
v 3.10952145 1.35900201 40.71095528
v 3.48425915 1.58539427 40.60469634
v 3.09013614 2.37056931 20.01360389
v 3.40588425 2.39198191 20.57235155
v 3.45464975 2.18785510 21.28588189
v 3.46611126 1.84921583 22.06617936
v 3.40513140 1.78209251 41.42546693
v 3.43443712 2.07320324 42.30963834
v 3.12687052 2.10759525 42.96447269
v 3.09763970 2.32753220 43.69976895
v 3.47503591 2.54980181 43.61628945
v 3.07653420 3.48577569 17.13973562
v 3.39619874 3.50494313 17.64508700
v 3.44882314 3.34251824 18.34345933
v 3.46317530 3.08061244 19.22640722
v 3.47432889 2.73894559 20.05176725
v 3.31931056 2.75965173 44.34780997
v 3.21140521 3.06154819 45.19325274
v 3.14382754 3.28350832 45.79293816
v 3.50683186 3.49803666 45.69881737
v 3.24499234 4.44131130 15.40767502
v 3.45878283 4.45029021 15.77398309
v 3.47809979 4.22984909 16.39496047
v 3.46811946 3.85442841 17.14003468
v 3.33670799 3.73299442 46.38654217
v 3.21357078 4.05421091 47.20394686
v 3.13725114 4.28716614 47.79279701
v 3.49933985 4.49955851 47.70017412
v 3.06494161 5.32756044 14.04411732
v 3.29685685 5.11822949 14.66612052
v 3.46301473 4.79624772 15.35440927
v 3.31313008 4.74977869 48.37891541
v 3.14706521 5.10593258 49.19435795
v 2.97514468 5.41325059 49.84834684
v 3.42421055 5.57551919 49.66874020
v 3.52675257 6.21412813 13.61420055
v 3.21331843 6.40772794 12.85820959
v 3.48842391 5.71113117 14.22186943
v 3.28452544 5.89881878 50.25763026
v 3.07968768 6.24758578 50.87677129
v 3.52676723 6.41290070 50.66331090
v 3.24562563 7.35407348 11.38115316
v 3.44706853 7.31528363 11.76374238
v 3.40373086 6.96923759 12.29044230
v 3.38550501 6.77191326 51.25773441
v 3.24000447 7.08324530 51.80511587
v 3.59904843 7.30431246 51.67706058
v 3.10652180 8.32875082 10.11084476
v 3.31790603 8.08750085 10.70262046
v 3.47265149 7.71449520 11.38374322
v 3.36001705 7.63741907 52.36171006
v 3.14900715 8.06832559 53.14930730
v 2.96380464 8.43907824 53.75824312
v 3.42450244 8.54480922 53.56922489
v 3.56787719 9.18206299 9.83258957
v 3.34892106 9.38329027 9.30244356
v 3.51911179 8.69545116 10.31998814
v 3.30504569 8.89358022 54.06895248
v 3.20288929 9.25697485 54.49709548
v 3.53998086 9.31233662 54.31858761
v 3.18044837 10.19701998 8.34153260
v 3.37387726 9.96021177 8.83831291
v 3.41262448 9.63397258 54.67409489
v 3.42665260 10.22276345 55.02319937
v 3.16542756 11.44903075 7.36393717
v 3.32518318 11.10374378 7.82625038
v 3.45075922 10.62846728 8.39791379
v 2.88345994 11.10494392 56.03288982
v 3.41297645 11.02601460 55.61297725
v 3.52535394 11.68837127 7.64435000
v 3.25930284 12.01819667 7.12926166
v 3.25233727 11.69617940 56.28577456
v 3.05406819 12.22319033 56.87329623
v 3.51602295 12.31417480 56.61699499
v 3.19313221 13.11264086 6.25767887
v 3.37835973 12.81477452 6.74781502
v 3.38521505 12.77382293 57.14676108
v 3.28695618 13.15449643 57.57546972
v 3.60164028 13.26280370 57.41019067
v 3.15402467 14.22093723 5.31325122
v 3.31423812 14.00969914 5.72973806
v 3.45631806 13.55045288 6.32773009
v 3.46323919 13.55218279 57.77303123
v 3.37065576 14.03274932 58.15314685
v 3.16006557 15.46401646 4.38750697
v 3.31480631 15.10694981 4.84191722
v 3.42426018 14.61876876 5.40351901
v 3.17391296 14.60661844 58.65593331
v 3.43069436 15.20920665 58.84135351
v 3.52040895 15.69887197 4.67539755
v 3.25366949 16.05912935 4.18011832
v 2.96097464 15.99698225 59.57948956
v 3.39068933 15.84399198 59.23747521
v 3.15169025 17.47391816 3.38276376
v 3.37382795 16.93898969 3.86968333
v 3.27850953 16.42715112 59.63704435
v 3.35662918 17.12254410 59.86152861
v 3.53823959 17.73879238 3.66626370
v 3.19688102 18.24972259 3.16547126
v 2.94486785 18.20670220 60.60048907
v 3.44432204 18.08919509 60.20407009
v 3.51019899 19.04688091 3.14710944
v 3.20415900 18.77125938 60.70352529
v 3.61728292 18.87988498 60.41250921
v 3.25148553 20.35141840 2.33119278
v 3.49150022 19.86664342 2.80792406
v 3.44087766 19.34225628 60.76701286
v 3.45135913 20.02734398 60.99028033
v 3.61272011 20.64358349 2.60782010
v 3.30015734 21.02151167 2.14217997
v 3.03919969 20.99182262 61.67123798
v 3.44353183 20.81739947 61.33257597
v 3.11387240 22.51188569 1.42004390
v 3.37540694 21.94988219 1.86687079
v 3.31789186 21.40075034 61.67647839
v 3.36982731 22.08733505 61.84674838
v 3.50145493 22.78821637 1.69656529
v 3.09359083 23.34659502 1.25356511
v 2.88002964 23.18316933 62.52965935
v 3.41310382 23.09017706 62.11536625
v 3.34185037 24.33191786 1.22398769
v 3.07972279 23.85860335 62.59132379
v 3.59095248 24.11364000 62.22340548
v 3.46882292 25.25530351 1.14659646
v 3.21809076 24.69610482 62.67245218
v 3.62731671 24.89273686 62.37560752
v 3.58182283 26.05027405 1.12594735
v 3.35795422 25.38542989 62.67840599
v 3.21789289 26.26973796 62.80400167
v 3.04642189 27.64288716 0.40279327
v 3.45682694 26.92241048 0.87547638
v 3.34947037 27.34585817 62.81868810
v 3.19213798 28.58142897 0.36444757
v 3.59689734 28.01033904 0.83522551
v 3.47459502 28.32856373 62.85652456
v 3.32611165 29.35147129 0.35596245
v 3.67766907 28.95953476 0.77072289
v 3.61732289 29.11845489 62.85102733
v 3.64913034 29.74735011 0.64517236
v 3.17962015 30.26249906 0.23930171
v 2.94398617 30.13508078 63.51509808
v 3.48883382 30.05175112 63.07868065
v 3.29576649 31.37441737 0.27767495
v 3.07872624 30.85054416 63.53171138
v 3.56179320 31.11246660 63.09487576
v 3.34482957 32.40901880 0.27109412
v 3.11000478 31.72809866 63.55070466
v 3.52906522 32.10788104 63.10760773
v 3.37989652 33.38322552 0.27955133
v 3.03750317 32.58949501 63.55784177
v 3.35195794 33.19085082 63.13250865
v 3.41991849 34.27705477 0.31083138
v 3.32555349 34.27626057 62.94858661
v 3.47973407 34.93413661 0.36869121
v 3.32775967 35.57320215 0.35748802
v 3.69328521 35.30212559 0.64665045
v 3.32627605 35.31640557 62.81705839
v 3.16720048 36.35742474 0.42367910
v 3.63314127 36.04659109 0.78274344
v 3.34505559 36.34181008 62.72075836
v 2.89384661 37.00641203 0.45885388
v 3.40541439 37.11154482 0.86457265
v 3.35576606 37.29644341 62.67041395
v 3.36485658 38.26990154 1.09585063
v 3.41015754 37.98626137 62.59268353
v 3.70919682 38.21786083 62.19286426
v 3.71668966 37.52840097 62.31612730
v 3.37952551 39.27638631 1.24763120
v 3.24828548 38.68690068 62.57868719
v 3.58799533 39.10419731 62.10981137
v 3.38220551 40.13571449 1.35909085
v 3.07516003 39.49987194 62.51536014
v 3.35105891 40.13906354 62.03714526
v 3.33924095 40.77024023 1.44748477
v 3.03397063 41.19910279 1.43406469
v 3.40587650 41.35063986 1.74080456
v 3.31329332 41.14914101 61.80113509
v 3.41454777 42.17373457 2.06781256
v 3.34139014 41.84187905 61.62801172
v 3.61049866 42.14260404 61.18236803
v 3.66842081 41.44733016 61.36301694
v 3.44387406 42.85537805 2.28425001
v 3.24959580 43.45801312 2.35630252
v 3.62576408 43.25431307 2.61881050
v 3.12500911 42.44999437 61.56732914
v 3.34338733 43.08064400 61.05158030
v 2.99860248 44.04272494 2.46023276
v 3.45895696 44.07498497 2.83108064
v 3.24416216 44.03018003 60.76998277
v 3.40354690 45.04161938 3.16758270
v 3.19102258 44.69261679 60.58125940
v 3.36296089 45.17966997 60.11138600
v 3.55404249 44.39940057 60.32038280
v 3.35510760 45.70957834 3.36765757
v 3.05788422 46.13528456 3.39535560
v 3.42358957 46.27532855 3.72134950
v 3.25751582 46.07949048 59.79479174
v 3.41590575 47.04206378 4.09258547
v 3.19535396 46.72430592 59.58427247
v 3.35833959 47.20601662 59.08615393
v 3.55927658 46.42321531 59.32805320
v 3.37795918 47.67658739 4.32863612
v 3.10005527 48.08047295 4.37526734
v 3.44822615 48.20587474 4.69940408
v 3.23319640 48.13363379 58.70958023
v 3.44129302 48.91383974 5.08749677
v 3.11865936 48.92885027 58.38421481
v 3.56250935 48.95412065 57.93199262
v 3.58477814 48.43847258 58.19604809
v 3.40426903 49.44977678 5.31556348
v 3.20802965 49.70133877 5.34953946
v 3.38915026 49.85681239 5.63399928
v 3.24294830 49.49535558 57.86855524
v 3.40245155 50.04166849 57.17772286
v 3.67505816 49.28439522 57.47194157
v 3.23187578 50.41242059 5.96685217
v 3.06353644 50.80938865 6.16518076
v 3.31920780 50.89595905 6.46633418
v 3.29042520 50.80213621 56.73948832
v 3.19403720 51.56985064 6.93178009
v 2.98331603 52.14118881 7.24034756
v 3.40221504 52.10895657 7.54535335
v 3.17116683 52.07599007 55.91091724
v 3.45290987 51.26771824 56.22515117
v 3.45756791 52.72846607 8.06465378
v 3.06842472 53.01523326 55.37844198
v 3.52901354 53.05711902 54.84858859
v 3.56622770 52.43921159 55.24219581
v 3.22000781 53.31086516 8.30638203
v 3.38553817 53.72008609 8.77577140
v 3.12856969 53.82294816 54.60939251
v 3.58480716 53.95778623 53.94323990
v 3.68717899 53.37631875 54.30649541
v 3.22253040 54.22736246 9.13419491
v 3.41328899 54.50811204 9.59280571
v 3.17069338 54.67494090 53.70342321
v 3.61538300 54.78885475 53.04726106
v 3.71801169 54.27880431 53.37886926
v 3.25358786 54.92000928 9.96796624
v 3.30153611 55.32359135 10.58742724
v 3.12994665 55.78409537 10.97089310
v 3.39030686 55.80534559 11.30036597
v 3.27683090 55.29070253 52.90275191
v 3.47883260 55.56213550 52.24862530
v 3.70103639 55.09375907 52.50398593
v 3.25991749 56.40686649 11.85296934
v 3.11442085 56.78977967 12.14310615
v 3.36754791 56.80689797 12.43533246
v 3.23890402 56.61818755 51.04021404
v 3.41350113 56.01460089 51.64567847
v 3.27716418 57.36289719 12.97340808
v 3.14333653 57.79571159 13.36211462
v 3.46157915 57.65155418 13.50626353
v 3.00402924 57.94053563 49.62583817
v 3.53192134 57.86020782 49.11394652
v 3.54062489 57.34465690 49.63875152
v 3.55129797 56.81725985 50.29956004
v 3.16915650 58.16076864 13.93958472
v 3.40132685 58.45142150 14.53390146
v 3.25524798 58.32859898 48.90465308
v 3.51137001 58.46991602 48.29893486
v 3.67644500 58.06969868 48.57979263
v 3.27091505 58.85560963 14.99940281
v 3.36026636 59.18246359 15.64663491
v 3.20626636 59.62483263 16.16787622
v 3.52092441 59.42533668 16.28263617
v 3.04757017 59.62932223 46.96416270
v 3.33201866 59.62665462 46.40025335
v 3.46822036 59.21959003 46.89765329
v 3.49864699 58.78128675 47.64707050
v 3.23615349 59.84269378 16.74612031
v 3.32532961 60.12985721 17.61529172
v 3.12461607 60.61838473 18.37306675
v 3.59123228 60.27628082 18.45998042
v 3.33644197 60.71087190 18.92148202
v 3.64392338 60.50633910 19.14286454
v 3.00852404 60.61788073 44.80910901
v 3.32716178 60.59939801 44.27568745
v 3.43894919 60.22721768 44.82214844
v 3.39634291 59.85905300 45.64801790
v 3.31163398 60.93801618 19.57446717
v 3.36994107 61.24009184 20.47971495
v 3.19501327 61.66071196 21.08682125
v 3.52166298 61.44206091 21.21327444
v 3.21406432 61.63613630 42.00953265
v 3.46188873 61.63406416 41.32954096
v 3.64753343 61.28555692 41.70376015
v 3.46746583 61.13394961 42.54375240
v 2.95282057 61.56661081 42.63945627
v 3.39720892 60.79994343 43.51698469
v 3.22106948 61.84652530 21.70976642
v 3.30180602 62.08452318 22.61607768
v 3.07813103 62.53557624 23.40694298
v 3.57135164 62.14933121 23.51624837
v 3.26478716 62.60499391 24.14956381
v 3.69894592 62.24384002 24.36142080
v 3.41820885 62.63529648 24.78156282
v 3.69306580 62.39847455 25.04578320
v 3.23445553 62.63674723 38.06856906
v 3.38971226 62.60857378 37.28456324
v 3.66503945 62.29479707 37.66370453
v 3.61600446 62.17886290 38.45650515
v 3.09506946 62.57557992 38.95267341
v 3.45091066 62.09157222 39.54079069
v 2.90301609 62.52764353 39.68487459
v 3.45959021 61.81006361 40.56720972
v 3.35288573 62.73262241 25.42486345
v 3.33426717 62.77262752 26.27783358
v 3.31928585 62.82303671 27.24570109
v 3.29990504 62.92061609 28.30413425
v 3.31987030 63.09582239 29.47495660
v 3.03216650 63.51404592 30.34686744
v 3.52371170 63.08753155 30.49282907
v 3.12310726 63.52662265 31.14087313
v 3.56593449 63.08540374 31.45755580
v 3.09661225 63.52184127 31.98177175
v 3.49428507 63.07634199 32.52191381
v 2.95772259 63.51364274 32.69815995
v 3.62028167 62.84970778 33.34341971
v 3.47840426 62.85093509 34.17883791
v 3.35770142 62.79661089 35.19911819
v 3.23807367 62.75254860 36.36984594
v 3.89082198 0.90161237 30.05299608
v 3.84981727 0.79745354 31.04844205
v 3.81548039 0.73689876 32.01696402
v 3.76990882 0.69602796 32.98964947
v 3.69682755 0.64779905 33.93938869
v 3.80905545 1.98267747 23.08494250
v 3.84587744 1.81647276 24.11068112
v 3.84916206 1.69669385 25.09743446
v 3.86399846 1.58714744 26.13218371
v 3.92801693 1.50824585 27.20195195
v 4.00861080 1.45528287 28.25940088
v 4.05646446 1.36866636 29.34585549
v 4.18972587 1.59883243 30.34308511
v 4.16593856 1.47617888 31.09601731
v 4.14686304 1.40854510 32.03095003
v 4.12053496 1.36652407 33.00462293
v 4.07370204 1.32597618 33.99673498
v 3.98443782 1.23727591 35.04480379
v 3.98582130 1.40333974 36.20630790
v 3.93383132 1.48798453 37.22072802
v 3.89419534 1.57242867 38.19309083
v 3.82384035 1.62915493 39.09344560
v 3.66430036 1.62759692 39.94374366
v 3.83442124 2.84807039 21.12137844
v 3.92205091 2.55063569 22.29527548
v 4.13331880 2.67305870 23.33424880
v 4.14290100 2.50689830 24.10926260
v 4.15681673 2.40563724 25.06154618
v 4.16757642 2.33555180 26.05884798
v 4.18976084 2.28361228 27.08397982
v 4.22553349 2.24587285 28.12019808
v 4.26350805 2.21727410 29.15740823
v 4.30932241 2.23785943 30.17024268
v 4.33939813 2.25092954 31.11567296
v 4.33860177 2.21149176 32.04454244
v 4.32835388 2.17917710 33.01312899
v 4.30708904 2.15567171 34.00389014
v 4.27206723 2.13574368 35.01802115
v 4.24294357 2.16032979 36.06468399
v 4.22085398 2.22067542 37.10412396
v 4.19219194 2.26874157 38.10330974
v 4.15024542 2.30233402 39.07201835
v 4.06448527 2.30728931 40.02507195
v 3.89254975 2.25518597 41.02719514
v 3.83257991 2.47316714 42.14174910
v 3.68953400 2.56658532 43.01624672
v 3.81872065 3.95253424 18.13250417
v 3.88147471 3.71302363 19.18363120
v 3.93886973 3.45743986 20.29316428
v 4.15268787 3.59722107 21.35469142
v 4.18472772 3.40883610 22.17318461
v 4.25882019 3.32620916 23.16194703
v 4.31738979 3.28564043 24.11352081
v 4.33568533 3.22084286 25.05140390
v 4.34503343 3.17396571 26.03020113
v 4.35402730 3.14254619 27.03210576
v 4.36739578 3.12069841 28.04602246
v 4.38477049 3.10546890 29.06351771
v 4.40491895 3.10159627 30.07442636
v 4.42338160 3.10448707 31.06532397
v 4.43250544 3.09668134 32.03878629
v 4.43203566 3.08025883 33.01536247
v 4.42482191 3.06689111 34.00478995
v 4.41099746 3.05896482 35.00574852
v 4.39440141 3.06326987 36.01864526
v 4.37967503 3.08389159 37.03631120
v 4.36517933 3.10923781 38.04446330
v 4.34486927 3.12804862 39.03780596
v 4.30756631 3.13672043 40.02291163
v 4.24074612 3.13755378 41.01756745
v 4.16407068 3.17925020 42.03753717
v 4.06247733 3.23971028 43.03667975
v 3.84858157 3.22173194 44.01567937
v 3.69597231 3.43957587 45.05512544
v 3.82989410 4.91350952 16.22222160
v 3.92555569 4.56615695 17.34331656
v 4.13872050 4.66430608 18.36029616
v 4.15914898 4.46956186 19.14634968
v 4.20104016 4.32867126 20.13433187
v 4.27074681 4.27268360 21.15726668
v 4.33546768 4.24037319 22.13285926
v 4.37307426 4.17821645 23.08971261
v 4.40643900 4.13873712 24.06609891
v 4.42683934 4.10878383 25.03939641
v 4.43552621 4.08232977 26.01939290
v 4.44025753 4.06421396 27.01290807
v 4.44495438 4.05260738 28.01521175
v 4.45115053 4.04488797 29.02154245
v 4.45891801 4.04061716 30.02743283
v 4.46715181 4.03934999 31.02796967
v 4.47341728 4.03727386 32.02116221
v 4.47592127 4.03190879 33.01132899
v 4.47471645 4.02576511 34.00427450
v 4.47027484 4.02178047 35.00201793
v 4.46353445 4.02193971 36.00443108
v 4.45632677 4.02782705 37.01000888
v 4.44946964 4.03753526 38.01474103
v 4.44122406 4.04652351 39.01496784
v 4.42718951 4.05210513 40.01103094
v 4.40178888 4.05572814 41.00773908
v 4.36361154 4.06714706 42.01035177
v 4.30795569 4.08970779 43.01373510
v 4.21355434 4.10869172 44.01259816
v 4.07867909 4.15216704 45.02041095
v 3.85858730 4.17686094 46.03691361
v 3.69655363 4.42772117 47.06528313
v 3.86531239 5.65329456 15.34196298
v 4.12944999 5.68565623 16.40597493
v 4.17857029 5.44621685 17.20877482
v 4.25916201 5.33448866 18.18034678
v 4.32293953 5.27635842 19.12963438
v 4.35204784 5.19576679 20.07832901
v 4.38197433 5.14194144 21.06965253
v 4.41407566 5.11358235 22.06549147
v 4.43931991 5.08901795 23.05065823
v 4.45676145 5.06511195 24.03483614
v 4.46891455 5.04796029 25.02245013
v 4.47557080 5.03522972 26.01218451
v 4.47862189 5.02603740 27.00623407
v 4.48044551 5.02025595 28.00481900
v 4.48233829 5.01671248 29.00613437
v 4.48477972 5.01452332 30.00830527
v 4.48767611 5.01334684 31.00952871
v 4.49040540 5.01246266 32.00853626
v 4.49216727 5.01091949 33.00569585
v 4.49255493 5.00879513 34.00273066
v 4.49158071 5.00705073 35.00101501
v 4.48948642 5.00656502 36.00090625
v 4.48680781 5.00789609 37.00212522
v 4.48408182 5.01084615 38.00375477
v 4.48113046 5.01419830 39.00451938
v 4.47661664 5.01673279 40.00385039
v 4.46829061 5.01854994 41.00260480
v 4.45397700 5.02191359 42.00234847
v 4.43063218 5.02905297 43.00302487
v 4.39073582 5.03884485 44.00334724
v 4.32475762 5.05428715 45.00525118
v 4.21988538 5.07890008 46.01167600
v 4.07618993 5.13918639 47.02247980
v 3.84100165 5.18123657 48.03003589
v 3.64850960 5.45695435 49.03999845
v 3.79276189 6.94250486 13.28743722
v 3.94449735 6.49464294 14.45176343
v 4.17590884 6.56713223 15.45924456
v 4.24420623 6.38812978 16.24849947
v 4.32405810 6.29119811 17.16675568
v 4.36971085 6.19669085 18.10398797
v 4.40708098 6.14133279 19.07387646
v 4.43153146 6.10256759 20.04860141
v 4.44701985 6.07086246 21.03328145
v 4.46081515 6.05099638 22.02799533
v 4.47290762 6.03847243 23.02324274
v 4.48180360 6.02807717 24.01680444
v 4.48774496 6.01959905 25.01088600
v 4.49136147 6.01360377 26.00631421
v 4.49318749 6.00951896 27.00319187
v 4.49404087 6.00692886 28.00172215
v 4.49460819 6.00542203 29.00155835
v 4.49524362 6.00453605 30.00205354
v 4.49604966 6.00399917 31.00258766
v 4.49693072 6.00363152 32.00265895
v 4.49765996 6.00320217 33.00210907
v 4.49803155 6.00260673 34.00124365
v 4.49796433 6.00201558 35.00052785
v 4.49748633 6.00170887 36.00022216
v 4.49672067 6.00189516 37.00034047
v 4.49584873 6.00260367 38.00071528
v 4.49493234 6.00358787 39.00103287
v 4.49368889 6.00446784 40.00101615
v 4.49142239 6.00512391 41.00068766
v 4.48715538 6.00601734 42.00036544
v 4.47944379 6.00790370 43.00020901
v 4.46534390 6.01108473 44.00000024
v 4.43972381 6.01627169 44.99992359
v 4.39507193 6.02579409 46.00083022
v 4.32224821 6.04565785 47.00285919
v 4.20426704 6.07753976 48.00328960
v 4.03324164 6.14745637 48.99403809
v 3.75786612 6.20590547 49.93692397
v 3.85522618 7.73591431 12.37188840
v 4.11737342 7.71989791 13.43748777
v 4.17627755 7.44473515 14.25478157
v 4.27439881 7.30194255 15.23300148
v 4.35514665 7.23706244 16.17813910
v 4.40188653 7.16490647 17.10820351
v 4.43463016 7.11099089 18.06561186
v 4.45559423 7.07217011 19.04021732
v 4.46969915 7.04824518 20.02574704
v 4.47847313 7.03230588 21.01640337
v 4.48442793 7.02157551 22.01152057
v 4.48924688 7.01504809 23.00909557
v 4.49299614 7.01068986 24.00687512
v 4.49556263 7.00730367 25.00460446
v 4.49714720 7.00480312 26.00274634
v 4.49801315 7.00314704 27.00144749
v 4.49841920 7.00212416 28.00069394
v 4.49861330 7.00154077 29.00041028
v 4.49876214 7.00122228 30.00042802
v 4.49894150 7.00103750 31.00055893
v 4.49915928 7.00091463 32.00064493
v 4.49937376 7.00080149 33.00059258
v 4.49952479 7.00066022 34.00041638
v 4.49957069 7.00050379 35.00021459
v 4.49950156 7.00039177 36.00007983
v 4.49933627 7.00038593 37.00004645
v 4.49911693 7.00051335 38.00009665
v 4.49887829 7.00073970 39.00017303
v 4.49858479 7.00097807 40.00020077
v 4.49807740 7.00116736 41.00014086
v 4.49706212 7.00137151 42.00002213
v 4.49504610 7.00177340 42.99987710
v 4.49103114 7.00253722 43.99965102
v 4.48301206 7.00389088 44.99927931
v 4.46741240 7.00656251 45.99879075
v 4.43825240 7.01231669 46.99797304
v 4.38484923 7.02344954 47.99550814
v 4.29010288 7.04454548 48.98783318
v 4.12255294 7.07193691 49.96687140
v 3.83739646 7.09824774 50.92711142
v 3.87728208 8.60310117 11.40611644
v 4.15161365 8.63311871 12.46691155
v 4.23375785 8.42913836 13.26329537
v 4.32012395 8.30656469 14.18504147
v 4.37282714 8.19354629 15.12593479
v 4.41770831 8.12832399 16.09565028
v 4.44913079 8.08829089 17.06481536
v 4.46837582 8.05734258 18.03837659
v 4.48028795 8.03555587 19.02188973
v 4.48750953 8.02165702 20.01265343
v 4.49187685 8.01343151 21.00753833
v 4.49450552 8.00842712 22.00467967
v 4.49627809 8.00541117 23.00323689
v 4.49760143 8.00361508 24.00238878
v 4.49853755 8.00241122 25.00165435
v 4.49912772 8.00153740 26.00101719
v 4.49946029 8.00094719 27.00055364
v 4.49962469 8.00058862 28.00026653
v 4.49969688 8.00038836 29.00012438
v 4.49973363 8.00028411 30.00008417
v 4.49976707 8.00022939 31.00009736
v 4.49980877 8.00019614 32.00012158
v 4.49985571 8.00016966 33.00012719
v 4.49989635 8.00014087 34.00010423
v 4.49991884 8.00010793 35.00006439
v 4.49991699 8.00007920 36.00002819
v 4.49989149 8.00006773 37.00000901
v 4.49984910 8.00008270 38.00000864
v 4.49979881 8.00012248 39.00001967
v 4.49974006 8.00017265 40.00002838
v 4.49964673 8.00021656 41.00002135
v 4.49945469 8.00025669 41.99999376
v 4.49903952 8.00032441 42.99994367
v 4.49813316 8.00046125 43.99984900
v 4.49613173 8.00072163 44.99965575
v 4.49175458 8.00126599 45.99926866
v 4.48237097 8.00251357 46.99842489
v 4.46247080 8.00517291 47.99635406
v 4.42095353 8.01032332 48.99145062
v 4.33696385 8.01840332 49.98174267
v 4.17733303 8.03049050 50.96926353
v 3.89644150 8.05700412 51.97838399
v 3.65955147 8.38716440 52.97302059
v 3.75124363 9.80665543 9.63750494
v 3.93870304 9.45887921 10.56505815
v 4.17466469 9.54528719 11.50560025
v 4.25224972 9.36497084 12.28181058
v 4.34326000 9.27422732 13.19342491
v 4.39713238 9.18339000 14.11689368
v 4.43403244 9.11655607 15.07371683
v 4.45813990 9.07049225 16.04843093
v 4.47491751 9.04374800 17.03267736
v 4.48552370 9.02735142 18.02016762
v 4.49169289 9.01631963 19.01122293
v 4.49519102 9.00930882 20.00598911
v 4.49714568 9.00525350 21.00323483
v 4.49823719 9.00302639 22.00181523
v 4.49887156 9.00178997 23.00109378
v 4.49928552 9.00110074 24.00073031
v 4.49957181 9.00069875 25.00050127
v 4.49975684 9.00043528 26.00031753
v 4.49986341 9.00025769 27.00017797
v 4.49991788 9.00014839 28.00008795
v 4.49994230 9.00008811 29.00003892
v 4.49995253 9.00005765 30.00001840
v 4.49995847 9.00004294 31.00001466
v 4.49996479 9.00003521 32.00001784
v 4.49997253 9.00002992 33.00002076
v 4.49998037 9.00002492 34.00001955
v 4.49998612 9.00001934 35.00001420
v 4.49998807 9.00001386 36.00000756
v 4.49998569 9.00001042 37.00000261
v 4.49997961 9.00001095 38.00000064
v 4.49997133 9.00001604 39.00000121
v 4.49996161 9.00002409 40.00000254
v 4.49994751 9.00003211 41.00000211
v 4.49991879 9.00003889 41.99999765
v 4.49985204 9.00004789 42.99998674
v 4.49969194 9.00006570 43.99996221
v 4.49929885 9.00010037 44.99990368
v 4.49832573 9.00017356 45.99976050
v 4.49591646 9.00034509 46.99939021
v 4.48993245 9.00070873 47.99839597
v 4.47524395 9.00133843 48.99590589
v 4.44081974 9.00217445 49.99057856
v 4.36699824 9.00383933 50.98106039
v 4.22851279 9.01309967 51.96463098
v 4.02496532 9.06682532 52.91502352
v 3.73754518 9.11223506 53.75129249
v 3.89468488 10.72639968 9.28328358
v 4.11352710 10.43047746 10.30997995
v 4.25715586 10.29356348 11.27031149
v 4.35276477 10.22879947 12.19819263
v 4.40696736 10.15686563 13.12143426
v 4.44432155 10.10435486 14.07350274
v 4.46682947 10.06418953 15.04224342
v 4.48043712 10.03720780 16.02470236
v 4.48870095 10.02101022 17.01505271
v 4.49376932 10.01206180 18.00918178
v 4.49668321 10.00688383 19.00517588
v 4.49824867 10.00374896 20.00266625
v 4.49906101 10.00195698 21.00131993
v 4.49947764 10.00101791 22.00066415
v 4.49969461 10.00054550 23.00035262
v 4.49981587 10.00030496 24.00020506
v 4.49989148 10.00017887 25.00013045
v 4.49993984 10.00010706 26.00008276
v 4.49996833 10.00006185 27.00004772
v 4.49998322 10.00003380 28.00002423
v 4.49999008 10.00001818 29.00001083
v 4.49999288 10.00001042 30.00000446
v 4.49999405 10.00000686 31.00000225
v 4.49999487 10.00000522 32.00000211
v 4.49999583 10.00000431 33.00000256
v 4.49999694 10.00000358 34.00000272
v 4.49999792 10.00000282 35.00000229
v 4.49999848 10.00000203 36.00000146
v 4.49999846 10.00000140 37.00000064
v 4.49999786 10.00000121 38.00000013
v 4.49999683 10.00000164 38.99999999
v 4.49999555 10.00000259 40.00000008
v 4.49999382 10.00000371 41.00000007
v 4.49999044 10.00000467 41.99999955
v 4.49998217 10.00000563 42.99999791
v 4.49996037 10.00000721 43.99999356
v 4.49990051 10.00000987 44.99998158
v 4.49973142 10.00001404 45.99994699
v 4.49924286 10.00001886 46.99984136
v 4.49780273 10.00000239 47.99951219
v 4.49358746 9.99984315 48.99855244
v 4.48188069 9.99912519 49.99605943
v 4.45227588 9.99690405 50.99008697
v 4.38599005 9.99185197 51.97529396
v 4.25701485 9.98198736 52.93360391
v 4.03291675 9.94335200 53.81047310
v 3.73297196 9.81920123 54.42726061
v 3.85854707 11.60691250 8.47038304
v 4.15751442 11.62369830 9.44815085
v 4.24597641 11.35993122 10.20832436
v 4.34204273 11.20697000 11.14588437
v 4.40816877 11.13029893 12.10771033
v 4.44801380 11.08661539 13.07153587
v 4.47072633 11.05491756 14.04226564
v 4.48397814 11.03293536 15.02348619
v 4.49131510 11.01836418 16.01251310
v 4.49532610 11.00970084 17.00674997
v 4.49753997 11.00505288 18.00377120
v 4.49875925 11.00266594 19.00208704
v 4.49939580 11.00138554 20.00107136
v 4.49970785 11.00068479 21.00050584
v 4.49985529 11.00032528 22.00023060
v 4.49992463 11.00015539 23.00010787
v 4.49995844 11.00007754 24.00005423
v 4.49997653 11.00004099 25.00003024
v 4.49998720 11.00002281 26.00001812
v 4.49999348 11.00001276 27.00001055
v 4.49999684 11.00000678 28.00000550
v 4.49999841 11.00000340 29.00000251
v 4.49999907 11.00000171 30.00000101
v 4.49999931 11.00000095 31.00000040
v 4.49999942 11.00000064 32.00000023
v 4.49999951 11.00000050 33.00000024
v 4.49999963 11.00000041 34.00000028
v 4.49999974 11.00000032 35.00000027
v 4.49999983 11.00000024 36.00000020
v 4.49999986 11.00000016 37.00000011
v 4.49999983 11.00000012 38.00000003
v 4.49999974 11.00000013 38.99999999
v 4.49999961 11.00000021 39.99999999
v 4.49999944 11.00000032 40.99999999
v 4.49999913 11.00000043 41.99999994
v 4.49999835 11.00000051 42.99999977
v 4.49999611 11.00000059 43.99999923
v 4.49998917 11.00000059 44.99999750
v 4.49996658 10.99999998 45.99999165
v 4.49988924 10.99999592 46.99997038
v 4.49961338 10.99997224 47.99989105
v 4.49862855 10.99985065 48.99961088
v 4.49529226 10.99932299 49.99870511
v 4.48496709 10.99739835 50.99596577
v 4.45631959 10.99143519 51.98798133
v 4.38537729 10.97521562 52.96592176
v 4.22585941 10.93307706 53.91242709
v 3.88327312 10.82103391 54.81596777
v 3.79174128 12.48905587 7.68471021
v 4.11851490 12.58151188 8.55520242
v 4.23734538 12.37832920 9.29713551
v 4.34487170 12.26184755 10.17780291
v 4.40498564 12.14912700 11.09283481
v 4.44620355 12.08118262 12.05636143
v 4.47134825 12.04626518 13.03633700
v 4.48522205 12.02730902 14.02197597
v 4.49252098 12.01565269 15.01205836
v 4.49629633 12.00843592 16.00613670
v 4.49818059 12.00423464 17.00299503
v 4.49911041 12.00202882 18.00147844
v 4.49957454 12.00096744 19.00075277
v 4.49980503 12.00046646 20.00037741
v 4.49991383 12.00021966 21.00017550
v 4.49996207 12.00009786 22.00007528
v 4.49998271 12.00004203 23.00003138
v 4.49999159 12.00001837 24.00001361
v 4.49999565 12.00000853 25.00000647
v 4.49999771 12.00000426 26.00000343
v 4.49999886 12.00000223 27.00000191
v 4.49999947 12.00000115 28.00000101
v 4.49999976 12.00000056 29.00000047
v 4.49999989 12.00000025 30.00000019
v 4.49999993 12.00000012 31.00000007
v 4.49999995 12.00000007 32.00000003
v 4.49999996 12.00000004 33.00000002
v 4.49999997 12.00000004 34.00000002
v 4.49999998 12.00000003 35.00000002
v 4.49999998 12.00000002 36.00000002
v 4.49999999 12.00000001 37.00000001
v 4.49999999 12.00000001 38.00000001
v 4.49999998 12.00000001 39.00000000
v 4.49999997 12.00000001 40.00000000
v 4.49999996 12.00000002 41.00000000
v 4.49999994 12.00000003 41.99999999
v 4.49999989 12.00000003 42.99999998
v 4.49999972 12.00000004 43.99999993
v 4.49999912 12.00000001 44.99999976
v 4.49999685 11.99999983 45.99999906
v 4.49998742 11.99999872 46.99999596
v 4.49994553 11.99999181 47.99998174
v 4.49975713 11.99995134 48.99991889
v 4.49895302 11.99974436 49.99966108
v 4.49582778 11.99884779 50.99868228
v 4.48502417 11.99561751 51.99530136
v 4.45230843 11.98611969 52.98514010
v 4.36626242 11.96413860 53.96012579
v 4.17067954 11.93051339 54.91416203
v 3.79662493 11.95396670 55.86710848
v 3.91188942 13.63546832 7.25550959
v 4.16916653 13.37574372 8.30476400
v 4.32011359 13.26500508 9.21904147
v 4.39865015 13.16688321 10.12411747
v 4.44493541 13.09849634 11.06547461
v 4.47044217 13.05163556 12.03275368
v 4.48497325 13.02579794 13.01775930
v 4.49276149 13.01323108 14.01015668
v 4.49663571 13.00697594 15.00556211
v 4.49847422 13.00358363 16.00278606
v 4.49932109 13.00172588 17.00128733
v 4.49969932 13.00077525 18.00057003
v 4.49986704 13.00033496 19.00025551
v 4.49994251 13.00014530 20.00011793
v 4.49997625 13.00006363 21.00005334
v 4.49999056 13.00002696 22.00002231
v 4.49999625 13.00001073 23.00000861
v 4.49999844 13.00000413 24.00000325
v 4.49999929 13.00000164 25.00000130
v 4.49999966 13.00000071 26.00000058
v 4.49999984 13.00000033 27.00000029
v 4.49999993 13.00000016 28.00000015
v 4.49999997 13.00000008 29.00000007
v 4.49999999 13.00000003 30.00000003
v 4.49999999 13.00000001 31.00000001
v 4.50000000 13.00000001 32.00000000
v 4.50000000 13.00000000 33.00000000
v 4.50000000 13.00000000 34.00000000
v 4.50000000 13.00000000 35.00000000
v 4.50000000 13.00000000 36.00000000
v 4.50000000 13.00000000 37.00000000
v 4.50000000 13.00000000 38.00000000
v 4.50000000 13.00000000 39.00000000
v 4.50000000 13.00000000 40.00000000
v 4.50000000 13.00000000 41.00000000
v 4.50000000 13.00000000 42.00000000
v 4.49999999 13.00000000 43.00000000
v 4.49999999 13.00000000 44.00000000
v 4.49999995 13.00000000 44.99999998
v 4.49999978 12.99999998 45.99999992
v 4.49999891 12.99999981 46.99999960
v 4.49999388 12.99999856 47.99999768
v 4.49996412 12.99998939 48.99998662
v 4.49979882 12.99993185 49.99992732
v 4.49897913 12.99963214 50.99963936
v 4.49545811 12.99836709 51.99841947
v 4.48262095 12.99414199 52.99408471
v 4.44343492 12.98342862 53.98152208
v 4.34436836 12.96520821 54.95216511
v 4.14081139 12.95674263 55.89554782
v 3.81746768 13.00447769 56.79048273
v 3.85684519 14.57748532 6.38417812
v 4.16521019 14.59338561 7.41922447
v 4.26454420 14.32811070 8.19721636
v 4.36972866 14.18520419 9.13178403
v 4.43393919 14.10812868 10.08053213
v 4.46733357 14.06014402 11.04254648
v 4.48421481 14.03107252 12.02037596
v 4.49252713 14.01462516 13.00935285
v 4.49661527 14.00658100 14.00453027
v 4.49854026 14.00301921 15.00230527
v 4.49939390 14.00141931 16.00113520
v 4.49975518 14.00064946 17.00051300
v 4.49990282 14.00027770 18.00021311
v 4.49996144 14.00011085 19.00008480
v 4.49998467 14.00004290 20.00003424
v 4.49999405 14.00001682 21.00001424
v 4.49999781 14.00000664 22.00000577
v 4.49999923 14.00000251 23.00000215
v 4.49999973 14.00000088 24.00000074
v 4.49999990 14.00000030 25.00000025
v 4.49999996 14.00000011 26.00000009
v 4.49999998 14.00000004 27.00000004
v 4.49999999 14.00000002 28.00000002
v 4.50000000 14.00000001 29.00000001
v 4.50000000 14.00000000 30.00000000
v 4.50000000 14.00000000 31.00000000
v 4.50000000 14.00000000 32.00000000
v 4.50000000 14.00000000 33.00000000
v 4.50000000 14.00000000 34.00000000
v 4.50000000 14.00000000 35.00000000
v 4.50000000 14.00000000 36.00000000
v 4.50000000 14.00000000 37.00000000
v 4.50000000 14.00000000 38.00000000
v 4.50000000 14.00000000 39.00000000
v 4.50000000 14.00000000 40.00000000
v 4.50000000 14.00000000 41.00000000
v 4.50000000 14.00000000 42.00000000
v 4.50000000 14.00000000 43.00000000
v 4.50000000 14.00000000 44.00000000
v 4.50000000 14.00000000 45.00000000
v 4.49999999 14.00000000 46.00000000
v 4.49999993 13.99999998 46.99999997
v 4.49999945 13.99999982 47.99999978
v 4.49999554 13.99999827 48.99999821
v 4.49996636 13.99998586 49.99998679
v 4.49977983 13.99990584 50.99991415
v 4.49878374 13.99949472 51.99952553
v 4.49440465 13.99782897 52.99781789
v 4.47866793 13.99257635 53.99168662
v 4.43260263 13.97999381 54.97348482
v 4.32313061 13.95808413 55.92739477
v 4.11272146 13.93079497 56.82247007
v 3.77973025 13.89817373 57.59949452
v 3.84668622 15.58770265 5.50852477
v 4.14559135 15.59184551 6.49877804
v 4.24633726 15.36870315 7.26586979
v 4.35219226 15.24945623 8.16563248
v 4.41497732 15.13817534 9.08669102
v 4.45720828 15.07187817 10.04810471
v 4.48040843 15.03646345 11.02540333
v 4.49145457 15.01767299 12.01206094
v 4.49636755 15.00798446 13.00519975
v 4.49848884 15.00332739 14.00214762
v 4.49939480 15.00133135 15.00092406
v 4.49976848 15.00054271 16.00041717
v 4.49991488 15.00022645 17.00018334
v 4.49996964 15.00009170 18.00007396
v 4.49998934 15.00003453 19.00002732
v 4.49999624 15.00001214 20.00000966
v 4.49999867 15.00000417 21.00000348
v 4.49999954 15.00000147 22.00000129
v 4.49999985 15.00000052 23.00000047
v 4.49999995 15.00000017 24.00000015
v 4.49999999 15.00000005 25.00000005
v 4.50000000 15.00000002 26.00000001
v 4.50000000 15.00000000 27.00000000
v 4.50000000 15.00000000 28.00000000
v 4.50000000 15.00000000 29.00000000
v 4.50000000 15.00000000 30.00000000
v 4.50000000 15.00000000 31.00000000
v 4.50000000 15.00000000 32.00000000
v 4.50000000 15.00000000 33.00000000
v 4.50000000 15.00000000 34.00000000
v 4.50000000 15.00000000 35.00000000
v 4.50000000 15.00000000 36.00000000
v 4.50000000 15.00000000 37.00000000
v 4.50000000 15.00000000 38.00000000
v 4.50000000 15.00000000 39.00000000
v 4.50000000 15.00000000 40.00000000
v 4.50000000 15.00000000 41.00000000
v 4.50000000 15.00000000 42.00000000
v 4.50000000 15.00000000 43.00000000
v 4.50000000 15.00000000 44.00000000
v 4.50000000 15.00000000 45.00000000
v 4.50000000 15.00000000 46.00000000
v 4.50000000 15.00000000 47.00000000
v 4.49999996 14.99999998 47.99999998
v 4.49999952 14.99999977 48.99999980
v 4.49999503 14.99999750 49.99999789
v 4.49995744 14.99997840 50.99998162
v 4.49970527 14.99985275 51.99986957
v 4.49835079 14.99920216 52.99925047
v 4.49251077 14.99653911 53.99648897
v 4.47220642 14.98788438 54.98642135
v 4.41496620 14.96539959 55.95592046
v 4.28315271 14.91790665 56.87749244
v 4.03318415 14.83374444 57.70025388
v 3.66265568 14.70715014 58.30133665
v 3.79126453 16.51662837 4.74435071
v 4.11618297 16.58304596 5.58926005
v 4.23229885 16.37000464 6.32551675
v 4.34157641 16.25990265 7.20754987
v 4.40592273 16.16163958 8.11496349
v 4.44905543 16.09404568 9.06131465
v 4.47436516 16.04798225 10.03003085
v 4.48849534 16.02242636 11.01446112
v 4.49532327 16.00992773 12.00663356
v 4.49821208 16.00417182 13.00278561
v 4.49933716 16.00163892 14.00106797
v 4.49975936 16.00059823 15.00039143
v 4.49991552 16.00021054 16.00014840
v 4.49997162 16.00007567 17.00005907
v 4.49999086 16.00002785 18.00002297
v 4.49999715 16.00000990 19.00000818
v 4.49999913 16.00000325 20.00000265
v 4.49999973 16.00000099 21.00000082
v 4.49999992 16.00000030 22.00000026
v 4.49999997 16.00000009 23.00000009
v 4.49999999 16.00000003 24.00000003
v 4.50000000 16.00000001 25.00000001
v 4.50000000 16.00000000 26.00000000
v 4.50000000 16.00000000 27.00000000
v 4.50000000 16.00000000 28.00000000
v 4.50000000 16.00000000 29.00000000
v 4.50000000 16.00000000 30.00000000
v 4.50000000 16.00000000 31.00000000
v 4.50000000 16.00000000 32.00000000
v 4.50000000 16.00000000 33.00000000
v 4.50000000 16.00000000 34.00000000
v 4.50000000 16.00000000 35.00000000
v 4.50000000 16.00000000 36.00000000
v 4.50000000 16.00000000 37.00000000
v 4.50000000 16.00000000 38.00000000
v 4.50000000 16.00000000 39.00000000
v 4.50000000 16.00000000 40.00000000
v 4.50000000 16.00000000 41.00000000
v 4.50000000 16.00000000 42.00000000
v 4.50000000 16.00000000 43.00000000
v 4.50000000 16.00000000 44.00000000
v 4.50000000 16.00000000 45.00000000
v 4.50000000 16.00000000 46.00000000
v 4.50000000 16.00000000 47.00000000
v 4.50000000 16.00000000 48.00000000
v 4.49999995 15.99999997 48.99999998
v 4.49999930 15.99999955 49.99999969
v 4.49999199 15.99999473 50.99999625
v 4.49992947 15.99995337 51.99996559
v 4.49951440 15.99968067 52.99975283
v 4.49734796 15.99827995 53.99858945
v 4.48836031 15.99262155 54.99350981
v 4.45842782 15.97451056 55.97558831
v 4.37749186 15.92830349 56.92403618
v 4.19624859 15.83384125 57.80364326
v 3.83879249 15.67548056 58.59395631
v 3.91743636 17.68548715 4.41349468
v 4.17035352 17.38961443 5.35746512
v 4.31921529 17.26604893 6.24161862
v 4.39695897 17.16599121 7.13955129
v 4.44409110 17.10141572 8.07816668
v 4.47076824 17.05735437 9.04017914
v 4.48582028 17.02957257 10.01914490
v 4.49370971 17.01352859 11.00841943
v 4.49750802 17.00559349 12.00353010
v 4.49911119 17.00215064 13.00140310
v 4.49970497 17.00077907 14.00051526
v 4.49990554 17.00026414 15.00017352
v 4.49997036 17.00008355 16.00005571
v 4.49999098 17.00002557 17.00001841
v 4.49999737 17.00000803 18.00000641
v 4.49999927 17.00000258 19.00000218
v 4.49999980 17.00000080 20.00000068
v 4.49999995 17.00000022 21.00000019
v 4.49999999 17.00000006 22.00000005
v 4.50000000 17.00000002 23.00000001
v 4.50000000 17.00000000 24.00000000
v 4.50000000 17.00000000 25.00000000
v 4.50000000 17.00000000 26.00000000
v 4.50000000 17.00000000 27.00000000
v 4.50000000 17.00000000 28.00000000
v 4.50000000 17.00000000 29.00000000
v 4.50000000 17.00000000 30.00000000
v 4.50000000 17.00000000 31.00000000
v 4.50000000 17.00000000 32.00000000
v 4.50000000 17.00000000 33.00000000
v 4.50000000 17.00000000 34.00000000
v 4.50000000 17.00000000 35.00000000
v 4.50000000 17.00000000 36.00000000
v 4.50000000 17.00000000 37.00000000
v 4.50000000 17.00000000 38.00000000
v 4.50000000 17.00000000 39.00000000
v 4.50000000 17.00000000 40.00000000
v 4.50000000 17.00000000 41.00000000
v 4.50000000 17.00000000 42.00000000
v 4.50000000 17.00000000 43.00000000
v 4.50000000 17.00000000 44.00000000
v 4.50000000 17.00000000 45.00000000
v 4.50000000 17.00000000 46.00000000
v 4.50000000 17.00000000 47.00000000
v 4.50000000 17.00000000 48.00000000
v 4.49999999 17.00000000 49.00000000
v 4.49999988 16.99999990 49.99999995
v 4.49999824 16.99999845 50.99999919
v 4.49998068 16.99998310 51.99999053
v 4.49983931 16.99986124 52.99991690
v 4.49896374 16.99912193 53.99943704
v 4.49472261 16.99564321 54.99699441
v 4.47845153 16.98281505 55.98713219
v 4.42849474 16.94547506 56.95504995
v 4.30479934 16.85948017 57.86923007
v 4.05853703 16.70621528 58.67439963
v 3.68602625 16.54734240 59.29370338
v 3.81516610 18.57554930 3.79161893
v 4.14035958 18.61124276 4.57043736
v 4.25888738 18.34330880 5.26676750
v 4.36863102 18.19023026 6.15757619
v 4.43335128 18.10895257 7.09105520
v 4.46680296 18.06082464 8.04880264
v 4.48399856 18.03282053 9.02465696
v 4.49261390 18.01652175 10.01147956
v 4.49682928 18.00753902 11.00488395
v 4.49876395 18.00305018 12.00189875
v 4.49957151 18.00110290 13.00068991
v 4.49986741 18.00036550 14.00023604
v 4.49996223 18.00011323 15.00007496
v 4.49998969 18.00003281 16.00002189
v 4.49999724 18.00000888 17.00000606
v 4.49999928 18.00000233 18.00000172
v 4.49999982 18.00000063 19.00000052
v 4.49999996 18.00000018 20.00000015
v 4.49999999 18.00000005 21.00000004
v 4.50000000 18.00000001 22.00000001
v 4.50000000 18.00000000 23.00000000
v 4.50000000 18.00000000 24.00000000
v 4.50000000 18.00000000 25.00000000
v 4.50000000 18.00000000 26.00000000
v 4.50000000 18.00000000 27.00000000
v 4.50000000 18.00000000 28.00000000
v 4.50000000 18.00000000 29.00000000
v 4.50000000 18.00000000 30.00000000
v 4.50000000 18.00000000 31.00000000
v 4.50000000 18.00000000 32.00000000
v 4.50000000 18.00000000 33.00000000
v 4.50000000 18.00000000 34.00000000
v 4.50000000 18.00000000 35.00000000
v 4.50000000 18.00000000 36.00000000
v 4.50000000 18.00000000 37.00000000
v 4.50000000 18.00000000 38.00000000
v 4.50000000 18.00000000 39.00000000
v 4.50000000 18.00000000 40.00000000
v 4.50000000 18.00000000 41.00000000
v 4.50000000 18.00000000 42.00000000
v 4.50000000 18.00000000 43.00000000
v 4.50000000 18.00000000 44.00000000
v 4.50000000 18.00000000 45.00000000
v 4.50000000 18.00000000 46.00000000
v 4.50000000 18.00000000 47.00000000
v 4.50000000 18.00000000 48.00000000
v 4.50000000 18.00000000 49.00000000
v 4.49999997 17.99999997 49.99999999
v 4.49999950 17.99999949 50.99999979
v 4.49999361 17.99999348 51.99999705
v 4.49993860 17.99993878 52.99996985
v 4.49954886 17.99956237 53.99976655
v 4.49741031 17.99756952 54.99859918
v 4.48818758 17.98934921 55.99335945
v 4.45654346 17.96266968 56.97469120
v 4.36921094 17.89384114 57.92085924
v 4.17396915 17.74972359 58.78966136
v 3.83261157 17.48328883 59.47042294
v 3.90675068 19.60873492 3.57018211
v 4.16769731 19.39593151 4.38549790
v 4.32646833 19.26571246 5.22818614
v 4.40825813 19.14530391 6.11343470
v 4.45575951 19.07398483 7.05774950
v 4.48003517 19.03698860 8.02909876
v 4.49129079 19.01813011 9.01401137
v 4.49631436 19.00859533 10.00635273
v 4.49850651 19.00381395 11.00264943
v 4.49943720 19.00153049 12.00099965
v 4.49980844 19.00054203 13.00034011
v 4.49994245 19.00016958 14.00010626
v 4.49998475 19.00004795 15.00003099
v 4.49999633 19.00001256 16.00000840
v 4.49999916 19.00000307 17.00000209
v 4.49999981 19.00000070 18.00000049
v 4.49999996 19.00000015 19.00000012
v 4.49999999 19.00000004 20.00000003
v 4.50000000 19.00000001 21.00000001
v 4.50000000 19.00000000 22.00000000
v 4.50000000 19.00000000 23.00000000
v 4.50000000 19.00000000 24.00000000
v 4.50000000 19.00000000 25.00000000
v 4.50000000 19.00000000 26.00000000
v 4.50000000 19.00000000 27.00000000
v 4.50000000 19.00000000 28.00000000
v 4.50000000 19.00000000 29.00000000
v 4.50000000 19.00000000 30.00000000
v 4.50000000 19.00000000 31.00000000
v 4.50000000 19.00000000 32.00000000
v 4.50000000 19.00000000 33.00000000
v 4.50000000 19.00000000 34.00000000
v 4.50000000 19.00000000 35.00000000
v 4.50000000 19.00000000 36.00000000
v 4.50000000 19.00000000 37.00000000
v 4.50000000 19.00000000 38.00000000
v 4.50000000 19.00000000 39.00000000
v 4.50000000 19.00000000 40.00000000
v 4.50000000 19.00000000 41.00000000
v 4.50000000 19.00000000 42.00000000
v 4.50000000 19.00000000 43.00000000
v 4.50000000 19.00000000 44.00000000
v 4.50000000 19.00000000 45.00000000
v 4.50000000 19.00000000 46.00000000
v 4.50000000 19.00000000 47.00000000
v 4.50000000 19.00000000 48.00000000
v 4.50000000 19.00000000 49.00000000
v 4.49999999 18.99999999 50.00000000
v 4.49999984 18.99999982 50.99999993
v 4.49999768 18.99999746 51.99999894
v 4.49997496 18.99997331 52.99998783
v 4.49979522 18.99978860 53.99989568
v 4.49870019 18.99870834 54.99931294
v 4.49347950 18.99380952 55.99645747
v 4.47374274 18.97641838 56.98548113
v 4.41379566 18.92774748 57.95212277
v 4.26465543 18.81971589 58.87266907
v 3.94329917 18.62817089 59.74445024
v 3.97250040 20.66171865 3.33263200
v 4.21611530 20.35560504 4.25645338
v 4.35799026 20.19758312 5.15721559
v 4.43371702 20.10680491 6.08289318
v 4.47040087 20.05187222 7.03855964
v 4.48766099 20.02338021 8.01731173
v 4.49515439 20.01016867 9.00763509
v 4.49816620 20.00433306 10.00325804
v 4.49932543 20.00179161 11.00131419
v 4.49976192 20.00069534 12.00048664
v 4.49992189 20.00024354 13.00016153
v 4.49997699 20.00007474 14.00004763
v 4.49999408 20.00001999 15.00001266
v 4.49999868 20.00000476 16.00000310
v 4.49999974 20.00000104 17.00000071
v 4.49999995 20.00000021 18.00000015
v 4.49999999 20.00000004 19.00000003
v 4.50000000 20.00000001 20.00000001
v 4.50000000 20.00000000 21.00000000
v 4.50000000 20.00000000 22.00000000
v 4.50000000 20.00000000 23.00000000
v 4.50000000 20.00000000 24.00000000
v 4.50000000 20.00000000 25.00000000
v 4.50000000 20.00000000 26.00000000
v 4.50000000 20.00000000 27.00000000
v 4.50000000 20.00000000 28.00000000
v 4.50000000 20.00000000 29.00000000
v 4.50000000 20.00000000 30.00000000
v 4.50000000 20.00000000 31.00000000
v 4.50000000 20.00000000 32.00000000
v 4.50000000 20.00000000 33.00000000
v 4.50000000 20.00000000 34.00000000
v 4.50000000 20.00000000 35.00000000
v 4.50000000 20.00000000 36.00000000
v 4.50000000 20.00000000 37.00000000
v 4.50000000 20.00000000 38.00000000
v 4.50000000 20.00000000 39.00000000
v 4.50000000 20.00000000 40.00000000
v 4.50000000 20.00000000 41.00000000
v 4.50000000 20.00000000 42.00000000
v 4.50000000 20.00000000 43.00000000
v 4.50000000 20.00000000 44.00000000
v 4.50000000 20.00000000 45.00000000
v 4.50000000 20.00000000 46.00000000
v 4.50000000 20.00000000 47.00000000
v 4.50000000 20.00000000 48.00000000
v 4.50000000 20.00000000 49.00000000
v 4.50000000 20.00000000 50.00000000
v 4.49999995 19.99999993 50.99999998
v 4.49999911 19.99999896 51.99999956
v 4.49998948 19.99998799 52.99999454
v 4.49990582 19.99989629 53.99994916
v 4.49934884 19.99931264 54.99963755
v 4.49645414 19.99643994 55.99798149
v 4.48455493 19.98540144 56.99108257
v 4.44543700 19.95212590 57.96831371
v 4.34166961 19.87345612 58.90789635
v 4.12066796 19.72954090 59.77201280
v 3.79438006 19.54688082 60.43061369
v 3.83396963 21.52469566 2.69117345
v 4.16301909 21.59367934 3.51049809
v 4.28260708 21.32683792 4.21517419
v 4.38818446 21.16574784 5.11102844
v 4.44950177 21.08012763 6.05611344
v 4.47931135 21.03651921 7.02576169
v 4.49211775 21.01529425 8.01068803
v 4.49719555 21.00596221 9.00420221
v 4.49905733 21.00223071 10.00161383
v 4.49969442 21.00081830 11.00060401
v 4.49990339 21.00029264 12.00021475
v 4.49997059 21.00009854 13.00006998
v 4.49999168 21.00002986 14.00002024
v 4.49999790 21.00000785 15.00000511
v 4.49999955 21.00000177 16.00000114
v 4.49999992 21.00000035 17.00000023
v 4.49999999 21.00000006 18.00000004
v 4.50000000 21.00000001 19.00000001
v 4.50000000 21.00000000 20.00000000
v 4.50000000 21.00000000 21.00000000
v 4.50000000 21.00000000 22.00000000
v 4.50000000 21.00000000 23.00000000
v 4.50000000 21.00000000 24.00000000
v 4.50000000 21.00000000 25.00000000
v 4.50000000 21.00000000 26.00000000
v 4.50000000 21.00000000 27.00000000
v 4.50000000 21.00000000 28.00000000
v 4.50000000 21.00000000 29.00000000
v 4.50000000 21.00000000 30.00000000
v 4.50000000 21.00000000 31.00000000
v 4.50000000 21.00000000 32.00000000
v 4.50000000 21.00000000 33.00000000
v 4.50000000 21.00000000 34.00000000
v 4.50000000 21.00000000 35.00000000
v 4.50000000 21.00000000 36.00000000
v 4.50000000 21.00000000 37.00000000
v 4.50000000 21.00000000 38.00000000
v 4.50000000 21.00000000 39.00000000
v 4.50000000 21.00000000 40.00000000
v 4.50000000 21.00000000 41.00000000
v 4.50000000 21.00000000 42.00000000
v 4.50000000 21.00000000 43.00000000
v 4.50000000 21.00000000 44.00000000
v 4.50000000 21.00000000 45.00000000
v 4.50000000 21.00000000 46.00000000
v 4.50000000 21.00000000 47.00000000
v 4.50000000 21.00000000 48.00000000
v 4.50000000 21.00000000 49.00000000
v 4.50000000 21.00000000 50.00000000
v 4.49999998 20.99999997 50.99999999
v 4.49999963 20.99999952 51.99999980
v 4.49999522 20.99999410 52.99999732
v 4.49995424 20.99994553 53.99997340
v 4.49966206 20.99961421 54.99979756
v 4.49803679 20.99786533 55.99879421
v 4.49088513 20.99064654 56.99428906
v 4.46571183 20.96723011 57.97821640
v 4.39401999 20.90755523 58.93240319
v 4.22578150 20.78864838 59.82880103
v 3.88114896 20.59940309 60.65902008
v 3.91045093 22.71488483 2.41485192
v 4.18597346 22.39925411 3.32798876
v 4.34026490 22.25851484 4.19557690
v 4.41810291 22.13606873 5.08967147
v 4.46283295 22.06300952 6.03980635
v 4.48518228 22.02654189 7.01693205
v 4.49473404 22.01027813 8.00666503
v 4.49829459 22.00365767 9.00240303
v 4.49948820 22.00121226 10.00081661
v 4.49985507 22.00038499 11.00027037
v 4.49996037 22.00012019 12.00008777
v 4.49998938 22.00003681 13.00002722
v 4.49999725 22.00001065 14.00000772
v 4.49999934 22.00000276 15.00000192
v 4.49999986 22.00000061 16.00000041
v 4.49999997 22.00000011 17.00000007
v 4.50000000 22.00000002 18.00000001
v 4.50000000 22.00000000 19.00000000
v 4.50000000 22.00000000 20.00000000
v 4.50000000 22.00000000 21.00000000
v 4.50000000 22.00000000 22.00000000
v 4.50000000 22.00000000 23.00000000
v 4.50000000 22.00000000 24.00000000
v 4.50000000 22.00000000 25.00000000
v 4.50000000 22.00000000 26.00000000
v 4.50000000 22.00000000 27.00000000
v 4.50000000 22.00000000 28.00000000
v 4.50000000 22.00000000 29.00000000
v 4.50000000 22.00000000 30.00000000
v 4.50000000 22.00000000 31.00000000
v 4.50000000 22.00000000 32.00000000
v 4.50000000 22.00000000 33.00000000
v 4.50000000 22.00000000 34.00000000
v 4.50000000 22.00000000 35.00000000
v 4.50000000 22.00000000 36.00000000
v 4.50000000 22.00000000 37.00000000
v 4.50000000 22.00000000 38.00000000
v 4.50000000 22.00000000 39.00000000
v 4.50000000 22.00000000 40.00000000
v 4.50000000 22.00000000 41.00000000
v 4.50000000 22.00000000 42.00000000
v 4.50000000 22.00000000 43.00000000
v 4.50000000 22.00000000 44.00000000
v 4.50000000 22.00000000 45.00000000
v 4.50000000 22.00000000 46.00000000
v 4.50000000 22.00000000 47.00000000
v 4.50000000 22.00000000 48.00000000
v 4.50000000 22.00000000 49.00000000
v 4.50000000 22.00000000 50.00000000
v 4.49999999 21.99999999 50.99999999
v 4.49999982 21.99999976 51.99999990
v 4.49999758 21.99999682 52.99999855
v 4.49997557 21.99996914 53.99998507
v 4.49981030 21.99976990 54.99988141
v 4.49884171 21.99865564 55.99925888
v 4.49434932 21.99375671 56.99629632
v 4.47768468 21.97670944 57.98498284
v 4.42782581 21.92968532 58.94989669
v 4.30665925 21.82776365 59.86052432
v 4.06678753 21.66216770 60.67206538
v 3.70575762 21.51071607 61.31267105
v 3.75877463 23.66995451 1.84635074
v 4.12134850 23.64983906 2.59314643
v 4.25639585 23.35869471 3.26605635
v 4.37428699 23.19286936 4.14296759
v 4.44106866 23.10206987 5.07097813
v 4.47407132 23.04771140 6.03019002
v 4.48976617 23.01956208 7.01170964
v 4.49645186 23.00712398 8.00422502
v 4.49891770 23.00233664 9.00141001
v 4.49970455 23.00069838 10.00043343
v 4.49992620 23.00019372 11.00012532
v 4.49998270 23.00005141 12.00003528
v 4.49999609 23.00001347 13.00000980
v 4.49999913 23.00000349 14.00000262
v 4.49999981 23.00000086 15.00000064
v 4.49999996 23.00000019 16.00000013
v 4.49999999 23.00000003 17.00000002
v 4.50000000 23.00000001 18.00000000
v 4.50000000 23.00000000 19.00000000
v 4.50000000 23.00000000 20.00000000
v 4.50000000 23.00000000 21.00000000
v 4.50000000 23.00000000 22.00000000
v 4.50000000 23.00000000 23.00000000
v 4.50000000 23.00000000 24.00000000
v 4.50000000 23.00000000 25.00000000
v 4.50000000 23.00000000 26.00000000
v 4.50000000 23.00000000 27.00000000
v 4.50000000 23.00000000 28.00000000
v 4.50000000 23.00000000 29.00000000
v 4.50000000 23.00000000 30.00000000
v 4.50000000 23.00000000 31.00000000
v 4.50000000 23.00000000 32.00000000
v 4.50000000 23.00000000 33.00000000
v 4.50000000 23.00000000 34.00000000
v 4.50000000 23.00000000 35.00000000
v 4.50000000 23.00000000 36.00000000
v 4.50000000 23.00000000 37.00000000
v 4.50000000 23.00000000 38.00000000
v 4.50000000 23.00000000 39.00000000
v 4.50000000 23.00000000 40.00000000
v 4.50000000 23.00000000 41.00000000
v 4.50000000 23.00000000 42.00000000
v 4.50000000 23.00000000 43.00000000
v 4.50000000 23.00000000 44.00000000
v 4.50000000 23.00000000 45.00000000
v 4.50000000 23.00000000 46.00000000
v 4.50000000 23.00000000 47.00000000
v 4.50000000 23.00000000 48.00000000
v 4.50000000 23.00000000 49.00000000
v 4.50000000 23.00000000 50.00000000
v 4.50000000 22.99999999 51.00000000
v 4.49999990 22.99999986 51.99999993
v 4.49999864 22.99999809 52.99999908
v 4.49998576 22.99998103 53.99999052
v 4.49988508 22.99985470 54.99992391
v 4.49926836 22.99912178 55.99951597
v 4.49627105 22.99575091 56.99752336
v 4.48459689 22.98335715 57.98966720
v 4.44787236 22.94668916 58.96430115
v 4.35405817 22.85886090 59.89567066
v 4.15935031 22.68805188 60.73453315
v 3.82588671 22.43174611 61.41637718
v 3.84750116 24.75443125 1.72296830
v 4.13679777 24.45268784 2.44584654
v 4.31538666 24.28697253 3.24702006
v 4.40647543 24.15198849 4.11465507
v 4.45737116 24.07416433 5.05230920
v 4.48231597 24.03379525 6.02222475
v 4.49326931 24.01376777 7.00836084
v 4.49770641 24.00491002 8.00281055
v 4.49931609 24.00153152 9.00085845
v 4.49982284 24.00042239 10.00024021
v 4.49995970 24.00010473 11.00006183
v 4.49999176 24.00002390 12.00001493
v 4.49999844 24.00000520 13.00000351
v 4.49999971 24.00000112 14.00000082
v 4.49999995 24.00000024 15.00000019
v 4.49999999 24.00000005 16.00000004
v 4.50000000 24.00000001 17.00000001
v 4.50000000 24.00000000 18.00000000
v 4.50000000 24.00000000 19.00000000
v 4.50000000 24.00000000 20.00000000
v 4.50000000 24.00000000 21.00000000
v 4.50000000 24.00000000 22.00000000
v 4.50000000 24.00000000 23.00000000
v 4.50000000 24.00000000 24.00000000
v 4.50000000 24.00000000 25.00000000
v 4.50000000 24.00000000 26.00000000
v 4.50000000 24.00000000 27.00000000
v 4.50000000 24.00000000 28.00000000
v 4.50000000 24.00000000 29.00000000
v 4.50000000 24.00000000 30.00000000
v 4.50000000 24.00000000 31.00000000
v 4.50000000 24.00000000 32.00000000
v 4.50000000 24.00000000 33.00000000
v 4.50000000 24.00000000 34.00000000
v 4.50000000 24.00000000 35.00000000
v 4.50000000 24.00000000 36.00000000
v 4.50000000 24.00000000 37.00000000
v 4.50000000 24.00000000 38.00000000
v 4.50000000 24.00000000 39.00000000
v 4.50000000 24.00000000 40.00000000
v 4.50000000 24.00000000 41.00000000
v 4.50000000 24.00000000 42.00000000
v 4.50000000 24.00000000 43.00000000
v 4.50000000 24.00000000 44.00000000
v 4.50000000 24.00000000 45.00000000
v 4.50000000 24.00000000 46.00000000
v 4.50000000 24.00000000 47.00000000
v 4.50000000 24.00000000 48.00000000
v 4.50000000 24.00000000 49.00000000
v 4.50000000 24.00000000 50.00000000
v 4.50000000 23.99999999 51.00000000
v 4.49999994 23.99999989 51.99999995
v 4.49999912 23.99999863 52.99999929
v 4.49999080 23.99998661 53.99999280
v 4.49992490 23.99989826 54.99994306
v 4.49951083 23.99938453 55.99964016
v 4.49742644 23.99699280 56.99815907
v 4.48895376 23.98800709 57.99230324
v 4.46095138 23.96058144 58.97345894
v 4.38514285 23.89191879 59.92354118
v 4.21604449 23.74729616 60.81054491
v 3.91476240 23.46733832 61.54775031
v 3.91163182 25.69705822 1.65606028
v 4.17199300 25.40514758 2.37067530
v 4.33846948 25.22219472 3.19718006
v 4.42743102 25.11584719 4.09430417
v 4.46922241 25.05425288 5.03995721
v 4.48795952 25.02324177 6.01581500
v 4.49568231 25.00913535 7.00578245
v 4.49858848 25.00320924 8.00188826
v 4.49958830 25.00098323 9.00054479
v 4.49989557 25.00026005 10.00013993
v 4.49997731 25.00005968 11.00003241
v 4.49999577 25.00001209 12.00000685
v 4.49999931 25.00000222 13.00000135
v 4.49999990 25.00000039 14.00000026
v 4.49999999 25.00000007 15.00000005
v 4.50000000 25.00000001 16.00000001
v 4.50000000 25.00000000 17.00000000
v 4.50000000 25.00000000 18.00000000
v 4.50000000 25.00000000 19.00000000
v 4.50000000 25.00000000 20.00000000
v 4.50000000 25.00000000 21.00000000
v 4.50000000 25.00000000 22.00000000
v 4.50000000 25.00000000 23.00000000
v 4.50000000 25.00000000 24.00000000
v 4.50000000 25.00000000 25.00000000
v 4.50000000 25.00000000 26.00000000
v 4.50000000 25.00000000 27.00000000
v 4.50000000 25.00000000 28.00000000
v 4.50000000 25.00000000 29.00000000
v 4.50000000 25.00000000 30.00000000
v 4.50000000 25.00000000 31.00000000
v 4.50000000 25.00000000 32.00000000
v 4.50000000 25.00000000 33.00000000
v 4.50000000 25.00000000 34.00000000
v 4.50000000 25.00000000 35.00000000
v 4.50000000 25.00000000 36.00000000
v 4.50000000 25.00000000 37.00000000
v 4.50000000 25.00000000 38.00000000
v 4.50000000 25.00000000 39.00000000
v 4.50000000 25.00000000 40.00000000
v 4.50000000 25.00000000 41.00000000
v 4.50000000 25.00000000 42.00000000
v 4.50000000 25.00000000 43.00000000
v 4.50000000 25.00000000 44.00000000
v 4.50000000 25.00000000 45.00000000
v 4.50000000 25.00000000 46.00000000
v 4.50000000 25.00000000 47.00000000
v 4.50000000 25.00000000 48.00000000
v 4.50000000 25.00000000 49.00000000
v 4.50000000 25.00000000 50.00000000
v 4.50000000 24.99999999 51.00000000
v 4.49999995 24.99999991 51.99999995
v 4.49999931 24.99999881 52.99999935
v 4.49999303 24.99998876 53.99999366
v 4.49994456 24.99991680 54.99995088
v 4.49964316 24.99950760 55.99969348
v 4.49811786 24.99763409 56.99843827
v 4.49179586 24.99067376 57.99345278
v 4.47024486 24.96959468 58.97730494
v 4.40949218 24.91741203 59.93482009
v 4.26603021 24.81164029 60.84630283
v 3.96862913 24.63582559 61.72578878
v 3.92688415 26.61983513 1.57466615
v 4.19446936 26.36563363 2.32074162
v 4.35344788 26.19113942 3.16214069
v 4.43764128 26.09109335 4.07462411
v 4.47606991 26.04003531 5.03086082
v 4.49150683 26.01606344 6.01145491
v 4.49720306 26.00590749 7.00390874
v 4.49914972 26.00198394 8.00122441
v 4.49976425 26.00059467 9.00034295
v 4.49994182 26.00015470 10.00008407
v 4.49998761 26.00003428 11.00001798
v 4.49999778 26.00000645 12.00000339
v 4.49999967 26.00000105 13.00000057
v 4.49999996 26.00000015 14.00000009
v 4.50000000 26.00000002 15.00000001
v 4.50000000 26.00000000 16.00000000
v 4.50000000 26.00000000 17.00000000
v 4.50000000 26.00000000 18.00000000
v 4.50000000 26.00000000 19.00000000
v 4.50000000 26.00000000 20.00000000
v 4.50000000 26.00000000 21.00000000
v 4.50000000 26.00000000 22.00000000
v 4.50000000 26.00000000 23.00000000
v 4.50000000 26.00000000 24.00000000
v 4.50000000 26.00000000 25.00000000
v 4.50000000 26.00000000 26.00000000
v 4.50000000 26.00000000 27.00000000
v 4.50000000 26.00000000 28.00000000
v 4.50000000 26.00000000 29.00000000
v 4.50000000 26.00000000 30.00000000
v 4.50000000 26.00000000 31.00000000
v 4.50000000 26.00000000 32.00000000
v 4.50000000 26.00000000 33.00000000
v 4.50000000 26.00000000 34.00000000
v 4.50000000 26.00000000 35.00000000
v 4.50000000 26.00000000 36.00000000
v 4.50000000 26.00000000 37.00000000
v 4.50000000 26.00000000 38.00000000
v 4.50000000 26.00000000 39.00000000
v 4.50000000 26.00000000 40.00000000
v 4.50000000 26.00000000 41.00000000
v 4.50000000 26.00000000 42.00000000
v 4.50000000 26.00000000 43.00000000
v 4.50000000 26.00000000 44.00000000
v 4.50000000 26.00000000 45.00000000
v 4.50000000 26.00000000 46.00000000
v 4.50000000 26.00000000 47.00000000
v 4.50000000 26.00000000 48.00000000
v 4.50000000 26.00000000 49.00000000
v 4.50000000 26.00000000 50.00000000
v 4.50000000 25.99999999 51.00000000
v 4.49999995 25.99999991 51.99999995
v 4.49999936 25.99999886 52.99999938
v 4.49999382 25.99998941 53.99999399
v 4.49995260 25.99992293 54.99995427
v 4.49970478 25.99955151 55.99971809
v 4.49848061 25.99788036 56.99857024
v 4.49346384 25.99177795 57.99397483
v 4.47632257 25.97362149 58.97876905
v 4.42737271 25.92958215 59.93711632
v 4.31047394 25.84294560 60.84227317
v 4.07882853 25.70901739 61.65871573
v 3.72543885 25.58532010 62.31232454
v 3.94525086 27.59942425 1.49143762
v 4.20803326 27.33992441 2.27505161
v 4.36282419 27.17323221 3.13693326
v 4.44322209 27.07821283 4.06059605
v 4.47940059 27.03159906 5.02394185
v 4.49336392 27.01159747 6.00845795
v 4.49805383 27.00389837 7.00268779
v 4.49947117 27.00120611 8.00078062
v 4.49986654 27.00034123 9.00020744
v 4.49996916 27.00008615 10.00004925
v 4.49999366 27.00001877 11.00001013
v 4.49999889 27.00000343 12.00000178
v 4.49999984 27.00000052 13.00000027
v 4.49999998 27.00000007 14.00000004
v 4.50000000 27.00000001 15.00000000
v 4.50000000 27.00000000 16.00000000
v 4.50000000 27.00000000 17.00000000
v 4.50000000 27.00000000 18.00000000
v 4.50000000 27.00000000 19.00000000
v 4.50000000 27.00000000 20.00000000
v 4.50000000 27.00000000 21.00000000
v 4.50000000 27.00000000 22.00000000
v 4.50000000 27.00000000 23.00000000
v 4.50000000 27.00000000 24.00000000
v 4.50000000 27.00000000 25.00000000
v 4.50000000 27.00000000 26.00000000
v 4.50000000 27.00000000 27.00000000
v 4.50000000 27.00000000 28.00000000
v 4.50000000 27.00000000 29.00000000
v 4.50000000 27.00000000 30.00000000
v 4.50000000 27.00000000 31.00000000
v 4.50000000 27.00000000 32.00000000
v 4.50000000 27.00000000 33.00000000
v 4.50000000 27.00000000 34.00000000
v 4.50000000 27.00000000 35.00000000
v 4.50000000 27.00000000 36.00000000
v 4.50000000 27.00000000 37.00000000
v 4.50000000 27.00000000 38.00000000
v 4.50000000 27.00000000 39.00000000
v 4.50000000 27.00000000 40.00000000
v 4.50000000 27.00000000 41.00000000
v 4.50000000 27.00000000 42.00000000
v 4.50000000 27.00000000 43.00000000
v 4.50000000 27.00000000 44.00000000
v 4.50000000 27.00000000 45.00000000
v 4.50000000 27.00000000 46.00000000
v 4.50000000 27.00000000 47.00000000
v 4.50000000 27.00000000 48.00000000
v 4.50000000 27.00000000 49.00000000
v 4.50000000 27.00000000 50.00000000
v 4.50000000 26.99999999 51.00000000
v 4.49999995 26.99999990 51.99999995
v 4.49999937 26.99999886 52.99999937
v 4.49999400 26.99998957 53.99999409
v 4.49995503 26.99992470 54.99995586
v 4.49972739 26.99956402 55.99973200
v 4.49863633 26.99794703 56.99865453
v 4.49428376 26.99205890 57.99434471
v 4.47969519 26.97459254 58.97992774
v 4.43836425 26.93241103 59.93946168
v 4.33894059 26.84974202 60.84386489
v 4.13502771 26.71834005 61.65214497
v 3.77850173 26.54153763 62.31612712
v 3.99745844 28.61985815 1.43106956
v 4.22862141 28.33727243 2.23398651
v 4.37178903 28.16533990 3.11558505
v 4.44719405 28.07195254 4.05037159
v 4.48120622 28.02747390 5.01922153
v 4.49423566 28.00924603 6.00644731
v 4.49845999 28.00278908 7.00191700
v 4.49963254 28.00076837 8.00051138
v 4.49991946 28.00019559 9.00012430
v 4.49998355 28.00004575 10.00002762
v 4.49999691 28.00000956 11.00000548
v 4.49999948 28.00000171 12.00000093
v 4.49999993 28.00000025 13.00000013
v 4.49999999 28.00000003 14.00000002
v 4.50000000 28.00000000 15.00000000
v 4.50000000 28.00000000 16.00000000
v 4.50000000 28.00000000 17.00000000
v 4.50000000 28.00000000 18.00000000
v 4.50000000 28.00000000 19.00000000
v 4.50000000 28.00000000 20.00000000
v 4.50000000 28.00000000 21.00000000
v 4.50000000 28.00000000 22.00000000
v 4.50000000 28.00000000 23.00000000
v 4.50000000 28.00000000 24.00000000
v 4.50000000 28.00000000 25.00000000
v 4.50000000 28.00000000 26.00000000
v 4.50000000 28.00000000 27.00000000
v 4.50000000 28.00000000 28.00000000
v 4.50000000 28.00000000 29.00000000
v 4.50000000 28.00000000 30.00000000
v 4.50000000 28.00000000 31.00000000
v 4.50000000 28.00000000 32.00000000
v 4.50000000 28.00000000 33.00000000
v 4.50000000 28.00000000 34.00000000
v 4.50000000 28.00000000 35.00000000
v 4.50000000 28.00000000 36.00000000
v 4.50000000 28.00000000 37.00000000
v 4.50000000 28.00000000 38.00000000
v 4.50000000 28.00000000 39.00000000
v 4.50000000 28.00000000 40.00000000
v 4.50000000 28.00000000 41.00000000
v 4.50000000 28.00000000 42.00000000
v 4.50000000 28.00000000 43.00000000
v 4.50000000 28.00000000 44.00000000
v 4.50000000 28.00000000 45.00000000
v 4.50000000 28.00000000 46.00000000
v 4.50000000 28.00000000 47.00000000
v 4.50000000 28.00000000 48.00000000
v 4.50000000 28.00000000 49.00000000
v 4.50000000 28.00000000 50.00000000
v 4.50000000 27.99999999 51.00000000
v 4.49999995 27.99999989 51.99999994
v 4.49999936 27.99999880 52.99999931
v 4.49999394 27.99998945 53.99999389
v 4.49995510 27.99992516 54.99995591
v 4.49973175 27.99956918 55.99973847
v 4.49868290 27.99797007 56.99871058
v 4.49459776 27.99210585 57.99465178
v 4.48123696 27.97450412 58.98113523
v 4.44419921 27.93132574 59.94292463
v 4.35655044 27.84530978 60.85084186
v 4.17782081 27.70812127 61.66132946
v 3.85630733 27.53643239 62.32981957
v 4.02074301 29.71955375 1.33074882
v 4.25551988 29.35438723 2.19943788
v 4.38433853 29.16541685 3.09788056
v 4.45187769 29.06952884 4.04212307
v 4.48276598 29.02564441 5.01581024
v 4.49475307 29.00818924 6.00513326
v 4.49864851 29.00226674 7.00144381
v 4.49970355 29.00055281 8.00035556
v 4.49994338 29.00012191 9.00007797
v 4.49999025 29.00002485 10.00001552
v 4.49999844 29.00000468 11.00000282
v 4.49999977 29.00000079 12.00000046
v 4.49999997 29.00000011 13.00000006
v 4.50000000 29.00000001 14.00000001
v 4.50000000 29.00000000 15.00000000
v 4.50000000 29.00000000 16.00000000
v 4.50000000 29.00000000 17.00000000
v 4.50000000 29.00000000 18.00000000
v 4.50000000 29.00000000 19.00000000
v 4.50000000 29.00000000 20.00000000
v 4.50000000 29.00000000 21.00000000
v 4.50000000 29.00000000 22.00000000
v 4.50000000 29.00000000 23.00000000
v 4.50000000 29.00000000 24.00000000
v 4.50000000 29.00000000 25.00000000
v 4.50000000 29.00000000 26.00000000
v 4.50000000 29.00000000 27.00000000
v 4.50000000 29.00000000 28.00000000
v 4.50000000 29.00000000 29.00000000
v 4.50000000 29.00000000 30.00000000
v 4.50000000 29.00000000 31.00000000
v 4.50000000 29.00000000 32.00000000
v 4.50000000 29.00000000 33.00000000
v 4.50000000 29.00000000 34.00000000
v 4.50000000 29.00000000 35.00000000
v 4.50000000 29.00000000 36.00000000
v 4.50000000 29.00000000 37.00000000
v 4.50000000 29.00000000 38.00000000
v 4.50000000 29.00000000 39.00000000
v 4.50000000 29.00000000 40.00000000
v 4.50000000 29.00000000 41.00000000
v 4.50000000 29.00000000 42.00000000
v 4.50000000 29.00000000 43.00000000
v 4.50000000 29.00000000 44.00000000
v 4.50000000 29.00000000 45.00000000
v 4.50000000 29.00000000 46.00000000
v 4.50000000 29.00000000 47.00000000
v 4.50000000 29.00000000 48.00000000
v 4.50000000 29.00000000 49.00000000
v 4.50000000 29.00000000 50.00000000
v 4.50000000 28.99999999 50.99999999
v 4.49999994 28.99999984 51.99999991
v 4.49999930 28.99999855 52.99999913
v 4.49999368 28.99998857 53.99999306
v 4.49995394 28.99992343 54.99995317
v 4.49972729 28.99957047 55.99973375
v 4.49867377 28.99799404 56.99872542
v 4.49463128 28.99219021 57.99483683
v 4.48166162 28.97454412 58.98213740
v 4.44645687 28.93024419 59.94666681
v 4.36485929 28.83877269 60.86117479
v 4.20278317 28.68513777 61.68167973
v 3.92652622 28.48408137 62.35099672
v 3.79793174 30.67467982 0.83419185
v 4.15830327 30.65529959 1.56473268
v 4.29664229 30.34913734 2.21733127
v 4.40158227 30.16300410 3.09180202
v 4.45841735 30.06765095 4.03677182
v 4.48482483 30.02457135 5.01328927
v 4.49530025 30.00767936 6.00420670
v 4.49878224 30.00204113 7.00114470
v 4.49973825 30.00046063 8.00026622
v 4.49995331 30.00008944 9.00005333
v 4.49999298 30.00001538 10.00000938
v 4.49999908 30.00000243 11.00000149
v 4.49999989 30.00000036 12.00000022
v 4.49999999 30.00000005 13.00000003
v 4.50000000 30.00000001 14.00000000
v 4.50000000 30.00000000 15.00000000
v 4.50000000 30.00000000 16.00000000
v 4.50000000 30.00000000 17.00000000
v 4.50000000 30.00000000 18.00000000
v 4.50000000 30.00000000 19.00000000
v 4.50000000 30.00000000 20.00000000
v 4.50000000 30.00000000 21.00000000
v 4.50000000 30.00000000 22.00000000
v 4.50000000 30.00000000 23.00000000
v 4.50000000 30.00000000 24.00000000
v 4.50000000 30.00000000 25.00000000
v 4.50000000 30.00000000 26.00000000
v 4.50000000 30.00000000 27.00000000
v 4.50000000 30.00000000 28.00000000
v 4.50000000 30.00000000 29.00000000
v 4.50000000 30.00000000 30.00000000
v 4.50000000 30.00000000 31.00000000
v 4.50000000 30.00000000 32.00000000
v 4.50000000 30.00000000 33.00000000
v 4.50000000 30.00000000 34.00000000
v 4.50000000 30.00000000 35.00000000
v 4.50000000 30.00000000 36.00000000
v 4.50000000 30.00000000 37.00000000
v 4.50000000 30.00000000 38.00000000
v 4.50000000 30.00000000 39.00000000
v 4.50000000 30.00000000 40.00000000
v 4.50000000 30.00000000 41.00000000
v 4.50000000 30.00000000 42.00000000
v 4.50000000 30.00000000 43.00000000
v 4.50000000 30.00000000 44.00000000
v 4.50000000 30.00000000 45.00000000
v 4.50000000 30.00000000 46.00000000
v 4.50000000 30.00000000 47.00000000
v 4.50000000 30.00000000 48.00000000
v 4.50000000 30.00000000 49.00000000
v 4.50000000 30.00000000 50.00000000
v 4.49999999 29.99999997 50.99999999
v 4.49999991 29.99999973 51.99999986
v 4.49999913 29.99999788 52.99999876
v 4.49999294 29.99998562 53.99999104
v 4.49995113 29.99991449 54.99994488
v 4.49971646 29.99955429 55.99970806
v 4.49863178 29.99799532 56.99866961
v 4.49449468 29.99231664 57.99479968
v 4.48136694 29.97501172 58.98253618
v 4.44631655 29.93093866 59.94922953
v 4.36650286 29.83718953 60.87080643
v 4.20941978 29.67082079 61.70876681
v 3.94404690 29.42342693 62.40779453
v 3.80527274 31.82309897 0.76292938
v 4.13713259 31.47590636 1.44764541
v 4.32753984 31.29140924 2.23329542
v 4.41924356 31.14532922 3.09485889
v 4.46607075 31.06196856 4.03507548
v 4.48748048 31.02277894 5.01182180
v 4.49603421 31.00715385 6.00356489
v 4.49894549 31.00189407 7.00093851
v 4.49976899 31.00041777 8.00021088
v 4.49995890 31.00007632 9.00003990
v 4.49999411 31.00001162 10.00000637
v 4.49999932 31.00000151 11.00000087
v 4.49999993 31.00000018 12.00000011
v 4.49999999 31.00000002 13.00000001
v 4.50000000 31.00000000 14.00000000
v 4.50000000 31.00000000 15.00000000
v 4.50000000 31.00000000 16.00000000
v 4.50000000 31.00000000 17.00000000
v 4.50000000 31.00000000 18.00000000
v 4.50000000 31.00000000 19.00000000
v 4.50000000 31.00000000 20.00000000
v 4.50000000 31.00000000 21.00000000
v 4.50000000 31.00000000 22.00000000
v 4.50000000 31.00000000 23.00000000
v 4.50000000 31.00000000 24.00000000
v 4.50000000 31.00000000 25.00000000
v 4.50000000 31.00000000 26.00000000
v 4.50000000 31.00000000 27.00000000
v 4.50000000 31.00000000 28.00000000
v 4.50000000 31.00000000 29.00000000
v 4.50000000 31.00000000 30.00000000
v 4.50000000 31.00000000 31.00000000
v 4.50000000 31.00000000 32.00000000
v 4.50000000 31.00000000 33.00000000
v 4.50000000 31.00000000 34.00000000
v 4.50000000 31.00000000 35.00000000
v 4.50000000 31.00000000 36.00000000
v 4.50000000 31.00000000 37.00000000
v 4.50000000 31.00000000 38.00000000
v 4.50000000 31.00000000 39.00000000
v 4.50000000 31.00000000 40.00000000
v 4.50000000 31.00000000 41.00000000
v 4.50000000 31.00000000 42.00000000
v 4.50000000 31.00000000 43.00000000
v 4.50000000 31.00000000 44.00000000
v 4.50000000 31.00000000 45.00000000
v 4.50000000 31.00000000 46.00000000
v 4.50000000 31.00000000 47.00000000
v 4.50000000 31.00000000 48.00000000
v 4.50000000 31.00000000 49.00000000
v 4.50000000 31.00000000 50.00000000
v 4.49999998 30.99999995 50.99999998
v 4.49999984 30.99999954 51.99999978
v 4.49999871 30.99999656 52.99999818
v 4.49999100 30.99997884 53.99998753
v 4.49994419 30.99988894 54.99992819
v 4.49969488 30.99948636 55.99964652
v 4.49856233 30.99788359 56.99849338
v 4.49425311 30.99229594 57.99441051
v 4.48059060 30.97556591 58.98196474
v 4.44435890 30.93301992 59.94934798
v 4.36322137 30.84138653 60.87525636
v 4.20707034 30.67433856 61.72726465
v 3.93827167 30.41593255 62.46686243
v 3.81981543 32.83781868 0.73955517
v 4.13748323 32.45975510 1.39936479
v 4.33119864 32.23942078 2.20145982
v 4.42921670 32.11866443 3.08987959
v 4.47232938 32.05171501 4.03372156
v 4.49013440 32.01946348 5.01100903
v 4.49688105 32.00625113 6.00316395
v 4.49915336 32.00168828 7.00079670
v 4.49980861 32.00037732 8.00017288
v 4.49996490 32.00006871 9.00003161
v 4.49999489 32.00001006 10.00000477
v 4.49999942 32.00000118 11.00000059
v 4.49999995 32.00000011 12.00000006
v 4.50000000 32.00000001 13.00000001
v 4.50000000 32.00000000 14.00000000
v 4.50000000 32.00000000 15.00000000
v 4.50000000 32.00000000 16.00000000
v 4.50000000 32.00000000 17.00000000
v 4.50000000 32.00000000 18.00000000
v 4.50000000 32.00000000 19.00000000
v 4.50000000 32.00000000 20.00000000
v 4.50000000 32.00000000 21.00000000
v 4.50000000 32.00000000 22.00000000
v 4.50000000 32.00000000 23.00000000
v 4.50000000 32.00000000 24.00000000
v 4.50000000 32.00000000 25.00000000
v 4.50000000 32.00000000 26.00000000
v 4.50000000 32.00000000 27.00000000
v 4.50000000 32.00000000 28.00000000
v 4.50000000 32.00000000 29.00000000
v 4.50000000 32.00000000 30.00000000
v 4.50000000 32.00000000 31.00000000
v 4.50000000 32.00000000 32.00000000
v 4.50000000 32.00000000 33.00000000
v 4.50000000 32.00000000 34.00000000
v 4.50000000 32.00000000 35.00000000
v 4.50000000 32.00000000 36.00000000
v 4.50000000 32.00000000 37.00000000
v 4.50000000 32.00000000 38.00000000
v 4.50000000 32.00000000 39.00000000
v 4.50000000 32.00000000 40.00000000
v 4.50000000 32.00000000 41.00000000
v 4.50000000 32.00000000 42.00000000
v 4.50000000 32.00000000 43.00000000
v 4.50000000 32.00000000 44.00000000
v 4.50000000 32.00000000 45.00000000
v 4.50000000 32.00000000 46.00000000
v 4.50000000 32.00000000 47.00000000
v 4.50000000 32.00000000 48.00000000
v 4.50000000 32.00000000 49.00000000
v 4.50000000 31.99999999 50.00000000
v 4.49999997 31.99999992 50.99999996
v 4.49999973 31.99999926 51.99999965
v 4.49999793 31.99999452 52.99999735
v 4.49998688 31.99996715 53.99998265
v 4.49992801 31.99983752 54.99990331
v 4.49964624 31.99931719 55.99954209
v 4.49843910 31.99748518 56.99814423
v 4.49392899 31.99170667 57.99349119
v 4.47959981 31.97539714 58.98002891
v 4.44133985 31.93496217 59.94615923
v 4.35556717 31.84828574 60.87220950
v 4.19357579 31.68827694 61.73046461
v 3.93455927 31.43514229 62.48383916
v 3.82330785 33.79320465 0.73702222
v 4.13244843 33.44700058 1.38020529
v 4.32850283 33.22256913 2.18069509
v 4.43074021 33.10053801 3.07830049
v 4.47524041 33.04167228 4.03007029
v 4.49194591 33.01545830 5.00993923
v 4.49760815 33.00500715 6.00282610
v 4.49936480 33.00138273 7.00069222
v 4.49985461 33.00031791 8.00014533
v 4.49997245 33.00005947 9.00002578
v 4.49999583 33.00000885 10.00000378
v 4.49999951 33.00000102 11.00000044
v 4.49999996 33.00000009 12.00000004
v 4.50000000 33.00000001 13.00000000
v 4.50000000 33.00000000 14.00000000
v 4.50000000 33.00000000 15.00000000
v 4.50000000 33.00000000 16.00000000
v 4.50000000 33.00000000 17.00000000
v 4.50000000 33.00000000 18.00000000
v 4.50000000 33.00000000 19.00000000
v 4.50000000 33.00000000 20.00000000
v 4.50000000 33.00000000 21.00000000
v 4.50000000 33.00000000 22.00000000
v 4.50000000 33.00000000 23.00000000
v 4.50000000 33.00000000 24.00000000
v 4.50000000 33.00000000 25.00000000
v 4.50000000 33.00000000 26.00000000
v 4.50000000 33.00000000 27.00000000
v 4.50000000 33.00000000 28.00000000
v 4.50000000 33.00000000 29.00000000
v 4.50000000 33.00000000 30.00000000
v 4.50000000 33.00000000 31.00000000
v 4.50000000 33.00000000 32.00000000
v 4.50000000 33.00000000 33.00000000
v 4.50000000 33.00000000 34.00000000
v 4.50000000 33.00000000 35.00000000
v 4.50000000 33.00000000 36.00000000
v 4.50000000 33.00000000 37.00000000
v 4.50000000 33.00000000 38.00000000
v 4.50000000 33.00000000 39.00000000
v 4.50000000 33.00000000 40.00000000
v 4.50000000 33.00000000 41.00000000
v 4.50000000 33.00000000 42.00000000
v 4.50000000 33.00000000 43.00000000
v 4.50000000 33.00000000 44.00000000
v 4.50000000 33.00000000 45.00000000
v 4.50000000 33.00000000 46.00000000
v 4.50000000 33.00000000 47.00000000
v 4.50000000 33.00000000 48.00000000
v 4.50000000 33.00000000 49.00000000
v 4.50000000 32.99999999 49.99999999
v 4.49999995 32.99999985 50.99999993
v 4.49999956 32.99999879 51.99999940
v 4.49999671 32.99999160 52.99999593
v 4.49997988 32.99995078 53.99997574
v 4.49989703 32.99975964 54.99987200
v 4.49954273 32.99901987 55.99940925
v 4.49817800 32.99661499 56.99764599
v 4.49339978 32.98986624 57.99195060
v 4.47850151 32.97297509 58.97628394
v 4.43840713 32.93428550 59.93882653
v 4.34693152 32.85398990 60.86019165
v 4.17061446 32.70637468 61.71603361
v 3.88524067 32.46549467 62.48295459
v 3.79946370 34.65975580 0.72595361
v 4.10201161 34.42827235 1.36098456
v 4.31350492 34.21929064 2.16920535
v 4.42564889 34.09543758 3.07070138
v 4.47460261 34.03648822 4.02621222
v 4.49245081 34.01251997 5.00855821
v 4.49799717 34.00385636 6.00242382
v 4.49951731 34.00104776 7.00058926
v 4.49989518 34.00024380 8.00012185
v 4.49998024 34.00004696 9.00002117
v 4.49999693 34.00000724 10.00000303
v 4.49999963 34.00000086 11.00000035
v 4.49999997 34.00000008 12.00000003
v 4.50000000 34.00000000 13.00000000
v 4.50000000 34.00000000 14.00000000
v 4.50000000 34.00000000 15.00000000
v 4.50000000 34.00000000 16.00000000
v 4.50000000 34.00000000 17.00000000
v 4.50000000 34.00000000 18.00000000
v 4.50000000 34.00000000 19.00000000
v 4.50000000 34.00000000 20.00000000
v 4.50000000 34.00000000 21.00000000
v 4.50000000 34.00000000 22.00000000
v 4.50000000 34.00000000 23.00000000
v 4.50000000 34.00000000 24.00000000
v 4.50000000 34.00000000 25.00000000
v 4.50000000 34.00000000 26.00000000
v 4.50000000 34.00000000 27.00000000
v 4.50000000 34.00000000 28.00000000
v 4.50000000 34.00000000 29.00000000
v 4.50000000 34.00000000 30.00000000
v 4.50000000 34.00000000 31.00000000
v 4.50000000 34.00000000 32.00000000
v 4.50000000 34.00000000 33.00000000
v 4.50000000 34.00000000 34.00000000
v 4.50000000 34.00000000 35.00000000
v 4.50000000 34.00000000 36.00000000
v 4.50000000 34.00000000 37.00000000
v 4.50000000 34.00000000 38.00000000
v 4.50000000 34.00000000 39.00000000
v 4.50000000 34.00000000 40.00000000
v 4.50000000 34.00000000 41.00000000
v 4.50000000 34.00000000 42.00000000
v 4.50000000 34.00000000 43.00000000
v 4.50000000 34.00000000 44.00000000
v 4.50000000 34.00000000 45.00000000
v 4.50000000 34.00000000 46.00000000
v 4.50000000 34.00000000 47.00000000
v 4.50000000 34.00000000 48.00000000
v 4.50000000 34.00000000 49.00000000
v 4.49999999 33.99999997 49.99999998
v 4.49999991 33.99999972 50.99999986
v 4.49999927 33.99999795 51.99999892
v 4.49999490 33.99998699 52.99999325
v 4.49996976 33.99992853 53.99996366
v 4.49984922 33.99966082 54.99982672
v 4.49936266 33.99862551 55.99925379
v 4.49766032 33.99528735 56.99711130
v 4.49230401 33.98632842 57.99013840
v 4.47680616 33.96610120 58.97090089
v 4.43587281 33.92639587 59.92662814
v 4.34109305 33.85260336 60.83832433
v 4.15350605 33.72119008 61.68084828
v 3.83445607 33.50849012 62.43564432
v 3.99815624 35.47583601 1.28251421
v 4.27652487 35.23921633 2.15790835
v 4.41202915 35.10244270 3.06783426
v 4.47039750 35.03739297 4.02453677
v 4.49156037 35.01178101 5.00765247
v 4.49794907 35.00326755 6.00207697
v 4.49956626 35.00080944 7.00048958
v 4.49991800 35.00017829 8.00009921
v 4.49998601 35.00003394 9.00001699
v 4.49999791 35.00000534 10.00000240
v 4.49999974 35.00000066 11.00000027
v 4.49999998 35.00000006 12.00000002
v 4.50000000 35.00000000 13.00000000
v 4.50000000 35.00000000 14.00000000
v 4.50000000 35.00000000 15.00000000
v 4.50000000 35.00000000 16.00000000
v 4.50000000 35.00000000 17.00000000
v 4.50000000 35.00000000 18.00000000
v 4.50000000 35.00000000 19.00000000
v 4.50000000 35.00000000 20.00000000
v 4.50000000 35.00000000 21.00000000
v 4.50000000 35.00000000 22.00000000
v 4.50000000 35.00000000 23.00000000
v 4.50000000 35.00000000 24.00000000
v 4.50000000 35.00000000 25.00000000
v 4.50000000 35.00000000 26.00000000
v 4.50000000 35.00000000 27.00000000
v 4.50000000 35.00000000 28.00000000
v 4.50000000 35.00000000 29.00000000
v 4.50000000 35.00000000 30.00000000
v 4.50000000 35.00000000 31.00000000
v 4.50000000 35.00000000 32.00000000
v 4.50000000 35.00000000 33.00000000
v 4.50000000 35.00000000 34.00000000
v 4.50000000 35.00000000 35.00000000
v 4.50000000 35.00000000 36.00000000
v 4.50000000 35.00000000 37.00000000
v 4.50000000 35.00000000 38.00000000
v 4.50000000 35.00000000 39.00000000
v 4.50000000 35.00000000 40.00000000
v 4.50000000 35.00000000 41.00000000
v 4.50000000 35.00000000 42.00000000
v 4.50000000 35.00000000 43.00000000
v 4.50000000 35.00000000 44.00000000
v 4.50000000 35.00000000 45.00000000
v 4.50000000 35.00000000 46.00000000
v 4.50000000 35.00000000 47.00000000
v 4.50000000 35.00000000 48.00000000
v 4.50000000 34.99999999 49.00000000
v 4.49999998 34.99999993 49.99999996
v 4.49999983 34.99999947 50.99999972
v 4.49999873 34.99999637 51.99999809
v 4.49999194 34.99997884 52.99998857
v 4.49995529 34.99989354 53.99994185
v 4.49978464 34.99952968 54.99974526
v 4.49910833 34.99816749 55.99901164
v 4.49683404 34.99376227 56.99649828
v 4.49022986 34.98172885 57.98855645
v 4.47311020 34.95451527 58.96602588
v 4.43204795 34.90467086 59.91124460
v 4.33823899 34.83227647 60.80571746
v 4.14780675 34.72225156 61.62940158
v 3.81866600 34.54020296 62.35053945
v 3.93343373 36.63549446 1.44219125
v 4.23083845 36.29804814 2.18537703
v 4.39163024 36.12447673 3.07510791
v 4.46293926 36.04457495 4.02641015
v 4.48936669 36.01349966 5.00789829
v 4.49746330 36.00345973 6.00201099
v 4.49949739 36.00076040 7.00043957
v 4.49991633 36.00014633 8.00008302
v 4.49998799 36.00002496 9.00001349
v 4.49999847 36.00000371 10.00000185
v 4.49999983 36.00000046 11.00000021
v 4.49999998 36.00000004 12.00000002
v 4.50000000 36.00000000 13.00000000
v 4.50000000 36.00000000 14.00000000
v 4.50000000 36.00000000 15.00000000
v 4.50000000 36.00000000 16.00000000
v 4.50000000 36.00000000 17.00000000
v 4.50000000 36.00000000 18.00000000
v 4.50000000 36.00000000 19.00000000
v 4.50000000 36.00000000 20.00000000
v 4.50000000 36.00000000 21.00000000
v 4.50000000 36.00000000 22.00000000
v 4.50000000 36.00000000 23.00000000
v 4.50000000 36.00000000 24.00000000
v 4.50000000 36.00000000 25.00000000
v 4.50000000 36.00000000 26.00000000
v 4.50000000 36.00000000 27.00000000
v 4.50000000 36.00000000 28.00000000
v 4.50000000 36.00000000 29.00000000
v 4.50000000 36.00000000 30.00000000
v 4.50000000 36.00000000 31.00000000
v 4.50000000 36.00000000 32.00000000
v 4.50000000 36.00000000 33.00000000
v 4.50000000 36.00000000 34.00000000
v 4.50000000 36.00000000 35.00000000
v 4.50000000 36.00000000 36.00000000
v 4.50000000 36.00000000 37.00000000
v 4.50000000 36.00000000 38.00000000
v 4.50000000 36.00000000 39.00000000
v 4.50000000 36.00000000 40.00000000
v 4.50000000 36.00000000 41.00000000
v 4.50000000 36.00000000 42.00000000
v 4.50000000 36.00000000 43.00000000
v 4.50000000 36.00000000 44.00000000
v 4.50000000 36.00000000 45.00000000
v 4.50000000 36.00000000 46.00000000
v 4.50000000 36.00000000 47.00000000
v 4.50000000 36.00000000 48.00000000
v 4.50000000 35.99999998 48.99999999
v 4.49999996 35.99999985 49.99999992
v 4.49999967 35.99999896 50.99999943
v 4.49999771 35.99999349 51.99999653
v 4.49998661 35.99996462 52.99998095
v 4.49993185 35.99983388 53.99990730
v 4.49969391 35.99932154 54.99960816
v 4.49878319 35.99755308 55.99857016
v 4.49576077 35.99211094 56.99541265
v 4.48717972 35.97726917 57.98656478
v 4.46624107 35.94229880 58.96294743
v 4.42139382 35.87348778 59.90321655
v 4.33438811 35.76800891 60.76592722
v 4.15260898 35.68757438 61.55639415
v 3.82157552 35.56112649 62.26326210
v 3.86325556 37.72648106 1.55585181
v 4.19168180 37.36612743 2.25115121
v 4.37060156 37.15654844 3.09764796
v 4.45400302 37.05691272 4.03327591
v 4.48631623 37.01737233 5.00970098
v 4.49663524 37.00440459 6.00237869
v 4.49932409 37.00092267 7.00048734
v 4.49989006 37.00016028 8.00008369
v 4.49998555 37.00002344 9.00001216
v 4.49999845 37.00000295 10.00000150
v 4.49999986 37.00000032 11.00000016
v 4.49999999 37.00000003 12.00000001
v 4.50000000 37.00000000 13.00000000
v 4.50000000 37.00000000 14.00000000
v 4.50000000 37.00000000 15.00000000
v 4.50000000 37.00000000 16.00000000
v 4.50000000 37.00000000 17.00000000
v 4.50000000 37.00000000 18.00000000
v 4.50000000 37.00000000 19.00000000
v 4.50000000 37.00000000 20.00000000
v 4.50000000 37.00000000 21.00000000
v 4.50000000 37.00000000 22.00000000
v 4.50000000 37.00000000 23.00000000
v 4.50000000 37.00000000 24.00000000
v 4.50000000 37.00000000 25.00000000
v 4.50000000 37.00000000 26.00000000
v 4.50000000 37.00000000 27.00000000
v 4.50000000 37.00000000 28.00000000
v 4.50000000 37.00000000 29.00000000
v 4.50000000 37.00000000 30.00000000
v 4.50000000 37.00000000 31.00000000
v 4.50000000 37.00000000 32.00000000
v 4.50000000 37.00000000 33.00000000
v 4.50000000 37.00000000 34.00000000
v 4.50000000 37.00000000 35.00000000
v 4.50000000 37.00000000 36.00000000
v 4.50000000 37.00000000 37.00000000
v 4.50000000 37.00000000 38.00000000
v 4.50000000 37.00000000 39.00000000
v 4.50000000 37.00000000 40.00000000
v 4.50000000 37.00000000 41.00000000
v 4.50000000 37.00000000 42.00000000
v 4.50000000 37.00000000 43.00000000
v 4.50000000 37.00000000 44.00000000
v 4.50000000 37.00000000 45.00000000
v 4.50000000 37.00000000 46.00000000
v 4.50000000 37.00000000 47.00000000
v 4.50000000 36.99999999 48.00000000
v 4.49999999 36.99999995 48.99999997
v 4.49999990 36.99999966 49.99999980
v 4.49999932 36.99999786 50.99999877
v 4.49999579 36.99998805 51.99999333
v 4.49997710 36.99994039 52.99996734
v 4.49989141 36.99973695 53.99985429
v 4.49954838 36.99898320 54.99941160
v 4.49832889 36.99656517 55.99789613
v 4.49445073 36.98976267 56.99347045
v 4.48354748 36.97258044 57.98238669
v 4.45705769 36.93289146 58.95717881
v 4.40185821 36.85046241 59.90148472
v 4.30316552 36.70044627 60.77563456
v 4.17550539 36.46510072 61.42802913
v 3.84667101 36.63370839 62.14800408
v 3.83301193 38.77202223 1.66364456
v 4.15963273 38.40835947 2.31104054
v 4.35190976 38.18488598 3.12667236
v 4.44530545 38.07039264 4.04402987
v 4.48305053 38.02234978 5.01297407
v 4.49564605 38.00585828 6.00319799
v 4.49908543 38.00125387 7.00065023
v 4.49984526 38.00021686 8.00010783
v 4.49997925 38.00003008 9.00001449
v 4.49999783 38.00000335 10.00000158
v 4.49999983 38.00000030 11.00000014
v 4.49999999 38.00000002 12.00000001
v 4.50000000 38.00000000 13.00000000
v 4.50000000 38.00000000 14.00000000
v 4.50000000 38.00000000 15.00000000
v 4.50000000 38.00000000 16.00000000
v 4.50000000 38.00000000 17.00000000
v 4.50000000 38.00000000 18.00000000
v 4.50000000 38.00000000 19.00000000
v 4.50000000 38.00000000 20.00000000
v 4.50000000 38.00000000 21.00000000
v 4.50000000 38.00000000 22.00000000
v 4.50000000 38.00000000 23.00000000
v 4.50000000 38.00000000 24.00000000
v 4.50000000 38.00000000 25.00000000
v 4.50000000 38.00000000 26.00000000
v 4.50000000 38.00000000 27.00000000
v 4.50000000 38.00000000 28.00000000
v 4.50000000 38.00000000 29.00000000
v 4.50000000 38.00000000 30.00000000
v 4.50000000 38.00000000 31.00000000
v 4.50000000 38.00000000 32.00000000
v 4.50000000 38.00000000 33.00000000
v 4.50000000 38.00000000 34.00000000
v 4.50000000 38.00000000 35.00000000
v 4.50000000 38.00000000 36.00000000
v 4.50000000 38.00000000 37.00000000
v 4.50000000 38.00000000 38.00000000
v 4.50000000 38.00000000 39.00000000
v 4.50000000 38.00000000 40.00000000
v 4.50000000 38.00000000 41.00000000
v 4.50000000 38.00000000 42.00000000
v 4.50000000 38.00000000 43.00000000
v 4.50000000 38.00000000 44.00000000
v 4.50000000 38.00000000 45.00000000
v 4.50000000 38.00000000 46.00000000
v 4.50000000 38.00000000 47.00000000
v 4.50000000 37.99999998 47.99999999
v 4.49999997 37.99999987 48.99999992
v 4.49999977 37.99999917 49.99999950
v 4.49999857 37.99999540 50.99999726
v 4.49999202 37.99997710 51.99998657
v 4.49996024 37.99989707 52.99994057
v 4.49982353 37.99958190 53.99976149
v 4.49930829 37.99847516 54.99912250
v 4.49760642 37.99506327 55.99702693
v 4.49260556 37.98596455 56.99087255
v 4.47929903 37.96500888 57.97538606
v 4.44719806 37.92216131 58.94310315
v 4.37944428 37.83849360 59.88407155
v 4.25572174 37.68279357 60.78293421
v 4.04188699 37.40836394 61.65002791
v 3.79780015 39.73976680 1.74155366
v 4.12485450 39.42144022 2.36004539
v 4.33095086 39.20237760 3.15270885
v 4.43579686 39.08132945 4.05545277
v 4.47953612 39.02713304 5.01696740
v 4.49457141 39.00745423 6.00432430
v 4.49881499 39.00166962 7.00090637
v 4.49979024 39.00030109 8.00015395
v 4.49997045 39.00004305 9.00002084
v 4.49999676 39.00000480 10.00000221
v 4.49999973 39.00000041 11.00000018
v 4.49999998 39.00000003 12.00000001
v 4.50000000 39.00000000 13.00000000
v 4.50000000 39.00000000 14.00000000
v 4.50000000 39.00000000 15.00000000
v 4.50000000 39.00000000 16.00000000
v 4.50000000 39.00000000 17.00000000
v 4.50000000 39.00000000 18.00000000
v 4.50000000 39.00000000 19.00000000
v 4.50000000 39.00000000 20.00000000
v 4.50000000 39.00000000 21.00000000
v 4.50000000 39.00000000 22.00000000
v 4.50000000 39.00000000 23.00000000
v 4.50000000 39.00000000 24.00000000
v 4.50000000 39.00000000 25.00000000
v 4.50000000 39.00000000 26.00000000
v 4.50000000 39.00000000 27.00000000
v 4.50000000 39.00000000 28.00000000
v 4.50000000 39.00000000 29.00000000
v 4.50000000 39.00000000 30.00000000
v 4.50000000 39.00000000 31.00000000
v 4.50000000 39.00000000 32.00000000
v 4.50000000 39.00000000 33.00000000
v 4.50000000 39.00000000 34.00000000
v 4.50000000 39.00000000 35.00000000
v 4.50000000 39.00000000 36.00000000
v 4.50000000 39.00000000 37.00000000
v 4.50000000 39.00000000 38.00000000
v 4.50000000 39.00000000 39.00000000
v 4.50000000 39.00000000 40.00000000
v 4.50000000 39.00000000 41.00000000
v 4.50000000 39.00000000 42.00000000
v 4.50000000 39.00000000 43.00000000
v 4.50000000 39.00000000 44.00000000
v 4.50000000 39.00000000 45.00000000
v 4.50000000 39.00000000 46.00000000
v 4.50000000 38.99999999 46.99999999
v 4.49999999 38.99999994 47.99999996
v 4.49999991 38.99999964 48.99999976
v 4.49999943 38.99999799 49.99999875
v 4.49999684 38.99998994 50.99999388
v 4.49998425 38.99995459 51.99997257
v 4.49992891 38.99981516 52.99988839
v 4.49970953 38.99931732 53.99958807
v 4.49892981 38.99770606 54.99861987
v 4.49647471 38.99299884 55.99576411
v 4.48969261 38.98073572 56.98788048
v 4.47312088 38.95301033 57.96765130
v 4.43622460 38.90040786 58.92214880
v 4.35818668 38.81767534 59.84268640
v 4.21351548 38.68058439 60.72332670
v 3.99389983 38.45416347 61.53369161
v 3.69411057 40.62072456 1.78378816
v 4.04917560 40.41989031 2.39095953
v 4.29293935 40.21611461 3.17408664
v 4.42003422 40.09121091 4.06617161
v 4.47414588 40.03177393 5.02113392
v 4.49304806 40.00909589 6.00560527
v 4.49845783 40.00212332 7.00122116
v 4.49972085 40.00039984 8.00021574
v 4.49995941 40.00005984 9.00003040
v 4.49999536 40.00000697 10.00000334
v 4.49999960 40.00000062 11.00000028
v 4.49999997 40.00000004 12.00000002
v 4.50000000 40.00000000 13.00000000
v 4.50000000 40.00000000 14.00000000
v 4.50000000 40.00000000 15.00000000
v 4.50000000 40.00000000 16.00000000
v 4.50000000 40.00000000 17.00000000
v 4.50000000 40.00000000 18.00000000
v 4.50000000 40.00000000 19.00000000
v 4.50000000 40.00000000 20.00000000
v 4.50000000 40.00000000 21.00000000
v 4.50000000 40.00000000 22.00000000
v 4.50000000 40.00000000 23.00000000
v 4.50000000 40.00000000 24.00000000
v 4.50000000 40.00000000 25.00000000
v 4.50000000 40.00000000 26.00000000
v 4.50000000 40.00000000 27.00000000
v 4.50000000 40.00000000 28.00000000
v 4.50000000 40.00000000 29.00000000
v 4.50000000 40.00000000 30.00000000
v 4.50000000 40.00000000 31.00000000
v 4.50000000 40.00000000 32.00000000
v 4.50000000 40.00000000 33.00000000
v 4.50000000 40.00000000 34.00000000
v 4.50000000 40.00000000 35.00000000
v 4.50000000 40.00000000 36.00000000
v 4.50000000 40.00000000 37.00000000
v 4.50000000 40.00000000 38.00000000
v 4.50000000 40.00000000 39.00000000
v 4.50000000 40.00000000 40.00000000
v 4.50000000 40.00000000 41.00000000
v 4.50000000 40.00000000 42.00000000
v 4.50000000 40.00000000 43.00000000
v 4.50000000 40.00000000 44.00000000
v 4.50000000 40.00000000 45.00000000
v 4.50000000 39.99999999 46.00000000
v 4.49999999 39.99999996 46.99999998
v 4.49999996 39.99999980 47.99999986
v 4.49999974 39.99999895 48.99999928
v 4.49999859 39.99999504 49.99999674
v 4.49999295 39.99997787 50.99998605
v 4.49996803 39.99990891 51.99994371
v 4.49986858 39.99965948 52.99978926
v 4.49950849 39.99884654 53.99927694
v 4.49832538 39.99644396 54.99773525
v 4.49480576 39.98999683 55.99355727
v 4.48541018 39.97423435 56.98334544
v 4.46339872 39.93893538 57.95974919
v 4.41861282 39.86883864 58.90580862
v 4.33741701 39.75598141 59.78787843
v 4.17551564 39.65037925 60.62577031
v 3.90340534 39.46200358 61.43267944
v 3.86300999 41.49473975 2.38206629
v 4.21658620 41.25028911 3.19302815
v 4.38921542 41.10835449 4.07806441
v 4.46352860 41.03890534 5.02611329
v 4.49004965 41.01146762 6.00720128
v 4.49777268 41.00275265 7.00162380
v 4.49959473 41.00053307 8.00029638
v 4.49994075 41.00008224 9.00004321
v 4.49999316 41.00000992 10.00000494
v 4.49999939 41.00000091 11.00000043
v 4.49999996 41.00000006 12.00000003
v 4.50000000 41.00000000 13.00000000
v 4.50000000 41.00000000 14.00000000
v 4.50000000 41.00000000 15.00000000
v 4.50000000 41.00000000 16.00000000
v 4.50000000 41.00000000 17.00000000
v 4.50000000 41.00000000 18.00000000
v 4.50000000 41.00000000 19.00000000
v 4.50000000 41.00000000 20.00000000
v 4.50000000 41.00000000 21.00000000
v 4.50000000 41.00000000 22.00000000
v 4.50000000 41.00000000 23.00000000
v 4.50000000 41.00000000 24.00000000
v 4.50000000 41.00000000 25.00000000
v 4.50000000 41.00000000 26.00000000
v 4.50000000 41.00000000 27.00000000
v 4.50000000 41.00000000 28.00000000
v 4.50000000 41.00000000 29.00000000
v 4.50000000 41.00000000 30.00000000
v 4.50000000 41.00000000 31.00000000
v 4.50000000 41.00000000 32.00000000
v 4.50000000 41.00000000 33.00000000
v 4.50000000 41.00000000 34.00000000
v 4.50000000 41.00000000 35.00000000
v 4.50000000 41.00000000 36.00000000
v 4.50000000 41.00000000 37.00000000
v 4.50000000 41.00000000 38.00000000
v 4.50000000 41.00000000 39.00000000
v 4.50000000 41.00000000 40.00000000
v 4.50000000 41.00000000 41.00000000
v 4.50000000 41.00000000 42.00000000
v 4.50000000 41.00000000 43.00000000
v 4.50000000 41.00000000 44.00000000
v 4.50000000 41.00000000 45.00000000
v 4.50000000 40.99999998 45.99999999
v 4.49999997 40.99999988 46.99999992
v 4.49999986 40.99999937 47.99999958
v 4.49999926 40.99999701 48.99999796
v 4.49999648 40.99998738 49.99999140
v 4.49998423 40.99995051 50.99996716
v 4.49993463 40.99981696 51.99988234
v 4.49975264 40.99937023 52.99960056
v 4.49914692 40.99801959 53.99873139
v 4.49731096 40.99433657 54.99628246
v 4.49225559 40.98521982 55.98997178
v 4.47956187 40.96482170 56.97532019
v 4.45034063 40.92330003 57.94574206
v 4.39103794 40.84169014 58.89046875
v 4.29002701 40.68836883 59.77875901
v 4.16924581 40.43846154 60.46405151
v 3.84190560 40.55648072 61.25155339
v 3.78528887 42.55984066 2.59747667
v 4.11423416 42.31684222 3.24239173
v 4.33839772 42.14294933 4.09844806
v 4.44405228 42.05313699 5.03424597
v 4.48405327 42.01618042 6.00983596
v 4.49629740 42.00399874 7.00229820
v 4.49930736 42.00079406 8.00043200
v 4.49989686 42.00012520 9.00006455
v 4.49998796 42.00001542 10.00000754
v 4.49999892 42.00000145 11.00000067
v 4.49999993 42.00000010 12.00000004
v 4.50000000 42.00000000 13.00000000
v 4.50000000 42.00000000 14.00000000
v 4.50000000 42.00000000 15.00000000
v 4.50000000 42.00000000 16.00000000
v 4.50000000 42.00000000 17.00000000
v 4.50000000 42.00000000 18.00000000
v 4.50000000 42.00000000 19.00000000
v 4.50000000 42.00000000 20.00000000
v 4.50000000 42.00000000 21.00000000
v 4.50000000 42.00000000 22.00000000
v 4.50000000 42.00000000 23.00000000
v 4.50000000 42.00000000 24.00000000
v 4.50000000 42.00000000 25.00000000
v 4.50000000 42.00000000 26.00000000
v 4.50000000 42.00000000 27.00000000
v 4.50000000 42.00000000 28.00000000
v 4.50000000 42.00000000 29.00000000
v 4.50000000 42.00000000 30.00000000
v 4.50000000 42.00000000 31.00000000
v 4.50000000 42.00000000 32.00000000
v 4.50000000 42.00000000 33.00000000
v 4.50000000 42.00000000 34.00000000
v 4.50000000 42.00000000 35.00000000
v 4.50000000 42.00000000 36.00000000
v 4.50000000 42.00000000 37.00000000
v 4.50000000 42.00000000 38.00000000
v 4.50000000 42.00000000 39.00000000
v 4.50000000 42.00000000 40.00000000
v 4.50000000 42.00000000 41.00000000
v 4.50000000 42.00000000 42.00000000
v 4.50000000 42.00000000 43.00000000
v 4.50000000 42.00000000 44.00000000
v 4.50000000 41.99999999 44.99999999
v 4.49999999 41.99999993 45.99999995
v 4.49999992 41.99999964 46.99999975
v 4.49999955 41.99999820 47.99999882
v 4.49999788 41.99999190 48.99999467
v 4.49999103 41.99996799 49.99997843
v 4.49996447 41.99988659 50.99992246
v 4.49986679 41.99962659 51.99974726
v 4.49953420 41.99883742 52.99922948
v 4.49850556 41.99660993 53.99776758
v 4.49561259 41.99091796 54.99391009
v 4.48817251 41.97781169 55.98461312
v 4.47086801 41.95023710 56.96379903
v 4.43421622 41.89843091 57.92086622
v 4.35947693 41.81443780 58.84991223
v 4.22279027 41.66627307 59.75373024
v 4.00266239 41.37489071 60.65949024
v 3.94431128 43.44185332 3.26948858
v 4.26323071 43.20347916 4.13159695
v 4.41299767 43.07905728 5.04916294
v 4.47347573 43.02532190 6.01490929
v 4.49341011 43.00658615 7.00365989
v 4.49868414 43.00137331 8.00071912
v 4.49979173 43.00022654 9.00011160
v 4.49997429 43.00002910 10.00001346
v 4.49999758 43.00000285 11.00000123
v 4.49999983 43.00000021 12.00000008
v 4.49999999 43.00000001 13.00000000
v 4.50000000 43.00000000 14.00000000
v 4.50000000 43.00000000 15.00000000
v 4.50000000 43.00000000 16.00000000
v 4.50000000 43.00000000 17.00000000
v 4.50000000 43.00000000 18.00000000
v 4.50000000 43.00000000 19.00000000
v 4.50000000 43.00000000 20.00000000
v 4.50000000 43.00000000 21.00000000
v 4.50000000 43.00000000 22.00000000
v 4.50000000 43.00000000 23.00000000
v 4.50000000 43.00000000 24.00000000
v 4.50000000 43.00000000 25.00000000
v 4.50000000 43.00000000 26.00000000
v 4.50000000 43.00000000 27.00000000
v 4.50000000 43.00000000 28.00000000
v 4.50000000 43.00000000 29.00000000
v 4.50000000 43.00000000 30.00000000
v 4.50000000 43.00000000 31.00000000
v 4.50000000 43.00000000 32.00000000
v 4.50000000 43.00000000 33.00000000
v 4.50000000 43.00000000 34.00000000
v 4.50000000 43.00000000 35.00000000
v 4.50000000 43.00000000 36.00000000
v 4.50000000 43.00000000 37.00000000
v 4.50000000 43.00000000 38.00000000
v 4.50000000 43.00000000 39.00000000
v 4.50000000 43.00000000 40.00000000
v 4.50000000 43.00000000 41.00000000
v 4.50000000 43.00000000 42.00000000
v 4.50000000 43.00000000 43.00000000
v 4.50000000 42.99999999 43.99999999
v 4.49999999 42.99999995 44.99999995
v 4.49999995 42.99999975 45.99999980
v 4.49999973 42.99999889 46.99999917
v 4.49999869 42.99999511 47.99999665
v 4.49999422 42.99997961 48.99998670
v 4.49997726 42.99992295 49.99994979
v 4.49991883 42.99974178 50.99982630
v 4.49972769 42.99922191 51.99946046
v 4.49913075 42.99782388 52.99847967
v 4.49739683 42.99423080 53.99600813
v 4.49282671 42.98556838 54.99001257
v 4.48186737 42.96668351 55.97630098
v 4.45756121 42.92983814 56.94811051
v 4.40950333 42.86195068 57.89280182
v 4.32663592 42.75093311 58.78124114
v 4.16635042 42.63956139 59.63392762
v 3.90411118 42.44166848 60.47269370
v 3.84461983 44.59886989 3.53850657
v 4.17626781 44.28471835 4.21158650
v 4.36976854 44.11768044 5.07864564
v 4.45685502 44.04045199 6.02489027
v 4.48835030 44.01132838 7.00647237
v 4.49746852 44.00254695 8.00135457
v 4.49956326 44.00045341 9.00022423
v 4.49994111 44.00006292 10.00002883
v 4.49999391 44.00000667 11.00000281
v 4.49999953 44.00000053 12.00000020
v 4.49999997 44.00000003 13.00000001
v 4.50000000 44.00000000 14.00000000
v 4.50000000 44.00000000 15.00000000
v 4.50000000 44.00000000 16.00000000
v 4.50000000 44.00000000 17.00000000
v 4.50000000 44.00000000 18.00000000
v 4.50000000 44.00000000 19.00000000
v 4.50000000 44.00000000 20.00000000
v 4.50000000 44.00000000 21.00000000
v 4.50000000 44.00000000 22.00000000
v 4.50000000 44.00000000 23.00000000
v 4.50000000 44.00000000 24.00000000
v 4.50000000 44.00000000 25.00000000
v 4.50000000 44.00000000 26.00000000
v 4.50000000 44.00000000 27.00000000
v 4.50000000 44.00000000 28.00000000
v 4.50000000 44.00000000 29.00000000
v 4.50000000 44.00000000 30.00000000
v 4.50000000 44.00000000 31.00000000
v 4.50000000 44.00000000 32.00000000
v 4.50000000 44.00000000 33.00000000
v 4.50000000 44.00000000 34.00000000
v 4.50000000 44.00000000 35.00000000
v 4.50000000 44.00000000 36.00000000
v 4.50000000 44.00000000 37.00000000
v 4.50000000 44.00000000 38.00000000
v 4.50000000 44.00000000 39.00000000
v 4.50000000 44.00000000 40.00000000
v 4.50000000 44.00000000 41.00000000
v 4.50000000 44.00000000 42.00000000
v 4.50000000 43.99999999 42.99999999
v 4.49999999 43.99999995 43.99999996
v 4.49999996 43.99999977 44.99999981
v 4.49999980 43.99999906 45.99999923
v 4.49999915 43.99999641 46.99999717
v 4.49999633 43.99998656 47.99999003
v 4.49998507 43.99995061 48.99996605
v 4.49994450 43.99982663 49.99988689
v 4.49981489 43.99944201 50.99963657
v 4.49943617 43.99839399 51.99891131
v 4.49837853 43.99584431 52.99704351
v 4.49553589 43.99004283 53.99271950
v 4.48839527 43.97732159 54.98338795
v 4.47223146 43.95071028 55.96373722
v 4.43914002 43.90065274 56.92374867
v 4.37375175 43.81995509 57.85586336
v 4.26157624 43.67850616 58.74464543
v 4.13860948 43.43014778 59.44531906
v 3.80147944 43.52400976 60.23993132
v 3.71143517 45.54852011 3.69952679
v 4.06732317 45.34860197 4.31712172
v 4.30945126 45.16328121 5.12532381
v 4.43120067 45.06180794 6.04229107
v 4.47973681 45.01895555 7.01183232
v 4.49518462 45.00466673 8.00268381
v 4.49908843 45.00091144 9.00048427
v 4.49986455 45.00013924 10.00006822
v 4.49998449 45.00001634 11.00000734
v 4.49999866 45.00000144 12.00000059
v 4.49999992 45.00000009 13.00000003
v 4.50000000 45.00000000 14.00000000
v 4.50000000 45.00000000 15.00000000
v 4.50000000 45.00000000 16.00000000
v 4.50000000 45.00000000 17.00000000
v 4.50000000 45.00000000 18.00000000
v 4.50000000 45.00000000 19.00000000
v 4.50000000 45.00000000 20.00000000
v 4.50000000 45.00000000 21.00000000
v 4.50000000 45.00000000 22.00000000
v 4.50000000 45.00000000 23.00000000
v 4.50000000 45.00000000 24.00000000
v 4.50000000 45.00000000 25.00000000
v 4.50000000 45.00000000 26.00000000
v 4.50000000 45.00000000 27.00000000
v 4.50000000 45.00000000 28.00000000
v 4.50000000 45.00000000 29.00000000
v 4.50000000 45.00000000 30.00000000
v 4.50000000 45.00000000 31.00000000
v 4.50000000 45.00000000 32.00000000
v 4.50000000 45.00000000 33.00000000
v 4.50000000 45.00000000 34.00000000
v 4.50000000 45.00000000 35.00000000
v 4.50000000 45.00000000 36.00000000
v 4.50000000 45.00000000 37.00000000
v 4.50000000 45.00000000 38.00000000
v 4.50000000 45.00000000 39.00000000
v 4.50000000 45.00000000 40.00000000
v 4.50000000 45.00000000 41.00000000
v 4.50000000 44.99999999 41.99999999
v 4.49999999 44.99999995 42.99999996
v 4.49999996 44.99999977 43.99999981
v 4.49999982 44.99999908 44.99999924
v 4.49999927 44.99999663 45.99999724
v 4.49999722 44.99998841 46.99999065
v 4.49998970 44.99996206 47.99997023
v 4.49996270 44.99987918 48.99991000
v 4.49987141 44.99962288 49.99973782
v 4.49959219 44.99886929 50.99925497
v 4.49883190 44.99685990 51.99793858
v 4.49693523 44.99215756 52.99459136
v 4.49237064 44.98244276 53.98702109
v 4.48168401 44.96372955 54.97177346
v 4.45806928 44.92859714 55.94373892
v 4.41192053 44.86273106 56.89216791
v 4.33386271 44.75218800 57.78991689
v 4.18215455 44.63444558 58.66439909
v 3.92125043 44.37771189 59.59667721
v 3.85644636 46.43679114 4.37336585
v 4.21202002 46.21757467 5.17960304
v 4.38848912 46.09033528 6.06802078
v 4.46421159 46.03050959 7.02104368
v 4.49066075 46.00828977 8.00528124
v 4.49804712 46.00179223 9.00105967
v 4.49967757 46.00030439 10.00016715
v 4.49995868 46.00003997 11.00002032
v 4.49999598 46.00000397 12.00000186
v 4.49999971 46.00000029 13.00000012
v 4.49999999 46.00000001 14.00000001
v 4.50000000 46.00000000 15.00000000
v 4.50000000 46.00000000 16.00000000
v 4.50000000 46.00000000 17.00000000
v 4.50000000 46.00000000 18.00000000
v 4.50000000 46.00000000 19.00000000
v 4.50000000 46.00000000 20.00000000
v 4.50000000 46.00000000 21.00000000
v 4.50000000 46.00000000 22.00000000
v 4.50000000 46.00000000 23.00000000
v 4.50000000 46.00000000 24.00000000
v 4.50000000 46.00000000 25.00000000
v 4.50000000 46.00000000 26.00000000
v 4.50000000 46.00000000 27.00000000
v 4.50000000 46.00000000 28.00000000
v 4.50000000 46.00000000 29.00000000
v 4.50000000 46.00000000 30.00000000
v 4.50000000 46.00000000 31.00000000
v 4.50000000 46.00000000 32.00000000
v 4.50000000 46.00000000 33.00000000
v 4.50000000 46.00000000 34.00000000
v 4.50000000 46.00000000 35.00000000
v 4.50000000 46.00000000 36.00000000
v 4.50000000 46.00000000 37.00000000
v 4.50000000 46.00000000 38.00000000
v 4.50000000 46.00000000 39.00000000
v 4.50000000 46.00000000 40.00000000
v 4.50000000 45.99999998 40.99999999
v 4.49999999 45.99999994 41.99999995
v 4.49999995 45.99999976 42.99999980
v 4.49999981 45.99999907 43.99999924
v 4.49999927 45.99999663 44.99999726
v 4.49999739 45.99998859 45.99999076
v 4.49999111 45.99996401 46.99997098
v 4.49997093 45.99989329 47.99991453
v 4.49990734 45.99969821 48.99976261
v 4.49971193 45.99917205 49.99937427
v 4.49914567 45.99777778 50.99842028
v 4.49765719 45.99424213 51.99612940
v 4.49417907 45.98604267 52.99069349
v 4.48675524 45.96943022 53.97835896
v 4.47122123 45.94044558 54.95361836
v 4.43923065 45.89332731 55.90969109
v 4.37494883 45.81900954 56.84312584
v 4.26488588 45.68212993 57.74130265
v 4.14637572 45.43454505 58.45929538
v 3.81351087 45.53902339 59.27704622
v 3.72332285 47.48747379 4.63981729
v 4.07599783 47.28031069 5.26688033
v 4.31719195 47.12793580 6.10702073
v 4.43493653 47.04776798 7.03652626
v 4.48105254 47.01445614 8.01027183
v 4.49554285 47.00350494 9.00233680
v 4.49916392 47.00067274 10.00042311
v 4.49987666 47.00010085 11.00005997
v 4.49998592 47.00001161 12.00000653
v 4.49999878 47.00000100 13.00000054
v 4.49999992 47.00000006 14.00000003
v 4.50000000 47.00000000 15.00000000
v 4.50000000 47.00000000 16.00000000
v 4.50000000 47.00000000 17.00000000
v 4.50000000 47.00000000 18.00000000
v 4.50000000 47.00000000 19.00000000
v 4.50000000 47.00000000 20.00000000
v 4.50000000 47.00000000 21.00000000
v 4.50000000 47.00000000 22.00000000
v 4.50000000 47.00000000 23.00000000
v 4.50000000 47.00000000 24.00000000
v 4.50000000 47.00000000 25.00000000
v 4.50000000 47.00000000 26.00000000
v 4.50000000 47.00000000 27.00000000
v 4.50000000 47.00000000 28.00000000
v 4.50000000 47.00000000 29.00000000
v 4.50000000 47.00000000 30.00000000
v 4.50000000 47.00000000 31.00000000
v 4.50000000 47.00000000 32.00000000
v 4.50000000 47.00000000 33.00000000
v 4.50000000 47.00000000 34.00000000
v 4.50000000 47.00000000 35.00000000
v 4.50000000 47.00000000 36.00000000
v 4.50000000 47.00000000 37.00000000
v 4.50000000 47.00000000 38.00000000
v 4.50000000 46.99999999 38.99999999
v 4.49999999 46.99999997 39.99999997
v 4.49999997 46.99999991 40.99999991
v 4.49999992 46.99999970 41.99999974
v 4.49999974 46.99999898 42.99999917
v 4.49999915 46.99999651 43.99999722
v 4.49999723 46.99998844 44.99999083
v 4.49999113 46.99996393 45.99997129
v 4.49997269 46.99989457 46.99991580
v 4.49991943 46.99971089 47.99976845
v 4.49977045 46.99925193 48.99940013
v 4.49936196 46.99815357 49.99852928
v 4.49827283 46.99559318 50.99658107
v 4.49553768 46.98972963 51.99243497
v 4.48929096 46.97678086 52.98389729
v 4.47670514 46.95024589 53.96615165
v 4.45388984 46.90308175 54.92909085
v 4.41167791 46.83548333 55.86315430
v 4.33621414 46.74084112 56.75419631
v 4.18475105 46.63980574 57.63377719
v 3.92480782 46.39086861 58.58860344
v 3.85188342 48.35859035 5.34910258
v 4.19800021 48.17243204 6.16256942
v 4.37916321 48.07186078 7.06209168
v 4.45997469 48.02472876 8.01982737
v 4.48917881 48.00688796 9.00521485
v 4.49763434 48.00153562 10.00111171
v 4.49958497 48.00027160 11.00018964
v 4.49994191 48.00003779 12.00002569
v 4.49999354 48.00000410 13.00000277
v 4.49999943 48.00000034 14.00000024
v 4.49999996 48.00000002 15.00000002
v 4.50000000 48.00000000 16.00000000
v 4.50000000 48.00000000 17.00000000
v 4.50000000 48.00000000 18.00000000
v 4.50000000 48.00000000 19.00000000
v 4.50000000 48.00000000 20.00000000
v 4.50000000 48.00000000 21.00000000
v 4.50000000 48.00000000 22.00000000
v 4.50000000 48.00000000 23.00000000
v 4.50000000 48.00000000 24.00000000
v 4.50000000 48.00000000 25.00000000
v 4.50000000 48.00000000 26.00000000
v 4.50000000 48.00000000 27.00000000
v 4.50000000 48.00000000 28.00000000
v 4.50000000 48.00000000 29.00000000
v 4.50000000 48.00000000 30.00000000
v 4.50000000 48.00000000 31.00000000
v 4.50000000 48.00000000 32.00000000
v 4.50000000 48.00000000 33.00000000
v 4.50000000 48.00000000 34.00000000
v 4.50000000 48.00000000 35.00000000
v 4.50000000 48.00000000 36.00000000
v 4.50000000 48.00000000 37.00000000
v 4.50000000 47.99999998 37.99999999
v 4.49999999 47.99999995 38.99999995
v 4.49999996 47.99999983 39.99999985
v 4.49999985 47.99999948 40.99999953
v 4.49999955 47.99999853 41.99999870
v 4.49999870 47.99999579 42.99999649
v 4.49999635 47.99998750 43.99999014
v 4.49998977 47.99996273 44.99997121
v 4.49997114 47.99989295 45.99991698
v 4.49991982 47.99970935 46.99977203
v 4.49978452 47.99925747 47.99941111
v 4.49944211 47.99821264 48.99856693
v 4.49859885 47.99593027 49.99670082
v 4.49656642 47.99115990 50.99278777
v 4.49181584 47.98149834 51.98505946
v 4.48138607 47.96225407 52.97070926
v 4.46039509 47.92497715 53.94563915
v 4.42375595 47.85542710 54.90023315
v 4.36974230 47.74277450 55.80477216
v 4.27333243 47.62935253 56.66771118
v 4.15403613 47.43495834 57.38905114
v 3.81755140 47.56071628 58.20723025
v 3.68759547 49.32119871 5.61510174
v 4.01751894 49.19341804 6.24944560
v 4.27517398 49.09857713 7.10256992
v 4.41421827 49.04068289 8.03750583
v 4.47309405 49.01346996 9.01159538
v 4.49306601 49.00358170 10.00295923
v 4.49853031 49.00076666 11.00061758
v 4.49974258 49.00013256 12.00010587
v 4.49996241 49.00001862 13.00001522
v 4.49999537 49.00000214 14.00000189
v 4.49999951 49.00000020 15.00000021
v 4.49999995 49.00000002 16.00000002
v 4.49999999 49.00000000 17.00000000
v 4.50000000 49.00000000 18.00000000
v 4.50000000 49.00000000 19.00000000
v 4.50000000 49.00000000 20.00000000
v 4.50000000 49.00000000 21.00000000
v 4.50000000 49.00000000 22.00000000
v 4.50000000 49.00000000 23.00000000
v 4.50000000 49.00000000 24.00000000
v 4.50000000 49.00000000 25.00000000
v 4.50000000 49.00000000 26.00000000
v 4.50000000 49.00000000 27.00000000
v 4.50000000 49.00000000 28.00000000
v 4.50000000 49.00000000 29.00000000
v 4.50000000 49.00000000 30.00000000
v 4.50000000 49.00000000 31.00000000
v 4.50000000 49.00000000 32.00000000
v 4.50000000 49.00000000 33.00000000
v 4.50000000 49.00000000 34.00000000
v 4.50000000 49.00000000 35.00000000
v 4.50000000 48.99999999 35.99999999
v 4.49999999 48.99999996 36.99999997
v 4.49999997 48.99999990 37.99999991
v 4.49999991 48.99999971 38.99999975
v 4.49999974 48.99999912 39.99999925
v 4.49999925 48.99999749 40.99999783
v 4.49999787 48.99999335 41.99999418
v 4.49999421 48.99998312 42.99998564
v 4.49998510 48.99995662 43.99996533
v 4.49996296 48.99988542 44.99991301
v 4.49990827 48.99969949 45.99977446
v 4.49977284 48.99924335 46.99942378
v 4.49944605 48.99819590 47.99859661
v 4.49868725 48.99593850 48.99677530
v 4.49698711 48.99135272 49.99299067
v 4.49326435 48.98255123 50.98553666
v 4.48531326 48.96638016 51.97153859
v 4.46885452 48.93787415 52.94694576
v 4.43717616 48.88812516 53.90650606
v 4.37928014 48.80444230 54.84916628
v 4.29013797 48.65145788 55.76659312
v 4.21007840 48.38777883 56.51089979
v 3.95276090 48.41484260 57.43454295
v 3.69214001 50.14095561 6.29637205
v 4.07947982 50.12137491 7.15379763
v 4.31896320 50.06486442 8.06816067
v 4.43482786 50.02585389 9.02524390
v 4.48025952 50.00818619 10.00772515
v 4.49493249 50.00211599 11.00196221
v 4.49888640 50.00045441 12.00042258
v 4.49978832 50.00008221 13.00007982
v 4.49996495 50.00001259 14.00001358
v 4.49999488 50.00000161 15.00000208
v 4.49999929 50.00000016 16.00000029
v 4.49999988 50.00000001 17.00000004
v 4.49999997 50.00000000 18.00000001
v 4.49999999 50.00000000 19.00000000
v 4.50000000 50.00000000 20.00000000
v 4.50000000 50.00000000 21.00000000
v 4.50000000 50.00000000 22.00000000
v 4.50000000 50.00000000 23.00000000
v 4.50000000 50.00000000 24.00000000
v 4.50000000 50.00000000 25.00000000
v 4.50000000 50.00000000 26.00000000
v 4.50000000 50.00000000 27.00000000
v 4.50000000 50.00000000 28.00000000
v 4.50000000 50.00000000 29.00000000
v 4.50000000 50.00000000 30.00000000
v 4.50000000 50.00000000 31.00000000
v 4.50000000 50.00000000 32.00000000
v 4.50000000 49.99999999 32.99999999
v 4.49999999 49.99999998 33.99999998
v 4.49999998 49.99999996 34.99999996
v 4.49999996 49.99999990 35.99999991
v 4.49999990 49.99999975 36.99999979
v 4.49999977 49.99999938 37.99999947
v 4.49999942 49.99999844 38.99999869
v 4.49999858 49.99999594 39.99999667
v 4.49999645 49.99998930 40.99999124
v 4.49999097 49.99997300 41.99997738
v 4.49997715 49.99993619 42.99994597
v 4.49994446 49.99985400 43.99988048
v 4.49987197 49.99966057 44.99973991
v 4.49971486 49.99919646 45.99941181
v 4.49937126 49.99813013 46.99863127
v 4.49861995 49.99584007 47.99687115
v 4.49701787 49.99122564 48.99317755
v 4.49370917 49.98247853 49.98593640
v 4.48709165 49.96677357 50.97245283
v 4.47406201 49.94022901 51.94868561
v 4.44931375 49.89681229 52.90812306
v 4.40310565 49.83098337 53.84481486
v 4.32744707 49.72658123 54.74634389
v 4.18931326 49.59562269 55.64849864
v 3.97632562 49.30245003 56.65717724
v 3.72565347 51.16522649 7.22416613
v 4.13900341 51.10798248 8.12473696
v 4.35348943 51.04753571 9.05433976
v 4.44798104 51.01702743 10.01931227
v 4.48377541 51.00520004 11.00579919
v 4.49553809 51.00137959 12.00153413
v 4.49891736 51.00031940 13.00037120
v 4.49976859 51.00006351 14.00008270
v 4.49995581 51.00001037 15.00001653
v 4.49999183 51.00000127 16.00000296
v 4.49999824 51.00000010 17.00000054
v 4.49999951 51.00000000 18.00000013
v 4.49999984 51.00000000 19.00000004
v 4.49999995 50.99999999 20.00000001
v 4.49999998 51.00000000 21.00000000
v 4.49999999 51.00000000 22.00000000
v 4.50000000 51.00000000 23.00000000
v 4.50000000 51.00000000 24.00000000
v 4.50000000 51.00000000 25.00000000
v 4.50000000 51.00000000 26.00000000
v 4.50000000 51.00000000 27.00000000
v 4.50000000 50.99999999 28.00000000
v 4.50000000 50.99999999 28.99999999
v 4.49999999 50.99999998 29.99999999
v 4.49999998 50.99999997 30.99999998
v 4.49999997 50.99999995 31.99999996
v 4.49999995 50.99999991 32.99999993
v 4.49999991 50.99999983 33.99999986
v 4.49999983 50.99999966 34.99999971
v 4.49999966 50.99999931 35.99999942
v 4.49999931 50.99999848 36.99999876
v 4.49999854 50.99999660 37.99999722
v 4.49999679 50.99999232 38.99999376
v 4.49999286 50.99998239 39.99998599
v 4.49998409 50.99995855 40.99996764
v 4.49996421 50.99990228 41.99992303
v 4.49991830 50.99977973 42.99982118
v 4.49981415 50.99953180 43.99961565
v 4.49959245 50.99902680 44.99923256
v 4.49915184 50.99793998 45.99848517
v 4.49829880 50.99560101 46.99688809
v 4.49663860 50.99086028 47.99344241
v 4.49340932 50.98192724 48.98647624
v 4.48727856 50.96605537 49.97336624
v 4.47588088 50.93954933 50.95039245
v 4.45544920 50.89701897 51.91151806
v 4.41848625 50.83443685 52.85077136
v 4.35737449 50.73817195 53.75211073
v 4.24536971 50.62711688 54.62710225
v 4.12763828 50.40493618 55.37286768
v 3.80470559 50.44708279 56.22564602
v 3.85582765 52.20403234 8.25144298
v 4.20660914 52.07603662 9.11653356
v 4.37633346 52.02805686 10.04458520
v 4.45270992 52.01015499 11.01511244
v 4.48385770 52.00344037 12.00480610
v 4.49513428 52.00103417 13.00146251
v 4.49870913 52.00026044 14.00041288
v 4.49969183 52.00005073 15.00010293
v 4.49992789 52.00000625 16.00002256
v 4.49998072 51.99999995 17.00000494
v 4.49999371 51.99999971 18.00000138
v 4.49999772 51.99999983 19.00000048
v 4.49999913 51.99999987 20.00000017
v 4.49999963 51.99999991 21.00000006
v 4.49999982 51.99999994 22.00000002
v 4.49999990 51.99999995 23.00000001
v 4.49999994 51.99999995 24.00000000
v 4.49999995 51.99999995 25.00000000
v 4.49999995 51.99999995 26.00000000
v 4.49999995 51.99999995 26.99999999
v 4.49999995 51.99999993 27.99999998
v 4.49999994 51.99999990 28.99999994
v 4.49999991 51.99999984 29.99999988
v 4.49999984 51.99999974 30.99999978
v 4.49999973 51.99999958 31.99999966
v 4.49999955 51.99999928 32.99999945
v 4.49999926 51.99999871 33.99999900
v 4.49999871 51.99999768 34.99999814
v 4.49999767 51.99999574 35.99999660
v 4.49999571 51.99999174 36.99999357
v 4.49999186 51.99998323 37.99998709
v 4.49998395 51.99996544 38.99997335
v 4.49996752 51.99992844 39.99994515
v 4.49993390 51.99984976 40.99988711
v 4.49986590 51.99967803 41.99976097
v 4.49972630 51.99931470 42.99948027
v 4.49943338 51.99860855 43.99890152
v 4.49882878 51.99732178 44.99785953
v 4.49766370 51.99491220 45.99612585
v 4.49558828 51.99013232 46.99302718
v 4.49199566 51.98088879 47.98689310
v 4.48575267 51.96435839 48.97476770
v 4.47484729 51.93706066 49.95273738
v 4.45634312 51.89387677 50.91504496
v 4.42459470 51.83109199 51.85661071
v 4.37479331 51.73645906 52.76215162
v 4.28423410 51.63009656 53.64480767
v 4.18073296 51.41026710 54.40755540
v 3.86072325 51.42737628 55.36013895
v 3.65825529 53.16661995 8.63286520
v 3.99504779 53.05919202 9.23860082
v 4.23621481 53.02163140 10.08831533
v 4.37505952 53.01262057 11.03235495
v 4.44809632 53.00660062 12.01245959
v 4.48118194 53.00269886 13.00478157
v 4.49400564 53.00082940 14.00167501
v 4.49826544 53.00017159 15.00050284
v 4.49950255 53.00000983 16.00012894
v 4.49983975 52.99999018 17.00003191
v 4.49993970 52.99999421 18.00000989
v 4.49997550 52.99999710 19.00000387
v 4.49998969 52.99999814 20.00000148
v 4.49999531 52.99999875 21.00000054
v 4.49999761 52.99999917 22.00000021
v 4.49999864 52.99999936 23.00000007
v 4.49999911 52.99999940 23.99999998
v 4.49999930 52.99999940 24.99999994
v 4.49999936 52.99999939 25.99999992
v 4.49999937 52.99999936 26.99999991
v 4.49999936 52.99999928 27.99999985
v 4.49999930 52.99999907 28.99999964
v 4.49999913 52.99999861 29.99999917
v 4.49999870 52.99999788 30.99999840
v 4.49999791 52.99999683 31.99999744
v 4.49999666 52.99999510 32.99999624
v 4.49999482 52.99999190 33.99999412
v 4.49999179 52.99998624 34.99998983
v 4.49998631 52.99997669 35.99998229
v 4.49997656 52.99995946 36.99996961
v 4.49995932 52.99992565 37.99994579
v 4.49992737 52.99985921 38.99989803
v 4.49986603 52.99973162 39.99980491
v 4.49974900 52.99948747 40.99962988
v 4.49953060 52.99900945 41.99929770
v 4.49912885 52.99805609 42.99862620
v 4.49837625 52.99623851 43.99724405
v 4.49692715 52.99307626 44.99465099
v 4.49417473 52.98787622 45.99049897
v 4.48935280 52.97883266 46.98438662
v 4.48170377 52.96209230 47.97423350
v 4.46984161 52.93309144 48.95535133
v 4.45143457 52.88733570 49.92058892
v 4.42189207 52.82197612 50.86468452
v 4.37815904 52.72558975 51.77303344
v 4.30132538 52.61782762 52.66125619
v 4.22032982 52.40328918 53.42928655
v 3.96110842 52.43299408 54.39351107
v 3.67478983 53.90915472 9.34537124
v 3.98596120 53.94157117 10.12607526
v 4.19906659 54.00060443 11.05035976
v 4.35338775 54.00914688 12.02630840
v 4.43820811 54.00544934 13.01311072
v 4.47696980 54.00185031 14.00557472
v 4.49208922 54.00026496 15.00194025
v 4.49728026 53.99987032 16.00055241
v 4.49896687 53.99987576 17.00014314
v 4.49955738 53.99993582 18.00004652
v 4.49979992 53.99996824 19.00002062
v 4.49990794 53.99998054 20.00000868
v 4.49995521 53.99998685 21.00000299
v 4.49997599 53.99999120 22.00000097
v 4.49998589 53.99999350 23.00000017
v 4.49999077 53.99999420 23.99999958
v 4.49999295 53.99999425 24.99999919
v 4.49999376 53.99999420 25.99999904
v 4.49999400 53.99999410 26.99999901
v 4.49999400 53.99999374 27.99999884
v 4.49999376 53.99999268 28.99999801
v 4.49999300 53.99999022 29.99999566
v 4.49999100 53.99998585 30.99999105
v 4.49998674 53.99997960 31.99998458
v 4.49997954 53.99997087 32.99997752
v 4.49996919 53.99995628 33.99996872
v 4.49995442 53.99993020 34.99995206
v 4.49993039 53.99988763 35.99992045
v 4.49988873 53.99982019 36.99987020
v 4.49981901 53.99970183 37.99979062
v 4.49970249 53.99948125 38.99964580
v 4.49949760 53.99908154 39.99937372
v 4.49913108 53.99837450 40.99888635
v 4.49848840 53.99712396 41.99804363
v 4.49739212 53.99486238 42.99656252
v 4.49555662 53.99071693 43.99374470
v 4.49239848 53.98357728 44.98831245
v 4.48675693 53.97245298 45.97895582
v 4.47674225 53.95603585 46.96581484
v 4.46077624 53.92898943 47.94916055
v 4.43873147 53.88108503 48.92229230
v 4.40749373 53.80843663 49.87529773
v 4.36549125 53.70508803 50.78997185
v 4.29642726 53.59001825 51.68409028
v 4.22983878 53.37437283 52.45546572
v 4.00423715 53.39151800 53.43725865
v 3.63511083 54.61763555 10.09159638
v 3.82588018 54.97483559 11.03461827
v 4.13938979 55.00979962 12.04918863
v 4.32906336 55.00753879 13.03197937
v 4.42682982 55.00164916 14.01565154
v 4.47057223 54.99895680 15.00597830
v 4.48806193 54.99859790 16.00174768
v 4.49474012 54.99904909 17.00039765
v 4.49746022 54.99950652 18.00010840
v 4.49873053 54.99974905 19.00005721
v 4.49936400 54.99984694 20.00002687
v 4.49967009 54.99989496 21.00000560
v 4.49981451 54.99992807 21.99999811
v 4.49988671 54.99994789 22.99999645
v 4.49992487 54.99995540 23.99999444
v 4.49994376 54.99995681 24.99999211
v 4.49995178 54.99995687 25.99999093
v 4.49995468 54.99995661 26.99999087
v 4.49995538 54.99995530 27.99999078
v 4.49995471 54.99995118 28.99998856
v 4.49995199 54.99994090 29.99998026
v 4.49994465 54.99992047 30.99996032
v 4.49992760 54.99988917 31.99992674
v 4.49989534 54.99984882 32.99988669
v 4.49984599 54.99979215 33.99984799
v 4.49978001 54.99969440 34.99979610
v 4.49968750 54.99952924 35.99969212
v 4.49953781 54.99928320 36.99951151
v 4.49928995 54.99891088 37.99925459
v 4.49890147 54.99826834 38.99886409
v 4.49828488 54.99714004 39.99816886
v 4.49725359 54.99526470 40.99695515
v 4.49554207 54.99219100 41.99495465
v 4.49278491 54.98715617 42.99175855
v 4.48847886 54.97872419 43.98655932
v 4.48194260 54.96437581 44.97706045
v 4.47149622 54.94210594 45.95966041
v 4.45401521 54.91100554 46.93162133
v 4.42406875 54.87125617 47.89861214
v 4.38098828 54.80527654 48.86577477
v 4.33342657 54.68686945 49.80326559
v 4.26184487 54.54936698 50.71632400
v 4.20412573 54.32536169 51.49489342
v 4.00154392 54.31155900 52.49673690
v 3.74254017 56.01409645 12.11984058
v 4.10390060 56.00167183 13.07688106
v 4.30714304 55.99195344 14.03866406
v 4.40995633 55.98994653 15.01493826
v 4.45741376 55.99188159 16.00387910
v 4.47853560 55.99475755 17.00025455
v 4.48841710 55.99716361 17.99974223
v 4.49362791 55.99849642 18.99990255
v 4.49653346 55.99906807 19.99996101
v 4.49808495 55.99934444 20.99993521
v 4.49887216 55.99953651 21.99992797
v 4.49928355 55.99966493 22.99994147
v 4.49951346 55.99972253 23.99994620
v 4.49963801 55.99973742 24.99993915
v 4.49969738 55.99974049 25.99993268
v 4.49972234 55.99974176 26.99993240
v 4.49973144 55.99973855 27.99993487
v 4.49973171 55.99972501 28.99993225
v 4.49972346 55.99969029 29.99991129
v 4.49970088 55.99961565 30.99984865
v 4.49964776 55.99948814 31.99971983
v 4.49953721 55.99931960 32.99953449
v 4.49934832 55.99911838 33.99934990
v 4.49908584 55.99881884 34.99918907
v 4.49875572 55.99829131 35.99893455
v 4.49829354 55.99747274 36.99840936
v 4.49754750 55.99636661 37.99760441
v 4.49637753 55.99472854 38.99659144
v 4.49467027 55.99192230 39.99505914
v 4.49207825 55.98735802 40.99237296
v 4.48794418 55.98044221 41.98810537
v 4.48165371 55.96978844 42.98155035
v 4.47230439 55.95373355 43.97185667
v 4.45890797 55.92871346 44.95751554
v 4.44083023 55.88816472 45.93100135
v 4.41299040 55.83292629 46.88488946
v 4.37027789 55.76111437 47.81016145
v 4.29150318 55.69854831 48.74883814
v 4.19515198 55.55380965 49.72204534
v 4.14491175 55.26494726 50.53699708
v 3.91993715 55.20669393 51.58313380
v 3.73310569 56.96663862 13.18188849
v 4.07512334 56.94847472 14.08673232
v 4.27113910 56.95419251 15.03081864
v 4.37494034 56.96666659 16.00499979
v 4.42887233 56.97773830 16.99642637
v 4.45741601 56.98729237 17.99623951
v 4.47431138 56.99296774 18.99803389
v 4.48485606 56.99551694 19.99902401
v 4.49109386 56.99674549 20.99925579
v 4.49451210 56.99760568 21.99934865
v 4.49637364 56.99825045 22.99950005
v 4.49746089 56.99858378 23.99960619
v 4.49809772 56.99868531 24.99961873
v 4.49843345 56.99871216 25.99959803
v 4.49859281 56.99873202 26.99959670
v 4.49866463 56.99873568 27.99961575
v 4.49868763 56.99869976 28.99962788
v 4.49867083 56.99859817 29.99959331
v 4.49860764 56.99837763 30.99944751
v 4.49846763 56.99796441 31.99908599
v 4.49817354 56.99735905 32.99844160
v 4.49761377 56.99667359 33.99766013
v 4.49674353 56.99587707 34.99703819
v 4.49564434 56.99455050 35.99652438
v 4.49433264 56.99223793 36.99544571
v 4.49245650 56.98905789 37.99327398
v 4.48942967 56.98517760 38.99049008
v 4.48500671 56.97930226 39.98743239
v 4.47906630 56.96925971 40.98243915
v 4.47026813 56.95467232 41.97393304
v 4.45687093 56.93453386 42.96224715
v 4.43879168 56.90418879 43.94435494
v 4.41315193 56.86415849 44.92062801
v 4.37965629 56.80421097 45.89123112
v 4.34292167 56.70472042 46.82413952
v 4.27688046 56.60517612 47.73028703
v 4.21110457 56.42969522 48.51093011
v 3.98064777 56.51456116 49.49553260
v 3.82125946 56.05588259 50.66213430
v 3.70348326 57.82258621 14.18149833
v 4.01303741 57.84605572 15.05254077
v 4.19244734 57.89654989 15.99922009
v 4.30636778 57.92403846 16.97934066
v 4.37216375 57.95410599 17.98026833
v 4.41563473 57.97383241 18.98848847
v 4.44623600 57.98266908 19.99383892
v 4.46633784 57.98697179 20.99567042
v 4.47833029 57.98993675 21.99628979
v 4.48511879 57.99249530 22.99705636
v 4.48921081 57.99401763 23.99776753
v 4.49177350 57.99452109 24.99804001
v 4.49324883 57.99465280 25.99803183
v 4.49402132 57.99478035 26.99803426
v 4.49442565 57.99487716 27.99812836
v 4.49461944 57.99482981 28.99823716
v 4.49464115 57.99456680 29.99823417
v 4.49449094 57.99400025 30.99797228
v 4.49414120 57.99292524 31.99721419
v 4.49348387 57.99115202 32.99558701
v 4.49221428 57.98896286 33.99304742
v 4.48994945 57.98688544 34.99054891
v 4.48674360 57.98428322 35.98914732
v 4.48310443 57.97924063 36.98784295
v 4.47894513 57.97095938 37.98373708
v 4.47261760 57.96140696 38.97630634
v 4.46242025 57.95086318 39.96913052
v 4.44901961 57.93301875 40.96229506
v 4.43283730 57.90285484 41.94758734
v 4.40787285 57.86724693 42.92544350
v 4.37215848 57.82040783 43.90279233
v 4.33416154 57.74323065 44.85511227
v 4.27124910 57.67707561 45.81255958
v 4.20476072 57.55058297 46.78431686
v 4.17364529 57.30150057 47.57394193
v 3.95473677 57.32849060 48.59250571
v 3.65672755 58.52548145 15.05776058
v 3.84240348 58.76986831 15.98066559
v 4.06359662 58.78345919 16.93531599
v 4.18330249 58.86022954 17.92936328
v 4.27059552 58.92225995 18.95597602
v 4.34290164 58.94504278 19.97513293
v 4.39509988 58.95758640 20.98284608
v 4.42967999 58.96509813 21.98482148
v 4.44992007 58.97317502 22.98705364
v 4.46230670 58.97893133 23.99003435
v 4.47052775 58.98088508 24.99171796
v 4.47564797 58.98123523 25.99200603
v 4.47852952 58.98174539 26.99206449
v 4.48022369 58.98235973 27.99243234
v 4.48124924 58.98255819 28.99295360
v 4.48167304 58.98203074 29.99323610
v 4.48148001 58.98068248 30.99288487
v 4.48066217 58.97827958 31.99155687
v 4.47920883 58.97418372 32.98857335
v 4.47687330 58.96818007 33.98270602
v 4.47249543 58.96228533 34.97465248
v 4.46494748 58.95789541 35.96892466
v 4.45542971 58.95034124 36.96776674
v 4.44603450 58.93359457 37.96477211
v 4.43559253 58.90919335 38.95010465
v 4.41707655 58.88853360 39.92905253
v 4.38786233 58.86675899 40.91797350
v 4.35614286 58.81729009 41.90779184
v 4.32377443 58.73835667 42.86105915
v 4.25750662 58.68635796 43.81944197
v 4.17954974 58.58900736 44.80947926
v 4.14990566 58.37325318 45.62333697
v 3.94461143 58.45788900 46.65907404
v 3.89660266 58.05458243 47.77172207
v 3.69466026 59.46825945 16.89361545
v 3.85609367 59.59638206 17.79267764
v 3.96777493 59.83028866 18.87505533
v 4.11939724 59.84950412 19.92627524
v 4.22549209 59.88823390 20.95039806
v 4.31010561 59.89884958 21.95384321
v 4.36034851 59.91842964 22.95586823
v 4.39064988 59.93743763 23.96433779
v 4.41181994 59.94413451 24.97127765
v 4.42618979 59.94392297 25.97294393
v 4.43452958 59.94515485 26.97316148
v 4.43984932 59.94767534 27.97436287
v 4.44377189 59.94942652 28.97625677
v 4.44614218 59.94903749 29.97776110
v 4.44662670 59.94618580 30.97770766
v 4.44519831 59.94107786 31.97537757
v 4.44192557 59.93320938 32.97066350
v 4.43738655 59.92073908 33.96176359
v 4.43133026 59.90413059 34.94384430
v 4.41858424 59.89393876 35.92280270
v 4.39703515 59.88927165 36.91632990
v 4.37475097 59.86697306 37.92237381
v 4.35672784 59.81848760 38.91423949
v 4.33731149 59.75716570 39.86184211
v 4.28476140 59.74048788 40.81644998
v 4.21369448 59.70132049 41.82648448
v 4.16077105 59.56468863 42.82140010
v 4.13423276 59.36613685 43.62341393
v 3.90849842 59.48112494 44.65892191
v 3.81569806 59.14427040 45.84709429
v 3.76447229 60.56313552 19.82798101
v 3.87403374 60.77877695 20.89244950
v 4.06831520 60.75261380 21.89813921
v 4.17414151 60.78344542 22.88171126
v 4.23447638 60.83850106 23.89469072
v 4.27673127 60.86497312 24.91836178
v 4.31121425 60.85625678 25.92394674
v 4.33009538 60.85693051 26.92326144
v 4.34226092 60.86460385 27.92640363
v 4.35337146 60.87212983 28.93224186
v 4.36233191 60.87451441 29.93745443
v 4.36640677 60.87013856 30.93947434
v 4.36559568 60.85962351 31.93563099
v 4.35965441 60.84501588 32.92651091
v 4.34932044 60.82503288 33.91534389
v 4.33926570 60.79348177 34.89589635
v 4.33012107 60.75172633 35.84270410
v 4.29317163 60.75785261 36.79927386
v 4.24028333 60.75936583 37.81865534
v 4.20388507 60.68615758 38.84879995
v 4.17963968 60.57254178 39.82742284
v 4.17165555 60.40762469 40.61378704
v 3.98022155 60.59208855 41.61193026
v 3.88461233 60.37096258 42.72642703
v 3.80069367 60.11417302 43.81536977
v 3.69123424 61.44859324 21.85915887
v 3.84591419 61.51240930 22.76382509
v 3.96885839 61.59037662 23.72551800
v 4.00639500 61.75321563 24.80937702
v 4.09089604 61.67942666 25.82567431
v 4.12425851 61.67197318 26.81336596
v 4.14252429 61.69020165 27.81815165
v 4.16409517 61.71423041 28.83493556
v 4.19037939 61.72724799 29.84945433
v 4.20631517 61.72529805 30.85741550
v 4.20989146 61.70735487 31.85465303
v 4.20478762 61.67794448 32.83458360
v 4.18498451 61.64746376 33.81063546
v 4.15830029 61.60828749 34.79942612
v 4.14686813 61.53793769 35.77738696
v 4.16280810 61.40688258 36.57660143
v 4.01001717 61.62526906 37.57042850
v 3.94874936 61.49955734 38.69940793
v 3.89847877 61.35341194 39.75117209
v 3.87489161 61.14747853 40.80919108
v 3.75953543 62.33484102 25.69953246
v 3.78957400 62.32961325 26.61212849
v 3.80165941 62.36306065 27.60531471
v 3.81895297 62.42641555 28.64891669
v 3.87523566 62.47123910 29.69308065
v 3.93228975 62.47693659 30.70536376
v 3.93927323 62.46385935 31.71372041
v 3.94582596 62.40582437 32.68574624
v 3.93008370 62.34473574 33.61427837
v 3.86750218 62.30684716 34.57972533
v 3.81300904 62.24703850 35.61807234
v 3.82366584 62.12553146 36.73386943
f 3 2 1
f 5 4 1
f 5 1 2
f 7 6 4
f 7 4 5
f 9 8 6
f 9 6 7
f 11 10 8
f 11 8 9
f 13 12 10
f 13 10 11
f 15 14 12
f 15 12 13
f 17 16 14
f 17 14 15
f 19 18 16
f 19 16 17
f 21 20 18
f 21 18 19
f 23 22 20
f 23 20 21
f 25 24 22
f 25 22 23
f 27 26 24
f 27 24 25
f 28 26 27
f 31 30 29
f 33 32 29
f 33 29 30
f 35 34 32
f 35 32 33
f 37 36 34
f 37 34 35
f 36 37 3
f 1 36 3
f 38 36 1
f 39 1 4
f 38 1 39
f 40 4 6
f 39 4 40
f 41 6 8
f 40 6 41
f 42 8 10
f 41 8 42
f 43 10 12
f 42 10 43
f 44 12 14
f 43 12 44
f 45 14 16
f 44 14 45
f 46 16 18
f 45 16 46
f 47 18 20
f 46 18 47
f 48 20 22
f 47 20 48
f 49 22 24
f 48 22 49
f 50 24 26
f 49 24 50
f 26 28 51
f 52 26 51
f 50 26 52
f 54 53 52
f 54 52 51
f 56 55 53
f 56 53 54
f 57 55 56
f 60 59 58
f 62 61 58
f 62 58 59
f 61 62 31
f 29 61 31
f 63 61 29
f 64 29 32
f 63 29 64
f 65 32 34
f 64 32 65
f 66 34 36
f 65 34 66
f 67 36 38
f 66 36 67
f 68 38 39
f 67 38 68
f 69 39 40
f 68 39 69
f 70 40 41
f 69 40 70
f 71 41 42
f 70 41 71
f 72 42 43
f 71 42 72
f 73 43 44
f 72 43 73
f 74 44 45
f 73 44 74
f 75 45 46
f 74 45 75
f 76 46 47
f 75 46 76
f 77 47 48
f 76 47 77
f 78 48 49
f 77 48 78
f 79 49 50
f 78 49 79
f 80 50 52
f 79 50 80
f 81 52 53
f 80 52 81
f 82 53 55
f 81 53 82
f 55 57 83
f 84 55 83
f 82 55 84
f 86 85 84
f 86 84 83
f 88 87 85
f 88 85 86
f 89 87 88
f 92 91 90
f 94 93 90
f 94 90 91
f 96 95 93
f 96 93 94
f 95 96 60
f 58 95 60
f 97 95 58
f 98 58 61
f 97 58 98
f 99 61 63
f 98 61 99
f 100 63 64
f 99 63 100
f 101 64 65
f 100 64 101
f 102 65 66
f 101 65 102
f 103 66 67
f 102 66 103
f 68 105 104
f 103 68 104
f 67 68 103
f 105 68 69
f 105 69 106
f 106 69 70
f 106 70 107
f 107 70 71
f 107 71 108
f 108 71 72
f 108 72 109
f 109 72 73
f 109 73 110
f 110 73 74
f 110 74 111
f 111 74 75
f 111 75 112
f 112 75 76
f 112 76 113
f 113 76 77
f 113 77 114
f 116 115 114
f 77 116 114
f 78 116 77
f 117 78 79
f 116 78 117
f 118 79 80
f 117 79 118
f 119 80 81
f 118 80 119
f 120 81 82
f 119 81 120
f 121 82 84
f 120 82 121
f 122 84 85
f 121 84 122
f 123 85 87
f 122 85 123
f 87 89 124
f 125 87 124
f 123 87 125
f 127 126 125
f 127 125 124
f 128 126 127
f 131 130 129
f 133 132 129
f 133 129 130
f 132 133 92
f 90 132 92
f 134 132 90
f 135 90 93
f 134 90 135
f 136 93 95
f 135 93 136
f 137 95 97
f 136 95 137
f 138 97 98
f 137 97 138
f 139 98 99
f 138 98 139
f 100 141 140
f 139 100 140
f 99 100 139
f 141 100 101
f 141 101 142
f 142 101 102
f 142 102 143
f 143 102 103
f 143 103 144
f 144 103 104
f 145 115 116
f 145 116 117
f 145 117 146
f 146 117 118
f 146 118 147
f 147 118 119
f 147 119 148
f 150 149 148
f 119 150 148
f 120 150 119
f 151 120 121
f 150 120 151
f 152 121 122
f 151 121 152
f 153 122 123
f 152 122 153
f 154 123 125
f 153 123 154
f 155 125 126
f 154 125 155
f 126 128 156
f 157 126 156
f 155 126 157
f 159 158 157
f 159 157 156
f 160 158 159
f 163 162 161
f 161 162 131
f 129 161 131
f 164 161 129
f 165 129 132
f 164 129 165
f 166 132 134
f 165 132 166
f 167 134 135
f 166 134 167
f 168 135 136
f 167 135 168
f 169 136 137
f 168 136 169
f 138 171 170
f 169 138 170
f 137 138 169
f 171 138 139
f 171 139 172
f 172 139 140
f 173 149 150
f 173 150 151
f 173 151 174
f 174 151 152
f 174 152 175
f 177 176 175
f 152 177 175
f 153 177 152
f 178 153 154
f 177 153 178
f 179 154 155
f 178 154 179
f 180 155 157
f 179 155 180
f 181 157 158
f 180 157 181
f 158 160 182
f 183 158 182
f 181 158 183
f 184 183 182
f 187 186 185
f 185 186 163
f 161 185 163
f 188 185 161
f 189 161 164
f 188 161 189
f 190 164 165
f 189 164 190
f 191 165 166
f 190 165 191
f 167 193 192
f 191 167 192
f 166 167 191
f 193 167 168
f 193 168 194
f 194 168 169
f 194 169 195
f 195 169 170
f 196 176 177
f 196 177 178
f 196 178 197
f 199 198 197
f 178 199 197
f 179 199 178
f 200 179 180
f 199 179 200
f 201 180 181
f 200 180 201
f 202 181 183
f 201 181 202
f 183 184 203
f 204 183 203
f 202 183 204
f 206 205 204
f 206 204 203
f 207 205 206
f 210 209 208
f 208 209 187
f 185 208 187
f 211 208 185
f 212 185 188
f 211 185 212
f 213 188 189
f 212 188 213
f 214 189 190
f 213 189 214
f 191 216 215
f 214 191 215
f 190 191 214
f 216 191 192
f 217 198 199
f 219 218 217
f 199 219 217
f 200 219 199
f 220 200 201
f 219 200 220
f 221 201 202
f 220 201 221
f 222 202 204
f 221 202 222
f 223 204 205
f 222 204 223
f 205 207 224
f 225 205 224
f 223 205 225
f 226 225 224
f 229 228 227
f 231 230 227
f 231 227 228
f 230 231 210
f 208 230 210
f 232 230 208
f 233 208 211
f 232 208 233
f 234 211 212
f 233 211 234
f 235 212 213
f 234 212 235
f 214 237 236
f 235 214 236
f 213 214 235
f 237 214 215
f 238 218 219
f 238 219 220
f 238 220 239
f 241 240 239
f 220 241 239
f 221 241 220
f 242 221 222
f 241 221 242
f 243 222 223
f 242 222 243
f 244 223 225
f 243 223 244
f 225 226 245
f 246 225 245
f 244 225 246
f 247 246 245
f 250 249 248
f 248 249 229
f 227 248 229
f 251 248 227
f 252 227 230
f 251 227 252
f 253 230 232
f 252 230 253
f 254 232 233
f 253 232 254
f 255 233 234
f 254 233 255
f 235 257 256
f 255 235 256
f 234 235 255
f 257 235 236
f 258 240 241
f 260 259 258
f 241 260 258
f 242 260 241
f 261 242 243
f 260 242 261
f 262 243 244
f 261 243 262
f 263 244 246
f 262 244 263
f 246 247 264
f 265 246 264
f 263 246 265
f 266 265 264
f 250 248 267
f 250 267 268
f 269 248 251
f 267 248 269
f 270 251 252
f 269 251 270
f 271 252 253
f 270 252 271
f 254 273 272
f 271 254 272
f 253 254 271
f 273 254 255
f 273 255 274
f 274 255 256
f 277 276 275
f 279 278 275
f 279 275 276
f 280 278 279
f 281 259 260
f 283 282 281
f 260 283 281
f 261 283 260
f 284 261 262
f 283 261 284
f 285 262 263
f 284 262 285
f 286 263 265
f 285 263 286
f 265 266 287
f 288 265 287
f 286 265 288
f 289 288 287
f 292 291 290
f 290 291 268
f 267 290 268
f 293 290 267
f 294 267 269
f 293 267 294
f 295 269 270
f 294 269 295
f 271 297 296
f 295 271 296
f 270 271 295
f 297 271 272
f 277 275 298
f 277 298 299
f 300 275 278
f 298 275 300
f 278 280 301
f 278 301 300
f 302 282 283
f 302 283 284
f 302 284 303
f 305 304 303
f 284 305 303
f 285 305 284
f 306 285 286
f 305 285 306
f 307 286 288
f 306 286 307
f 288 289 308
f 309 288 308
f 307 288 309
f 310 309 308
f 313 312 311
f 311 312 292
f 290 311 292
f 314 311 290
f 315 290 293
f 314 290 315
f 316 293 294
f 315 293 316
f 295 318 317
f 316 295 317
f 294 295 316
f 318 295 296
f 319 299 298
f 319 298 300
f 319 300 320
f 320 300 301
f 304 305 321
f 304 321 322
f 323 305 306
f 321 305 323
f 324 306 307
f 323 306 324
f 325 307 309
f 324 307 325
f 309 310 326
f 309 326 325
f 329 328 327
f 327 328 313
f 311 327 313
f 330 327 311
f 331 311 314
f 330 311 331
f 332 314 315
f 331 314 332
f 316 334 333
f 332 316 333
f 315 316 332
f 334 316 317
f 335 322 321
f 337 336 335
f 321 337 335
f 323 337 321
f 338 323 324
f 337 323 338
f 339 324 325
f 338 324 339
f 325 326 340
f 341 325 340
f 339 325 341
f 342 341 340
f 345 344 343
f 343 344 329
f 327 343 329
f 346 343 327
f 347 327 330
f 346 327 347
f 348 330 331
f 347 330 348
f 349 331 332
f 348 331 349
f 332 333 350
f 332 350 349
f 351 336 337
f 353 352 351
f 337 353 351
f 338 353 337
f 354 338 339
f 353 338 354
f 355 339 341
f 354 339 355
f 341 342 356
f 357 341 356
f 355 341 357
f 358 357 356
f 345 343 359
f 345 359 360
f 361 343 346
f 359 343 361
f 362 346 347
f 361 346 362
f 363 347 348
f 362 347 363
f 349 365 364
f 363 349 364
f 348 349 363
f 365 349 350
f 366 352 353
f 368 367 366
f 353 368 366
f 354 368 353
f 369 354 355
f 368 354 369
f 370 355 357
f 369 355 370
f 357 358 371
f 372 357 371
f 370 357 372
f 373 372 371
f 376 375 374
f 374 375 360
f 359 374 360
f 377 374 359
f 378 359 361
f 377 359 378
f 379 361 362
f 378 361 379
f 363 381 380
f 379 363 380
f 362 363 379
f 381 363 364
f 367 368 382
f 367 382 383
f 384 368 369
f 382 368 384
f 385 369 370
f 384 369 385
f 386 370 372
f 385 370 386
f 372 373 387
f 372 387 386
f 376 374 388
f 376 388 389
f 390 374 377
f 388 374 390
f 391 377 378
f 390 377 391
f 379 393 392
f 391 379 392
f 378 379 391
f 393 379 380
f 394 383 382
f 396 395 394
f 382 396 394
f 384 396 382
f 397 384 385
f 396 384 397
f 398 385 386
f 397 385 398
f 386 387 399
f 400 386 399
f 398 386 400
f 401 400 399
f 389 388 402
f 389 402 403
f 404 388 390
f 402 388 404
f 405 390 391
f 404 390 405
f 391 392 406
f 391 406 405
f 395 396 407
f 395 407 408
f 409 396 397
f 407 396 409
f 410 397 398
f 409 397 410
f 411 398 400
f 410 398 411
f 400 401 412
f 400 412 411
f 415 414 413
f 413 414 403
f 402 413 403
f 416 413 402
f 417 402 404
f 416 402 417
f 418 404 405
f 417 404 418
f 405 406 419
f 405 419 418
f 420 408 407
f 422 421 420
f 407 422 420
f 409 422 407
f 423 409 410
f 422 409 423
f 424 410 411
f 423 410 424
f 411 412 425
f 411 425 424
f 415 413 426
f 415 426 427
f 428 413 416
f 426 413 428
f 429 416 417
f 428 416 429
f 418 431 430
f 429 418 430
f 417 418 429
f 431 418 419
f 421 422 432
f 421 432 433
f 434 422 423
f 432 422 434
f 435 423 424
f 434 423 435
f 424 425 436
f 437 424 436
f 435 424 437
f 438 437 436
f 441 440 439
f 439 440 427
f 426 439 427
f 442 439 426
f 443 426 428
f 442 426 443
f 444 428 429
f 443 428 444
f 429 430 445
f 429 445 444
f 446 433 432
f 448 447 446
f 432 448 446
f 434 448 432
f 449 434 435
f 448 434 449
f 450 435 437
f 449 435 450
f 437 438 451
f 437 451 450
f 441 439 452
f 441 452 453
f 454 439 442
f 452 439 454
f 455 442 443
f 454 442 455
f 444 457 456
f 455 444 456
f 443 444 455
f 457 444 445
f 447 448 458
f 447 458 459
f 460 448 449
f 458 448 460
f 461 449 450
f 460 449 461
f 450 451 462
f 463 450 462
f 461 450 463
f 464 463 462
f 453 452 465
f 453 465 466
f 467 452 454
f 465 452 467
f 468 454 455
f 467 454 468
f 455 456 469
f 455 469 468
f 470 459 458
f 472 471 470
f 458 472 470
f 460 472 458
f 473 460 461
f 472 460 473
f 474 461 463
f 473 461 474
f 463 464 475
f 463 475 474
f 466 465 476
f 466 476 477
f 478 465 467
f 476 465 478
f 479 467 468
f 478 467 479
f 468 469 480
f 468 480 479
f 471 472 481
f 471 481 482
f 483 472 473
f 481 472 483
f 484 473 474
f 483 473 484
f 474 475 485
f 474 485 484
f 488 487 486
f 486 487 477
f 476 486 477
f 489 486 476
f 490 476 478
f 489 476 490
f 491 478 479
f 490 478 491
f 479 480 492
f 479 492 491
f 482 481 493
f 482 493 494
f 495 481 483
f 493 481 495
f 496 483 484
f 495 483 496
f 484 485 497
f 484 497 496
f 488 486 498
f 488 498 499
f 500 486 489
f 498 486 500
f 501 489 490
f 500 489 501
f 491 503 502
f 501 491 502
f 490 491 501
f 503 491 492
f 494 493 504
f 494 504 505
f 506 493 495
f 504 493 506
f 507 495 496
f 506 495 507
f 496 497 508
f 496 508 507
f 499 498 509
f 499 509 510
f 511 498 500
f 509 498 511
f 512 500 501
f 511 500 512
f 501 502 513
f 501 513 512
f 505 504 514
f 505 514 515
f 516 504 506
f 514 504 516
f 517 506 507
f 516 506 517
f 507 508 518
f 507 518 517
f 510 509 519
f 510 519 520
f 521 509 511
f 519 509 521
f 522 511 512
f 521 511 522
f 512 513 523
f 512 523 522
f 515 514 524
f 515 524 525
f 526 514 516
f 524 514 526
f 527 516 517
f 526 516 527
f 517 518 528
f 517 528 527
f 520 519 529
f 520 529 530
f 531 519 521
f 529 519 531
f 532 521 522
f 531 521 532
f 522 523 533
f 522 533 532
f 525 524 534
f 525 534 535
f 536 524 526
f 534 524 536
f 537 526 527
f 536 526 537
f 527 528 538
f 539 527 538
f 537 527 539
f 540 539 538
f 530 529 541
f 530 541 542
f 543 529 531
f 541 529 543
f 544 531 532
f 543 531 544
f 532 533 545
f 532 545 544
f 546 535 534
f 548 547 546
f 534 548 546
f 536 548 534
f 549 536 537
f 548 536 549
f 550 537 539
f 549 537 550
f 539 540 551
f 539 551 550
f 542 541 552
f 542 552 553
f 554 541 543
f 552 541 554
f 555 543 544
f 554 543 555
f 544 545 556
f 544 556 555
f 547 548 557
f 547 557 558
f 559 548 549
f 557 548 559
f 560 549 550
f 559 549 560
f 550 551 561
f 550 561 560
f 553 552 562
f 553 562 563
f 564 552 554
f 562 552 564
f 565 554 555
f 564 554 565
f 555 556 566
f 555 566 565
f 558 557 567
f 558 567 568
f 569 557 559
f 567 557 569
f 570 559 560
f 569 559 570
f 560 561 571
f 560 571 570
f 563 562 572
f 563 572 573
f 574 562 564
f 572 562 574
f 575 564 565
f 574 564 575
f 565 566 576
f 565 576 575
f 579 578 577
f 577 578 568
f 567 577 568
f 580 577 567
f 581 567 569
f 580 567 581
f 582 569 570
f 581 569 582
f 570 571 583
f 570 583 582
f 573 572 584
f 573 584 585
f 586 572 574
f 584 572 586
f 587 574 575
f 586 574 587
f 575 576 588
f 575 588 587
f 579 577 589
f 579 589 590
f 591 577 580
f 589 577 591
f 592 580 581
f 591 580 592
f 582 594 593
f 592 582 593
f 581 582 592
f 594 582 583
f 585 584 595
f 585 595 596
f 597 584 586
f 595 584 597
f 598 586 587
f 597 586 598
f 587 588 599
f 587 599 598
f 590 589 600
f 590 600 601
f 602 589 591
f 600 589 602
f 603 591 592
f 602 591 603
f 592 593 604
f 592 604 603
f 596 595 605
f 596 605 606
f 607 595 597
f 605 595 607
f 608 597 598
f 607 597 608
f 598 599 609
f 610 598 609
f 608 598 610
f 611 610 609
f 601 600 612
f 601 612 613
f 614 600 602
f 612 600 614
f 615 602 603
f 614 602 615
f 603 604 616
f 603 616 615
f 606 605 617
f 606 617 618
f 619 605 607
f 617 605 619
f 620 607 608
f 619 607 620
f 621 608 610
f 620 608 621
f 610 611 622
f 610 622 621
f 613 612 623
f 613 623 624
f 625 612 614
f 623 612 625
f 626 614 615
f 625 614 626
f 615 616 627
f 615 627 626
f 628 618 617
f 630 629 628
f 617 630 628
f 619 630 617
f 631 619 620
f 630 619 631
f 632 620 621
f 631 620 632
f 621 622 633
f 621 633 632
f 624 623 634
f 624 634 635
f 636 623 625
f 634 623 636
f 637 625 626
f 636 625 637
f 626 627 638
f 626 638 637
f 629 630 639
f 629 639 640
f 641 630 631
f 639 630 641
f 642 631 632
f 641 631 642
f 632 633 643
f 632 643 642
f 646 645 644
f 644 645 635
f 634 644 635
f 647 644 634
f 648 634 636
f 647 634 648
f 649 636 637
f 648 636 649
f 637 638 650
f 637 650 649
f 640 639 651
f 640 651 652
f 653 639 641
f 651 639 653
f 654 641 642
f 653 641 654
f 642 643 655
f 656 642 655
f 654 642 656
f 657 656 655
f 646 644 658
f 646 658 659
f 660 644 647
f 658 644 660
f 661 647 648
f 660 647 661
f 649 663 662
f 661 649 662
f 648 649 661
f 663 649 650
f 664 652 651
f 666 665 664
f 651 666 664
f 653 666 651
f 667 653 654
f 666 653 667
f 668 654 656
f 667 654 668
f 656 657 669
f 656 669 668
f 672 671 670
f 670 671 659
f 658 670 659
f 673 670 658
f 674 658 660
f 673 658 674
f 675 660 661
f 674 660 675
f 661 662 676
f 661 676 675
f 665 666 677
f 665 677 678
f 679 666 667
f 677 666 679
f 680 667 668
f 679 667 680
f 668 669 681
f 668 681 680
f 672 670 682
f 672 682 683
f 684 670 673
f 682 670 684
f 685 673 674
f 684 673 685
f 686 674 675
f 685 674 686
f 675 676 687
f 675 687 686
f 678 677 688
f 678 688 689
f 690 677 679
f 688 677 690
f 691 679 680
f 690 679 691
f 680 681 692
f 693 680 692
f 691 680 693
f 694 693 692
f 683 682 695
f 683 695 696
f 697 682 684
f 695 682 697
f 698 684 685
f 697 684 698
f 686 700 699
f 698 686 699
f 685 686 698
f 700 686 687
f 701 689 688
f 703 702 701
f 688 703 701
f 690 703 688
f 704 690 691
f 703 690 704
f 705 691 693
f 704 691 705
f 693 694 706
f 693 706 705
f 709 708 707
f 707 708 696
f 695 707 696
f 710 707 695
f 711 695 697
f 710 695 711
f 712 697 698
f 711 697 712
f 698 699 713
f 698 713 712
f 702 703 714
f 702 714 715
f 716 703 704
f 714 703 716
f 717 704 705
f 716 704 717
f 705 706 718
f 719 705 718
f 717 705 719
f 720 719 718
f 709 707 721
f 709 721 722
f 723 707 710
f 721 707 723
f 724 710 711
f 723 710 724
f 712 726 725
f 724 712 725
f 711 712 724
f 726 712 713
f 727 715 714
f 729 728 727
f 714 729 727
f 716 729 714
f 730 716 717
f 729 716 730
f 731 717 719
f 730 717 731
f 719 720 732
f 733 719 732
f 731 719 733
f 734 733 732
f 737 736 735
f 735 736 722
f 721 735 722
f 738 735 721
f 739 721 723
f 738 721 739
f 740 723 724
f 739 723 740
f 724 725 741
f 724 741 740
f 728 729 742
f 728 742 743
f 744 729 730
f 742 729 744
f 745 730 731
f 744 730 745
f 746 731 733
f 745 731 746
f 733 734 747
f 733 747 746
f 750 749 748
f 748 749 737
f 735 748 737
f 751 748 735
f 752 735 738
f 751 735 752
f 753 738 739
f 752 738 753
f 740 755 754
f 753 740 754
f 739 740 753
f 755 740 741
f 756 743 742
f 758 757 756
f 742 758 756
f 744 758 742
f 759 744 745
f 758 744 759
f 760 745 746
f 759 745 760
f 746 747 761
f 762 746 761
f 760 746 762
f 763 762 761
f 750 748 764
f 750 764 765
f 766 748 751
f 764 748 766
f 767 751 752
f 766 751 767
f 768 752 753
f 767 752 768
f 753 754 769
f 753 769 768
f 770 757 758
f 772 771 770
f 758 772 770
f 759 772 758
f 773 759 760
f 772 759 773
f 774 760 762
f 773 760 774
f 762 763 775
f 776 762 775
f 774 762 776
f 777 776 775
f 780 779 778
f 778 779 765
f 764 778 765
f 781 778 764
f 782 764 766
f 781 764 782
f 783 766 767
f 782 766 783
f 768 785 784
f 783 768 784
f 767 768 783
f 785 768 769
f 771 772 786
f 771 786 787
f 788 772 773
f 786 772 788
f 789 773 774
f 788 773 789
f 790 774 776
f 789 774 790
f 776 777 791
f 792 776 791
f 790 776 792
f 793 792 791
f 796 795 794
f 794 795 780
f 778 794 780
f 797 794 778
f 798 778 781
f 797 778 798
f 799 781 782
f 798 781 799
f 783 801 800
f 799 783 800
f 782 783 799
f 801 783 784
f 802 787 786
f 804 803 802
f 786 804 802
f 788 804 786
f 805 788 789
f 804 788 805
f 806 789 790
f 805 789 806
f 807 790 792
f 806 790 807
f 792 793 808
f 792 808 807
f 811 810 809
f 809 810 796
f 794 809 796
f 812 809 794
f 813 794 797
f 812 794 813
f 814 797 798
f 813 797 814
f 799 816 815
f 814 799 815
f 798 799 814
f 816 799 800
f 817 803 804
f 819 818 817
f 804 819 817
f 805 819 804
f 820 805 806
f 819 805 820
f 821 806 807
f 820 806 821
f 807 808 822
f 823 807 822
f 821 807 823
f 825 824 823
f 825 823 822
f 826 824 825
f 829 828 827
f 827 828 811
f 809 827 811
f 830 827 809
f 831 809 812
f 830 809 831
f 832 812 813
f 831 812 832
f 814 834 833
f 832 814 833
f 813 814 832
f 834 814 815
f 835 818 819
f 837 836 835
f 819 837 835
f 820 837 819
f 838 820 821
f 837 820 838
f 839 821 823
f 838 821 839
f 840 823 824
f 839 823 840
f 824 826 841
f 842 824 841
f 840 824 842
f 843 842 841
f 846 845 844
f 844 845 829
f 827 844 829
f 847 844 827
f 848 827 830
f 847 827 848
f 849 830 831
f 848 830 849
f 850 831 832
f 849 831 850
f 832 833 851
f 832 851 850
f 852 836 837
f 854 853 852
f 837 854 852
f 838 854 837
f 855 838 839
f 854 838 855
f 856 839 840
f 855 839 856
f 857 840 842
f 856 840 857
f 842 843 858
f 859 842 858
f 857 842 859
f 860 859 858
f 863 862 861
f 865 864 861
f 865 861 862
f 864 865 846
f 844 864 846
f 866 864 844
f 867 844 847
f 866 844 867
f 868 847 848
f 867 847 868
f 849 870 869
f 868 849 869
f 848 849 868
f 870 849 850
f 870 850 871
f 871 850 851
f 872 853 854
f 874 873 872
f 854 874 872
f 855 874 854
f 875 855 856
f 874 855 875
f 876 856 857
f 875 856 876
f 877 857 859
f 876 857 877
f 859 860 878
f 879 859 878
f 877 859 879
f 881 880 879
f 881 879 878
f 882 880 881
f 885 884 883
f 883 884 863
f 861 883 863
f 886 883 861
f 887 861 864
f 886 861 887
f 888 864 866
f 887 864 888
f 889 866 867
f 888 866 889
f 868 891 890
f 889 868 890
f 867 868 889
f 891 868 869
f 892 873 874
f 892 874 875
f 892 875 893
f 895 894 893
f 875 895 893
f 876 895 875
f 896 876 877
f 895 876 896
f 897 877 879
f 896 877 897
f 898 879 880
f 897 879 898
f 880 882 899
f 900 880 899
f 898 880 900
f 902 901 900
f 902 900 899
f 903 901 902
f 906 905 904
f 908 907 904
f 908 904 905
f 907 908 885
f 883 907 885
f 909 907 883
f 910 883 886
f 909 883 910
f 911 886 887
f 910 886 911
f 912 887 888
f 911 887 912
f 889 914 913
f 912 889 913
f 888 889 912
f 914 889 890
f 915 894 895
f 917 916 915
f 895 917 915
f 896 917 895
f 918 896 897
f 917 896 918
f 919 897 898
f 918 897 919
f 920 898 900
f 919 898 920
f 921 900 901
f 920 900 921
f 901 903 922
f 923 901 922
f 921 901 923
f 925 924 923
f 925 923 922
f 926 924 925
f 929 928 927
f 931 930 927
f 931 927 928
f 933 932 930
f 933 930 931
f 932 933 906
f 904 932 906
f 934 932 904
f 935 904 907
f 934 904 935
f 936 907 909
f 935 907 936
f 937 909 910
f 936 909 937
f 938 910 911
f 937 910 938
f 912 940 939
f 938 912 939
f 911 912 938
f 940 912 913
f 941 916 917
f 943 942 941
f 917 943 941
f 918 943 917
f 944 918 919
f 943 918 944
f 945 919 920
f 944 919 945
f 946 920 921
f 945 920 946
f 947 921 923
f 946 921 947
f 948 923 924
f 947 923 948
f 924 926 949
f 950 924 949
f 948 924 950
f 952 951 950
f 952 950 949
f 953 951 952
f 956 955 954
f 958 957 954
f 958 954 955
f 957 958 929
f 927 957 929
f 959 957 927
f 960 927 930
f 959 927 960
f 961 930 932
f 960 930 961
f 962 932 934
f 961 932 962
f 963 934 935
f 962 934 963
f 964 935 936
f 963 935 964
f 937 966 965
f 964 937 965
f 936 937 964
f 966 937 938
f 966 938 967
f 967 938 939
f 968 942 943
f 968 943 944
f 968 944 969
f 969 944 945
f 969 945 970
f 972 971 970
f 945 972 970
f 946 972 945
f 973 946 947
f 972 946 973
f 974 947 948
f 973 947 974
f 975 948 950
f 974 948 975
f 976 950 951
f 975 950 976
f 951 953 977
f 978 951 977
f 976 951 978
f 980 979 978
f 980 978 977
f 982 981 979
f 982 979 980
f 984 983 981
f 984 981 982
f 986 985 983
f 986 983 984
f 988 987 985
f 988 985 986
f 990 989 987
f 990 987 988
f 991 989 990
f 994 993 992
f 996 995 992
f 996 992 993
f 998 997 995
f 998 995 996
f 1000 999 997
f 1000 997 998
f 1002 1001 999
f 1002 999 1000
f 1004 1003 1001
f 1004 1001 1002
f 1003 1004 956
f 954 1003 956
f 1005 1003 954
f 1006 954 957
f 1005 954 1006
f 1007 957 959
f 1006 957 1007
f 1008 959 960
f 1007 959 1008
f 1009 960 961
f 1008 960 1009
f 1010 961 962
f 1009 961 1010
f 963 1012 1011
f 1010 963 1011
f 962 963 1010
f 1012 963 964
f 1012 964 1013
f 1013 964 965
f 1014 971 972
f 1014 972 973
f 1014 973 1015
f 1017 1016 1015
f 973 1017 1015
f 974 1017 973
f 1018 974 975
f 1017 974 1018
f 1019 975 976
f 1018 975 1019
f 1020 976 978
f 1019 976 1020
f 1021 978 979
f 1020 978 1021
f 1022 979 981
f 1021 979 1022
f 1023 981 983
f 1022 981 1023
f 1024 983 985
f 1023 983 1024
f 1025 985 987
f 1024 985 1025
f 1026 987 989
f 1025 987 1026
f 989 991 1027
f 1028 989 1027
f 1026 989 1028
f 1030 1029 1028
f 1030 1028 1027
f 1032 1031 1029
f 1032 1029 1030
f 1031 1032 994
f 992 1031 994
f 1033 1031 992
f 1034 992 995
f 1033 992 1034
f 1035 995 997
f 1034 995 1035
f 1036 997 999
f 1035 997 1036
f 1037 999 1001
f 1036 999 1037
f 1038 1001 1003
f 1037 1001 1038
f 1039 1003 1005
f 1038 1003 1039
f 1040 1005 1006
f 1039 1005 1040
f 1041 1006 1007
f 1040 1006 1041
f 1042 1007 1008
f 1041 1007 1042
f 1009 1044 1043
f 1042 1009 1043
f 1008 1009 1042
f 1044 1009 1010
f 1044 1010 1045
f 1045 1010 1011
f 1046 1016 1017
f 1046 1017 1018
f 1046 1018 1047
f 1049 1048 1047
f 1018 1049 1047
f 1019 1049 1018
f 1050 1019 1020
f 1049 1019 1050
f 1051 1020 1021
f 1050 1020 1051
f 1052 1021 1022
f 1051 1021 1052
f 1053 1022 1023
f 1052 1022 1053
f 1054 1023 1024
f 1053 1023 1054
f 1055 1024 1025
f 1054 1024 1055
f 1056 1025 1026
f 1055 1025 1056
f 1057 1026 1028
f 1056 1026 1057
f 1058 1028 1029
f 1057 1028 1058
f 1059 1029 1031
f 1058 1029 1059
f 1060 1031 1033
f 1059 1031 1060
f 1061 1033 1034
f 1060 1033 1061
f 1062 1034 1035
f 1061 1034 1062
f 1063 1035 1036
f 1062 1035 1063
f 1064 1036 1037
f 1063 1036 1064
f 1065 1037 1038
f 1064 1037 1065
f 1066 1038 1039
f 1065 1038 1066
f 1040 1068 1067
f 1066 1040 1067
f 1039 1040 1066
f 1068 1040 1041
f 1068 1041 1069
f 1069 1041 1042
f 1069 1042 1070
f 1070 1042 1043
f 1071 1048 1049
f 1071 1049 1050
f 1071 1050 1072
f 1072 1050 1051
f 1072 1051 1073
f 1073 1051 1052
f 1073 1052 1074
f 1074 1052 1053
f 1074 1053 1075
f 1075 1053 1054
f 1075 1054 1076
f 1076 1054 1055
f 1076 1055 1077
f 1079 1078 1077
f 1055 1079 1077
f 1056 1079 1055
f 1080 1056 1057
f 1079 1056 1080
f 1081 1057 1058
f 1080 1057 1081
f 1082 1058 1059
f 1081 1058 1082
f 1083 1059 1060
f 1082 1059 1083
f 1061 1085 1084
f 1083 1061 1084
f 1060 1061 1083
f 1085 1061 1062
f 1085 1062 1086
f 1086 1062 1063
f 1086 1063 1087
f 1087 1063 1064
f 1087 1064 1088
f 1088 1064 1065
f 1088 1065 1089
f 1089 1065 1066
f 1089 1066 1090
f 1090 1066 1067
f 1091 1078 1079
f 1091 1079 1080
f 1091 1080 1092
f 1092 1080 1081
f 1092 1081 1093
f 1093 1081 1082
f 1093 1082 1094
f 1094 1082 1083
f 1094 1083 1095
f 1095 1083 1084
f 1098 1097 1096
f 1100 1099 1096
f 1100 1096 1097
f 1102 1101 1099
f 1102 1099 1100
f 1104 1103 1101
f 1104 1101 1102
f 1106 1105 1103
f 1106 1103 1104
f 1108 1107 1105
f 1108 1105 1106
f 1110 1109 1107
f 1110 1107 1108
f 1112 1111 1109
f 1112 1109 1110
f 1114 1113 1111
f 1114 1111 1112
f 1116 1115 1113
f 1116 1113 1114
f 1117 1115 1116
f 1120 1119 1118
f 1122 1121 1118
f 1122 1118 1119
f 1124 1123 1121
f 1124 1121 1122
f 1126 1125 1123
f 1126 1123 1124
f 2 3 1125
f 1126 2 1125
f 1127 2 1126
f 1096 5 1098
f 5 1127 1098
f 5 2 1127
f 5 1096 7
f 7 1096 1099
f 7 1099 9
f 9 1099 1101
f 9 1101 11
f 11 1101 1103
f 11 1103 13
f 13 1103 1105
f 13 1105 15
f 15 1105 1107
f 15 1107 17
f 17 1107 1109
f 17 1109 19
f 19 1109 1111
f 19 1111 21
f 21 1111 1113
f 21 1113 23
f 23 1113 1115
f 1117 1128 1115
f 1128 23 1115
f 1128 25 23
f 25 1129 27
f 1128 1129 25
f 1131 1130 28
f 27 1131 28
f 1129 1131 27
f 1133 1132 1130
f 1133 1130 1131
f 1135 1134 1132
f 1135 1132 1133
f 1136 1134 1135
f 1139 1138 1137
f 1141 1140 1137
f 1141 1137 1138
f 1140 1141 1120
f 1140 1120 1118
f 31 1140 1118
f 30 31 1118
f 30 1118 33
f 33 1118 1121
f 33 1121 35
f 35 1121 1123
f 35 1123 37
f 37 1123 1125
f 37 1125 3
f 1130 51 28
f 51 1130 54
f 54 1130 1132
f 54 1132 56
f 56 1132 1134
f 1143 1142 57
f 1143 57 56
f 1136 1143 56
f 1134 1136 56
f 1145 1144 1142
f 1145 1142 1143
f 1147 1146 1144
f 1147 1144 1145
f 1148 1146 1147
f 1151 1150 1149
f 1153 1152 1149
f 1153 1149 1150
f 1152 1153 1139
f 1152 1139 1137
f 60 1152 1137
f 59 60 1137
f 59 1137 62
f 62 1137 1140
f 62 1140 31
f 1142 83 57
f 83 1142 86
f 86 1142 1144
f 86 1144 88
f 88 1144 1146
f 1155 1154 89
f 1155 89 88
f 1148 1155 88
f 1146 1148 88
f 1157 1156 1154
f 1157 1154 1155
f 1158 1156 1157
f 1161 1160 1159
f 1163 1162 1159
f 1163 1159 1160
f 91 92 1162
f 1163 91 1162
f 1164 91 1163
f 1149 94 1151
f 94 1164 1151
f 94 91 1164
f 94 1149 96
f 96 1149 1152
f 96 1152 60
f 1165 104 105
f 106 1166 105
f 105 1166 1165
f 107 1167 106
f 106 1167 1166
f 108 1168 107
f 107 1168 1167
f 109 1169 108
f 108 1169 1168
f 110 1170 109
f 109 1170 1169
f 111 1171 110
f 110 1171 1170
f 112 1172 111
f 111 1172 1171
f 113 1173 112
f 112 1173 1172
f 114 1174 113
f 113 1174 1173
f 115 1174 114
f 1154 124 89
f 124 1154 127
f 127 1154 1156
f 1176 1175 128
f 1176 128 127
f 1158 1176 127
f 1156 1158 127
f 1178 1177 1175
f 1178 1175 1176
f 1179 1177 1178
f 1182 1181 1180
f 1180 1181 1161
f 1180 1161 1159
f 131 1180 1159
f 130 131 1159
f 130 1159 133
f 133 1159 1162
f 133 1162 92
f 1183 140 141
f 142 1184 141
f 141 1184 1183
f 1184 142 1185
f 142 1186 1185
f 142 143 1186
f 1187 143 144
f 1187 1186 143
f 144 104 1165
f 1188 144 1165
f 1187 144 1188
f 1188 1165 1166
f 1188 1166 1189
f 1189 1166 1167
f 1189 1167 1190
f 1190 1167 1168
f 1190 1168 1191
f 1191 1168 1169
f 1191 1169 1192
f 1192 1169 1170
f 1192 1170 1193
f 1193 1170 1171
f 1193 1171 1194
f 1194 1171 1172
f 1194 1172 1195
f 1195 1172 1173
f 1195 1173 1196
f 1196 1173 1174
f 1196 1174 1197
f 1197 1174 115
f 145 1197 115
f 1198 1197 145
f 1199 145 146
f 1199 1198 145
f 1201 1199 1200
f 1199 147 1200
f 1199 146 147
f 148 1202 147
f 147 1202 1200
f 149 1202 148
f 1175 156 128
f 156 1175 159
f 159 1175 1177
f 1204 1203 160
f 1204 160 159
f 1179 1204 159
f 1177 1179 159
f 1205 1203 1204
f 1208 1207 1206
f 1206 1207 1182
f 1206 1182 1180
f 163 1206 1180
f 162 163 1180
f 162 1180 131
f 1209 170 171
f 172 1210 171
f 171 1210 1209
f 1211 1210 172
f 1211 172 140
f 1212 1211 140
f 1183 1212 140
f 1212 1183 1184
f 1212 1184 1213
f 1213 1184 1185
f 1214 1201 1200
f 1214 1200 1202
f 1214 1202 1215
f 1215 1202 149
f 173 1215 149
f 1216 1215 173
f 1218 1216 1217
f 1216 174 1217
f 1216 173 174
f 175 1219 174
f 174 1219 1217
f 176 1219 175
f 1203 182 160
f 1221 1220 184
f 1221 184 182
f 1205 1221 182
f 1203 1205 182
f 1223 1222 1220
f 1223 1220 1221
f 1224 1222 1223
f 1227 1226 1225
f 1229 1228 1225
f 1229 1225 1226
f 1228 1229 1208
f 1228 1208 1206
f 187 1228 1206
f 186 187 1206
f 186 1206 163
f 1230 192 193
f 194 1231 193
f 193 1231 1230
f 1231 194 1232
f 194 1233 1232
f 194 195 1233
f 195 170 1209
f 1234 195 1209
f 1233 195 1234
f 1234 1209 1210
f 1234 1210 1235
f 1235 1210 1211
f 1236 1218 1217
f 1236 1217 1219
f 1236 1219 1237
f 1239 1237 1238
f 1238 1237 196
f 1237 1219 196
f 1219 176 196
f 197 1240 196
f 196 1240 1238
f 198 1240 197
f 1220 203 184
f 203 1220 206
f 206 1220 1222
f 1242 1241 207
f 1242 207 206
f 1224 1242 206
f 1222 1224 206
f 1243 1241 1242
f 1246 1245 1244
f 1244 1245 1227
f 1225 1244 1227
f 1247 1244 1225
f 210 1247 209
f 1247 1228 209
f 1247 1225 1228
f 209 1228 187
f 1248 215 216
f 1249 1248 216
f 1249 216 192
f 1250 1249 192
f 1230 1250 192
f 1250 1230 1231
f 1250 1231 1251
f 1251 1231 1232
f 1252 1239 1238
f 1252 1238 1240
f 1252 1240 1253
f 1255 1253 1254
f 1254 1253 217
f 1253 1240 217
f 1240 198 217
f 218 1254 217
f 1241 224 207
f 1257 1256 226
f 1257 226 224
f 1243 1257 224
f 1241 1243 224
f 1258 1256 1257
f 1261 1260 1259
f 1259 1260 1246
f 1259 1246 1244
f 229 1259 1244
f 228 229 1244
f 228 1244 231
f 231 1244 1247
f 231 1247 210
f 1262 236 237
f 1263 1262 237
f 1263 237 215
f 1264 1263 215
f 1248 1264 215
f 1264 1248 1249
f 1265 1255 1254
f 1265 1254 218
f 238 1265 218
f 1266 1265 238
f 1268 1266 1267
f 1266 239 1267
f 1266 238 239
f 240 1267 239
f 1256 245 226
f 1270 1269 247
f 1270 247 245
f 1258 1270 245
f 1256 1258 245
f 1271 1269 1270
f 1274 1273 1272
f 1272 1273 1261
f 1272 1261 1259
f 250 1272 1259
f 249 250 1259
f 249 1259 229
f 1275 256 257
f 1276 1275 257
f 1276 257 236
f 1277 1276 236
f 1262 1277 236
f 1277 1262 1263
f 1280 1279 1278
f 1282 1281 1278
f 1282 1278 1279
f 1283 1281 1282
f 1284 1268 1267
f 1286 1284 1285
f 1285 1284 258
f 1284 1267 258
f 1267 240 258
f 259 1285 258
f 1269 264 247
f 1288 1287 266
f 1288 266 264
f 1271 1288 264
f 1269 1271 264
f 1289 1287 1288
f 1292 1291 1290
f 1290 1291 1274
f 1272 1290 1274
f 1293 1290 1272
f 268 1293 250
f 250 1293 1272
f 1294 272 273
f 1294 273 1295
f 273 1296 1295
f 273 274 1296
f 274 256 1275
f 1297 274 1275
f 1296 274 1297
f 1297 1275 1276
f 1280 1278 1298
f 1280 1298 1299
f 277 1298 276
f 1298 1281 276
f 1298 1278 1281
f 1283 1300 1281
f 1300 276 1281
f 1300 279 276
f 280 279 1300
f 280 1300 1301
f 1302 1286 1285
f 1304 1302 1303
f 1303 1302 281
f 1302 1285 281
f 1285 259 281
f 282 1303 281
f 1287 287 266
f 1306 1305 289
f 1306 289 287
f 1289 1306 287
f 1287 1289 287
f 1307 1305 1306
f 1292 1290 1308
f 1292 1308 1309
f 292 1308 291
f 1308 1293 291
f 1308 1290 1293
f 291 1293 268
f 1310 296 297
f 1311 1310 297
f 1311 297 272
f 1312 1311 272
f 1294 1312 272
f 1312 1294 1295
f 1313 1299 1298
f 1298 277 1313
f 277 1314 1313
f 277 299 1314
f 1301 301 280
f 1315 301 1301
f 1316 1304 1303
f 1318 1316 1317
f 1317 1316 302
f 1316 1303 302
f 1303 282 302
f 303 1319 302
f 302 1319 1317
f 304 1319 303
f 1305 308 289
f 1321 1320 310
f 1321 310 308
f 1307 1321 308
f 1305 1307 308
f 1322 1320 1321
f 1325 1324 1323
f 1323 1324 1309
f 1323 1309 1308
f 313 1323 1308
f 312 313 1308
f 312 1308 292
f 1326 317 318
f 1327 1326 318
f 1327 318 296
f 1328 1327 296
f 1310 1328 296
f 1328 1310 1311
f 1329 1314 299
f 1329 299 319
f 1331 1329 1330
f 1329 320 1330
f 1329 319 320
f 301 1315 1332
f 1330 301 1332
f 1333 1330 1332
f 320 301 1330
f 1334 1333 1332
f 1335 1318 1317
f 1337 1336 1335
f 1317 1337 1335
f 1319 1337 1317
f 322 1337 304
f 304 1337 1319
f 1338 326 1320
f 1320 326 310
f 1320 1322 1339
f 1320 1339 1338
f 1342 1341 1340
f 1340 1341 1325
f 1340 1325 1323
f 329 1340 1323
f 328 329 1323
f 328 1323 313
f 1343 333 334
f 1344 1343 334
f 1344 334 317
f 1345 1344 317
f 1326 1345 317
f 1345 1326 1327
f 1346 1331 1330
f 1348 1347 1346
f 1330 1348 1346
f 1333 1348 1330
f 1333 1334 1349
f 1350 1333 1349
f 1348 1333 1350
f 1351 1350 1349
f 1352 1336 1337
f 1354 1352 1353
f 1353 1352 335
f 1352 1337 335
f 1337 322 335
f 336 1353 335
f 1338 340 326
f 1356 1355 342
f 1356 342 340
f 1339 1356 340
f 1338 1339 340
f 1357 1355 1356
f 1360 1359 1358
f 1358 1359 1342
f 1358 1342 1340
f 345 1358 1340
f 344 345 1340
f 344 1340 329
f 1361 350 1343
f 1343 350 333
f 1343 1344 1362
f 1343 1362 1361
f 1347 1348 1363
f 1347 1363 1364
f 1365 1348 1350
f 1363 1348 1365
f 1350 1351 1366
f 1350 1366 1365
f 1367 1354 1353
f 1369 1367 1368
f 1368 1367 351
f 1367 1353 351
f 1353 336 351
f 352 1368 351
f 1355 356 342
f 1371 1370 358
f 1371 358 356
f 1357 1371 356
f 1355 1357 356
f 1372 1370 1371
f 1360 1358 1373
f 1360 1373 1374
f 360 1373 345
f 345 1373 1358
f 1375 364 365
f 1376 1375 365
f 1376 365 350
f 1377 1376 350
f 1361 1377 350
f 1377 1361 1362
f 1378 1364 1363
f 1380 1379 1378
f 1363 1380 1378
f 1365 1380 1363
f 1365 1366 1381
f 1382 1365 1381
f 1380 1365 1382
f 1383 1382 1381
f 1384 1369 1368
f 1386 1384 1385
f 1385 1384 366
f 1384 1368 366
f 1368 352 366
f 367 1385 366
f 1370 371 358
f 1388 1387 373
f 1388 373 371
f 1372 1388 371
f 1370 1372 371
f 1389 1387 1388
f 1392 1391 1390
f 1390 1391 1374
f 1390 1374 1373
f 376 1390 1373
f 375 376 1373
f 375 1373 360
f 1393 380 381
f 1394 1393 381
f 1394 381 364
f 1395 1394 364
f 1375 1395 364
f 1395 1375 1376
f 1379 1380 1396
f 1379 1396 1397
f 1398 1380 1382
f 1396 1380 1398
f 1382 1383 1399
f 1382 1399 1398
f 1386 1385 1400
f 1386 1400 1401
f 383 1400 367
f 367 1400 1385
f 1402 387 1387
f 1387 387 373
f 1387 1389 1403
f 1387 1403 1402
f 1392 1390 1404
f 1392 1404 1405
f 389 1404 376
f 376 1404 1390
f 1406 392 393
f 1407 1406 393
f 1407 393 380
f 1408 1407 380
f 1393 1408 380
f 1408 1393 1394
f 1409 1397 1396
f 1411 1410 1409
f 1396 1411 1409
f 1398 1411 1396
f 1398 1399 1412
f 1413 1398 1412
f 1411 1398 1413
f 1414 1413 1412
f 1415 1401 1400
f 1417 1415 1416
f 1416 1415 394
f 1415 1400 394
f 1400 383 394
f 395 1416 394
f 1402 399 387
f 401 399 1402
f 1403 401 1402
f 1418 401 1403
f 1405 1404 1419
f 1405 1419 1420
f 403 1419 389
f 389 1419 1404
f 1421 406 1406
f 1406 406 392
f 1406 1407 1422
f 1406 1422 1421
f 1410 1411 1423
f 1410 1423 1424
f 1425 1411 1413
f 1423 1411 1425
f 1413 1414 1426
f 1413 1426 1425
f 1417 1416 1427
f 1417 1427 1428
f 408 1427 395
f 395 1427 1416
f 1430 412 1429
f 412 1418 1429
f 412 401 1418
f 1431 1430 1429
f 1434 1433 1432
f 1432 1433 1420
f 1432 1420 1419
f 415 1432 1419
f 414 415 1419
f 414 1419 403
f 1436 1435 1421
f 1435 406 1421
f 1435 419 406
f 1436 1421 1422
f 1437 1424 1423
f 1439 1438 1437
f 1423 1439 1437
f 1425 1439 1423
f 1425 1426 1440
f 1425 1440 1439
f 1441 1428 1427
f 1443 1441 1442
f 1442 1441 420
f 1441 1427 420
f 1427 408 420
f 421 1442 420
f 1444 425 1430
f 1430 425 412
f 1430 1431 1445
f 1430 1445 1444
f 1434 1432 1446
f 1434 1446 1447
f 427 1446 415
f 415 1446 1432
f 1448 430 431
f 1449 1448 431
f 419 1449 431
f 1435 1449 419
f 1438 1439 1450
f 1438 1450 1451
f 1439 1440 1452
f 1453 1439 1452
f 1450 1439 1453
f 1454 1453 1452
f 1443 1442 1455
f 1443 1455 1456
f 433 1455 421
f 421 1455 1442
f 1444 436 425
f 1458 1457 438
f 1458 438 436
f 1445 1458 436
f 1444 1445 436
f 1459 1457 1458
f 1462 1461 1460
f 1460 1461 1447
f 1460 1447 1446
f 441 1460 1446
f 440 441 1446
f 440 1446 427
f 1463 445 1448
f 1448 445 430
f 1448 1449 1464
f 1448 1464 1463
f 1465 1451 1450
f 1467 1466 1465
f 1450 1467 1465
f 1453 1467 1450
f 1453 1454 1468
f 1453 1468 1467
f 1469 1456 1455
f 1471 1469 1470
f 1470 1469 446
f 1469 1455 446
f 1455 433 446
f 447 1470 446
f 1472 451 1457
f 1457 451 438
f 1457 1459 1473
f 1457 1473 1472
f 1462 1460 1474
f 1462 1474 1475
f 453 1474 441
f 441 1474 1460
f 1476 456 457
f 1477 1476 457
f 1477 457 445
f 1478 1477 445
f 1463 1478 445
f 1478 1463 1464
f 1466 1467 1479
f 1466 1479 1480
f 1467 1468 1481
f 1482 1467 1481
f 1479 1467 1482
f 1483 1482 1481
f 1471 1470 1484
f 1471 1484 1485
f 459 1484 447
f 447 1484 1470
f 1472 462 451
f 1487 1486 464
f 1487 464 462
f 1473 1487 462
f 1472 1473 462
f 1488 1486 1487
f 1475 1474 1489
f 1475 1489 1490
f 466 1489 453
f 453 1489 1474
f 1491 469 1476
f 1476 469 456
f 1476 1477 1492
f 1476 1492 1491
f 1493 1480 1479
f 1495 1494 1493
f 1479 1495 1493
f 1482 1495 1479
f 1482 1483 1496
f 1482 1496 1495
f 1497 1485 1484
f 1499 1497 1498
f 1498 1497 470
f 1497 1484 470
f 1484 459 470
f 471 1498 470
f 1500 475 1486
f 1486 475 464
f 1486 1488 1501
f 1486 1501 1500
f 1490 1489 1502
f 1490 1502 1503
f 477 1502 466
f 466 1502 1489
f 1504 480 1491
f 1491 480 469
f 1491 1492 1505
f 1491 1505 1504
f 1494 1495 1506
f 1494 1506 1507
f 1495 1496 1508
f 1495 1508 1506
f 1499 1498 1509
f 1499 1509 1510
f 482 1509 471
f 471 1509 1498
f 1511 485 1500
f 1500 485 475
f 1500 1501 1512
f 1500 1512 1511
f 1503 1502 487
f 488 1503 487
f 1513 1503 488
f 487 1502 477
f 1515 1514 1504
f 1514 480 1504
f 1514 492 480
f 1515 1504 1505
f 1507 1506 1516
f 1507 1516 1517
f 1506 1508 1518
f 1519 1506 1518
f 1516 1506 1519
f 1520 1519 1518
f 1510 1509 1521
f 1510 1521 1522
f 494 1521 482
f 482 1521 1509
f 1523 497 1511
f 1511 497 485
f 1511 1512 1524
f 1511 1524 1523
f 1527 1526 1525
f 1526 1513 1525
f 1513 499 1525
f 1513 488 499
f 1528 502 503
f 1529 1528 503
f 492 1529 503
f 1514 1529 492
f 1530 1517 1516
f 1532 1531 1530
f 1516 1532 1530
f 1519 1532 1516
f 1519 1520 1533
f 1534 1519 1533
f 1532 1519 1534
f 1535 1534 1533
f 1522 1521 1536
f 1522 1536 1537
f 505 1536 494
f 494 1536 1521
f 1538 508 1523
f 1523 508 497
f 1523 1524 1539
f 1523 1539 1538
f 1527 1525 1540
f 1527 1540 1541
f 510 1540 499
f 499 1540 1525
f 1542 513 1528
f 1528 513 502
f 1528 1529 1543
f 1528 1543 1542
f 1531 1532 1544
f 1531 1544 1545
f 1546 1532 1534
f 1544 1532 1546
f 1534 1535 1547
f 1534 1547 1546
f 1537 1536 1548
f 1537 1548 1549
f 515 1548 505
f 505 1548 1536
f 1550 518 1538
f 1538 518 508
f 1538 1539 1551
f 1538 1551 1550
f 1541 1540 1552
f 1541 1552 1553
f 520 1552 510
f 510 1552 1540
f 1554 523 1542
f 1542 523 513
f 1542 1543 1555
f 1542 1555 1554
f 1556 1545 1544
f 1558 1557 1556
f 1544 1558 1556
f 1546 1558 1544
f 1546 1547 1559
f 1560 1546 1559
f 1558 1546 1560
f 1561 1560 1559
f 1549 1548 1562
f 1549 1562 1563
f 525 1562 515
f 515 1562 1548
f 1564 528 1550
f 1550 528 518
f 1550 1551 1565
f 1550 1565 1564
f 1553 1552 1566
f 1553 1566 1567
f 530 1566 520
f 520 1566 1552
f 1568 533 1554
f 1554 533 523
f 1554 1555 1569
f 1554 1569 1568
f 1570 1557 1558
f 1572 1571 1570
f 1558 1572 1570
f 1560 1572 1558
f 1560 1561 1573
f 1574 1560 1573
f 1572 1560 1574
f 1576 1575 1574
f 1576 1574 1573
f 1577 1575 1576
f 1578 1563 1562
f 1562 525 1578
f 525 1579 1578
f 525 535 1579
f 1564 538 528
f 540 538 1564
f 1565 540 1564
f 1580 540 1565
f 1567 1566 1581
f 1567 1581 1582
f 542 1581 530
f 530 1581 1566
f 1583 545 1568
f 1568 545 533
f 1568 1569 1584
f 1568 1584 1583
f 1585 1571 1572
f 1587 1586 1585
f 1572 1587 1585
f 1574 1587 1572
f 1588 1574 1575
f 1587 1574 1588
f 1575 1577 1589
f 1590 1575 1589
f 1588 1575 1590
f 1591 1590 1589
f 535 546 1592
f 1593 535 1592
f 1579 535 1593
f 547 1592 546
f 1595 551 1594
f 551 1580 1594
f 551 540 1580
f 1596 1595 1594
f 1582 1581 1597
f 1582 1597 1598
f 553 1597 542
f 542 1597 1581
f 1599 556 1583
f 1583 556 545
f 1583 1584 1600
f 1583 1600 1599
f 1586 1587 1601
f 1586 1601 1602
f 1603 1587 1588
f 1601 1587 1603
f 1604 1588 1590
f 1603 1588 1604
f 1590 1591 1605
f 1590 1605 1604
f 1593 1592 1606
f 1593 1606 1607
f 558 1606 547
f 547 1606 1592
f 1608 561 1595
f 1595 561 551
f 1595 1596 1609
f 1595 1609 1608
f 1598 1597 1610
f 1598 1610 1611
f 563 1610 553
f 553 1610 1597
f 1612 566 1599
f 1599 566 556
f 1599 1600 1613
f 1599 1613 1612
f 1614 1602 1601
f 1614 1601 1603
f 1614 1603 1615
f 1615 1603 1604
f 1615 1604 1616
f 1616 1604 1605
f 1607 1606 1617
f 1607 1617 1618
f 568 1617 558
f 558 1617 1606
f 1619 571 1608
f 1608 571 561
f 1608 1609 1620
f 1608 1620 1619
f 1611 1610 1621
f 1611 1621 1622
f 573 1621 563
f 563 1621 1610
f 1623 576 1612
f 1612 576 566
f 1612 1613 1624
f 1612 1624 1623
f 1618 1617 578
f 579 1618 578
f 1625 1618 579
f 578 1617 568
f 1627 1626 1619
f 1626 571 1619
f 1626 583 571
f 1627 1619 1620
f 1622 1621 1628
f 1622 1628 1629
f 585 1628 573
f 573 1628 1621
f 1630 588 1623
f 1623 588 576
f 1623 1624 1631
f 1623 1631 1630
f 1634 1633 1632
f 1633 1625 1632
f 1625 590 1632
f 1625 579 590
f 1635 593 594
f 1636 1635 594
f 583 1636 594
f 1626 1636 583
f 1629 1628 1637
f 1629 1637 1638
f 596 1637 585
f 585 1637 1628
f 1639 599 1630
f 1630 599 588
f 1630 1631 1640
f 1630 1640 1639
f 1634 1632 1641
f 1634 1641 1642
f 601 1641 590
f 590 1641 1632
f 1643 604 1635
f 1635 604 593
f 1635 1636 1644
f 1635 1644 1643
f 1645 1638 1637
f 1637 596 1645
f 596 1646 1645
f 596 606 1646
f 1639 609 599
f 611 609 1639
f 1640 611 1639
f 1647 611 1640
f 1642 1641 1648
f 1642 1648 1649
f 613 1648 601
f 601 1648 1641
f 1650 616 1643
f 1643 616 604
f 1643 1644 1651
f 1643 1651 1650
f 618 1646 606
f 618 1652 1646
f 1647 622 611
f 1653 622 1647
f 1649 1648 1654
f 1649 1654 1655
f 624 1654 613
f 613 1654 1648
f 1656 627 1650
f 1650 627 616
f 1650 1651 1657
f 1650 1657 1656
f 618 628 1658
f 1659 618 1658
f 1652 618 1659
f 629 1658 628
f 1661 633 1660
f 633 1653 1660
f 633 622 1653
f 1662 1661 1660
f 1655 1654 1663
f 1655 1663 1664
f 635 1663 624
f 624 1663 1654
f 1665 638 1656
f 1656 638 627
f 1656 1657 1666
f 1656 1666 1665
f 1659 1658 1667
f 1659 1667 1668
f 640 1667 629
f 629 1667 1658
f 1669 643 1661
f 1661 643 633
f 1661 1662 1670
f 1661 1670 1669
f 1673 1672 1671
f 1671 1672 1664
f 1671 1664 1663
f 646 1671 1663
f 645 646 1663
f 645 1663 635
f 1674 650 1665
f 1665 650 638
f 1665 1666 1675
f 1665 1675 1674
f 1668 1667 1676
f 1668 1676 1677
f 652 1676 640
f 640 1676 1667
f 1669 655 643
f 657 655 1669
f 1670 657 1669
f 1678 657 1670
f 1673 1671 1679
f 1673 1679 1680
f 659 1679 646
f 646 1679 1671
f 1681 662 663
f 1682 1681 663
f 1682 663 650
f 1683 1682 650
f 1674 1683 650
f 1683 1674 1675
f 1684 1677 1676
f 1686 1684 1685
f 1685 1684 664
f 1684 1676 664
f 1676 652 664
f 665 1685 664
f 1688 669 1687
f 669 1678 1687
f 669 657 1678
f 1689 1688 1687
f 1680 1679 671
f 672 1680 671
f 1690 1680 672
f 671 1679 659
f 1691 676 1681
f 1681 676 662
f 1681 1682 1692
f 1681 1692 1691
f 1686 1685 1693
f 1686 1693 1694
f 678 1693 665
f 665 1693 1685
f 1695 681 1688
f 1688 681 669
f 1688 1689 1696
f 1688 1696 1695
f 1699 1698 1697
f 1698 1690 1697
f 1690 683 1697
f 1690 672 683
f 1701 1700 1691
f 1700 676 1691
f 1700 687 676
f 1701 1691 1692
f 1694 1693 1702
f 1694 1702 1703
f 689 1702 678
f 678 1702 1693
f 1695 692 681
f 1705 1704 694
f 1705 694 692
f 1696 1705 692
f 1695 1696 692
f 1706 1704 1705
f 1699 1697 1707
f 1699 1707 1708
f 696 1707 683
f 683 1707 1697
f 1709 699 700
f 1710 1709 700
f 687 1710 700
f 1700 1710 687
f 1711 1703 1702
f 1713 1711 1712
f 1712 1711 701
f 1711 1702 701
f 1702 689 701
f 702 1712 701
f 1714 706 1704
f 1704 706 694
f 1704 1706 1715
f 1704 1715 1714
f 1718 1717 1716
f 1716 1717 1708
f 1716 1708 1707
f 709 1716 1707
f 708 709 1707
f 708 1707 696
f 1719 713 1709
f 1709 713 699
f 1709 1710 1720
f 1709 1720 1719
f 1713 1712 1721
f 1713 1721 1722
f 715 1721 702
f 702 1721 1712
f 1714 718 706
f 1724 1723 720
f 1724 720 718
f 1715 1724 718
f 1714 1715 718
f 1725 1723 1724
f 1718 1716 1726
f 1718 1726 1727
f 722 1726 709
f 709 1726 1716
f 1728 725 726
f 1729 1728 726
f 1729 726 713
f 1730 1729 713
f 1719 1730 713
f 1730 1719 1720
f 1731 1722 1721
f 1733 1731 1732
f 1732 1731 727
f 1731 1721 727
f 1721 715 727
f 728 1732 727
f 1723 732 720
f 1735 1734 734
f 1735 734 732
f 1725 1735 732
f 1723 1725 732
f 1736 1734 1735
f 1739 1738 1737
f 1737 1738 1727
f 1737 1727 1726
f 737 1737 1726
f 736 737 1726
f 736 1726 722
f 1740 741 1728
f 1728 741 725
f 1728 1729 1741
f 1728 1741 1740
f 1733 1732 1742
f 1733 1742 1743
f 743 1742 728
f 728 1742 1732
f 1744 747 1734
f 1734 747 734
f 1734 1736 1745
f 1734 1745 1744
f 1748 1747 1746
f 1749 1746 1747
f 1752 1751 1750
f 1750 1751 1739
f 1750 1739 1737
f 750 1750 1737
f 749 750 1737
f 749 1737 737
f 1753 754 755
f 1754 1753 755
f 1754 755 741
f 1755 1754 741
f 1740 1755 741
f 1755 1740 1741
f 1756 1743 1742
f 1758 1756 1757
f 1757 1756 756
f 1756 1742 756
f 1742 743 756
f 757 1757 756
f 1744 761 747
f 1760 1759 763
f 1760 763 761
f 1745 1760 761
f 1744 1745 761
f 1761 1759 1760
f 1762 1748 1746
f 1762 1746 1749
f 1765 1764 1763
f 1763 1764 1752
f 1750 1763 1752
f 1766 1763 1750
f 765 1766 750
f 750 1766 1750
f 1767 769 1753
f 1753 769 754
f 1753 1754 1768
f 1753 1768 1767
f 1769 1758 1757
f 1771 1769 1770
f 1770 1769 770
f 1769 1757 770
f 1757 757 770
f 771 1770 770
f 1759 775 763
f 1773 1772 777
f 1773 777 775
f 1761 1773 775
f 1759 1761 775
f 1774 1772 1773
f 1765 1763 1775
f 1765 1775 1776
f 780 1775 779
f 1775 1766 779
f 1775 1763 1766
f 779 1766 765
f 1777 784 785
f 1778 1777 785
f 1778 785 769
f 1779 1778 769
f 1767 1779 769
f 1779 1767 1768
f 1771 1770 1780
f 1771 1780 1781
f 787 1780 771
f 771 1780 1770
f 1772 791 777
f 1783 1782 793
f 1783 793 791
f 1774 1783 791
f 1772 1774 791
f 1784 1782 1783
f 1787 1786 1785
f 1785 1786 1776
f 1785 1776 1775
f 796 1785 1775
f 795 796 1775
f 795 1775 780
f 1788 800 801
f 1789 1788 801
f 1789 801 784
f 1790 1789 784
f 1777 1790 784
f 1790 1777 1778
f 1791 1781 1780
f 1793 1791 1792
f 1792 1791 802
f 1791 1780 802
f 1780 787 802
f 803 1792 802
f 1794 808 1782
f 1782 808 793
f 1782 1784 1795
f 1796 1782 1795
f 1794 1782 1796
f 1797 1796 1795
f 1800 1799 1798
f 1798 1799 1787
f 1798 1787 1785
f 811 1798 1785
f 810 811 1785
f 810 1785 796
f 1801 815 816
f 1802 1801 816
f 1802 816 800
f 1803 1802 800
f 1788 1803 800
f 1803 1788 1789
f 1804 1793 1792
f 1806 1804 1805
f 1805 1804 817
f 1804 1792 817
f 1792 803 817
f 818 1805 817
f 1794 822 808
f 822 1794 825
f 825 1794 1796
f 1808 1807 826
f 1808 826 825
f 1797 1808 825
f 1796 1797 825
f 1809 1807 1808
f 1812 1811 1810
f 1814 1813 1810
f 1814 1810 1811
f 1813 1814 1800
f 1813 1800 1798
f 829 1813 1798
f 828 829 1798
f 828 1798 811
f 1815 833 834
f 815 1801 834
f 1801 1815 834
f 1801 1816 1815
f 1801 1802 1817
f 1801 1817 1816
f 1818 1806 1805
f 1820 1818 1819
f 1819 1818 835
f 1818 1805 835
f 1805 818 835
f 836 1819 835
f 1807 841 826
f 1822 1821 843
f 1822 843 841
f 1809 1822 841
f 1807 1809 841
f 1823 1821 1822
f 1826 1825 1824
f 1824 1825 1812
f 1810 1824 1812
f 1827 1824 1810
f 846 1827 845
f 1827 1813 845
f 1827 1810 1813
f 845 1813 829
f 1828 851 1815
f 1815 851 833
f 1816 1830 1829
f 1828 1816 1829
f 1815 1816 1828
f 1830 1816 1817
f 1831 1820 1819
f 1833 1831 1832
f 1832 1831 852
f 1831 1819 852
f 1819 836 852
f 853 1832 852
f 1821 858 843
f 1835 1834 860
f 1835 860 858
f 1823 1835 858
f 1821 1823 858
f 1837 1836 1834
f 1837 1834 1835
f 1838 1836 1837
f 1841 1840 1839
f 1839 1840 1826
f 1839 1826 1824
f 863 1839 1824
f 862 863 1824
f 862 1824 865
f 865 1824 1827
f 865 1827 846
f 1842 869 870
f 871 1843 870
f 870 1843 1842
f 1844 1843 871
f 1844 871 851
f 1845 1844 851
f 1828 1845 851
f 1845 1828 1829
f 1846 1833 1832
f 1848 1846 1847
f 1847 1846 872
f 1846 1832 872
f 1832 853 872
f 873 1847 872
f 1834 878 860
f 878 1834 881
f 881 1834 1836
f 1850 1849 882
f 1850 882 881
f 1838 1850 881
f 1836 1838 881
f 1852 1851 1849
f 1852 1849 1850
f 1853 1851 1852
f 1856 1855 1854
f 1858 1857 1854
f 1858 1854 1855
f 1857 1858 1841
f 1857 1841 1839
f 885 1857 1839
f 884 885 1839
f 884 1839 863
f 1859 890 891
f 869 1842 891
f 1842 1859 891
f 1842 1860 1859
f 1843 1862 1861
f 1860 1843 1861
f 1842 1843 1860
f 1862 1843 1844
f 1863 1848 1847
f 1865 1863 1864
f 1864 1863 892
f 1863 1847 892
f 1847 873 892
f 893 1866 892
f 892 1866 1864
f 894 1866 893
f 1849 899 882
f 899 1849 902
f 902 1849 1851
f 1868 1867 903
f 1868 903 902
f 1853 1868 902
f 1851 1853 902
f 1870 1869 1867
f 1870 1867 1868
f 1871 1869 1870
f 1874 1873 1872
f 1876 1875 1872
f 1876 1872 1873
f 1875 1876 1856
f 1875 1856 1854
f 906 1875 1854
f 905 906 1854
f 905 1854 908
f 908 1854 1857
f 908 1857 885
f 1877 913 914
f 1878 1877 914
f 1878 914 890
f 1879 1878 890
f 1859 1879 890
f 1879 1859 1860
f 1879 1860 1880
f 1880 1860 1861
f 1881 1865 1864
f 1881 1864 1866
f 1881 1866 1882
f 1884 1882 1883
f 1883 1882 915
f 1882 1866 915
f 1866 894 915
f 916 1883 915
f 1867 922 903
f 922 1867 925
f 925 1867 1869
f 1886 1885 926
f 1886 926 925
f 1871 1886 925
f 1869 1871 925
f 1888 1887 1885
f 1888 1885 1886
f 1889 1887 1888
f 1892 1891 1890
f 1894 1893 1890
f 1894 1890 1891
f 928 929 1893
f 1894 928 1893
f 1895 928 1894
f 1872 931 1874
f 931 1895 1874
f 931 928 1895
f 931 1872 933
f 933 1872 1875
f 933 1875 906
f 1896 939 940
f 1897 1896 940
f 1897 940 913
f 1898 1897 913
f 1877 1898 913
f 1898 1877 1878
f 1899 1884 1883
f 1901 1899 1900
f 1900 1899 941
f 1899 1883 941
f 1883 916 941
f 942 1900 941
f 1885 949 926
f 949 1885 952
f 952 1885 1887
f 1903 1902 953
f 1903 953 952
f 1889 1903 952
f 1887 1889 952
f 1905 1904 1902
f 1905 1902 1903
f 1907 1906 1904
f 1907 1904 1905
f 1909 1908 1906
f 1909 1906 1907
f 1911 1910 1908
f 1911 1908 1909
f 1913 1912 1910
f 1913 1910 1911
f 1914 1912 1913
f 1917 1916 1915
f 1919 1918 1915
f 1919 1915 1916
f 1921 1920 1918
f 1921 1918 1919
f 1923 1922 1920
f 1923 1920 1921
f 1925 1924 1922
f 1925 1922 1923
f 1924 1925 1892
f 1924 1892 1890
f 956 1924 1890
f 955 956 1890
f 955 1890 958
f 958 1890 1893
f 958 1893 929
f 1926 965 966
f 967 1927 966
f 966 1927 1926
f 1928 1927 967
f 1928 967 939
f 1929 1928 939
f 1896 1929 939
f 1929 1896 1897
f 1930 1901 1900
f 1932 1930 1931
f 1931 1930 968
f 1930 1900 968
f 1900 942 968
f 969 1933 968
f 968 1933 1931
f 970 1934 969
f 969 1934 1933
f 971 1934 970
f 1902 977 953
f 977 1902 980
f 980 1902 1904
f 980 1904 982
f 982 1904 1906
f 982 1906 984
f 984 1906 1908
f 984 1908 986
f 986 1908 1910
f 986 1910 988
f 988 1910 1912
f 1914 1935 1912
f 1935 988 1912
f 1935 990 988
f 1937 1936 991
f 990 1937 991
f 1935 1937 990
f 1939 1938 1936
f 1939 1936 1937
f 1941 1940 1938
f 1941 1938 1939
f 993 994 1940
f 1941 993 1940
f 1942 993 1941
f 1915 996 1917
f 996 1942 1917
f 996 993 1942
f 996 1915 998
f 998 1915 1918
f 998 1918 1000
f 1000 1918 1920
f 1000 1920 1002
f 1002 1920 1922
f 1002 1922 1004
f 1004 1922 1924
f 1004 1924 956
f 1943 1011 1012
f 1013 1944 1012
f 1012 1944 1943
f 1945 1944 1013
f 1945 1013 965
f 1946 1945 965
f 1926 1946 965
f 1946 1926 1927
f 1946 1927 1947
f 1947 1927 1928
f 1948 1932 1931
f 1948 1931 1933
f 1948 1933 1949
f 1949 1933 1934
f 1949 1934 1950
f 1952 1950 1951
f 1951 1950 1014
f 1950 1934 1014
f 1934 971 1014
f 1015 1953 1014
f 1014 1953 1951
f 1016 1953 1015
f 1936 1027 991
f 1027 1936 1030
f 1030 1936 1938
f 1030 1938 1032
f 1032 1938 1940
f 1032 1940 994
f 1954 1043 1044
f 1045 1955 1044
f 1044 1955 1954
f 1956 1955 1045
f 1956 1045 1011
f 1957 1956 1011
f 1943 1957 1011
f 1957 1943 1944
f 1957 1944 1958
f 1958 1944 1945
f 1959 1952 1951
f 1959 1951 1953
f 1959 1953 1960
f 1962 1960 1961
f 1961 1960 1046
f 1960 1953 1046
f 1953 1016 1046
f 1047 1963 1046
f 1046 1963 1961
f 1048 1963 1047
f 1964 1067 1068
f 1069 1965 1068
f 1068 1965 1964
f 1965 1069 1966
f 1069 1967 1966
f 1069 1070 1967
f 1070 1043 1954
f 1968 1070 1954
f 1967 1070 1968
f 1968 1954 1955
f 1968 1955 1969
f 1969 1955 1956
f 1970 1962 1961
f 1970 1961 1963
f 1970 1963 1971
f 1971 1963 1048
f 1071 1971 1048
f 1972 1971 1071
f 1974 1972 1973
f 1972 1072 1973
f 1972 1071 1072
f 1073 1975 1072
f 1072 1975 1973
f 1074 1976 1073
f 1073 1976 1975
f 1075 1977 1074
f 1074 1977 1976
f 1076 1978 1075
f 1075 1978 1977
f 1077 1979 1076
f 1076 1979 1978
f 1078 1979 1077
f 1980 1084 1085
f 1086 1981 1085
f 1085 1981 1980
f 1087 1982 1086
f 1086 1982 1981
f 1088 1983 1087
f 1087 1983 1982
f 1089 1984 1088
f 1088 1984 1983
f 1090 1985 1089
f 1089 1985 1984
f 1986 1985 1090
f 1986 1090 1067
f 1987 1986 1067
f 1964 1987 1067
f 1987 1964 1965
f 1987 1965 1988
f 1988 1965 1966
f 1989 1974 1973
f 1989 1973 1975
f 1989 1975 1990
f 1990 1975 1976
f 1990 1976 1991
f 1991 1976 1977
f 1991 1977 1992
f 1992 1977 1978
f 1992 1978 1993
f 1993 1978 1979
f 1993 1979 1994
f 1994 1979 1078
f 1091 1994 1078
f 1995 1994 1091
f 1997 1995 1996
f 1995 1092 1996
f 1995 1091 1092
f 1093 1998 1092
f 1092 1998 1996
f 1998 1093 1999
f 1093 2000 1999
f 1093 1094 2000
f 2001 1094 1095
f 2001 2000 1094
f 1095 1084 1980
f 2002 1095 1980
f 2001 1095 2002
f 2002 1980 1981
f 2002 1981 2003
f 2003 1981 1982
f 2003 1982 2004
f 2004 1982 1983
f 2004 1983 2005
f 2005 1983 1984
f 2005 1984 2006
f 2006 1984 1985
f 2006 1985 2007
f 2007 1985 1986
f 2008 1997 1996
f 2008 1996 1998
f 2008 1998 2009
f 2009 1998 1999
f 2012 2011 2010
f 1097 1098 2010
f 2011 1097 2010
f 2013 1097 2011
f 1097 2014 1100
f 2013 2014 1097
f 1100 2015 1102
f 2014 2015 1100
f 1102 2016 1104
f 2015 2016 1102
f 1104 2017 1106
f 2016 2017 1104
f 1106 2018 1108
f 2017 2018 1106
f 1108 2019 1110
f 2018 2019 1108
f 1110 2020 1112
f 2019 2020 1110
f 1112 2021 1114
f 2020 2021 1112
f 1114 2022 1116
f 2021 2022 1114
f 2024 2023 1117
f 1116 2024 1117
f 2022 2024 1116
f 2025 2023 2024
f 2027 2026 1119
f 2027 1119 1120
f 1119 2028 1122
f 2026 2028 1119
f 1122 2029 1124
f 2028 2029 1122
f 1124 2030 1126
f 2029 2030 1124
f 2010 1127 2012
f 1127 2030 2012
f 1127 1126 2030
f 1127 2010 1098
f 2023 1128 1117
f 2025 2031 2023
f 2031 1128 2023
f 2031 1129 1128
f 1129 2032 1131
f 2031 2032 1129
f 1131 2033 1133
f 2032 2033 1131
f 1133 2034 1135
f 2033 2034 1133
f 1136 1135 2034
f 1136 2034 2035
f 2037 2036 1138
f 2037 1138 1139
f 1138 2038 1141
f 2036 2038 1138
f 1120 1141 2027
f 2027 1141 2038
f 2035 2039 1136
f 1136 2039 1143
f 1143 2040 1145
f 2039 2040 1143
f 1145 2041 1147
f 2040 2041 1145
f 1148 1147 2041
f 1148 2041 2042
f 2045 2044 2043
f 1150 1151 2043
f 2044 1150 2043
f 2046 1150 2044
f 1150 2047 1153
f 2046 2047 1150
f 1139 1153 2037
f 2037 1153 2047
f 2042 2048 1148
f 1148 2048 1155
f 1155 2049 1157
f 2048 2049 1155
f 1158 1157 2049
f 1158 2049 2050
f 2052 2051 1160
f 2052 1160 1161
f 1160 2053 1163
f 2051 2053 1160
f 2043 1164 2045
f 1164 2053 2045
f 1164 1163 2053
f 1164 2043 1151
f 2050 2054 1158
f 1158 2054 1176
f 1176 2055 1178
f 2054 2055 1176
f 1179 1178 2055
f 1179 2055 2056
f 2058 2057 1181
f 2058 1181 1182
f 1161 1181 2052
f 2052 1181 2057
f 2059 1185 1186
f 1187 2060 1186
f 1186 2060 2059
f 2060 1187 2061
f 1187 2062 2061
f 1187 1188 2062
f 2063 1188 1189
f 2063 2062 1188
f 2064 1189 1190
f 2064 2063 1189
f 2065 1190 1191
f 2065 2064 1190
f 2066 1191 1192
f 2066 2065 1191
f 2067 1192 1193
f 2067 2066 1192
f 2068 1193 1194
f 2068 2067 1193
f 2069 1194 1195
f 2069 2068 1194
f 2070 1195 1196
f 2070 2069 1195
f 2071 1196 1197
f 2071 2070 1196
f 2072 1197 1198
f 2072 2071 1197
f 2074 2072 2073
f 2072 1199 2073
f 2072 1198 1199
f 1201 2073 1199
f 2056 2075 1179
f 1179 2075 1204
f 2077 2076 1205
f 1204 2077 1205
f 2075 2077 1204
f 2078 2076 2077
f 2080 2079 1207
f 2080 1207 1208
f 1182 1207 2058
f 2058 1207 2079
f 2082 2081 1212
f 1212 2081 1211
f 2083 1212 1213
f 2083 2082 1212
f 1213 1185 2059
f 2084 1213 2059
f 2083 1213 2084
f 2084 2059 2060
f 2084 2060 2085
f 2085 2060 2061
f 2088 2087 2086
f 2090 2089 2086
f 2090 2086 2087
f 2092 2091 2089
f 2092 2089 2090
f 2094 2093 2091
f 2094 2091 2092
f 2096 2095 2093
f 2096 2093 2094
f 2097 2095 2096
f 2098 2074 2073
f 2098 2073 1201
f 1214 2098 1201
f 2099 2098 1214
f 2100 1214 1215
f 2100 2099 1214
f 2102 2100 2101
f 2100 1216 2101
f 2100 1215 1216
f 1218 2101 1216
f 2076 1221 1205
f 2078 2103 2076
f 2103 1221 2076
f 2103 1223 1221
f 1224 1223 2103
f 1224 2103 2104
f 2106 2105 1226
f 2106 1226 1227
f 1226 2107 1229
f 2105 2107 1226
f 1208 1229 2080
f 2080 1229 2107
f 2108 1232 1233
f 2108 1233 2109
f 1233 2110 2109
f 1233 1234 2110
f 2111 1234 1235
f 2111 2110 1234
f 1235 1211 2081
f 1235 2081 2111
f 2088 2086 2112
f 2088 2112 2113
f 2114 2086 2089
f 2112 2086 2114
f 2115 2089 2091
f 2114 2089 2115
f 2116 2091 2093
f 2115 2091 2116
f 2117 2093 2095
f 2116 2093 2117
f 2095 2097 2118
f 2095 2118 2117
f 2119 2102 2101
f 2119 2101 1218
f 1236 2119 1218
f 2120 2119 1236
f 2121 1236 1237
f 2121 2120 1236
f 1237 1239 2121
f 2121 1239 2122
f 2104 2123 1224
f 1224 2123 1242
f 1243 1242 2123
f 1243 2123 2124
f 2126 2125 1245
f 2126 1245 1246
f 1227 1245 2106
f 2106 1245 2125
f 2128 2127 1250
f 1250 2127 1249
f 2129 1250 1251
f 2129 2128 1250
f 1251 1232 2108
f 2130 1251 2108
f 2129 1251 2130
f 2130 2108 2109
f 2113 2112 2131
f 2113 2131 2132
f 2133 2112 2114
f 2131 2112 2133
f 2134 2114 2115
f 2133 2114 2134
f 2135 2115 2116
f 2134 2115 2135
f 2136 2116 2117
f 2135 2116 2136
f 2117 2118 2137
f 2117 2137 2136
f 2138 2122 1239
f 2138 1239 1252
f 2139 1252 1253
f 2139 2138 1252
f 1253 1255 2139
f 2139 1255 2140
f 2124 2141 1243
f 1243 2141 1257
f 2143 2142 1258
f 1257 2143 1258
f 2141 2143 1257
f 2144 2142 2143
f 2146 2145 1260
f 2146 1260 1261
f 1246 1260 2126
f 2126 1260 2145
f 2148 2147 1264
f 1264 2147 1263
f 1264 1249 2127
f 1264 2127 2148
f 2132 2131 2149
f 2132 2149 2150
f 2151 2131 2133
f 2149 2131 2151
f 2152 2133 2134
f 2151 2133 2152
f 2153 2134 2135
f 2152 2134 2153
f 2136 2155 2154
f 2153 2136 2154
f 2135 2136 2153
f 2155 2136 2137
f 2156 2140 1255
f 2156 1255 1265
f 2158 2156 2157
f 2156 1266 2157
f 2156 1265 1266
f 1268 2157 1266
f 2142 1270 1258
f 2160 2159 1271
f 2160 1271 1270
f 2144 2160 1270
f 2142 2144 1270
f 2161 2159 2160
f 2163 2162 1273
f 2163 1273 1274
f 1261 1273 2146
f 2146 1273 2162
f 2165 2164 1277
f 1277 2164 1276
f 1277 1263 2147
f 1277 2147 2165
f 1280 2166 1279
f 2167 1282 1279
f 2167 1279 2166
f 2167 1283 1282
f 2168 2150 2149
f 2168 2149 2151
f 2168 2151 2169
f 2169 2151 2152
f 2169 2152 2170
f 2170 2152 2153
f 2170 2153 2171
f 2171 2153 2154
f 2172 2158 2157
f 2172 2157 1268
f 1284 2172 1268
f 2173 2172 1284
f 1284 1286 2173
f 2173 1286 2174
f 2159 1288 1271
f 1289 1288 2159
f 2161 1289 2159
f 2175 1289 2161
f 2177 2176 1291
f 2177 1291 1292
f 1274 1291 2163
f 2163 1291 2176
f 2178 1295 1296
f 2178 1296 2179
f 1296 2180 2179
f 1296 1297 2180
f 1297 1276 2164
f 1297 2164 2180
f 1299 2181 2166
f 1299 2166 1280
f 2183 2167 2182
f 2167 2181 2182
f 2167 2166 2181
f 2167 2183 1283
f 2183 1300 1283
f 2183 2184 1300
f 1301 1300 2184
f 1301 2184 2185
f 2186 2174 1286
f 2186 1286 1302
f 1302 1304 2186
f 2186 1304 2187
f 2175 2188 1289
f 1289 2188 1306
f 1307 1306 2188
f 1307 2188 2189
f 1309 2177 1292
f 1309 2190 2177
f 2192 2191 1312
f 1312 2191 1311
f 1312 1295 2178
f 2193 1312 2178
f 2192 1312 2193
f 2193 2178 2179
f 1313 2181 1299
f 1313 1314 2181
f 1314 2182 2181
f 1314 2194 2182
f 2185 1315 1301
f 2195 1315 2185
f 2196 2187 1304
f 2196 1304 1316
f 1316 1318 2196
f 2196 1318 2197
f 2189 2198 1307
f 1307 2198 1321
f 1322 1321 2198
f 1322 2198 2199
f 2201 2200 1324
f 2201 1324 1325
f 1309 1324 2190
f 2190 1324 2200
f 2203 2202 1328
f 1328 2202 1327
f 1328 1311 2191
f 1328 2191 2203
f 2204 2194 1314
f 2204 1314 1329
f 2206 2205 1331
f 2205 1329 1331
f 2205 2204 1329
f 2206 2207 1332
f 2195 2206 1332
f 1315 2195 1332
f 2206 2195 2205
f 2207 1334 1332
f 2208 2197 1318
f 2208 1318 1335
f 1335 1336 2208
f 2208 1336 2209
f 2211 1339 2210
f 1339 2199 2210
f 1339 1322 2199
f 2212 2211 2210
f 2214 2213 1341
f 2214 1341 1342
f 1325 1341 2201
f 2201 1341 2213
f 2215 1344 1345
f 2216 2215 1345
f 1327 2216 1345
f 2202 2216 1327
f 1346 2206 1331
f 2206 1346 1347
f 2217 2206 1347
f 2207 2206 2217
f 2218 1349 1334
f 2207 2218 1334
f 2217 2218 2207
f 2218 1351 1349
f 2219 2209 1336
f 2219 1336 1352
f 1352 1354 2219
f 2219 1354 2220
f 2211 1356 1339
f 2222 2221 1357
f 2222 1357 1356
f 2212 2222 1356
f 2211 2212 1356
f 2223 2221 2222
f 2225 2224 1359
f 2225 1359 1360
f 1342 1359 2214
f 2214 1359 2224
f 2227 2226 2215
f 2226 1344 2215
f 2226 1362 1344
f 2227 2215 2216
f 1364 2228 2217
f 1364 2217 1347
f 2217 2229 2218
f 2217 2228 2229
f 2229 1366 1351
f 2229 1351 2218
f 2230 2220 1354
f 2230 1354 1367
f 1367 1369 2230
f 2230 1369 2231
f 2221 1371 1357
f 1372 1371 2221
f 2223 1372 2221
f 2232 1372 2223
f 1374 2225 1360
f 1374 2233 2225
f 2235 2234 1377
f 1377 2234 1376
f 1377 1362 2226
f 1377 2226 2235
f 1378 2228 1364
f 2228 1378 1379
f 2236 2228 1379
f 2229 2228 2236
f 2237 1381 1366
f 2229 2237 1366
f 2236 2237 2229
f 2237 1383 1381
f 1369 1384 2238
f 2239 1369 2238
f 2231 1369 2239
f 1386 2238 1384
f 2232 2240 1372
f 1372 2240 1388
f 1389 1388 2240
f 1389 2240 2241
f 2243 2242 1391
f 2243 1391 1392
f 1374 1391 2233
f 2233 1391 2242
f 2245 2244 1395
f 1395 2244 1394
f 1395 1376 2234
f 1395 2234 2245
f 1397 2246 2236
f 1397 2236 1379
f 2236 2247 2237
f 2236 2246 2247
f 2247 1399 1383
f 2247 1383 2237
f 2248 2239 2238
f 2238 1386 2248
f 1386 2249 2248
f 1386 1401 2249
f 2241 1403 1389
f 2250 1403 2241
f 1405 2243 1392
f 1405 2251 2243
f 2252 1407 1408
f 2253 2252 1408
f 1394 2253 1408
f 2244 2253 1394
f 1409 2246 1397
f 2246 1409 1410
f 2254 2246 1410
f 2247 2246 2254
f 2255 1412 1399
f 2247 2255 1399
f 2254 2255 2247
f 2255 1414 1412
f 2256 2249 1401
f 2256 1401 1415
f 1415 1417 2256
f 2256 1417 2257
f 2259 1418 2258
f 1418 2250 2258
f 1418 1403 2250
f 2260 2259 2258
f 1420 2251 1405
f 1420 2261 2251
f 2263 2262 2252
f 2262 1407 2252
f 2262 1422 1407
f 2263 2252 2253
f 1424 2264 2254
f 1424 2254 1410
f 2254 2265 2255
f 2254 2264 2265
f 2265 1426 1414
f 2265 1414 2255
f 1428 2257 1417
f 1428 2266 2257
f 2259 1429 1418
f 1431 1429 2259
f 2260 1431 2259
f 2267 1431 2260
f 2269 2268 1433
f 2269 1433 1434
f 1420 1433 2261
f 2261 1433 2268
f 2270 1435 1436
f 2271 2270 1436
f 1422 2271 1436
f 2262 2271 1422
f 1437 2264 1424
f 2264 1437 1438
f 2272 2264 1438
f 2265 2264 2272
f 2272 1440 1426
f 2272 1426 2265
f 2273 2266 1428
f 2273 1428 1441
f 1441 1443 2273
f 2273 1443 2274
f 2267 1445 1431
f 2275 1445 2267
f 1447 2269 1434
f 1447 2276 2269
f 2278 2277 2270
f 2277 1435 2270
f 2277 1449 1435
f 2278 2270 2271
f 1451 2279 2272
f 1451 2272 1438
f 2280 1452 1440
f 2272 2280 1440
f 2279 2280 2272
f 2280 1454 1452
f 1456 2274 1443
f 1456 2281 2274
f 2275 2282 1445
f 1445 2282 1458
f 1459 1458 2282
f 1459 2282 2283
f 2285 2284 1461
f 2285 1461 1462
f 1447 1461 2276
f 2276 1461 2284
f 2277 1464 1449
f 2286 1464 2277
f 1465 2279 1451
f 2279 1465 1466
f 2287 2279 1466
f 2280 2279 2287
f 2287 1468 1454
f 2287 1454 2280
f 2288 2281 1456
f 2288 1456 1469
f 1469 1471 2288
f 2288 1471 2289
f 2283 1473 1459
f 2290 1473 2283
f 1475 2285 1462
f 1475 2291 2285
f 2293 2292 1478
f 1478 2292 1477
f 1478 1464 2286
f 1478 2286 2293
f 1480 2294 2287
f 1480 2287 1466
f 2295 1481 1468
f 2287 2295 1468
f 2294 2295 2287
f 2295 1483 1481
f 1485 2289 1471
f 1485 2296 2289
f 2290 2297 1473
f 1473 2297 1487
f 1488 1487 2297
f 1488 2297 2298
f 1490 2291 1475
f 1490 2299 2291
f 2292 1492 1477
f 2300 1492 2292
f 1493 2294 1480
f 2294 1493 1494
f 2301 2294 1494
f 2295 2294 2301
f 2301 1496 1483
f 2301 1483 2295
f 1485 1497 2302
f 2303 1485 2302
f 2296 1485 2303
f 1499 2302 1497
f 2298 1501 1488
f 2304 1501 2298
f 1503 2299 1490
f 1503 2305 2299
f 2300 1505 1492
f 2306 1505 2300
f 1507 2307 2301
f 1507 2301 1494
f 2307 1508 1496
f 2307 1496 2301
f 2308 2303 2302
f 2302 1499 2308
f 1499 2309 2308
f 1499 1510 2309
f 2304 1512 1501
f 2310 1512 2304
f 2313 2312 2311
f 2312 2305 2311
f 2305 1513 2311
f 2305 1503 1513
f 2314 1514 1515
f 2315 2314 1515
f 1505 2315 1515
f 2306 2315 1505
f 1517 2316 2307
f 1517 2307 1507
f 2317 1518 1508
f 2307 2317 1508
f 2316 2317 2307
f 2317 1520 1518
f 1522 2309 1510
f 1522 2318 2309
f 2310 1524 1512
f 2319 1524 2310
f 2313 2311 1526
f 1527 2313 1526
f 2320 2313 1527
f 1526 2311 1513
f 2322 2321 2314
f 2321 1514 2314
f 2321 1529 1514
f 2322 2314 2315
f 1530 2316 1517
f 2316 1530 1531
f 2323 2316 1531
f 2317 2316 2323
f 2324 1533 1520
f 2317 2324 1520
f 2323 2324 2317
f 2324 1535 1533
f 1537 2318 1522
f 1537 2325 2318
f 2319 1539 1524
f 2326 1539 2319
f 1541 2320 1527
f 1541 2327 2320
f 2321 1543 1529
f 2328 1543 2321
f 1545 2329 2323
f 1545 2323 1531
f 2323 2330 2324
f 2323 2329 2330
f 2330 1547 1535
f 2330 1535 2324
f 1549 2325 1537
f 1549 2331 2325
f 2326 1551 1539
f 2332 1551 2326
f 1553 2327 1541
f 1553 2333 2327
f 2328 1555 1543
f 2334 1555 2328
f 1556 2329 1545
f 2329 1556 1557
f 2335 2329 1557
f 2330 2329 2335
f 2336 1559 1547
f 2330 2336 1547
f 2335 2336 2330
f 2336 1561 1559
f 2339 2338 2337
f 2341 2340 2337
f 2341 2337 2338
f 2343 2342 2340
f 2343 2340 2341
f 2345 2344 2342
f 2345 2342 2343
f 2347 2346 2344
f 2347 2344 2345
f 2347 2331 2346
f 2331 1563 2346
f 2331 1549 1563
f 2332 1565 1551
f 2348 1565 2332
f 1567 2333 1553
f 1567 2349 2333
f 2334 1569 1555
f 2350 1569 2334
f 2353 2352 2351
f 2355 2354 2351
f 2355 2351 2352
f 2357 2356 2354
f 2357 2354 2355
f 2359 2358 2356
f 2359 2356 2357
f 2361 2360 2358
f 2361 2358 2359
f 2362 2360 2361
f 1570 2335 1557
f 2335 1570 1571
f 2363 2335 1571
f 2336 2335 2363
f 2364 1573 1561
f 2336 2364 1561
f 2363 2364 2336
f 2365 1576 1573
f 2365 1573 2364
f 2365 1577 1576
f 2339 2337 2366
f 2339 2366 2367
f 2368 2337 2340
f 2366 2337 2368
f 2369 2340 2342
f 2368 2340 2369
f 2370 2342 2344
f 2369 2342 2370
f 2371 2344 2346
f 2370 2344 2371
f 2371 2346 1563
f 2372 2371 1563
f 1578 2372 1563
f 2373 2371 2372
f 1578 1579 2372
f 2372 1579 2374
f 2376 1580 2375
f 1580 2348 2375
f 1580 1565 2348
f 2377 2376 2375
f 1582 2349 1567
f 1582 2378 2349
f 2350 1584 1569
f 2379 1584 2350
f 2353 2351 2380
f 2353 2380 2381
f 2382 2351 2354
f 2380 2351 2382
f 2383 2354 2356
f 2382 2354 2383
f 2384 2356 2358
f 2383 2356 2384
f 2385 2358 2360
f 2384 2358 2385
f 2360 2362 2386
f 2360 2386 2385
f 1585 2363 1571
f 2364 2363 2387
f 2363 1586 2387
f 1586 2388 2387
f 1586 2363 1585
f 2364 2387 2365
f 2365 2387 2389
f 2365 2389 1577
f 2389 1589 1577
f 2389 2390 1589
f 1591 1589 2390
f 1591 2390 2391
f 2367 2366 2392
f 2367 2392 2393
f 2394 2366 2368
f 2392 2366 2394
f 2395 2368 2369
f 2394 2368 2395
f 2396 2369 2370
f 2395 2369 2396
f 2397 2370 2371
f 2396 2370 2397
f 2371 2373 2398
f 2371 2398 2397
f 1593 2374 1579
f 1593 2399 2374
f 2376 1594 1580
f 1596 1594 2376
f 2377 1596 2376
f 2400 1596 2377
f 1598 2378 1582
f 1598 2401 2378
f 2379 1600 1584
f 2402 1600 2379
f 2381 2380 2403
f 2381 2403 2404
f 2405 2380 2382
f 2403 2380 2405
f 2406 2382 2383
f 2405 2382 2406
f 2407 2383 2384
f 2406 2383 2407
f 2408 2384 2385
f 2407 2384 2408
f 2385 2386 2409
f 2385 2409 2408
f 1602 2388 1586
f 1602 2410 2388
f 2391 1605 1591
f 2411 1605 2391
f 2393 2392 2412
f 2393 2412 2413
f 2414 2392 2394
f 2412 2392 2414
f 2415 2394 2395
f 2414 2394 2415
f 2416 2395 2396
f 2415 2395 2416
f 2397 2418 2417
f 2416 2397 2417
f 2396 2397 2416
f 2418 2397 2398
f 1607 2399 1593
f 1607 2419 2399
f 2400 1609 1596
f 2420 1609 2400
f 1611 2401 1598
f 1611 2421 2401
f 2402 1613 1600
f 2422 1613 2402
f 2404 2403 2423
f 2404 2423 2424
f 2425 2403 2405
f 2423 2403 2425
f 2426 2405 2406
f 2425 2405 2426
f 2427 2406 2407
f 2426 2406 2427
f 2428 2407 2408
f 2427 2407 2428
f 2408 2409 2429
f 2408 2429 2428
f 1602 1614 2430
f 2431 1602 2430
f 2410 1602 2431
f 2430 1614 2432
f 1614 2433 2432
f 1614 1615 2433
f 2434 1615 1616
f 2434 2433 1615
f 1616 1605 2411
f 1616 2411 2434
f 2413 2412 2435
f 2413 2435 2436
f 2437 2412 2414
f 2435 2412 2437
f 2438 2414 2415
f 2437 2414 2438
f 2439 2415 2416
f 2438 2415 2439
f 2416 2417 2440
f 2441 2416 2440
f 2439 2416 2441
f 2442 2441 2440
f 1618 2419 1607
f 1618 2443 2419
f 2420 1620 1609
f 2444 1620 2420
f 1622 2421 1611
f 1622 2445 2421
f 2422 1624 1613
f 2446 1624 2422
f 2447 2424 2423
f 2447 2423 2425
f 2447 2425 2448
f 2448 2425 2426
f 2448 2426 2449
f 2449 2426 2427
f 2449 2427 2450
f 2450 2427 2428
f 2450 2428 2451
f 2451 2428 2429
f 2454 2453 2452
f 2452 2453 2431
f 2430 2452 2431
f 2455 2452 2430
f 2430 2432 2456
f 2430 2456 2455
f 2436 2435 2457
f 2436 2457 2458
f 2459 2435 2437
f 2457 2435 2459
f 2460 2437 2438
f 2459 2437 2460
f 2461 2438 2439
f 2460 2438 2461
f 2462 2439 2441
f 2461 2439 2462
f 2441 2442 2463
f 2464 2441 2463
f 2462 2441 2464
f 2463 2443 2464
f 2443 1625 2464
f 2443 1618 1625
f 2465 1626 1627
f 2466 2465 1627
f 1620 2466 1627
f 2444 2466 1620
f 1629 2445 1622
f 1629 2467 2445
f 2446 1631 1624
f 2468 1631 2446
f 2454 2452 2469
f 2454 2469 2470
f 2471 2452 2455
f 2469 2452 2471
f 2455 2456 2472
f 2455 2472 2471
f 2473 2458 2457
f 2473 2457 2459
f 2473 2459 2474
f 2474 2459 2460
f 2474 2460 2475
f 2477 2476 2475
f 2460 2477 2475
f 2461 2477 2460
f 2462 2479 2478
f 2477 2462 2478
f 2461 2462 2477
f 1634 2480 1633
f 2480 2462 1633
f 2462 2464 1633
f 2480 2479 2462
f 1633 2464 1625
f 2482 2481 2465
f 2481 1626 2465
f 2481 1636 1626
f 2482 2465 2466
f 1638 2467 1629
f 1638 2483 2467
f 2468 1640 1631
f 2484 1640 2468
f 2487 2486 2485
f 2485 2486 2470
f 2469 2485 2470
f 2488 2485 2469
f 2471 2490 2489
f 2488 2471 2489
f 2469 2471 2488
f 2490 2471 2472
f 2491 2476 2477
f 2491 2477 2478
f 1642 2480 1634
f 1642 2492 2480
f 2481 1644 1636
f 2493 1644 2481
f 1638 1645 2494
f 2495 1638 2494
f 2483 1638 2495
f 1646 2494 1645
f 2484 1647 1640
f 2496 1647 2484
f 2499 2498 2497
f 2497 2498 2487
f 2485 2497 2487
f 2500 2497 2485
f 2488 2502 2501
f 2500 2488 2501
f 2485 2488 2500
f 2502 2488 2489
f 1649 2492 1642
f 1649 2503 2492
f 2493 1651 1644
f 2504 1651 2493
f 2505 2495 2494
f 2494 1646 2505
f 1646 2506 2505
f 1646 1652 2506
f 2508 1653 2507
f 1653 2496 2507
f 1653 1647 2496
f 2509 2508 2507
f 2499 2497 2510
f 2499 2510 2511
f 2512 2497 2500
f 2510 2497 2512
f 2500 2501 2513
f 2500 2513 2512
f 1655 2503 1649
f 1655 2514 2503
f 2504 1657 1651
f 2515 1657 2504
f 1659 2506 1652
f 1659 2516 2506
f 2508 1660 1653
f 1662 1660 2508
f 2509 1662 2508
f 2517 1662 2509
f 2520 2519 2518
f 2518 2519 2511
f 2510 2518 2511
f 2521 2518 2510
f 2512 2523 2522
f 2521 2512 2522
f 2510 2512 2521
f 2523 2512 2513
f 1664 2514 1655
f 1664 2524 2514
f 2515 1666 1657
f 2525 1666 2515
f 1668 2516 1659
f 1668 2526 2516
f 2517 1670 1662
f 2527 1670 2517
f 2530 2529 2528
f 2528 2529 2520
f 2518 2528 2520
f 2531 2528 2518
f 2521 2533 2532
f 2531 2521 2532
f 2518 2521 2531
f 2533 2521 2522
f 2535 2534 1672
f 2535 1672 1673
f 1664 1672 2524
f 2524 1672 2534
f 2525 1675 1666
f 2536 1675 2525
f 1677 2526 1668
f 1677 2537 2526
f 2539 1678 2538
f 1678 2527 2538
f 1678 1670 2527
f 2540 2539 2538
f 2543 2542 2541
f 2541 2542 2530
f 2528 2541 2530
f 2544 2541 2528
f 2545 2528 2531
f 2544 2528 2545
f 2531 2532 2546
f 2531 2546 2545
f 1680 2535 1673
f 1680 2547 2535
f 2549 2548 1683
f 1683 2548 1682
f 1683 1675 2536
f 1683 2536 2549
f 2550 2537 1677
f 2550 1677 1684
f 1684 1686 2550
f 2550 1686 2551
f 2539 1687 1678
f 1689 1687 2539
f 2540 1689 2539
f 2552 1689 2540
f 2555 2554 2553
f 2553 2554 2543
f 2541 2553 2543
f 2556 2553 2541
f 2557 2541 2544
f 2556 2541 2557
f 2545 2559 2558
f 2557 2545 2558
f 2544 2545 2557
f 2559 2545 2546
f 2562 2561 2560
f 2561 2547 2560
f 2547 1690 2560
f 2547 1680 1690
f 2548 1692 1682
f 2563 1692 2548
f 1694 2551 1686
f 1694 2564 2551
f 2552 1696 1689
f 2565 1696 2552
f 2555 2553 2566
f 2555 2566 2567
f 2568 2553 2556
f 2566 2553 2568
f 2557 2570 2569
f 2568 2557 2569
f 2556 2557 2568
f 2570 2557 2558
f 2562 2560 1698
f 1699 2562 1698
f 2571 2562 1699
f 1698 2560 1690
f 2572 1700 1701
f 2573 2572 1701
f 1692 2573 1701
f 2563 2573 1692
f 1703 2564 1694
f 1703 2574 2564
f 2565 2575 1696
f 1696 2575 1705
f 1706 1705 2575
f 1706 2575 2576
f 2579 2578 2577
f 2577 2578 2567
f 2566 2577 2567
f 2580 2577 2566
f 2568 2582 2581
f 2580 2568 2581
f 2566 2568 2580
f 2582 2568 2569
f 1708 2571 1699
f 1708 2583 2571
f 2585 2584 2572
f 2584 1700 2572
f 2584 1710 1700
f 2585 2572 2573
f 2586 2574 1703
f 2586 1703 1711
f 1711 1713 2586
f 2586 1713 2587
f 2576 1715 1706
f 2588 1715 2576
f 2579 2577 2589
f 2579 2589 2590
f 2591 2577 2580
f 2589 2577 2591
f 2580 2581 2592
f 2580 2592 2591
f 2594 2593 1717
f 2594 1717 1718
f 1708 1717 2583
f 2583 1717 2593
f 2584 1720 1710
f 2595 1720 2584
f 1722 2587 1713
f 1722 2596 2587
f 2588 2597 1715
f 1715 2597 1724
f 1725 1724 2597
f 1725 2597 2598
f 2601 2600 2599
f 2599 2600 2590
f 2589 2599 2590
f 2602 2599 2589
f 2591 2604 2603
f 2602 2591 2603
f 2589 2591 2602
f 2604 2591 2592
f 2607 2606 2605
f 2606 2594 2605
f 2594 1727 2605
f 2594 1718 1727
f 2609 2608 1730
f 1730 2608 1729
f 1730 1720 2595
f 1730 2595 2609
f 2610 2596 1722
f 2610 1722 1731
f 1731 1733 2610
f 2610 1733 2611
f 2598 2612 1725
f 1725 2612 1735
f 1736 1735 2612
f 1736 2612 2613
f 2601 2599 2614
f 2601 2614 2615
f 2616 2599 2602
f 2614 2599 2616
f 2602 2603 2617
f 2602 2617 2616
f 2607 2605 1738
f 1739 2607 1738
f 2618 2607 1739
f 1738 2605 1727
f 2608 1741 1729
f 2619 1741 2608
f 1743 2611 1733
f 1743 2620 2611
f 2613 1745 1736
f 2621 1745 2613
f 2624 2623 2622
f 2622 2623 2615
f 2622 2615 2614
f 1748 2622 2614
f 1747 1748 2614
f 2614 2616 2625
f 1749 2614 2625
f 2626 1749 2625
f 2614 1749 1747
f 2625 2616 2617
f 2628 2627 1751
f 2628 1751 1752
f 1739 1751 2618
f 2618 1751 2627
f 2630 2629 1755
f 1755 2629 1754
f 1755 1741 2619
f 1755 2619 2630
f 2631 2620 1743
f 2631 1743 1756
f 1756 1758 2631
f 2631 1758 2632
f 2621 2633 1745
f 1745 2633 1760
f 1761 1760 2633
f 1761 2633 2634
f 2624 2622 2635
f 2624 2635 2636
f 1762 2637 1748
f 2637 2622 1748
f 2637 2635 2622
f 2638 2637 1762
f 1749 2638 1762
f 2626 2638 1749
f 2640 2639 1764
f 2640 1764 1765
f 1752 1764 2628
f 2628 1764 2639
f 2629 1768 1754
f 2641 1768 2629
f 1758 1769 2642
f 2643 1758 2642
f 2632 1758 2643
f 1771 2642 1769
f 2634 2644 1761
f 1761 2644 1773
f 1774 1773 2644
f 1774 2644 2645
f 2636 2635 2646
f 2636 2646 2647
f 2637 2649 2648
f 2646 2637 2648
f 2635 2637 2646
f 2649 2637 2638
f 2652 2651 2650
f 2651 2640 2650
f 2640 1776 2650
f 2640 1765 1776
f 2654 2653 1779
f 1779 2653 1778
f 1779 1768 2641
f 1779 2641 2654
f 2655 2643 2642
f 2642 1771 2655
f 1771 2656 2655
f 1771 1781 2656
f 2645 2657 1774
f 1774 2657 1783
f 1784 1783 2657
f 1784 2657 2658
f 2659 2647 2646
f 2659 2646 2648
f 2652 2650 1786
f 1787 2652 1786
f 2660 2652 1787
f 1786 2650 1776
f 2662 2661 1790
f 1790 2661 1789
f 1790 1778 2653
f 1790 2653 2662
f 2663 2656 1781
f 2663 1781 1791
f 1791 1793 2663
f 2663 1793 2664
f 2658 2665 1784
f 1784 2665 1795
f 1797 1795 2665
f 1797 2665 2666
f 2669 2668 2667
f 1799 1800 2667
f 2668 1799 2667
f 2670 1799 2668
f 1787 1799 2660
f 2660 1799 2670
f 2672 2671 1803
f 1803 2671 1802
f 1803 1789 2661
f 1803 2661 2672
f 2673 2664 1793
f 2673 1793 1804
f 1804 1806 2673
f 2673 1806 2674
f 2666 2675 1797
f 1797 2675 1808
f 1809 1808 2675
f 1809 2675 2676
f 2678 2677 1811
f 2678 1811 1812
f 2667 1814 2669
f 1814 2677 2669
f 1814 1811 2677
f 1814 2667 1800
f 2671 1817 1802
f 2679 1817 2671
f 1806 1818 2680
f 2681 1806 2680
f 2674 1806 2681
f 1820 2680 1818
f 2676 2682 1809
f 1809 2682 1822
f 2684 2683 1823
f 1822 2684 1823
f 2682 2684 1822
f 2685 2683 2684
f 2688 2687 2686
f 2690 2689 2686
f 2690 2686 2687
f 2692 2691 2689
f 2692 2689 2690
f 2694 2693 2691
f 2694 2691 2692
f 2696 2695 2693
f 2696 2693 2694
f 2697 2695 2696
f 2699 2698 1825
f 2699 1825 1826
f 1812 1825 2678
f 2678 1825 2698
f 2701 2700 1830
f 1830 2700 1829
f 1830 1817 2679
f 1830 2679 2701
f 2702 2681 2680
f 2704 2702 2703
f 2703 2702 1831
f 2702 2680 1831
f 2680 1820 1831
f 1833 2703 1831
f 2683 1835 1823
f 2685 2705 2683
f 2705 1835 2683
f 2705 1837 1835
f 1838 1837 2705
f 1838 2705 2706
f 2688 2686 2707
f 2688 2707 2708
f 2709 2686 2689
f 2707 2686 2709
f 2710 2689 2691
f 2709 2689 2710
f 2711 2691 2693
f 2710 2691 2711
f 2712 2693 2695
f 2711 2693 2712
f 2695 2697 2713
f 2695 2713 2712
f 2716 2715 2714
f 1840 1841 2714
f 2715 1840 2714
f 2717 1840 2715
f 1826 1840 2699
f 2699 1840 2717
f 2719 2718 1845
f 1845 2718 1844
f 1845 1829 2700
f 1845 2700 2719
f 2720 2704 2703
f 2720 2703 1833
f 1846 2720 1833
f 2721 2720 1846
f 1846 1848 2721
f 2721 1848 2722
f 2706 2723 1838
f 1838 2723 1850
f 1850 2724 1852
f 2723 2724 1850
f 1853 1852 2724
f 1853 2724 2725
f 2708 2707 2726
f 2708 2726 2727
f 2728 2707 2709
f 2726 2707 2728
f 2729 2709 2710
f 2728 2709 2729
f 2730 2710 2711
f 2729 2710 2730
f 2731 2711 2712
f 2730 2711 2731
f 2712 2713 2732
f 2712 2732 2731
f 2734 2733 1855
f 2734 1855 1856
f 2714 1858 2716
f 1858 2733 2716
f 1858 1855 2733
f 1858 2714 1841
f 2736 2735 1862
f 1862 2735 1861
f 1862 1844 2718
f 1862 2718 2736
f 2737 2722 1848
f 2737 1848 1863
f 1863 1865 2737
f 2737 1865 2738
f 2725 2739 1853
f 1853 2739 1868
f 1868 2740 1870
f 2739 2740 1868
f 1871 1870 2740
f 1871 2740 2741
f 2727 2726 2742
f 2727 2742 2743
f 2744 2726 2728
f 2742 2726 2744
f 2745 2728 2729
f 2744 2728 2745
f 2746 2729 2730
f 2745 2729 2746
f 2747 2730 2731
f 2746 2730 2747
f 2731 2732 2748
f 2731 2748 2747
f 2751 2750 2749
f 1873 1874 2749
f 2750 1873 2749
f 2752 1873 2750
f 1873 2753 1876
f 2752 2753 1873
f 1856 1876 2734
f 2734 1876 2753
f 2755 2754 1879
f 1879 2754 1878
f 2756 1879 1880
f 2756 2755 1879
f 1880 1861 2735
f 1880 2735 2756
f 2757 2738 1865
f 2757 1865 1881
f 2759 2757 2758
f 2757 1882 2758
f 2757 1881 1882
f 1884 2758 1882
f 2741 2760 1871
f 1871 2760 1886
f 1886 2761 1888
f 2760 2761 1886
f 2763 2762 1889
f 1888 2763 1889
f 2761 2763 1888
f 2764 2762 2763
f 2765 2743 2742
f 2765 2742 2744
f 2765 2744 2766
f 2766 2744 2745
f 2766 2745 2767
f 2767 2745 2746
f 2767 2746 2768
f 2768 2746 2747
f 2768 2747 2769
f 2769 2747 2748
f 2771 2770 1891
f 2771 1891 1892
f 1891 2772 1894
f 2770 2772 1891
f 2749 1895 2751
f 1895 2772 2751
f 1895 1894 2772
f 1895 2749 1874
f 2774 2773 1898
f 1898 2773 1897
f 1898 1878 2754
f 1898 2754 2774
f 2775 2759 2758
f 2775 2758 1884
f 1899 2775 1884
f 2776 2775 1899
f 1899 1901 2776
f 2776 1901 2777
f 2762 1903 1889
f 2764 2778 2762
f 2778 1903 2762
f 2778 1905 1903
f 1905 2779 1907
f 2778 2779 1905
f 1907 2780 1909
f 2779 2780 1907
f 1909 2781 1911
f 2780 2781 1909
f 1911 2782 1913
f 2781 2782 1911
f 2784 2783 1914
f 1913 2784 1914
f 2782 2784 1913
f 2785 2783 2784
f 2788 2787 2786
f 1916 1917 2786
f 2787 1916 2786
f 2789 1916 2787
f 1916 2790 1919
f 2789 2790 1916
f 1919 2791 1921
f 2790 2791 1919
f 1921 2792 1923
f 2791 2792 1921
f 1923 2793 1925
f 2792 2793 1923
f 1892 1925 2771
f 2771 1925 2793
f 2795 2794 1929
f 1929 2794 1928
f 1929 1897 2773
f 1929 2773 2795
f 2796 2777 1901
f 2796 1901 1930
f 1930 1932 2796
f 2796 1932 2797
f 2783 1935 1914
f 2785 2798 2783
f 2798 1935 2783
f 2798 1937 1935
f 1937 2799 1939
f 2798 2799 1937
f 1939 2800 1941
f 2799 2800 1939
f 2786 1942 2788
f 1942 2800 2788
f 1942 1941 2800
f 1942 2786 1917
f 2801 1945 1946
f 2801 1946 2802
f 1946 2803 2802
f 1946 1947 2803
f 1947 1928 2794
f 1947 2794 2803
f 2804 2797 1932
f 2804 1932 1948
f 2805 1948 1949
f 2805 2804 1948
f 2807 2805 2806
f 2805 1950 2806
f 2805 1949 1950
f 1952 2806 1950
f 2809 2808 1957
f 1957 2808 1956
f 2810 1957 1958
f 2810 2809 1957
f 1958 1945 2801
f 2811 1958 2801
f 2810 1958 2811
f 2811 2801 2802
f 2812 2807 2806
f 2812 2806 1952
f 1959 2812 1952
f 2813 2812 1959
f 2814 1959 1960
f 2814 2813 1959
f 1960 1962 2814
f 2814 1962 2815
f 2816 1966 1967
f 2816 1967 2817
f 1967 2818 2817
f 1967 1968 2818
f 2819 1968 1969
f 2819 2818 1968
f 1969 1956 2808
f 1969 2808 2819
f 2820 2815 1962
f 2820 1962 1970
f 2821 1970 1971
f 2821 2820 1970
f 2823 2821 2822
f 2821 1972 2822
f 2821 1971 1972
f 1974 2822 1972
f 2825 2824 1987
f 1987 2824 1986
f 2826 1987 1988
f 2826 2825 1987
f 1988 1966 2816
f 2827 1988 2816
f 2826 1988 2827
f 2827 2816 2817
f 2828 2823 2822
f 2828 2822 1974
f 1989 2828 1974
f 2829 2828 1989
f 2830 1989 1990
f 2830 2829 1989
f 2831 1990 1991
f 2831 2830 1990
f 2832 1991 1992
f 2832 2831 1991
f 2833 1992 1993
f 2833 2832 1992
f 2834 1993 1994
f 2834 2833 1993
f 2836 2834 2835
f 2834 1995 2835
f 2834 1994 1995
f 1997 2835 1995
f 2837 1999 2000
f 2837 2000 2838
f 2000 2839 2838
f 2000 2001 2839
f 2840 2001 2002
f 2840 2839 2001
f 2841 2002 2003
f 2841 2840 2002
f 2842 2003 2004
f 2842 2841 2003
f 2843 2004 2005
f 2843 2842 2004
f 2844 2005 2006
f 2844 2843 2005
f 2845 2006 2007
f 2845 2844 2006
f 2007 1986 2824
f 2007 2824 2845
f 2846 2836 2835
f 2846 2835 1997
f 2008 2846 1997
f 2847 2846 2008
f 2848 2008 2009
f 2848 2847 2008
f 2009 1999 2837
f 2849 2009 2837
f 2848 2009 2849
f 2849 2837 2838
f 2851 2850 2011
f 2851 2011 2012
f 2011 2852 2013
f 2850 2852 2011
f 2013 2853 2014
f 2852 2853 2013
f 2014 2854 2015
f 2853 2854 2014
f 2015 2855 2016
f 2854 2855 2015
f 2016 2856 2017
f 2855 2856 2016
f 2017 2857 2018
f 2856 2857 2017
f 2018 2858 2019
f 2857 2858 2018
f 2019 2859 2020
f 2858 2859 2019
f 2020 2860 2021
f 2859 2860 2020
f 2021 2861 2022
f 2860 2861 2021
f 2022 2862 2024
f 2861 2862 2022
f 2025 2024 2862
f 2025 2862 2863
f 2865 2864 2026
f 2865 2026 2027
f 2026 2866 2028
f 2864 2866 2026
f 2028 2867 2029
f 2866 2867 2028
f 2029 2868 2030
f 2867 2868 2029
f 2012 2030 2851
f 2851 2030 2868
f 2863 2869 2025
f 2025 2869 2031
f 2031 2870 2032
f 2869 2870 2031
f 2032 2871 2033
f 2870 2871 2032
f 2033 2872 2034
f 2871 2872 2033
f 2035 2034 2872
f 2035 2872 2873
f 2875 2874 2036
f 2875 2036 2037
f 2036 2876 2038
f 2874 2876 2036
f 2027 2038 2865
f 2865 2038 2876
f 2873 2877 2035
f 2035 2877 2039
f 2039 2878 2040
f 2877 2878 2039
f 2040 2879 2041
f 2878 2879 2040
f 2042 2041 2879
f 2042 2879 2880
f 2882 2881 2044
f 2882 2044 2045
f 2044 2883 2046
f 2881 2883 2044
f 2046 2884 2047
f 2883 2884 2046
f 2037 2047 2875
f 2875 2047 2884
f 2880 2885 2042
f 2042 2885 2048
f 2048 2886 2049
f 2885 2886 2048
f 2050 2049 2886
f 2050 2886 2887
f 2889 2888 2051
f 2889 2051 2052
f 2051 2890 2053
f 2888 2890 2051
f 2045 2053 2882
f 2882 2053 2890
f 2887 2891 2050
f 2050 2891 2054
f 2054 2892 2055
f 2891 2892 2054
f 2056 2055 2892
f 2056 2892 2893
f 2895 2894 2057
f 2895 2057 2058
f 2052 2057 2889
f 2889 2057 2894
f 2896 2061 2062
f 2063 2897 2062
f 2062 2897 2896
f 2064 2898 2063
f 2063 2898 2897
f 2065 2899 2064
f 2064 2899 2898
f 2066 2900 2065
f 2065 2900 2899
f 2067 2901 2066
f 2066 2901 2900
f 2068 2902 2067
f 2067 2902 2901
f 2069 2903 2068
f 2068 2903 2902
f 2070 2904 2069
f 2069 2904 2903
f 2071 2905 2070
f 2070 2905 2904
f 2072 2906 2071
f 2071 2906 2905
f 2074 2906 2072
f 2893 2907 2056
f 2056 2907 2075
f 2075 2908 2077
f 2907 2908 2075
f 2078 2077 2908
f 2078 2908 2909
f 2911 2910 2079
f 2911 2079 2080
f 2058 2079 2895
f 2895 2079 2910
f 2912 2081 2082
f 2083 2913 2082
f 2082 2913 2912
f 2084 2914 2083
f 2083 2914 2913
f 2085 2915 2084
f 2084 2915 2914
f 2061 2896 2085
f 2896 2915 2085
f 2896 2916 2915
f 2917 2896 2897
f 2916 2896 2917
f 2918 2897 2898
f 2917 2897 2918
f 2088 2918 2087
f 2918 2899 2087
f 2918 2898 2899
f 2087 2899 2090
f 2090 2899 2900
f 2090 2900 2092
f 2092 2900 2901
f 2092 2901 2094
f 2094 2901 2902
f 2094 2902 2096
f 2096 2902 2903
f 2096 2903 2097
f 2903 2919 2097
f 2903 2904 2919
f 2920 2904 2905
f 2919 2904 2920
f 2921 2905 2906
f 2920 2905 2921
f 2098 2922 2074
f 2922 2906 2074
f 2922 2921 2906
f 2099 2923 2098
f 2098 2923 2922
f 2100 2924 2099
f 2099 2924 2923
f 2102 2924 2100
f 2909 2925 2078
f 2078 2925 2103
f 2104 2103 2925
f 2104 2925 2926
f 2928 2927 2105
f 2928 2105 2106
f 2105 2929 2107
f 2927 2929 2105
f 2080 2107 2911
f 2911 2107 2929
f 2930 2109 2110
f 2111 2931 2110
f 2110 2931 2930
f 2081 2912 2111
f 2912 2931 2111
f 2912 2932 2931
f 2933 2912 2913
f 2932 2912 2933
f 2934 2913 2914
f 2933 2913 2934
f 2935 2914 2915
f 2934 2914 2935
f 2936 2915 2916
f 2935 2915 2936
f 2937 2916 2917
f 2936 2916 2937
f 2938 2917 2918
f 2937 2917 2938
f 2113 2938 2088
f 2088 2938 2918
f 2939 2118 2919
f 2919 2118 2097
f 2940 2919 2920
f 2939 2919 2940
f 2941 2920 2921
f 2940 2920 2941
f 2942 2921 2922
f 2941 2921 2942
f 2943 2922 2923
f 2942 2922 2943
f 2944 2923 2924
f 2943 2923 2944
f 2119 2945 2102
f 2945 2924 2102
f 2945 2944 2924
f 2120 2946 2119
f 2119 2946 2945
f 2121 2947 2120
f 2120 2947 2946
f 2122 2947 2121
f 2926 2948 2104
f 2104 2948 2123
f 2124 2123 2948
f 2124 2948 2949
f 2951 2950 2125
f 2951 2125 2126
f 2106 2125 2928
f 2928 2125 2950
f 2952 2127 2128
f 2129 2953 2128
f 2128 2953 2952
f 2130 2954 2129
f 2129 2954 2953
f 2109 2930 2130
f 2930 2954 2130
f 2930 2955 2954
f 2956 2930 2931
f 2955 2930 2956
f 2957 2931 2932
f 2956 2931 2957
f 2958 2932 2933
f 2957 2932 2958
f 2959 2933 2934
f 2958 2933 2959
f 2960 2934 2935
f 2959 2934 2960
f 2961 2935 2936
f 2960 2935 2961
f 2962 2936 2937
f 2961 2936 2962
f 2963 2937 2938
f 2962 2937 2963
f 2132 2963 2113
f 2113 2963 2938
f 2964 2137 2939
f 2939 2137 2118
f 2965 2939 2940
f 2964 2939 2965
f 2966 2940 2941
f 2965 2940 2966
f 2967 2941 2942
f 2966 2941 2967
f 2968 2942 2943
f 2967 2942 2968
f 2969 2943 2944
f 2968 2943 2969
f 2970 2944 2945
f 2969 2944 2970
f 2971 2945 2946
f 2970 2945 2971
f 2972 2946 2947
f 2971 2946 2972
f 2138 2973 2122
f 2973 2947 2122
f 2973 2972 2947
f 2139 2974 2138
f 2138 2974 2973
f 2140 2974 2139
f 2949 2975 2124
f 2124 2975 2141
f 2141 2976 2143
f 2975 2976 2141
f 2144 2143 2976
f 2144 2976 2977
f 2979 2978 2145
f 2979 2145 2146
f 2126 2145 2951
f 2951 2145 2978
f 2980 2147 2148
f 2127 2952 2148
f 2952 2980 2148
f 2952 2981 2980
f 2982 2952 2953
f 2981 2952 2982
f 2983 2953 2954
f 2982 2953 2983
f 2984 2954 2955
f 2983 2954 2984
f 2985 2955 2956
f 2984 2955 2985
f 2986 2956 2957
f 2985 2956 2986
f 2987 2957 2958
f 2986 2957 2987
f 2988 2958 2959
f 2987 2958 2988
f 2989 2959 2960
f 2988 2959 2989
f 2990 2960 2961
f 2989 2960 2990
f 2991 2961 2962
f 2990 2961 2991
f 2992 2962 2963
f 2991 2962 2992
f 2150 2992 2132
f 2132 2992 2963
f 2993 2154 2155
f 2137 2964 2155
f 2964 2993 2155
f 2964 2994 2993
f 2995 2964 2965
f 2994 2964 2995
f 2996 2965 2966
f 2995 2965 2996
f 2997 2966 2967
f 2996 2966 2997
f 2998 2967 2968
f 2997 2967 2998
f 2999 2968 2969
f 2998 2968 2999
f 3000 2969 2970
f 2999 2969 3000
f 3001 2970 2971
f 3000 2970 3001
f 3002 2971 2972
f 3001 2971 3002
f 3003 2972 2973
f 3002 2972 3003
f 3004 2973 2974
f 3003 2973 3004
f 2156 3005 2140
f 3005 2974 2140
f 3005 3004 2974
f 2158 3005 2156
f 2977 3006 2144
f 2144 3006 2160
f 2161 2160 3006
f 2161 3006 3007
f 3009 3008 2162
f 3009 2162 2163
f 2146 2162 2979
f 2979 2162 3008
f 3010 2164 2165
f 2147 2980 2165
f 2980 3010 2165
f 2980 3011 3010
f 3012 2980 2981
f 3011 2980 3012
f 3013 2981 2982
f 3012 2981 3013
f 3014 2982 2983
f 3013 2982 3014
f 3015 2983 2984
f 3014 2983 3015
f 3016 2984 2985
f 3015 2984 3016
f 3017 2985 2986
f 3016 2985 3017
f 3018 2986 2987
f 3017 2986 3018
f 3019 2987 2988
f 3018 2987 3019
f 3020 2988 2989
f 3019 2988 3020
f 3021 2989 2990
f 3020 2989 3021
f 3022 2990 2991
f 3021 2990 3022
f 3023 2991 2992
f 3022 2991 3023
f 2168 3024 2150
f 3024 2992 2150
f 3024 3023 2992
f 2169 3025 2168
f 2168 3025 3024
f 2170 3026 2169
f 2169 3026 3025
f 2171 3027 2170
f 2170 3027 3026
f 2154 2993 2171
f 2993 3027 2171
f 2993 3028 3027
f 3029 2993 2994
f 3028 2993 3029
f 3030 2994 2995
f 3029 2994 3030
f 3031 2995 2996
f 3030 2995 3031
f 3032 2996 2997
f 3031 2996 3032
f 3033 2997 2998
f 3032 2997 3033
f 3034 2998 2999
f 3033 2998 3034
f 3035 2999 3000
f 3034 2999 3035
f 3036 3000 3001
f 3035 3000 3036
f 3037 3001 3002
f 3036 3001 3037
f 3038 3002 3003
f 3037 3002 3038
f 3039 3003 3004
f 3038 3003 3039
f 3040 3004 3005
f 3039 3004 3040
f 2172 3041 2158
f 3041 3005 2158
f 3041 3040 3005
f 2173 3042 2172
f 2172 3042 3041
f 2174 3042 2173
f 3007 2175 2161
f 3043 2175 3007
f 3045 3044 2176
f 3045 2176 2177
f 2163 2176 3009
f 3009 2176 3044
f 3046 2179 2180
f 2164 3010 2180
f 3010 3046 2180
f 3010 3047 3046
f 3048 3010 3011
f 3047 3010 3048
f 3049 3011 3012
f 3048 3011 3049
f 2182 3049 2183
f 3049 3013 2183
f 3049 3012 3013
f 2183 3013 2184
f 2184 3013 3014
f 2184 3014 2185
f 3014 3050 2185
f 3014 3015 3050
f 3051 3015 3016
f 3050 3015 3051
f 3052 3016 3017
f 3051 3016 3052
f 3053 3017 3018
f 3052 3017 3053
f 3054 3018 3019
f 3053 3018 3054
f 3055 3019 3020
f 3054 3019 3055
f 3056 3020 3021
f 3055 3020 3056
f 3057 3021 3022
f 3056 3021 3057
f 3058 3022 3023
f 3057 3022 3058
f 3059 3023 3024
f 3058 3023 3059
f 3060 3024 3025
f 3059 3024 3060
f 3061 3025 3026
f 3060 3025 3061
f 3062 3026 3027
f 3061 3026 3062
f 3063 3027 3028
f 3062 3027 3063
f 3064 3028 3029
f 3063 3028 3064
f 3065 3029 3030
f 3064 3029 3065
f 3066 3030 3031
f 3065 3030 3066
f 3067 3031 3032
f 3066 3031 3067
f 3068 3032 3033
f 3067 3032 3068
f 3069 3033 3034
f 3068 3033 3069
f 3070 3034 3035
f 3069 3034 3070
f 3071 3035 3036
f 3070 3035 3071
f 3072 3036 3037
f 3071 3036 3072
f 3073 3037 3038
f 3072 3037 3073
f 3074 3038 3039
f 3073 3038 3074
f 3075 3039 3040
f 3074 3039 3075
f 3076 3040 3041
f 3075 3040 3076
f 3077 3041 3042
f 3076 3041 3077
f 2186 3078 2174
f 3078 3042 2174
f 3078 3077 3042
f 2187 3078 2186
f 3043 3079 2175
f 2175 3079 2188
f 2189 2188 3079
f 2189 3079 3080
f 2190 3045 2177
f 2190 3081 3045
f 3082 2191 2192
f 2193 3083 2192
f 2192 3083 3082
f 2179 3046 2193
f 3046 3083 2193
f 3046 3084 3083
f 3085 3046 3047
f 3084 3046 3085
f 3086 3047 3048
f 3085 3047 3086
f 3087 3048 3049
f 3086 3048 3087
f 2194 3087 2182
f 2182 3087 3049
f 3088 2195 3050
f 3050 2195 2185
f 3089 3050 3051
f 3088 3050 3089
f 3090 3051 3052
f 3089 3051 3090
f 3091 3052 3053
f 3090 3052 3091
f 3092 3053 3054
f 3091 3053 3092
f 3093 3054 3055
f 3092 3054 3093
f 3094 3055 3056
f 3093 3055 3094
f 3095 3056 3057
f 3094 3056 3095
f 3096 3057 3058
f 3095 3057 3096
f 3097 3058 3059
f 3096 3058 3097
f 3098 3059 3060
f 3097 3059 3098
f 3099 3060 3061
f 3098 3060 3099
f 3100 3061 3062
f 3099 3061 3100
f 3101 3062 3063
f 3100 3062 3101
f 3102 3063 3064
f 3101 3063 3102
f 3103 3064 3065
f 3102 3064 3103
f 3104 3065 3066
f 3103 3065 3104
f 3105 3066 3067
f 3104 3066 3105
f 3106 3067 3068
f 3105 3067 3106
f 3107 3068 3069
f 3106 3068 3107
f 3108 3069 3070
f 3107 3069 3108
f 3109 3070 3071
f 3108 3070 3109
f 3110 3071 3072
f 3109 3071 3110
f 3111 3072 3073
f 3110 3072 3111
f 3112 3073 3074
f 3111 3073 3112
f 3113 3074 3075
f 3112 3074 3113
f 3114 3075 3076
f 3113 3075 3114
f 3115 3076 3077
f 3114 3076 3115
f 3116 3077 3078
f 3115 3077 3116
f 2196 3117 2187
f 3117 3078 2187
f 3117 3116 3078
f 2197 3117 2196
f 3080 3118 2189
f 2189 3118 2198
f 2199 2198 3118
f 2199 3118 3119
f 3121 3120 2200
f 3121 2200 2201
f 2190 2200 3081
f 3081 2200 3120
f 3122 2202 2203
f 2191 3082 2203
f 3082 3122 2203
f 3082 3123 3122
f 3124 3082 3083
f 3123 3082 3124
f 3125 3083 3084
f 3124 3083 3125
f 3126 3084 3085
f 3125 3084 3126
f 3127 3085 3086
f 3126 3085 3127
f 3128 3086 3087
f 3127 3086 3128
f 2204 3129 2194
f 3129 3087 2194
f 3129 3128 3087
f 2205 3130 2204
f 2204 3130 3129
f 2195 3088 2205
f 3088 3130 2205
f 3088 3131 3130
f 3132 3088 3089
f 3131 3088 3132
f 3133 3089 3090
f 3132 3089 3133
f 3134 3090 3091
f 3133 3090 3134
f 3135 3091 3092
f 3134 3091 3135
f 3136 3092 3093
f 3135 3092 3136
f 3137 3093 3094
f 3136 3093 3137
f 3138 3094 3095
f 3137 3094 3138
f 3139 3095 3096
f 3138 3095 3139
f 3140 3096 3097
f 3139 3096 3140
f 3141 3097 3098
f 3140 3097 3141
f 3142 3098 3099
f 3141 3098 3142
f 3143 3099 3100
f 3142 3099 3143
f 3144 3100 3101
f 3143 3100 3144
f 3145 3101 3102
f 3144 3101 3145
f 3146 3102 3103
f 3145 3102 3146
f 3147 3103 3104
f 3146 3103 3147
f 3148 3104 3105
f 3147 3104 3148
f 3149 3105 3106
f 3148 3105 3149
f 3150 3106 3107
f 3149 3106 3150
f 3151 3107 3108
f 3150 3107 3151
f 3152 3108 3109
f 3151 3108 3152
f 3153 3109 3110
f 3152 3109 3153
f 3154 3110 3111
f 3153 3110 3154
f 3155 3111 3112
f 3154 3111 3155
f 3156 3112 3113
f 3155 3112 3156
f 3157 3113 3114
f 3156 3113 3157
f 3158 3114 3115
f 3157 3114 3158
f 3159 3115 3116
f 3158 3115 3159
f 3160 3116 3117
f 3159 3116 3160
f 2208 3161 2197
f 3161 3117 2197
f 3161 3160 3117
f 2209 3161 2208
f 3119 3162 2199
f 2199 3162 2210
f 2212 2210 3162
f 2212 3162 3163
f 3165 3164 2213
f 3165 2213 2214
f 2201 2213 3121
f 3121 2213 3164
f 3166 2216 3122
f 3122 2216 2202
f 3167 3122 3123
f 3166 3122 3167
f 3168 3123 3124
f 3167 3123 3168
f 3169 3124 3125
f 3168 3124 3169
f 3170 3125 3126
f 3169 3125 3170
f 3171 3126 3127
f 3170 3126 3171
f 3172 3127 3128
f 3171 3127 3172
f 3173 3128 3129
f 3172 3128 3173
f 3174 3129 3130
f 3173 3129 3174
f 3175 3130 3131
f 3174 3130 3175
f 3176 3131 3132
f 3175 3131 3176
f 3177 3132 3133
f 3176 3132 3177
f 3178 3133 3134
f 3177 3133 3178
f 3179 3134 3135
f 3178 3134 3179
f 3180 3135 3136
f 3179 3135 3180
f 3181 3136 3137
f 3180 3136 3181
f 3182 3137 3138
f 3181 3137 3182
f 3183 3138 3139
f 3182 3138 3183
f 3184 3139 3140
f 3183 3139 3184
f 3185 3140 3141
f 3184 3140 3185
f 3186 3141 3142
f 3185 3141 3186
f 3187 3142 3143
f 3186 3142 3187
f 3188 3143 3144
f 3187 3143 3188
f 3189 3144 3145
f 3188 3144 3189
f 3190 3145 3146
f 3189 3145 3190
f 3191 3146 3147
f 3190 3146 3191
f 3192 3147 3148
f 3191 3147 3192
f 3193 3148 3149
f 3192 3148 3193
f 3194 3149 3150
f 3193 3149 3194
f 3195 3150 3151
f 3194 3150 3195
f 3196 3151 3152
f 3195 3151 3196
f 3197 3152 3153
f 3196 3152 3197
f 3198 3153 3154
f 3197 3153 3198
f 3199 3154 3155
f 3198 3154 3199
f 3200 3155 3156
f 3199 3155 3200
f 3201 3156 3157
f 3200 3156 3201
f 3202 3157 3158
f 3201 3157 3202
f 3203 3158 3159
f 3202 3158 3203
f 3204 3159 3160
f 3203 3159 3204
f 3205 3160 3161
f 3204 3160 3205
f 2219 3206 2209
f 3206 3161 2209
f 3206 3205 3161
f 2220 3206 2219
f 2222 2212 3207
f 2212 3208 3207
f 2212 3163 3208
f 3207 2223 2222
f 3210 3209 2224
f 3210 2224 2225
f 2214 2224 3165
f 3165 2224 3209
f 3211 2226 2227
f 2216 3166 2227
f 3166 3211 2227
f 3166 3212 3211
f 3213 3166 3167
f 3212 3166 3213
f 3214 3167 3168
f 3213 3167 3214
f 3215 3168 3169
f 3214 3168 3215
f 3216 3169 3170
f 3215 3169 3216
f 3217 3170 3171
f 3216 3170 3217
f 3218 3171 3172
f 3217 3171 3218
f 3219 3172 3173
f 3218 3172 3219
f 3220 3173 3174
f 3219 3173 3220
f 3221 3174 3175
f 3220 3174 3221
f 3222 3175 3176
f 3221 3175 3222
f 3223 3176 3177
f 3222 3176 3223
f 3224 3177 3178
f 3223 3177 3224
f 3225 3178 3179
f 3224 3178 3225
f 3226 3179 3180
f 3225 3179 3226
f 3227 3180 3181
f 3226 3180 3227
f 3228 3181 3182
f 3227 3181 3228
f 3229 3182 3183
f 3228 3182 3229
f 3230 3183 3184
f 3229 3183 3230
f 3231 3184 3185
f 3230 3184 3231
f 3232 3185 3186
f 3231 3185 3232
f 3233 3186 3187
f 3232 3186 3233
f 3234 3187 3188
f 3233 3187 3234
f 3235 3188 3189
f 3234 3188 3235
f 3236 3189 3190
f 3235 3189 3236
f 3237 3190 3191
f 3236 3190 3237
f 3238 3191 3192
f 3237 3191 3238
f 3239 3192 3193
f 3238 3192 3239
f 3240 3193 3194
f 3239 3193 3240
f 3241 3194 3195
f 3240 3194 3241
f 3242 3195 3196
f 3241 3195 3242
f 3243 3196 3197
f 3242 3196 3243
f 3244 3197 3198
f 3243 3197 3244
f 3245 3198 3199
f 3244 3198 3245
f 3246 3199 3200
f 3245 3199 3246
f 3247 3200 3201
f 3246 3200 3247
f 3248 3201 3202
f 3247 3201 3248
f 3249 3202 3203
f 3248 3202 3249
f 3250 3203 3204
f 3249 3203 3250
f 3251 3204 3205
f 3250 3204 3251
f 3252 3205 3206
f 3251 3205 3252
f 2230 3253 2220
f 3253 3206 2220
f 3253 3252 3206
f 2231 3253 2230
f 3208 3254 3207
f 2223 3207 3254
f 3255 2223 3254
f 2232 2223 3255
f 2233 3210 2225
f 2233 3256 3210
f 3257 2234 2235
f 2226 3211 2235
f 3211 3257 2235
f 3211 3258 3257
f 3259 3211 3212
f 3258 3211 3259
f 3260 3212 3213
f 3259 3212 3260
f 3261 3213 3214
f 3260 3213 3261
f 3262 3214 3215
f 3261 3214 3262
f 3263 3215 3216
f 3262 3215 3263
f 3264 3216 3217
f 3263 3216 3264
f 3265 3217 3218
f 3264 3217 3265
f 3266 3218 3219
f 3265 3218 3266
f 3267 3219 3220
f 3266 3219 3267
f 3268 3220 3221
f 3267 3220 3268
f 3269 3221 3222
f 3268 3221 3269
f 3270 3222 3223
f 3269 3222 3270
f 3271 3223 3224
f 3270 3223 3271
f 3272 3224 3225
f 3271 3224 3272
f 3273 3225 3226
f 3272 3225 3273
f 3274 3226 3227
f 3273 3226 3274
f 3275 3227 3228
f 3274 3227 3275
f 3276 3228 3229
f 3275 3228 3276
f 3277 3229 3230
f 3276 3229 3277
f 3278 3230 3231
f 3277 3230 3278
f 3279 3231 3232
f 3278 3231 3279
f 3280 3232 3233
f 3279 3232 3280
f 3281 3233 3234
f 3280 3233 3281
f 3282 3234 3235
f 3281 3234 3282
f 3283 3235 3236
f 3282 3235 3283
f 3284 3236 3237
f 3283 3236 3284
f 3285 3237 3238
f 3284 3237 3285
f 3286 3238 3239
f 3285 3238 3286
f 3287 3239 3240
f 3286 3239 3287
f 3288 3240 3241
f 3287 3240 3288
f 3289 3241 3242
f 3288 3241 3289
f 3290 3242 3243
f 3289 3242 3290
f 3291 3243 3244
f 3290 3243 3291
f 3292 3244 3245
f 3291 3244 3292
f 3293 3245 3246
f 3292 3245 3293
f 3294 3246 3247
f 3293 3246 3294
f 3295 3247 3248
f 3294 3247 3295
f 3296 3248 3249
f 3295 3248 3296
f 3297 3249 3250
f 3296 3249 3297
f 3298 3250 3251
f 3297 3250 3298
f 3299 3251 3252
f 3298 3251 3299
f 3300 3252 3253
f 3299 3252 3300
f 2239 3300 2231
f 2231 3300 3253
f 3255 3301 2232
f 2232 3301 2240
f 2241 2240 3301
f 2241 3301 3302
f 3304 3303 2242
f 3304 2242 2243
f 2233 2242 3256
f 3256 2242 3303
f 3305 2244 2245
f 2234 3257 2245
f 3257 3305 2245
f 3257 3306 3305
f 3307 3257 3258
f 3306 3257 3307
f 3308 3258 3259
f 3307 3258 3308
f 3309 3259 3260
f 3308 3259 3309
f 3310 3260 3261
f 3309 3260 3310
f 3311 3261 3262
f 3310 3261 3311
f 3312 3262 3263
f 3311 3262 3312
f 3313 3263 3264
f 3312 3263 3313
f 3314 3264 3265
f 3313 3264 3314
f 3315 3265 3266
f 3314 3265 3315
f 3316 3266 3267
f 3315 3266 3316
f 3317 3267 3268
f 3316 3267 3317
f 3318 3268 3269
f 3317 3268 3318
f 3319 3269 3270
f 3318 3269 3319
f 3320 3270 3271
f 3319 3270 3320
f 3321 3271 3272
f 3320 3271 3321
f 3322 3272 3273
f 3321 3272 3322
f 3323 3273 3274
f 3322 3273 3323
f 3324 3274 3275
f 3323 3274 3324
f 3325 3275 3276
f 3324 3275 3325
f 3326 3276 3277
f 3325 3276 3326
f 3327 3277 3278
f 3326 3277 3327
f 3328 3278 3279
f 3327 3278 3328
f 3329 3279 3280
f 3328 3279 3329
f 3330 3280 3281
f 3329 3280 3330
f 3331 3281 3282
f 3330 3281 3331
f 3332 3282 3283
f 3331 3282 3332
f 3333 3283 3284
f 3332 3283 3333
f 3334 3284 3285
f 3333 3284 3334
f 3335 3285 3286
f 3334 3285 3335
f 3336 3286 3287
f 3335 3286 3336
f 3337 3287 3288
f 3336 3287 3337
f 3338 3288 3289
f 3337 3288 3338
f 3339 3289 3290
f 3338 3289 3339
f 3340 3290 3291
f 3339 3290 3340
f 3341 3291 3292
f 3340 3291 3341
f 3342 3292 3293
f 3341 3292 3342
f 3343 3293 3294
f 3342 3293 3343
f 3344 3294 3295
f 3343 3294 3344
f 3345 3295 3296
f 3344 3295 3345
f 3346 3296 3297
f 3345 3296 3346
f 3347 3297 3298
f 3346 3297 3347
f 3348 3298 3299
f 3347 3298 3348
f 3349 3299 3300
f 3348 3299 3349
f 2248 3350 2239
f 3350 3300 2239
f 3350 3349 3300
f 2249 3350 2248
f 3302 2250 2241
f 3351 2250 3302
f 2251 3304 2243
f 2251 3352 3304
f 3353 2253 3305
f 3305 2253 2244
f 3354 3305 3306
f 3353 3305 3354
f 3355 3306 3307
f 3354 3306 3355
f 3356 3307 3308
f 3355 3307 3356
f 3357 3308 3309
f 3356 3308 3357
f 3358 3309 3310
f 3357 3309 3358
f 3359 3310 3311
f 3358 3310 3359
f 3360 3311 3312
f 3359 3311 3360
f 3361 3312 3313
f 3360 3312 3361
f 3362 3313 3314
f 3361 3313 3362
f 3363 3314 3315
f 3362 3314 3363
f 3364 3315 3316
f 3363 3315 3364
f 3365 3316 3317
f 3364 3316 3365
f 3366 3317 3318
f 3365 3317 3366
f 3367 3318 3319
f 3366 3318 3367
f 3368 3319 3320
f 3367 3319 3368
f 3369 3320 3321
f 3368 3320 3369
f 3370 3321 3322
f 3369 3321 3370
f 3371 3322 3323
f 3370 3322 3371
f 3372 3323 3324
f 3371 3323 3372
f 3373 3324 3325
f 3372 3324 3373
f 3374 3325 3326
f 3373 3325 3374
f 3375 3326 3327
f 3374 3326 3375
f 3376 3327 3328
f 3375 3327 3376
f 3377 3328 3329
f 3376 3328 3377
f 3378 3329 3330
f 3377 3329 3378
f 3379 3330 3331
f 3378 3330 3379
f 3380 3331 3332
f 3379 3331 3380
f 3381 3332 3333
f 3380 3332 3381
f 3382 3333 3334
f 3381 3333 3382
f 3383 3334 3335
f 3382 3334 3383
f 3384 3335 3336
f 3383 3335 3384
f 3385 3336 3337
f 3384 3336 3385
f 3386 3337 3338
f 3385 3337 3386
f 3387 3338 3339
f 3386 3338 3387
f 3388 3339 3340
f 3387 3339 3388
f 3389 3340 3341
f 3388 3340 3389
f 3390 3341 3342
f 3389 3341 3390
f 3391 3342 3343
f 3390 3342 3391
f 3392 3343 3344
f 3391 3343 3392
f 3393 3344 3345
f 3392 3344 3393
f 3394 3345 3346
f 3393 3345 3394
f 3395 3346 3347
f 3394 3346 3395
f 3396 3347 3348
f 3395 3347 3396
f 3397 3348 3349
f 3396 3348 3397
f 3398 3349 3350
f 3397 3349 3398
f 2256 3399 2249
f 3399 3350 2249
f 3399 3398 3350
f 2257 3399 2256
f 3351 3400 2250
f 2250 3400 2258
f 2260 2258 3400
f 2260 3400 3401
f 2261 3352 2251
f 2261 3402 3352
f 3403 2262 2263
f 2253 3353 2263
f 3353 3403 2263
f 3353 3404 3403
f 3405 3353 3354
f 3404 3353 3405
f 3406 3354 3355
f 3405 3354 3406
f 3407 3355 3356
f 3406 3355 3407
f 3408 3356 3357
f 3407 3356 3408
f 3409 3357 3358
f 3408 3357 3409
f 3410 3358 3359
f 3409 3358 3410
f 3411 3359 3360
f 3410 3359 3411
f 3412 3360 3361
f 3411 3360 3412
f 3413 3361 3362
f 3412 3361 3413
f 3414 3362 3363
f 3413 3362 3414
f 3415 3363 3364
f 3414 3363 3415
f 3416 3364 3365
f 3415 3364 3416
f 3417 3365 3366
f 3416 3365 3417
f 3418 3366 3367
f 3417 3366 3418
f 3419 3367 3368
f 3418 3367 3419
f 3420 3368 3369
f 3419 3368 3420
f 3421 3369 3370
f 3420 3369 3421
f 3422 3370 3371
f 3421 3370 3422
f 3423 3371 3372
f 3422 3371 3423
f 3424 3372 3373
f 3423 3372 3424
f 3425 3373 3374
f 3424 3373 3425
f 3426 3374 3375
f 3425 3374 3426
f 3427 3375 3376
f 3426 3375 3427
f 3428 3376 3377
f 3427 3376 3428
f 3429 3377 3378
f 3428 3377 3429
f 3430 3378 3379
f 3429 3378 3430
f 3431 3379 3380
f 3430 3379 3431
f 3432 3380 3381
f 3431 3380 3432
f 3433 3381 3382
f 3432 3381 3433
f 3434 3382 3383
f 3433 3382 3434
f 3435 3383 3384
f 3434 3383 3435
f 3436 3384 3385
f 3435 3384 3436
f 3437 3385 3386
f 3436 3385 3437
f 3438 3386 3387
f 3437 3386 3438
f 3439 3387 3388
f 3438 3387 3439
f 3440 3388 3389
f 3439 3388 3440
f 3441 3389 3390
f 3440 3389 3441
f 3442 3390 3391
f 3441 3390 3442
f 3443 3391 3392
f 3442 3391 3443
f 3444 3392 3393
f 3443 3392 3444
f 3445 3393 3394
f 3444 3393 3445
f 3446 3394 3395
f 3445 3394 3446
f 3447 3395 3396
f 3446 3395 3447
f 3448 3396 3397
f 3447 3396 3448
f 3449 3397 3398
f 3448 3397 3449
f 3450 3398 3399
f 3449 3398 3450
f 2266 3450 2257
f 2257 3450 3399
f 3401 2267 2260
f 3451 2267 3401
f 3453 3452 2268
f 3453 2268 2269
f 2261 2268 3402
f 3402 2268 3452
f 3454 2271 3403
f 3403 2271 2262
f 3455 3403 3404
f 3454 3403 3455
f 3456 3404 3405
f 3455 3404 3456
f 3457 3405 3406
f 3456 3405 3457
f 3458 3406 3407
f 3457 3406 3458
f 3459 3407 3408
f 3458 3407 3459
f 3460 3408 3409
f 3459 3408 3460
f 3461 3409 3410
f 3460 3409 3461
f 3462 3410 3411
f 3461 3410 3462
f 3463 3411 3412
f 3462 3411 3463
f 3464 3412 3413
f 3463 3412 3464
f 3465 3413 3414
f 3464 3413 3465
f 3466 3414 3415
f 3465 3414 3466
f 3467 3415 3416
f 3466 3415 3467
f 3468 3416 3417
f 3467 3416 3468
f 3469 3417 3418
f 3468 3417 3469
f 3470 3418 3419
f 3469 3418 3470
f 3471 3419 3420
f 3470 3419 3471
f 3472 3420 3421
f 3471 3420 3472
f 3473 3421 3422
f 3472 3421 3473
f 3474 3422 3423
f 3473 3422 3474
f 3475 3423 3424
f 3474 3423 3475
f 3476 3424 3425
f 3475 3424 3476
f 3477 3425 3426
f 3476 3425 3477
f 3478 3426 3427
f 3477 3426 3478
f 3479 3427 3428
f 3478 3427 3479
f 3480 3428 3429
f 3479 3428 3480
f 3481 3429 3430
f 3480 3429 3481
f 3482 3430 3431
f 3481 3430 3482
f 3483 3431 3432
f 3482 3431 3483
f 3484 3432 3433
f 3483 3432 3484
f 3485 3433 3434
f 3484 3433 3485
f 3486 3434 3435
f 3485 3434 3486
f 3487 3435 3436
f 3486 3435 3487
f 3488 3436 3437
f 3487 3436 3488
f 3489 3437 3438
f 3488 3437 3489
f 3490 3438 3439
f 3489 3438 3490
f 3491 3439 3440
f 3490 3439 3491
f 3492 3440 3441
f 3491 3440 3492
f 3493 3441 3442
f 3492 3441 3493
f 3494 3442 3443
f 3493 3442 3494
f 3495 3443 3444
f 3494 3443 3495
f 3496 3444 3445
f 3495 3444 3496
f 3497 3445 3446
f 3496 3445 3497
f 3498 3446 3447
f 3497 3446 3498
f 3499 3447 3448
f 3498 3447 3499
f 3500 3448 3449
f 3499 3448 3500
f 3501 3449 3450
f 3500 3449 3501
f 2273 3502 2266
f 3502 3450 2266
f 3502 3501 3450
f 2274 3502 2273
f 3451 2275 2267
f 3503 2275 3451
f 2276 3453 2269
f 2276 3504 3453
f 3505 2277 2278
f 2271 3454 2278
f 3454 3505 2278
f 3454 3506 3505
f 3507 3454 3455
f 3506 3454 3507
f 3508 3455 3456
f 3507 3455 3508
f 3509 3456 3457
f 3508 3456 3509
f 3510 3457 3458
f 3509 3457 3510
f 3511 3458 3459
f 3510 3458 3511
f 3512 3459 3460
f 3511 3459 3512
f 3513 3460 3461
f 3512 3460 3513
f 3514 3461 3462
f 3513 3461 3514
f 3515 3462 3463
f 3514 3462 3515
f 3516 3463 3464
f 3515 3463 3516
f 3517 3464 3465
f 3516 3464 3517
f 3518 3465 3466
f 3517 3465 3518
f 3519 3466 3467
f 3518 3466 3519
f 3520 3467 3468
f 3519 3467 3520
f 3521 3468 3469
f 3520 3468 3521
f 3522 3469 3470
f 3521 3469 3522
f 3523 3470 3471
f 3522 3470 3523
f 3524 3471 3472
f 3523 3471 3524
f 3525 3472 3473
f 3524 3472 3525
f 3526 3473 3474
f 3525 3473 3526
f 3527 3474 3475
f 3526 3474 3527
f 3528 3475 3476
f 3527 3475 3528
f 3529 3476 3477
f 3528 3476 3529
f 3530 3477 3478
f 3529 3477 3530
f 3531 3478 3479
f 3530 3478 3531
f 3532 3479 3480
f 3531 3479 3532
f 3533 3480 3481
f 3532 3480 3533
f 3534 3481 3482
f 3533 3481 3534
f 3535 3482 3483
f 3534 3482 3535
f 3536 3483 3484
f 3535 3483 3536
f 3537 3484 3485
f 3536 3484 3537
f 3538 3485 3486
f 3537 3485 3538
f 3539 3486 3487
f 3538 3486 3539
f 3540 3487 3488
f 3539 3487 3540
f 3541 3488 3489
f 3540 3488 3541
f 3542 3489 3490
f 3541 3489 3542
f 3543 3490 3491
f 3542 3490 3543
f 3544 3491 3492
f 3543 3491 3544
f 3545 3492 3493
f 3544 3492 3545
f 3546 3493 3494
f 3545 3493 3546
f 3547 3494 3495
f 3546 3494 3547
f 3548 3495 3496
f 3547 3495 3548
f 3549 3496 3497
f 3548 3496 3549
f 3550 3497 3498
f 3549 3497 3550
f 3551 3498 3499
f 3550 3498 3551
f 3552 3499 3500
f 3551 3499 3552
f 3553 3500 3501
f 3552 3500 3553
f 3554 3501 3502
f 3553 3501 3554
f 2281 3554 2274
f 2274 3554 3502
f 3503 3555 2275
f 2275 3555 2282
f 2283 2282 3555
f 2283 3555 3556
f 3558 3557 2284
f 3558 2284 2285
f 2276 2284 3504
f 3504 2284 3557
f 3559 2286 3505
f 3505 2286 2277
f 3560 3505 3506
f 3559 3505 3560
f 3561 3506 3507
f 3560 3506 3561
f 3562 3507 3508
f 3561 3507 3562
f 3563 3508 3509
f 3562 3508 3563
f 3564 3509 3510
f 3563 3509 3564
f 3565 3510 3511
f 3564 3510 3565
f 3566 3511 3512
f 3565 3511 3566
f 3567 3512 3513
f 3566 3512 3567
f 3568 3513 3514
f 3567 3513 3568
f 3569 3514 3515
f 3568 3514 3569
f 3570 3515 3516
f 3569 3515 3570
f 3571 3516 3517
f 3570 3516 3571
f 3572 3517 3518
f 3571 3517 3572
f 3573 3518 3519
f 3572 3518 3573
f 3574 3519 3520
f 3573 3519 3574
f 3575 3520 3521
f 3574 3520 3575
f 3576 3521 3522
f 3575 3521 3576
f 3577 3522 3523
f 3576 3522 3577
f 3578 3523 3524
f 3577 3523 3578
f 3579 3524 3525
f 3578 3524 3579
f 3580 3525 3526
f 3579 3525 3580
f 3581 3526 3527
f 3580 3526 3581
f 3582 3527 3528
f 3581 3527 3582
f 3583 3528 3529
f 3582 3528 3583
f 3584 3529 3530
f 3583 3529 3584
f 3585 3530 3531
f 3584 3530 3585
f 3586 3531 3532
f 3585 3531 3586
f 3587 3532 3533
f 3586 3532 3587
f 3588 3533 3534
f 3587 3533 3588
f 3589 3534 3535
f 3588 3534 3589
f 3590 3535 3536
f 3589 3535 3590
f 3591 3536 3537
f 3590 3536 3591
f 3592 3537 3538
f 3591 3537 3592
f 3593 3538 3539
f 3592 3538 3593
f 3594 3539 3540
f 3593 3539 3594
f 3595 3540 3541
f 3594 3540 3595
f 3596 3541 3542
f 3595 3541 3596
f 3597 3542 3543
f 3596 3542 3597
f 3598 3543 3544
f 3597 3543 3598
f 3599 3544 3545
f 3598 3544 3599
f 3600 3545 3546
f 3599 3545 3600
f 3601 3546 3547
f 3600 3546 3601
f 3602 3547 3548
f 3601 3547 3602
f 3603 3548 3549
f 3602 3548 3603
f 3604 3549 3550
f 3603 3549 3604
f 3605 3550 3551
f 3604 3550 3605
f 3606 3551 3552
f 3605 3551 3606
f 3607 3552 3553
f 3606 3552 3607
f 3608 3553 3554
f 3607 3553 3608
f 2288 3609 2281
f 3609 3554 2281
f 3609 3608 3554
f 2289 3609 2288
f 3556 2290 2283
f 3610 2290 3556
f 2291 3558 2285
f 2291 3611 3558
f 3612 2292 2293
f 2286 3559 2293
f 3559 3612 2293
f 3559 3613 3612
f 3614 3559 3560
f 3613 3559 3614
f 3615 3560 3561
f 3614 3560 3615
f 3616 3561 3562
f 3615 3561 3616
f 3617 3562 3563
f 3616 3562 3617
f 3618 3563 3564
f 3617 3563 3618
f 3619 3564 3565
f 3618 3564 3619
f 3620 3565 3566
f 3619 3565 3620
f 3621 3566 3567
f 3620 3566 3621
f 3622 3567 3568
f 3621 3567 3622
f 3623 3568 3569
f 3622 3568 3623
f 3624 3569 3570
f 3623 3569 3624
f 3625 3570 3571
f 3624 3570 3625
f 3626 3571 3572
f 3625 3571 3626
f 3627 3572 3573
f 3626 3572 3627
f 3628 3573 3574
f 3627 3573 3628
f 3629 3574 3575
f 3628 3574 3629
f 3630 3575 3576
f 3629 3575 3630
f 3631 3576 3577
f 3630 3576 3631
f 3632 3577 3578
f 3631 3577 3632
f 3633 3578 3579
f 3632 3578 3633
f 3634 3579 3580
f 3633 3579 3634
f 3635 3580 3581
f 3634 3580 3635
f 3636 3581 3582
f 3635 3581 3636
f 3637 3582 3583
f 3636 3582 3637
f 3638 3583 3584
f 3637 3583 3638
f 3639 3584 3585
f 3638 3584 3639
f 3640 3585 3586
f 3639 3585 3640
f 3641 3586 3587
f 3640 3586 3641
f 3642 3587 3588
f 3641 3587 3642
f 3643 3588 3589
f 3642 3588 3643
f 3644 3589 3590
f 3643 3589 3644
f 3645 3590 3591
f 3644 3590 3645
f 3646 3591 3592
f 3645 3591 3646
f 3647 3592 3593
f 3646 3592 3647
f 3648 3593 3594
f 3647 3593 3648
f 3649 3594 3595
f 3648 3594 3649
f 3650 3595 3596
f 3649 3595 3650
f 3651 3596 3597
f 3650 3596 3651
f 3652 3597 3598
f 3651 3597 3652
f 3653 3598 3599
f 3652 3598 3653
f 3654 3599 3600
f 3653 3599 3654
f 3655 3600 3601
f 3654 3600 3655
f 3656 3601 3602
f 3655 3601 3656
f 3657 3602 3603
f 3656 3602 3657
f 3658 3603 3604
f 3657 3603 3658
f 3659 3604 3605
f 3658 3604 3659
f 3660 3605 3606
f 3659 3605 3660
f 3661 3606 3607
f 3660 3606 3661
f 3662 3607 3608
f 3661 3607 3662
f 3663 3608 3609
f 3662 3608 3663
f 2296 3663 2289
f 2289 3663 3609
f 3610 3664 2290
f 2290 3664 2297
f 2298 2297 3664
f 2298 3664 3665
f 2299 3611 2291
f 2299 3666 3611
f 3667 2300 3612
f 3612 2300 2292
f 3668 3612 3613
f 3667 3612 3668
f 3669 3613 3614
f 3668 3613 3669
f 3670 3614 3615
f 3669 3614 3670
f 3671 3615 3616
f 3670 3615 3671
f 3672 3616 3617
f 3671 3616 3672
f 3673 3617 3618
f 3672 3617 3673
f 3674 3618 3619
f 3673 3618 3674
f 3675 3619 3620
f 3674 3619 3675
f 3676 3620 3621
f 3675 3620 3676
f 3677 3621 3622
f 3676 3621 3677
f 3678 3622 3623
f 3677 3622 3678
f 3679 3623 3624
f 3678 3623 3679
f 3680 3624 3625
f 3679 3624 3680
f 3681 3625 3626
f 3680 3625 3681
f 3682 3626 3627
f 3681 3626 3682
f 3683 3627 3628
f 3682 3627 3683
f 3684 3628 3629
f 3683 3628 3684
f 3685 3629 3630
f 3684 3629 3685
f 3686 3630 3631
f 3685 3630 3686
f 3687 3631 3632
f 3686 3631 3687
f 3688 3632 3633
f 3687 3632 3688
f 3689 3633 3634
f 3688 3633 3689
f 3690 3634 3635
f 3689 3634 3690
f 3691 3635 3636
f 3690 3635 3691
f 3692 3636 3637
f 3691 3636 3692
f 3693 3637 3638
f 3692 3637 3693
f 3694 3638 3639
f 3693 3638 3694
f 3695 3639 3640
f 3694 3639 3695
f 3696 3640 3641
f 3695 3640 3696
f 3697 3641 3642
f 3696 3641 3697
f 3698 3642 3643
f 3697 3642 3698
f 3699 3643 3644
f 3698 3643 3699
f 3700 3644 3645
f 3699 3644 3700
f 3701 3645 3646
f 3700 3645 3701
f 3702 3646 3647
f 3701 3646 3702
f 3703 3647 3648
f 3702 3647 3703
f 3704 3648 3649
f 3703 3648 3704
f 3705 3649 3650
f 3704 3649 3705
f 3706 3650 3651
f 3705 3650 3706
f 3707 3651 3652
f 3706 3651 3707
f 3708 3652 3653
f 3707 3652 3708
f 3709 3653 3654
f 3708 3653 3709
f 3710 3654 3655
f 3709 3654 3710
f 3711 3655 3656
f 3710 3655 3711
f 3712 3656 3657
f 3711 3656 3712
f 3713 3657 3658
f 3712 3657 3713
f 3714 3658 3659
f 3713 3658 3714
f 3715 3659 3660
f 3714 3659 3715
f 3716 3660 3661
f 3715 3660 3716
f 3717 3661 3662
f 3716 3661 3717
f 3718 3662 3663
f 3717 3662 3718
f 2303 3718 2296
f 2296 3718 3663
f 3665 2304 2298
f 3719 2304 3665
f 2305 3666 2299
f 2305 3720 3666
f 3721 2306 3667
f 3667 2306 2300
f 3722 3667 3668
f 3721 3667 3722
f 3723 3668 3669
f 3722 3668 3723
f 3724 3669 3670
f 3723 3669 3724
f 3725 3670 3671
f 3724 3670 3725
f 3726 3671 3672
f 3725 3671 3726
f 3727 3672 3673
f 3726 3672 3727
f 3728 3673 3674
f 3727 3673 3728
f 3729 3674 3675
f 3728 3674 3729
f 3730 3675 3676
f 3729 3675 3730
f 3731 3676 3677
f 3730 3676 3731
f 3732 3677 3678
f 3731 3677 3732
f 3733 3678 3679
f 3732 3678 3733
f 3734 3679 3680
f 3733 3679 3734
f 3735 3680 3681
f 3734 3680 3735
f 3736 3681 3682
f 3735 3681 3736
f 3737 3682 3683
f 3736 3682 3737
f 3738 3683 3684
f 3737 3683 3738
f 3739 3684 3685
f 3738 3684 3739
f 3740 3685 3686
f 3739 3685 3740
f 3741 3686 3687
f 3740 3686 3741
f 3742 3687 3688
f 3741 3687 3742
f 3743 3688 3689
f 3742 3688 3743
f 3744 3689 3690
f 3743 3689 3744
f 3745 3690 3691
f 3744 3690 3745
f 3746 3691 3692
f 3745 3691 3746
f 3747 3692 3693
f 3746 3692 3747
f 3748 3693 3694
f 3747 3693 3748
f 3749 3694 3695
f 3748 3694 3749
f 3750 3695 3696
f 3749 3695 3750
f 3751 3696 3697
f 3750 3696 3751
f 3752 3697 3698
f 3751 3697 3752
f 3753 3698 3699
f 3752 3698 3753
f 3754 3699 3700
f 3753 3699 3754
f 3755 3700 3701
f 3754 3700 3755
f 3756 3701 3702
f 3755 3701 3756
f 3757 3702 3703
f 3756 3702 3757
f 3758 3703 3704
f 3757 3703 3758
f 3759 3704 3705
f 3758 3704 3759
f 3760 3705 3706
f 3759 3705 3760
f 3761 3706 3707
f 3760 3706 3761
f 3762 3707 3708
f 3761 3707 3762
f 3763 3708 3709
f 3762 3708 3763
f 3764 3709 3710
f 3763 3709 3764
f 3765 3710 3711
f 3764 3710 3765
f 3766 3711 3712
f 3765 3711 3766
f 3767 3712 3713
f 3766 3712 3767
f 3768 3713 3714
f 3767 3713 3768
f 3769 3714 3715
f 3768 3714 3769
f 3770 3715 3716
f 3769 3715 3770
f 3771 3716 3717
f 3770 3716 3771
f 3772 3717 3718
f 3771 3717 3772
f 2308 3773 2303
f 3773 3718 2303
f 3773 3772 3718
f 2309 3773 2308
f 3719 2310 2304
f 3774 2310 3719
f 2313 3775 2312
f 3775 3776 2312
f 3776 2305 2312
f 3776 3720 2305
f 3777 2315 3721
f 3721 2315 2306
f 3778 3721 3722
f 3777 3721 3778
f 3779 3722 3723
f 3778 3722 3779
f 3780 3723 3724
f 3779 3723 3780
f 3781 3724 3725
f 3780 3724 3781
f 3782 3725 3726
f 3781 3725 3782
f 3783 3726 3727
f 3782 3726 3783
f 3784 3727 3728
f 3783 3727 3784
f 3785 3728 3729
f 3784 3728 3785
f 3786 3729 3730
f 3785 3729 3786
f 3787 3730 3731
f 3786 3730 3787
f 3788 3731 3732
f 3787 3731 3788
f 3789 3732 3733
f 3788 3732 3789
f 3790 3733 3734
f 3789 3733 3790
f 3791 3734 3735
f 3790 3734 3791
f 3792 3735 3736
f 3791 3735 3792
f 3793 3736 3737
f 3792 3736 3793
f 3794 3737 3738
f 3793 3737 3794
f 3795 3738 3739
f 3794 3738 3795
f 3796 3739 3740
f 3795 3739 3796
f 3797 3740 3741
f 3796 3740 3797
f 3798 3741 3742
f 3797 3741 3798
f 3799 3742 3743
f 3798 3742 3799
f 3800 3743 3744
f 3799 3743 3800
f 3801 3744 3745
f 3800 3744 3801
f 3802 3745 3746
f 3801 3745 3802
f 3803 3746 3747
f 3802 3746 3803
f 3804 3747 3748
f 3803 3747 3804
f 3805 3748 3749
f 3804 3748 3805
f 3806 3749 3750
f 3805 3749 3806
f 3807 3750 3751
f 3806 3750 3807
f 3808 3751 3752
f 3807 3751 3808
f 3809 3752 3753
f 3808 3752 3809
f 3810 3753 3754
f 3809 3753 3810
f 3811 3754 3755
f 3810 3754 3811
f 3812 3755 3756
f 3811 3755 3812
f 3813 3756 3757
f 3812 3756 3813
f 3814 3757 3758
f 3813 3757 3814
f 3815 3758 3759
f 3814 3758 3815
f 3816 3759 3760
f 3815 3759 3816
f 3817 3760 3761
f 3816 3760 3817
f 3818 3761 3762
f 3817 3761 3818
f 3819 3762 3763
f 3818 3762 3819
f 3820 3763 3764
f 3819 3763 3820
f 3821 3764 3765
f 3820 3764 3821
f 3822 3765 3766
f 3821 3765 3822
f 3823 3766 3767
f 3822 3766 3823
f 3824 3767 3768
f 3823 3767 3824
f 3825 3768 3769
f 3824 3768 3825
f 3826 3769 3770
f 3825 3769 3826
f 3827 3770 3771
f 3826 3770 3827
f 3828 3771 3772
f 3827 3771 3828
f 3829 3772 3773
f 3828 3772 3829
f 2318 3829 2309
f 2309 3829 3773
f 3774 2319 2310
f 3830 2319 3774
f 3832 3831 3775
f 2313 3832 3775
f 2320 3832 2313
f 3775 3831 3776
f 3833 2321 2322
f 2315 3777 2322
f 3777 3833 2322
f 3777 3834 3833
f 3835 3777 3778
f 3834 3777 3835
f 3836 3778 3779
f 3835 3778 3836
f 3837 3779 3780
f 3836 3779 3837
f 3838 3780 3781
f 3837 3780 3838
f 3839 3781 3782
f 3838 3781 3839
f 3840 3782 3783
f 3839 3782 3840
f 3841 3783 3784
f 3840 3783 3841
f 3842 3784 3785
f 3841 3784 3842
f 3843 3785 3786
f 3842 3785 3843
f 3844 3786 3787
f 3843 3786 3844
f 3845 3787 3788
f 3844 3787 3845
f 3846 3788 3789
f 3845 3788 3846
f 3847 3789 3790
f 3846 3789 3847
f 3848 3790 3791
f 3847 3790 3848
f 3849 3791 3792
f 3848 3791 3849
f 3850 3792 3793
f 3849 3792 3850
f 3851 3793 3794
f 3850 3793 3851
f 3852 3794 3795
f 3851 3794 3852
f 3853 3795 3796
f 3852 3795 3853
f 3854 3796 3797
f 3853 3796 3854
f 3855 3797 3798
f 3854 3797 3855
f 3856 3798 3799
f 3855 3798 3856
f 3857 3799 3800
f 3856 3799 3857
f 3858 3800 3801
f 3857 3800 3858
f 3859 3801 3802
f 3858 3801 3859
f 3860 3802 3803
f 3859 3802 3860
f 3861 3803 3804
f 3860 3803 3861
f 3862 3804 3805
f 3861 3804 3862
f 3863 3805 3806
f 3862 3805 3863
f 3864 3806 3807
f 3863 3806 3864
f 3865 3807 3808
f 3864 3807 3865
f 3866 3808 3809
f 3865 3808 3866
f 3867 3809 3810
f 3866 3809 3867
f 3868 3810 3811
f 3867 3810 3868
f 3869 3811 3812
f 3868 3811 3869
f 3870 3812 3813
f 3869 3812 3870
f 3871 3813 3814
f 3870 3813 3871
f 3872 3814 3815
f 3871 3814 3872
f 3873 3815 3816
f 3872 3815 3873
f 3874 3816 3817
f 3873 3816 3874
f 3875 3817 3818
f 3874 3817 3875
f 3876 3818 3819
f 3875 3818 3876
f 3877 3819 3820
f 3876 3819 3877
f 3878 3820 3821
f 3877 3820 3878
f 3879 3821 3822
f 3878 3821 3879
f 3880 3822 3823
f 3879 3822 3880
f 3881 3823 3824
f 3880 3823 3881
f 3882 3824 3825
f 3881 3824 3882
f 3883 3825 3826
f 3882 3825 3883
f 3884 3826 3827
f 3883 3826 3884
f 3885 3827 3828
f 3884 3827 3885
f 3886 3828 3829
f 3885 3828 3886
f 2325 3886 2318
f 2318 3886 3829
f 3830 2326 2319
f 3887 2326 3830
f 2327 3832 2320
f 2327 3888 3832
f 3889 2328 3833
f 3833 2328 2321
f 3890 3833 3834
f 3889 3833 3890
f 3891 3834 3835
f 3890 3834 3891
f 3892 3835 3836
f 3891 3835 3892
f 3893 3836 3837
f 3892 3836 3893
f 3894 3837 3838
f 3893 3837 3894
f 3895 3838 3839
f 3894 3838 3895
f 3896 3839 3840
f 3895 3839 3896
f 3897 3840 3841
f 3896 3840 3897
f 3898 3841 3842
f 3897 3841 3898
f 3899 3842 3843
f 3898 3842 3899
f 3900 3843 3844
f 3899 3843 3900
f 3901 3844 3845
f 3900 3844 3901
f 3902 3845 3846
f 3901 3845 3902
f 3903 3846 3847
f 3902 3846 3903
f 3904 3847 3848
f 3903 3847 3904
f 3905 3848 3849
f 3904 3848 3905
f 3906 3849 3850
f 3905 3849 3906
f 3907 3850 3851
f 3906 3850 3907
f 3908 3851 3852
f 3907 3851 3908
f 3909 3852 3853
f 3908 3852 3909
f 3910 3853 3854
f 3909 3853 3910
f 3911 3854 3855
f 3910 3854 3911
f 3912 3855 3856
f 3911 3855 3912
f 3913 3856 3857
f 3912 3856 3913
f 3914 3857 3858
f 3913 3857 3914
f 3915 3858 3859
f 3914 3858 3915
f 3916 3859 3860
f 3915 3859 3916
f 3917 3860 3861
f 3916 3860 3917
f 3918 3861 3862
f 3917 3861 3918
f 3919 3862 3863
f 3918 3862 3919
f 3920 3863 3864
f 3919 3863 3920
f 3921 3864 3865
f 3920 3864 3921
f 3922 3865 3866
f 3921 3865 3922
f 3923 3866 3867
f 3922 3866 3923
f 3924 3867 3868
f 3923 3867 3924
f 3925 3868 3869
f 3924 3868 3925
f 3926 3869 3870
f 3925 3869 3926
f 3927 3870 3871
f 3926 3870 3927
f 3928 3871 3872
f 3927 3871 3928
f 3929 3872 3873
f 3928 3872 3929
f 3930 3873 3874
f 3929 3873 3930
f 3931 3874 3875
f 3930 3874 3931
f 3932 3875 3876
f 3931 3875 3932
f 3933 3876 3877
f 3932 3876 3933
f 3934 3877 3878
f 3933 3877 3934
f 3935 3878 3879
f 3934 3878 3935
f 3936 3879 3880
f 3935 3879 3936
f 3937 3880 3881
f 3936 3880 3937
f 3938 3881 3882
f 3937 3881 3938
f 3939 3882 3883
f 3938 3882 3939
f 3940 3883 3884
f 3939 3883 3940
f 3941 3884 3885
f 3940 3884 3941
f 3942 3885 3886
f 3941 3885 3942
f 2331 3942 2325
f 2325 3942 3886
f 3887 2332 2326
f 3943 2332 3887
f 2333 3888 2327
f 2333 3944 3888
f 3945 2334 3889
f 3889 2334 2328
f 3946 3889 3890
f 3945 3889 3946
f 3947 3890 3891
f 3946 3890 3947
f 3948 3891 3892
f 3947 3891 3948
f 3949 3892 3893
f 3948 3892 3949
f 3950 3893 3894
f 3949 3893 3950
f 3951 3894 3895
f 3950 3894 3951
f 3952 3895 3896
f 3951 3895 3952
f 3953 3896 3897
f 3952 3896 3953
f 3954 3897 3898
f 3953 3897 3954
f 3955 3898 3899
f 3954 3898 3955
f 3956 3899 3900
f 3955 3899 3956
f 3957 3900 3901
f 3956 3900 3957
f 3958 3901 3902
f 3957 3901 3958
f 3959 3902 3903
f 3958 3902 3959
f 3960 3903 3904
f 3959 3903 3960
f 3961 3904 3905
f 3960 3904 3961
f 3962 3905 3906
f 3961 3905 3962
f 3963 3906 3907
f 3962 3906 3963
f 3964 3907 3908
f 3963 3907 3964
f 3965 3908 3909
f 3964 3908 3965
f 3966 3909 3910
f 3965 3909 3966
f 3967 3910 3911
f 3966 3910 3967
f 3968 3911 3912
f 3967 3911 3968
f 3969 3912 3913
f 3968 3912 3969
f 3970 3913 3914
f 3969 3913 3970
f 3971 3914 3915
f 3970 3914 3971
f 3972 3915 3916
f 3971 3915 3972
f 3973 3916 3917
f 3972 3916 3973
f 3974 3917 3918
f 3973 3917 3974
f 3975 3918 3919
f 3974 3918 3975
f 3976 3919 3920
f 3975 3919 3976
f 3977 3920 3921
f 3976 3920 3977
f 3978 3921 3922
f 3977 3921 3978
f 3979 3922 3923
f 3978 3922 3979
f 3980 3923 3924
f 3979 3923 3980
f 3981 3924 3925
f 3980 3924 3981
f 3982 3925 3926
f 3981 3925 3982
f 3983 3926 3927
f 3982 3926 3983
f 3984 3927 3928
f 3983 3927 3984
f 3985 3928 3929
f 3984 3928 3985
f 3986 3929 3930
f 3985 3929 3986
f 3987 3930 3931
f 3986 3930 3987
f 3988 3931 3932
f 3987 3931 3988
f 3989 3932 3933
f 3988 3932 3989
f 3990 3933 3934
f 3989 3933 3990
f 3991 3934 3935
f 3990 3934 3991
f 3992 3935 3936
f 3991 3935 3992
f 3993 3936 3937
f 3992 3936 3993
f 2339 3993 2338
f 3993 3938 2338
f 3993 3937 3938
f 2338 3938 2341
f 2341 3938 3939
f 2341 3939 2343
f 2343 3939 3940
f 2343 3940 2345
f 2345 3940 3941
f 2345 3941 2347
f 2347 3941 3942
f 2347 3942 2331
f 3943 2348 2332
f 3994 2348 3943
f 2349 3944 2333
f 2349 3995 3944
f 3996 2350 3945
f 3945 2350 2334
f 2353 3996 2352
f 3996 3946 2352
f 3996 3945 3946
f 2352 3946 2355
f 2355 3946 3947
f 2355 3947 2357
f 2357 3947 3948
f 2357 3948 2359
f 2359 3948 3949
f 2359 3949 2361
f 2361 3949 3950
f 2361 3950 2362
f 3950 3997 2362
f 3950 3951 3997
f 3998 3951 3952
f 3997 3951 3998
f 3999 3952 3953
f 3998 3952 3999
f 4000 3953 3954
f 3999 3953 4000
f 4001 3954 3955
f 4000 3954 4001
f 4002 3955 3956
f 4001 3955 4002
f 4003 3956 3957
f 4002 3956 4003
f 4004 3957 3958
f 4003 3957 4004
f 4005 3958 3959
f 4004 3958 4005
f 4006 3959 3960
f 4005 3959 4006
f 4007 3960 3961
f 4006 3960 4007
f 4008 3961 3962
f 4007 3961 4008
f 4009 3962 3963
f 4008 3962 4009
f 4010 3963 3964
f 4009 3963 4010
f 4011 3964 3965
f 4010 3964 4011
f 4012 3965 3966
f 4011 3965 4012
f 4013 3966 3967
f 4012 3966 4013
f 4014 3967 3968
f 4013 3967 4014
f 4015 3968 3969
f 4014 3968 4015
f 4016 3969 3970
f 4015 3969 4016
f 4017 3970 3971
f 4016 3970 4017
f 4018 3971 3972
f 4017 3971 4018
f 4019 3972 3973
f 4018 3972 4019
f 4020 3973 3974
f 4019 3973 4020
f 4021 3974 3975
f 4020 3974 4021
f 4022 3975 3976
f 4021 3975 4022
f 4023 3976 3977
f 4022 3976 4023
f 4024 3977 3978
f 4023 3977 4024
f 4025 3978 3979
f 4024 3978 4025
f 4026 3979 3980
f 4025 3979 4026
f 4027 3980 3981
f 4026 3980 4027
f 4028 3981 3982
f 4027 3981 4028
f 4029 3982 3983
f 4028 3982 4029
f 4030 3983 3984
f 4029 3983 4030
f 4031 3984 3985
f 4030 3984 4031
f 4032 3985 3986
f 4031 3985 4032
f 4033 3986 3987
f 4032 3986 4033
f 4034 3987 3988
f 4033 3987 4034
f 4035 3988 3989
f 4034 3988 4035
f 4036 3989 3990
f 4035 3989 4036
f 4037 3990 3991
f 4036 3990 4037
f 4038 3991 3992
f 4037 3991 4038
f 4039 3992 3993
f 4038 3992 4039
f 2367 4039 2339
f 2339 4039 3993
f 4040 2373 2372
f 2374 4040 2372
f 3994 4041 2348
f 2348 4041 2375
f 2377 2375 4041
f 2377 4041 4042
f 2378 3995 2349
f 2378 4043 3995
f 4044 2379 3996
f 3996 2379 2350
f 2381 4044 2353
f 2353 4044 3996
f 4045 2386 3997
f 3997 2386 2362
f 4046 3997 3998
f 4045 3997 4046
f 4047 3998 3999
f 4046 3998 4047
f 4048 3999 4000
f 4047 3999 4048
f 4049 4000 4001
f 4048 4000 4049
f 4050 4001 4002
f 4049 4001 4050
f 4051 4002 4003
f 4050 4002 4051
f 4052 4003 4004
f 4051 4003 4052
f 4053 4004 4005
f 4052 4004 4053
f 4054 4005 4006
f 4053 4005 4054
f 4055 4006 4007
f 4054 4006 4055
f 4056 4007 4008
f 4055 4007 4056
f 4057 4008 4009
f 4056 4008 4057
f 4058 4009 4010
f 4057 4009 4058
f 4059 4010 4011
f 4058 4010 4059
f 4060 4011 4012
f 4059 4011 4060
f 4061 4012 4013
f 4060 4012 4061
f 4062 4013 4014
f 4061 4013 4062
f 4063 4014 4015
f 4062 4014 4063
f 2388 4063 2387
f 4063 4016 2387
f 4063 4015 4016
f 2387 4016 2389
f 2389 4016 4017
f 2389 4017 2390
f 2390 4017 4018
f 2390 4018 2391
f 4018 4064 2391
f 4018 4019 4064
f 4065 4019 4020
f 4064 4019 4065
f 4066 4020 4021
f 4065 4020 4066
f 4067 4021 4022
f 4066 4021 4067
f 4068 4022 4023
f 4067 4022 4068
f 4069 4023 4024
f 4068 4023 4069
f 4070 4024 4025
f 4069 4024 4070
f 4071 4025 4026
f 4070 4025 4071
f 4072 4026 4027
f 4071 4026 4072
f 4073 4027 4028
f 4072 4027 4073
f 4074 4028 4029
f 4073 4028 4074
f 4075 4029 4030
f 4074 4029 4075
f 4076 4030 4031
f 4075 4030 4076
f 4077 4031 4032
f 4076 4031 4077
f 4078 4032 4033
f 4077 4032 4078
f 4079 4033 4034
f 4078 4033 4079
f 4080 4034 4035
f 4079 4034 4080
f 4081 4035 4036
f 4080 4035 4081
f 4082 4036 4037
f 4081 4036 4082
f 4083 4037 4038
f 4082 4037 4083
f 4084 4038 4039
f 4083 4038 4084
f 2393 4084 2367
f 2367 4084 4039
f 4085 2398 4040
f 4040 2398 2373
f 2399 4085 2374
f 2374 4085 4040
f 4042 2400 2377
f 4086 2400 4042
f 2401 4043 2378
f 2401 4087 4043
f 4088 2402 4044
f 4044 2402 2379
f 2404 4088 2381
f 2381 4088 4044
f 4089 2409 4045
f 4045 2409 2386
f 4090 4045 4046
f 4089 4045 4090
f 4091 4046 4047
f 4090 4046 4091
f 4092 4047 4048
f 4091 4047 4092
f 4093 4048 4049
f 4092 4048 4093
f 4094 4049 4050
f 4093 4049 4094
f 4095 4050 4051
f 4094 4050 4095
f 4096 4051 4052
f 4095 4051 4096
f 4097 4052 4053
f 4096 4052 4097
f 4098 4053 4054
f 4097 4053 4098
f 4099 4054 4055
f 4098 4054 4099
f 4100 4055 4056
f 4099 4055 4100
f 4101 4056 4057
f 4100 4056 4101
f 4102 4057 4058
f 4101 4057 4102
f 4103 4058 4059
f 4102 4058 4103
f 4104 4059 4060
f 4103 4059 4104
f 4105 4060 4061
f 4104 4060 4105
f 4106 4061 4062
f 4105 4061 4106
f 4107 4062 4063
f 4106 4062 4107
f 2410 4107 2388
f 2388 4107 4063
f 4108 2411 4064
f 4064 2411 2391
f 4109 4064 4065
f 4108 4064 4109
f 4110 4065 4066
f 4109 4065 4110
f 4111 4066 4067
f 4110 4066 4111
f 4112 4067 4068
f 4111 4067 4112
f 4113 4068 4069
f 4112 4068 4113
f 4114 4069 4070
f 4113 4069 4114
f 4115 4070 4071
f 4114 4070 4115
f 4116 4071 4072
f 4115 4071 4116
f 4117 4072 4073
f 4116 4072 4117
f 4118 4073 4074
f 4117 4073 4118
f 4119 4074 4075
f 4118 4074 4119
f 4120 4075 4076
f 4119 4075 4120
f 4121 4076 4077
f 4120 4076 4121
f 4122 4077 4078
f 4121 4077 4122
f 4123 4078 4079
f 4122 4078 4123
f 4124 4079 4080
f 4123 4079 4124
f 4125 4080 4081
f 4124 4080 4125
f 4126 4081 4082
f 4125 4081 4126
f 4127 4082 4083
f 4126 4082 4127
f 4128 4083 4084
f 4127 4083 4128
f 2413 4128 2393
f 2393 4128 4084
f 4129 2417 2418
f 2398 4085 2418
f 4085 4129 2418
f 4085 4130 4129
f 2419 4130 2399
f 2399 4130 4085
f 4086 2420 2400
f 4131 2420 4086
f 2421 4087 2401
f 2421 4132 4087
f 4133 2422 4088
f 4088 2422 2402
f 2424 4133 2404
f 2404 4133 4088
f 4134 2429 4089
f 4089 2429 2409
f 4135 4089 4090
f 4134 4089 4135
f 4136 4090 4091
f 4135 4090 4136
f 4137 4091 4092
f 4136 4091 4137
f 4138 4092 4093
f 4137 4092 4138
f 4139 4093 4094
f 4138 4093 4139
f 4140 4094 4095
f 4139 4094 4140
f 4141 4095 4096
f 4140 4095 4141
f 4142 4096 4097
f 4141 4096 4142
f 4143 4097 4098
f 4142 4097 4143
f 4144 4098 4099
f 4143 4098 4144
f 4145 4099 4100
f 4144 4099 4145
f 4146 4100 4101
f 4145 4100 4146
f 4147 4101 4102
f 4146 4101 4147
f 4148 4102 4103
f 4147 4102 4148
f 4149 4103 4104
f 4148 4103 4149
f 4150 4104 4105
f 4149 4104 4150
f 4151 4105 4106
f 4150 4105 4151
f 4152 4106 4107
f 4151 4106 4152
f 2431 4152 2410
f 2410 4152 4107
f 4153 2432 2433
f 2434 4154 2433
f 2433 4154 4153
f 2411 4108 2434
f 4108 4154 2434
f 4108 4155 4154
f 4156 4108 4109
f 4155 4108 4156
f 4157 4109 4110
f 4156 4109 4157
f 4158 4110 4111
f 4157 4110 4158
f 4159 4111 4112
f 4158 4111 4159
f 4160 4112 4113
f 4159 4112 4160
f 4161 4113 4114
f 4160 4113 4161
f 4162 4114 4115
f 4161 4114 4162
f 4163 4115 4116
f 4162 4115 4163
f 4164 4116 4117
f 4163 4116 4164
f 4165 4117 4118
f 4164 4117 4165
f 4166 4118 4119
f 4165 4118 4166
f 4167 4119 4120
f 4166 4119 4167
f 4168 4120 4121
f 4167 4120 4168
f 4169 4121 4122
f 4168 4121 4169
f 4170 4122 4123
f 4169 4122 4170
f 4171 4123 4124
f 4170 4123 4171
f 4172 4124 4125
f 4171 4124 4172
f 4173 4125 4126
f 4172 4125 4173
f 4174 4126 4127
f 4173 4126 4174
f 4175 4127 4128
f 4174 4127 4175
f 2436 4175 2413
f 2413 4175 4128
f 4129 2440 2417
f 2440 4129 2442
f 4129 4176 2442
f 4129 4130 4176
f 2443 4176 2419
f 2419 4176 4130
f 4131 2444 2420
f 4177 2444 4131
f 2445 4132 2421
f 2445 4178 4132
f 4179 2446 4133
f 4133 2446 2422
f 2447 4180 2424
f 4180 4133 2424
f 4180 4179 4133
f 2448 4181 2447
f 2447 4181 4180
f 2449 4182 2448
f 2448 4182 4181
f 2450 4183 2449
f 2449 4183 4182
f 2451 4184 2450
f 2450 4184 4183
f 2429 4134 2451
f 4134 4184 2451
f 4134 4185 4184
f 4186 4134 4135
f 4185 4134 4186
f 4187 4135 4136
f 4186 4135 4187
f 4188 4136 4137
f 4187 4136 4188
f 4189 4137 4138
f 4188 4137 4189
f 4190 4138 4139
f 4189 4138 4190
f 4191 4139 4140
f 4190 4139 4191
f 4192 4140 4141
f 4191 4140 4192
f 4193 4141 4142
f 4192 4141 4193
f 4194 4142 4143
f 4193 4142 4194
f 4195 4143 4144
f 4194 4143 4195
f 4196 4144 4145
f 4195 4144 4196
f 4197 4145 4146
f 4196 4145 4197
f 4198 4146 4147
f 4197 4146 4198
f 4199 4147 4148
f 4198 4147 4199
f 4200 4148 4149
f 4199 4148 4200
f 4201 4149 4150
f 4200 4149 4201
f 4202 4150 4151
f 4201 4150 4202
f 2454 4202 2453
f 4202 4152 2453
f 4202 4151 4152
f 2453 4152 2431
f 4203 2456 4153
f 4153 2456 2432
f 4204 4153 4154
f 4203 4153 4204
f 4205 4154 4155
f 4204 4154 4205
f 4206 4155 4156
f 4205 4155 4206
f 4207 4156 4157
f 4206 4156 4207
f 4208 4157 4158
f 4207 4157 4208
f 4209 4158 4159
f 4208 4158 4209
f 4210 4159 4160
f 4209 4159 4210
f 4211 4160 4161
f 4210 4160 4211
f 4212 4161 4162
f 4211 4161 4212
f 4213 4162 4163
f 4212 4162 4213
f 4214 4163 4164
f 4213 4163 4214
f 4215 4164 4165
f 4214 4164 4215
f 4216 4165 4166
f 4215 4165 4216
f 4217 4166 4167
f 4216 4166 4217
f 4218 4167 4168
f 4217 4167 4218
f 4219 4168 4169
f 4218 4168 4219
f 4220 4169 4170
f 4219 4169 4220
f 4221 4170 4171
f 4220 4170 4221
f 4222 4171 4172
f 4221 4171 4222
f 4223 4172 4173
f 4222 4172 4223
f 4224 4173 4174
f 4223 4173 4224
f 4225 4174 4175
f 4224 4174 4225
f 2458 4225 2436
f 2436 4225 4175
f 4176 2463 2442
f 2463 4176 2443
f 4228 4227 4226
f 4177 4228 4226
f 2466 4177 4226
f 2444 4177 2466
f 2467 4178 2445
f 2467 4229 4178
f 4230 2468 4179
f 4179 2468 2446
f 4231 4179 4180
f 4230 4179 4231
f 4232 4180 4181
f 4231 4180 4232
f 4233 4181 4182
f 4232 4181 4233
f 4234 4182 4183
f 4233 4182 4234
f 4235 4183 4184
f 4234 4183 4235
f 4236 4184 4185
f 4235 4184 4236
f 4237 4185 4186
f 4236 4185 4237
f 4238 4186 4187
f 4237 4186 4238
f 4239 4187 4188
f 4238 4187 4239
f 4240 4188 4189
f 4239 4188 4240
f 4241 4189 4190
f 4240 4189 4241
f 4242 4190 4191
f 4241 4190 4242
f 4243 4191 4192
f 4242 4191 4243
f 4244 4192 4193
f 4243 4192 4244
f 4245 4193 4194
f 4244 4193 4245
f 4246 4194 4195
f 4245 4194 4246
f 4247 4195 4196
f 4246 4195 4247
f 4248 4196 4197
f 4247 4196 4248
f 4249 4197 4198
f 4248 4197 4249
f 4250 4198 4199
f 4249 4198 4250
f 4251 4199 4200
f 4250 4199 4251
f 4252 4200 4201
f 4251 4200 4252
f 4253 4201 4202
f 4252 4201 4253
f 2470 4253 2454
f 2454 4253 4202
f 4254 2472 4203
f 4203 2472 2456
f 4255 4203 4204
f 4254 4203 4255
f 4256 4204 4205
f 4255 4204 4256
f 4257 4205 4206
f 4256 4205 4257
f 4258 4206 4207
f 4257 4206 4258
f 4259 4207 4208
f 4258 4207 4259
f 4260 4208 4209
f 4259 4208 4260
f 4261 4209 4210
f 4260 4209 4261
f 4262 4210 4211
f 4261 4210 4262
f 4263 4211 4212
f 4262 4211 4263
f 4264 4212 4213
f 4263 4212 4264
f 4265 4213 4214
f 4264 4213 4265
f 4266 4214 4215
f 4265 4214 4266
f 4267 4215 4216
f 4266 4215 4267
f 4268 4216 4217
f 4267 4216 4268
f 4269 4217 4218
f 4268 4217 4269
f 4270 4218 4219
f 4269 4218 4270
f 4271 4219 4220
f 4270 4219 4271
f 4272 4220 4221
f 4271 4220 4272
f 4273 4221 4222
f 4272 4221 4273
f 4274 4222 4223
f 4273 4222 4274
f 4275 4223 4224
f 4274 4223 4275
f 4276 4224 4225
f 4275 4224 4276
f 2473 4277 2458
f 4277 4225 2458
f 4277 4276 4225
f 2474 4278 2473
f 2473 4278 4277
f 2475 4279 2474
f 2474 4279 4278
f 2476 4279 2475
f 4280 2478 2479
f 2480 4280 2479
f 4226 4227 2482
f 4227 2481 2482
f 4227 4281 2481
f 4226 2482 2466
f 2483 4229 2467
f 2483 4282 4229
f 4283 2484 4230
f 4230 2484 2468
f 4284 4230 4231
f 4283 4230 4284
f 4285 4231 4232
f 4284 4231 4285
f 4286 4232 4233
f 4285 4232 4286
f 4287 4233 4234
f 4286 4233 4287
f 4288 4234 4235
f 4287 4234 4288
f 4289 4235 4236
f 4288 4235 4289
f 4290 4236 4237
f 4289 4236 4290
f 4291 4237 4238
f 4290 4237 4291
f 4292 4238 4239
f 4291 4238 4292
f 4293 4239 4240
f 4292 4239 4293
f 4294 4240 4241
f 4293 4240 4294
f 4295 4241 4242
f 4294 4241 4295
f 4296 4242 4243
f 4295 4242 4296
f 4297 4243 4244
f 4296 4243 4297
f 4298 4244 4245
f 4297 4244 4298
f 4299 4245 4246
f 4298 4245 4299
f 4300 4246 4247
f 4299 4246 4300
f 4301 4247 4248
f 4300 4247 4301
f 4302 4248 4249
f 4301 4248 4302
f 4303 4249 4250
f 4302 4249 4303
f 4304 4250 4251
f 4303 4250 4304
f 4305 4251 4252
f 4304 4251 4305
f 2487 4305 2486
f 4305 4253 2486
f 4305 4252 4253
f 2486 4253 2470
f 4306 2489 2490
f 2472 4254 2490
f 4254 4306 2490
f 4254 4307 4306
f 4308 4254 4255
f 4307 4254 4308
f 4309 4255 4256
f 4308 4255 4309
f 4310 4256 4257
f 4309 4256 4310
f 4311 4257 4258
f 4310 4257 4311
f 4312 4258 4259
f 4311 4258 4312
f 4313 4259 4260
f 4312 4259 4313
f 4314 4260 4261
f 4313 4260 4314
f 4315 4261 4262
f 4314 4261 4315
f 4316 4262 4263
f 4315 4262 4316
f 4317 4263 4264
f 4316 4263 4317
f 4318 4264 4265
f 4317 4264 4318
f 4319 4265 4266
f 4318 4265 4319
f 4320 4266 4267
f 4319 4266 4320
f 4321 4267 4268
f 4320 4267 4321
f 4322 4268 4269
f 4321 4268 4322
f 4323 4269 4270
f 4322 4269 4323
f 4324 4270 4271
f 4323 4270 4324
f 4325 4271 4272
f 4324 4271 4325
f 4326 4272 4273
f 4325 4272 4326
f 4327 4273 4274
f 4326 4273 4327
f 4328 4274 4275
f 4327 4274 4328
f 4329 4275 4276
f 4328 4275 4329
f 4330 4276 4277
f 4329 4276 4330
f 4331 4277 4278
f 4330 4277 4331
f 4332 4278 4279
f 4331 4278 4332
f 2491 4333 2476
f 4333 4279 2476
f 4333 4332 4279
f 2478 4280 2491
f 4280 4333 2491
f 4280 4334 4333
f 2492 4334 2480
f 2480 4334 4280
f 4281 2493 2481
f 4335 2493 4281
f 2495 4282 2483
f 2495 4336 4282
f 4337 2496 4283
f 4283 2496 2484
f 4338 4283 4284
f 4337 4283 4338
f 4339 4284 4285
f 4338 4284 4339
f 4340 4285 4286
f 4339 4285 4340
f 4341 4286 4287
f 4340 4286 4341
f 4342 4287 4288
f 4341 4287 4342
f 4343 4288 4289
f 4342 4288 4343
f 4344 4289 4290
f 4343 4289 4344
f 4345 4290 4291
f 4344 4290 4345
f 4346 4291 4292
f 4345 4291 4346
f 4347 4292 4293
f 4346 4292 4347
f 4348 4293 4294
f 4347 4293 4348
f 4349 4294 4295
f 4348 4294 4349
f 4350 4295 4296
f 4349 4295 4350
f 4351 4296 4297
f 4350 4296 4351
f 4352 4297 4298
f 4351 4297 4352
f 4353 4298 4299
f 4352 4298 4353
f 4354 4299 4300
f 4353 4299 4354
f 4355 4300 4301
f 4354 4300 4355
f 4356 4301 4302
f 4355 4301 4356
f 4357 4302 4303
f 4356 4302 4357
f 4358 4303 4304
f 4357 4303 4358
f 2499 4358 2498
f 4358 4305 2498
f 4358 4304 4305
f 2498 4305 2487
f 4359 2501 2502
f 2489 4306 2502
f 4306 4359 2502
f 4306 4360 4359
f 4361 4306 4307
f 4360 4306 4361
f 4362 4307 4308
f 4361 4307 4362
f 4363 4308 4309
f 4362 4308 4363
f 4364 4309 4310
f 4363 4309 4364
f 4365 4310 4311
f 4364 4310 4365
f 4366 4311 4312
f 4365 4311 4366
f 4367 4312 4313
f 4366 4312 4367
f 4368 4313 4314
f 4367 4313 4368
f 4369 4314 4315
f 4368 4314 4369
f 4370 4315 4316
f 4369 4315 4370
f 4371 4316 4317
f 4370 4316 4371
f 4372 4317 4318
f 4371 4317 4372
f 4373 4318 4319
f 4372 4318 4373
f 4374 4319 4320
f 4373 4319 4374
f 4375 4320 4321
f 4374 4320 4375
f 4376 4321 4322
f 4375 4321 4376
f 4377 4322 4323
f 4376 4322 4377
f 4378 4323 4324
f 4377 4323 4378
f 4379 4324 4325
f 4378 4324 4379
f 4380 4325 4326
f 4379 4325 4380
f 4381 4326 4327
f 4380 4326 4381
f 4382 4327 4328
f 4381 4327 4382
f 4383 4328 4329
f 4382 4328 4383
f 4384 4329 4330
f 4383 4329 4384
f 4385 4330 4331
f 4384 4330 4385
f 4386 4331 4332
f 4385 4331 4386
f 4387 4332 4333
f 4386 4332 4387
f 4388 4333 4334
f 4387 4333 4388
f 2503 4388 2492
f 2492 4388 4334
f 4335 2504 2493
f 4389 2504 4335
f 4390 4336 2495
f 4390 2495 2505
f 2505 2506 4390
f 4390 2506 4391
f 4337 2507 2496
f 2507 4337 2509
f 4337 4392 2509
f 4337 4338 4392
f 4393 4338 4339
f 4392 4338 4393
f 4394 4339 4340
f 4393 4339 4394
f 4395 4340 4341
f 4394 4340 4395
f 4396 4341 4342
f 4395 4341 4396
f 4397 4342 4343
f 4396 4342 4397
f 4398 4343 4344
f 4397 4343 4398
f 4399 4344 4345
f 4398 4344 4399
f 4400 4345 4346
f 4399 4345 4400
f 4401 4346 4347
f 4400 4346 4401
f 4402 4347 4348
f 4401 4347 4402
f 4403 4348 4349
f 4402 4348 4403
f 4404 4349 4350
f 4403 4349 4404
f 4405 4350 4351
f 4404 4350 4405
f 4406 4351 4352
f 4405 4351 4406
f 4407 4352 4353
f 4406 4352 4407
f 4408 4353 4354
f 4407 4353 4408
f 4409 4354 4355
f 4408 4354 4409
f 4410 4355 4356
f 4409 4355 4410
f 4411 4356 4357
f 4410 4356 4411
f 4412 4357 4358
f 4411 4357 4412
f 2511 4412 2499
f 2499 4412 4358
f 4413 2513 4359
f 4359 2513 2501
f 4414 4359 4360
f 4413 4359 4414
f 4415 4360 4361
f 4414 4360 4415
f 4416 4361 4362
f 4415 4361 4416
f 4417 4362 4363
f 4416 4362 4417
f 4418 4363 4364
f 4417 4363 4418
f 4419 4364 4365
f 4418 4364 4419
f 4420 4365 4366
f 4419 4365 4420
f 4421 4366 4367
f 4420 4366 4421
f 4422 4367 4368
f 4421 4367 4422
f 4423 4368 4369
f 4422 4368 4423
f 4424 4369 4370
f 4423 4369 4424
f 4425 4370 4371
f 4424 4370 4425
f 4426 4371 4372
f 4425 4371 4426
f 4427 4372 4373
f 4426 4372 4427
f 4428 4373 4374
f 4427 4373 4428
f 4429 4374 4375
f 4428 4374 4429
f 4430 4375 4376
f 4429 4375 4430
f 4431 4376 4377
f 4430 4376 4431
f 4432 4377 4378
f 4431 4377 4432
f 4433 4378 4379
f 4432 4378 4433
f 4434 4379 4380
f 4433 4379 4434
f 4435 4380 4381
f 4434 4380 4435
f 4436 4381 4382
f 4435 4381 4436
f 4437 4382 4383
f 4436 4382 4437
f 4438 4383 4384
f 4437 4383 4438
f 4439 4384 4385
f 4438 4384 4439
f 4440 4385 4386
f 4439 4385 4440
f 4441 4386 4387
f 4440 4386 4441
f 4442 4387 4388
f 4441 4387 4442
f 2514 4442 2503
f 2503 4442 4388
f 4389 2515 2504
f 4443 2515 4389
f 2516 4391 2506
f 2516 4444 4391
f 4445 2517 4392
f 4392 2517 2509
f 4446 4392 4393
f 4445 4392 4446
f 4447 4393 4394
f 4446 4393 4447
f 4448 4394 4395
f 4447 4394 4448
f 4449 4395 4396
f 4448 4395 4449
f 4450 4396 4397
f 4449 4396 4450
f 4451 4397 4398
f 4450 4397 4451
f 4452 4398 4399
f 4451 4398 4452
f 4453 4399 4400
f 4452 4399 4453
f 4454 4400 4401
f 4453 4400 4454
f 4455 4401 4402
f 4454 4401 4455
f 4456 4402 4403
f 4455 4402 4456
f 4457 4403 4404
f 4456 4403 4457
f 4458 4404 4405
f 4457 4404 4458
f 4459 4405 4406
f 4458 4405 4459
f 4460 4406 4407
f 4459 4406 4460
f 4461 4407 4408
f 4460 4407 4461
f 4462 4408 4409
f 4461 4408 4462
f 4463 4409 4410
f 4462 4409 4463
f 4464 4410 4411
f 4463 4410 4464
f 2520 4464 2519
f 4464 4412 2519
f 4464 4411 4412
f 2519 4412 2511
f 4465 2522 2523
f 2513 4413 2523
f 4413 4465 2523
f 4413 4466 4465
f 4467 4413 4414
f 4466 4413 4467
f 4468 4414 4415
f 4467 4414 4468
f 4469 4415 4416
f 4468 4415 4469
f 4470 4416 4417
f 4469 4416 4470
f 4471 4417 4418
f 4470 4417 4471
f 4472 4418 4419
f 4471 4418 4472
f 4473 4419 4420
f 4472 4419 4473
f 4474 4420 4421
f 4473 4420 4474
f 4475 4421 4422
f 4474 4421 4475
f 4476 4422 4423
f 4475 4422 4476
f 4477 4423 4424
f 4476 4423 4477
f 4478 4424 4425
f 4477 4424 4478
f 4479 4425 4426
f 4478 4425 4479
f 4480 4426 4427
f 4479 4426 4480
f 4481 4427 4428
f 4480 4427 4481
f 4482 4428 4429
f 4481 4428 4482
f 4483 4429 4430
f 4482 4429 4483
f 4484 4430 4431
f 4483 4430 4484
f 4485 4431 4432
f 4484 4431 4485
f 4486 4432 4433
f 4485 4432 4486
f 4487 4433 4434
f 4486 4433 4487
f 4488 4434 4435
f 4487 4434 4488
f 4489 4435 4436
f 4488 4435 4489
f 4490 4436 4437
f 4489 4436 4490
f 4491 4437 4438
f 4490 4437 4491
f 4492 4438 4439
f 4491 4438 4492
f 4493 4439 4440
f 4492 4439 4493
f 4494 4440 4441
f 4493 4440 4494
f 4495 4441 4442
f 4494 4441 4495
f 2524 4495 2514
f 2514 4495 4442
f 4443 2525 2515
f 4496 2525 4443
f 2526 4444 2516
f 2526 4497 4444
f 4498 2527 4445
f 4445 2527 2517
f 4499 4445 4446
f 4498 4445 4499
f 4500 4446 4447
f 4499 4446 4500
f 4501 4447 4448
f 4500 4447 4501
f 4502 4448 4449
f 4501 4448 4502
f 4503 4449 4450
f 4502 4449 4503
f 4504 4450 4451
f 4503 4450 4504
f 4505 4451 4452
f 4504 4451 4505
f 4506 4452 4453
f 4505 4452 4506
f 4507 4453 4454
f 4506 4453 4507
f 4508 4454 4455
f 4507 4454 4508
f 4509 4455 4456
f 4508 4455 4509
f 4510 4456 4457
f 4509 4456 4510
f 4511 4457 4458
f 4510 4457 4511
f 4512 4458 4459
f 4511 4458 4512
f 4513 4459 4460
f 4512 4459 4513
f 4514 4460 4461
f 4513 4460 4514
f 4515 4461 4462
f 4514 4461 4515
f 4516 4462 4463
f 4515 4462 4516
f 2530 4516 2529
f 4516 4464 2529
f 4516 4463 4464
f 2529 4464 2520
f 4517 2532 2533
f 2522 4465 2533
f 4465 4517 2533
f 4465 4518 4517
f 4519 4465 4466
f 4518 4465 4519
f 4520 4466 4467
f 4519 4466 4520
f 4521 4467 4468
f 4520 4467 4521
f 4522 4468 4469
f 4521 4468 4522
f 4523 4469 4470
f 4522 4469 4523
f 4524 4470 4471
f 4523 4470 4524
f 4525 4471 4472
f 4524 4471 4525
f 4526 4472 4473
f 4525 4472 4526
f 4527 4473 4474
f 4526 4473 4527
f 4528 4474 4475
f 4527 4474 4528
f 4529 4475 4476
f 4528 4475 4529
f 4530 4476 4477
f 4529 4476 4530
f 4531 4477 4478
f 4530 4477 4531
f 4532 4478 4479
f 4531 4478 4532
f 4533 4479 4480
f 4532 4479 4533
f 4534 4480 4481
f 4533 4480 4534
f 4535 4481 4482
f 4534 4481 4535
f 4536 4482 4483
f 4535 4482 4536
f 4537 4483 4484
f 4536 4483 4537
f 4538 4484 4485
f 4537 4484 4538
f 4539 4485 4486
f 4538 4485 4539
f 4540 4486 4487
f 4539 4486 4540
f 4541 4487 4488
f 4540 4487 4541
f 4542 4488 4489
f 4541 4488 4542
f 4543 4489 4490
f 4542 4489 4543
f 4544 4490 4491
f 4543 4490 4544
f 4545 4491 4492
f 4544 4491 4545
f 4546 4492 4493
f 4545 4492 4546
f 4547 4493 4494
f 4546 4493 4547
f 2535 4547 2534
f 4547 4495 2534
f 4547 4494 4495
f 2534 4495 2524
f 4496 2536 2525
f 4548 2536 4496
f 2537 4497 2526
f 2537 4549 4497
f 4498 2538 2527
f 2538 4498 2540
f 4498 4550 2540
f 4498 4499 4550
f 4551 4499 4500
f 4550 4499 4551
f 4552 4500 4501
f 4551 4500 4552
f 4553 4501 4502
f 4552 4501 4553
f 4554 4502 4503
f 4553 4502 4554
f 4555 4503 4504
f 4554 4503 4555
f 4556 4504 4505
f 4555 4504 4556
f 4557 4505 4506
f 4556 4505 4557
f 4558 4506 4507
f 4557 4506 4558
f 4559 4507 4508
f 4558 4507 4559
f 4560 4508 4509
f 4559 4508 4560
f 4561 4509 4510
f 4560 4509 4561
f 4562 4510 4511
f 4561 4510 4562
f 4563 4511 4512
f 4562 4511 4563
f 4564 4512 4513
f 4563 4512 4564
f 4565 4513 4514
f 4564 4513 4565
f 4566 4514 4515
f 4565 4514 4566
f 2543 4566 2542
f 4566 4516 2542
f 4566 4515 4516
f 2542 4516 2530
f 4567 2546 4517
f 4517 2546 2532
f 4568 4517 4518
f 4567 4517 4568
f 4569 4518 4519
f 4568 4518 4569
f 4570 4519 4520
f 4569 4519 4570
f 4571 4520 4521
f 4570 4520 4571
f 4572 4521 4522
f 4571 4521 4572
f 4573 4522 4523
f 4572 4522 4573
f 4574 4523 4524
f 4573 4523 4574
f 4575 4524 4525
f 4574 4524 4575
f 4576 4525 4526
f 4575 4525 4576
f 4577 4526 4527
f 4576 4526 4577
f 4578 4527 4528
f 4577 4527 4578
f 4579 4528 4529
f 4578 4528 4579
f 4580 4529 4530
f 4579 4529 4580
f 4581 4530 4531
f 4580 4530 4581
f 4582 4531 4532
f 4581 4531 4582
f 4583 4532 4533
f 4582 4532 4583
f 4584 4533 4534
f 4583 4533 4584
f 4585 4534 4535
f 4584 4534 4585
f 4586 4535 4536
f 4585 4535 4586
f 4587 4536 4537
f 4586 4536 4587
f 4588 4537 4538
f 4587 4537 4588
f 4589 4538 4539
f 4588 4538 4589
f 4590 4539 4540
f 4589 4539 4590
f 4591 4540 4541
f 4590 4540 4591
f 4592 4541 4542
f 4591 4541 4592
f 4593 4542 4543
f 4592 4542 4593
f 4594 4543 4544
f 4593 4543 4594
f 4595 4544 4545
f 4594 4544 4595
f 4596 4545 4546
f 4595 4545 4596
f 4597 4546 4547
f 4596 4546 4597
f 2547 4597 2535
f 2535 4597 4547
f 4599 4598 2549
f 2549 4598 2548
f 2549 2536 4548
f 2549 4548 4599
f 4600 4549 2537
f 4600 2537 2550
f 2550 2551 4600
f 4600 2551 4601
f 4602 2552 4550
f 4550 2552 2540
f 4603 4550 4551
f 4602 4550 4603
f 4604 4551 4552
f 4603 4551 4604
f 4605 4552 4553
f 4604 4552 4605
f 4606 4553 4554
f 4605 4553 4606
f 4607 4554 4555
f 4606 4554 4607
f 4608 4555 4556
f 4607 4555 4608
f 4609 4556 4557
f 4608 4556 4609
f 4610 4557 4558
f 4609 4557 4610
f 4611 4558 4559
f 4610 4558 4611
f 4612 4559 4560
f 4611 4559 4612
f 4613 4560 4561
f 4612 4560 4613
f 4614 4561 4562
f 4613 4561 4614
f 4615 4562 4563
f 4614 4562 4615
f 4616 4563 4564
f 4615 4563 4616
f 4617 4564 4565
f 4616 4564 4617
f 2555 4617 2554
f 4617 4566 2554
f 4617 4565 4566
f 2554 4566 2543
f 4618 2558 2559
f 2546 4567 2559
f 4567 4618 2559
f 4567 4619 4618
f 4620 4567 4568
f 4619 4567 4620
f 4621 4568 4569
f 4620 4568 4621
f 4622 4569 4570
f 4621 4569 4622
f 4623 4570 4571
f 4622 4570 4623
f 4624 4571 4572
f 4623 4571 4624
f 4625 4572 4573
f 4624 4572 4625
f 4626 4573 4574
f 4625 4573 4626
f 4627 4574 4575
f 4626 4574 4627
f 4628 4575 4576
f 4627 4575 4628
f 4629 4576 4577
f 4628 4576 4629
f 4630 4577 4578
f 4629 4577 4630
f 4631 4578 4579
f 4630 4578 4631
f 4632 4579 4580
f 4631 4579 4632
f 4633 4580 4581
f 4632 4580 4633
f 4634 4581 4582
f 4633 4581 4634
f 4635 4582 4583
f 4634 4582 4635
f 4636 4583 4584
f 4635 4583 4636
f 4637 4584 4585
f 4636 4584 4637
f 4638 4585 4586
f 4637 4585 4638
f 4639 4586 4587
f 4638 4586 4639
f 4640 4587 4588
f 4639 4587 4640
f 4641 4588 4589
f 4640 4588 4641
f 4642 4589 4590
f 4641 4589 4642
f 4643 4590 4591
f 4642 4590 4643
f 4644 4591 4592
f 4643 4591 4644
f 4645 4592 4593
f 4644 4592 4645
f 4646 4593 4594
f 4645 4593 4646
f 4647 4594 4595
f 4646 4594 4647
f 4648 4595 4596
f 4647 4595 4648
f 2562 4648 2561
f 4648 4597 2561
f 4648 4596 4597
f 2561 4597 2547
f 4598 2563 2548
f 4649 2563 4598
f 2564 4601 2551
f 2564 4650 4601
f 4651 2565 4602
f 4602 2565 2552
f 4652 4602 4603
f 4651 4602 4652
f 4653 4603 4604
f 4652 4603 4653
f 4654 4604 4605
f 4653 4604 4654
f 4655 4605 4606
f 4654 4605 4655
f 4656 4606 4607
f 4655 4606 4656
f 4657 4607 4608
f 4656 4607 4657
f 4658 4608 4609
f 4657 4608 4658
f 4659 4609 4610
f 4658 4609 4659
f 4660 4610 4611
f 4659 4610 4660
f 4661 4611 4612
f 4660 4611 4661
f 4662 4612 4613
f 4661 4612 4662
f 4663 4613 4614
f 4662 4613 4663
f 4664 4614 4615
f 4663 4614 4664
f 4665 4615 4616
f 4664 4615 4665
f 4666 4616 4617
f 4665 4616 4666
f 2567 4666 2555
f 2555 4666 4617
f 4667 2569 2570
f 2558 4618 2570
f 4618 4667 2570
f 4618 4668 4667
f 4669 4618 4619
f 4668 4618 4669
f 4670 4619 4620
f 4669 4619 4670
f 4671 4620 4621
f 4670 4620 4671
f 4672 4621 4622
f 4671 4621 4672
f 4673 4622 4623
f 4672 4622 4673
f 4674 4623 4624
f 4673 4623 4674
f 4675 4624 4625
f 4674 4624 4675
f 4676 4625 4626
f 4675 4625 4676
f 4677 4626 4627
f 4676 4626 4677
f 4678 4627 4628
f 4677 4627 4678
f 4679 4628 4629
f 4678 4628 4679
f 4680 4629 4630
f 4679 4629 4680
f 4681 4630 4631
f 4680 4630 4681
f 4682 4631 4632
f 4681 4631 4682
f 4683 4632 4633
f 4682 4632 4683
f 4684 4633 4634
f 4683 4633 4684
f 4685 4634 4635
f 4684 4634 4685
f 4686 4635 4636
f 4685 4635 4686
f 4687 4636 4637
f 4686 4636 4687
f 4688 4637 4638
f 4687 4637 4688
f 4689 4638 4639
f 4688 4638 4689
f 4690 4639 4640
f 4689 4639 4690
f 4691 4640 4641
f 4690 4640 4691
f 4692 4641 4642
f 4691 4641 4692
f 4693 4642 4643
f 4692 4642 4693
f 4694 4643 4644
f 4693 4643 4694
f 4695 4644 4645
f 4694 4644 4695
f 4696 4645 4646
f 4695 4645 4696
f 4697 4646 4647
f 4696 4646 4697
f 4698 4647 4648
f 4697 4647 4698
f 2571 4698 2562
f 2562 4698 4648
f 4649 2573 2563
f 4699 2573 4649
f 2574 4650 2564
f 2574 4700 4650
f 4651 2575 2565
f 2575 4651 2576
f 4651 4701 2576
f 4651 4652 4701
f 4702 4652 4653
f 4701 4652 4702
f 4703 4653 4654
f 4702 4653 4703
f 4704 4654 4655
f 4703 4654 4704
f 4705 4655 4656
f 4704 4655 4705
f 4706 4656 4657
f 4705 4656 4706
f 4707 4657 4658
f 4706 4657 4707
f 4708 4658 4659
f 4707 4658 4708
f 4709 4659 4660
f 4708 4659 4709
f 4710 4660 4661
f 4709 4660 4710
f 4711 4661 4662
f 4710 4661 4711
f 4712 4662 4663
f 4711 4662 4712
f 4713 4663 4664
f 4712 4663 4713
f 4714 4664 4665
f 4713 4664 4714
f 2579 4714 2578
f 4714 4666 2578
f 4714 4665 4666
f 2578 4666 2567
f 4715 2581 2582
f 2569 4667 2582
f 4667 4715 2582
f 4667 4716 4715
f 4717 4667 4668
f 4716 4667 4717
f 4718 4668 4669
f 4717 4668 4718
f 4719 4669 4670
f 4718 4669 4719
f 4720 4670 4671
f 4719 4670 4720
f 4721 4671 4672
f 4720 4671 4721
f 4722 4672 4673
f 4721 4672 4722
f 4723 4673 4674
f 4722 4673 4723
f 4724 4674 4675
f 4723 4674 4724
f 4725 4675 4676
f 4724 4675 4725
f 4726 4676 4677
f 4725 4676 4726
f 4727 4677 4678
f 4726 4677 4727
f 4728 4678 4679
f 4727 4678 4728
f 4729 4679 4680
f 4728 4679 4729
f 4730 4680 4681
f 4729 4680 4730
f 4731 4681 4682
f 4730 4681 4731
f 4732 4682 4683
f 4731 4682 4732
f 4733 4683 4684
f 4732 4683 4733
f 4734 4684 4685
f 4733 4684 4734
f 4735 4685 4686
f 4734 4685 4735
f 4736 4686 4687
f 4735 4686 4736
f 4737 4687 4688
f 4736 4687 4737
f 4738 4688 4689
f 4737 4688 4738
f 4739 4689 4690
f 4738 4689 4739
f 4740 4690 4691
f 4739 4690 4740
f 4741 4691 4692
f 4740 4691 4741
f 4742 4692 4693
f 4741 4692 4742
f 4743 4693 4694
f 4742 4693 4743
f 4744 4694 4695
f 4743 4694 4744
f 4745 4695 4696
f 4744 4695 4745
f 4746 4696 4697
f 4745 4696 4746
f 4747 4697 4698
f 4746 4697 4747
f 2583 4747 2571
f 2571 4747 4698
f 4749 4748 2585
f 2585 4748 2584
f 2585 2573 4699
f 2585 4699 4749
f 4750 4700 2574
f 4750 2574 2586
f 2586 2587 4750
f 4750 2587 4751
f 4752 2588 4701
f 4701 2588 2576
f 4753 4701 4702
f 4752 4701 4753
f 4754 4702 4703
f 4753 4702 4754
f 4755 4703 4704
f 4754 4703 4755
f 4756 4704 4705
f 4755 4704 4756
f 4757 4705 4706
f 4756 4705 4757
f 4758 4706 4707
f 4757 4706 4758
f 4759 4707 4708
f 4758 4707 4759
f 4760 4708 4709
f 4759 4708 4760
f 4761 4709 4710
f 4760 4709 4761
f 4762 4710 4711
f 4761 4710 4762
f 4763 4711 4712
f 4762 4711 4763
f 4764 4712 4713
f 4763 4712 4764
f 4765 4713 4714
f 4764 4713 4765
f 2590 4765 2579
f 2579 4765 4714
f 4766 2592 4715
f 4715 2592 2581
f 4767 4715 4716
f 4766 4715 4767
f 4768 4716 4717
f 4767 4716 4768
f 4769 4717 4718
f 4768 4717 4769
f 4770 4718 4719
f 4769 4718 4770
f 4771 4719 4720
f 4770 4719 4771
f 4772 4720 4721
f 4771 4720 4772
f 4773 4721 4722
f 4772 4721 4773
f 4774 4722 4723
f 4773 4722 4774
f 4775 4723 4724
f 4774 4723 4775
f 4776 4724 4725
f 4775 4724 4776
f 4777 4725 4726
f 4776 4725 4777
f 4778 4726 4727
f 4777 4726 4778
f 4779 4727 4728
f 4778 4727 4779
f 4780 4728 4729
f 4779 4728 4780
f 4781 4729 4730
f 4780 4729 4781
f 4782 4730 4731
f 4781 4730 4782
f 4783 4731 4732
f 4782 4731 4783
f 4784 4732 4733
f 4783 4732 4784
f 4785 4733 4734
f 4784 4733 4785
f 4786 4734 4735
f 4785 4734 4786
f 4787 4735 4736
f 4786 4735 4787
f 4788 4736 4737
f 4787 4736 4788
f 4789 4737 4738
f 4788 4737 4789
f 4790 4738 4739
f 4789 4738 4790
f 4791 4739 4740
f 4790 4739 4791
f 4792 4740 4741
f 4791 4740 4792
f 4793 4741 4742
f 4792 4741 4793
f 4794 4742 4743
f 4793 4742 4794
f 4795 4743 4744
f 4794 4743 4795
f 4796 4744 4745
f 4795 4744 4796
f 4797 4745 4746
f 4796 4745 4797
f 2594 4797 2593
f 4797 4747 2593
f 4797 4746 4747
f 2593 4747 2583
f 4748 2595 2584
f 4798 2595 4748
f 2596 4751 2587
f 2596 4799 4751
f 4752 2597 2588
f 2597 4752 2598
f 4752 4800 2598
f 4752 4753 4800
f 4801 4753 4754
f 4800 4753 4801
f 4802 4754 4755
f 4801 4754 4802
f 4803 4755 4756
f 4802 4755 4803
f 4804 4756 4757
f 4803 4756 4804
f 4805 4757 4758
f 4804 4757 4805
f 4806 4758 4759
f 4805 4758 4806
f 4807 4759 4760
f 4806 4759 4807
f 4808 4760 4761
f 4807 4760 4808
f 4809 4761 4762
f 4808 4761 4809
f 4810 4762 4763
f 4809 4762 4810
f 4811 4763 4764
f 4810 4763 4811
f 2601 4811 2600
f 4811 4765 2600
f 4811 4764 4765
f 2600 4765 2590
f 4812 2603 2604
f 2592 4766 2604
f 4766 4812 2604
f 4766 4813 4812
f 4814 4766 4767
f 4813 4766 4814
f 4815 4767 4768
f 4814 4767 4815
f 4816 4768 4769
f 4815 4768 4816
f 4817 4769 4770
f 4816 4769 4817
f 4818 4770 4771
f 4817 4770 4818
f 4819 4771 4772
f 4818 4771 4819
f 4820 4772 4773
f 4819 4772 4820
f 4821 4773 4774
f 4820 4773 4821
f 4822 4774 4775
f 4821 4774 4822
f 4823 4775 4776
f 4822 4775 4823
f 4824 4776 4777
f 4823 4776 4824
f 4825 4777 4778
f 4824 4777 4825
f 4826 4778 4779
f 4825 4778 4826
f 4827 4779 4780
f 4826 4779 4827
f 4828 4780 4781
f 4827 4780 4828
f 4829 4781 4782
f 4828 4781 4829
f 4830 4782 4783
f 4829 4782 4830
f 4831 4783 4784
f 4830 4783 4831
f 4832 4784 4785
f 4831 4784 4832
f 4833 4785 4786
f 4832 4785 4833
f 4834 4786 4787
f 4833 4786 4834
f 4835 4787 4788
f 4834 4787 4835
f 4836 4788 4789
f 4835 4788 4836
f 4837 4789 4790
f 4836 4789 4837
f 4838 4790 4791
f 4837 4790 4838
f 4839 4791 4792
f 4838 4791 4839
f 4840 4792 4793
f 4839 4792 4840
f 4841 4793 4794
f 4840 4793 4841
f 4842 4794 4795
f 4841 4794 4842
f 4843 4795 4796
f 4842 4795 4843
f 2607 4843 2606
f 4843 4797 2606
f 4843 4796 4797
f 2606 4797 2594
f 4845 4844 2609
f 2609 4844 2608
f 2609 2595 4798
f 2609 4798 4845
f 4846 4799 2596
f 4846 2596 2610
f 2610 2611 4846
f 4846 2611 4847
f 4800 2612 2598
f 2612 4800 2613
f 4800 4848 2613
f 4800 4801 4848
f 4849 4801 4802
f 4848 4801 4849
f 4850 4802 4803
f 4849 4802 4850
f 4851 4803 4804
f 4850 4803 4851
f 4852 4804 4805
f 4851 4804 4852
f 4853 4805 4806
f 4852 4805 4853
f 4854 4806 4807
f 4853 4806 4854
f 4855 4807 4808
f 4854 4807 4855
f 4856 4808 4809
f 4855 4808 4856
f 4857 4809 4810
f 4856 4809 4857
f 4858 4810 4811
f 4857 4810 4858
f 2615 4858 2601
f 2601 4858 4811
f 4859 2617 4812
f 4812 2617 2603
f 4860 4812 4813
f 4859 4812 4860
f 4861 4813 4814
f 4860 4813 4861
f 4862 4814 4815
f 4861 4814 4862
f 4863 4815 4816
f 4862 4815 4863
f 4864 4816 4817
f 4863 4816 4864
f 4865 4817 4818
f 4864 4817 4865
f 4866 4818 4819
f 4865 4818 4866
f 4867 4819 4820
f 4866 4819 4867
f 4868 4820 4821
f 4867 4820 4868
f 4869 4821 4822
f 4868 4821 4869
f 4870 4822 4823
f 4869 4822 4870
f 4871 4823 4824
f 4870 4823 4871
f 4872 4824 4825
f 4871 4824 4872
f 4873 4825 4826
f 4872 4825 4873
f 4874 4826 4827
f 4873 4826 4874
f 4875 4827 4828
f 4874 4827 4875
f 4876 4828 4829
f 4875 4828 4876
f 4877 4829 4830
f 4876 4829 4877
f 4878 4830 4831
f 4877 4830 4878
f 4879 4831 4832
f 4878 4831 4879
f 4880 4832 4833
f 4879 4832 4880
f 4881 4833 4834
f 4880 4833 4881
f 4882 4834 4835
f 4881 4834 4882
f 4883 4835 4836
f 4882 4835 4883
f 4884 4836 4837
f 4883 4836 4884
f 4885 4837 4838
f 4884 4837 4885
f 4886 4838 4839
f 4885 4838 4886
f 4887 4839 4840
f 4886 4839 4887
f 4888 4840 4841
f 4887 4840 4888
f 4889 4841 4842
f 4888 4841 4889
f 4890 4842 4843
f 4889 4842 4890
f 2618 4890 2607
f 2607 4890 4843
f 4844 2619 2608
f 4891 2619 4844
f 2620 4847 2611
f 2620 4892 4847
f 4893 2621 4848
f 4848 2621 2613
f 4894 4848 4849
f 4893 4848 4894
f 4895 4849 4850
f 4894 4849 4895
f 4896 4850 4851
f 4895 4850 4896
f 4897 4851 4852
f 4896 4851 4897
f 4898 4852 4853
f 4897 4852 4898
f 4899 4853 4854
f 4898 4853 4899
f 4900 4854 4855
f 4899 4854 4900
f 4901 4855 4856
f 4900 4855 4901
f 4902 4856 4857
f 4901 4856 4902
f 2624 4902 2623
f 4902 4858 2623
f 4902 4857 4858
f 2623 4858 2615
f 4903 2626 2625
f 2617 4859 2625
f 4859 4903 2625
f 4859 4904 4903
f 4905 4859 4860
f 4904 4859 4905
f 4906 4860 4861
f 4905 4860 4906
f 4907 4861 4862
f 4906 4861 4907
f 4908 4862 4863
f 4907 4862 4908
f 4909 4863 4864
f 4908 4863 4909
f 4910 4864 4865
f 4909 4864 4910
f 4911 4865 4866
f 4910 4865 4911
f 4912 4866 4867
f 4911 4866 4912
f 4913 4867 4868
f 4912 4867 4913
f 4914 4868 4869
f 4913 4868 4914
f 4915 4869 4870
f 4914 4869 4915
f 4916 4870 4871
f 4915 4870 4916
f 4917 4871 4872
f 4916 4871 4917
f 4918 4872 4873
f 4917 4872 4918
f 4919 4873 4874
f 4918 4873 4919
f 4920 4874 4875
f 4919 4874 4920
f 4921 4875 4876
f 4920 4875 4921
f 4922 4876 4877
f 4921 4876 4922
f 4923 4877 4878
f 4922 4877 4923
f 4924 4878 4879
f 4923 4878 4924
f 4925 4879 4880
f 4924 4879 4925
f 4926 4880 4881
f 4925 4880 4926
f 4927 4881 4882
f 4926 4881 4927
f 4928 4882 4883
f 4927 4882 4928
f 4929 4883 4884
f 4928 4883 4929
f 4930 4884 4885
f 4929 4884 4930
f 4931 4885 4886
f 4930 4885 4931
f 4932 4886 4887
f 4931 4886 4932
f 4933 4887 4888
f 4932 4887 4933
f 4934 4888 4889
f 4933 4888 4934
f 2628 4934 2627
f 4934 4890 2627
f 4934 4889 4890
f 2627 4890 2618
f 4936 4935 2630
f 2630 4935 2629
f 2630 2619 4891
f 2630 4891 4936
f 4937 4892 2620
f 4937 2620 2631
f 2631 2632 4937
f 4937 2632 4938
f 4893 2633 2621
f 2633 4893 2634
f 4893 4939 2634
f 4893 4894 4939
f 4940 4894 4895
f 4939 4894 4940
f 4941 4895 4896
f 4940 4895 4941
f 4942 4896 4897
f 4941 4896 4942
f 4943 4897 4898
f 4942 4897 4943
f 4944 4898 4899
f 4943 4898 4944
f 4945 4899 4900
f 4944 4899 4945
f 4946 4900 4901
f 4945 4900 4946
f 4947 4901 4902
f 4946 4901 4947
f 2636 4947 2624
f 2624 4947 4902
f 4948 2638 4903
f 4903 2638 2626
f 4949 4903 4904
f 4948 4903 4949
f 4950 4904 4905
f 4949 4904 4950
f 4951 4905 4906
f 4950 4905 4951
f 4952 4906 4907
f 4951 4906 4952
f 4953 4907 4908
f 4952 4907 4953
f 4954 4908 4909
f 4953 4908 4954
f 4955 4909 4910
f 4954 4909 4955
f 4956 4910 4911
f 4955 4910 4956
f 4957 4911 4912
f 4956 4911 4957
f 4958 4912 4913
f 4957 4912 4958
f 4959 4913 4914
f 4958 4913 4959
f 4960 4914 4915
f 4959 4914 4960
f 4961 4915 4916
f 4960 4915 4961
f 4962 4916 4917
f 4961 4916 4962
f 4963 4917 4918
f 4962 4917 4963
f 4964 4918 4919
f 4963 4918 4964
f 4965 4919 4920
f 4964 4919 4965
f 4966 4920 4921
f 4965 4920 4966
f 4967 4921 4922
f 4966 4921 4967
f 4968 4922 4923
f 4967 4922 4968
f 4969 4923 4924
f 4968 4923 4969
f 4970 4924 4925
f 4969 4924 4970
f 4971 4925 4926
f 4970 4925 4971
f 4972 4926 4927
f 4971 4926 4972
f 4973 4927 4928
f 4972 4927 4973
f 4974 4928 4929
f 4973 4928 4974
f 4975 4929 4930
f 4974 4929 4975
f 4976 4930 4931
f 4975 4930 4976
f 4977 4931 4932
f 4976 4931 4977
f 4978 4932 4933
f 4977 4932 4978
f 2640 4978 2639
f 4978 4934 2639
f 4978 4933 4934
f 2639 4934 2628
f 4935 2641 2629
f 4979 2641 4935
f 2643 4938 2632
f 2643 4980 4938
f 4939 2644 2634
f 2644 4939 2645
f 4939 4981 2645
f 4939 4940 4981
f 4982 4940 4941
f 4981 4940 4982
f 4983 4941 4942
f 4982 4941 4983
f 4984 4942 4943
f 4983 4942 4984
f 4985 4943 4944
f 4984 4943 4985
f 4986 4944 4945
f 4985 4944 4986
f 4987 4945 4946
f 4986 4945 4987
f 4988 4946 4947
f 4987 4946 4988
f 2647 4988 2636
f 2636 4988 4947
f 4989 2648 2649
f 2638 4948 2649
f 4948 4989 2649
f 4948 4990 4989
f 4991 4948 4949
f 4990 4948 4991
f 4992 4949 4950
f 4991 4949 4992
f 4993 4950 4951
f 4992 4950 4993
f 4994 4951 4952
f 4993 4951 4994
f 4995 4952 4953
f 4994 4952 4995
f 4996 4953 4954
f 4995 4953 4996
f 4997 4954 4955
f 4996 4954 4997
f 4998 4955 4956
f 4997 4955 4998
f 4999 4956 4957
f 4998 4956 4999
f 5000 4957 4958
f 4999 4957 5000
f 5001 4958 4959
f 5000 4958 5001
f 5002 4959 4960
f 5001 4959 5002
f 5003 4960 4961
f 5002 4960 5003
f 5004 4961 4962
f 5003 4961 5004
f 5005 4962 4963
f 5004 4962 5005
f 5006 4963 4964
f 5005 4963 5006
f 5007 4964 4965
f 5006 4964 5007
f 5008 4965 4966
f 5007 4965 5008
f 5009 4966 4967
f 5008 4966 5009
f 5010 4967 4968
f 5009 4967 5010
f 5011 4968 4969
f 5010 4968 5011
f 5012 4969 4970
f 5011 4969 5012
f 5013 4970 4971
f 5012 4970 5013
f 5014 4971 4972
f 5013 4971 5014
f 5015 4972 4973
f 5014 4972 5015
f 5016 4973 4974
f 5015 4973 5016
f 5017 4974 4975
f 5016 4974 5017
f 5018 4975 4976
f 5017 4975 5018
f 5019 4976 4977
f 5018 4976 5019
f 2652 5019 2651
f 5019 4978 2651
f 5019 4977 4978
f 2651 4978 2640
f 5021 5020 2654
f 2654 5020 2653
f 2654 2641 4979
f 2654 4979 5021
f 5022 4980 2643
f 5022 2643 2655
f 2655 2656 5022
f 5022 2656 5023
f 4981 2657 2645
f 2657 4981 2658
f 4981 5024 2658
f 4981 4982 5024
f 5025 4982 4983
f 5024 4982 5025
f 5026 4983 4984
f 5025 4983 5026
f 5027 4984 4985
f 5026 4984 5027
f 5028 4985 4986
f 5027 4985 5028
f 5029 4986 4987
f 5028 4986 5029
f 5030 4987 4988
f 5029 4987 5030
f 2659 5031 2647
f 5031 4988 2647
f 5031 5030 4988
f 2648 4989 2659
f 4989 5031 2659
f 4989 5032 5031
f 5033 4989 4990
f 5032 4989 5033
f 5034 4990 4991
f 5033 4990 5034
f 5035 4991 4992
f 5034 4991 5035
f 5036 4992 4993
f 5035 4992 5036
f 5037 4993 4994
f 5036 4993 5037
f 5038 4994 4995
f 5037 4994 5038
f 5039 4995 4996
f 5038 4995 5039
f 5040 4996 4997
f 5039 4996 5040
f 5041 4997 4998
f 5040 4997 5041
f 5042 4998 4999
f 5041 4998 5042
f 5043 4999 5000
f 5042 4999 5043
f 5044 5000 5001
f 5043 5000 5044
f 5045 5001 5002
f 5044 5001 5045
f 5046 5002 5003
f 5045 5002 5046
f 5047 5003 5004
f 5046 5003 5047
f 5048 5004 5005
f 5047 5004 5048
f 5049 5005 5006
f 5048 5005 5049
f 5050 5006 5007
f 5049 5006 5050
f 5051 5007 5008
f 5050 5007 5051
f 5052 5008 5009
f 5051 5008 5052
f 5053 5009 5010
f 5052 5009 5053
f 5054 5010 5011
f 5053 5010 5054
f 5055 5011 5012
f 5054 5011 5055
f 5056 5012 5013
f 5055 5012 5056
f 5057 5013 5014
f 5056 5013 5057
f 5058 5014 5015
f 5057 5014 5058
f 5059 5015 5016
f 5058 5015 5059
f 5060 5016 5017
f 5059 5016 5060
f 5061 5017 5018
f 5060 5017 5061
f 5062 5018 5019
f 5061 5018 5062
f 2660 5062 2652
f 2652 5062 5019
f 5064 5063 2662
f 2662 5063 2661
f 2662 2653 5020
f 2662 5020 5064
f 5065 5023 2656
f 5065 2656 2663
f 2663 2664 5065
f 5065 2664 5066
f 5024 2665 2658
f 2665 5024 2666
f 5024 5067 2666
f 5024 5025 5067
f 5068 5025 5026
f 5067 5025 5068
f 5069 5026 5027
f 5068 5026 5069
f 5070 5027 5028
f 5069 5027 5070
f 5071 5028 5029
f 5070 5028 5071
f 5072 5029 5030
f 5071 5029 5072
f 5073 5030 5031
f 5072 5030 5073
f 5074 5031 5032
f 5073 5031 5074
f 5075 5032 5033
f 5074 5032 5075
f 5076 5033 5034
f 5075 5033 5076
f 5077 5034 5035
f 5076 5034 5077
f 5078 5035 5036
f 5077 5035 5078
f 5079 5036 5037
f 5078 5036 5079
f 5080 5037 5038
f 5079 5037 5080
f 5081 5038 5039
f 5080 5038 5081
f 5082 5039 5040
f 5081 5039 5082
f 5083 5040 5041
f 5082 5040 5083
f 5084 5041 5042
f 5083 5041 5084
f 5085 5042 5043
f 5084 5042 5085
f 5086 5043 5044
f 5085 5043 5086
f 5087 5044 5045
f 5086 5044 5087
f 5088 5045 5046
f 5087 5045 5088
f 5089 5046 5047
f 5088 5046 5089
f 5090 5047 5048
f 5089 5047 5090
f 5091 5048 5049
f 5090 5048 5091
f 5092 5049 5050
f 5091 5049 5092
f 5093 5050 5051
f 5092 5050 5093
f 5094 5051 5052
f 5093 5051 5094
f 5095 5052 5053
f 5094 5052 5095
f 5096 5053 5054
f 5095 5053 5096
f 5097 5054 5055
f 5096 5054 5097
f 5098 5055 5056
f 5097 5055 5098
f 5099 5056 5057
f 5098 5056 5099
f 5100 5057 5058
f 5099 5057 5100
f 5101 5058 5059
f 5100 5058 5101
f 5102 5059 5060
f 5101 5059 5102
f 2669 5102 2668
f 5102 5061 2668
f 5102 5060 5061
f 2668 5061 2670
f 2670 5061 5062
f 2670 5062 2660
f 5104 5103 2672
f 2672 5103 2671
f 2672 2661 5063
f 2672 5063 5104
f 5105 5066 2664
f 5105 2664 2673
f 2673 2674 5105
f 5105 2674 5106
f 5067 2675 2666
f 2675 5067 2676
f 5067 5107 2676
f 5067 5068 5107
f 5108 5068 5069
f 5107 5068 5108
f 5109 5069 5070
f 5108 5069 5109
f 5110 5070 5071
f 5109 5070 5110
f 5111 5071 5072
f 5110 5071 5111
f 5112 5072 5073
f 5111 5072 5112
f 5113 5073 5074
f 5112 5073 5113
f 5114 5074 5075
f 5113 5074 5114
f 5115 5075 5076
f 5114 5075 5115
f 5116 5076 5077
f 5115 5076 5116
f 5117 5077 5078
f 5116 5077 5117
f 5118 5078 5079
f 5117 5078 5118
f 5119 5079 5080
f 5118 5079 5119
f 5120 5080 5081
f 5119 5080 5120
f 5121 5081 5082
f 5120 5081 5121
f 5122 5082 5083
f 5121 5082 5122
f 5123 5083 5084
f 5122 5083 5123
f 5124 5084 5085
f 5123 5084 5124
f 5125 5085 5086
f 5124 5085 5125
f 5126 5086 5087
f 5125 5086 5126
f 5127 5087 5088
f 5126 5087 5127
f 5128 5088 5089
f 5127 5088 5128
f 5129 5089 5090
f 5128 5089 5129
f 5130 5090 5091
f 5129 5090 5130
f 5131 5091 5092
f 5130 5091 5131
f 5132 5092 5093
f 5131 5092 5132
f 5133 5093 5094
f 5132 5093 5133
f 5134 5094 5095
f 5133 5094 5134
f 5135 5095 5096
f 5134 5095 5135
f 5136 5096 5097
f 5135 5096 5136
f 5137 5097 5098
f 5136 5097 5137
f 5138 5098 5099
f 5137 5098 5138
f 5139 5099 5100
f 5138 5099 5139
f 5140 5100 5101
f 5139 5100 5140
f 2678 5140 2677
f 5140 5102 2677
f 5140 5101 5102
f 2677 5102 2669
f 5103 2679 2671
f 5141 2679 5103
f 2681 5143 5142
f 5106 2681 5142
f 2674 2681 5106
f 5143 5144 5142
f 5107 2682 2676
f 2682 5107 2684
f 2684 5107 5108
f 2684 5108 2685
f 5108 5145 2685
f 5108 5109 5145
f 5146 5109 5110
f 5145 5109 5146
f 5147 5110 5111
f 5146 5110 5147
f 5148 5111 5112
f 5147 5111 5148
f 5149 5112 5113
f 5148 5112 5149
f 5150 5113 5114
f 5149 5113 5150
f 5151 5114 5115
f 5150 5114 5151
f 5152 5115 5116
f 5151 5115 5152
f 5153 5116 5117
f 5152 5116 5153
f 5154 5117 5118
f 5153 5117 5154
f 5155 5118 5119
f 5154 5118 5155
f 5156 5119 5120
f 5155 5119 5156
f 5157 5120 5121
f 5156 5120 5157
f 2688 5157 2687
f 5157 5122 2687
f 5157 5121 5122
f 2687 5122 2690
f 2690 5122 5123
f 2690 5123 2692
f 2692 5123 5124
f 2692 5124 2694
f 2694 5124 5125
f 2694 5125 2696
f 2696 5125 5126
f 2696 5126 2697
f 5126 5158 2697
f 5126 5127 5158
f 5159 5127 5128
f 5158 5127 5159
f 5160 5128 5129
f 5159 5128 5160
f 5161 5129 5130
f 5160 5129 5161
f 5162 5130 5131
f 5161 5130 5162
f 5163 5131 5132
f 5162 5131 5163
f 5164 5132 5133
f 5163 5132 5164
f 5165 5133 5134
f 5164 5133 5165
f 5166 5134 5135
f 5165 5134 5166
f 5167 5135 5136
f 5166 5135 5167
f 5168 5136 5137
f 5167 5136 5168
f 5169 5137 5138
f 5168 5137 5169
f 5170 5138 5139
f 5169 5138 5170
f 2699 5170 2698
f 5170 5140 2698
f 5170 5139 5140
f 2698 5140 2678
f 5172 5171 2701
f 2701 5171 2700
f 2701 2679 5141
f 2701 5141 5172
f 2702 5143 2681
f 5174 5173 2704
f 2704 5173 2702
f 5173 5144 2702
f 5144 5143 2702
f 5174 5175 5173
f 5145 2705 2685
f 2705 5145 2706
f 5145 5176 2706
f 5145 5146 5176
f 5177 5146 5147
f 5176 5146 5177
f 5178 5147 5148
f 5177 5147 5178
f 5179 5148 5149
f 5178 5148 5179
f 5180 5149 5150
f 5179 5149 5180
f 5181 5150 5151
f 5180 5150 5181
f 5182 5151 5152
f 5181 5151 5182
f 5183 5152 5153
f 5182 5152 5183
f 5184 5153 5154
f 5183 5153 5184
f 5185 5154 5155
f 5184 5154 5185
f 5186 5155 5156
f 5185 5155 5186
f 5187 5156 5157
f 5186 5156 5187
f 2708 5187 2688
f 2688 5187 5157
f 5188 2713 5158
f 5158 2713 2697
f 5189 5158 5159
f 5188 5158 5189
f 5190 5159 5160
f 5189 5159 5190
f 5191 5160 5161
f 5190 5160 5191
f 5192 5161 5162
f 5191 5161 5192
f 5193 5162 5163
f 5192 5162 5193
f 5194 5163 5164
f 5193 5163 5194
f 5195 5164 5165
f 5194 5164 5195
f 5196 5165 5166
f 5195 5165 5196
f 5197 5166 5167
f 5196 5166 5197
f 5198 5167 5168
f 5197 5167 5198
f 2716 5198 2715
f 5198 5169 2715
f 5198 5168 5169
f 2715 5169 2717
f 2717 5169 5170
f 2717 5170 2699
f 5200 5199 2719
f 2719 5199 2718
f 2719 2700 5171
f 2719 5171 5200
f 2720 5174 2704
f 5201 5175 5174
f 2720 5201 5174
f 2721 5201 2720
f 2721 2722 5201
f 5201 2722 5202
f 5176 2723 2706
f 2723 5176 2724
f 2724 5176 5177
f 2724 5177 2725
f 5177 5203 2725
f 5177 5178 5203
f 5204 5178 5179
f 5203 5178 5204
f 5205 5179 5180
f 5204 5179 5205
f 5206 5180 5181
f 5205 5180 5206
f 5207 5181 5182
f 5206 5181 5207
f 5208 5182 5183
f 5207 5182 5208
f 5209 5183 5184
f 5208 5183 5209
f 5210 5184 5185
f 5209 5184 5210
f 5211 5185 5186
f 5210 5185 5211
f 5212 5186 5187
f 5211 5186 5212
f 2727 5212 2708
f 2708 5212 5187
f 5213 2732 5188
f 5188 2732 2713
f 5214 5188 5189
f 5213 5188 5214
f 5215 5189 5190
f 5214 5189 5215
f 5216 5190 5191
f 5215 5190 5216
f 5217 5191 5192
f 5216 5191 5217
f 5218 5192 5193
f 5217 5192 5218
f 5219 5193 5194
f 5218 5193 5219
f 5220 5194 5195
f 5219 5194 5220
f 5221 5195 5196
f 5220 5195 5221
f 5222 5196 5197
f 5221 5196 5222
f 2734 5222 2733
f 5222 5198 2733
f 5222 5197 5198
f 2733 5198 2716
f 5224 5223 2736
f 2736 5223 2735
f 2736 2718 5199
f 2736 5199 5224
f 5225 5202 2722
f 5225 2722 2737
f 2737 2738 5225
f 5225 2738 5226
f 5203 2739 2725
f 2739 5203 2740
f 2740 5203 5204
f 2740 5204 2741
f 5204 5227 2741
f 5204 5205 5227
f 5228 5205 5206
f 5227 5205 5228
f 5229 5206 5207
f 5228 5206 5229
f 5230 5207 5208
f 5229 5207 5230
f 5231 5208 5209
f 5230 5208 5231
f 5232 5209 5210
f 5231 5209 5232
f 5233 5210 5211
f 5232 5210 5233
f 5234 5211 5212
f 5233 5211 5234
f 2743 5234 2727
f 2727 5234 5212
f 5235 2748 5213
f 5213 2748 2732
f 5236 5213 5214
f 5235 5213 5236
f 5237 5214 5215
f 5236 5214 5237
f 5238 5215 5216
f 5237 5215 5238
f 5239 5216 5217
f 5238 5216 5239
f 5240 5217 5218
f 5239 5217 5240
f 5241 5218 5219
f 5240 5218 5241
f 2751 5241 2750
f 5241 5220 2750
f 5241 5219 5220
f 2750 5220 2752
f 2752 5220 5221
f 2752 5221 2753
f 2753 5221 5222
f 2753 5222 2734
f 5243 5242 2755
f 2755 5242 2754
f 5244 2755 2756
f 5244 5243 2755
f 2756 2735 5223
f 2756 5223 5244
f 5245 5226 2738
f 5245 2738 2757
f 2757 2759 5245
f 5245 2759 5246
f 5227 2760 2741
f 2760 5227 2761
f 2761 5227 5228
f 2761 5228 2763
f 2763 5228 5229
f 2763 5229 2764
f 5229 5247 2764
f 5229 5230 5247
f 5248 5230 5231
f 5247 5230 5248
f 5249 5231 5232
f 5248 5231 5249
f 5250 5232 5233
f 5249 5232 5250
f 5251 5233 5234
f 5250 5233 5251
f 2765 5252 2743
f 5252 5234 2743
f 5252 5251 5234
f 2766 5253 2765
f 2765 5253 5252
f 2767 5254 2766
f 2766 5254 5253
f 2768 5255 2767
f 2767 5255 5254
f 2769 5256 2768
f 2768 5256 5255
f 2748 5235 2769
f 5235 5256 2769
f 5235 5257 5256
f 5258 5235 5236
f 5257 5235 5258
f 5259 5236 5237
f 5258 5236 5259
f 5260 5237 5238
f 5259 5237 5260
f 5261 5238 5239
f 5260 5238 5261
f 2771 5261 2770
f 5261 5240 2770
f 5261 5239 5240
f 2770 5240 2772
f 2772 5240 5241
f 2772 5241 2751
f 5263 5262 2774
f 2774 5262 2773
f 2774 2754 5242
f 2774 5242 5263
f 5264 5246 2759
f 5264 2759 2775
f 5265 2775 2776
f 5265 5264 2775
f 2776 2777 5265
f 5265 2777 5266
f 5247 2778 2764
f 2778 5247 2779
f 2779 5247 5248
f 2779 5248 2780
f 2780 5248 5249
f 2780 5249 2781
f 2781 5249 5250
f 2781 5250 2782
f 2782 5250 5251
f 2782 5251 2784
f 2784 5251 5252
f 2784 5252 2785
f 5252 5267 2785
f 5252 5253 5267
f 5268 5253 5254
f 5267 5253 5268
f 5269 5254 5255
f 5268 5254 5269
f 2788 5269 2787
f 5269 5256 2787
f 5269 5255 5256
f 2787 5256 2789
f 2789 5256 5257
f 2789 5257 2790
f 2790 5257 5258
f 2790 5258 2791
f 2791 5258 5259
f 2791 5259 2792
f 2792 5259 5260
f 2792 5260 2793
f 2793 5260 5261
f 2793 5261 2771
f 5271 5270 2795
f 2795 5270 2794
f 2795 2773 5262
f 2795 5262 5271
f 5272 5266 2777
f 5272 2777 2796
f 2796 2797 5272
f 5272 2797 5273
f 5267 2798 2785
f 2798 5267 2799
f 2799 5267 5268
f 2799 5268 2800
f 2800 5268 5269
f 2800 5269 2788
f 5276 5275 5274
f 2802 2803 5274
f 2803 5276 5274
f 2803 5277 5276
f 2803 2794 5270
f 2803 5270 5277
f 5278 5273 2797
f 5278 2797 2804
f 5279 2804 2805
f 5279 5278 2804
f 2805 2807 5279
f 5279 2807 5280
f 5282 5281 2809
f 2809 5281 2808
f 5283 2809 2810
f 5283 5282 2809
f 2811 5274 5275
f 5283 2811 5275
f 2810 2811 5283
f 5274 2811 2802
f 5284 5280 2807
f 5284 2807 2812
f 5285 2812 2813
f 5285 5284 2812
f 5286 2813 2814
f 5286 5285 2813
f 2814 2815 5286
f 5286 2815 5287
f 5289 5288 2818
f 2818 5288 2817
f 5290 2818 2819
f 5290 5289 2818
f 2819 2808 5281
f 2819 5281 5290
f 5291 5287 2815
f 5291 2815 2820
f 5292 2820 2821
f 5292 5291 2820
f 2821 2823 5292
f 5292 2823 5293
f 5295 5294 2825
f 2825 5294 2824
f 5296 2825 2826
f 5296 5295 2825
f 5297 2826 2827
f 5297 5296 2826
f 2827 2817 5288
f 2827 5288 5297
f 5298 5293 2823
f 5298 2823 2828
f 5299 2828 2829
f 5299 5298 2828
f 5300 2829 2830
f 5300 5299 2829
f 5301 2830 2831
f 5301 5300 2830
f 5302 2831 2832
f 5302 5301 2831
f 5303 2832 2833
f 5303 5302 2832
f 5304 2833 2834
f 5304 5303 2833
f 2834 2836 5304
f 5304 2836 5305
f 5307 5306 2839
f 2839 5306 2838
f 5308 2839 2840
f 5308 5307 2839
f 5309 2840 2841
f 5309 5308 2840
f 5310 2841 2842
f 5310 5309 2841
f 5311 2842 2843
f 5311 5310 2842
f 5312 2843 2844
f 5312 5311 2843
f 5313 2844 2845
f 5313 5312 2844
f 2845 2824 5294
f 2845 5294 5313
f 5314 5305 2836
f 5314 2836 2846
f 5315 2846 2847
f 5315 5314 2846
f 5316 2847 2848
f 5316 5315 2847
f 5317 2848 2849
f 5317 5316 2848
f 2849 2838 5306
f 2849 5306 5317
f 2851 5318 2850
f 5319 2852 2850
f 5319 2850 5318
f 5320 2853 2852
f 5320 2852 5319
f 5321 2854 2853
f 5321 2853 5320
f 2854 5321 5322
f 5323 2854 5322
f 2855 2854 5323
f 2855 5324 2856
f 5323 5324 2855
f 2856 5325 2857
f 5324 5325 2856
f 2857 5326 2858
f 5325 5326 2857
f 2858 5327 2859
f 5326 5327 2858
f 5327 5329 5328
f 2860 5327 5328
f 2859 5327 2860
f 5330 2861 2860
f 5330 2860 5328
f 5331 2862 2861
f 5331 2861 5330
f 5331 2863 2862
f 2865 5332 2864
f 2864 5332 5333
f 5334 2864 5333
f 2866 2864 5334
f 2866 5335 2867
f 5334 5335 2866
f 2867 5336 2868
f 5335 5336 2867
f 2851 2868 5318
f 2868 5337 5318
f 2868 5336 5337
f 5318 5337 5319
f 5319 5337 5338
f 5319 5338 5320
f 5320 5338 5339
f 5320 5339 5321
f 5321 5339 5340
f 5321 5340 5322
f 5329 5341 5328
f 5328 5341 5330
f 5330 5341 5342
f 5330 5342 5331
f 5331 5342 5343
f 5331 5343 2863
f 5343 2869 2863
f 5343 5344 2869
f 2869 5345 2870
f 5344 5345 2869
f 2870 5346 2871
f 5345 5346 2870
f 5346 5348 5347
f 2872 5346 5347
f 2871 5346 2872
f 5347 2873 2872
f 2875 5349 2874
f 2874 5349 5350
f 5351 2874 5350
f 2876 2874 5351
f 2865 2876 5332
f 2876 5352 5332
f 2876 5351 5352
f 5332 5352 5333
f 5348 5353 5347
f 5347 5353 2873
f 5353 2877 2873
f 5353 5354 2877
f 2877 5355 2878
f 5354 5355 2877
f 5355 5357 5356
f 2879 5355 5356
f 2878 5355 2879
f 5356 2880 2879
f 2882 5358 2881
f 2881 5358 5359
f 5360 2881 5359
f 2883 2881 5360
f 2883 5361 2884
f 5360 5361 2883
f 2875 2884 5349
f 2884 5362 5349
f 2884 5361 5362
f 5349 5362 5350
f 5357 5363 5356
f 5356 5363 2880
f 5363 2885 2880
f 5363 5364 2885
f 5364 5366 5365
f 2886 5364 5365
f 2885 5364 2886
f 5365 2887 2886
f 2889 5367 2888
f 2888 5367 5368
f 5369 2888 5368
f 2890 2888 5369
f 2882 2890 5358
f 2890 5370 5358
f 2890 5369 5370
f 5358 5370 5359
f 5366 5371 5365
f 5365 5371 2887
f 5371 2891 2887
f 5371 5372 2891
f 5372 5374 5373
f 2892 5372 5373
f 2891 5372 2892
f 5373 2893 2892
f 2895 5375 2894
f 5375 5376 2894
f 2894 5376 2889
f 5376 5377 2889
f 5377 5367 2889
f 5367 5377 5368
f 5374 5378 5373
f 5373 5378 2893
f 5378 2907 2893
f 5378 5379 2907
f 5379 5381 5380
f 2908 5379 5380
f 2907 5379 2908
f 5380 2909 2908
f 5383 5382 2910
f 5383 2910 2911
f 2895 2910 5375
f 2910 5384 5375
f 2910 5382 5384
f 5375 5384 5376
f 5381 5385 5380
f 5385 5387 5386
f 5385 5386 2925
f 5380 5385 2925
f 2909 5380 2925
f 5386 2926 2925
f 2928 5388 2927
f 2927 5388 5389
f 5390 2927 5389
f 2929 2927 5390
f 2911 2929 5383
f 5383 2929 5390
f 5387 5391 5386
f 5391 5393 5392
f 5391 5392 2948
f 5386 5391 2948
f 2926 5386 2948
f 5392 2949 2948
f 2951 5394 2950
f 5394 5395 2950
f 2950 5395 2928
f 5395 5396 2928
f 5396 5388 2928
f 5388 5396 5389
f 5393 5397 5392
f 5392 5397 2949
f 5397 2975 2949
f 5397 5398 2975
f 5398 5400 5399
f 2976 5398 5399
f 2975 5398 2976
f 5399 2977 2976
f 5402 5401 2978
f 5402 2978 2979
f 2951 2978 5394
f 2978 5403 5394
f 2978 5401 5403
f 5394 5403 5395
f 5400 5404 5399
f 5404 5406 5405
f 5404 5405 3006
f 5399 5404 3006
f 2977 5399 3006
f 5405 3007 3006
f 3009 5407 3008
f 5407 5408 3008
f 5408 2979 3008
f 5408 5402 2979
f 5406 5409 5405
f 3007 5405 5409
f 5410 3007 5409
f 3043 3007 5410
f 3045 5411 3044
f 5411 5412 3044
f 3044 5412 3009
f 5412 5413 3009
f 5413 5407 3009
f 5407 5413 5408
f 3079 3043 5414
f 3043 5415 5414
f 3043 5410 5415
f 5414 3080 3079
f 5417 5416 5411
f 3045 5417 5411
f 3081 5417 3045
f 5411 5416 5412
f 5415 5418 5414
f 5418 5420 5419
f 5418 5419 3118
f 5414 5418 3118
f 3080 5414 3118
f 5419 3119 3118
f 3121 5421 3120
f 5421 5422 3120
f 5422 3081 3120
f 5422 5417 3081
f 5420 5423 5419
f 5423 5425 5424
f 5423 5424 3162
f 5419 5423 3162
f 3119 5419 3162
f 5424 3163 3162
f 3165 5426 3164
f 5426 5427 3164
f 3164 5427 3121
f 5427 5428 3121
f 5428 5421 3121
f 5421 5428 5422
f 5425 5429 5424
f 3163 5424 5429
f 5430 3163 5429
f 3208 3163 5430
f 3210 5431 3209
f 5431 5432 3209
f 3209 5432 3165
f 5432 5433 3165
f 5433 5426 3165
f 5426 5433 5427
f 5430 5434 3208
f 3208 5434 3254
f 3255 3254 5434
f 3255 5434 5435
f 5437 5436 5431
f 3210 5437 5431
f 3256 5437 3210
f 5431 5436 5432
f 3301 3255 5438
f 3255 5439 5438
f 3255 5435 5439
f 5438 3302 3301
f 3304 5440 3303
f 5440 5441 3303
f 5441 3256 3303
f 5441 5437 3256
f 5439 5442 5438
f 3302 5438 5442
f 5443 3302 5442
f 3351 3302 5443
f 5445 5444 5440
f 3304 5445 5440
f 3352 5445 3304
f 5440 5444 5441
f 3400 3351 5446
f 3351 5447 5446
f 3351 5443 5447
f 5446 3401 3400
f 3402 5445 3352
f 3402 5448 5445
f 5446 5447 5449
f 5449 5447 5450
f 5449 3451 3401
f 5449 3401 5446
f 3453 5451 3452
f 5451 5452 3452
f 5452 3402 3452
f 5452 5448 3402
f 5450 5453 5449
f 3451 5449 5453
f 5454 3451 5453
f 3503 3451 5454
f 5456 5455 5451
f 3453 5456 5451
f 3504 5456 3453
f 5451 5455 5452
f 3555 3503 5457
f 3503 5458 5457
f 3503 5454 5458
f 5457 3556 3555
f 3558 5459 3557
f 5459 5460 3557
f 5460 3504 3557
f 5460 5456 3504
f 5458 5461 5457
f 3556 5457 5461
f 5462 3556 5461
f 3610 3556 5462
f 5464 5463 5459
f 3558 5464 5459
f 3611 5464 3558
f 5459 5463 5460
f 3664 3610 5465
f 3610 5466 5465
f 3610 5462 5466
f 5465 3665 3664
f 3666 5464 3611
f 3666 5467 5464
f 5465 5466 5468
f 5468 5466 5469
f 5468 3719 3665
f 5468 3665 5465
f 3720 5467 3666
f 3720 5470 5467
f 5468 5469 5471
f 5471 5469 5472
f 5471 3774 3719
f 5471 3719 5468
f 3776 5470 3720
f 3776 5473 5470
f 5472 5474 5471
f 3774 5471 5474
f 5475 3774 5474
f 3830 3774 5475
f 3832 5476 3831
f 5476 5477 3831
f 5477 3776 3831
f 5477 5473 3776
f 5475 3887 3830
f 5478 3887 5475
f 3888 5479 5476
f 3888 5476 3832
f 5477 5476 5480
f 5480 5476 5479
f 5478 3943 3887
f 5481 3943 5478
f 3944 5482 5479
f 3944 5479 3888
f 5480 5479 5483
f 5483 5479 5482
f 5481 3994 3943
f 5484 3994 5481
f 5486 5485 5482
f 3944 5486 5482
f 3995 5486 3944
f 5482 5485 5483
f 4041 3994 5487
f 3994 5488 5487
f 3994 5484 5488
f 5487 4042 4041
f 4043 5486 3995
f 4043 5489 5486
f 5487 5488 5490
f 5490 5488 5491
f 5490 4086 4042
f 5490 4042 5487
f 4087 5489 4043
f 4087 5492 5489
f 5490 5491 5493
f 5493 5491 5494
f 5493 4131 4086
f 5493 4086 5490
f 4132 5492 4087
f 4132 5495 5492
f 5493 5494 5496
f 5496 5494 5497
f 5496 4177 4131
f 5496 4131 5493
f 4178 5495 4132
f 4178 5498 5495
f 5496 5497 4228
f 5497 4227 4228
f 5497 5499 4227
f 5496 4228 4177
f 4229 5501 5500
f 5498 4229 5500
f 4178 4229 5498
f 5501 5502 5500
f 5499 4281 4227
f 5503 4281 5499
f 4282 5504 5501
f 4282 5501 4229
f 5502 5501 5505
f 5505 5501 5504
f 5503 4335 4281
f 5506 4335 5503
f 4336 5507 5504
f 4336 5504 4282
f 5505 5504 5508
f 5508 5504 5507
f 5506 4389 4335
f 5509 4389 5506
f 4390 5507 4336
f 4390 4391 5507
f 4391 5508 5507
f 4391 5510 5508
f 5513 5512 5511
f 5509 5513 5511
f 4443 5509 5511
f 4389 5509 4443
f 4444 5510 4391
f 4444 5514 5510
f 5511 5512 5515
f 5515 5512 5516
f 5515 4496 4443
f 5515 4443 5511
f 4497 5514 4444
f 4497 5517 5514
f 5515 5516 5518
f 5518 5516 5519
f 5518 4548 4496
f 5518 4496 5515
f 4549 5521 5520
f 5517 4549 5520
f 4497 4549 5517
f 5521 5522 5520
f 5518 5519 4599
f 5519 4598 4599
f 5519 5523 4598
f 5518 4599 4548
f 4600 5521 4549
f 4600 4601 5521
f 4601 5522 5521
f 4601 5524 5522
f 5527 5526 5525
f 5523 5527 5525
f 4649 5523 5525
f 4598 5523 4649
f 4650 5529 5528
f 5524 4650 5528
f 4601 4650 5524
f 5529 5530 5528
f 5525 5526 5531
f 5531 5526 5532
f 5531 4699 4649
f 5531 4649 5525
f 4700 5533 5529
f 4700 5529 4650
f 5530 5529 5534
f 5534 5529 5533
f 5531 5532 4749
f 5532 4748 4749
f 5532 5535 4748
f 5531 4749 4699
f 4750 5533 4700
f 4750 4751 5533
f 4751 5534 5533
f 4751 5536 5534
f 5539 5538 5537
f 5535 5539 5537
f 4798 5535 5537
f 4748 5535 4798
f 4799 5541 5540
f 5536 4799 5540
f 4751 4799 5536
f 5541 5542 5540
f 5537 5538 4845
f 5538 4844 4845
f 5538 5543 4844
f 5537 4845 4798
f 4846 5541 4799
f 4846 4847 5541
f 4847 5542 5541
f 4847 5544 5542
f 5547 5546 5545
f 5543 5547 5545
f 4891 5543 5545
f 4844 5543 4891
f 4892 5549 5548
f 5544 4892 5548
f 4847 4892 5544
f 5549 5550 5548
f 5545 5546 4936
f 5546 4935 4936
f 5546 5551 4935
f 5545 4936 4891
f 4937 5549 4892
f 4937 4938 5549
f 4938 5550 5549
f 4938 5552 5550
f 5555 5554 5553
f 5551 5555 5553
f 4979 5551 5553
f 4935 5551 4979
f 4980 5557 5556
f 5552 4980 5556
f 4938 4980 5552
f 5557 5558 5556
f 5561 5560 5559
f 5561 5559 5554
f 5554 5559 5553
f 5559 5020 5553
f 5020 5021 5553
f 5553 5021 4979
f 5022 5557 4980
f 5563 5562 5023
f 5023 5562 5022
f 5562 5558 5022
f 5558 5557 5022
f 5563 5564 5562
f 5559 5560 5064
f 5560 5063 5064
f 5560 5565 5063
f 5559 5064 5020
f 5065 5563 5023
f 5567 5566 5066
f 5066 5566 5065
f 5566 5564 5065
f 5564 5563 5065
f 5567 5568 5566
f 5570 5569 5104
f 5104 5569 5103
f 5104 5063 5565
f 5104 5565 5570
f 5105 5567 5066
f 5105 5106 5567
f 5106 5568 5567
f 5106 5571 5568
f 5574 5573 5572
f 5569 5574 5572
f 5141 5569 5572
f 5103 5569 5141
f 5575 5571 5106
f 5575 5106 5142
f 5142 5144 5575
f 5575 5144 5576
f 5579 5578 5577
f 5579 5577 5573
f 5573 5577 5572
f 5577 5171 5572
f 5171 5172 5572
f 5572 5172 5141
f 5580 5576 5144
f 5580 5144 5173
f 5173 5175 5580
f 5580 5175 5581
f 5584 5583 5582
f 5584 5582 5578
f 5578 5582 5577
f 5582 5199 5577
f 5199 5200 5577
f 5577 5200 5171
f 5585 5581 5175
f 5585 5175 5201
f 5587 5586 5202
f 5586 5201 5202
f 5586 5585 5201
f 5587 5588 5586
f 5591 5590 5589
f 5591 5589 5583
f 5583 5589 5582
f 5589 5223 5582
f 5223 5224 5582
f 5582 5224 5199
f 5225 5587 5202
f 5593 5592 5226
f 5226 5592 5225
f 5592 5588 5225
f 5588 5587 5225
f 5593 5594 5592
f 5596 5595 5243
f 5243 5595 5242
f 5244 5589 5590
f 5596 5244 5590
f 5243 5244 5596
f 5589 5244 5223
f 5245 5593 5226
f 5598 5597 5246
f 5246 5597 5245
f 5597 5594 5245
f 5594 5593 5245
f 5598 5599 5597
f 5602 5601 5600
f 5262 5263 5600
f 5263 5602 5600
f 5263 5603 5602
f 5263 5242 5595
f 5263 5595 5603
f 5264 5598 5246
f 5604 5599 5598
f 5264 5604 5598
f 5265 5604 5264
f 5265 5266 5604
f 5604 5266 5605
f 5608 5607 5606
f 5608 5606 5601
f 5601 5606 5600
f 5606 5270 5600
f 5270 5271 5600
f 5600 5271 5262
f 5609 5605 5266
f 5609 5266 5272
f 5611 5610 5273
f 5610 5272 5273
f 5610 5609 5272
f 5611 5612 5610
f 5615 5614 5613
f 5275 5276 5613
f 5276 5615 5613
f 5276 5616 5615
f 5277 5606 5607
f 5616 5277 5607
f 5276 5277 5616
f 5606 5277 5270
f 5278 5611 5273
f 5617 5612 5611
f 5278 5617 5611
f 5279 5617 5278
f 5619 5618 5280
f 5618 5279 5280
f 5618 5617 5279
f 5621 5620 5619
f 5619 5620 5618
f 5621 5622 5620
f 5625 5624 5623
f 5281 5282 5623
f 5282 5625 5623
f 5282 5626 5625
f 5283 5613 5614
f 5626 5283 5614
f 5282 5283 5626
f 5613 5283 5275
f 5284 5619 5280
f 5619 5284 5285
f 5619 5285 5621
f 5627 5622 5621
f 5285 5627 5621
f 5286 5627 5285
f 5629 5628 5287
f 5628 5286 5287
f 5628 5627 5286
f 5629 5630 5628
f 5633 5632 5631
f 5635 5634 5631
f 5631 5634 5633
f 5288 5289 5635
f 5289 5634 5635
f 5289 5636 5634
f 5290 5623 5624
f 5636 5290 5624
f 5289 5290 5636
f 5623 5290 5281
f 5291 5629 5287
f 5637 5630 5629
f 5291 5637 5629
f 5292 5637 5291
f 5639 5638 5293
f 5638 5292 5293
f 5638 5637 5292
f 5641 5640 5639
f 5639 5640 5638
f 5643 5642 5641
f 5641 5642 5640
f 5643 5644 5642
f 5647 5646 5645
f 5649 5648 5645
f 5645 5648 5647
f 5651 5650 5649
f 5649 5650 5648
f 5294 5295 5651
f 5295 5650 5651
f 5295 5652 5650
f 5296 5631 5632
f 5652 5296 5632
f 5295 5296 5652
f 5631 5296 5297
f 5631 5297 5635
f 5635 5297 5288
f 5298 5639 5293
f 5639 5298 5299
f 5639 5299 5641
f 5641 5299 5300
f 5641 5300 5643
f 5653 5644 5643
f 5300 5653 5643
f 5301 5653 5300
f 5654 5301 5302
f 5654 5653 5301
f 5655 5302 5303
f 5655 5654 5302
f 5656 5303 5304
f 5656 5655 5303
f 5658 5657 5305
f 5657 5304 5305
f 5657 5656 5304
f 5660 5659 5658
f 5658 5659 5657
f 5662 5661 5660
f 5660 5661 5659
f 5664 5663 5662
f 5662 5663 5661
f 5306 5307 5664
f 5307 5663 5664
f 5307 5665 5663
f 5666 5307 5308
f 5666 5665 5307
f 5667 5308 5309
f 5667 5666 5308
f 5668 5309 5310
f 5668 5667 5309
f 5311 5645 5646
f 5668 5311 5646
f 5310 5311 5668
f 5645 5311 5312
f 5645 5312 5649
f 5649 5312 5313
f 5649 5313 5651
f 5651 5313 5294
f 5314 5658 5305
f 5658 5314 5315
f 5658 5315 5660
f 5660 5315 5316
f 5660 5316 5662
f 5662 5316 5317
f 5662 5317 5664
f 5664 5317 5306
f 5322 5669 5323
f 5670 5324 5323
f 5670 5323 5669
f 5671 5325 5324
f 5671 5324 5670
f 5672 5326 5325
f 5672 5325 5671
f 5673 5327 5326
f 5673 5326 5672
f 5673 5329 5327
f 5333 5674 5334
f 5675 5335 5334
f 5675 5334 5674
f 5676 5336 5335
f 5676 5335 5675
f 5677 5337 5336
f 5677 5336 5676
f 5678 5338 5337
f 5678 5337 5677
f 5679 5339 5338
f 5679 5338 5678
f 5680 5340 5339
f 5680 5339 5679
f 5669 5322 5340
f 5680 5669 5340
f 5681 5669 5680
f 5669 5682 5670
f 5669 5681 5682
f 5670 5683 5671
f 5670 5682 5683
f 5671 5684 5672
f 5671 5683 5684
f 5672 5685 5673
f 5672 5684 5685
f 5686 5341 5329
f 5673 5686 5329
f 5685 5686 5673
f 5687 5342 5341
f 5687 5341 5686
f 5688 5343 5342
f 5688 5342 5687
f 5689 5344 5343
f 5689 5343 5688
f 5690 5345 5344
f 5690 5344 5689
f 5691 5346 5345
f 5691 5345 5690
f 5691 5348 5346
f 5350 5692 5351
f 5693 5352 5351
f 5693 5351 5692
f 5674 5333 5352
f 5693 5674 5352
f 5694 5674 5693
f 5674 5695 5675
f 5674 5694 5695
f 5675 5696 5676
f 5675 5695 5696
f 5676 5697 5677
f 5676 5696 5697
f 5677 5698 5678
f 5677 5697 5698
f 5678 5699 5679
f 5678 5698 5699
f 5679 5700 5680
f 5679 5699 5700
f 5680 5701 5681
f 5680 5700 5701
f 5681 5702 5682
f 5681 5701 5702
f 5682 5703 5683
f 5682 5702 5703
f 5683 5704 5684
f 5683 5703 5704
f 5684 5705 5685
f 5684 5704 5705
f 5685 5706 5686
f 5685 5705 5706
f 5686 5707 5687
f 5686 5706 5707
f 5687 5708 5688
f 5687 5707 5708
f 5688 5709 5689
f 5688 5708 5709
f 5689 5710 5690
f 5689 5709 5710
f 5690 5711 5691
f 5690 5710 5711
f 5712 5353 5348
f 5691 5712 5348
f 5711 5712 5691
f 5713 5354 5353
f 5713 5353 5712
f 5714 5355 5354
f 5714 5354 5713
f 5714 5357 5355
f 5359 5715 5360
f 5716 5361 5360
f 5716 5360 5715
f 5717 5362 5361
f 5717 5361 5716
f 5692 5350 5362
f 5717 5692 5362
f 5718 5692 5717
f 5692 5719 5693
f 5692 5718 5719
f 5693 5720 5694
f 5693 5719 5720
f 5694 5721 5695
f 5694 5720 5721
f 5695 5722 5696
f 5695 5721 5722
f 5696 5723 5697
f 5696 5722 5723
f 5697 5724 5698
f 5697 5723 5724
f 5698 5725 5699
f 5698 5724 5725
f 5699 5726 5700
f 5699 5725 5726
f 5700 5727 5701
f 5700 5726 5727
f 5701 5728 5702
f 5701 5727 5728
f 5702 5729 5703
f 5702 5728 5729
f 5703 5730 5704
f 5703 5729 5730
f 5704 5731 5705
f 5704 5730 5731
f 5705 5732 5706
f 5705 5731 5732
f 5706 5733 5707
f 5706 5732 5733
f 5707 5734 5708
f 5707 5733 5734
f 5708 5735 5709
f 5708 5734 5735
f 5709 5736 5710
f 5709 5735 5736
f 5710 5737 5711
f 5710 5736 5737
f 5711 5738 5712
f 5711 5737 5738
f 5712 5739 5713
f 5712 5738 5739
f 5713 5740 5714
f 5713 5739 5740
f 5741 5363 5357
f 5714 5741 5357
f 5740 5741 5714
f 5742 5364 5363
f 5742 5363 5741
f 5742 5366 5364
f 5368 5743 5369
f 5744 5370 5369
f 5744 5369 5743
f 5715 5359 5370
f 5744 5715 5370
f 5745 5715 5744
f 5715 5746 5716
f 5715 5745 5746
f 5716 5747 5717
f 5716 5746 5747
f 5717 5748 5718
f 5717 5747 5748
f 5718 5749 5719
f 5718 5748 5749
f 5719 5750 5720
f 5719 5749 5750
f 5720 5751 5721
f 5720 5750 5751
f 5721 5752 5722
f 5721 5751 5752
f 5722 5753 5723
f 5722 5752 5753
f 5723 5754 5724
f 5723 5753 5754
f 5724 5755 5725
f 5724 5754 5755
f 5725 5756 5726
f 5725 5755 5756
f 5726 5757 5727
f 5726 5756 5757
f 5727 5758 5728
f 5727 5757 5758
f 5728 5759 5729
f 5728 5758 5759
f 5729 5760 5730
f 5729 5759 5760
f 5730 5761 5731
f 5730 5760 5761
f 5731 5762 5732
f 5731 5761 5762
f 5732 5763 5733
f 5732 5762 5763
f 5733 5764 5734
f 5733 5763 5764
f 5734 5765 5735
f 5734 5764 5765
f 5735 5766 5736
f 5735 5765 5766
f 5736 5767 5737
f 5736 5766 5767
f 5737 5768 5738
f 5737 5767 5768
f 5738 5769 5739
f 5738 5768 5769
f 5739 5770 5740
f 5739 5769 5770
f 5740 5771 5741
f 5740 5770 5771
f 5741 5772 5742
f 5741 5771 5772
f 5773 5371 5366
f 5742 5773 5366
f 5772 5773 5742
f 5774 5372 5371
f 5774 5371 5773
f 5774 5374 5372
f 5376 5775 5377
f 5743 5368 5377
f 5775 5743 5377
f 5776 5743 5775
f 5743 5777 5744
f 5743 5776 5777
f 5744 5778 5745
f 5744 5777 5778
f 5745 5779 5746
f 5745 5778 5779
f 5746 5780 5747
f 5746 5779 5780
f 5747 5781 5748
f 5747 5780 5781
f 5748 5782 5749
f 5748 5781 5782
f 5749 5783 5750
f 5749 5782 5783
f 5750 5784 5751
f 5750 5783 5784
f 5751 5785 5752
f 5751 5784 5785
f 5752 5786 5753
f 5752 5785 5786
f 5753 5787 5754
f 5753 5786 5787
f 5754 5788 5755
f 5754 5787 5788
f 5755 5789 5756
f 5755 5788 5789
f 5756 5790 5757
f 5756 5789 5790
f 5757 5791 5758
f 5757 5790 5791
f 5758 5792 5759
f 5758 5791 5792
f 5759 5793 5760
f 5759 5792 5793
f 5760 5794 5761
f 5760 5793 5794
f 5761 5795 5762
f 5761 5794 5795
f 5762 5796 5763
f 5762 5795 5796
f 5763 5797 5764
f 5763 5796 5797
f 5764 5798 5765
f 5764 5797 5798
f 5765 5799 5766
f 5765 5798 5799
f 5766 5800 5767
f 5766 5799 5800
f 5767 5801 5768
f 5767 5800 5801
f 5768 5802 5769
f 5768 5801 5802
f 5769 5803 5770
f 5769 5802 5803
f 5770 5804 5771
f 5770 5803 5804
f 5771 5805 5772
f 5771 5804 5805
f 5772 5806 5773
f 5772 5805 5806
f 5773 5807 5774
f 5773 5806 5807
f 5808 5378 5374
f 5774 5808 5374
f 5807 5808 5774
f 5809 5379 5378
f 5809 5378 5808
f 5809 5381 5379
f 5383 5810 5382
f 5811 5384 5382
f 5811 5382 5810
f 5775 5376 5384
f 5811 5775 5384
f 5812 5775 5811
f 5775 5813 5776
f 5775 5812 5813
f 5776 5814 5777
f 5776 5813 5814
f 5777 5815 5778
f 5777 5814 5815
f 5778 5816 5779
f 5778 5815 5816
f 5779 5817 5780
f 5779 5816 5817
f 5780 5818 5781
f 5780 5817 5818
f 5781 5819 5782
f 5781 5818 5819
f 5782 5820 5783
f 5782 5819 5820
f 5783 5821 5784
f 5783 5820 5821
f 5784 5822 5785
f 5784 5821 5822
f 5785 5823 5786
f 5785 5822 5823
f 5786 5824 5787
f 5786 5823 5824
f 5787 5825 5788
f 5787 5824 5825
f 5788 5826 5789
f 5788 5825 5826
f 5789 5827 5790
f 5789 5826 5827
f 5790 5828 5791
f 5790 5827 5828
f 5791 5829 5792
f 5791 5828 5829
f 5792 5830 5793
f 5792 5829 5830
f 5793 5831 5794
f 5793 5830 5831
f 5794 5832 5795
f 5794 5831 5832
f 5795 5833 5796
f 5795 5832 5833
f 5796 5834 5797
f 5796 5833 5834
f 5797 5835 5798
f 5797 5834 5835
f 5798 5836 5799
f 5798 5835 5836
f 5799 5837 5800
f 5799 5836 5837
f 5800 5838 5801
f 5800 5837 5838
f 5801 5839 5802
f 5801 5838 5839
f 5802 5840 5803
f 5802 5839 5840
f 5803 5841 5804
f 5803 5840 5841
f 5804 5842 5805
f 5804 5841 5842
f 5805 5843 5806
f 5805 5842 5843
f 5806 5844 5807
f 5806 5843 5844
f 5807 5845 5808
f 5807 5844 5845
f 5808 5846 5809
f 5808 5845 5846
f 5847 5385 5381
f 5809 5847 5381
f 5846 5847 5809
f 5847 5387 5385
f 5389 5848 5390
f 5810 5383 5390
f 5848 5810 5390
f 5849 5810 5848
f 5810 5850 5811
f 5810 5849 5850
f 5811 5851 5812
f 5811 5850 5851
f 5812 5852 5813
f 5812 5851 5852
f 5813 5853 5814
f 5813 5852 5853
f 5814 5854 5815
f 5814 5853 5854
f 5815 5855 5816
f 5815 5854 5855
f 5816 5856 5817
f 5816 5855 5856
f 5817 5857 5818
f 5817 5856 5857
f 5818 5858 5819
f 5818 5857 5858
f 5819 5859 5820
f 5819 5858 5859
f 5820 5860 5821
f 5820 5859 5860
f 5821 5861 5822
f 5821 5860 5861
f 5822 5862 5823
f 5822 5861 5862
f 5823 5863 5824
f 5823 5862 5863
f 5824 5864 5825
f 5824 5863 5864
f 5825 5865 5826
f 5825 5864 5865
f 5826 5866 5827
f 5826 5865 5866
f 5827 5867 5828
f 5827 5866 5867
f 5828 5868 5829
f 5828 5867 5868
f 5829 5869 5830
f 5829 5868 5869
f 5830 5870 5831
f 5830 5869 5870
f 5831 5871 5832
f 5831 5870 5871
f 5832 5872 5833
f 5832 5871 5872
f 5833 5873 5834
f 5833 5872 5873
f 5834 5874 5835
f 5834 5873 5874
f 5835 5875 5836
f 5835 5874 5875
f 5836 5876 5837
f 5836 5875 5876
f 5837 5877 5838
f 5837 5876 5877
f 5838 5878 5839
f 5838 5877 5878
f 5839 5879 5840
f 5839 5878 5879
f 5840 5880 5841
f 5840 5879 5880
f 5841 5881 5842
f 5841 5880 5881
f 5842 5882 5843
f 5842 5881 5882
f 5843 5883 5844
f 5843 5882 5883
f 5844 5884 5845
f 5844 5883 5884
f 5845 5885 5846
f 5845 5884 5885
f 5846 5886 5847
f 5846 5885 5886
f 5887 5391 5387
f 5847 5887 5387
f 5886 5887 5847
f 5887 5393 5391
f 5395 5888 5396
f 5848 5389 5396
f 5888 5848 5396
f 5889 5848 5888
f 5848 5890 5849
f 5848 5889 5890
f 5849 5891 5850
f 5849 5890 5891
f 5850 5892 5851
f 5850 5891 5892
f 5851 5893 5852
f 5851 5892 5893
f 5852 5894 5853
f 5852 5893 5894
f 5853 5895 5854
f 5853 5894 5895
f 5854 5896 5855
f 5854 5895 5896
f 5855 5897 5856
f 5855 5896 5897
f 5856 5898 5857
f 5856 5897 5898
f 5857 5899 5858
f 5857 5898 5899
f 5858 5900 5859
f 5858 5899 5900
f 5859 5901 5860
f 5859 5900 5901
f 5860 5902 5861
f 5860 5901 5902
f 5861 5903 5862
f 5861 5902 5903
f 5862 5904 5863
f 5862 5903 5904
f 5863 5905 5864
f 5863 5904 5905
f 5864 5906 5865
f 5864 5905 5906
f 5865 5907 5866
f 5865 5906 5907
f 5866 5908 5867
f 5866 5907 5908
f 5867 5909 5868
f 5867 5908 5909
f 5868 5910 5869
f 5868 5909 5910
f 5869 5911 5870
f 5869 5910 5911
f 5870 5912 5871
f 5870 5911 5912
f 5871 5913 5872
f 5871 5912 5913
f 5872 5914 5873
f 5872 5913 5914
f 5873 5915 5874
f 5873 5914 5915
f 5874 5916 5875
f 5874 5915 5916
f 5875 5917 5876
f 5875 5916 5917
f 5876 5918 5877
f 5876 5917 5918
f 5877 5919 5878
f 5877 5918 5919
f 5878 5920 5879
f 5878 5919 5920
f 5879 5921 5880
f 5879 5920 5921
f 5880 5922 5881
f 5880 5921 5922
f 5881 5923 5882
f 5881 5922 5923
f 5882 5924 5883
f 5882 5923 5924
f 5883 5925 5884
f 5883 5924 5925
f 5884 5926 5885
f 5884 5925 5926
f 5885 5927 5886
f 5885 5926 5927
f 5886 5928 5887
f 5886 5927 5928
f 5929 5397 5393
f 5887 5929 5393
f 5928 5929 5887
f 5930 5398 5397
f 5930 5397 5929
f 5930 5400 5398
f 5402 5931 5401
f 5932 5403 5401
f 5932 5401 5931
f 5888 5395 5403
f 5932 5888 5403
f 5933 5888 5932
f 5888 5934 5889
f 5888 5933 5934
f 5889 5935 5890
f 5889 5934 5935
f 5890 5936 5891
f 5890 5935 5936
f 5891 5937 5892
f 5891 5936 5937
f 5892 5938 5893
f 5892 5937 5938
f 5893 5939 5894
f 5893 5938 5939
f 5894 5940 5895
f 5894 5939 5940
f 5895 5941 5896
f 5895 5940 5941
f 5896 5942 5897
f 5896 5941 5942
f 5897 5943 5898
f 5897 5942 5943
f 5898 5944 5899
f 5898 5943 5944
f 5899 5945 5900
f 5899 5944 5945
f 5900 5946 5901
f 5900 5945 5946
f 5901 5947 5902
f 5901 5946 5947
f 5902 5948 5903
f 5902 5947 5948
f 5903 5949 5904
f 5903 5948 5949
f 5904 5950 5905
f 5904 5949 5950
f 5905 5951 5906
f 5905 5950 5951
f 5906 5952 5907
f 5906 5951 5952
f 5907 5953 5908
f 5907 5952 5953
f 5908 5954 5909
f 5908 5953 5954
f 5909 5955 5910
f 5909 5954 5955
f 5910 5956 5911
f 5910 5955 5956
f 5911 5957 5912
f 5911 5956 5957
f 5912 5958 5913
f 5912 5957 5958
f 5913 5959 5914
f 5913 5958 5959
f 5914 5960 5915
f 5914 5959 5960
f 5915 5961 5916
f 5915 5960 5961
f 5916 5962 5917
f 5916 5961 5962
f 5917 5963 5918
f 5917 5962 5963
f 5918 5964 5919
f 5918 5963 5964
f 5919 5965 5920
f 5919 5964 5965
f 5920 5966 5921
f 5920 5965 5966
f 5921 5967 5922
f 5921 5966 5967
f 5922 5968 5923
f 5922 5967 5968
f 5923 5969 5924
f 5923 5968 5969
f 5924 5970 5925
f 5924 5969 5970
f 5925 5971 5926
f 5925 5970 5971
f 5926 5972 5927
f 5926 5971 5972
f 5927 5973 5928
f 5927 5972 5973
f 5928 5974 5929
f 5928 5973 5974
f 5929 5975 5930
f 5929 5974 5975
f 5976 5404 5400
f 5930 5976 5400
f 5975 5976 5930
f 5976 5406 5404
f 5408 5977 5931
f 5408 5931 5402
f 5931 5978 5932
f 5931 5977 5978
f 5932 5979 5933
f 5932 5978 5979
f 5933 5980 5934
f 5933 5979 5980
f 5934 5981 5935
f 5934 5980 5981
f 5935 5982 5936
f 5935 5981 5982
f 5936 5983 5937
f 5936 5982 5983
f 5937 5984 5938
f 5937 5983 5984
f 5938 5985 5939
f 5938 5984 5985
f 5939 5986 5940
f 5939 5985 5986
f 5940 5987 5941
f 5940 5986 5987
f 5941 5988 5942
f 5941 5987 5988
f 5942 5989 5943
f 5942 5988 5989
f 5943 5990 5944
f 5943 5989 5990
f 5944 5991 5945
f 5944 5990 5991
f 5945 5992 5946
f 5945 5991 5992
f 5946 5993 5947
f 5946 5992 5993
f 5947 5994 5948
f 5947 5993 5994
f 5948 5995 5949
f 5948 5994 5995
f 5949 5996 5950
f 5949 5995 5996
f 5950 5997 5951
f 5950 5996 5997
f 5951 5998 5952
f 5951 5997 5998
f 5952 5999 5953
f 5952 5998 5999
f 5953 6000 5954
f 5953 5999 6000
f 5954 6001 5955
f 5954 6000 6001
f 5955 6002 5956
f 5955 6001 6002
f 5956 6003 5957
f 5956 6002 6003
f 5957 6004 5958
f 5957 6003 6004
f 5958 6005 5959
f 5958 6004 6005
f 5959 6006 5960
f 5959 6005 6006
f 5960 6007 5961
f 5960 6006 6007
f 5961 6008 5962
f 5961 6007 6008
f 5962 6009 5963
f 5962 6008 6009
f 5963 6010 5964
f 5963 6009 6010
f 5964 6011 5965
f 5964 6010 6011
f 5965 6012 5966
f 5965 6011 6012
f 5966 6013 5967
f 5966 6012 6013
f 5967 6014 5968
f 5967 6013 6014
f 5968 6015 5969
f 5968 6014 6015
f 5969 6016 5970
f 5969 6015 6016
f 5970 6017 5971
f 5970 6016 6017
f 5971 6018 5972
f 5971 6017 6018
f 5972 6019 5973
f 5972 6018 6019
f 5973 6020 5974
f 5973 6019 6020
f 5974 6021 5975
f 5974 6020 6021
f 5975 6022 5976
f 5975 6021 6022
f 6023 5409 5406
f 5976 6023 5406
f 6022 6023 5976
f 6023 5410 5409
f 5412 6024 5413
f 5977 5408 5413
f 6024 5977 5413
f 6025 5977 6024
f 5977 6026 5978
f 5977 6025 6026
f 5978 6027 5979
f 5978 6026 6027
f 5979 6028 5980
f 5979 6027 6028
f 5980 6029 5981
f 5980 6028 6029
f 5981 6030 5982
f 5981 6029 6030
f 5982 6031 5983
f 5982 6030 6031
f 5983 6032 5984
f 5983 6031 6032
f 5984 6033 5985
f 5984 6032 6033
f 5985 6034 5986
f 5985 6033 6034
f 5986 6035 5987
f 5986 6034 6035
f 5987 6036 5988
f 5987 6035 6036
f 5988 6037 5989
f 5988 6036 6037
f 5989 6038 5990
f 5989 6037 6038
f 5990 6039 5991
f 5990 6038 6039
f 5991 6040 5992
f 5991 6039 6040
f 5992 6041 5993
f 5992 6040 6041
f 5993 6042 5994
f 5993 6041 6042
f 5994 6043 5995
f 5994 6042 6043
f 5995 6044 5996
f 5995 6043 6044
f 5996 6045 5997
f 5996 6044 6045
f 5997 6046 5998
f 5997 6045 6046
f 5998 6047 5999
f 5998 6046 6047
f 5999 6048 6000
f 5999 6047 6048
f 6000 6049 6001
f 6000 6048 6049
f 6001 6050 6002
f 6001 6049 6050
f 6002 6051 6003
f 6002 6050 6051
f 6003 6052 6004
f 6003 6051 6052
f 6004 6053 6005
f 6004 6052 6053
f 6005 6054 6006
f 6005 6053 6054
f 6006 6055 6007
f 6006 6054 6055
f 6007 6056 6008
f 6007 6055 6056
f 6008 6057 6009
f 6008 6056 6057
f 6009 6058 6010
f 6009 6057 6058
f 6010 6059 6011
f 6010 6058 6059
f 6011 6060 6012
f 6011 6059 6060
f 6012 6061 6013
f 6012 6060 6061
f 6013 6062 6014
f 6013 6061 6062
f 6014 6063 6015
f 6014 6062 6063
f 6015 6064 6016
f 6015 6063 6064
f 6016 6065 6017
f 6016 6064 6065
f 6017 6066 6018
f 6017 6065 6066
f 6018 6067 6019
f 6018 6066 6067
f 6019 6068 6020
f 6019 6067 6068
f 6020 6069 6021
f 6020 6068 6069
f 6021 6070 6022
f 6021 6069 6070
f 6022 6071 6023
f 6022 6070 6071
f 6071 5415 5410
f 6071 5410 6023
f 5417 6072 5416
f 6024 5412 5416
f 6072 6024 5416
f 6073 6024 6072
f 6024 6074 6025
f 6024 6073 6074
f 6025 6075 6026
f 6025 6074 6075
f 6026 6076 6027
f 6026 6075 6076
f 6027 6077 6028
f 6027 6076 6077
f 6028 6078 6029
f 6028 6077 6078
f 6029 6079 6030
f 6029 6078 6079
f 6030 6080 6031
f 6030 6079 6080
f 6031 6081 6032
f 6031 6080 6081
f 6032 6082 6033
f 6032 6081 6082
f 6033 6083 6034
f 6033 6082 6083
f 6034 6084 6035
f 6034 6083 6084
f 6035 6085 6036
f 6035 6084 6085
f 6036 6086 6037
f 6036 6085 6086
f 6037 6087 6038
f 6037 6086 6087
f 6038 6088 6039
f 6038 6087 6088
f 6039 6089 6040
f 6039 6088 6089
f 6040 6090 6041
f 6040 6089 6090
f 6041 6091 6042
f 6041 6090 6091
f 6042 6092 6043
f 6042 6091 6092
f 6043 6093 6044
f 6043 6092 6093
f 6044 6094 6045
f 6044 6093 6094
f 6045 6095 6046
f 6045 6094 6095
f 6046 6096 6047
f 6046 6095 6096
f 6047 6097 6048
f 6047 6096 6097
f 6048 6098 6049
f 6048 6097 6098
f 6049 6099 6050
f 6049 6098 6099
f 6050 6100 6051
f 6050 6099 6100
f 6051 6101 6052
f 6051 6100 6101
f 6052 6102 6053
f 6052 6101 6102
f 6053 6103 6054
f 6053 6102 6103
f 6054 6104 6055
f 6054 6103 6104
f 6055 6105 6056
f 6055 6104 6105
f 6056 6106 6057
f 6056 6105 6106
f 6057 6107 6058
f 6057 6106 6107
f 6058 6108 6059
f 6058 6107 6108
f 6059 6109 6060
f 6059 6108 6109
f 6060 6110 6061
f 6060 6109 6110
f 6061 6111 6062
f 6061 6110 6111
f 6062 6112 6063
f 6062 6111 6112
f 6063 6113 6064
f 6063 6112 6113
f 6064 6114 6065
f 6064 6113 6114
f 6065 6115 6066
f 6065 6114 6115
f 6066 6116 6067
f 6066 6115 6116
f 6067 6117 6068
f 6067 6116 6117
f 6068 6118 6069
f 6068 6117 6118
f 6069 6119 6070
f 6069 6118 6119
f 6070 6120 6071
f 6070 6119 6120
f 6121 5418 5415
f 6071 6121 5415
f 6120 6121 6071
f 6121 5420 5418
f 5422 6122 6072
f 5422 6072 5417
f 6072 6123 6073
f 6072 6122 6123
f 6073 6124 6074
f 6073 6123 6124
f 6074 6125 6075
f 6074 6124 6125
f 6075 6126 6076
f 6075 6125 6126
f 6076 6127 6077
f 6076 6126 6127
f 6077 6128 6078
f 6077 6127 6128
f 6078 6129 6079
f 6078 6128 6129
f 6079 6130 6080
f 6079 6129 6130
f 6080 6131 6081
f 6080 6130 6131
f 6081 6132 6082
f 6081 6131 6132
f 6082 6133 6083
f 6082 6132 6133
f 6083 6134 6084
f 6083 6133 6134
f 6084 6135 6085
f 6084 6134 6135
f 6085 6136 6086
f 6085 6135 6136
f 6086 6137 6087
f 6086 6136 6137
f 6087 6138 6088
f 6087 6137 6138
f 6088 6139 6089
f 6088 6138 6139
f 6089 6140 6090
f 6089 6139 6140
f 6090 6141 6091
f 6090 6140 6141
f 6091 6142 6092
f 6091 6141 6142
f 6092 6143 6093
f 6092 6142 6143
f 6093 6144 6094
f 6093 6143 6144
f 6094 6145 6095
f 6094 6144 6145
f 6095 6146 6096
f 6095 6145 6146
f 6096 6147 6097
f 6096 6146 6147
f 6097 6148 6098
f 6097 6147 6148
f 6098 6149 6099
f 6098 6148 6149
f 6099 6150 6100
f 6099 6149 6150
f 6100 6151 6101
f 6100 6150 6151
f 6101 6152 6102
f 6101 6151 6152
f 6102 6153 6103
f 6102 6152 6153
f 6103 6154 6104
f 6103 6153 6154
f 6104 6155 6105
f 6104 6154 6155
f 6105 6156 6106
f 6105 6155 6156
f 6106 6157 6107
f 6106 6156 6157
f 6107 6158 6108
f 6107 6157 6158
f 6108 6159 6109
f 6108 6158 6159
f 6109 6160 6110
f 6109 6159 6160
f 6110 6161 6111
f 6110 6160 6161
f 6111 6162 6112
f 6111 6161 6162
f 6112 6163 6113
f 6112 6162 6163
f 6113 6164 6114
f 6113 6163 6164
f 6114 6165 6115
f 6114 6164 6165
f 6115 6166 6116
f 6115 6165 6166
f 6116 6167 6117
f 6116 6166 6167
f 6117 6168 6118
f 6117 6167 6168
f 6118 6169 6119
f 6118 6168 6169
f 6119 6170 6120
f 6119 6169 6170
f 6120 6171 6121
f 6120 6170 6171
f 6172 5423 5420
f 6121 6172 5420
f 6171 6172 6121
f 6172 5425 5423
f 5427 6173 5428
f 6122 5422 5428
f 6173 6122 5428
f 6174 6122 6173
f 6122 6175 6123
f 6122 6174 6175
f 6123 6176 6124
f 6123 6175 6176
f 6124 6177 6125
f 6124 6176 6177
f 6125 6178 6126
f 6125 6177 6178
f 6126 6179 6127
f 6126 6178 6179
f 6127 6180 6128
f 6127 6179 6180
f 6128 6181 6129
f 6128 6180 6181
f 6129 6182 6130
f 6129 6181 6182
f 6130 6183 6131
f 6130 6182 6183
f 6131 6184 6132
f 6131 6183 6184
f 6132 6185 6133
f 6132 6184 6185
f 6133 6186 6134
f 6133 6185 6186
f 6134 6187 6135
f 6134 6186 6187
f 6135 6188 6136
f 6135 6187 6188
f 6136 6189 6137
f 6136 6188 6189
f 6137 6190 6138
f 6137 6189 6190
f 6138 6191 6139
f 6138 6190 6191
f 6139 6192 6140
f 6139 6191 6192
f 6140 6193 6141
f 6140 6192 6193
f 6141 6194 6142
f 6141 6193 6194
f 6142 6195 6143
f 6142 6194 6195
f 6143 6196 6144
f 6143 6195 6196
f 6144 6197 6145
f 6144 6196 6197
f 6145 6198 6146
f 6145 6197 6198
f 6146 6199 6147
f 6146 6198 6199
f 6147 6200 6148
f 6147 6199 6200
f 6148 6201 6149
f 6148 6200 6201
f 6149 6202 6150
f 6149 6201 6202
f 6150 6203 6151
f 6150 6202 6203
f 6151 6204 6152
f 6151 6203 6204
f 6152 6205 6153
f 6152 6204 6205
f 6153 6206 6154
f 6153 6205 6206
f 6154 6207 6155
f 6154 6206 6207
f 6155 6208 6156
f 6155 6207 6208
f 6156 6209 6157
f 6156 6208 6209
f 6157 6210 6158
f 6157 6209 6210
f 6158 6211 6159
f 6158 6210 6211
f 6159 6212 6160
f 6159 6211 6212
f 6160 6213 6161
f 6160 6212 6213
f 6161 6214 6162
f 6161 6213 6214
f 6162 6215 6163
f 6162 6214 6215
f 6163 6216 6164
f 6163 6215 6216
f 6164 6217 6165
f 6164 6216 6217
f 6165 6218 6166
f 6165 6217 6218
f 6166 6219 6167
f 6166 6218 6219
f 6167 6220 6168
f 6167 6219 6220
f 6168 6221 6169
f 6168 6220 6221
f 6169 6222 6170
f 6169 6221 6222
f 6170 6223 6171
f 6170 6222 6223
f 6171 6224 6172
f 6171 6223 6224
f 6225 5429 5425
f 6172 6225 5425
f 6224 6225 6172
f 6225 5430 5429
f 5432 6226 5433
f 6173 5427 5433
f 6226 6173 5433
f 6227 6173 6226
f 6173 6228 6174
f 6173 6227 6228
f 6174 6229 6175
f 6174 6228 6229
f 6175 6230 6176
f 6175 6229 6230
f 6176 6231 6177
f 6176 6230 6231
f 6177 6232 6178
f 6177 6231 6232
f 6178 6233 6179
f 6178 6232 6233
f 6179 6234 6180
f 6179 6233 6234
f 6180 6235 6181
f 6180 6234 6235
f 6181 6236 6182
f 6181 6235 6236
f 6182 6237 6183
f 6182 6236 6237
f 6183 6238 6184
f 6183 6237 6238
f 6184 6239 6185
f 6184 6238 6239
f 6185 6240 6186
f 6185 6239 6240
f 6186 6241 6187
f 6186 6240 6241
f 6187 6242 6188
f 6187 6241 6242
f 6188 6243 6189
f 6188 6242 6243
f 6189 6244 6190
f 6189 6243 6244
f 6190 6245 6191
f 6190 6244 6245
f 6191 6246 6192
f 6191 6245 6246
f 6192 6247 6193
f 6192 6246 6247
f 6193 6248 6194
f 6193 6247 6248
f 6194 6249 6195
f 6194 6248 6249
f 6195 6250 6196
f 6195 6249 6250
f 6196 6251 6197
f 6196 6250 6251
f 6197 6252 6198
f 6197 6251 6252
f 6198 6253 6199
f 6198 6252 6253
f 6199 6254 6200
f 6199 6253 6254
f 6200 6255 6201
f 6200 6254 6255
f 6201 6256 6202
f 6201 6255 6256
f 6202 6257 6203
f 6202 6256 6257
f 6203 6258 6204
f 6203 6257 6258
f 6204 6259 6205
f 6204 6258 6259
f 6205 6260 6206
f 6205 6259 6260
f 6206 6261 6207
f 6206 6260 6261
f 6207 6262 6208
f 6207 6261 6262
f 6208 6263 6209
f 6208 6262 6263
f 6209 6264 6210
f 6209 6263 6264
f 6210 6265 6211
f 6210 6264 6265
f 6211 6266 6212
f 6211 6265 6266
f 6212 6267 6213
f 6212 6266 6267
f 6213 6268 6214
f 6213 6267 6268
f 6214 6269 6215
f 6214 6268 6269
f 6215 6270 6216
f 6215 6269 6270
f 6216 6271 6217
f 6216 6270 6271
f 6217 6272 6218
f 6217 6271 6272
f 6218 6273 6219
f 6218 6272 6273
f 6219 6274 6220
f 6219 6273 6274
f 6220 6275 6221
f 6220 6274 6275
f 6221 6276 6222
f 6221 6275 6276
f 6222 6277 6223
f 6222 6276 6277
f 6223 6278 6224
f 6223 6277 6278
f 6224 6279 6225
f 6224 6278 6279
f 6280 5434 5430
f 6225 6280 5430
f 6279 6280 6225
f 6280 5435 5434
f 5437 6281 5436
f 6226 5432 5436
f 6281 6226 5436
f 6282 6226 6281
f 6226 6283 6227
f 6226 6282 6283
f 6227 6284 6228
f 6227 6283 6284
f 6228 6285 6229
f 6228 6284 6285
f 6229 6286 6230
f 6229 6285 6286
f 6230 6287 6231
f 6230 6286 6287
f 6231 6288 6232
f 6231 6287 6288
f 6232 6289 6233
f 6232 6288 6289
f 6233 6290 6234
f 6233 6289 6290
f 6234 6291 6235
f 6234 6290 6291
f 6235 6292 6236
f 6235 6291 6292
f 6236 6293 6237
f 6236 6292 6293
f 6237 6294 6238
f 6237 6293 6294
f 6238 6295 6239
f 6238 6294 6295
f 6239 6296 6240
f 6239 6295 6296
f 6240 6297 6241
f 6240 6296 6297
f 6241 6298 6242
f 6241 6297 6298
f 6242 6299 6243
f 6242 6298 6299
f 6243 6300 6244
f 6243 6299 6300
f 6244 6301 6245
f 6244 6300 6301
f 6245 6302 6246
f 6245 6301 6302
f 6246 6303 6247
f 6246 6302 6303
f 6247 6304 6248
f 6247 6303 6304
f 6248 6305 6249
f 6248 6304 6305
f 6249 6306 6250
f 6249 6305 6306
f 6250 6307 6251
f 6250 6306 6307
f 6251 6308 6252
f 6251 6307 6308
f 6252 6309 6253
f 6252 6308 6309
f 6253 6310 6254
f 6253 6309 6310
f 6254 6311 6255
f 6254 6310 6311
f 6255 6312 6256
f 6255 6311 6312
f 6256 6313 6257
f 6256 6312 6313
f 6257 6314 6258
f 6257 6313 6314
f 6258 6315 6259
f 6258 6314 6315
f 6259 6316 6260
f 6259 6315 6316
f 6260 6317 6261
f 6260 6316 6317
f 6261 6318 6262
f 6261 6317 6318
f 6262 6319 6263
f 6262 6318 6319
f 6263 6320 6264
f 6263 6319 6320
f 6264 6321 6265
f 6264 6320 6321
f 6265 6322 6266
f 6265 6321 6322
f 6266 6323 6267
f 6266 6322 6323
f 6267 6324 6268
f 6267 6323 6324
f 6268 6325 6269
f 6268 6324 6325
f 6269 6326 6270
f 6269 6325 6326
f 6270 6327 6271
f 6270 6326 6327
f 6271 6328 6272
f 6271 6327 6328
f 6272 6329 6273
f 6272 6328 6329
f 6273 6330 6274
f 6273 6329 6330
f 6274 6331 6275
f 6274 6330 6331
f 6275 6332 6276
f 6275 6331 6332
f 6276 6333 6277
f 6276 6332 6333
f 6277 6334 6278
f 6277 6333 6334
f 6278 6335 6279
f 6278 6334 6335
f 6279 6336 6280
f 6279 6335 6336
f 6336 5439 5435
f 6336 5435 6280
f 5441 6337 6281
f 5441 6281 5437
f 6281 6338 6282
f 6281 6337 6338
f 6282 6339 6283
f 6282 6338 6339
f 6283 6340 6284
f 6283 6339 6340
f 6284 6341 6285
f 6284 6340 6341
f 6285 6342 6286
f 6285 6341 6342
f 6286 6343 6287
f 6286 6342 6343
f 6287 6344 6288
f 6287 6343 6344
f 6288 6345 6289
f 6288 6344 6345
f 6289 6346 6290
f 6289 6345 6346
f 6290 6347 6291
f 6290 6346 6347
f 6291 6348 6292
f 6291 6347 6348
f 6292 6349 6293
f 6292 6348 6349
f 6293 6350 6294
f 6293 6349 6350
f 6294 6351 6295
f 6294 6350 6351
f 6295 6352 6296
f 6295 6351 6352
f 6296 6353 6297
f 6296 6352 6353
f 6297 6354 6298
f 6297 6353 6354
f 6298 6355 6299
f 6298 6354 6355
f 6299 6356 6300
f 6299 6355 6356
f 6300 6357 6301
f 6300 6356 6357
f 6301 6358 6302
f 6301 6357 6358
f 6302 6359 6303
f 6302 6358 6359
f 6303 6360 6304
f 6303 6359 6360
f 6304 6361 6305
f 6304 6360 6361
f 6305 6362 6306
f 6305 6361 6362
f 6306 6363 6307
f 6306 6362 6363
f 6307 6364 6308
f 6307 6363 6364
f 6308 6365 6309
f 6308 6364 6365
f 6309 6366 6310
f 6309 6365 6366
f 6310 6367 6311
f 6310 6366 6367
f 6311 6368 6312
f 6311 6367 6368
f 6312 6369 6313
f 6312 6368 6369
f 6313 6370 6314
f 6313 6369 6370
f 6314 6371 6315
f 6314 6370 6371
f 6315 6372 6316
f 6315 6371 6372
f 6316 6373 6317
f 6316 6372 6373
f 6317 6374 6318
f 6317 6373 6374
f 6318 6375 6319
f 6318 6374 6375
f 6319 6376 6320
f 6319 6375 6376
f 6320 6377 6321
f 6320 6376 6377
f 6321 6378 6322
f 6321 6377 6378
f 6322 6379 6323
f 6322 6378 6379
f 6323 6380 6324
f 6323 6379 6380
f 6324 6381 6325
f 6324 6380 6381
f 6325 6382 6326
f 6325 6381 6382
f 6326 6383 6327
f 6326 6382 6383
f 6327 6384 6328
f 6327 6383 6384
f 6328 6385 6329
f 6328 6384 6385
f 6329 6386 6330
f 6329 6385 6386
f 6330 6387 6331
f 6330 6386 6387
f 6331 6388 6332
f 6331 6387 6388
f 6332 6389 6333
f 6332 6388 6389
f 6333 6390 6334
f 6333 6389 6390
f 6334 6391 6335
f 6334 6390 6391
f 6335 6392 6336
f 6335 6391 6392
f 6393 5442 5439
f 6336 6393 5439
f 6392 6393 6336
f 6393 5443 5442
f 5445 6394 5444
f 6337 5441 5444
f 6394 6337 5444
f 6395 6337 6394
f 6337 6396 6338
f 6337 6395 6396
f 6338 6397 6339
f 6338 6396 6397
f 6339 6398 6340
f 6339 6397 6398
f 6340 6399 6341
f 6340 6398 6399
f 6341 6400 6342
f 6341 6399 6400
f 6342 6401 6343
f 6342 6400 6401
f 6343 6402 6344
f 6343 6401 6402
f 6344 6403 6345
f 6344 6402 6403
f 6345 6404 6346
f 6345 6403 6404
f 6346 6405 6347
f 6346 6404 6405
f 6347 6406 6348
f 6347 6405 6406
f 6348 6407 6349
f 6348 6406 6407
f 6349 6408 6350
f 6349 6407 6408
f 6350 6409 6351
f 6350 6408 6409
f 6351 6410 6352
f 6351 6409 6410
f 6352 6411 6353
f 6352 6410 6411
f 6353 6412 6354
f 6353 6411 6412
f 6354 6413 6355
f 6354 6412 6413
f 6355 6414 6356
f 6355 6413 6414
f 6356 6415 6357
f 6356 6414 6415
f 6357 6416 6358
f 6357 6415 6416
f 6358 6417 6359
f 6358 6416 6417
f 6359 6418 6360
f 6359 6417 6418
f 6360 6419 6361
f 6360 6418 6419
f 6361 6420 6362
f 6361 6419 6420
f 6362 6421 6363
f 6362 6420 6421
f 6363 6422 6364
f 6363 6421 6422
f 6364 6423 6365
f 6364 6422 6423
f 6365 6424 6366
f 6365 6423 6424
f 6366 6425 6367
f 6366 6424 6425
f 6367 6426 6368
f 6367 6425 6426
f 6368 6427 6369
f 6368 6426 6427
f 6369 6428 6370
f 6369 6427 6428
f 6370 6429 6371
f 6370 6428 6429
f 6371 6430 6372
f 6371 6429 6430
f 6372 6431 6373
f 6372 6430 6431
f 6373 6432 6374
f 6373 6431 6432
f 6374 6433 6375
f 6374 6432 6433
f 6375 6434 6376
f 6375 6433 6434
f 6376 6435 6377
f 6376 6434 6435
f 6377 6436 6378
f 6377 6435 6436
f 6378 6437 6379
f 6378 6436 6437
f 6379 6438 6380
f 6379 6437 6438
f 6380 6439 6381
f 6380 6438 6439
f 6381 6440 6382
f 6381 6439 6440
f 6382 6441 6383
f 6382 6440 6441
f 6383 6442 6384
f 6383 6441 6442
f 6384 6443 6385
f 6384 6442 6443
f 6385 6444 6386
f 6385 6443 6444
f 6386 6445 6387
f 6386 6444 6445
f 6387 6446 6388
f 6387 6445 6446
f 6388 6447 6389
f 6388 6446 6447
f 6389 6448 6390
f 6389 6447 6448
f 6390 6449 6391
f 6390 6448 6449
f 6391 6450 6392
f 6391 6449 6450
f 6392 6451 6393
f 6392 6450 6451
f 6451 5447 5443
f 6451 5443 6393
f 5448 6452 6394
f 5448 6394 5445
f 6394 6453 6395
f 6394 6452 6453
f 6395 6454 6396
f 6395 6453 6454
f 6396 6455 6397
f 6396 6454 6455
f 6397 6456 6398
f 6397 6455 6456
f 6398 6457 6399
f 6398 6456 6457
f 6399 6458 6400
f 6399 6457 6458
f 6400 6459 6401
f 6400 6458 6459
f 6401 6460 6402
f 6401 6459 6460
f 6402 6461 6403
f 6402 6460 6461
f 6403 6462 6404
f 6403 6461 6462
f 6404 6463 6405
f 6404 6462 6463
f 6405 6464 6406
f 6405 6463 6464
f 6406 6465 6407
f 6406 6464 6465
f 6407 6466 6408
f 6407 6465 6466
f 6408 6467 6409
f 6408 6466 6467
f 6409 6468 6410
f 6409 6467 6468
f 6410 6469 6411
f 6410 6468 6469
f 6411 6470 6412
f 6411 6469 6470
f 6412 6471 6413
f 6412 6470 6471
f 6413 6472 6414
f 6413 6471 6472
f 6414 6473 6415
f 6414 6472 6473
f 6415 6474 6416
f 6415 6473 6474
f 6416 6475 6417
f 6416 6474 6475
f 6417 6476 6418
f 6417 6475 6476
f 6418 6477 6419
f 6418 6476 6477
f 6419 6478 6420
f 6419 6477 6478
f 6420 6479 6421
f 6420 6478 6479
f 6421 6480 6422
f 6421 6479 6480
f 6422 6481 6423
f 6422 6480 6481
f 6423 6482 6424
f 6423 6481 6482
f 6424 6483 6425
f 6424 6482 6483
f 6425 6484 6426
f 6425 6483 6484
f 6426 6485 6427
f 6426 6484 6485
f 6427 6486 6428
f 6427 6485 6486
f 6428 6487 6429
f 6428 6486 6487
f 6429 6488 6430
f 6429 6487 6488
f 6430 6489 6431
f 6430 6488 6489
f 6431 6490 6432
f 6431 6489 6490
f 6432 6491 6433
f 6432 6490 6491
f 6433 6492 6434
f 6433 6491 6492
f 6434 6493 6435
f 6434 6492 6493
f 6435 6494 6436
f 6435 6493 6494
f 6436 6495 6437
f 6436 6494 6495
f 6437 6496 6438
f 6437 6495 6496
f 6438 6497 6439
f 6438 6496 6497
f 6439 6498 6440
f 6439 6497 6498
f 6440 6499 6441
f 6440 6498 6499
f 6441 6500 6442
f 6441 6499 6500
f 6442 6501 6443
f 6442 6500 6501
f 6443 6502 6444
f 6443 6501 6502
f 6444 6503 6445
f 6444 6502 6503
f 6445 6504 6446
f 6445 6503 6504
f 6446 6505 6447
f 6446 6504 6505
f 6447 6506 6448
f 6447 6505 6506
f 6448 6507 6449
f 6448 6506 6507
f 6449 6508 6450
f 6449 6507 6508
f 6450 6509 6451
f 6450 6508 6509
f 6509 5450 5447
f 6509 5447 6451
f 5452 6510 6452
f 5452 6452 5448
f 6452 6511 6453
f 6452 6510 6511
f 6453 6512 6454
f 6453 6511 6512
f 6454 6513 6455
f 6454 6512 6513
f 6455 6514 6456
f 6455 6513 6514
f 6456 6515 6457
f 6456 6514 6515
f 6457 6516 6458
f 6457 6515 6516
f 6458 6517 6459
f 6458 6516 6517
f 6459 6518 6460
f 6459 6517 6518
f 6460 6519 6461
f 6460 6518 6519
f 6461 6520 6462
f 6461 6519 6520
f 6462 6521 6463
f 6462 6520 6521
f 6463 6522 6464
f 6463 6521 6522
f 6464 6523 6465
f 6464 6522 6523
f 6465 6524 6466
f 6465 6523 6524
f 6466 6525 6467
f 6466 6524 6525
f 6467 6526 6468
f 6467 6525 6526
f 6468 6527 6469
f 6468 6526 6527
f 6469 6528 6470
f 6469 6527 6528
f 6470 6529 6471
f 6470 6528 6529
f 6471 6530 6472
f 6471 6529 6530
f 6472 6531 6473
f 6472 6530 6531
f 6473 6532 6474
f 6473 6531 6532
f 6474 6533 6475
f 6474 6532 6533
f 6475 6534 6476
f 6475 6533 6534
f 6476 6535 6477
f 6476 6534 6535
f 6477 6536 6478
f 6477 6535 6536
f 6478 6537 6479
f 6478 6536 6537
f 6479 6538 6480
f 6479 6537 6538
f 6480 6539 6481
f 6480 6538 6539
f 6481 6540 6482
f 6481 6539 6540
f 6482 6541 6483
f 6482 6540 6541
f 6483 6542 6484
f 6483 6541 6542
f 6484 6543 6485
f 6484 6542 6543
f 6485 6544 6486
f 6485 6543 6544
f 6486 6545 6487
f 6486 6544 6545
f 6487 6546 6488
f 6487 6545 6546
f 6488 6547 6489
f 6488 6546 6547
f 6489 6548 6490
f 6489 6547 6548
f 6490 6549 6491
f 6490 6548 6549
f 6491 6550 6492
f 6491 6549 6550
f 6492 6551 6493
f 6492 6550 6551
f 6493 6552 6494
f 6493 6551 6552
f 6494 6553 6495
f 6494 6552 6553
f 6495 6554 6496
f 6495 6553 6554
f 6496 6555 6497
f 6496 6554 6555
f 6497 6556 6498
f 6497 6555 6556
f 6498 6557 6499
f 6498 6556 6557
f 6499 6558 6500
f 6499 6557 6558
f 6500 6559 6501
f 6500 6558 6559
f 6501 6560 6502
f 6501 6559 6560
f 6502 6561 6503
f 6502 6560 6561
f 6503 6562 6504
f 6503 6561 6562
f 6504 6563 6505
f 6504 6562 6563
f 6505 6564 6506
f 6505 6563 6564
f 6506 6565 6507
f 6506 6564 6565
f 6507 6566 6508
f 6507 6565 6566
f 6508 6567 6509
f 6508 6566 6567
f 6568 5453 5450
f 6509 6568 5450
f 6567 6568 6509
f 6568 5454 5453
f 5456 6569 5455
f 6510 5452 5455
f 6569 6510 5455
f 6570 6510 6569
f 6510 6571 6511
f 6510 6570 6571
f 6511 6572 6512
f 6511 6571 6572
f 6512 6573 6513
f 6512 6572 6573
f 6513 6574 6514
f 6513 6573 6574
f 6514 6575 6515
f 6514 6574 6575
f 6515 6576 6516
f 6515 6575 6576
f 6516 6577 6517
f 6516 6576 6577
f 6517 6578 6518
f 6517 6577 6578
f 6518 6579 6519
f 6518 6578 6579
f 6519 6580 6520
f 6519 6579 6580
f 6520 6581 6521
f 6520 6580 6581
f 6521 6582 6522
f 6521 6581 6582
f 6522 6583 6523
f 6522 6582 6583
f 6523 6584 6524
f 6523 6583 6584
f 6524 6585 6525
f 6524 6584 6585
f 6525 6586 6526
f 6525 6585 6586
f 6526 6587 6527
f 6526 6586 6587
f 6527 6588 6528
f 6527 6587 6588
f 6528 6589 6529
f 6528 6588 6589
f 6529 6590 6530
f 6529 6589 6590
f 6530 6591 6531
f 6530 6590 6591
f 6531 6592 6532
f 6531 6591 6592
f 6532 6593 6533
f 6532 6592 6593
f 6533 6594 6534
f 6533 6593 6594
f 6534 6595 6535
f 6534 6594 6595
f 6535 6596 6536
f 6535 6595 6596
f 6536 6597 6537
f 6536 6596 6597
f 6537 6598 6538
f 6537 6597 6598
f 6538 6599 6539
f 6538 6598 6599
f 6539 6600 6540
f 6539 6599 6600
f 6540 6601 6541
f 6540 6600 6601
f 6541 6602 6542
f 6541 6601 6602
f 6542 6603 6543
f 6542 6602 6603
f 6543 6604 6544
f 6543 6603 6604
f 6544 6605 6545
f 6544 6604 6605
f 6545 6606 6546
f 6545 6605 6606
f 6546 6607 6547
f 6546 6606 6607
f 6547 6608 6548
f 6547 6607 6608
f 6548 6609 6549
f 6548 6608 6609
f 6549 6610 6550
f 6549 6609 6610
f 6550 6611 6551
f 6550 6610 6611
f 6551 6612 6552
f 6551 6611 6612
f 6552 6613 6553
f 6552 6612 6613
f 6553 6614 6554
f 6553 6613 6614
f 6554 6615 6555
f 6554 6614 6615
f 6555 6616 6556
f 6555 6615 6616
f 6556 6617 6557
f 6556 6616 6617
f 6557 6618 6558
f 6557 6617 6618
f 6558 6619 6559
f 6558 6618 6619
f 6559 6620 6560
f 6559 6619 6620
f 6560 6621 6561
f 6560 6620 6621
f 6561 6622 6562
f 6561 6621 6622
f 6562 6623 6563
f 6562 6622 6623
f 6563 6624 6564
f 6563 6623 6624
f 6564 6625 6565
f 6564 6624 6625
f 6565 6626 6566
f 6565 6625 6626
f 6566 6627 6567
f 6566 6626 6627
f 6567 6628 6568
f 6567 6627 6628
f 6628 5458 5454
f 6628 5454 6568
f 5460 6629 6569
f 5460 6569 5456
f 6569 6630 6570
f 6569 6629 6630
f 6570 6631 6571
f 6570 6630 6631
f 6571 6632 6572
f 6571 6631 6632
f 6572 6633 6573
f 6572 6632 6633
f 6573 6634 6574
f 6573 6633 6634
f 6574 6635 6575
f 6574 6634 6635
f 6575 6636 6576
f 6575 6635 6636
f 6576 6637 6577
f 6576 6636 6637
f 6577 6638 6578
f 6577 6637 6638
f 6578 6639 6579
f 6578 6638 6639
f 6579 6640 6580
f 6579 6639 6640
f 6580 6641 6581
f 6580 6640 6641
f 6581 6642 6582
f 6581 6641 6642
f 6582 6643 6583
f 6582 6642 6643
f 6583 6644 6584
f 6583 6643 6644
f 6584 6645 6585
f 6584 6644 6645
f 6585 6646 6586
f 6585 6645 6646
f 6586 6647 6587
f 6586 6646 6647
f 6587 6648 6588
f 6587 6647 6648
f 6588 6649 6589
f 6588 6648 6649
f 6589 6650 6590
f 6589 6649 6650
f 6590 6651 6591
f 6590 6650 6651
f 6591 6652 6592
f 6591 6651 6652
f 6592 6653 6593
f 6592 6652 6653
f 6593 6654 6594
f 6593 6653 6654
f 6594 6655 6595
f 6594 6654 6655
f 6595 6656 6596
f 6595 6655 6656
f 6596 6657 6597
f 6596 6656 6657
f 6597 6658 6598
f 6597 6657 6658
f 6598 6659 6599
f 6598 6658 6659
f 6599 6660 6600
f 6599 6659 6660
f 6600 6661 6601
f 6600 6660 6661
f 6601 6662 6602
f 6601 6661 6662
f 6602 6663 6603
f 6602 6662 6663
f 6603 6664 6604
f 6603 6663 6664
f 6604 6665 6605
f 6604 6664 6665
f 6605 6666 6606
f 6605 6665 6666
f 6606 6667 6607
f 6606 6666 6667
f 6607 6668 6608
f 6607 6667 6668
f 6608 6669 6609
f 6608 6668 6669
f 6609 6670 6610
f 6609 6669 6670
f 6610 6671 6611
f 6610 6670 6671
f 6611 6672 6612
f 6611 6671 6672
f 6612 6673 6613
f 6612 6672 6673
f 6613 6674 6614
f 6613 6673 6674
f 6614 6675 6615
f 6614 6674 6675
f 6615 6676 6616
f 6615 6675 6676
f 6616 6677 6617
f 6616 6676 6677
f 6617 6678 6618
f 6617 6677 6678
f 6618 6679 6619
f 6618 6678 6679
f 6619 6680 6620
f 6619 6679 6680
f 6620 6681 6621
f 6620 6680 6681
f 6621 6682 6622
f 6621 6681 6682
f 6622 6683 6623
f 6622 6682 6683
f 6623 6684 6624
f 6623 6683 6684
f 6624 6685 6625
f 6624 6684 6685
f 6625 6686 6626
f 6625 6685 6686
f 6626 6687 6627
f 6626 6686 6687
f 6627 6688 6628
f 6627 6687 6688
f 6689 5461 5458
f 6628 6689 5458
f 6688 6689 6628
f 6689 5462 5461
f 5464 6690 5463
f 6629 5460 5463
f 6690 6629 5463
f 6691 6629 6690
f 6629 6692 6630
f 6629 6691 6692
f 6630 6693 6631
f 6630 6692 6693
f 6631 6694 6632
f 6631 6693 6694
f 6632 6695 6633
f 6632 6694 6695
f 6633 6696 6634
f 6633 6695 6696
f 6634 6697 6635
f 6634 6696 6697
f 6635 6698 6636
f 6635 6697 6698
f 6636 6699 6637
f 6636 6698 6699
f 6637 6700 6638
f 6637 6699 6700
f 6638 6701 6639
f 6638 6700 6701
f 6639 6702 6640
f 6639 6701 6702
f 6640 6703 6641
f 6640 6702 6703
f 6641 6704 6642
f 6641 6703 6704
f 6642 6705 6643
f 6642 6704 6705
f 6643 6706 6644
f 6643 6705 6706
f 6644 6707 6645
f 6644 6706 6707
f 6645 6708 6646
f 6645 6707 6708
f 6646 6709 6647
f 6646 6708 6709
f 6647 6710 6648
f 6647 6709 6710
f 6648 6711 6649
f 6648 6710 6711
f 6649 6712 6650
f 6649 6711 6712
f 6650 6713 6651
f 6650 6712 6713
f 6651 6714 6652
f 6651 6713 6714
f 6652 6715 6653
f 6652 6714 6715
f 6653 6716 6654
f 6653 6715 6716
f 6654 6717 6655
f 6654 6716 6717
f 6655 6718 6656
f 6655 6717 6718
f 6656 6719 6657
f 6656 6718 6719
f 6657 6720 6658
f 6657 6719 6720
f 6658 6721 6659
f 6658 6720 6721
f 6659 6722 6660
f 6659 6721 6722
f 6660 6723 6661
f 6660 6722 6723
f 6661 6724 6662
f 6661 6723 6724
f 6662 6725 6663
f 6662 6724 6725
f 6663 6726 6664
f 6663 6725 6726
f 6664 6727 6665
f 6664 6726 6727
f 6665 6728 6666
f 6665 6727 6728
f 6666 6729 6667
f 6666 6728 6729
f 6667 6730 6668
f 6667 6729 6730
f 6668 6731 6669
f 6668 6730 6731
f 6669 6732 6670
f 6669 6731 6732
f 6670 6733 6671
f 6670 6732 6733
f 6671 6734 6672
f 6671 6733 6734
f 6672 6735 6673
f 6672 6734 6735
f 6673 6736 6674
f 6673 6735 6736
f 6674 6737 6675
f 6674 6736 6737
f 6675 6738 6676
f 6675 6737 6738
f 6676 6739 6677
f 6676 6738 6739
f 6677 6740 6678
f 6677 6739 6740
f 6678 6741 6679
f 6678 6740 6741
f 6679 6742 6680
f 6679 6741 6742
f 6680 6743 6681
f 6680 6742 6743
f 6681 6744 6682
f 6681 6743 6744
f 6682 6745 6683
f 6682 6744 6745
f 6683 6746 6684
f 6683 6745 6746
f 6684 6747 6685
f 6684 6746 6747
f 6685 6748 6686
f 6685 6747 6748
f 6686 6749 6687
f 6686 6748 6749
f 6687 6750 6688
f 6687 6749 6750
f 6688 6751 6689
f 6688 6750 6751
f 6751 5466 5462
f 6751 5462 6689
f 5467 6752 6690
f 5467 6690 5464
f 6690 6753 6691
f 6690 6752 6753
f 6691 6754 6692
f 6691 6753 6754
f 6692 6755 6693
f 6692 6754 6755
f 6693 6756 6694
f 6693 6755 6756
f 6694 6757 6695
f 6694 6756 6757
f 6695 6758 6696
f 6695 6757 6758
f 6696 6759 6697
f 6696 6758 6759
f 6697 6760 6698
f 6697 6759 6760
f 6698 6761 6699
f 6698 6760 6761
f 6699 6762 6700
f 6699 6761 6762
f 6700 6763 6701
f 6700 6762 6763
f 6701 6764 6702
f 6701 6763 6764
f 6702 6765 6703
f 6702 6764 6765
f 6703 6766 6704
f 6703 6765 6766
f 6704 6767 6705
f 6704 6766 6767
f 6705 6768 6706
f 6705 6767 6768
f 6706 6769 6707
f 6706 6768 6769
f 6707 6770 6708
f 6707 6769 6770
f 6708 6771 6709
f 6708 6770 6771
f 6709 6772 6710
f 6709 6771 6772
f 6710 6773 6711
f 6710 6772 6773
f 6711 6774 6712
f 6711 6773 6774
f 6712 6775 6713
f 6712 6774 6775
f 6713 6776 6714
f 6713 6775 6776
f 6714 6777 6715
f 6714 6776 6777
f 6715 6778 6716
f 6715 6777 6778
f 6716 6779 6717
f 6716 6778 6779
f 6717 6780 6718
f 6717 6779 6780
f 6718 6781 6719
f 6718 6780 6781
f 6719 6782 6720
f 6719 6781 6782
f 6720 6783 6721
f 6720 6782 6783
f 6721 6784 6722
f 6721 6783 6784
f 6722 6785 6723
f 6722 6784 6785
f 6723 6786 6724
f 6723 6785 6786
f 6724 6787 6725
f 6724 6786 6787
f 6725 6788 6726
f 6725 6787 6788
f 6726 6789 6727
f 6726 6788 6789
f 6727 6790 6728
f 6727 6789 6790
f 6728 6791 6729
f 6728 6790 6791
f 6729 6792 6730
f 6729 6791 6792
f 6730 6793 6731
f 6730 6792 6793
f 6731 6794 6732
f 6731 6793 6794
f 6732 6795 6733
f 6732 6794 6795
f 6733 6796 6734
f 6733 6795 6796
f 6734 6797 6735
f 6734 6796 6797
f 6735 6798 6736
f 6735 6797 6798
f 6736 6799 6737
f 6736 6798 6799
f 6737 6800 6738
f 6737 6799 6800
f 6738 6801 6739
f 6738 6800 6801
f 6739 6802 6740
f 6739 6801 6802
f 6740 6803 6741
f 6740 6802 6803
f 6741 6804 6742
f 6741 6803 6804
f 6742 6805 6743
f 6742 6804 6805
f 6743 6806 6744
f 6743 6805 6806
f 6744 6807 6745
f 6744 6806 6807
f 6745 6808 6746
f 6745 6807 6808
f 6746 6809 6747
f 6746 6808 6809
f 6747 6810 6748
f 6747 6809 6810
f 6748 6811 6749
f 6748 6810 6811
f 6749 6812 6750
f 6749 6811 6812
f 6750 6813 6751
f 6750 6812 6813
f 6813 5469 5466
f 6813 5466 6751
f 5470 6814 6752
f 5470 6752 5467
f 6752 6815 6753
f 6752 6814 6815
f 6753 6816 6754
f 6753 6815 6816
f 6754 6817 6755
f 6754 6816 6817
f 6755 6818 6756
f 6755 6817 6818
f 6756 6819 6757
f 6756 6818 6819
f 6757 6820 6758
f 6757 6819 6820
f 6758 6821 6759
f 6758 6820 6821
f 6759 6822 6760
f 6759 6821 6822
f 6760 6823 6761
f 6760 6822 6823
f 6761 6824 6762
f 6761 6823 6824
f 6762 6825 6763
f 6762 6824 6825
f 6763 6826 6764
f 6763 6825 6826
f 6764 6827 6765
f 6764 6826 6827
f 6765 6828 6766
f 6765 6827 6828
f 6766 6829 6767
f 6766 6828 6829
f 6767 6830 6768
f 6767 6829 6830
f 6768 6831 6769
f 6768 6830 6831
f 6769 6832 6770
f 6769 6831 6832
f 6770 6833 6771
f 6770 6832 6833
f 6771 6834 6772
f 6771 6833 6834
f 6772 6835 6773
f 6772 6834 6835
f 6773 6836 6774
f 6773 6835 6836
f 6774 6837 6775
f 6774 6836 6837
f 6775 6838 6776
f 6775 6837 6838
f 6776 6839 6777
f 6776 6838 6839
f 6777 6840 6778
f 6777 6839 6840
f 6778 6841 6779
f 6778 6840 6841
f 6779 6842 6780
f 6779 6841 6842
f 6780 6843 6781
f 6780 6842 6843
f 6781 6844 6782
f 6781 6843 6844
f 6782 6845 6783
f 6782 6844 6845
f 6783 6846 6784
f 6783 6845 6846
f 6784 6847 6785
f 6784 6846 6847
f 6785 6848 6786
f 6785 6847 6848
f 6786 6849 6787
f 6786 6848 6849
f 6787 6850 6788
f 6787 6849 6850
f 6788 6851 6789
f 6788 6850 6851
f 6789 6852 6790
f 6789 6851 6852
f 6790 6853 6791
f 6790 6852 6853
f 6791 6854 6792
f 6791 6853 6854
f 6792 6855 6793
f 6792 6854 6855
f 6793 6856 6794
f 6793 6855 6856
f 6794 6857 6795
f 6794 6856 6857
f 6795 6858 6796
f 6795 6857 6858
f 6796 6859 6797
f 6796 6858 6859
f 6797 6860 6798
f 6797 6859 6860
f 6798 6861 6799
f 6798 6860 6861
f 6799 6862 6800
f 6799 6861 6862
f 6800 6863 6801
f 6800 6862 6863
f 6801 6864 6802
f 6801 6863 6864
f 6802 6865 6803
f 6802 6864 6865
f 6803 6866 6804
f 6803 6865 6866
f 6804 6867 6805
f 6804 6866 6867
f 6805 6868 6806
f 6805 6867 6868
f 6806 6869 6807
f 6806 6868 6869
f 6807 6870 6808
f 6807 6869 6870
f 6808 6871 6809
f 6808 6870 6871
f 6809 6872 6810
f 6809 6871 6872
f 6810 6873 6811
f 6810 6872 6873
f 6811 6874 6812
f 6811 6873 6874
f 6812 6875 6813
f 6812 6874 6875
f 6875 5472 5469
f 6875 5469 6813
f 5473 6876 6814
f 5473 6814 5470
f 6814 6877 6815
f 6814 6876 6877
f 6815 6878 6816
f 6815 6877 6878
f 6816 6879 6817
f 6816 6878 6879
f 6817 6880 6818
f 6817 6879 6880
f 6818 6881 6819
f 6818 6880 6881
f 6819 6882 6820
f 6819 6881 6882
f 6820 6883 6821
f 6820 6882 6883
f 6821 6884 6822
f 6821 6883 6884
f 6822 6885 6823
f 6822 6884 6885
f 6823 6886 6824
f 6823 6885 6886
f 6824 6887 6825
f 6824 6886 6887
f 6825 6888 6826
f 6825 6887 6888
f 6826 6889 6827
f 6826 6888 6889
f 6827 6890 6828
f 6827 6889 6890
f 6828 6891 6829
f 6828 6890 6891
f 6829 6892 6830
f 6829 6891 6892
f 6830 6893 6831
f 6830 6892 6893
f 6831 6894 6832
f 6831 6893 6894
f 6832 6895 6833
f 6832 6894 6895
f 6833 6896 6834
f 6833 6895 6896
f 6834 6897 6835
f 6834 6896 6897
f 6835 6898 6836
f 6835 6897 6898
f 6836 6899 6837
f 6836 6898 6899
f 6837 6900 6838
f 6837 6899 6900
f 6838 6901 6839
f 6838 6900 6901
f 6839 6902 6840
f 6839 6901 6902
f 6840 6903 6841
f 6840 6902 6903
f 6841 6904 6842
f 6841 6903 6904
f 6842 6905 6843
f 6842 6904 6905
f 6843 6906 6844
f 6843 6905 6906
f 6844 6907 6845
f 6844 6906 6907
f 6845 6908 6846
f 6845 6907 6908
f 6846 6909 6847
f 6846 6908 6909
f 6847 6910 6848
f 6847 6909 6910
f 6848 6911 6849
f 6848 6910 6911
f 6849 6912 6850
f 6849 6911 6912
f 6850 6913 6851
f 6850 6912 6913
f 6851 6914 6852
f 6851 6913 6914
f 6852 6915 6853
f 6852 6914 6915
f 6853 6916 6854
f 6853 6915 6916
f 6854 6917 6855
f 6854 6916 6917
f 6855 6918 6856
f 6855 6917 6918
f 6856 6919 6857
f 6856 6918 6919
f 6857 6920 6858
f 6857 6919 6920
f 6858 6921 6859
f 6858 6920 6921
f 6859 6922 6860
f 6859 6921 6922
f 6860 6923 6861
f 6860 6922 6923
f 6861 6924 6862
f 6861 6923 6924
f 6862 6925 6863
f 6862 6924 6925
f 6863 6926 6864
f 6863 6925 6926
f 6864 6927 6865
f 6864 6926 6927
f 6865 6928 6866
f 6865 6927 6928
f 6866 6929 6867
f 6866 6928 6929
f 6867 6930 6868
f 6867 6929 6930
f 6868 6931 6869
f 6868 6930 6931
f 6869 6932 6870
f 6869 6931 6932
f 6870 6933 6871
f 6870 6932 6933
f 6871 6934 6872
f 6871 6933 6934
f 6872 6935 6873
f 6872 6934 6935
f 6873 6936 6874
f 6873 6935 6936
f 6874 6937 6875
f 6874 6936 6937
f 6938 5474 5472
f 6875 6938 5472
f 6937 6938 6875
f 6938 5475 5474
f 5477 6939 6876
f 5477 6876 5473
f 6876 6940 6877
f 6876 6939 6940
f 6877 6941 6878
f 6877 6940 6941
f 6878 6942 6879
f 6878 6941 6942
f 6879 6943 6880
f 6879 6942 6943
f 6880 6944 6881
f 6880 6943 6944
f 6881 6945 6882
f 6881 6944 6945
f 6882 6946 6883
f 6882 6945 6946
f 6883 6947 6884
f 6883 6946 6947
f 6884 6948 6885
f 6884 6947 6948
f 6885 6949 6886
f 6885 6948 6949
f 6886 6950 6887
f 6886 6949 6950
f 6887 6951 6888
f 6887 6950 6951
f 6888 6952 6889
f 6888 6951 6952
f 6889 6953 6890
f 6889 6952 6953
f 6890 6954 6891
f 6890 6953 6954
f 6891 6955 6892
f 6891 6954 6955
f 6892 6956 6893
f 6892 6955 6956
f 6893 6957 6894
f 6893 6956 6957
f 6894 6958 6895
f 6894 6957 6958
f 6895 6959 6896
f 6895 6958 6959
f 6896 6960 6897
f 6896 6959 6960
f 6897 6961 6898
f 6897 6960 6961
f 6898 6962 6899
f 6898 6961 6962
f 6899 6963 6900
f 6899 6962 6963
f 6900 6964 6901
f 6900 6963 6964
f 6901 6965 6902
f 6901 6964 6965
f 6902 6966 6903
f 6902 6965 6966
f 6903 6967 6904
f 6903 6966 6967
f 6904 6968 6905
f 6904 6967 6968
f 6905 6969 6906
f 6905 6968 6969
f 6906 6970 6907
f 6906 6969 6970
f 6907 6971 6908
f 6907 6970 6971
f 6908 6972 6909
f 6908 6971 6972
f 6909 6973 6910
f 6909 6972 6973
f 6910 6974 6911
f 6910 6973 6974
f 6911 6975 6912
f 6911 6974 6975
f 6912 6976 6913
f 6912 6975 6976
f 6913 6977 6914
f 6913 6976 6977
f 6914 6978 6915
f 6914 6977 6978
f 6915 6979 6916
f 6915 6978 6979
f 6916 6980 6917
f 6916 6979 6980
f 6917 6981 6918
f 6917 6980 6981
f 6918 6982 6919
f 6918 6981 6982
f 6919 6983 6920
f 6919 6982 6983
f 6920 6984 6921
f 6920 6983 6984
f 6921 6985 6922
f 6921 6984 6985
f 6922 6986 6923
f 6922 6985 6986
f 6923 6987 6924
f 6923 6986 6987
f 6924 6988 6925
f 6924 6987 6988
f 6925 6989 6926
f 6925 6988 6989
f 6926 6990 6927
f 6926 6989 6990
f 6927 6991 6928
f 6927 6990 6991
f 6928 6992 6929
f 6928 6991 6992
f 6929 6993 6930
f 6929 6992 6993
f 6930 6994 6931
f 6930 6993 6994
f 6931 6995 6932
f 6931 6994 6995
f 6932 6996 6933
f 6932 6995 6996
f 6933 6997 6934
f 6933 6996 6997
f 6934 6998 6935
f 6934 6997 6998
f 6935 6999 6936
f 6935 6998 6999
f 6936 7000 6937
f 6936 6999 7000
f 6937 7001 6938
f 6937 7000 7001
f 7001 5478 5475
f 7001 5475 6938
f 5480 7002 6939
f 5480 6939 5477
f 6939 7003 6940
f 6939 7002 7003
f 6940 7004 6941
f 6940 7003 7004
f 6941 7005 6942
f 6941 7004 7005
f 6942 7006 6943
f 6942 7005 7006
f 6943 7007 6944
f 6943 7006 7007
f 6944 7008 6945
f 6944 7007 7008
f 6945 7009 6946
f 6945 7008 7009
f 6946 7010 6947
f 6946 7009 7010
f 6947 7011 6948
f 6947 7010 7011
f 6948 7012 6949
f 6948 7011 7012
f 6949 7013 6950
f 6949 7012 7013
f 6950 7014 6951
f 6950 7013 7014
f 6951 7015 6952
f 6951 7014 7015
f 6952 7016 6953
f 6952 7015 7016
f 6953 7017 6954
f 6953 7016 7017
f 6954 7018 6955
f 6954 7017 7018
f 6955 7019 6956
f 6955 7018 7019
f 6956 7020 6957
f 6956 7019 7020
f 6957 7021 6958
f 6957 7020 7021
f 6958 7022 6959
f 6958 7021 7022
f 6959 7023 6960
f 6959 7022 7023
f 6960 7024 6961
f 6960 7023 7024
f 6961 7025 6962
f 6961 7024 7025
f 6962 7026 6963
f 6962 7025 7026
f 6963 7027 6964
f 6963 7026 7027
f 6964 7028 6965
f 6964 7027 7028
f 6965 7029 6966
f 6965 7028 7029
f 6966 7030 6967
f 6966 7029 7030
f 6967 7031 6968
f 6967 7030 7031
f 6968 7032 6969
f 6968 7031 7032
f 6969 7033 6970
f 6969 7032 7033
f 6970 7034 6971
f 6970 7033 7034
f 6971 7035 6972
f 6971 7034 7035
f 6972 7036 6973
f 6972 7035 7036
f 6973 7037 6974
f 6973 7036 7037
f 6974 7038 6975
f 6974 7037 7038
f 6975 7039 6976
f 6975 7038 7039
f 6976 7040 6977
f 6976 7039 7040
f 6977 7041 6978
f 6977 7040 7041
f 6978 7042 6979
f 6978 7041 7042
f 6979 7043 6980
f 6979 7042 7043
f 6980 7044 6981
f 6980 7043 7044
f 6981 7045 6982
f 6981 7044 7045
f 6982 7046 6983
f 6982 7045 7046
f 6983 7047 6984
f 6983 7046 7047
f 6984 7048 6985
f 6984 7047 7048
f 6985 7049 6986
f 6985 7048 7049
f 6986 7050 6987
f 6986 7049 7050
f 6987 7051 6988
f 6987 7050 7051
f 6988 7052 6989
f 6988 7051 7052
f 6989 7053 6990
f 6989 7052 7053
f 6990 7054 6991
f 6990 7053 7054
f 6991 7055 6992
f 6991 7054 7055
f 6992 7056 6993
f 6992 7055 7056
f 6993 7057 6994
f 6993 7056 7057
f 6994 7058 6995
f 6994 7057 7058
f 6995 7059 6996
f 6995 7058 7059
f 6996 7060 6997
f 6996 7059 7060
f 6997 7061 6998
f 6997 7060 7061
f 6998 7062 6999
f 6998 7061 7062
f 6999 7063 7000
f 6999 7062 7063
f 7000 7064 7001
f 7000 7063 7064
f 7064 5481 5478
f 7064 5478 7001
f 5483 7065 7002
f 5483 7002 5480
f 7002 7066 7003
f 7002 7065 7066
f 7003 7067 7004
f 7003 7066 7067
f 7004 7068 7005
f 7004 7067 7068
f 7005 7069 7006
f 7005 7068 7069
f 7006 7070 7007
f 7006 7069 7070
f 7007 7071 7008
f 7007 7070 7071
f 7008 7072 7009
f 7008 7071 7072
f 7009 7073 7010
f 7009 7072 7073
f 7010 7074 7011
f 7010 7073 7074
f 7011 7075 7012
f 7011 7074 7075
f 7012 7076 7013
f 7012 7075 7076
f 7013 7077 7014
f 7013 7076 7077
f 7014 7078 7015
f 7014 7077 7078
f 7015 7079 7016
f 7015 7078 7079
f 7016 7080 7017
f 7016 7079 7080
f 7017 7081 7018
f 7017 7080 7081
f 7018 7082 7019
f 7018 7081 7082
f 7019 7083 7020
f 7019 7082 7083
f 7020 7084 7021
f 7020 7083 7084
f 7021 7085 7022
f 7021 7084 7085
f 7022 7086 7023
f 7022 7085 7086
f 7023 7087 7024
f 7023 7086 7087
f 7024 7088 7025
f 7024 7087 7088
f 7025 7089 7026
f 7025 7088 7089
f 7026 7090 7027
f 7026 7089 7090
f 7027 7091 7028
f 7027 7090 7091
f 7028 7092 7029
f 7028 7091 7092
f 7029 7093 7030
f 7029 7092 7093
f 7030 7094 7031
f 7030 7093 7094
f 7031 7095 7032
f 7031 7094 7095
f 7032 7096 7033
f 7032 7095 7096
f 7033 7097 7034
f 7033 7096 7097
f 7034 7098 7035
f 7034 7097 7098
f 7035 7099 7036
f 7035 7098 7099
f 7036 7100 7037
f 7036 7099 7100
f 7037 7101 7038
f 7037 7100 7101
f 7038 7102 7039
f 7038 7101 7102
f 7039 7103 7040
f 7039 7102 7103
f 7040 7104 7041
f 7040 7103 7104
f 7041 7105 7042
f 7041 7104 7105
f 7042 7106 7043
f 7042 7105 7106
f 7043 7107 7044
f 7043 7106 7107
f 7044 7108 7045
f 7044 7107 7108
f 7045 7109 7046
f 7045 7108 7109
f 7046 7110 7047
f 7046 7109 7110
f 7047 7111 7048
f 7047 7110 7111
f 7048 7112 7049
f 7048 7111 7112
f 7049 7113 7050
f 7049 7112 7113
f 7050 7114 7051
f 7050 7113 7114
f 7051 7115 7052
f 7051 7114 7115
f 7052 7116 7053
f 7052 7115 7116
f 7053 7117 7054
f 7053 7116 7117
f 7054 7118 7055
f 7054 7117 7118
f 7055 7119 7056
f 7055 7118 7119
f 7056 7120 7057
f 7056 7119 7120
f 7057 7121 7058
f 7057 7120 7121
f 7058 7122 7059
f 7058 7121 7122
f 7059 7123 7060
f 7059 7122 7123
f 7060 7124 7061
f 7060 7123 7124
f 7061 7125 7062
f 7061 7124 7125
f 7062 7126 7063
f 7062 7125 7126
f 7063 7127 7064
f 7063 7126 7127
f 7127 5484 5481
f 7127 5481 7064
f 5486 7128 5485
f 7065 5483 5485
f 7128 7065 5485
f 7129 7065 7128
f 7065 7130 7066
f 7065 7129 7130
f 7066 7131 7067
f 7066 7130 7131
f 7067 7132 7068
f 7067 7131 7132
f 7068 7133 7069
f 7068 7132 7133
f 7069 7134 7070
f 7069 7133 7134
f 7070 7135 7071
f 7070 7134 7135
f 7071 7136 7072
f 7071 7135 7136
f 7072 7137 7073
f 7072 7136 7137
f 7073 7138 7074
f 7073 7137 7138
f 7074 7139 7075
f 7074 7138 7139
f 7075 7140 7076
f 7075 7139 7140
f 7076 7141 7077
f 7076 7140 7141
f 7077 7142 7078
f 7077 7141 7142
f 7078 7143 7079
f 7078 7142 7143
f 7079 7144 7080
f 7079 7143 7144
f 7080 7145 7081
f 7080 7144 7145
f 7081 7146 7082
f 7081 7145 7146
f 7082 7147 7083
f 7082 7146 7147
f 7083 7148 7084
f 7083 7147 7148
f 7084 7149 7085
f 7084 7148 7149
f 7085 7150 7086
f 7085 7149 7150
f 7086 7151 7087
f 7086 7150 7151
f 7087 7152 7088
f 7087 7151 7152
f 7088 7153 7089
f 7088 7152 7153
f 7089 7154 7090
f 7089 7153 7154
f 7090 7155 7091
f 7090 7154 7155
f 7091 7156 7092
f 7091 7155 7156
f 7092 7157 7093
f 7092 7156 7157
f 7093 7158 7094
f 7093 7157 7158
f 7094 7159 7095
f 7094 7158 7159
f 7095 7160 7096
f 7095 7159 7160
f 7096 7161 7097
f 7096 7160 7161
f 7097 7162 7098
f 7097 7161 7162
f 7098 7163 7099
f 7098 7162 7163
f 7099 7164 7100
f 7099 7163 7164
f 7100 7165 7101
f 7100 7164 7165
f 7101 7166 7102
f 7101 7165 7166
f 7102 7167 7103
f 7102 7166 7167
f 7103 7168 7104
f 7103 7167 7168
f 7104 7169 7105
f 7104 7168 7169
f 7105 7170 7106
f 7105 7169 7170
f 7106 7171 7107
f 7106 7170 7171
f 7107 7172 7108
f 7107 7171 7172
f 7108 7173 7109
f 7108 7172 7173
f 7109 7174 7110
f 7109 7173 7174
f 7110 7175 7111
f 7110 7174 7175
f 7111 7176 7112
f 7111 7175 7176
f 7112 7177 7113
f 7112 7176 7177
f 7113 7178 7114
f 7113 7177 7178
f 7114 7179 7115
f 7114 7178 7179
f 7115 7180 7116
f 7115 7179 7180
f 7116 7181 7117
f 7116 7180 7181
f 7117 7182 7118
f 7117 7181 7182
f 7118 7183 7119
f 7118 7182 7183
f 7119 7184 7120
f 7119 7183 7184
f 7120 7185 7121
f 7120 7184 7185
f 7121 7186 7122
f 7121 7185 7186
f 7122 7187 7123
f 7122 7186 7187
f 7123 7188 7124
f 7123 7187 7188
f 7124 7189 7125
f 7124 7188 7189
f 7125 7190 7126
f 7125 7189 7190
f 7126 7191 7127
f 7126 7190 7191
f 7191 5488 5484
f 7191 5484 7127
f 5489 7192 7128
f 5489 7128 5486
f 7128 7193 7129
f 7128 7192 7193
f 7129 7194 7130
f 7129 7193 7194
f 7130 7195 7131
f 7130 7194 7195
f 7131 7196 7132
f 7131 7195 7196
f 7132 7197 7133
f 7132 7196 7197
f 7133 7198 7134
f 7133 7197 7198
f 7134 7199 7135
f 7134 7198 7199
f 7135 7200 7136
f 7135 7199 7200
f 7136 7201 7137
f 7136 7200 7201
f 7137 7202 7138
f 7137 7201 7202
f 7138 7203 7139
f 7138 7202 7203
f 7139 7204 7140
f 7139 7203 7204
f 7140 7205 7141
f 7140 7204 7205
f 7141 7206 7142
f 7141 7205 7206
f 7142 7207 7143
f 7142 7206 7207
f 7143 7208 7144
f 7143 7207 7208
f 7144 7209 7145
f 7144 7208 7209
f 7145 7210 7146
f 7145 7209 7210
f 7146 7211 7147
f 7146 7210 7211
f 7147 7212 7148
f 7147 7211 7212
f 7148 7213 7149
f 7148 7212 7213
f 7149 7214 7150
f 7149 7213 7214
f 7150 7215 7151
f 7150 7214 7215
f 7151 7216 7152
f 7151 7215 7216
f 7152 7217 7153
f 7152 7216 7217
f 7153 7218 7154
f 7153 7217 7218
f 7154 7219 7155
f 7154 7218 7219
f 7155 7220 7156
f 7155 7219 7220
f 7156 7221 7157
f 7156 7220 7221
f 7157 7222 7158
f 7157 7221 7222
f 7158 7223 7159
f 7158 7222 7223
f 7159 7224 7160
f 7159 7223 7224
f 7160 7225 7161
f 7160 7224 7225
f 7161 7226 7162
f 7161 7225 7226
f 7162 7227 7163
f 7162 7226 7227
f 7163 7228 7164
f 7163 7227 7228
f 7164 7229 7165
f 7164 7228 7229
f 7165 7230 7166
f 7165 7229 7230
f 7166 7231 7167
f 7166 7230 7231
f 7167 7232 7168
f 7167 7231 7232
f 7168 7233 7169
f 7168 7232 7233
f 7169 7234 7170
f 7169 7233 7234
f 7170 7235 7171
f 7170 7234 7235
f 7171 7236 7172
f 7171 7235 7236
f 7172 7237 7173
f 7172 7236 7237
f 7173 7238 7174
f 7173 7237 7238
f 7174 7239 7175
f 7174 7238 7239
f 7175 7240 7176
f 7175 7239 7240
f 7176 7241 7177
f 7176 7240 7241
f 7177 7242 7178
f 7177 7241 7242
f 7178 7243 7179
f 7178 7242 7243
f 7179 7244 7180
f 7179 7243 7244
f 7180 7245 7181
f 7180 7244 7245
f 7181 7246 7182
f 7181 7245 7246
f 7182 7247 7183
f 7182 7246 7247
f 7183 7248 7184
f 7183 7247 7248
f 7184 7249 7185
f 7184 7248 7249
f 7185 7250 7186
f 7185 7249 7250
f 7186 7251 7187
f 7186 7250 7251
f 7187 7252 7188
f 7187 7251 7252
f 7188 7253 7189
f 7188 7252 7253
f 7189 7254 7190
f 7189 7253 7254
f 7190 7255 7191
f 7190 7254 7255
f 7255 5491 5488
f 7255 5488 7191
f 5492 7256 7192
f 5492 7192 5489
f 7192 7257 7193
f 7192 7256 7257
f 7193 7258 7194
f 7193 7257 7258
f 7194 7259 7195
f 7194 7258 7259
f 7195 7260 7196
f 7195 7259 7260
f 7196 7261 7197
f 7196 7260 7261
f 7197 7262 7198
f 7197 7261 7262
f 7198 7263 7199
f 7198 7262 7263
f 7199 7264 7200
f 7199 7263 7264
f 7200 7265 7201
f 7200 7264 7265
f 7201 7266 7202
f 7201 7265 7266
f 7202 7267 7203
f 7202 7266 7267
f 7203 7268 7204
f 7203 7267 7268
f 7204 7269 7205
f 7204 7268 7269
f 7205 7270 7206
f 7205 7269 7270
f 7206 7271 7207
f 7206 7270 7271
f 7207 7272 7208
f 7207 7271 7272
f 7208 7273 7209
f 7208 7272 7273
f 7209 7274 7210
f 7209 7273 7274
f 7210 7275 7211
f 7210 7274 7275
f 7211 7276 7212
f 7211 7275 7276
f 7212 7277 7213
f 7212 7276 7277
f 7213 7278 7214
f 7213 7277 7278
f 7214 7279 7215
f 7214 7278 7279
f 7215 7280 7216
f 7215 7279 7280
f 7216 7281 7217
f 7216 7280 7281
f 7217 7282 7218
f 7217 7281 7282
f 7218 7283 7219
f 7218 7282 7283
f 7219 7284 7220
f 7219 7283 7284
f 7220 7285 7221
f 7220 7284 7285
f 7221 7286 7222
f 7221 7285 7286
f 7222 7287 7223
f 7222 7286 7287
f 7223 7288 7224
f 7223 7287 7288
f 7224 7289 7225
f 7224 7288 7289
f 7225 7290 7226
f 7225 7289 7290
f 7226 7291 7227
f 7226 7290 7291
f 7227 7292 7228
f 7227 7291 7292
f 7228 7293 7229
f 7228 7292 7293
f 7229 7294 7230
f 7229 7293 7294
f 7230 7295 7231
f 7230 7294 7295
f 7231 7296 7232
f 7231 7295 7296
f 7232 7297 7233
f 7232 7296 7297
f 7233 7298 7234
f 7233 7297 7298
f 7234 7299 7235
f 7234 7298 7299
f 7235 7300 7236
f 7235 7299 7300
f 7236 7301 7237
f 7236 7300 7301
f 7237 7302 7238
f 7237 7301 7302
f 7238 7303 7239
f 7238 7302 7303
f 7239 7304 7240
f 7239 7303 7304
f 7240 7305 7241
f 7240 7304 7305
f 7241 7306 7242
f 7241 7305 7306
f 7242 7307 7243
f 7242 7306 7307
f 7243 7308 7244
f 7243 7307 7308
f 7244 7309 7245
f 7244 7308 7309
f 7245 7310 7246
f 7245 7309 7310
f 7246 7311 7247
f 7246 7310 7311
f 7247 7312 7248
f 7247 7311 7312
f 7248 7313 7249
f 7248 7312 7313
f 7249 7314 7250
f 7249 7313 7314
f 7250 7315 7251
f 7250 7314 7315
f 7251 7316 7252
f 7251 7315 7316
f 7252 7317 7253
f 7252 7316 7317
f 7253 7318 7254
f 7253 7317 7318
f 7254 7319 7255
f 7254 7318 7319
f 7319 5494 5491
f 7319 5491 7255
f 5495 7320 7256
f 5495 7256 5492
f 7256 7321 7257
f 7256 7320 7321
f 7257 7322 7258
f 7257 7321 7322
f 7258 7323 7259
f 7258 7322 7323
f 7259 7324 7260
f 7259 7323 7324
f 7260 7325 7261
f 7260 7324 7325
f 7261 7326 7262
f 7261 7325 7326
f 7262 7327 7263
f 7262 7326 7327
f 7263 7328 7264
f 7263 7327 7328
f 7264 7329 7265
f 7264 7328 7329
f 7265 7330 7266
f 7265 7329 7330
f 7266 7331 7267
f 7266 7330 7331
f 7267 7332 7268
f 7267 7331 7332
f 7268 7333 7269
f 7268 7332 7333
f 7269 7334 7270
f 7269 7333 7334
f 7270 7335 7271
f 7270 7334 7335
f 7271 7336 7272
f 7271 7335 7336
f 7272 7337 7273
f 7272 7336 7337
f 7273 7338 7274
f 7273 7337 7338
f 7274 7339 7275
f 7274 7338 7339
f 7275 7340 7276
f 7275 7339 7340
f 7276 7341 7277
f 7276 7340 7341
f 7277 7342 7278
f 7277 7341 7342
f 7278 7343 7279
f 7278 7342 7343
f 7279 7344 7280
f 7279 7343 7344
f 7280 7345 7281
f 7280 7344 7345
f 7281 7346 7282
f 7281 7345 7346
f 7282 7347 7283
f 7282 7346 7347
f 7283 7348 7284
f 7283 7347 7348
f 7284 7349 7285
f 7284 7348 7349
f 7285 7350 7286
f 7285 7349 7350
f 7286 7351 7287
f 7286 7350 7351
f 7287 7352 7288
f 7287 7351 7352
f 7288 7353 7289
f 7288 7352 7353
f 7289 7354 7290
f 7289 7353 7354
f 7290 7355 7291
f 7290 7354 7355
f 7291 7356 7292
f 7291 7355 7356
f 7292 7357 7293
f 7292 7356 7357
f 7293 7358 7294
f 7293 7357 7358
f 7294 7359 7295
f 7294 7358 7359
f 7295 7360 7296
f 7295 7359 7360
f 7296 7361 7297
f 7296 7360 7361
f 7297 7362 7298
f 7297 7361 7362
f 7298 7363 7299
f 7298 7362 7363
f 7299 7364 7300
f 7299 7363 7364
f 7300 7365 7301
f 7300 7364 7365
f 7301 7366 7302
f 7301 7365 7366
f 7302 7367 7303
f 7302 7366 7367
f 7303 7368 7304
f 7303 7367 7368
f 7304 7369 7305
f 7304 7368 7369
f 7305 7370 7306
f 7305 7369 7370
f 7306 7371 7307
f 7306 7370 7371
f 7307 7372 7308
f 7307 7371 7372
f 7308 7373 7309
f 7308 7372 7373
f 7309 7374 7310
f 7309 7373 7374
f 7310 7375 7311
f 7310 7374 7375
f 7311 7376 7312
f 7311 7375 7376
f 7312 7377 7313
f 7312 7376 7377
f 7313 7378 7314
f 7313 7377 7378
f 7314 7379 7315
f 7314 7378 7379
f 7315 7380 7316
f 7315 7379 7380
f 7316 7381 7317
f 7316 7380 7381
f 7317 7382 7318
f 7317 7381 7382
f 7318 7383 7319
f 7318 7382 7383
f 7383 5497 5494
f 7383 5494 7319
f 5498 7384 7320
f 5498 7320 5495
f 7320 7385 7321
f 7320 7384 7385
f 7321 7386 7322
f 7321 7385 7386
f 7322 7387 7323
f 7322 7386 7387
f 7323 7388 7324
f 7323 7387 7388
f 7324 7389 7325
f 7324 7388 7389
f 7325 7390 7326
f 7325 7389 7390
f 7326 7391 7327
f 7326 7390 7391
f 7327 7392 7328
f 7327 7391 7392
f 7328 7393 7329
f 7328 7392 7393
f 7329 7394 7330
f 7329 7393 7394
f 7330 7395 7331
f 7330 7394 7395
f 7331 7396 7332
f 7331 7395 7396
f 7332 7397 7333
f 7332 7396 7397
f 7333 7398 7334
f 7333 7397 7398
f 7334 7399 7335
f 7334 7398 7399
f 7335 7400 7336
f 7335 7399 7400
f 7336 7401 7337
f 7336 7400 7401
f 7337 7402 7338
f 7337 7401 7402
f 7338 7403 7339
f 7338 7402 7403
f 7339 7404 7340
f 7339 7403 7404
f 7340 7405 7341
f 7340 7404 7405
f 7341 7406 7342
f 7341 7405 7406
f 7342 7407 7343
f 7342 7406 7407
f 7343 7408 7344
f 7343 7407 7408
f 7344 7409 7345
f 7344 7408 7409
f 7345 7410 7346
f 7345 7409 7410
f 7346 7411 7347
f 7346 7410 7411
f 7347 7412 7348
f 7347 7411 7412
f 7348 7413 7349
f 7348 7412 7413
f 7349 7414 7350
f 7349 7413 7414
f 7350 7415 7351
f 7350 7414 7415
f 7351 7416 7352
f 7351 7415 7416
f 7352 7417 7353
f 7352 7416 7417
f 7353 7418 7354
f 7353 7417 7418
f 7354 7419 7355
f 7354 7418 7419
f 7355 7420 7356
f 7355 7419 7420
f 7356 7421 7357
f 7356 7420 7421
f 7357 7422 7358
f 7357 7421 7422
f 7358 7423 7359
f 7358 7422 7423
f 7359 7424 7360
f 7359 7423 7424
f 7360 7425 7361
f 7360 7424 7425
f 7361 7426 7362
f 7361 7425 7426
f 7362 7427 7363
f 7362 7426 7427
f 7363 7428 7364
f 7363 7427 7428
f 7364 7429 7365
f 7364 7428 7429
f 7365 7430 7366
f 7365 7429 7430
f 7366 7431 7367
f 7366 7430 7431
f 7367 7432 7368
f 7367 7431 7432
f 7368 7433 7369
f 7368 7432 7433
f 7369 7434 7370
f 7369 7433 7434
f 7370 7435 7371
f 7370 7434 7435
f 7371 7436 7372
f 7371 7435 7436
f 7372 7437 7373
f 7372 7436 7437
f 7373 7438 7374
f 7373 7437 7438
f 7374 7439 7375
f 7374 7438 7439
f 7375 7440 7376
f 7375 7439 7440
f 7376 7441 7377
f 7376 7440 7441
f 7377 7442 7378
f 7377 7441 7442
f 7378 7443 7379
f 7378 7442 7443
f 7379 7444 7380
f 7379 7443 7444
f 7380 7445 7381
f 7380 7444 7445
f 7381 7446 7382
f 7381 7445 7446
f 7382 7447 7383
f 7382 7446 7447
f 7447 5499 5497
f 7447 5497 7383
f 5500 7384 5498
f 7384 5500 5502
f 7448 7384 5502
f 7385 7384 7448
f 7385 7449 7386
f 7385 7448 7449
f 7386 7450 7387
f 7386 7449 7450
f 7387 7451 7388
f 7387 7450 7451
f 7388 7452 7389
f 7388 7451 7452
f 7389 7453 7390
f 7389 7452 7453
f 7390 7454 7391
f 7390 7453 7454
f 7391 7455 7392
f 7391 7454 7455
f 7392 7456 7393
f 7392 7455 7456
f 7393 7457 7394
f 7393 7456 7457
f 7394 7458 7395
f 7394 7457 7458
f 7395 7459 7396
f 7395 7458 7459
f 7396 7460 7397
f 7396 7459 7460
f 7397 7461 7398
f 7397 7460 7461
f 7398 7462 7399
f 7398 7461 7462
f 7399 7463 7400
f 7399 7462 7463
f 7400 7464 7401
f 7400 7463 7464
f 7401 7465 7402
f 7401 7464 7465
f 7402 7466 7403
f 7402 7465 7466
f 7403 7467 7404
f 7403 7466 7467
f 7404 7468 7405
f 7404 7467 7468
f 7405 7469 7406
f 7405 7468 7469
f 7406 7470 7407
f 7406 7469 7470
f 7407 7471 7408
f 7407 7470 7471
f 7408 7472 7409
f 7408 7471 7472
f 7409 7473 7410
f 7409 7472 7473
f 7410 7474 7411
f 7410 7473 7474
f 7411 7475 7412
f 7411 7474 7475
f 7412 7476 7413
f 7412 7475 7476
f 7413 7477 7414
f 7413 7476 7477
f 7414 7478 7415
f 7414 7477 7478
f 7415 7479 7416
f 7415 7478 7479
f 7416 7480 7417
f 7416 7479 7480
f 7417 7481 7418
f 7417 7480 7481
f 7418 7482 7419
f 7418 7481 7482
f 7419 7483 7420
f 7419 7482 7483
f 7420 7484 7421
f 7420 7483 7484
f 7421 7485 7422
f 7421 7484 7485
f 7422 7486 7423
f 7422 7485 7486
f 7423 7487 7424
f 7423 7486 7487
f 7424 7488 7425
f 7424 7487 7488
f 7425 7489 7426
f 7425 7488 7489
f 7426 7490 7427
f 7426 7489 7490
f 7427 7491 7428
f 7427 7490 7491
f 7428 7492 7429
f 7428 7491 7492
f 7429 7493 7430
f 7429 7492 7493
f 7430 7494 7431
f 7430 7493 7494
f 7431 7495 7432
f 7431 7494 7495
f 7432 7496 7433
f 7432 7495 7496
f 7433 7497 7434
f 7433 7496 7497
f 7434 7498 7435
f 7434 7497 7498
f 7435 7499 7436
f 7435 7498 7499
f 7436 7500 7437
f 7436 7499 7500
f 7437 7501 7438
f 7437 7500 7501
f 7438 7502 7439
f 7438 7501 7502
f 7439 7503 7440
f 7439 7502 7503
f 7440 7504 7441
f 7440 7503 7504
f 7441 7505 7442
f 7441 7504 7505
f 7442 7506 7443
f 7442 7505 7506
f 7443 7507 7444
f 7443 7506 7507
f 7444 7508 7445
f 7444 7507 7508
f 7445 7509 7446
f 7445 7508 7509
f 7446 7510 7447
f 7446 7509 7510
f 7510 5503 5499
f 7510 5499 7447
f 5505 7511 7448
f 5505 7448 5502
f 7448 7512 7449
f 7448 7511 7512
f 7449 7513 7450
f 7449 7512 7513
f 7450 7514 7451
f 7450 7513 7514
f 7451 7515 7452
f 7451 7514 7515
f 7452 7516 7453
f 7452 7515 7516
f 7453 7517 7454
f 7453 7516 7517
f 7454 7518 7455
f 7454 7517 7518
f 7455 7519 7456
f 7455 7518 7519
f 7456 7520 7457
f 7456 7519 7520
f 7457 7521 7458
f 7457 7520 7521
f 7458 7522 7459
f 7458 7521 7522
f 7459 7523 7460
f 7459 7522 7523
f 7460 7524 7461
f 7460 7523 7524
f 7461 7525 7462
f 7461 7524 7525
f 7462 7526 7463
f 7462 7525 7526
f 7463 7527 7464
f 7463 7526 7527
f 7464 7528 7465
f 7464 7527 7528
f 7465 7529 7466
f 7465 7528 7529
f 7466 7530 7467
f 7466 7529 7530
f 7467 7531 7468
f 7467 7530 7531
f 7468 7532 7469
f 7468 7531 7532
f 7469 7533 7470
f 7469 7532 7533
f 7470 7534 7471
f 7470 7533 7534
f 7471 7535 7472
f 7471 7534 7535
f 7472 7536 7473
f 7472 7535 7536
f 7473 7537 7474
f 7473 7536 7537
f 7474 7538 7475
f 7474 7537 7538
f 7475 7539 7476
f 7475 7538 7539
f 7476 7540 7477
f 7476 7539 7540
f 7477 7541 7478
f 7477 7540 7541
f 7478 7542 7479
f 7478 7541 7542
f 7479 7543 7480
f 7479 7542 7543
f 7480 7544 7481
f 7480 7543 7544
f 7481 7545 7482
f 7481 7544 7545
f 7482 7546 7483
f 7482 7545 7546
f 7483 7547 7484
f 7483 7546 7547
f 7484 7548 7485
f 7484 7547 7548
f 7485 7549 7486
f 7485 7548 7549
f 7486 7550 7487
f 7486 7549 7550
f 7487 7551 7488
f 7487 7550 7551
f 7488 7552 7489
f 7488 7551 7552
f 7489 7553 7490
f 7489 7552 7553
f 7490 7554 7491
f 7490 7553 7554
f 7491 7555 7492
f 7491 7554 7555
f 7492 7556 7493
f 7492 7555 7556
f 7493 7557 7494
f 7493 7556 7557
f 7494 7558 7495
f 7494 7557 7558
f 7495 7559 7496
f 7495 7558 7559
f 7496 7560 7497
f 7496 7559 7560
f 7497 7561 7498
f 7497 7560 7561
f 7498 7562 7499
f 7498 7561 7562
f 7499 7563 7500
f 7499 7562 7563
f 7500 7564 7501
f 7500 7563 7564
f 7501 7565 7502
f 7501 7564 7565
f 7502 7566 7503
f 7502 7565 7566
f 7503 7567 7504
f 7503 7566 7567
f 7504 7568 7505
f 7504 7567 7568
f 7505 7569 7506
f 7505 7568 7569
f 7506 7570 7507
f 7506 7569 7570
f 7507 7571 7508
f 7507 7570 7571
f 7508 7572 7509
f 7508 7571 7572
f 7509 7573 7510
f 7509 7572 7573
f 7573 5506 5503
f 7573 5503 7510
f 5508 7574 7511
f 5508 7511 5505
f 7511 7575 7512
f 7511 7574 7575
f 7512 7576 7513
f 7512 7575 7576
f 7513 7577 7514
f 7513 7576 7577
f 7514 7578 7515
f 7514 7577 7578
f 7515 7579 7516
f 7515 7578 7579
f 7516 7580 7517
f 7516 7579 7580
f 7517 7581 7518
f 7517 7580 7581
f 7518 7582 7519
f 7518 7581 7582
f 7519 7583 7520
f 7519 7582 7583
f 7520 7584 7521
f 7520 7583 7584
f 7521 7585 7522
f 7521 7584 7585
f 7522 7586 7523
f 7522 7585 7586
f 7523 7587 7524
f 7523 7586 7587
f 7524 7588 7525
f 7524 7587 7588
f 7525 7589 7526
f 7525 7588 7589
f 7526 7590 7527
f 7526 7589 7590
f 7527 7591 7528
f 7527 7590 7591
f 7528 7592 7529
f 7528 7591 7592
f 7529 7593 7530
f 7529 7592 7593
f 7530 7594 7531
f 7530 7593 7594
f 7531 7595 7532
f 7531 7594 7595
f 7532 7596 7533
f 7532 7595 7596
f 7533 7597 7534
f 7533 7596 7597
f 7534 7598 7535
f 7534 7597 7598
f 7535 7599 7536
f 7535 7598 7599
f 7536 7600 7537
f 7536 7599 7600
f 7537 7601 7538
f 7537 7600 7601
f 7538 7602 7539
f 7538 7601 7602
f 7539 7603 7540
f 7539 7602 7603
f 7540 7604 7541
f 7540 7603 7604
f 7541 7605 7542
f 7541 7604 7605
f 7542 7606 7543
f 7542 7605 7606
f 7543 7607 7544
f 7543 7606 7607
f 7544 7608 7545
f 7544 7607 7608
f 7545 7609 7546
f 7545 7608 7609
f 7546 7610 7547
f 7546 7609 7610
f 7547 7611 7548
f 7547 7610 7611
f 7548 7612 7549
f 7548 7611 7612
f 7549 7613 7550
f 7549 7612 7613
f 7550 7614 7551
f 7550 7613 7614
f 7551 7615 7552
f 7551 7614 7615
f 7552 7616 7553
f 7552 7615 7616
f 7553 7617 7554
f 7553 7616 7617
f 7554 7618 7555
f 7554 7617 7618
f 7555 7619 7556
f 7555 7618 7619
f 7556 7620 7557
f 7556 7619 7620
f 7557 7621 7558
f 7557 7620 7621
f 7558 7622 7559
f 7558 7621 7622
f 7559 7623 7560
f 7559 7622 7623
f 7560 7624 7561
f 7560 7623 7624
f 7561 7625 7562
f 7561 7624 7625
f 7562 7626 7563
f 7562 7625 7626
f 7563 7627 7564
f 7563 7626 7627
f 7564 7628 7565
f 7564 7627 7628
f 7565 7629 7566
f 7565 7628 7629
f 7566 7630 7567
f 7566 7629 7630
f 7567 7631 7568
f 7567 7630 7631
f 7568 7632 7569
f 7568 7631 7632
f 7569 7633 7570
f 7569 7632 7633
f 7570 7634 7571
f 7570 7633 7634
f 7571 7635 7572
f 7571 7634 7635
f 7572 7636 7573
f 7572 7635 7636
f 7636 5509 5506
f 7636 5506 7573
f 5510 7637 7574
f 5510 7574 5508
f 7574 7638 7575
f 7574 7637 7638
f 7575 7639 7576
f 7575 7638 7639
f 7576 7640 7577
f 7576 7639 7640
f 7577 7641 7578
f 7577 7640 7641
f 7578 7642 7579
f 7578 7641 7642
f 7579 7643 7580
f 7579 7642 7643
f 7580 7644 7581
f 7580 7643 7644
f 7581 7645 7582
f 7581 7644 7645
f 7582 7646 7583
f 7582 7645 7646
f 7583 7647 7584
f 7583 7646 7647
f 7584 7648 7585
f 7584 7647 7648
f 7585 7649 7586
f 7585 7648 7649
f 7586 7650 7587
f 7586 7649 7650
f 7587 7651 7588
f 7587 7650 7651
f 7588 7652 7589
f 7588 7651 7652
f 7589 7653 7590
f 7589 7652 7653
f 7590 7654 7591
f 7590 7653 7654
f 7591 7655 7592
f 7591 7654 7655
f 7592 7656 7593
f 7592 7655 7656
f 7593 7657 7594
f 7593 7656 7657
f 7594 7658 7595
f 7594 7657 7658
f 7595 7659 7596
f 7595 7658 7659
f 7596 7660 7597
f 7596 7659 7660
f 7597 7661 7598
f 7597 7660 7661
f 7598 7662 7599
f 7598 7661 7662
f 7599 7663 7600
f 7599 7662 7663
f 7600 7664 7601
f 7600 7663 7664
f 7601 7665 7602
f 7601 7664 7665
f 7602 7666 7603
f 7602 7665 7666
f 7603 7667 7604
f 7603 7666 7667
f 7604 7668 7605
f 7604 7667 7668
f 7605 7669 7606
f 7605 7668 7669
f 7606 7670 7607
f 7606 7669 7670
f 7607 7671 7608
f 7607 7670 7671
f 7608 7672 7609
f 7608 7671 7672
f 7609 7673 7610
f 7609 7672 7673
f 7610 7674 7611
f 7610 7673 7674
f 7611 7675 7612
f 7611 7674 7675
f 7612 7676 7613
f 7612 7675 7676
f 7613 7677 7614
f 7613 7676 7677
f 7614 7678 7615
f 7614 7677 7678
f 7615 7679 7616
f 7615 7678 7679
f 7616 7680 7617
f 7616 7679 7680
f 7617 7681 7618
f 7617 7680 7681
f 7618 7682 7619
f 7618 7681 7682
f 7619 7683 7620
f 7619 7682 7683
f 7620 7684 7621
f 7620 7683 7684
f 7621 7685 7622
f 7621 7684 7685
f 7622 7686 7623
f 7622 7685 7686
f 7623 7687 7624
f 7623 7686 7687
f 7624 7688 7625
f 7624 7687 7688
f 7625 7689 7626
f 7625 7688 7689
f 7626 7690 7627
f 7626 7689 7690
f 7627 7691 7628
f 7627 7690 7691
f 7628 7692 7629
f 7628 7691 7692
f 7629 7693 7630
f 7629 7692 7693
f 7630 7694 7631
f 7630 7693 7694
f 7631 7695 7632
f 7631 7694 7695
f 7632 7696 7633
f 7632 7695 7696
f 7633 7697 7634
f 7633 7696 7697
f 7634 7698 7635
f 7634 7697 7698
f 7698 5512 5513
f 7636 7698 5513
f 7635 7698 7636
f 7636 5513 5509
f 5514 7699 7637
f 5514 7637 5510
f 7637 7700 7638
f 7637 7699 7700
f 7638 7701 7639
f 7638 7700 7701
f 7639 7702 7640
f 7639 7701 7702
f 7640 7703 7641
f 7640 7702 7703
f 7641 7704 7642
f 7641 7703 7704
f 7642 7705 7643
f 7642 7704 7705
f 7643 7706 7644
f 7643 7705 7706
f 7644 7707 7645
f 7644 7706 7707
f 7645 7708 7646
f 7645 7707 7708
f 7646 7709 7647
f 7646 7708 7709
f 7647 7710 7648
f 7647 7709 7710
f 7648 7711 7649
f 7648 7710 7711
f 7649 7712 7650
f 7649 7711 7712
f 7650 7713 7651
f 7650 7712 7713
f 7651 7714 7652
f 7651 7713 7714
f 7652 7715 7653
f 7652 7714 7715
f 7653 7716 7654
f 7653 7715 7716
f 7654 7717 7655
f 7654 7716 7717
f 7655 7718 7656
f 7655 7717 7718
f 7656 7719 7657
f 7656 7718 7719
f 7657 7720 7658
f 7657 7719 7720
f 7658 7721 7659
f 7658 7720 7721
f 7659 7722 7660
f 7659 7721 7722
f 7660 7723 7661
f 7660 7722 7723
f 7661 7724 7662
f 7661 7723 7724
f 7662 7725 7663
f 7662 7724 7725
f 7663 7726 7664
f 7663 7725 7726
f 7664 7727 7665
f 7664 7726 7727
f 7665 7728 7666
f 7665 7727 7728
f 7666 7729 7667
f 7666 7728 7729
f 7667 7730 7668
f 7667 7729 7730
f 7668 7731 7669
f 7668 7730 7731
f 7669 7732 7670
f 7669 7731 7732
f 7670 7733 7671
f 7670 7732 7733
f 7671 7734 7672
f 7671 7733 7734
f 7672 7735 7673
f 7672 7734 7735
f 7673 7736 7674
f 7673 7735 7736
f 7674 7737 7675
f 7674 7736 7737
f 7675 7738 7676
f 7675 7737 7738
f 7676 7739 7677
f 7676 7738 7739
f 7677 7740 7678
f 7677 7739 7740
f 7678 7741 7679
f 7678 7740 7741
f 7679 7742 7680
f 7679 7741 7742
f 7680 7743 7681
f 7680 7742 7743
f 7681 7744 7682
f 7681 7743 7744
f 7682 7745 7683
f 7682 7744 7745
f 7683 7746 7684
f 7683 7745 7746
f 7684 7747 7685
f 7684 7746 7747
f 7685 7748 7686
f 7685 7747 7748
f 7686 7749 7687
f 7686 7748 7749
f 7687 7750 7688
f 7687 7749 7750
f 7688 7751 7689
f 7688 7750 7751
f 7689 7752 7690
f 7689 7751 7752
f 7690 7753 7691
f 7690 7752 7753
f 7691 7754 7692
f 7691 7753 7754
f 7692 7755 7693
f 7692 7754 7755
f 7693 7756 7694
f 7693 7755 7756
f 7694 7757 7695
f 7694 7756 7757
f 7695 7758 7696
f 7695 7757 7758
f 7696 7759 7697
f 7696 7758 7759
f 7697 7760 7698
f 7697 7759 7760
f 7760 5516 5512
f 7760 5512 7698
f 5517 7761 7699
f 5517 7699 5514
f 7699 7762 7700
f 7699 7761 7762
f 7700 7763 7701
f 7700 7762 7763
f 7701 7764 7702
f 7701 7763 7764
f 7702 7765 7703
f 7702 7764 7765
f 7703 7766 7704
f 7703 7765 7766
f 7704 7767 7705
f 7704 7766 7767
f 7705 7768 7706
f 7705 7767 7768
f 7706 7769 7707
f 7706 7768 7769
f 7707 7770 7708
f 7707 7769 7770
f 7708 7771 7709
f 7708 7770 7771
f 7709 7772 7710
f 7709 7771 7772
f 7710 7773 7711
f 7710 7772 7773
f 7711 7774 7712
f 7711 7773 7774
f 7712 7775 7713
f 7712 7774 7775
f 7713 7776 7714
f 7713 7775 7776
f 7714 7777 7715
f 7714 7776 7777
f 7715 7778 7716
f 7715 7777 7778
f 7716 7779 7717
f 7716 7778 7779
f 7717 7780 7718
f 7717 7779 7780
f 7718 7781 7719
f 7718 7780 7781
f 7719 7782 7720
f 7719 7781 7782
f 7720 7783 7721
f 7720 7782 7783
f 7721 7784 7722
f 7721 7783 7784
f 7722 7785 7723
f 7722 7784 7785
f 7723 7786 7724
f 7723 7785 7786
f 7724 7787 7725
f 7724 7786 7787
f 7725 7788 7726
f 7725 7787 7788
f 7726 7789 7727
f 7726 7788 7789
f 7727 7790 7728
f 7727 7789 7790
f 7728 7791 7729
f 7728 7790 7791
f 7729 7792 7730
f 7729 7791 7792
f 7730 7793 7731
f 7730 7792 7793
f 7731 7794 7732
f 7731 7793 7794
f 7732 7795 7733
f 7732 7794 7795
f 7733 7796 7734
f 7733 7795 7796
f 7734 7797 7735
f 7734 7796 7797
f 7735 7798 7736
f 7735 7797 7798
f 7736 7799 7737
f 7736 7798 7799
f 7737 7800 7738
f 7737 7799 7800
f 7738 7801 7739
f 7738 7800 7801
f 7739 7802 7740
f 7739 7801 7802
f 7740 7803 7741
f 7740 7802 7803
f 7741 7804 7742
f 7741 7803 7804
f 7742 7805 7743
f 7742 7804 7805
f 7743 7806 7744
f 7743 7805 7806
f 7744 7807 7745
f 7744 7806 7807
f 7745 7808 7746
f 7745 7807 7808
f 7746 7809 7747
f 7746 7808 7809
f 7747 7810 7748
f 7747 7809 7810
f 7748 7811 7749
f 7748 7810 7811
f 7749 7812 7750
f 7749 7811 7812
f 7750 7813 7751
f 7750 7812 7813
f 7751 7814 7752
f 7751 7813 7814
f 7752 7815 7753
f 7752 7814 7815
f 7753 7816 7754
f 7753 7815 7816
f 7754 7817 7755
f 7754 7816 7817
f 7755 7818 7756
f 7755 7817 7818
f 7756 7819 7757
f 7756 7818 7819
f 7757 7820 7758
f 7757 7819 7820
f 7758 7821 7759
f 7758 7820 7821
f 7759 7822 7760
f 7759 7821 7822
f 7822 5519 5516
f 7822 5516 7760
f 5520 7761 5517
f 7761 5520 5522
f 7823 7761 5522
f 7762 7761 7823
f 7762 7824 7763
f 7762 7823 7824
f 7763 7825 7764
f 7763 7824 7825
f 7764 7826 7765
f 7764 7825 7826
f 7765 7827 7766
f 7765 7826 7827
f 7766 7828 7767
f 7766 7827 7828
f 7767 7829 7768
f 7767 7828 7829
f 7768 7830 7769
f 7768 7829 7830
f 7769 7831 7770
f 7769 7830 7831
f 7770 7832 7771
f 7770 7831 7832
f 7771 7833 7772
f 7771 7832 7833
f 7772 7834 7773
f 7772 7833 7834
f 7773 7835 7774
f 7773 7834 7835
f 7774 7836 7775
f 7774 7835 7836
f 7775 7837 7776
f 7775 7836 7837
f 7776 7838 7777
f 7776 7837 7838
f 7777 7839 7778
f 7777 7838 7839
f 7778 7840 7779
f 7778 7839 7840
f 7779 7841 7780
f 7779 7840 7841
f 7780 7842 7781
f 7780 7841 7842
f 7781 7843 7782
f 7781 7842 7843
f 7782 7844 7783
f 7782 7843 7844
f 7783 7845 7784
f 7783 7844 7845
f 7784 7846 7785
f 7784 7845 7846
f 7785 7847 7786
f 7785 7846 7847
f 7786 7848 7787
f 7786 7847 7848
f 7787 7849 7788
f 7787 7848 7849
f 7788 7850 7789
f 7788 7849 7850
f 7789 7851 7790
f 7789 7850 7851
f 7790 7852 7791
f 7790 7851 7852
f 7791 7853 7792
f 7791 7852 7853
f 7792 7854 7793
f 7792 7853 7854
f 7793 7855 7794
f 7793 7854 7855
f 7794 7856 7795
f 7794 7855 7856
f 7795 7857 7796
f 7795 7856 7857
f 7796 7858 7797
f 7796 7857 7858
f 7797 7859 7798
f 7797 7858 7859
f 7798 7860 7799
f 7798 7859 7860
f 7799 7861 7800
f 7799 7860 7861
f 7800 7862 7801
f 7800 7861 7862
f 7801 7863 7802
f 7801 7862 7863
f 7802 7864 7803
f 7802 7863 7864
f 7803 7865 7804
f 7803 7864 7865
f 7804 7866 7805
f 7804 7865 7866
f 7805 7867 7806
f 7805 7866 7867
f 7806 7868 7807
f 7806 7867 7868
f 7807 7869 7808
f 7807 7868 7869
f 7808 7870 7809
f 7808 7869 7870
f 7809 7871 7810
f 7809 7870 7871
f 7810 7872 7811
f 7810 7871 7872
f 7811 7873 7812
f 7811 7872 7873
f 7812 7874 7813
f 7812 7873 7874
f 7813 7875 7814
f 7813 7874 7875
f 7814 7876 7815
f 7814 7875 7876
f 7815 7877 7816
f 7815 7876 7877
f 7816 7878 7817
f 7816 7877 7878
f 7817 7879 7818
f 7817 7878 7879
f 7818 7880 7819
f 7818 7879 7880
f 7819 7881 7820
f 7819 7880 7881
f 7820 7882 7821
f 7820 7881 7882
f 7821 7883 7822
f 7821 7882 7883
f 7883 5523 5519
f 7883 5519 7822
f 5524 7884 7823
f 5524 7823 5522
f 7823 7885 7824
f 7823 7884 7885
f 7824 7886 7825
f 7824 7885 7886
f 7825 7887 7826
f 7825 7886 7887
f 7826 7888 7827
f 7826 7887 7888
f 7827 7889 7828
f 7827 7888 7889
f 7828 7890 7829
f 7828 7889 7890
f 7829 7891 7830
f 7829 7890 7891
f 7830 7892 7831
f 7830 7891 7892
f 7831 7893 7832
f 7831 7892 7893
f 7832 7894 7833
f 7832 7893 7894
f 7833 7895 7834
f 7833 7894 7895
f 7834 7896 7835
f 7834 7895 7896
f 7835 7897 7836
f 7835 7896 7897
f 7836 7898 7837
f 7836 7897 7898
f 7837 7899 7838
f 7837 7898 7899
f 7838 7900 7839
f 7838 7899 7900
f 7839 7901 7840
f 7839 7900 7901
f 7840 7902 7841
f 7840 7901 7902
f 7841 7903 7842
f 7841 7902 7903
f 7842 7904 7843
f 7842 7903 7904
f 7843 7905 7844
f 7843 7904 7905
f 7844 7906 7845
f 7844 7905 7906
f 7845 7907 7846
f 7845 7906 7907
f 7846 7908 7847
f 7846 7907 7908
f 7847 7909 7848
f 7847 7908 7909
f 7848 7910 7849
f 7848 7909 7910
f 7849 7911 7850
f 7849 7910 7911
f 7850 7912 7851
f 7850 7911 7912
f 7851 7913 7852
f 7851 7912 7913
f 7852 7914 7853
f 7852 7913 7914
f 7853 7915 7854
f 7853 7914 7915
f 7854 7916 7855
f 7854 7915 7916
f 7855 7917 7856
f 7855 7916 7917
f 7856 7918 7857
f 7856 7917 7918
f 7857 7919 7858
f 7857 7918 7919
f 7858 7920 7859
f 7858 7919 7920
f 7859 7921 7860
f 7859 7920 7921
f 7860 7922 7861
f 7860 7921 7922
f 7861 7923 7862
f 7861 7922 7923
f 7862 7924 7863
f 7862 7923 7924
f 7863 7925 7864
f 7863 7924 7925
f 7864 7926 7865
f 7864 7925 7926
f 7865 7927 7866
f 7865 7926 7927
f 7866 7928 7867
f 7866 7927 7928
f 7867 7929 7868
f 7867 7928 7929
f 7868 7930 7869
f 7868 7929 7930
f 7869 7931 7870
f 7869 7930 7931
f 7870 7932 7871
f 7870 7931 7932
f 7871 7933 7872
f 7871 7932 7933
f 7872 7934 7873
f 7872 7933 7934
f 7873 7935 7874
f 7873 7934 7935
f 7874 7936 7875
f 7874 7935 7936
f 7875 7937 7876
f 7875 7936 7937
f 7876 7938 7877
f 7876 7937 7938
f 7877 7939 7878
f 7877 7938 7939
f 7878 7940 7879
f 7878 7939 7940
f 7879 7941 7880
f 7879 7940 7941
f 7880 7942 7881
f 7880 7941 7942
f 7881 7943 7882
f 7881 7942 7943
f 7943 5526 5527
f 7883 7943 5527
f 7882 7943 7883
f 7883 5527 5523
f 5528 7884 5524
f 7884 5528 5530
f 7944 7884 5530
f 7885 7884 7944
f 7885 7945 7886
f 7885 7944 7945
f 7886 7946 7887
f 7886 7945 7946
f 7887 7947 7888
f 7887 7946 7947
f 7888 7948 7889
f 7888 7947 7948
f 7889 7949 7890
f 7889 7948 7949
f 7890 7950 7891
f 7890 7949 7950
f 7891 7951 7892
f 7891 7950 7951
f 7892 7952 7893
f 7892 7951 7952
f 7893 7953 7894
f 7893 7952 7953
f 7894 7954 7895
f 7894 7953 7954
f 7895 7955 7896
f 7895 7954 7955
f 7896 7956 7897
f 7896 7955 7956
f 7897 7957 7898
f 7897 7956 7957
f 7898 7958 7899
f 7898 7957 7958
f 7899 7959 7900
f 7899 7958 7959
f 7900 7960 7901
f 7900 7959 7960
f 7901 7961 7902
f 7901 7960 7961
f 7902 7962 7903
f 7902 7961 7962
f 7903 7963 7904
f 7903 7962 7963
f 7904 7964 7905
f 7904 7963 7964
f 7905 7965 7906
f 7905 7964 7965
f 7906 7966 7907
f 7906 7965 7966
f 7907 7967 7908
f 7907 7966 7967
f 7908 7968 7909
f 7908 7967 7968
f 7909 7969 7910
f 7909 7968 7969
f 7910 7970 7911
f 7910 7969 7970
f 7911 7971 7912
f 7911 7970 7971
f 7912 7972 7913
f 7912 7971 7972
f 7913 7973 7914
f 7913 7972 7973
f 7914 7974 7915
f 7914 7973 7974
f 7915 7975 7916
f 7915 7974 7975
f 7916 7976 7917
f 7916 7975 7976
f 7917 7977 7918
f 7917 7976 7977
f 7918 7978 7919
f 7918 7977 7978
f 7919 7979 7920
f 7919 7978 7979
f 7920 7980 7921
f 7920 7979 7980
f 7921 7981 7922
f 7921 7980 7981
f 7922 7982 7923
f 7922 7981 7982
f 7923 7983 7924
f 7923 7982 7983
f 7924 7984 7925
f 7924 7983 7984
f 7925 7985 7926
f 7925 7984 7985
f 7926 7986 7927
f 7926 7985 7986
f 7927 7987 7928
f 7927 7986 7987
f 7928 7988 7929
f 7928 7987 7988
f 7929 7989 7930
f 7929 7988 7989
f 7930 7990 7931
f 7930 7989 7990
f 7931 7991 7932
f 7931 7990 7991
f 7932 7992 7933
f 7932 7991 7992
f 7933 7993 7934
f 7933 7992 7993
f 7934 7994 7935
f 7934 7993 7994
f 7935 7995 7936
f 7935 7994 7995
f 7936 7996 7937
f 7936 7995 7996
f 7937 7997 7938
f 7937 7996 7997
f 7938 7998 7939
f 7938 7997 7998
f 7939 7999 7940
f 7939 7998 7999
f 7940 8000 7941
f 7940 7999 8000
f 7941 8001 7942
f 7941 8000 8001
f 7942 8002 7943
f 7942 8001 8002
f 8002 5532 5526
f 8002 5526 7943
f 5534 8003 7944
f 5534 7944 5530
f 7944 8004 7945
f 7944 8003 8004
f 7945 8005 7946
f 7945 8004 8005
f 7946 8006 7947
f 7946 8005 8006
f 7947 8007 7948
f 7947 8006 8007
f 7948 8008 7949
f 7948 8007 8008
f 7949 8009 7950
f 7949 8008 8009
f 7950 8010 7951
f 7950 8009 8010
f 7951 8011 7952
f 7951 8010 8011
f 7952 8012 7953
f 7952 8011 8012
f 7953 8013 7954
f 7953 8012 8013
f 7954 8014 7955
f 7954 8013 8014
f 7955 8015 7956
f 7955 8014 8015
f 7956 8016 7957
f 7956 8015 8016
f 7957 8017 7958
f 7957 8016 8017
f 7958 8018 7959
f 7958 8017 8018
f 7959 8019 7960
f 7959 8018 8019
f 7960 8020 7961
f 7960 8019 8020
f 7961 8021 7962
f 7961 8020 8021
f 7962 8022 7963
f 7962 8021 8022
f 7963 8023 7964
f 7963 8022 8023
f 7964 8024 7965
f 7964 8023 8024
f 7965 8025 7966
f 7965 8024 8025
f 7966 8026 7967
f 7966 8025 8026
f 7967 8027 7968
f 7967 8026 8027
f 7968 8028 7969
f 7968 8027 8028
f 7969 8029 7970
f 7969 8028 8029
f 7970 8030 7971
f 7970 8029 8030
f 7971 8031 7972
f 7971 8030 8031
f 7972 8032 7973
f 7972 8031 8032
f 7973 8033 7974
f 7973 8032 8033
f 7974 8034 7975
f 7974 8033 8034
f 7975 8035 7976
f 7975 8034 8035
f 7976 8036 7977
f 7976 8035 8036
f 7977 8037 7978
f 7977 8036 8037
f 7978 8038 7979
f 7978 8037 8038
f 7979 8039 7980
f 7979 8038 8039
f 7980 8040 7981
f 7980 8039 8040
f 7981 8041 7982
f 7981 8040 8041
f 7982 8042 7983
f 7982 8041 8042
f 7983 8043 7984
f 7983 8042 8043
f 7984 8044 7985
f 7984 8043 8044
f 7985 8045 7986
f 7985 8044 8045
f 7986 8046 7987
f 7986 8045 8046
f 7987 8047 7988
f 7987 8046 8047
f 7988 8048 7989
f 7988 8047 8048
f 7989 8049 7990
f 7989 8048 8049
f 7990 8050 7991
f 7990 8049 8050
f 7991 8051 7992
f 7991 8050 8051
f 7992 8052 7993
f 7992 8051 8052
f 7993 8053 7994
f 7993 8052 8053
f 7994 8054 7995
f 7994 8053 8054
f 7995 8055 7996
f 7995 8054 8055
f 7996 8056 7997
f 7996 8055 8056
f 7997 8057 7998
f 7997 8056 8057
f 7998 8058 7999
f 7998 8057 8058
f 7999 8059 8000
f 7999 8058 8059
f 8000 8060 8001
f 8000 8059 8060
f 8001 8061 8002
f 8001 8060 8061
f 8061 5535 5532
f 8061 5532 8002
f 5536 8062 8003
f 5536 8003 5534
f 8003 8063 8004
f 8003 8062 8063
f 8004 8064 8005
f 8004 8063 8064
f 8005 8065 8006
f 8005 8064 8065
f 8006 8066 8007
f 8006 8065 8066
f 8007 8067 8008
f 8007 8066 8067
f 8008 8068 8009
f 8008 8067 8068
f 8009 8069 8010
f 8009 8068 8069
f 8010 8070 8011
f 8010 8069 8070
f 8011 8071 8012
f 8011 8070 8071
f 8012 8072 8013
f 8012 8071 8072
f 8013 8073 8014
f 8013 8072 8073
f 8014 8074 8015
f 8014 8073 8074
f 8015 8075 8016
f 8015 8074 8075
f 8016 8076 8017
f 8016 8075 8076
f 8017 8077 8018
f 8017 8076 8077
f 8018 8078 8019
f 8018 8077 8078
f 8019 8079 8020
f 8019 8078 8079
f 8020 8080 8021
f 8020 8079 8080
f 8021 8081 8022
f 8021 8080 8081
f 8022 8082 8023
f 8022 8081 8082
f 8023 8083 8024
f 8023 8082 8083
f 8024 8084 8025
f 8024 8083 8084
f 8025 8085 8026
f 8025 8084 8085
f 8026 8086 8027
f 8026 8085 8086
f 8027 8087 8028
f 8027 8086 8087
f 8028 8088 8029
f 8028 8087 8088
f 8029 8089 8030
f 8029 8088 8089
f 8030 8090 8031
f 8030 8089 8090
f 8031 8091 8032
f 8031 8090 8091
f 8032 8092 8033
f 8032 8091 8092
f 8033 8093 8034
f 8033 8092 8093
f 8034 8094 8035
f 8034 8093 8094
f 8035 8095 8036
f 8035 8094 8095
f 8036 8096 8037
f 8036 8095 8096
f 8037 8097 8038
f 8037 8096 8097
f 8038 8098 8039
f 8038 8097 8098
f 8039 8099 8040
f 8039 8098 8099
f 8040 8100 8041
f 8040 8099 8100
f 8041 8101 8042
f 8041 8100 8101
f 8042 8102 8043
f 8042 8101 8102
f 8043 8103 8044
f 8043 8102 8103
f 8044 8104 8045
f 8044 8103 8104
f 8045 8105 8046
f 8045 8104 8105
f 8046 8106 8047
f 8046 8105 8106
f 8047 8107 8048
f 8047 8106 8107
f 8048 8108 8049
f 8048 8107 8108
f 8049 8109 8050
f 8049 8108 8109
f 8050 8110 8051
f 8050 8109 8110
f 8051 8111 8052
f 8051 8110 8111
f 8052 8112 8053
f 8052 8111 8112
f 8053 8113 8054
f 8053 8112 8113
f 8054 8114 8055
f 8054 8113 8114
f 8055 8115 8056
f 8055 8114 8115
f 8056 8116 8057
f 8056 8115 8116
f 8057 8117 8058
f 8057 8116 8117
f 8058 8118 8059
f 8058 8117 8118
f 8059 8119 8060
f 8059 8118 8119
f 8119 5538 5539
f 8061 8119 5539
f 8060 8119 8061
f 8061 5539 5535
f 5540 8062 5536
f 8062 5540 5542
f 8120 8062 5542
f 8063 8062 8120
f 8063 8121 8064
f 8063 8120 8121
f 8064 8122 8065
f 8064 8121 8122
f 8065 8123 8066
f 8065 8122 8123
f 8066 8124 8067
f 8066 8123 8124
f 8067 8125 8068
f 8067 8124 8125
f 8068 8126 8069
f 8068 8125 8126
f 8069 8127 8070
f 8069 8126 8127
f 8070 8128 8071
f 8070 8127 8128
f 8071 8129 8072
f 8071 8128 8129
f 8072 8130 8073
f 8072 8129 8130
f 8073 8131 8074
f 8073 8130 8131
f 8074 8132 8075
f 8074 8131 8132
f 8075 8133 8076
f 8075 8132 8133
f 8076 8134 8077
f 8076 8133 8134
f 8077 8135 8078
f 8077 8134 8135
f 8078 8136 8079
f 8078 8135 8136
f 8079 8137 8080
f 8079 8136 8137
f 8080 8138 8081
f 8080 8137 8138
f 8081 8139 8082
f 8081 8138 8139
f 8082 8140 8083
f 8082 8139 8140
f 8083 8141 8084
f 8083 8140 8141
f 8084 8142 8085
f 8084 8141 8142
f 8085 8143 8086
f 8085 8142 8143
f 8086 8144 8087
f 8086 8143 8144
f 8087 8145 8088
f 8087 8144 8145
f 8088 8146 8089
f 8088 8145 8146
f 8089 8147 8090
f 8089 8146 8147
f 8090 8148 8091
f 8090 8147 8148
f 8091 8149 8092
f 8091 8148 8149
f 8092 8150 8093
f 8092 8149 8150
f 8093 8151 8094
f 8093 8150 8151
f 8094 8152 8095
f 8094 8151 8152
f 8095 8153 8096
f 8095 8152 8153
f 8096 8154 8097
f 8096 8153 8154
f 8097 8155 8098
f 8097 8154 8155
f 8098 8156 8099
f 8098 8155 8156
f 8099 8157 8100
f 8099 8156 8157
f 8100 8158 8101
f 8100 8157 8158
f 8101 8159 8102
f 8101 8158 8159
f 8102 8160 8103
f 8102 8159 8160
f 8103 8161 8104
f 8103 8160 8161
f 8104 8162 8105
f 8104 8161 8162
f 8105 8163 8106
f 8105 8162 8163
f 8106 8164 8107
f 8106 8163 8164
f 8107 8165 8108
f 8107 8164 8165
f 8108 8166 8109
f 8108 8165 8166
f 8109 8167 8110
f 8109 8166 8167
f 8110 8168 8111
f 8110 8167 8168
f 8111 8169 8112
f 8111 8168 8169
f 8112 8170 8113
f 8112 8169 8170
f 8113 8171 8114
f 8113 8170 8171
f 8114 8172 8115
f 8114 8171 8172
f 8115 8173 8116
f 8115 8172 8173
f 8116 8174 8117
f 8116 8173 8174
f 8117 8175 8118
f 8117 8174 8175
f 8118 8176 8119
f 8118 8175 8176
f 8176 5543 5538
f 8176 5538 8119
f 5544 8177 8120
f 5544 8120 5542
f 8120 8178 8121
f 8120 8177 8178
f 8121 8179 8122
f 8121 8178 8179
f 8122 8180 8123
f 8122 8179 8180
f 8123 8181 8124
f 8123 8180 8181
f 8124 8182 8125
f 8124 8181 8182
f 8125 8183 8126
f 8125 8182 8183
f 8126 8184 8127
f 8126 8183 8184
f 8127 8185 8128
f 8127 8184 8185
f 8128 8186 8129
f 8128 8185 8186
f 8129 8187 8130
f 8129 8186 8187
f 8130 8188 8131
f 8130 8187 8188
f 8131 8189 8132
f 8131 8188 8189
f 8132 8190 8133
f 8132 8189 8190
f 8133 8191 8134
f 8133 8190 8191
f 8134 8192 8135
f 8134 8191 8192
f 8135 8193 8136
f 8135 8192 8193
f 8136 8194 8137
f 8136 8193 8194
f 8137 8195 8138
f 8137 8194 8195
f 8138 8196 8139
f 8138 8195 8196
f 8139 8197 8140
f 8139 8196 8197
f 8140 8198 8141
f 8140 8197 8198
f 8141 8199 8142
f 8141 8198 8199
f 8142 8200 8143
f 8142 8199 8200
f 8143 8201 8144
f 8143 8200 8201
f 8144 8202 8145
f 8144 8201 8202
f 8145 8203 8146
f 8145 8202 8203
f 8146 8204 8147
f 8146 8203 8204
f 8147 8205 8148
f 8147 8204 8205
f 8148 8206 8149
f 8148 8205 8206
f 8149 8207 8150
f 8149 8206 8207
f 8150 8208 8151
f 8150 8207 8208
f 8151 8209 8152
f 8151 8208 8209
f 8152 8210 8153
f 8152 8209 8210
f 8153 8211 8154
f 8153 8210 8211
f 8154 8212 8155
f 8154 8211 8212
f 8155 8213 8156
f 8155 8212 8213
f 8156 8214 8157
f 8156 8213 8214
f 8157 8215 8158
f 8157 8214 8215
f 8158 8216 8159
f 8158 8215 8216
f 8159 8217 8160
f 8159 8216 8217
f 8160 8218 8161
f 8160 8217 8218
f 8161 8219 8162
f 8161 8218 8219
f 8162 8220 8163
f 8162 8219 8220
f 8163 8221 8164
f 8163 8220 8221
f 8164 8222 8165
f 8164 8221 8222
f 8165 8223 8166
f 8165 8222 8223
f 8166 8224 8167
f 8166 8223 8224
f 8167 8225 8168
f 8167 8224 8225
f 8168 8226 8169
f 8168 8225 8226
f 8169 8227 8170
f 8169 8226 8227
f 8170 8228 8171
f 8170 8227 8228
f 8171 8229 8172
f 8171 8228 8229
f 8172 8230 8173
f 8172 8229 8230
f 8173 8231 8174
f 8173 8230 8231
f 8174 8232 8175
f 8174 8231 8232
f 8232 5546 5547
f 8176 8232 5547
f 8175 8232 8176
f 8176 5547 5543
f 5548 8177 5544
f 8177 5548 5550
f 8233 8177 5550
f 8178 8177 8233
f 8178 8234 8179
f 8178 8233 8234
f 8179 8235 8180
f 8179 8234 8235
f 8180 8236 8181
f 8180 8235 8236
f 8181 8237 8182
f 8181 8236 8237
f 8182 8238 8183
f 8182 8237 8238
f 8183 8239 8184
f 8183 8238 8239
f 8184 8240 8185
f 8184 8239 8240
f 8185 8241 8186
f 8185 8240 8241
f 8186 8242 8187
f 8186 8241 8242
f 8187 8243 8188
f 8187 8242 8243
f 8188 8244 8189
f 8188 8243 8244
f 8189 8245 8190
f 8189 8244 8245
f 8190 8246 8191
f 8190 8245 8246
f 8191 8247 8192
f 8191 8246 8247
f 8192 8248 8193
f 8192 8247 8248
f 8193 8249 8194
f 8193 8248 8249
f 8194 8250 8195
f 8194 8249 8250
f 8195 8251 8196
f 8195 8250 8251
f 8196 8252 8197
f 8196 8251 8252
f 8197 8253 8198
f 8197 8252 8253
f 8198 8254 8199
f 8198 8253 8254
f 8199 8255 8200
f 8199 8254 8255
f 8200 8256 8201
f 8200 8255 8256
f 8201 8257 8202
f 8201 8256 8257
f 8202 8258 8203
f 8202 8257 8258
f 8203 8259 8204
f 8203 8258 8259
f 8204 8260 8205
f 8204 8259 8260
f 8205 8261 8206
f 8205 8260 8261
f 8206 8262 8207
f 8206 8261 8262
f 8207 8263 8208
f 8207 8262 8263
f 8208 8264 8209
f 8208 8263 8264
f 8209 8265 8210
f 8209 8264 8265
f 8210 8266 8211
f 8210 8265 8266
f 8211 8267 8212
f 8211 8266 8267
f 8212 8268 8213
f 8212 8267 8268
f 8213 8269 8214
f 8213 8268 8269
f 8214 8270 8215
f 8214 8269 8270
f 8215 8271 8216
f 8215 8270 8271
f 8216 8272 8217
f 8216 8271 8272
f 8217 8273 8218
f 8217 8272 8273
f 8218 8274 8219
f 8218 8273 8274
f 8219 8275 8220
f 8219 8274 8275
f 8220 8276 8221
f 8220 8275 8276
f 8221 8277 8222
f 8221 8276 8277
f 8222 8278 8223
f 8222 8277 8278
f 8223 8279 8224
f 8223 8278 8279
f 8224 8280 8225
f 8224 8279 8280
f 8225 8281 8226
f 8225 8280 8281
f 8226 8282 8227
f 8226 8281 8282
f 8227 8283 8228
f 8227 8282 8283
f 8228 8284 8229
f 8228 8283 8284
f 8229 8285 8230
f 8229 8284 8285
f 8230 8286 8231
f 8230 8285 8286
f 8231 8287 8232
f 8231 8286 8287
f 8287 5551 5546
f 8287 5546 8232
f 5552 8288 8233
f 5552 8233 5550
f 8233 8289 8234
f 8233 8288 8289
f 8234 8290 8235
f 8234 8289 8290
f 8235 8291 8236
f 8235 8290 8291
f 8236 8292 8237
f 8236 8291 8292
f 8237 8293 8238
f 8237 8292 8293
f 8238 8294 8239
f 8238 8293 8294
f 8239 8295 8240
f 8239 8294 8295
f 8240 8296 8241
f 8240 8295 8296
f 8241 8297 8242
f 8241 8296 8297
f 8242 8298 8243
f 8242 8297 8298
f 8243 8299 8244
f 8243 8298 8299
f 8244 8300 8245
f 8244 8299 8300
f 8245 8301 8246
f 8245 8300 8301
f 8246 8302 8247
f 8246 8301 8302
f 8247 8303 8248
f 8247 8302 8303
f 8248 8304 8249
f 8248 8303 8304
f 8249 8305 8250
f 8249 8304 8305
f 8250 8306 8251
f 8250 8305 8306
f 8251 8307 8252
f 8251 8306 8307
f 8252 8308 8253
f 8252 8307 8308
f 8253 8309 8254
f 8253 8308 8309
f 8254 8310 8255
f 8254 8309 8310
f 8255 8311 8256
f 8255 8310 8311
f 8256 8312 8257
f 8256 8311 8312
f 8257 8313 8258
f 8257 8312 8313
f 8258 8314 8259
f 8258 8313 8314
f 8259 8315 8260
f 8259 8314 8315
f 8260 8316 8261
f 8260 8315 8316
f 8261 8317 8262
f 8261 8316 8317
f 8262 8318 8263
f 8262 8317 8318
f 8263 8319 8264
f 8263 8318 8319
f 8264 8320 8265
f 8264 8319 8320
f 8265 8321 8266
f 8265 8320 8321
f 8266 8322 8267
f 8266 8321 8322
f 8267 8323 8268
f 8267 8322 8323
f 8268 8324 8269
f 8268 8323 8324
f 8269 8325 8270
f 8269 8324 8325
f 8270 8326 8271
f 8270 8325 8326
f 8271 8327 8272
f 8271 8326 8327
f 8272 8328 8273
f 8272 8327 8328
f 8273 8329 8274
f 8273 8328 8329
f 8274 8330 8275
f 8274 8329 8330
f 8275 8331 8276
f 8275 8330 8331
f 8276 8332 8277
f 8276 8331 8332
f 8277 8333 8278
f 8277 8332 8333
f 8278 8334 8279
f 8278 8333 8334
f 8279 8335 8280
f 8279 8334 8335
f 8280 8336 8281
f 8280 8335 8336
f 8281 8337 8282
f 8281 8336 8337
f 8282 8338 8283
f 8282 8337 8338
f 8283 8339 8284
f 8283 8338 8339
f 8284 8340 8285
f 8284 8339 8340
f 8285 8341 8286
f 8285 8340 8341
f 8341 5554 5555
f 8287 8341 5555
f 8286 8341 8287
f 8287 5555 5551
f 5556 8288 5552
f 8288 5556 5558
f 8342 8288 5558
f 8289 8288 8342
f 8289 8343 8290
f 8289 8342 8343
f 8290 8344 8291
f 8290 8343 8344
f 8291 8345 8292
f 8291 8344 8345
f 8292 8346 8293
f 8292 8345 8346
f 8293 8347 8294
f 8293 8346 8347
f 8294 8348 8295
f 8294 8347 8348
f 8295 8349 8296
f 8295 8348 8349
f 8296 8350 8297
f 8296 8349 8350
f 8297 8351 8298
f 8297 8350 8351
f 8298 8352 8299
f 8298 8351 8352
f 8299 8353 8300
f 8299 8352 8353
f 8300 8354 8301
f 8300 8353 8354
f 8301 8355 8302
f 8301 8354 8355
f 8302 8356 8303
f 8302 8355 8356
f 8303 8357 8304
f 8303 8356 8357
f 8304 8358 8305
f 8304 8357 8358
f 8305 8359 8306
f 8305 8358 8359
f 8306 8360 8307
f 8306 8359 8360
f 8307 8361 8308
f 8307 8360 8361
f 8308 8362 8309
f 8308 8361 8362
f 8309 8363 8310
f 8309 8362 8363
f 8310 8364 8311
f 8310 8363 8364
f 8311 8365 8312
f 8311 8364 8365
f 8312 8366 8313
f 8312 8365 8366
f 8313 8367 8314
f 8313 8366 8367
f 8314 8368 8315
f 8314 8367 8368
f 8315 8369 8316
f 8315 8368 8369
f 8316 8370 8317
f 8316 8369 8370
f 8317 8371 8318
f 8317 8370 8371
f 8318 8372 8319
f 8318 8371 8372
f 8319 8373 8320
f 8319 8372 8373
f 8320 8374 8321
f 8320 8373 8374
f 8321 8375 8322
f 8321 8374 8375
f 8322 8376 8323
f 8322 8375 8376
f 8323 8377 8324
f 8323 8376 8377
f 8324 8378 8325
f 8324 8377 8378
f 8325 8379 8326
f 8325 8378 8379
f 8326 8380 8327
f 8326 8379 8380
f 8327 8381 8328
f 8327 8380 8381
f 8328 8382 8329
f 8328 8381 8382
f 8329 8383 8330
f 8329 8382 8383
f 8330 8384 8331
f 8330 8383 8384
f 8331 8385 8332
f 8331 8384 8385
f 8332 8386 8333
f 8332 8385 8386
f 8333 8387 8334
f 8333 8386 8387
f 8334 8388 8335
f 8334 8387 8388
f 8335 8389 8336
f 8335 8388 8389
f 8336 8390 8337
f 8336 8389 8390
f 8337 8391 8338
f 8337 8390 8391
f 8338 8392 8339
f 8338 8391 8392
f 8339 8393 8340
f 8339 8392 8393
f 8393 5560 5561
f 8341 8393 5561
f 8340 8393 8341
f 8341 5561 5554
f 5562 8342 5558
f 8342 5562 5564
f 8394 8342 5564
f 8343 8342 8394
f 8343 8395 8344
f 8343 8394 8395
f 8344 8396 8345
f 8344 8395 8396
f 8345 8397 8346
f 8345 8396 8397
f 8346 8398 8347
f 8346 8397 8398
f 8347 8399 8348
f 8347 8398 8399
f 8348 8400 8349
f 8348 8399 8400
f 8349 8401 8350
f 8349 8400 8401
f 8350 8402 8351
f 8350 8401 8402
f 8351 8403 8352
f 8351 8402 8403
f 8352 8404 8353
f 8352 8403 8404
f 8353 8405 8354
f 8353 8404 8405
f 8354 8406 8355
f 8354 8405 8406
f 8355 8407 8356
f 8355 8406 8407
f 8356 8408 8357
f 8356 8407 8408
f 8357 8409 8358
f 8357 8408 8409
f 8358 8410 8359
f 8358 8409 8410
f 8359 8411 8360
f 8359 8410 8411
f 8360 8412 8361
f 8360 8411 8412
f 8361 8413 8362
f 8361 8412 8413
f 8362 8414 8363
f 8362 8413 8414
f 8363 8415 8364
f 8363 8414 8415
f 8364 8416 8365
f 8364 8415 8416
f 8365 8417 8366
f 8365 8416 8417
f 8366 8418 8367
f 8366 8417 8418
f 8367 8419 8368
f 8367 8418 8419
f 8368 8420 8369
f 8368 8419 8420
f 8369 8421 8370
f 8369 8420 8421
f 8370 8422 8371
f 8370 8421 8422
f 8371 8423 8372
f 8371 8422 8423
f 8372 8424 8373
f 8372 8423 8424
f 8373 8425 8374
f 8373 8424 8425
f 8374 8426 8375
f 8374 8425 8426
f 8375 8427 8376
f 8375 8426 8427
f 8376 8428 8377
f 8376 8427 8428
f 8377 8429 8378
f 8377 8428 8429
f 8378 8430 8379
f 8378 8429 8430
f 8379 8431 8380
f 8379 8430 8431
f 8380 8432 8381
f 8380 8431 8432
f 8381 8433 8382
f 8381 8432 8433
f 8382 8434 8383
f 8382 8433 8434
f 8383 8435 8384
f 8383 8434 8435
f 8384 8436 8385
f 8384 8435 8436
f 8385 8437 8386
f 8385 8436 8437
f 8386 8438 8387
f 8386 8437 8438
f 8387 8439 8388
f 8387 8438 8439
f 8388 8440 8389
f 8388 8439 8440
f 8389 8441 8390
f 8389 8440 8441
f 8390 8442 8391
f 8390 8441 8442
f 8391 8443 8392
f 8391 8442 8443
f 8392 8444 8393
f 8392 8443 8444
f 8444 5565 5560
f 8444 5560 8393
f 5566 8394 5564
f 8394 5566 5568
f 8445 8394 5568
f 8395 8394 8445
f 8395 8446 8396
f 8395 8445 8446
f 8396 8447 8397
f 8396 8446 8447
f 8397 8448 8398
f 8397 8447 8448
f 8398 8449 8399
f 8398 8448 8449
f 8399 8450 8400
f 8399 8449 8450
f 8400 8451 8401
f 8400 8450 8451
f 8401 8452 8402
f 8401 8451 8452
f 8402 8453 8403
f 8402 8452 8453
f 8403 8454 8404
f 8403 8453 8454
f 8404 8455 8405
f 8404 8454 8455
f 8405 8456 8406
f 8405 8455 8456
f 8406 8457 8407
f 8406 8456 8457
f 8407 8458 8408
f 8407 8457 8458
f 8408 8459 8409
f 8408 8458 8459
f 8409 8460 8410
f 8409 8459 8460
f 8410 8461 8411
f 8410 8460 8461
f 8411 8462 8412
f 8411 8461 8462
f 8412 8463 8413
f 8412 8462 8463
f 8413 8464 8414
f 8413 8463 8464
f 8414 8465 8415
f 8414 8464 8465
f 8415 8466 8416
f 8415 8465 8466
f 8416 8467 8417
f 8416 8466 8467
f 8417 8468 8418
f 8417 8467 8468
f 8418 8469 8419
f 8418 8468 8469
f 8419 8470 8420
f 8419 8469 8470
f 8420 8471 8421
f 8420 8470 8471
f 8421 8472 8422
f 8421 8471 8472
f 8422 8473 8423
f 8422 8472 8473
f 8423 8474 8424
f 8423 8473 8474
f 8424 8475 8425
f 8424 8474 8475
f 8425 8476 8426
f 8425 8475 8476
f 8426 8477 8427
f 8426 8476 8477
f 8427 8478 8428
f 8427 8477 8478
f 8428 8479 8429
f 8428 8478 8479
f 8429 8480 8430
f 8429 8479 8480
f 8430 8481 8431
f 8430 8480 8481
f 8431 8482 8432
f 8431 8481 8482
f 8432 8483 8433
f 8432 8482 8483
f 8433 8484 8434
f 8433 8483 8484
f 8434 8485 8435
f 8434 8484 8485
f 8435 8486 8436
f 8435 8485 8486
f 8436 8487 8437
f 8436 8486 8487
f 8437 8488 8438
f 8437 8487 8488
f 8438 8489 8439
f 8438 8488 8489
f 8439 8490 8440
f 8439 8489 8490
f 8440 8491 8441
f 8440 8490 8491
f 8441 8492 8442
f 8441 8491 8492
f 8442 8493 8443
f 8442 8492 8493
f 8493 5569 5570
f 8444 8493 5570
f 8443 8493 8444
f 8444 5570 5565
f 5571 8494 8445
f 5571 8445 5568
f 8445 8495 8446
f 8445 8494 8495
f 8446 8496 8447
f 8446 8495 8496
f 8447 8497 8448
f 8447 8496 8497
f 8448 8498 8449
f 8448 8497 8498
f 8449 8499 8450
f 8449 8498 8499
f 8450 8500 8451
f 8450 8499 8500
f 8451 8501 8452
f 8451 8500 8501
f 8452 8502 8453
f 8452 8501 8502
f 8453 8503 8454
f 8453 8502 8503
f 8454 8504 8455
f 8454 8503 8504
f 8455 8505 8456
f 8455 8504 8505
f 8456 8506 8457
f 8456 8505 8506
f 8457 8507 8458
f 8457 8506 8507
f 8458 8508 8459
f 8458 8507 8508
f 8459 8509 8460
f 8459 8508 8509
f 8460 8510 8461
f 8460 8509 8510
f 8461 8511 8462
f 8461 8510 8511
f 8462 8512 8463
f 8462 8511 8512
f 8463 8513 8464
f 8463 8512 8513
f 8464 8514 8465
f 8464 8513 8514
f 8465 8515 8466
f 8465 8514 8515
f 8466 8516 8467
f 8466 8515 8516
f 8467 8517 8468
f 8467 8516 8517
f 8468 8518 8469
f 8468 8517 8518
f 8469 8519 8470
f 8469 8518 8519
f 8470 8520 8471
f 8470 8519 8520
f 8471 8521 8472
f 8471 8520 8521
f 8472 8522 8473
f 8472 8521 8522
f 8473 8523 8474
f 8473 8522 8523
f 8474 8524 8475
f 8474 8523 8524
f 8475 8525 8476
f 8475 8524 8525
f 8476 8526 8477
f 8476 8525 8526
f 8477 8527 8478
f 8477 8526 8527
f 8478 8528 8479
f 8478 8527 8528
f 8479 8529 8480
f 8479 8528 8529
f 8480 8530 8481
f 8480 8529 8530
f 8481 8531 8482
f 8481 8530 8531
f 8482 8532 8483
f 8482 8531 8532
f 8483 8533 8484
f 8483 8532 8533
f 8484 8534 8485
f 8484 8533 8534
f 8485 8535 8486
f 8485 8534 8535
f 8486 8536 8487
f 8486 8535 8536
f 8487 8537 8488
f 8487 8536 8537
f 8488 8538 8489
f 8488 8537 8538
f 8489 8539 8490
f 8489 8538 8539
f 8490 8540 8491
f 8490 8539 8540
f 8491 8541 8492
f 8491 8540 8541
f 8541 5573 5574
f 8493 8541 5574
f 8492 8541 8493
f 8493 5574 5569
f 5575 8494 5571
f 8494 5575 5576
f 8542 8494 5576
f 8495 8494 8542
f 8495 8543 8496
f 8495 8542 8543
f 8496 8544 8497
f 8496 8543 8544
f 8497 8545 8498
f 8497 8544 8545
f 8498 8546 8499
f 8498 8545 8546
f 8499 8547 8500
f 8499 8546 8547
f 8500 8548 8501
f 8500 8547 8548
f 8501 8549 8502
f 8501 8548 8549
f 8502 8550 8503
f 8502 8549 8550
f 8503 8551 8504
f 8503 8550 8551
f 8504 8552 8505
f 8504 8551 8552
f 8505 8553 8506
f 8505 8552 8553
f 8506 8554 8507
f 8506 8553 8554
f 8507 8555 8508
f 8507 8554 8555
f 8508 8556 8509
f 8508 8555 8556
f 8509 8557 8510
f 8509 8556 8557
f 8510 8558 8511
f 8510 8557 8558
f 8511 8559 8512
f 8511 8558 8559
f 8512 8560 8513
f 8512 8559 8560
f 8513 8561 8514
f 8513 8560 8561
f 8514 8562 8515
f 8514 8561 8562
f 8515 8563 8516
f 8515 8562 8563
f 8516 8564 8517
f 8516 8563 8564
f 8517 8565 8518
f 8517 8564 8565
f 8518 8566 8519
f 8518 8565 8566
f 8519 8567 8520
f 8519 8566 8567
f 8520 8568 8521
f 8520 8567 8568
f 8521 8569 8522
f 8521 8568 8569
f 8522 8570 8523
f 8522 8569 8570
f 8523 8571 8524
f 8523 8570 8571
f 8524 8572 8525
f 8524 8571 8572
f 8525 8573 8526
f 8525 8572 8573
f 8526 8574 8527
f 8526 8573 8574
f 8527 8575 8528
f 8527 8574 8575
f 8528 8576 8529
f 8528 8575 8576
f 8529 8577 8530
f 8529 8576 8577
f 8530 8578 8531
f 8530 8577 8578
f 8531 8579 8532
f 8531 8578 8579
f 8532 8580 8533
f 8532 8579 8580
f 8533 8581 8534
f 8533 8580 8581
f 8534 8582 8535
f 8534 8581 8582
f 8535 8583 8536
f 8535 8582 8583
f 8536 8584 8537
f 8536 8583 8584
f 8537 8585 8538
f 8537 8584 8585
f 8538 8586 8539
f 8538 8585 8586
f 8539 8587 8540
f 8539 8586 8587
f 8587 5578 5579
f 8541 8587 5579
f 8540 8587 8541
f 8541 5579 5573
f 5580 8542 5576
f 8542 5580 5581
f 8588 8542 5581
f 8543 8542 8588
f 8543 8589 8544
f 8543 8588 8589
f 8544 8590 8545
f 8544 8589 8590
f 8545 8591 8546
f 8545 8590 8591
f 8546 8592 8547
f 8546 8591 8592
f 8547 8593 8548
f 8547 8592 8593
f 8548 8594 8549
f 8548 8593 8594
f 8549 8595 8550
f 8549 8594 8595
f 8550 8596 8551
f 8550 8595 8596
f 8551 8597 8552
f 8551 8596 8597
f 8552 8598 8553
f 8552 8597 8598
f 8553 8599 8554
f 8553 8598 8599
f 8554 8600 8555
f 8554 8599 8600
f 8555 8601 8556
f 8555 8600 8601
f 8556 8602 8557
f 8556 8601 8602
f 8557 8603 8558
f 8557 8602 8603
f 8558 8604 8559
f 8558 8603 8604
f 8559 8605 8560
f 8559 8604 8605
f 8560 8606 8561
f 8560 8605 8606
f 8561 8607 8562
f 8561 8606 8607
f 8562 8608 8563
f 8562 8607 8608
f 8563 8609 8564
f 8563 8608 8609
f 8564 8610 8565
f 8564 8609 8610
f 8565 8611 8566
f 8565 8610 8611
f 8566 8612 8567
f 8566 8611 8612
f 8567 8613 8568
f 8567 8612 8613
f 8568 8614 8569
f 8568 8613 8614
f 8569 8615 8570
f 8569 8614 8615
f 8570 8616 8571
f 8570 8615 8616
f 8571 8617 8572
f 8571 8616 8617
f 8572 8618 8573
f 8572 8617 8618
f 8573 8619 8574
f 8573 8618 8619
f 8574 8620 8575
f 8574 8619 8620
f 8575 8621 8576
f 8575 8620 8621
f 8576 8622 8577
f 8576 8621 8622
f 8577 8623 8578
f 8577 8622 8623
f 8578 8624 8579
f 8578 8623 8624
f 8579 8625 8580
f 8579 8624 8625
f 8580 8626 8581
f 8580 8625 8626
f 8581 8627 8582
f 8581 8626 8627
f 8582 8628 8583
f 8582 8627 8628
f 8583 8629 8584
f 8583 8628 8629
f 8584 8630 8585
f 8584 8629 8630
f 8585 8631 8586
f 8585 8630 8631
f 8631 5583 5584
f 8587 8631 5584
f 8586 8631 8587
f 8587 5584 5578
f 5585 8588 5581
f 8588 5585 5586
f 8588 5586 8589
f 8589 5586 5588
f 8632 8589 5588
f 8590 8589 8632
f 8590 8633 8591
f 8590 8632 8633
f 8591 8634 8592
f 8591 8633 8634
f 8592 8635 8593
f 8592 8634 8635
f 8593 8636 8594
f 8593 8635 8636
f 8594 8637 8595
f 8594 8636 8637
f 8595 8638 8596
f 8595 8637 8638
f 8596 8639 8597
f 8596 8638 8639
f 8597 8640 8598
f 8597 8639 8640
f 8598 8641 8599
f 8598 8640 8641
f 8599 8642 8600
f 8599 8641 8642
f 8600 8643 8601
f 8600 8642 8643
f 8601 8644 8602
f 8601 8643 8644
f 8602 8645 8603
f 8602 8644 8645
f 8603 8646 8604
f 8603 8645 8646
f 8604 8647 8605
f 8604 8646 8647
f 8605 8648 8606
f 8605 8647 8648
f 8606 8649 8607
f 8606 8648 8649
f 8607 8650 8608
f 8607 8649 8650
f 8608 8651 8609
f 8608 8650 8651
f 8609 8652 8610
f 8609 8651 8652
f 8610 8653 8611
f 8610 8652 8653
f 8611 8654 8612
f 8611 8653 8654
f 8612 8655 8613
f 8612 8654 8655
f 8613 8656 8614
f 8613 8655 8656
f 8614 8657 8615
f 8614 8656 8657
f 8615 8658 8616
f 8615 8657 8658
f 8616 8659 8617
f 8616 8658 8659
f 8617 8660 8618
f 8617 8659 8660
f 8618 8661 8619
f 8618 8660 8661
f 8619 8662 8620
f 8619 8661 8662
f 8620 8663 8621
f 8620 8662 8663
f 8621 8664 8622
f 8621 8663 8664
f 8622 8665 8623
f 8622 8664 8665
f 8623 8666 8624
f 8623 8665 8666
f 8624 8667 8625
f 8624 8666 8667
f 8625 8668 8626
f 8625 8667 8668
f 8626 8669 8627
f 8626 8668 8669
f 8627 8670 8628
f 8627 8669 8670
f 8628 8671 8629
f 8628 8670 8671
f 8629 8672 8630
f 8629 8671 8672
f 8672 5590 5591
f 8631 8672 5591
f 8630 8672 8631
f 8631 5591 5583
f 5592 8632 5588
f 8632 5592 5594
f 8673 8632 5594
f 8633 8632 8673
f 8633 8674 8634
f 8633 8673 8674
f 8634 8675 8635
f 8634 8674 8675
f 8635 8676 8636
f 8635 8675 8676
f 8636 8677 8637
f 8636 8676 8677
f 8637 8678 8638
f 8637 8677 8678
f 8638 8679 8639
f 8638 8678 8679
f 8639 8680 8640
f 8639 8679 8680
f 8640 8681 8641
f 8640 8680 8681
f 8641 8682 8642
f 8641 8681 8682
f 8642 8683 8643
f 8642 8682 8683
f 8643 8684 8644
f 8643 8683 8684
f 8644 8685 8645
f 8644 8684 8685
f 8645 8686 8646
f 8645 8685 8686
f 8646 8687 8647
f 8646 8686 8687
f 8647 8688 8648
f 8647 8687 8688
f 8648 8689 8649
f 8648 8688 8689
f 8649 8690 8650
f 8649 8689 8690
f 8650 8691 8651
f 8650 8690 8691
f 8651 8692 8652
f 8651 8691 8692
f 8652 8693 8653
f 8652 8692 8693
f 8653 8694 8654
f 8653 8693 8694
f 8654 8695 8655
f 8654 8694 8695
f 8655 8696 8656
f 8655 8695 8696
f 8656 8697 8657
f 8656 8696 8697
f 8657 8698 8658
f 8657 8697 8698
f 8658 8699 8659
f 8658 8698 8699
f 8659 8700 8660
f 8659 8699 8700
f 8660 8701 8661
f 8660 8700 8701
f 8661 8702 8662
f 8661 8701 8702
f 8662 8703 8663
f 8662 8702 8703
f 8663 8704 8664
f 8663 8703 8704
f 8664 8705 8665
f 8664 8704 8705
f 8665 8706 8666
f 8665 8705 8706
f 8666 8707 8667
f 8666 8706 8707
f 8667 8708 8668
f 8667 8707 8708
f 8668 8709 8669
f 8668 8708 8709
f 8669 8710 8670
f 8669 8709 8710
f 8670 8711 8671
f 8670 8710 8711
f 8711 5595 5596
f 8672 8711 5596
f 8671 8711 8672
f 8672 5596 5590
f 5597 8673 5594
f 8673 5597 5599
f 8712 8673 5599
f 8674 8673 8712
f 8674 8713 8675
f 8674 8712 8713
f 8675 8714 8676
f 8675 8713 8714
f 8676 8715 8677
f 8676 8714 8715
f 8677 8716 8678
f 8677 8715 8716
f 8678 8717 8679
f 8678 8716 8717
f 8679 8718 8680
f 8679 8717 8718
f 8680 8719 8681
f 8680 8718 8719
f 8681 8720 8682
f 8681 8719 8720
f 8682 8721 8683
f 8682 8720 8721
f 8683 8722 8684
f 8683 8721 8722
f 8684 8723 8685
f 8684 8722 8723
f 8685 8724 8686
f 8685 8723 8724
f 8686 8725 8687
f 8686 8724 8725
f 8687 8726 8688
f 8687 8725 8726
f 8688 8727 8689
f 8688 8726 8727
f 8689 8728 8690
f 8689 8727 8728
f 8690 8729 8691
f 8690 8728 8729
f 8691 8730 8692
f 8691 8729 8730
f 8692 8731 8693
f 8692 8730 8731
f 8693 8732 8694
f 8693 8731 8732
f 8694 8733 8695
f 8694 8732 8733
f 8695 8734 8696
f 8695 8733 8734
f 8696 8735 8697
f 8696 8734 8735
f 8697 8736 8698
f 8697 8735 8736
f 8698 8737 8699
f 8698 8736 8737
f 8699 8738 8700
f 8699 8737 8738
f 8700 8739 8701
f 8700 8738 8739
f 8701 8740 8702
f 8701 8739 8740
f 8702 8741 8703
f 8702 8740 8741
f 8703 8742 8704
f 8703 8741 8742
f 8704 8743 8705
f 8704 8742 8743
f 8705 8744 8706
f 8705 8743 8744
f 8706 8745 8707
f 8706 8744 8745
f 8707 8746 8708
f 8707 8745 8746
f 8708 8747 8709
f 8708 8746 8747
f 8747 5601 5602
f 8710 8747 5602
f 8709 8747 8710
f 8710 5602 5603
f 8710 5603 8711
f 8711 5603 5595
f 5604 8712 5599
f 8712 5604 5605
f 8748 8712 5605
f 8713 8712 8748
f 8713 8749 8714
f 8713 8748 8749
f 8714 8750 8715
f 8714 8749 8750
f 8715 8751 8716
f 8715 8750 8751
f 8716 8752 8717
f 8716 8751 8752
f 8717 8753 8718
f 8717 8752 8753
f 8718 8754 8719
f 8718 8753 8754
f 8719 8755 8720
f 8719 8754 8755
f 8720 8756 8721
f 8720 8755 8756
f 8721 8757 8722
f 8721 8756 8757
f 8722 8758 8723
f 8722 8757 8758
f 8723 8759 8724
f 8723 8758 8759
f 8724 8760 8725
f 8724 8759 8760
f 8725 8761 8726
f 8725 8760 8761
f 8726 8762 8727
f 8726 8761 8762
f 8727 8763 8728
f 8727 8762 8763
f 8728 8764 8729
f 8728 8763 8764
f 8729 8765 8730
f 8729 8764 8765
f 8730 8766 8731
f 8730 8765 8766
f 8731 8767 8732
f 8731 8766 8767
f 8732 8768 8733
f 8732 8767 8768
f 8733 8769 8734
f 8733 8768 8769
f 8734 8770 8735
f 8734 8769 8770
f 8735 8771 8736
f 8735 8770 8771
f 8736 8772 8737
f 8736 8771 8772
f 8737 8773 8738
f 8737 8772 8773
f 8738 8774 8739
f 8738 8773 8774
f 8739 8775 8740
f 8739 8774 8775
f 8740 8776 8741
f 8740 8775 8776
f 8741 8777 8742
f 8741 8776 8777
f 8742 8778 8743
f 8742 8777 8778
f 8743 8779 8744
f 8743 8778 8779
f 8744 8780 8745
f 8744 8779 8780
f 8745 8781 8746
f 8745 8780 8781
f 8781 5607 5608
f 8747 8781 5608
f 8746 8781 8747
f 8747 5608 5601
f 5609 8748 5605
f 8748 5609 5610
f 8748 5610 8749
f 8749 5610 5612
f 8782 8749 5612
f 8750 8749 8782
f 8750 8783 8751
f 8750 8782 8783
f 8751 8784 8752
f 8751 8783 8784
f 8752 8785 8753
f 8752 8784 8785
f 8753 8786 8754
f 8753 8785 8786
f 8754 8787 8755
f 8754 8786 8787
f 8755 8788 8756
f 8755 8787 8788
f 8756 8789 8757
f 8756 8788 8789
f 8757 8790 8758
f 8757 8789 8790
f 8758 8791 8759
f 8758 8790 8791
f 8759 8792 8760
f 8759 8791 8792
f 8760 8793 8761
f 8760 8792 8793
f 8761 8794 8762
f 8761 8793 8794
f 8762 8795 8763
f 8762 8794 8795
f 8763 8796 8764
f 8763 8795 8796
f 8764 8797 8765
f 8764 8796 8797
f 8765 8798 8766
f 8765 8797 8798
f 8766 8799 8767
f 8766 8798 8799
f 8767 8800 8768
f 8767 8799 8800
f 8768 8801 8769
f 8768 8800 8801
f 8769 8802 8770
f 8769 8801 8802
f 8770 8803 8771
f 8770 8802 8803
f 8771 8804 8772
f 8771 8803 8804
f 8772 8805 8773
f 8772 8804 8805
f 8773 8806 8774
f 8773 8805 8806
f 8774 8807 8775
f 8774 8806 8807
f 8775 8808 8776
f 8775 8807 8808
f 8776 8809 8777
f 8776 8808 8809
f 8777 8810 8778
f 8777 8809 8810
f 8778 8811 8779
f 8778 8810 8811
f 8811 5614 5615
f 8780 8811 5615
f 8779 8811 8780
f 8780 5615 5616
f 8780 5616 8781
f 8781 5616 5607
f 5617 8782 5612
f 8782 5617 5618
f 8782 5618 8783
f 8783 5618 5620
f 8783 5620 8784
f 8784 5620 5622
f 8812 8784 5622
f 8785 8784 8812
f 8785 8813 8786
f 8785 8812 8813
f 8786 8814 8787
f 8786 8813 8814
f 8787 8815 8788
f 8787 8814 8815
f 8788 8816 8789
f 8788 8815 8816
f 8789 8817 8790
f 8789 8816 8817
f 8790 8818 8791
f 8790 8817 8818
f 8791 8819 8792
f 8791 8818 8819
f 8792 8820 8793
f 8792 8819 8820
f 8793 8821 8794
f 8793 8820 8821
f 8794 8822 8795
f 8794 8821 8822
f 8795 8823 8796
f 8795 8822 8823
f 8796 8824 8797
f 8796 8823 8824
f 8797 8825 8798
f 8797 8824 8825
f 8798 8826 8799
f 8798 8825 8826
f 8799 8827 8800
f 8799 8826 8827
f 8800 8828 8801
f 8800 8827 8828
f 8801 8829 8802
f 8801 8828 8829
f 8802 8830 8803
f 8802 8829 8830
f 8803 8831 8804
f 8803 8830 8831
f 8804 8832 8805
f 8804 8831 8832
f 8805 8833 8806
f 8805 8832 8833
f 8806 8834 8807
f 8806 8833 8834
f 8807 8835 8808
f 8807 8834 8835
f 8808 8836 8809
f 8808 8835 8836
f 8836 5624 5625
f 8810 8836 5625
f 8809 8836 8810
f 8810 5625 5626
f 8810 5626 8811
f 8811 5626 5614
f 5627 8812 5622
f 8812 5627 5628
f 8812 5628 8813
f 8813 5628 5630
f 8837 8813 5630
f 8814 8813 8837
f 8814 8838 8815
f 8814 8837 8838
f 8815 8839 8816
f 8815 8838 8839
f 8816 8840 8817
f 8816 8839 8840
f 8817 8841 8818
f 8817 8840 8841
f 8818 8842 8819
f 8818 8841 8842
f 8819 8843 8820
f 8819 8842 8843
f 8820 8844 8821
f 8820 8843 8844
f 8821 8845 8822
f 8821 8844 8845
f 8822 8846 8823
f 8822 8845 8846
f 8823 8847 8824
f 8823 8846 8847
f 8824 8848 8825
f 8824 8847 8848
f 8825 8849 8826
f 8825 8848 8849
f 8826 8850 8827
f 8826 8849 8850
f 8827 8851 8828
f 8827 8850 8851
f 8828 8852 8829
f 8828 8851 8852
f 8829 8853 8830
f 8829 8852 8853
f 8830 8854 8831
f 8830 8853 8854
f 8831 8855 8832
f 8831 8854 8855
f 8832 8856 8833
f 8832 8855 8856
f 8856 5632 5633
f 8834 8856 5633
f 8833 8856 8834
f 8834 5633 5634
f 8834 5634 8835
f 8835 5634 5636
f 8835 5636 8836
f 8836 5636 5624
f 5637 8837 5630
f 8837 5637 5638
f 8837 5638 8838
f 8838 5638 5640
f 8838 5640 8839
f 8839 5640 5642
f 8839 5642 8840
f 8840 5642 5644
f 8857 8840 5644
f 8841 8840 8857
f 8841 8858 8842
f 8841 8857 8858
f 8842 8859 8843
f 8842 8858 8859
f 8843 8860 8844
f 8843 8859 8860
f 8844 8861 8845
f 8844 8860 8861
f 8845 8862 8846
f 8845 8861 8862
f 8846 8863 8847
f 8846 8862 8863
f 8847 8864 8848
f 8847 8863 8864
f 8848 8865 8849
f 8848 8864 8865
f 8849 8866 8850
f 8849 8865 8866
f 8850 8867 8851
f 8850 8866 8867
f 8851 8868 8852
f 8851 8867 8868
f 8868 5646 5647
f 8853 8868 5647
f 8852 8868 8853
f 8853 5647 5648
f 8853 5648 8854
f 8854 5648 5650
f 8854 5650 8855
f 8855 5650 5652
f 8855 5652 8856
f 8856 5652 5632
f 5653 8857 5644
f 8857 5653 5654
f 8857 5654 8858
f 8858 5654 5655
f 8858 5655 8859
f 8859 5655 5656
f 8859 5656 8860
f 8860 5656 5657
f 8860 5657 8861
f 8861 5657 5659
f 8861 5659 8862
f 8862 5659 5661
f 8862 5661 8863
f 8863 5661 5663
f 8863 5663 8864
f 8864 5663 5665
f 8864 5665 8865
f 8865 5665 5666
f 8865 5666 8866
f 8866 5666 5667
f 8866 5667 8867
f 8867 5667 5668
f 8867 5668 8868
f 8868 5668 5646

