# https://github.com/mikedh/trimesh
v 0.42663371 17.81818159 15.91519650
v 1.01108285 17.37581007 15.53407895
v 0.59408532 17.95572688 15.21717468
v 0.32201255 17.74959768 16.62299080
v 0.74797478 17.34286948 16.32278468
v 0.33147955 17.70676745 17.18744352
v 0.59039649 17.37609305 16.95833097
v 0.45338829 17.66488401 17.51390565
v 0.52181000 17.44567984 17.35364798
v 0.67362555 17.49924526 17.57026556
v 0.20281659 18.50726458 15.66248312
v 0.42939062 18.66900698 15.00742351
v 0.11601763 18.37492080 16.36985088
v 0.17080352 18.24801496 17.01636197
v 0.37289635 18.08275584 17.48982099
v 0.69996961 17.83825360 17.71491225
v 0.09794662 19.34217497 15.52112606
v 0.37157245 19.52620209 14.88519458
v -0.00689767 19.17940897 16.21590023
v 0.06132076 19.00551054 16.88889479
v 0.30596378 18.77241473 17.44180031
v 0.71134886 18.44380471 17.79267600
v 0.05871850 20.27124222 15.45339958
v 0.35122688 20.47463087 14.82453827
v -0.06253229 20.09185165 16.13847507
v 0.00284145 19.89570348 16.81534339
v 0.26307435 19.62791755 17.40118093
v 0.70952861 19.24494237 17.82303895
v 0.04562296 21.24818262 15.42599654
v 0.34030803 21.46351031 14.79930978
v -0.08244617 21.05958508 16.10642638
v -0.02145190 20.85368547 16.78168370
v 0.24191943 20.57075420 17.37773888
v 0.70480505 20.15992403 17.83132839
v 0.04061445 22.24328918 15.41627754
v 0.33308043 22.46309214 14.78959968
v -0.08849335 22.05034911 16.09539463
v -0.02941567 21.84044034 16.76935303
v 0.23386537 21.55184644 17.36765015
v 0.70176821 21.12939337 17.83265400
v 0.03759871 23.24288907 15.41132839
v 0.32754813 23.46196845 14.78173505
v -0.09054333 23.04865159 16.09154393
v -0.03161945 22.83720837 16.76553351
v 0.23146196 22.54673013 17.36427264
v 0.70054731 22.12028001 17.83265151
v 0.03316226 24.24262968 15.40193270
v 0.31854787 24.45541924 14.76221473
v -0.09243474 24.04911129 16.08758124
v -0.03251906 23.83697929 16.76371027
v 0.23080726 23.54573873 17.36318233
v 0.70018307 23.11806958 17.83255419
v 0.02230025 25.24236109 15.37557562
v 0.29816070 25.43621149 14.70950232
v -0.09705496 25.05138609 16.07726449
v -0.03411047 24.83823191 16.76030370
v 0.23031198 24.54602977 17.36215807
v 0.70002996 24.11774731 17.83236178
v -0.00297601 26.25088746 15.31096764
v 0.25968276 26.38427366 14.59006883
v -0.10893066 26.05895042 16.05286792
v -0.03845082 25.84188637 16.75227300
v 0.22904589 25.54735286 17.35986790
v 0.69973224 25.11805800 17.83182787
v -0.05747536 27.33941337 15.16590063
v 0.22184702 27.15893702 14.36983671
v -0.13543477 27.08053967 16.01265143
v -0.04862478 26.84932949 16.73893630
v 0.22586468 26.55004538 17.35571411
v 0.69892910 26.11888537 17.83072463
v 0.28323537 28.65401819 13.04729244
v 0.76415138 28.23514253 12.70111175
v 0.49104236 28.82202085 12.61289694
v 0.12581315 28.42500250 13.68613771
v 0.51749722 28.02085606 13.17269457
v -0.02319745 28.12719671 14.53196187
v 0.49679777 27.47282240 13.69492016
v -0.20020409 28.33503468 15.38289004
v -0.18643651 28.08976471 16.01612896
v -0.06766542 27.85499866 16.72989122
v 0.21957002 27.55291240 17.35121189
v 0.69719570 27.12002114 17.82921197
v 0.15699009 29.37224213 12.91488927
v 0.52754383 29.38498438 12.43257089
v -0.05282622 29.27956813 13.56555753
v -0.17787600 29.16109508 14.36114868
v -0.25136990 29.10629581 15.21518253
v -0.23810992 29.03697482 16.01192858
v -0.09199800 28.84460515 16.72530515
v 0.21043887 28.55200730 17.34777209
v 0.69438633 28.12050378 17.82772854
v 0.13929849 30.17103121 12.80104994
v 0.58551667 30.16562192 12.30084521
v -0.13036693 30.14639207 13.46180612
v -0.26820628 30.09718950 14.25340319
v -0.31460148 30.04233368 15.11109274
v -0.27287223 29.96836805 15.95206704
v -0.11294018 29.81840058 16.70910181
v 0.20099309 29.54486143 17.34277413
v 0.69103367 29.11919825 17.82607628
v 0.15429860 31.06643877 12.73126108
v 0.63457334 31.06327023 12.22745409
v -0.15027961 31.06095561 13.39584541
v -0.30782092 31.04144174 14.18868510
v -0.35295566 31.00447842 15.04981000
v -0.29865871 30.93497394 15.90564803
v -0.12738418 30.79500002 16.68523533
v 0.19369054 30.53505646 17.33448994
v 0.68805396 30.11630042 17.82363281
v 0.17246102 32.02045867 12.69655524
v 0.66571765 32.02050169 12.19272625
v -0.14849910 32.01916906 13.36219688
v -0.31917290 32.00971516 14.15587947
v -0.36931307 31.98270786 15.01857539
v -0.31260566 31.91879884 15.87947342
v -0.13620016 31.78271051 16.66805402
v 0.18908345 31.52779237 17.32626195
v 0.68599751 31.11333799 17.82073817
v 0.18991595 32.99764474 12.67768823
v 0.68868764 32.99576164 12.17502611
v -0.13932130 33.00006718 13.34480891
v -0.31808122 32.99505132 14.14046085
v -0.37329953 32.97233510 15.00472127
v -0.31788668 32.91153370 15.86754017
v -0.14033531 32.77739020 16.65920445
v 0.18666310 32.52419773 17.32108087
v 0.68484427 32.11144814 17.81844875
v 0.21969570 33.96642297 12.65633416
v 0.72356146 33.95338488 12.16014429
v -0.11827827 33.98195154 13.32582344
v -0.30691596 33.98572003 14.12757195
v -0.36958169 33.96729791 14.99670369
v -0.31792648 33.90850125 15.86218965
v -0.14143185 33.77536532 16.65544915
v 0.18573334 33.52280581 17.31867789
v 0.68432657 33.11060355 17.81719678
v 0.28635032 34.88386271 12.61758950
v 0.79408112 34.84991096 12.14802768
v -0.06411714 34.93768300 13.28462243
v -0.27287170 34.96947214 14.10066306
v -0.35355536 34.96220770 14.98395774
v -0.31224609 34.90673833 15.85697946
v -0.14005990 34.77455180 16.65326650
v 0.18582357 34.52232882 17.31762395
v 0.68420877 34.11030938 17.81666087
v 0.41512937 35.67189191 12.55658069
v 0.91527358 35.63860820 12.16614734
v 0.06005360 35.81429946 13.19112892
v -0.18410459 35.93385740 14.03405502
v -0.30916339 35.95499255 14.95481627
v -0.29463878 35.90539597 15.84655919
v -0.13444822 35.77417684 16.65001316
v 0.18722355 35.52214942 17.31667571
v 0.68446000 35.11021154 17.81636757
v 0.60061825 36.22030602 12.50865385
v 1.07019024 36.34433699 12.29094709
v 0.28920598 36.44999726 12.99799375
v 0.02553390 36.88575484 13.86600588
v -0.20991539 36.96028956 14.89954438
v -0.25444806 36.90948788 15.82932011
v -0.12060472 36.77538604 16.64484155
v 0.19116511 36.52233755 17.31525669
v 0.68536353 36.11020198 17.81602021
v 0.67645295 36.82438049 12.76838695
v 0.36558309 37.12249376 13.31506461
v 0.29337363 37.76282816 13.87946136
v 0.26350146 38.62994242 14.36977228
v -0.04138684 38.06327030 14.85000041
v -0.18797478 37.93763154 15.82204572
v -0.09594019 37.78271584 16.64275040
v 0.19897317 37.52390522 17.31443858
v 0.68739120 37.11044091 17.81574138
v 0.00185497 39.25093552 15.17921940
v 0.29389586 39.55433241 14.60719974
v -0.13129599 38.99782147 15.89123822
v -0.06740926 38.80035259 16.65930335
v 0.20979036 38.52831932 17.31809431
v 0.69065007 38.11131558 17.81638773
v 0.02351072 40.26470059 15.32301137
v 0.31610310 40.50523509 14.71953810
v -0.10633080 40.04320120 15.99816738
v -0.04707507 39.82130569 16.69762579
v 0.21993621 39.53513339 17.32922620
v 0.69436633 39.11301269 17.81906144
v 0.03330400 41.25475263 15.38324760
v 0.32576480 41.48026497 14.76573373
v -0.09595795 41.05184385 16.05671080
v -0.03739558 40.83348996 16.73419063
v 0.22640664 40.54122169 17.34389112
v 0.69735748 40.11502647 17.82353296
v 0.03675118 42.24769041 15.40493604
v 0.32882022 42.47056246 14.78138751
v -0.09223050 42.05074498 16.08096483
v -0.03367824 41.83662638 16.75396068
v 0.22936679 41.54436206 17.35504205
v 0.69907666 41.11653540 17.82795234
v 0.03768833 43.24492171 15.41132778
v 0.32960589 43.46779939 14.78553480
v -0.09114471 43.04927335 16.08898022
v -0.03251529 42.83678764 16.76173469
v 0.23041572 42.54527107 17.36058562
v 0.69980455 42.11725195 17.83079685
v 0.03789046 44.24420103 15.41280651
v 0.32976825 44.46743518 14.78629108
v -0.09089453 44.04867575 16.09108496
v -0.03222378 43.83658096 16.76408590
v 0.23070926 43.54539869 17.36258935
v 0.70004027 43.11746636 17.83206501
v 0.03791516 45.24412275 15.41305396
v 0.32972637 45.46763249 14.78634777
v -0.09085020 45.04853116 16.09151479
v -0.03216616 44.83648602 16.76463773
v 0.23077404 44.54538745 17.36313661
v 0.70009957 44.11750533 17.83247759
v 0.03789861 46.24416634 15.41307824
v 0.32964225 46.46781074 14.78634415
v -0.09084729 46.04851800 16.09157973
v -0.03215764 45.83646424 16.76473713
v 0.23078519 45.54537728 17.36325053
v 0.70011116 45.11750820 17.83257782
v 0.03788037 47.24419803 15.41308263
v 0.32958629 47.46787583 14.78637423
v -0.09085101 47.04852529 16.09158658
v -0.03215731 46.83646257 16.76475046
v 0.23078660 46.54537493 17.36326844
v 0.70011291 46.11750770 17.83259607
v 0.03786807 48.24420051 15.41309722
v 0.32954221 48.46783496 14.78646342
v -0.09085422 48.04852886 16.09158873
v -0.03215789 47.83646343 16.76475186
v 0.23078665 47.54537478 17.36327053
v 0.70011310 47.11750754 17.83259853
v 0.03785514 49.24417060 15.41312862
v 0.32947820 49.46766049 14.78662178
v -0.09085677 49.04852565 16.09159339
v -0.03215837 48.83646341 16.76475242
v 0.23078658 48.54537483 17.36327073
v 0.70011311 48.11750752 17.83259877
v 0.03784453 50.24410310 15.41316802
v 0.32944320 50.46735526 14.78677892
v -0.09085878 50.04851367 16.09159983
v -0.03215862 49.83646158 16.76475286
v 0.23078657 49.54537453 17.36327062
v 0.70011311 49.11750747 17.83259873
v 0.03787196 51.24400075 15.41317127
v 0.32959179 51.46704073 14.78678997
v -0.09085178 51.04848386 16.09159276
v -0.03215627 50.83645244 16.76474700
v 0.23078730 50.54537158 17.36326795
v 0.70011329 50.11750660 17.83259787
v 0.03806938 52.24377988 15.41301137
v 0.33021083 52.46669059 14.78655925
v -0.09078154 52.04836342 16.09148687
v -0.03213043 51.83639204 16.76468793
v 0.23079578 51.54534519 17.36324134
v 0.70011553 51.11749713 17.83258834
v 0.03906478 53.24277822 15.41224809
v 0.33251838 53.46519143 14.78598338
v -0.09033920 53.04770758 16.09088158
v -0.03194193 52.83600477 16.76431119
v 0.23086560 52.54515099 17.36305112
v 0.70013655 52.11741764 17.83251071
v 0.04349060 54.23822463 15.40951874
v 0.34129558 54.45834314 14.78476391
v -0.08809253 54.04455393 16.08830858
v -0.03086997 53.83397206 16.76249231
v 0.23130798 53.54402032 17.36201199
v 0.70028582 53.11689782 17.83202725
v 0.05962354 55.22160276 15.40202437
v 0.36965186 55.43493304 14.78339878
v -0.07895036 55.03229432 16.07986844
v -0.02604427 54.82541958 16.75569763
v 0.23350455 54.53878677 17.35761110
v 0.70110670 54.11421668 17.82969192
v 0.10680072 56.17250119 15.38723327
v 0.44378753 56.37126224 14.78756253
v -0.04915358 55.99362572 16.05864873
v -0.00867215 55.79633616 16.73601676
v 0.24216154 55.51930134 17.34307890
v 0.70464363 55.10316031 17.82085842
v 0.21757642 57.05262410 15.36958478
v 0.60366695 57.23058998 14.81724455
v 0.02920933 56.89335002 16.01841631
v 0.04203291 56.71550593 16.69202669
v 0.26962617 56.46020050 17.30565017
v 0.71669803 56.06621333 17.79451375
v 0.42341504 57.80333974 15.37040532
v 0.91823718 58.00075811 14.92568536
v 0.19640999 57.67611701 15.96218094
v 0.16438113 57.53014325 16.61709370
v 0.34124638 57.31219759 17.23112963
v 0.74942777 56.96455715 17.73232140
v 0.66933938 58.30549921 15.42676719
v 1.05963328 58.50678526 15.31529266
v 0.48464590 58.27299143 15.90118257
v 0.41497479 58.17822449 16.52102049
v 0.50163874 58.00287457 17.12079491
v 0.82023833 57.72850077 17.61674226
v 0.92718454 58.63874920 15.80886536
v 0.84633747 58.62219683 16.41688511
v 0.85058321 58.47901887 17.01900085
v 0.93687973 58.23842511 17.45826944
v 1.02613515 17.63070318 14.91084832
v 1.63918944 17.31300701 14.95752703
v 1.30851629 17.73818076 14.55551776
v 1.66279933 17.04698217 15.60121897
v 1.38012517 17.05650833 16.17915812
v 1.11314201 17.14097317 16.82975583
v 0.86826041 17.30102165 17.32582350
v 1.08800736 17.52803687 17.65570232
v 0.86558985 18.12320489 14.66193401
v 1.35270165 18.24896258 14.26524179
v 1.22627343 18.02744143 17.89338958
v 0.82123233 18.85054689 14.46610079
v 1.40181554 19.04637007 14.02109345
v 1.30273211 18.74472552 18.03578694
v 0.80876919 19.74461080 14.34154535
v 1.38547422 20.01337146 13.87191703
v 1.33763573 19.60774147 18.10727903
v 0.78979957 20.72325153 14.27891101
v 1.32667467 21.02905786 13.81087308
v 1.35081548 20.55127892 18.13769803
v 0.76966401 21.72529116 14.25408985
v 1.29329758 22.03150368 13.78877593
v 1.35497267 21.53162982 18.14874135
v 0.75768344 22.72560865 14.24367012
v 1.27912215 23.02377102 13.77734277
v 1.35607382 22.52589960 18.15215601
v 0.74898109 23.71868706 14.23090433
v 1.26830444 24.00486460 13.75758104
v 1.35630737 23.52452934 18.15302220
v 0.73344509 24.69659415 14.19687800
v 1.24483537 24.95929021 13.70636835
v 1.35630163 24.52433233 18.15311598
v 0.69971546 25.64107881 14.11262484
v 1.19727521 25.86050264 13.59037910
v 1.35614760 25.52449223 18.15291032
v 0.63678384 26.52983674 13.94469466
v 1.12871272 26.69445488 13.37129999
v 1.35576228 26.52482757 18.15252298
v 1.43286466 27.98751952 12.41889971
v 0.96185677 28.68128398 12.32687952
v 1.13162233 27.46859672 12.94957814
v 1.35506235 27.52512853 18.15206143
v 1.10549996 29.33388925 12.09358008
v 1.35411325 28.52505658 18.15156351
v 1.21862689 30.14573340 11.95358046
v 1.35314825 29.52445696 18.15092140
v 1.28865925 31.06241403 11.88075796
v 1.35239903 30.52359133 18.15011250
v 1.32483717 32.02899355 11.84860087
v 1.35194122 31.52287202 18.14935044
v 1.34934783 33.00546690 11.83586761
v 1.35171640 32.52247327 18.14884729
v 1.38640664 33.96044564 11.83492627
v 1.35163642 33.52231441 18.14860625
v 1.45849437 34.86301816 11.85798234
v 1.35165730 34.52226274 18.14850234
v 1.57851510 35.69448443 11.93835524
v 1.35181879 35.52224493 18.14842314
v 1.74379054 36.45528578 12.09994025
v 1.35224091 36.52226200 18.14834834
v 1.27202332 37.04135719 12.53451904
v 0.81234341 37.60851857 13.17938337
v 0.59495776 38.26363547 13.74766228
v 1.09030844 38.40910464 13.37510142
v 1.35302153 37.52238640 18.14842646
v 0.66770945 38.96530612 13.96147358
v 1.19898123 39.23063687 13.56943648
v 1.35406914 38.52270411 18.14894347
v 0.71904902 39.83348226 14.11617071
v 1.25273277 40.12163365 13.68582677
v 1.35508782 39.52318766 18.15001727
v 0.74365570 40.77090909 14.19503794
v 1.27297986 41.07062030 13.74137238
v 1.35580689 40.52366548 18.15133250
v 0.75222744 41.74530305 14.22681733
v 1.27860083 42.05101813 13.76194288
v 1.35617868 41.52397962 18.15239281
v 0.75469057 42.73703977 14.23663887
v 1.28143894 43.04637985 13.76608198
v 1.35632196 42.52411774 18.15298159
v 0.75548290 43.73565270 14.23854856
v 1.28244300 44.04825405 13.76565114
v 1.35636394 43.52415833 18.15321406
v 0.75551492 44.73634511 14.23858861
v 1.28164195 45.05089844 13.76527849
v 1.35637338 44.52416623 18.15328106
v 0.75521556 45.73710450 14.23851248
v 1.28077334 46.05227579 13.76525480
v 1.35637501 45.52416717 18.15329530
v 0.75497800 46.73746810 14.23854459
v 1.28033503 47.05275099 13.76551455
v 1.35637522 46.52416721 18.15329752
v 0.75484500 47.73752153 14.23872403
v 1.28001338 48.05262843 13.76626417
v 1.35637524 47.52416720 18.15329777
v 0.75466758 48.73724506 14.23913691
v 1.27925272 49.05148310 13.76776524
v 1.35637525 48.52416719 18.15329778
v 0.75437959 49.73647402 14.23974839
v 1.27811758 50.04867603 13.76962340
v 1.35637528 49.52416698 18.15329757
v 0.75436198 50.73537807 14.24015439
v 1.27884469 51.04555183 13.77001501
v 1.35637573 50.52416431 18.15329490
v 0.75516702 51.73467180 14.23996968
v 1.28250995 52.04498203 13.76865287
v 1.35638067 51.52413842 18.15326965
v 0.75713097 52.73438845 14.23965496
v 1.28783135 53.04578029 13.76891695
v 1.35642057 52.52394571 18.15308833
v 0.76249654 53.73191036 14.24042006
v 1.29937151 54.04044902 13.77461131
v 1.35666619 53.52282448 18.15208095
v 0.77998214 54.72000862 14.24438293
v 1.33268161 55.01654738 13.79110826
v 1.35783285 54.51764798 18.14769156
v 0.82963009 55.68334726 14.25745375
v 1.41729369 55.95525187 13.83070954
v 1.36213500 55.49843472 18.13251050
v 0.94292046 56.59302191 14.29480692
v 1.58726407 56.82947992 13.91894531
v 1.37442435 56.44035657 18.09029404
v 1.14809586 57.39596933 14.38189534
v 1.80224325 57.57198054 14.09723078
v 1.40098610 57.29537502 17.99419365
v 1.45325619 57.96180795 14.50863915
v 1.65415812 58.47200657 14.98025004
v 1.43976056 57.99282288 17.80846479
v 1.55502693 58.79995444 15.65466342
v 1.47253138 58.87527520 16.30609786
v 1.44026020 58.76443871 16.93944927
v 1.44924251 58.47872005 17.46521523
v 2.53007560 17.23355574 14.76054324
v 1.90724034 17.70083705 14.37223384
v 2.34069811 16.97271314 15.42939678
v 2.13388257 16.90326684 16.11786534
v 1.83429919 17.00442211 16.77308559
v 1.47720018 17.22686948 17.32123226
v 1.77254104 17.58533633 17.73149025
v 2.07814308 18.34927224 13.94484051
v 1.96985874 18.17932198 18.02162792
v 2.19739603 19.28913339 13.57395201
v 2.08001000 18.95273762 18.19564773
v 1.99425322 20.38517116 13.44870198
v 2.13132979 19.84303141 18.28431255
v 1.90621834 21.38399388 13.40288740
v 2.15128417 20.79746424 18.32268057
v 1.87206807 22.36346835 13.38536116
v 2.15774745 21.78136849 18.33673389
v 1.86395006 23.34069759 13.37037981
v 2.15948130 22.77657367 18.34105981
v 1.85182624 24.30729358 13.34174157
v 2.15985697 23.77539035 18.34215642
v 1.81845662 25.23395279 13.27388415
v 2.15990014 24.77518203 18.34234994
v 1.75505700 26.08131051 13.13804968
v 2.15984166 25.77521744 18.34231067
v 1.67482364 26.76639197 12.94009752
v 2.15970377 26.77530748 18.34220620
v 2.11869047 27.91715360 12.16828864
v 1.65053325 28.56862211 12.08048569
v 2.07735543 27.22715285 12.50823993
v 2.15949071 27.77535231 18.34208127
v 1.86438093 29.27279629 11.85599562
v 2.15924409 28.77527901 18.34193242
v 2.00679179 30.13361591 11.71981985
v 2.15902698 29.77509866 18.34174627
v 2.07776686 31.08194943 11.65302226
v 2.15887918 30.77490021 18.34154953
v 2.11002919 32.06124501 11.62687380
v 2.15879982 31.77476157 18.34139588
v 2.13294955 33.04175279 11.62158892
v 2.15876661 32.77469460 18.34130948
v 2.17080984 34.00175409 11.63487690
v 2.15876089 33.77467062 18.34127209
v 2.24384493 34.92208309 11.68220583
v 2.15878192 34.77466243 18.34125328
v 2.36124011 35.79238371 11.78700976
v 2.15885094 35.77465961 18.34123718
v 2.50122696 36.62435732 11.96450537
v 2.15899820 36.77466941 18.34124050
v 1.92320087 37.10133193 12.29887667
v 1.64775943 37.79956104 12.75457376
v 1.72654573 38.67491754 13.06087977
v 2.15922755 37.77471116 18.34131821
v 1.81447303 39.52136595 13.21590054
v 2.15949046 38.77479540 18.34152087
v 1.85762781 40.44151457 13.29803263
v 2.15971264 39.77490252 18.34182196
v 1.86447183 41.40508105 13.33796805
v 2.15985136 40.77499418 18.34211750
v 1.87049355 42.39027044 13.34684605
v 2.15991566 41.77504803 18.34231853
v 1.87767842 43.39359260 13.34321654
v 2.15993796 42.77506981 18.34241540
v 1.87600984 44.40189815 13.34210022
v 2.15994381 43.77507587 18.34244894
v 1.87329449 45.40595665 13.34200975
v 2.15994497 44.77507702 18.34245737
v 1.87185207 46.40749668 13.34231188
v 2.15994515 45.77507717 18.34245891
v 1.87127498 47.40796560 13.34327905
v 2.15994517 46.77507718 18.34245911
v 1.87030535 48.40744232 13.34569731
v 2.15994517 47.77507718 18.34245913
v 1.86724600 49.40369607 13.35015589
v 2.15994517 48.77507714 18.34245909
v 1.86310792 50.39450127 13.35496345
v 2.15994524 49.77507657 18.34245851
v 1.87018574 51.38786436 13.35208460
v 2.15994612 50.77506999 18.34245209
v 1.88265582 52.39209559 13.34752608
v 2.15995439 51.77501333 18.34239809
v 1.89267685 53.39563986 13.35343053
v 2.16001229 52.77463609 18.34204959
v 1.91518571 54.38056377 13.37257084
v 2.16031988 53.77266042 18.34029011
v 1.97122179 55.32914320 13.41461120
v 2.16156696 54.76440675 18.33323479
v 2.11223460 56.22539538 13.49378721
v 2.16540892 55.73656299 18.31042023
v 2.42363666 57.09927380 13.64955929
v 2.17417811 56.65985522 18.24988265
v 2.45745112 57.78146691 13.99298703
v 2.18779934 57.48562183 18.11512172
v 2.09429652 58.15099123 14.40737402
v 2.60902564 58.61045871 14.86299448
v 2.19806941 58.15782454 17.85670311
v 2.37920735 58.87751141 15.51498835
v 2.26869618 58.99705666 16.20379111
v 2.21677587 58.91832596 16.86575083
v 2.20163051 58.63884634 17.43648303
v 3.46804171 17.19638696 14.64816661
v 2.76719466 17.69492214 14.17326284
v 3.23278635 16.92880739 15.33034263
v 2.99264299 16.84585188 16.05292193
v 2.68536324 16.94292163 16.74519581
v 2.27488877 17.20196977 17.32983135
v 2.62200463 17.63613255 17.78202078
v 3.04591448 18.40277218 13.62172673
v 2.84922182 18.27529021 18.09598114
v 2.96337044 19.15835070 13.25893069
v 3.65199987 18.85910835 13.15938144
v 3.34051153 19.51830051 12.97138453
v 2.97378849 19.07154023 18.28229970
v 2.72450685 19.89462729 13.14241494
v 3.42646671 20.35538723 12.71160885
v 3.03103923 19.97141433 18.37665744
v 2.57962301 20.81835286 13.06510720
v 3.04859251 21.24615974 12.77021085
v 3.05305579 20.92914328 18.41728072
v 2.48776941 21.75006479 13.04261769
v 3.09731146 22.05858697 12.69754295
v 3.06011074 21.91396622 18.43206580
v 2.48398915 22.69501030 13.01785203
v 3.12144254 23.02396908 12.65947271
v 3.06198175 22.90937464 18.43658219
v 2.48556327 23.66543940 12.99590471
v 3.12212275 24.00192636 12.63055355
v 3.06238614 23.90821931 18.43772619
v 2.46877881 24.62059506 12.95784527
v 3.09343989 24.94887041 12.58504452
v 3.06244863 24.90798996 18.43795474
v 2.41985784 25.52403846 12.87633547
v 3.02741854 25.83436986 12.49599066
v 3.06243711 25.90796920 18.43797569
v 2.31967190 26.35642064 12.72772617
v 2.92705916 26.65501040 12.33875889
v 3.06240070 26.90798191 18.43795593
v 2.93412914 27.49141855 12.05616886
v 2.49007124 28.41757359 11.88982377
v 3.06235153 27.90798158 18.43792699
v 2.76260063 29.21539794 11.66361481
v 3.06230230 28.90795655 18.43789132
v 2.88549117 30.16459890 11.53998296
v 3.06226451 29.90791719 18.43785115
v 2.93770143 31.14639761 11.48691642
v 3.06224198 30.90788212 18.43781527
v 2.96063753 32.13645935 11.46968727
v 3.06223148 31.90786121 18.43779158
v 2.98065834 33.12173117 11.47150941
v 3.06222809 32.90785237 18.43778005
v 3.01807772 34.09005436 11.49346968
v 3.06222959 33.90784936 18.43777519
v 3.08915954 35.03127469 11.54913544
v 3.06223821 34.90784800 18.43777218
v 3.19828358 35.94733143 11.65413303
v 3.06225979 35.90784761 18.43777119
v 3.32649098 36.86801072 11.81461744
v 3.06229861 36.90785072 18.43777985
v 2.56597189 37.53290829 12.25813768
v 2.24505400 38.24989796 12.64997863
v 2.88882324 38.36360816 12.38203572
v 3.06235037 37.90786079 18.43780945
v 2.37787290 38.95527001 12.78223757
v 3.06346158 39.20849867 12.46317652
v 3.06240181 38.90787781 18.43786254
v 2.48478239 39.84425142 12.86458353
v 3.27908842 40.25793640 12.44005663
v 3.06243997 39.90789650 18.43792493
v 2.49212603 40.80567846 12.93043409
v 2.99904971 41.22011124 12.64105244
v 3.06246110 40.90791062 18.43797597
v 2.47175850 41.76184186 12.96558399
v 3.10824323 42.06742204 12.58124433
v 3.06246984 41.90791806 18.43800571
v 2.51714775 42.75559257 12.94030114
v 3.29322561 43.19589413 12.46095086
v 3.06247254 42.90792080 18.43801813
v 2.51250633 43.78450984 12.93920788
v 3.04356753 44.22350962 12.60850622
v 3.06247317 43.90792150 18.43802187
v 2.50466575 44.79374700 12.93986873
v 3.26043759 45.20777785 12.46857099
v 3.06247327 44.90792162 18.43802267
v 2.50052566 45.79707503 12.94038305
v 3.03045249 46.22927418 12.61092189
v 3.06247329 45.90792163 18.43802279
v 2.49913811 46.79828398 12.94132357
v 3.25668676 47.21000145 12.47134489
v 3.06247329 46.90792163 18.43802281
v 2.49846472 47.79909326 12.94393586
v 3.02917461 48.23336019 12.61815023
v 3.06247329 47.90792163 18.43802280
v 2.49551469 48.79886427 12.95013441
v 3.24999116 49.22165645 12.48902263
v 3.06247330 48.90792154 18.43802271
v 2.48436299 49.78795739 12.96165817
v 2.98611469 50.20935273 12.65801860
v 3.06247341 49.90792026 18.43802146
v 2.46717473 50.75699851 12.97556784
v 3.10592551 51.06318270 12.58837553
v 3.06247471 50.90790725 18.43800890
v 2.52081934 51.75385552 12.94581494
v 3.31309799 52.19133908 12.47242879
v 3.06248530 51.90780634 18.43791348
v 2.53042836 52.78107409 12.95102333
v 3.09198670 53.21535433 12.63860923
v 3.06254934 52.90719741 18.43735036
v 2.55172936 53.77913478 12.97422332
v 3.39250682 54.18190070 12.56084510
v 3.06284012 53.90428945 18.43472152
v 2.58814592 54.73981031 13.02198913
v 3.18220331 55.12334592 12.79030504
v 3.06382884 54.89314739 18.42485219
v 2.65146286 55.62425526 13.11186456
v 3.36830428 55.83859067 12.86867437
v 3.06629867 55.85847769 18.39457978
v 2.85777282 56.41285221 13.22020231
v 3.60599708 56.54225806 13.02917353
v 3.07059426 56.76988176 18.31754351
v 3.18223182 57.00846767 13.35083319
v 3.27114003 57.65826910 13.74033320
v 3.07521858 57.58179244 18.15278928
v 2.93808664 58.23372454 14.29035830
v 3.56861910 58.66836511 14.79181648
v 3.07886216 58.24438765 17.85565317
v 3.32901672 58.93657183 15.44350238
v 3.18447535 59.05412520 16.13542758
v 3.11447082 58.98904560 16.81118478
v 3.08693809 58.71951425 17.40257128
v 4.45196554 17.15750870 14.58985868
v 3.74382736 17.63612699 14.04195589
v 4.19622438 16.90472452 15.27911771
v 3.93763440 16.82263281 16.01377712
v 3.61739949 16.92129269 16.72532771
v 3.18342912 17.19920693 17.33614337
v 3.55983820 17.66754805 17.80776771
v 4.11400232 18.14598229 13.51625336
v 3.80020024 18.32397173 18.13092709
v 4.54228775 18.67266863 13.05603143
v 4.07533485 19.47820179 12.73412029
v 3.92991063 19.12764859 18.32117332
v 4.10848367 20.12242016 12.44105452
v 4.66302347 19.83713409 12.36917412
v 4.50317148 20.44580459 12.19629210
v 3.98890653 20.03019084 18.41704628
v 3.99382156 20.62836418 12.35699975
v 3.70944624 21.32664809 12.42183911
v 4.01142719 20.98870538 18.45817525
v 3.75517899 22.36942550 12.33835905
v 4.01860268 21.97371426 18.47309927
v 3.77004024 23.37598109 12.29314255
v 4.02049723 22.96915644 18.47764693
v 3.75223114 24.36114873 12.26014766
v 4.02090713 23.96800221 18.47880009
v 3.70320110 25.29891426 12.21359997
v 4.02097680 24.96776347 18.47903903
v 3.61117043 26.15540338 12.13702444
v 4.02098185 25.96772610 18.47907625
v 3.49155551 26.83114406 12.03926373
v 4.02097537 26.96772269 18.47907704
v 3.75277496 27.26469076 11.80658082
v 3.55673252 28.17729634 11.65444898
v 4.02096686 27.96772039 18.47907195
v 3.70786121 29.26553209 11.44829929
v 4.02095938 28.96771494 18.47906546
v 3.77463628 30.27651805 11.36074786
v 4.02095437 29.96770857 18.47905901
v 3.80269822 31.27532166 11.32773698
v 4.02095177 30.96770383 18.47905411
v 3.81665229 32.27084203 11.31959228
v 4.02095074 31.96770140 18.47905134
v 3.83384935 33.26023848 11.32584969
v 4.02095062 32.96770048 18.47905014
v 3.86931006 34.23769636 11.34944145
v 4.02095140 33.96770013 18.47904959
v 3.93612409 35.20052567 11.39953931
v 4.02095381 34.96769988 18.47904930
v 4.04310607 36.16268289 11.48032339
v 4.02095882 35.96769983 18.47904995
v 4.21267038 37.20505357 11.57450658
v 4.02096656 36.96770051 18.47905322
v 3.44516025 37.75899497 11.99088837
v 3.57263638 38.57982868 12.10497025
v 4.02097549 37.96770233 18.47906035
v 3.71530668 39.36939380 12.13434876
v 4.02098326 38.96770499 18.47907031
v 3.90853719 39.95461634 12.06539419
v 4.21616574 39.50489152 11.85857612
v 4.41535791 40.18508460 11.76115698
v 4.02098834 39.96770755 18.47907998
v 3.89224447 40.51174149 12.09151375
v 3.63862667 41.26957004 12.25399796
v 4.02099084 40.96770926 18.47908670
v 3.73336390 42.25757417 12.19639807
v 4.02099175 41.96771007 18.47909007
v 3.90244594 42.90167217 12.08478065
v 4.21697056 42.44902978 11.89172131
v 4.39275153 43.16614556 11.77254001
v 4.02099200 42.96771034 18.47909129
v 3.88254372 43.45818671 12.09037526
v 3.66461600 44.17587494 12.22083633
v 4.02099205 43.96771040 18.47909160
v 3.85787256 44.87649480 12.09424873
v 4.16102559 44.43378932 11.90567591
v 4.35890428 45.13361157 11.77859806
v 4.02099206 44.96771041 18.47909166
v 3.85433813 45.44700405 12.09460684
v 3.64995406 46.17471627 12.22313535
v 4.02099206 45.96771041 18.47909167
v 3.85333696 46.87518079 12.09564391
v 4.15219257 46.42786387 11.90672413
v 4.35832396 47.12953512 11.77977788
v 4.02099206 46.96771041 18.47909167
v 3.85496996 47.44738494 12.09696158
v 3.65324047 48.17895616 12.22935314
v 4.02099206 47.96771040 18.47909165
v 3.86290939 48.88473355 12.10503991
v 4.16345049 48.42951333 11.91120969
v 4.38090818 49.12785454 11.78333522
v 4.02099207 48.96771022 18.47909147
v 3.86273236 49.47819371 12.11211998
v 3.62484604 50.25595155 12.26634627
v 4.02099222 49.96770792 18.47908924
v 3.73693322 51.25186484 12.20241716
v 4.02099369 50.96768674 18.47906884
v 3.92298717 51.89441485 12.09405970
v 4.23307266 51.43964942 11.89974807
v 4.44867521 52.14441727 11.79567484
v 4.02100406 51.96753669 18.47892620
v 3.92336106 52.44674634 12.10833337
v 3.73940275 53.15803279 12.26017317
v 4.02105781 52.96670354 18.47814375
v 4.01246998 53.83265337 12.17953369
v 4.29830382 53.38491426 11.97293958
v 4.63078408 54.00933676 11.93175980
v 4.02126359 53.96301580 18.47471187
v 4.09913472 54.39172268 12.24010648
v 4.02161427 55.18076573 12.48127869
v 4.02183897 54.94981403 18.46248025
v 4.03976199 56.03590370 12.72841435
v 4.02297778 55.91108655 18.42656252
v 4.42684100 56.62116158 12.89880531
v 4.02450910 56.81676212 18.33869759
v 3.91963525 57.17790504 13.28697561
v 4.33808244 57.78745613 13.67606598
v 4.02619025 57.62309173 18.15823926
v 3.89603597 58.26713366 14.20022026
v 4.56175449 58.69724538 14.75361236
v 4.02975781 58.28154850 17.84476079
v 4.31542118 58.96539397 15.40884022
v 4.15998319 59.08181839 16.10185303
v 4.07763963 59.01821122 16.78074664
v 4.04204156 58.75289479 17.37941314
v 5.44980680 17.12384490 14.56486048
v 4.74825098 17.54649793 13.98312758
v 5.18697422 16.88761770 15.25608107
v 4.92035543 16.81210090 15.99487851
v 4.59289560 16.91408113 16.71383527
v 4.14815599 17.20157949 17.33746030
v 4.53795589 17.68225369 17.81791262
v 5.09749084 18.02141603 13.46020379
v 4.78314733 18.34397063 18.14431251
v 5.48466258 18.54169361 13.00108476
v 4.98546782 19.19316955 12.64380538
v 4.91438134 19.14957209 18.33564212
v 5.40829386 19.70497173 12.28459361
v 5.04283347 20.23872300 12.11598992
v 4.97379619 20.05270043 18.43184784
v 4.31168407 21.00551553 12.16477659
v 5.01661813 20.98634315 11.93550602
v 4.99641554 21.01136116 18.47306723
v 4.40118207 21.73733707 12.05859653
v 5.22113994 22.07013448 11.65834190
v 5.00361035 21.99639906 18.48801182
v 4.43543632 22.74387578 11.96169226
v 5.07094666 23.17702875 11.57776483
v 5.00550811 22.99184532 18.49256357
v 4.40336390 23.76538550 11.91448267
v 5.00897024 24.17742808 11.52944205
v 5.00591912 23.99069031 18.49371845
v 4.35937715 24.74874795 11.88066345
v 4.94733465 25.16080523 11.49514163
v 5.00599090 24.99044901 18.49395980
v 4.27797887 25.68895262 11.84216065
v 4.82887462 26.14935548 11.46677411
v 5.00600015 25.99040829 18.49400039
v 4.10866421 26.56516039 11.80106530
v 4.54133029 27.26110483 11.45121065
v 5.00600012 26.99040278 18.49400528
v 4.54943314 28.41137038 11.29360869
v 5.00599909 27.99040172 18.49400503
v 4.59124622 29.45987656 11.19739071
v 5.00599824 28.99040087 18.49400418
v 4.61667844 30.47131529 11.15369871
v 5.00599775 29.99040010 18.49400342
v 4.62863958 31.47250657 11.13831492
v 5.00599752 30.99039962 18.49400293
v 4.63694946 32.46989215 11.13636396
v 5.00599746 31.99039941 18.49400269
v 4.65162595 33.46253778 11.14367734
v 5.00599750 32.99039933 18.49400259
v 4.68322101 34.44721936 11.16306541
v 5.00599770 33.99039929 18.49400254
v 4.74199405 35.42059099 11.19767604
v 5.00599818 34.99039924 18.49400256
v 4.83689106 36.37052029 11.23989144
v 5.00599905 35.99039924 18.49400282
v 4.97922922 37.16487363 11.24954768
v 5.00600020 36.99039935 18.49400354
v 4.04923450 38.07494319 11.78963080
v 4.76132059 38.08553656 11.43162939
v 5.00600137 37.99039959 18.49400472
v 4.19766256 38.80172232 11.80919232
v 4.81363915 39.25900869 11.48513825
v 5.00600226 38.99039991 18.49400608
v 5.02973711 40.11894243 11.38048724
v 5.00600277 39.99040018 18.49400719
v 4.20407154 40.93590342 11.90437944
v 4.82446896 41.03778907 11.51599323
v 5.00600299 40.99040034 18.49400786
v 4.24016662 41.69496917 11.88188260
v 4.81816397 42.23125874 11.51631877
v 5.00600306 41.99040041 18.49400814
v 5.00667168 43.13095502 11.39145269
v 5.00600308 42.99040043 18.49400823
v 4.17063976 43.86927547 11.90439181
v 4.76377874 44.11726293 11.53401269
v 5.00600308 43.99040044 18.49400825
v 4.98218828 45.08988457 11.39509209
v 5.00600308 44.99040044 18.49400825
v 4.15233633 45.85705166 11.90645333
v 4.75219205 46.10240469 11.53522981
v 5.00600308 45.99040044 18.49400825
v 4.98242726 47.08351943 11.39580411
v 5.00600308 46.99040044 18.49400825
v 4.15782881 47.85680346 11.90921921
v 4.76249697 48.09717788 11.53694592
v 5.00600309 47.99040042 18.49400824
v 5.00670088 49.06047475 11.39576376
v 5.00600310 48.99040011 18.49400794
v 4.18643958 49.91236738 11.91419667
v 4.81864737 50.01165965 11.52444998
v 5.00600325 49.99039668 18.49400459
v 4.23955522 50.68272929 11.88829749
v 4.84774836 51.21283249 11.53006883
v 5.00600453 50.99036747 18.49397628
v 5.09754997 52.09034050 11.43023663
v 5.00601226 51.99017521 18.49379112
v 4.25531255 52.84088483 11.94147686
v 4.95295311 53.03895249 11.61777410
v 5.00604625 52.98917501 18.49283132
v 5.47482010 53.95655621 11.59456562
v 5.00615437 53.98498779 18.48881503
v 4.53475313 54.69779275 12.13320671
v 5.18302420 54.65561698 11.91320833
v 5.00639985 54.97066579 18.47504597
v 4.82616181 55.16898438 12.20044270
v 4.87733933 55.88541433 12.49097023
v 5.00679461 55.93008645 18.43591634
v 5.37997077 56.66504600 12.79946622
v 5.00733401 56.83354040 18.34287197
v 4.85574287 57.26224643 13.21901094
v 5.34597920 57.84244610 13.63992924
v 5.00856391 57.63787723 18.15616848
v 4.90797130 58.31163446 14.16224064
v 5.56752355 58.71519040 14.73770625
v 5.01308073 58.29474733 17.83714476
v 5.31564657 58.97890410 15.39394536
v 5.15558738 59.09373055 16.08799529
v 5.06808280 59.02949413 16.76766937
v 5.02805319 58.76477147 17.36813442
v 6.96670475 0.65737069 25.15344963
v 7.31008897 0.40284192 25.04268046
v 6.99282996 0.72032938 24.79635738
v 7.16242062 0.54888975 25.47114194
v 6.87828110 0.86102190 25.04538219
v 6.96105592 0.99503946 24.79579477
v 7.06014883 0.89465577 25.46985668
v 6.98523729 1.08670020 25.07887946
v 6.44864991 17.10483955 14.55541469
v 5.74403702 17.49298557 13.95754284
v 6.18540656 16.87641998 15.24732290
v 5.91624018 16.80634187 15.98730742
v 5.58587892 16.91128412 16.70856323
v 5.13692595 17.20316028 17.33691659
v 5.53149072 17.68759843 17.82105010
v 6.07869408 17.95823625 13.43414382
v 5.77811995 18.35064927 18.14851091
v 6.44657936 18.48398759 12.97300644
v 5.88659677 19.08709385 12.58698776
v 5.90972365 19.15665130 18.34011111
v 6.27208801 19.67724551 12.20522109
v 5.71795231 20.33773558 11.96627500
v 5.96922018 20.05988095 18.43637972
v 6.01362822 21.20079523 11.60450965
v 5.99185491 21.01856271 18.47761230
v 5.95153865 22.01116662 11.35124637
v 6.59318658 21.76443383 11.22812296
v 6.27975807 22.37783370 11.12204453
v 5.99905214 22.00360404 18.49255927
v 5.73335806 22.70901541 11.28865091
v 6.30905912 23.05389906 10.97205741
v 6.00095026 22.99905060 18.49711146
v 5.66038041 23.60970871 11.20653548
v 6.29350106 23.96843156 10.84448711
v 6.00136149 23.99789534 18.49826664
v 5.61195306 24.57902148 11.14679996
v 6.23655946 24.95708884 10.77371809
v 6.00143371 24.99765357 18.49850840
v 5.54798929 25.57475281 11.10961635
v 6.18632934 25.96044553 10.73395366
v 6.00144373 25.99761239 18.49854954
v 5.45026951 26.60151889 11.08050156
v 6.14390357 26.97828082 10.70324898
v 6.00144471 26.99760676 18.49855508
v 5.38080784 27.65811445 11.02904145
v 6.12223091 28.00046833 10.67222270
v 6.00144470 27.99760609 18.49855558
v 5.37669498 28.70390206 10.96555012
v 6.11908148 29.01510078 10.64692699
v 6.00144463 28.99760596 18.49855554
v 5.38784844 29.72208955 10.92614766
v 6.12147346 30.02099189 10.63279540
v 6.00144460 29.99760589 18.49855548
v 5.39603484 30.72702512 10.90866897
v 6.12371439 31.02255850 10.62707563
v 6.00144458 30.99760586 18.49855544
v 5.40068778 31.72743865 10.90326333
v 6.12563549 32.02245763 10.62575044
v 6.00144458 31.99760584 18.49855543
v 5.40607129 32.72558242 10.90397214
v 6.12925629 33.02106132 10.62689115
v 6.00144459 32.99760584 18.49855542
v 5.41790681 33.72034941 10.90985465
v 6.13751600 34.01703712 10.63054423
v 6.00144463 33.99760583 18.49855542
v 5.44259431 34.70831415 10.92241721
v 6.15274631 35.00709575 10.63741079
v 6.00144470 34.99760582 18.49855543
v 5.48397870 35.68136266 10.94160376
v 6.17235698 35.98636546 10.64812258
v 6.00144481 35.99760582 18.49855549
v 5.53313701 36.61942587 10.96433899
v 6.18243824 36.95976794 10.66598145
v 6.00144493 36.99760584 18.49855559
v 5.52595208 37.55794541 11.01363187
v 6.17936882 37.94584816 10.68846838
v 6.00144504 37.99760586 18.49855573
v 5.50313394 38.56300239 11.06528772
v 6.18244289 38.94466425 10.70160233
v 6.00144512 38.99760589 18.49855586
v 5.54425791 39.56515661 11.06714035
v 6.18897045 39.93954062 10.70577645
v 6.00144516 39.99760591 18.49855595
v 5.54675585 40.53159267 11.07594921
v 6.18417163 40.93712913 10.71109264
v 6.00144517 40.99760592 18.49855600
v 5.51418091 41.54828625 11.09707390
v 6.18163323 41.94252470 10.71123978
v 6.00144518 41.99760593 18.49855602
v 5.53730447 42.56480009 11.07810674
v 6.18319782 42.94202334 10.70698523
v 6.00144518 42.99760593 18.49855602
v 5.53050743 43.54569283 11.07645110
v 6.18064205 43.93572321 10.70546168
v 6.00144518 43.99760593 18.49855602
v 5.52405257 44.53348116 11.07620811
v 6.17840144 44.93123489 10.70498243
v 6.00144518 44.99760593 18.49855602
v 5.52087392 45.52804458 11.07617803
v 6.17780280 45.92900752 10.70491413
v 6.00144518 45.99760593 18.49855602
v 5.52119505 46.52557521 11.07633859
v 6.17926341 46.92748202 10.70520649
v 6.00144518 46.99760593 18.49855602
v 5.52509015 47.52298205 11.07696294
v 6.18365592 47.92485420 10.70633965
v 6.00144518 47.99760590 18.49855599
v 5.53344467 48.51618367 11.07831706
v 6.19285330 48.92033682 10.71010633
v 6.00144519 48.99760548 18.49855558
v 5.54596205 49.50434672 11.08272798
v 6.21059421 49.91800599 10.72161654
v 6.00144531 49.99760106 18.49855124
v 5.54114025 50.52744630 11.10965222
v 6.26092217 50.91001066 10.74221705
v 6.00144615 50.99756573 18.49851666
v 5.61900454 51.52805781 11.11286569
v 6.36127073 51.87313837 10.78755441
v 6.00145052 51.99734553 18.49830139
v 5.70626222 52.45314975 11.16141012
v 6.46668722 52.75621128 10.89024264
v 6.00146655 52.99624976 18.49722928
v 5.87979915 53.30147583 11.24793059
v 6.64393894 53.49932155 11.03568975
v 6.00150859 53.99181745 18.49288337
v 6.18435164 53.94379382 11.33351933
v 6.14081571 54.64638262 11.65750787
v 6.00158807 54.97702685 18.47835256
v 5.58289818 55.32878424 12.08742969
v 5.95736506 56.04828036 12.39222400
v 6.00171756 55.93578331 18.43785484
v 6.39526782 56.72606195 12.74902303
v 6.00204707 56.83853199 18.34293606
v 5.84717579 57.30749443 13.17558522
v 6.35161808 57.86762448 13.62208602
v 6.00339512 57.64227383 18.15430282
v 5.91655982 58.33531203 14.14598346
v 6.57215104 58.72387398 14.73186236
v 6.00858528 58.29871481 17.83380053
v 6.31855001 58.98534547 15.38854365
v 6.15631215 59.09858315 16.08307565
v 6.06676486 59.03355376 16.76310040
v 6.02488602 58.76856904 17.36395479
v 7.30718397 0.57098364 24.49234481
v 7.94342044 0.22816107 24.42131185
v 7.59716976 0.69701078 23.98052641
v 7.87879389 0.10711318 25.27704203
v 7.34473895 0.66247419 25.89747659
v 7.65711566 0.30789321 25.81207163
v 7.75914719 0.53159729 26.32916401
v 7.22137992 0.97297096 24.38297157
v 7.63215183 1.14960265 23.83388192
v 7.28714939 0.91230531 25.90424624
v 7.69330468 0.93348517 26.35495816
v 7.50806422 1.36641142 24.23976294
v 7.90198362 1.52551381 23.89222592
v 7.28664200 1.32625878 24.78175142
v 7.27182409 1.30024831 25.36356655
v 7.40054228 1.17417716 25.85801574
v 7.97067994 1.72095186 24.50374608
v 7.76368715 1.64536284 25.27083410
v 7.44766992 17.09667934 14.55228854
v 6.73916947 17.46781602 13.94752538
v 7.18511340 16.87084405 15.24447372
v 6.91556483 16.80328095 15.98478836
v 6.58434125 16.90993804 16.70662982
v 6.13403255 17.20360238 17.33635011
v 6.52990970 17.68911537 17.82181802
v 7.06689390 17.93224948 13.42312950
v 6.77687736 18.35246219 18.14959144
v 7.42801616 18.46290200 12.95920838
v 6.83293850 19.05046218 12.55075674
v 6.90855296 19.15853377 18.34125337
v 7.22431104 19.65526229 12.15048082
v 6.63995800 20.34346896 11.83380959
v 6.96806223 20.06177738 18.43753258
v 7.04736455 21.01381873 11.45789378
v 6.99069885 21.02046145 18.47876677
v 7.45892983 21.67006271 11.08300127
v 6.90934135 22.41637461 10.92053753
v 6.99789631 22.00550308 18.49371396
v 7.08620235 23.29726711 10.62019582
v 6.99979446 23.00094965 18.49826620
v 6.93515577 24.33273689 10.48998176
v 7.00020572 23.99979434 18.49942141
v 6.88212207 25.31342119 10.41879152
v 7.00027801 24.99955251 18.49966324
v 6.85309369 26.31184774 10.37729402
v 7.00028814 25.99951130 18.49970445
v 6.83239749 27.32211722 10.35161808
v 7.00028923 26.99950567 18.49971006
v 6.82140797 28.33228415 10.33491492
v 7.00028932 27.99950507 18.49971065
v 6.81810815 29.33783357 10.32506914
v 7.00028932 28.99950502 18.49971069
v 6.81785283 30.33987921 10.32047252
v 7.00028931 29.99950501 18.49971069
v 6.81828502 31.34035894 10.31889222
v 7.00028931 30.99950501 18.49971069
v 6.81918799 32.34015442 10.31874797
v 7.00028931 31.99950501 18.49971069
v 6.82139824 33.33912237 10.31952766
v 7.00028932 32.99950501 18.49971069
v 6.82598781 34.33623857 10.32142690
v 7.00028932 33.99950501 18.49971069
v 6.83282556 35.32994568 10.32496427
v 7.00028933 34.99950501 18.49971069
v 6.83876950 36.32054870 10.33099686
v 7.00028934 35.99950501 18.49971070
v 6.84065949 37.31245949 10.33929231
v 7.00028935 36.99950501 18.49971071
v 6.84089112 38.30907889 10.34654809
v 7.00028935 37.99950501 18.49971072
v 6.84226749 39.30781747 10.35026319
v 7.00028936 38.99950501 18.49971073
v 6.84238569 40.30672915 10.35212446
v 7.00028936 39.99950501 18.49971073
v 6.84099544 41.30727863 10.35295493
v 7.00028936 40.99950501 18.49971073
v 6.84043911 42.30800891 10.35202583
v 7.00028936 41.99950501 18.49971073
v 6.83995956 43.30665864 10.35067368
v 7.00028936 42.99950501 18.49971073
v 6.83898038 44.30446186 10.35002268
v 7.00028936 43.99950501 18.49971073
v 6.83842430 45.30297439 10.34981922
v 7.00028936 44.99950501 18.49971073
v 6.83883759 46.30206541 10.34990286
v 7.00028936 45.99950501 18.49971073
v 6.84112829 47.30082279 10.35053937
v 7.00028936 46.99950501 18.49971073
v 6.84796824 48.29792047 10.35296489
v 7.00028936 47.99950497 18.49971070
v 6.86638585 49.29131360 10.36054093
v 7.00028937 48.99950446 18.49971019
v 6.91315415 50.27502461 10.37947535
v 7.00028944 49.99949937 18.49970516
v 7.01638701 51.24029445 10.42185099
v 7.00028986 50.99946046 18.49966670
v 7.23405455 52.22461206 10.51074056
v 7.00029170 51.99922608 18.49943484
v 7.13211419 53.02689183 10.74440679
v 7.00029730 52.99808847 18.49830775
v 7.45646374 53.62067598 10.89839115
v 7.00030968 53.99356397 18.49381982
v 6.88870806 54.17011293 11.25780974
v 7.19235245 54.85719268 11.57651410
v 7.00033327 54.97862149 18.47900384
v 6.56932116 55.44159732 11.98415525
v 6.98205626 56.12702103 12.34036669
v 7.00040164 55.93718973 18.43806518
v 7.40888016 56.76104231 12.72640999
v 7.00072450 56.83975942 18.34262686
v 6.85454446 57.33517998 13.15479144
v 7.35637873 57.87906669 13.61478351
v 7.00219566 57.64336987 18.15353258
v 6.92136051 58.34564511 14.13959542
v 7.57438297 58.72729642 14.72996325
v 7.00769837 58.29976082 17.83272655
v 7.32038797 58.98802354 15.38685310
v 7.15740118 59.10049712 16.08157804
v 7.06706930 59.03494766 16.76175897
v 7.02451513 58.76969603 17.36272444
v 8.07716852 0.49026300 23.62060997
v 8.82829000 0.14075696 23.53026925
v 8.46706516 0.64490197 23.02549231
v 8.74485958 -0.09727747 24.49735968
v 8.51625705 -0.10350217 25.21023223
v 8.40335996 -0.01261241 25.97667753
v 8.12490872 0.66450010 26.82450184
v 8.36614065 0.26453612 26.68842295
v 8.62596447 0.52308942 27.27905456
v 7.97845454 0.90556311 23.40059189
v 8.46765151 1.12769939 22.88015592
v 8.09500298 0.93660955 26.84654461
v 8.59031953 0.94608553 27.32079128
v 8.14703041 1.37253961 23.39622518
v 8.71467898 1.54951955 22.98156146
v 7.66537350 1.49831524 25.75773336
v 7.89811596 1.39226470 26.25539640
v 8.20113904 1.21813172 26.79511154
v 8.68318390 1.84634182 23.72812059
v 8.71036414 2.03896115 24.59240139
v 8.49439942 1.96529688 25.26687183
v 8.33016231 1.76276545 26.03439036
v 8.44712866 17.09393085 14.55138545
v 7.73628274 17.45836864 13.94402638
v 8.18497110 16.86871015 15.24367990
v 7.91549026 16.80195892 15.98408765
v 7.58410336 16.90930339 16.70605939
v 7.13344674 17.20360434 17.33609474
v 7.52959472 17.68944738 17.82196712
v 8.06164366 17.92340667 13.41880813
v 7.77662297 18.35286047 18.14981912
v 8.42139141 18.45523302 12.95303228
v 7.81278668 19.03419082 12.53068868
v 7.90830935 19.15894327 18.34149338
v 8.21005983 19.63195032 12.12177196
v 7.62057540 20.28706781 11.76084271
v 7.96782017 20.06218851 18.43777418
v 8.02151975 20.92753338 11.37465978
v 7.99045696 21.02087278 18.47900854
v 8.42474617 21.57792678 10.98338657
v 7.84209572 22.43493734 10.67341222
v 7.99765443 22.00591442 18.49395575
v 7.81539374 23.15640066 10.37853540
v 8.44564161 22.88521544 10.31949095
v 8.16296101 23.45502700 10.17095231
v 7.99955259 23.00136099 18.49850799
v 7.61771557 23.81724697 10.27415444
v 8.22205673 24.07823229 10.01660229
v 7.99996386 24.00020568 18.49966321
v 7.57050721 24.68050710 10.16422957
v 8.27878196 24.95357433 9.86194230
v 8.00003615 24.99996385 18.49990503
v 7.55561118 25.64024389 10.08403459
v 8.26566788 25.95422008 9.75513638
v 8.00004629 25.99992263 18.49994625
v 7.53323618 26.64465616 10.03700585
v 8.21126328 26.98141160 9.70424199
v 8.00004739 26.99991701 18.49995187
v 7.51165579 27.65693559 10.01360634
v 8.18252208 27.99281960 9.68081864
v 8.00004748 27.99991642 18.49995247
v 7.50063261 28.66414823 10.00259530
v 8.17099126 28.99737330 9.67085664
v 8.00004748 28.99991637 18.49995251
v 7.49672032 29.66716996 9.99785106
v 8.16712954 29.99916703 9.66719646
v 8.00004748 29.99991636 18.49995252
v 7.49572274 30.66816146 9.99612546
v 8.16607024 30.99977438 9.66608857
v 8.00004748 30.99991636 18.49995252
v 7.49566136 31.66837269 9.99566236
v 8.16589636 31.99991120 9.66583803
v 8.00004749 31.99991636 18.49995252
v 7.49608650 32.66821439 9.99570482
v 8.16605888 32.99982636 9.66585351
v 8.00004749 32.99991636 18.49995252
v 7.49718634 33.66755593 9.99609694
v 8.16647884 33.99950312 9.66601751
v 8.00004749 33.99991636 18.49995252
v 7.49911096 34.66595691 9.99698444
v 8.16707808 34.99886286 9.66638394
v 8.00004749 34.99991636 18.49995252
v 7.50131073 35.66322704 9.99865920
v 8.16761417 35.99800678 9.66701676
v 8.00004749 35.99991636 18.49995252
v 7.50271760 36.66019708 10.00121351
v 8.16788813 36.99726165 9.66782093
v 8.00004749 36.99991636 18.49995252
v 7.50313588 37.65819292 10.00396995
v 8.16797501 37.99685456 9.66852533
v 8.00004749 37.99991636 18.49995252
v 7.50336061 38.65739043 10.00590297
v 8.16801523 38.99670071 9.66894826
v 8.00004749 38.99991636 18.49995252
v 7.50352737 39.65704853 10.00686142
v 8.16798609 39.99665688 9.66913746
v 8.00004749 39.99991636 18.49995252
v 7.50326812 40.65700115 10.00727452
v 8.16787416 40.99668099 9.66916942
v 8.00004749 40.99991636 18.49995252
v 7.50287324 41.65719421 10.00719241
v 8.16775506 41.99667729 9.66906672
v 8.00004749 41.99991636 18.49995252
v 7.50260225 42.65704162 10.00672566
v 8.16765224 42.99654077 9.66891078
v 8.00004749 42.99991636 18.49995252
v 7.50229708 43.65638848 10.00629963
v 8.16757510 43.99632075 9.66880376
v 8.00004749 43.99991636 18.49995252
v 7.50203548 44.65570311 10.00610364
v 8.16766956 44.99609821 9.66879264
v 8.00004749 44.99991636 18.49995252
v 7.50215932 45.65520882 10.00610196
v 8.16848728 45.99570537 9.66900296
v 8.00004749 45.99991636 18.49995252
v 7.50341734 46.65452939 10.00644545
v 8.17193672 46.99429135 9.67007505
v 8.00004749 46.99991636 18.49995252
v 7.50821889 47.65247160 10.00800841
v 8.18357722 47.98915179 9.67424641
v 8.00004749 47.99991632 18.49995247
v 7.52329066 48.64593746 10.01355869
v 8.21621036 48.97338507 9.68746606
v 8.00004749 48.99991576 18.49995191
v 7.56330354 49.62743068 10.02962943
v 8.29198754 49.93379339 9.72197015
v 8.00004752 49.99991032 18.49994651
v 7.65050996 50.58123650 10.06810096
v 8.43200461 50.85089683 9.79733797
v 8.00004768 50.99986981 18.49990620
v 7.80372944 51.47065688 10.14184143
v 8.57977677 51.66676375 9.93651952
v 8.00004825 51.99962993 18.49966730
v 8.04457615 52.14819896 10.22881243
v 7.98060026 52.90009414 10.51328343
v 8.00004972 52.99847838 18.49851971
v 8.39366852 53.68163548 10.79775735
v 8.00005296 53.99392735 18.49398554
v 7.81015935 54.29128019 11.18247462
v 8.19428474 54.94321343 11.53354863
v 8.00006384 54.97894680 18.47908900
v 7.58779265 55.53088167 11.93613473
v 7.99662964 56.16806320 12.31814492
v 8.00012519 55.93747353 18.43804252
v 8.41651897 56.77718150 12.71792465
v 8.00046319 56.84000944 18.34249427
v 7.86080016 57.34871783 13.14659096
v 8.35894916 57.88363000 13.61230909
v 8.00199031 57.64360497 18.15331576
v 7.92366430 58.34960423 14.13742730
v 8.57521756 58.72842555 14.72943036
v 8.00760396 58.30001343 17.83246036
v 8.32113716 58.98894838 15.38639494
v 8.15795388 59.10117445 16.08118558
v 8.06737021 59.03540702 16.76142264
v 8.02459082 58.77001625 17.36242712
v 9.01510390 0.45357704 22.65361348
v 9.80060778 0.11587839 22.55434649
v 9.43828888 0.63021147 22.03712022
v 9.70816958 -0.15059516 23.54724619
v 9.46008718 -0.22532900 24.31525476
v 9.32390222 -0.28031655 25.18053542
v 9.22382639 -0.23753829 26.02779859
v 9.19147020 -0.07168798 26.85563770
v 9.06637261 0.66309918 27.80131578
v 9.25979615 0.24751268 27.63691931
v 9.58745833 0.52001479 28.25850370
v 8.90655172 0.88401452 22.42157881
v 9.43210963 1.12175533 21.89064447
v 9.05182645 0.94156505 27.83044544
v 9.56814817 0.94774643 28.30894007
v 9.05872887 1.37245221 22.42745087
v 9.67032127 1.55468980 21.99896920
v 8.43742178 1.56562183 26.66153064
v 8.78655904 1.42480016 27.20813631
v 9.15397137 1.22931306 27.77439067
v 9.58770391 1.88186616 22.78267372
v 9.60015992 2.14045549 23.67951491
v 9.40369905 2.19504971 24.40931558
v 9.31165618 2.20269030 25.24081879
v 9.22178175 2.08168761 26.08492420
v 9.16846021 1.81897722 26.94075850
v 9.44692599 17.09319250 14.55115516
v 8.73510728 17.45548653 13.94292024
v 9.18489769 16.86807513 15.24349081
v 8.91547729 16.80151468 15.98392423
v 8.58408148 16.90905988 16.70592281
v 8.13335814 17.20354865 17.33601741
v 8.52954460 17.68950114 17.82198996
v 9.05992929 17.92068469 13.41724763
v 8.77658045 18.35293061 18.14985809
v 9.41960015 18.45212715 12.95062983
v 8.80688423 19.02491900 12.52146992
v 8.90826798 19.15901536 18.34153438
v 9.20574793 19.61638828 12.10902504
v 8.61031049 20.24651748 11.72435943
v 8.96777893 20.06226079 18.43781538
v 9.00967021 20.86927539 11.33158893
v 8.99041574 21.02094508 18.47904976
v 9.41529499 21.48562342 10.93942343
v 8.86270403 22.18715616 10.59754161
v 8.99761321 22.00598673 18.49399696
v 9.28724381 22.77294776 10.23948060
v 8.78076125 23.45231606 10.03982177
v 8.99951137 23.00143329 18.49854921
v 8.99298406 24.21999147 9.78318463
v 8.99992264 24.00027798 18.49970442
v 9.13141163 25.21640503 9.52341552
v 8.99999493 25.00003615 18.49994625
v 8.94152464 26.32015528 9.42666874
v 9.00000507 25.99999493 18.49998747
v 8.87456644 27.32759947 9.37560982
v 9.00000617 26.99998931 18.49999308
v 8.84862293 28.32866918 9.35002582
v 9.00000626 27.99998872 18.49999368
v 8.83866230 29.33013454 9.33927436
v 9.00000627 28.99998867 18.49999373
v 8.83537201 30.33102630 9.33557387
v 9.00000627 29.99998867 18.49999373
v 8.83449290 31.33136603 9.33454078
v 9.00000627 30.99998867 18.49999373
v 8.83433307 32.33144383 9.33431567
v 9.00000627 31.99998867 18.49999373
v 8.83437503 33.33140961 9.33429883
v 9.00000627 32.99998867 18.49999373
v 8.83449515 34.33129289 9.33435517
v 9.00000627 33.99998867 18.49999373
v 8.83463551 35.33110573 9.33447755
v 9.00000627 34.99998867 18.49999373
v 8.83473626 36.33090524 9.33465950
v 9.00000627 35.99998867 18.49999373
v 8.83477901 37.33076354 9.33485108
v 9.00000627 36.99998867 18.49999373
v 8.83479123 38.33069792 9.33499131
v 9.00000627 37.99998867 18.49999373
v 8.83478931 39.33067707 9.33506411
v 9.00000627 38.99998867 18.49999373
v 8.83476839 40.33067634 9.33508767
v 9.00000627 39.99998867 18.49999373
v 8.83473537 41.33067808 9.33507422
v 9.00000627 40.99998867 18.49999373
v 8.83470461 42.33065643 9.33503631
v 9.00000627 41.99998867 18.49999373
v 8.83469285 43.33060226 9.33500074
v 9.00000627 42.99998867 18.49999373
v 8.83479029 44.33051238 9.33500327
v 9.00000627 43.99998867 18.49999373
v 8.83541729 45.33026563 9.33515284
v 9.00000627 44.99998867 18.49999373
v 8.83811349 46.32927565 9.33593986
v 9.00000627 45.99998867 18.49999373
v 8.84738370 47.32552666 9.33914009
v 9.00000627 46.99998866 18.49999373
v 8.87363134 48.31334770 9.34977023
v 9.00000627 47.99998862 18.49999368
v 8.93597029 49.28024354 9.37874943
v 9.00000627 48.99998803 18.49999310
v 9.06704029 50.21093636 9.44407580
v 9.00000628 49.99998246 18.49998754
v 9.33193052 51.13780604 9.57520545
v 9.00000632 50.99994140 18.49994655
v 9.25905767 51.90080682 9.84856471
v 9.00000645 51.99969993 18.49970540
v 8.72966955 52.37789685 10.14608466
v 9.00338210 53.06809417 10.41833179
v 9.00000678 52.99854487 18.49855208
v 9.38680502 53.74454398 10.74515802
v 9.00000809 53.99398804 18.49400663
v 8.79127857 54.35035333 11.13586926
v 9.19648645 54.97852885 11.51310473
v 9.00001720 54.97900021 18.47909301
v 8.59750070 55.57255955 11.91555285
v 9.00360083 56.18532660 12.31000403
v 9.00007947 55.93752018 18.43802666
v 9.41974912 56.78318288 12.71526176
v 9.00042485 56.84005235 18.34246083
v 8.86387514 57.35410925 13.14392060
v 9.35995829 57.88515572 13.61161921
v 9.00197007 57.64365033 18.15327047
v 8.92455434 58.35091127 14.13680944
v 9.57546825 58.72873743 14.72930438
v 9.00761622 58.30007172 17.83240771
v 9.32136831 58.98921082 15.38628884
v 9.15814382 59.10137623 16.08109741
v 9.06749639 59.03554455 16.76135022
v 9.02465260 58.77010382 17.36236668
v 10.00375548 0.44549722 21.66008818
v 10.79570933 0.11121231 21.55839823
v 10.43417143 0.62784725 21.03899424
v 10.70109926 -0.15975196 22.55523784
v 10.44832280 -0.24779958 23.33395760
v 10.30570873 -0.33856304 24.22421265
v 10.19109680 -0.37993058 25.12256341
v 10.11715729 -0.37277708 26.03586795
v 10.07942690 -0.28683830 26.93438409
v 10.09810224 -0.08820342 27.79514238
v 10.04912961 0.66265408 28.78632715
v 10.21325160 0.24659303 28.59986116
v 10.56505533 0.52132556 29.22846788
v 9.89406582 0.87963633 21.42560235
v 10.42683225 1.12093780 20.89224479
v 10.04265651 0.94122263 28.82065824
v 10.56036469 0.94463296 29.28897285
v 10.04188274 1.37232504 21.43288360
v 10.66235747 1.55559744 21.00174805
v 9.37270432 1.58684354 27.62445548
v 9.75986702 1.43139208 28.18855384
v 10.14373602 1.22900231 28.76064951
v 10.56404833 1.88845282 21.79312718
v 10.56471173 2.15862802 22.69683837
v 10.35172860 2.24385239 23.44037636
v 10.25529638 2.32543162 24.29224233
v 10.17607671 2.34328690 25.16836242
v 10.12905264 2.28864608 26.07566725
v 10.10490599 2.12719796 26.99039233
v 10.11378125 1.83358755 27.89242162
v 10.44687241 17.09302883 14.55110229
v 9.73476112 17.45473268 13.94260014
v 10.18487184 16.86792694 15.24345205
v 9.91547105 16.80139943 15.98389232
v 9.58408073 16.90898793 16.70589612
v 9.13334906 17.20352080 17.33600005
v 9.52953838 17.68950687 17.82199265
v 10.05951333 17.91983802 13.41674435
v 9.77657476 18.35294035 18.14986342
v 10.41922517 18.45083459 12.94983255
v 9.80543642 19.01996231 12.51789979
v 9.90826236 19.15902547 18.34153998
v 10.20455277 19.60792447 12.10418258
v 9.60635748 20.22145620 11.70834605
v 9.96777331 20.06227093 18.43782100
v 10.00488536 20.83165295 11.31333559
v 9.99041012 21.02095522 18.47905537
v 10.40453299 21.43911857 10.91897070
v 9.82634981 22.09102592 10.55192811
v 9.99760759 22.00599686 18.49400258
v 10.22357470 22.71594189 10.17408834
v 9.63648403 23.44947582 9.90186509
v 9.99950575 23.00144343 18.49855483
v 9.96990233 24.29316717 9.53258292
v 9.99991702 24.00028812 18.49971004
v 9.89774671 25.08550990 9.27676058
v 10.56401526 24.80496208 9.18767248
v 10.23755555 25.42255699 9.06965876
v 9.99998931 25.00004628 18.49995187
v 9.65935122 25.79079962 9.19761365
v 10.26335231 26.09418668 8.91997575
v 9.99999945 26.00000507 18.49999308
v 9.57497549 26.69254404 9.10883297
v 10.24880647 27.00612835 8.79341895
v 10.00000055 26.99999945 18.49999870
v 9.53642381 27.66481407 9.04991049
v 10.20573382 27.99093067 8.72709199
v 10.00000064 27.99999885 18.49999930
v 9.51570001 28.66007720 9.02099797
v 10.18745006 28.98281746 8.69772836
v 10.00000065 28.99999880 18.49999935
v 9.50755196 29.65946394 9.00954516
v 10.18246396 29.97891875 8.68659643
v 10.00000065 29.99999880 18.49999935
v 9.50515590 30.65941483 9.00581409
v 10.18170331 30.97746061 8.68304281
v 10.00000065 30.99999880 18.49999935
v 9.50463850 31.65940890 9.00481634
v 10.18175527 31.97702118 8.68210049
v 10.00000065 31.99999880 18.49999935
v 9.50457141 32.65939803 9.00460111
v 10.18182801 32.97691174 8.68189596
v 10.00000065 32.99999880 18.49999935
v 9.50458558 33.65937839 9.00457070
v 10.18185496 33.97688636 8.68186178
v 10.00000065 33.99999880 18.49999935
v 9.50461315 34.65934596 9.00458370
v 10.18186402 34.97687686 8.68186085
v 10.00000065 34.99999880 18.49999935
v 9.50463826 35.65930534 9.00461478
v 10.18186795 35.97686999 8.68186639
v 10.00000065 35.99999880 18.49999935
v 9.50465271 36.65926996 9.00465415
v 10.18186952 36.97686529 8.68187272
v 10.00000065 36.99999880 18.49999935
v 9.50465763 37.65924930 9.00468882
v 10.18186985 37.97686302 8.68187745
v 10.00000065 37.99999880 18.49999935
v 9.50465803 38.65924128 9.00471033
v 10.18186955 38.97686233 8.68187991
v 10.00000065 38.99999880 18.49999935
v 9.50465511 39.65923959 9.00471944
v 10.18186871 39.97686223 8.68188056
v 10.00000065 39.99999880 18.49999935
v 9.50464886 40.65923975 9.00471965
v 10.18186797 40.97686174 8.68187997
v 10.00000065 40.99999880 18.49999935
v 9.50464235 41.65923684 9.00471340
v 10.18187302 41.97685791 8.68187959
v 10.00000065 41.99999880 18.49999935
v 9.50464688 42.65922432 9.00470629
v 10.18192471 42.97683414 8.68188858
v 10.00000065 42.99999880 18.49999935
v 9.50472740 43.65918253 9.00471644
v 10.18225565 43.97669927 8.68196264
v 10.00000065 43.99999880 18.49999935
v 9.50521382 44.65900353 9.00482651
v 10.18387714 44.97606420 8.68237918
v 10.00000065 44.99999880 18.49999935
v 9.50739888 45.65823447 9.00541577
v 10.19015158 45.97365587 8.68422261
v 10.00000065 45.99999880 18.49999935
v 9.51519545 46.65538958 9.00789445
v 10.20962311 46.96628778 8.69083158
v 10.00000065 46.99999880 18.49999935
v 9.53765177 47.64639831 9.01642457
v 10.25847656 47.94796923 8.71042141
v 10.00000065 47.99999875 18.49999930
v 9.58990512 48.62125326 9.04064988
v 10.35496728 48.90906387 8.75951934
v 10.00000065 48.99999815 18.49999871
v 9.68732584 49.55522031 9.09688313
v 10.45914471 49.79859237 8.86521949
v 10.00000065 49.99999254 18.49999310
v 9.86149278 50.40271311 9.19655999
v 10.63158564 50.54472660 9.01814575
v 10.00000066 50.99995135 18.49995193
v 10.14477094 51.03473374 9.31145020
v 10.12765953 51.75673887 9.63365526
v 10.00000068 51.99970954 18.49971025
v 9.60445510 52.47294395 10.04639400
v 9.98629862 53.13376502 10.35907883
v 10.00000080 52.99855382 18.49855573
v 10.38683604 53.77610753 10.71807877
v 10.00000183 53.99399604 18.49400825
v 9.79100574 54.38089140 11.11298549
v 10.19927506 54.99241366 11.50468146
v 10.00001089 54.97900720 18.47909195
v 9.60216574 55.58854551 11.90769123
v 10.00635610 56.19124327 12.30743757
v 10.00007385 55.93752646 18.43802288
v 10.42083199 56.78498529 12.71456135
v 10.00042143 56.84005880 18.34245495
v 9.86499316 57.35584656 13.14320449
v 10.36026255 57.88557251 13.61146232
v 10.00197129 57.64365863 18.15326320
v 9.92482752 58.35127367 14.13666428
v 10.57552883 58.72880872 14.72927985
v 10.00762564 58.30008475 17.83239917
v 10.32142444 58.98927165 15.38626827
v 10.15819287 59.10142516 16.08108068
v 10.06753294 59.03557949 16.76133692
v 10.02467437 58.77012579 17.36235620
v 11.00230344 0.44436802 20.66101468
v 11.79505502 0.11057939 20.55893675
v 11.43375290 0.62760364 20.03922100
v 11.70007833 -0.16089821 21.55621622
v 11.44649441 -0.25052008 22.33623645
v 11.30282531 -0.34602166 23.23001545
v 11.18637485 -0.40223365 24.13806879
v 11.10710494 -0.43523779 25.07471433
v 11.04982827 -0.43838728 26.02025163
v 11.00992362 -0.39842148 26.95868761
v 10.99219763 -0.28771074 27.86693698
v 11.02222472 -0.07441472 28.72200578
v 11.02993951 0.65980531 29.74112194
v 11.15436144 0.25831491 29.51757291
v 11.51759310 0.51920846 30.12753511
v 10.89259261 0.87914559 20.42614431
v 11.42625869 1.12089072 19.89243384
v 11.03619254 0.93221043 29.78475659
v 11.54689513 0.91990751 30.20553748
v 11.03952684 1.37239306 20.43362806
v 11.66126163 1.55573828 20.00210783
v 10.35390448 1.58670998 28.59684496
v 10.75072366 1.42383272 29.15696217
v 11.13890898 1.21393273 29.71462779
v 11.55969532 1.88937329 20.79475019
v 11.55751001 2.16079427 21.69956566
v 11.33880216 2.25019301 22.44549105
v 11.23487867 2.34478998 23.30104718
v 11.14750835 2.39770586 24.18338842
v 11.09359308 2.42082032 25.10218319
v 11.05999161 2.39999495 26.03993983
v 11.04477554 2.31302742 26.98304483
v 11.04940823 2.12761477 27.91404738
v 11.08486678 1.81899383 28.82263097
v 11.44686239 17.09299672 14.55109127
v 10.73468697 17.45454739 13.94251622
v 11.18486567 16.86789931 15.24344509
v 10.91546879 16.80137639 15.98388711
v 10.58408057 16.90897179 16.70589187
v 10.13334858 17.20351264 17.33599705
v 10.52953780 17.68950709 17.82199289
v 11.05943882 17.91956541 13.41660372
v 10.77657416 18.35294139 18.14986399
v 11.41916419 18.45034107 12.94960916
v 10.80513402 19.01767449 12.51672946
v 10.90826176 19.15902657 18.34154058
v 11.20421414 19.60407397 12.10261411
v 10.60490019 20.20813135 11.70234964
v 10.96777272 20.06227203 18.43782159
v 11.00192966 20.81352856 11.30614304
v 10.99040952 21.02095632 18.47905597
v 11.39877789 21.41843930 10.90941382
v 10.80590215 22.04735709 10.52465681
v 10.99760699 22.00599796 18.49400318
v 11.20624305 22.66920947 10.13318918
v 10.60790096 23.38995048 9.80042119
v 10.99950515 23.00144453 18.49855542
v 11.02802626 24.04569234 9.43083567
v 10.99991642 24.00028922 18.49971064
v 11.44645243 24.68493059 9.06756879
v 10.88634796 25.43750621 8.89395949
v 10.99998872 25.00004739 18.49995246
v 11.06696584 26.30826390 8.60333902
v 10.99999885 26.00000617 18.49999368
v 10.91842673 27.33728015 8.47797709
v 10.99999995 27.00000055 18.49999930
v 10.87866540 28.30462631 8.41788153
v 11.00000005 27.99999995 18.49999990
v 10.87210562 29.28405940 8.39080911
v 11.00000005 28.99999991 18.49999995
v 10.87332835 30.27544387 8.38032478
v 11.00000005 29.99999990 18.49999995
v 10.87483542 31.27256819 8.37692519
v 11.00000005 30.99999990 18.49999995
v 10.87551509 32.27178042 8.37601342
v 11.00000005 31.99999990 18.49999995
v 10.87571956 33.27160320 8.37581337
v 11.00000005 32.99999990 18.49999995
v 10.87576488 34.27157036 8.37577822
v 11.00000005 33.99999990 18.49999995
v 10.87577273 35.27156484 8.37577390
v 11.00000005 34.99999990 18.49999995
v 10.87577394 36.27156357 8.37577422
v 11.00000005 35.99999990 18.49999995
v 10.87577412 37.27156307 8.37577493
v 11.00000005 36.99999990 18.49999995
v 10.87577412 38.27156289 8.37577541
v 11.00000005 37.99999990 18.49999995
v 10.87577404 39.27156284 8.37577560
v 11.00000005 38.99999990 18.49999995
v 10.87577410 40.27156271 8.37577561
v 11.00000005 39.99999990 18.49999995
v 10.87577669 41.27156119 8.37577595
v 11.00000005 40.99999990 18.49999995
v 10.87580253 42.27154819 8.37578110
v 11.00000005 41.99999990 18.49999995
v 10.87598649 43.27146009 8.37582364
v 11.00000005 42.99999990 18.49999995
v 10.87699282 44.27098971 8.37608453
v 11.00000005 43.99999990 18.49999995
v 10.88131110 45.26900419 8.37733322
v 11.00000005 44.99999990 18.49999995
v 10.89608168 46.26234150 8.38208580
v 11.00000005 45.99999990 18.49999995
v 10.93719213 47.24470690 8.39671377
v 11.00000005 46.99999990 18.49999995
v 11.03398879 48.21096695 8.43400778
v 11.00000005 47.99999985 18.49999990
v 11.24875876 49.20223374 8.51773809
v 11.00000005 48.99999926 18.49999930
v 11.13518628 50.03405600 8.73996731
v 11.00000005 49.99999364 18.49999368
v 11.45894154 50.62963795 8.89674022
v 11.00000005 50.99995242 18.49995248
v 10.87763516 51.21667374 9.24685724
v 11.18981178 51.89761731 9.56764176
v 11.00000006 51.99971055 18.49971070
v 10.57648965 52.50863649 9.96587728
v 10.98591384 53.16514211 10.32525541
v 11.00000015 52.99855475 18.49855601
v 11.39032977 53.79078536 10.70545825
v 11.00000116 53.99399685 18.49400827
v 10.79357110 54.39430202 11.10294552
v 11.20108805 54.99738910 11.50160602
v 11.00001026 54.97900792 18.47909166
v 10.60423823 55.59386844 11.90505346
v 11.00727722 56.19293441 12.30673889
v 11.00007341 55.93752718 18.43802232
v 11.42112697 56.78542629 12.71440629
v 11.00042148 56.84005971 18.34245419
v 10.86531027 57.35629643 13.14304685
v 11.36033433 57.88566386 13.61143351
v 11.00197235 57.64366011 18.15326227
v 10.92489397 58.35135597 14.13663663
v 11.57554052 58.72882195 14.72927600
v 11.00762845 58.30008745 17.83239801
v 11.32143523 58.98928305 15.38626501
v 11.15820264 59.10143464 16.08107805
v 11.06754084 59.03558666 16.76133488
v 11.02467967 58.77013049 17.36235467
v 12.00216111 0.44425337 19.66111847
v 12.79498635 0.11051289 19.55899537
v 12.43371942 0.62758457 19.03924231
v 12.69996609 -0.16101347 20.55631726
v 12.44627735 -0.25077234 21.33645545
v 12.30245484 -0.34664673 22.23053607
v 12.18579203 -0.40421610 23.13956772
v 12.10619418 -0.44216255 24.07939190
v 12.04752077 -0.46101043 25.03417392
v 12.00042200 -0.46215118 25.99524346
v 11.95539786 -0.43872874 26.94886490
v 11.90865030 -0.37430157 27.87587810
v 11.87224248 -0.24235141 28.75323961
v 11.87700355 -0.02419964 29.55113065
v 11.96787136 0.63185728 30.57677901
v 12.01713957 0.28090209 30.28775560
v 12.37367048 0.49488948 30.82191738
v 11.89246235 0.87911131 19.42620018
v 12.42620869 1.12089054 18.89245107
v 12.00863571 0.87803929 30.63684235
v 12.45975266 0.81368669 30.92515134
v 12.03926903 1.37241398 19.43370954
v 12.66114038 1.55575510 19.00214544
v 11.34028334 1.56327449 29.52272047
v 11.74307193 1.38196333 30.04337332
v 12.13915760 1.13963402 30.53927826
v 12.55907788 1.88948125 19.79495660
v 12.55645812 2.16100297 20.69991575
v 12.33674183 2.25074771 21.44617522
v 12.23109163 2.34657207 22.30226336
v 12.14069000 2.40391494 23.18544684
v 12.08180927 2.44090067 24.10562484
v 12.03998785 2.45631890 25.04655124
v 12.01052501 2.44745173 25.99792051
v 11.98947290 2.40023527 26.94585326
v 11.97760698 2.28958347 27.87379176
v 11.98635818 2.08342773 28.76866130
v 12.03583877 1.76178071 29.63449548
v 12.44686113 17.09299063 14.55108923
v 11.73467573 17.45450145 13.94249687
v 12.18486467 16.86789498 15.24344396
v 11.91546829 16.80137282 15.98388639
v 11.58408047 16.90896907 16.70589132
v 11.13334858 17.20351099 17.33599665
v 11.52953776 17.68950704 17.82199290
v 12.05942934 17.91948120 13.41657049
v 11.77657411 18.35294147 18.14986404
v 12.41915575 18.45017910 12.94955671
v 11.80507262 19.01678528 12.51640503
v 11.90826171 19.15902666 18.34154062
v 12.20409477 19.60263554 12.10217034
v 11.60423128 20.20241754 11.70034253
v 11.96777267 20.06227212 18.43782164
v 12.00055737 20.80616504 11.30341277
v 11.99040947 21.02095641 18.47905602
v 12.39691974 21.40926762 10.90524871
v 11.79936519 22.02353907 10.51032516
v 11.99760695 22.00599805 18.49400323
v 12.20334706 22.63338357 10.11244330
v 11.60922462 23.30230814 9.74729937
v 11.99950510 23.00144462 18.49855547
v 12.01470635 23.93699955 9.36596633
v 11.99991637 24.00028931 18.49971069
v 12.42031982 24.58170001 8.98133998
v 11.83355131 25.43922509 8.66972723
v 11.99998867 25.00004748 18.49995251
v 11.80833174 26.15370000 8.38349478
v 12.43902379 25.87885717 8.33778304
v 12.15669420 26.44121607 8.19550454
v 11.99999880 26.00000626 18.49999373
v 11.61009743 26.80724566 8.28598505
v 12.21311978 27.04080187 8.07240265
v 11.99999991 27.00000064 18.49999935
v 11.56854907 27.64944785 8.19644093
v 12.27701293 27.85829211 7.97485877
v 12.00000000 28.00000005 18.49999995
v 11.57492595 28.57449706 8.14227176
v 12.32612803 28.77571242 7.91745857
v 12.00000000 29.00000000 18.49999999
v 11.58782640 29.54267806 8.11607998
v 12.35483687 29.74170593 7.89008348
v 12.00000000 29.99999999 18.50000000
v 11.59604705 30.53102570 8.10567711
v 12.36802189 30.72946810 7.87932426
v 12.00000000 30.99999999 18.50000000
v 11.59960113 31.52740098 8.10227101
v 12.37284268 31.72570497 7.87583237
v 12.00000000 31.99999999 18.50000000
v 11.60075567 32.52645538 8.10135449
v 12.37425285 32.72473207 7.87489959
v 12.00000000 32.99999999 18.50000000
v 11.60104564 33.52625125 8.10115321
v 12.37458278 33.72452368 7.87469590
v 12.00000000 33.99999999 18.50000000
v 11.60110234 34.52621529 8.10111756
v 12.37464420 34.72448728 7.87465994
v 12.00000000 34.99999999 18.50000000
v 11.60111095 35.52621017 8.10111262
v 12.37465319 35.72448219 7.87465489
v 12.00000000 35.99999999 18.50000000
v 11.60111196 36.52620956 8.10111215
v 12.37465420 36.72448163 7.87465434
v 12.00000000 36.99999999 18.50000000
v 11.60111205 37.52620948 8.10111217
v 12.37465428 37.72448158 7.87465430
v 12.00000000 37.99999999 18.50000000
v 11.60111205 38.52620946 8.10111220
v 12.37465430 38.72448157 7.87465431
v 12.00000000 38.99999999 18.50000000
v 11.60111210 39.52620942 8.10111222
v 12.37465454 39.72448142 7.87465436
v 12.00000000 39.99999999 18.50000000
v 11.60111301 40.52620887 8.10111239
v 12.37465755 40.72447954 7.87465508
v 12.00000000 40.99999999 18.50000000
v 11.60112305 41.52620318 8.10111460
v 12.37468585 41.72446222 7.87466271
v 12.00000000 41.99999999 18.50000000
v 11.60120440 42.52615818 8.10113472
v 12.37488716 42.72433952 7.87472285
v 12.00000000 42.99999999 18.50000000
v 11.60170827 43.52588228 8.10127323
v 12.37599041 43.72366050 7.87508706
v 12.00000000 43.99999999 18.50000000
v 11.60413465 44.52455063 8.10201088
v 12.38070540 44.72068017 7.87680542
v 12.00000000 44.99999999 18.50000000
v 11.61333880 45.51942078 8.10509271
v 12.39657597 45.71015140 7.88319199
v 12.00000000 45.99999999 18.50000000
v 11.64122581 46.50338775 8.11529531
v 12.43899638 46.67965799 7.90207236
v 12.00000000 46.99999999 18.49999999
v 11.70996725 47.46148159 8.14219549
v 12.52934283 47.60528359 7.94694605
v 12.00000000 47.99999994 18.49999995
v 11.85146144 48.36084234 8.19760592
v 12.67891159 48.44923622 8.03496373
v 12.00000000 48.99999935 18.49999935
v 12.09519471 49.05334466 8.26899429
v 12.01087134 49.86058749 8.53025250
v 12.00000000 49.99999373 18.49999373
v 12.41069795 50.66672186 8.80782302
v 12.00000000 50.99995251 18.49995252
v 11.81100440 51.30435521 9.18096571
v 12.19506215 51.95483595 9.53166281
v 12.00000001 51.99971063 18.49971073
v 11.58918811 52.55599635 9.92920233
v 11.99250809 53.18414531 10.31026505
v 12.00000009 52.99855482 18.49855602
v 12.39371317 53.79763738 10.70052470
v 12.00000111 53.99399691 18.49400825
v 11.79580746 54.39970857 11.09902670
v 12.20200269 54.99904138 11.50060955
v 12.00001022 54.97900798 18.47909162
v 11.60504538 55.59543654 11.90427025
v 12.00754190 56.19334689 12.30657285
v 12.00007341 55.93752725 18.43802226
v 12.42119355 56.78551547 12.71437708
v 12.00042157 56.84005984 18.34245411
v 11.86538174 57.35638980 13.14301842
v 12.36034762 57.88567970 13.61142928
v 12.00197262 57.64366036 18.15326218
v 11.92490670 58.35137091 14.13663244
v 12.57554229 58.72882389 14.72927552
v 12.00762902 58.30008793 17.83239788
v 12.32143687 58.98928475 15.38626460
v 12.15820414 59.10143609 16.08107772
v 12.06754213 59.03558781 16.76133463
v 12.02468061 58.77013129 17.36235448
v 13.00214966 0.44424394 18.66112780
v 13.79498050 0.11050727 18.55900066
v 13.43371720 0.62758330 18.03924389
v 13.69995637 -0.16102305 19.55632622
v 13.44625764 -0.25079247 20.33647411
v 13.30241828 -0.34668942 21.23057499
v 13.18572794 -0.40433131 22.13966633
v 13.10609965 -0.44258421 23.07971472
v 13.04739578 -0.46276509 24.03539378
v 13.00001563 -0.46893082 24.99969272
v 12.95269952 -0.46107627 25.96310003
v 12.89474275 -0.43564954 26.91439056
v 12.81967222 -0.38172944 27.84010144
v 12.72216826 -0.28638937 28.71108730
v 12.63937591 -0.12113863 29.51840255
v 12.53720268 0.07375174 30.14149053
v 12.71058498 0.56429225 31.11290405
v 12.74586758 0.31851453 30.74878542
v 12.97422183 0.49741457 31.11911194
v 12.89245293 0.87910940 18.42620456
v 13.42620506 1.12089069 17.89245227
v 12.76524791 0.71662148 31.19643048
v 12.93198979 0.64854133 31.23039267
v 13.03924582 1.37241655 18.43371656
v 13.66112939 1.55575662 18.00214862
v 12.32484203 1.47879422 30.28356082
v 12.81453698 1.22564612 30.69070740
v 12.95266105 0.84991511 31.08736283
v 13.55900800 1.88949214 18.79497810
v 13.55633870 2.16102204 19.69995231
v 13.33649988 2.25079035 20.44624924
v 13.23062518 2.34668484 21.30240201
v 13.13976729 2.40431775 22.18569621
v 13.07992947 2.44252561 23.10603940
v 13.03592755 2.46247863 24.04727643
v 13.00131978 2.46766152 24.99969626
v 12.96862496 2.45634092 25.95139702
v 12.93259953 2.42099863 26.88893621
v 12.89429643 2.34406529 27.79707346
v 12.85386603 2.20512975 28.64940705
v 12.85800212 1.97022792 29.44204176
v 12.87539368 1.65209311 30.14146163
v 13.44686104 17.09298948 14.55108890
v 12.73467463 17.45449023 13.94249308
v 13.18486457 16.86789436 15.24344380
v 12.91546822 16.80137238 15.98388630
v 12.58408044 16.90896873 16.70589126
v 12.13334858 17.20351076 17.33599661
v 12.52953776 17.68950703 17.82199290
v 13.05942852 17.91945826 13.41656396
v 12.77657411 18.35294148 18.14986404
v 13.41915425 18.45013492 12.94954636
v 12.80505653 19.01649957 12.51632798
v 12.90826171 19.15902667 18.34154063
v 13.20405421 19.60218919 12.10205651
v 12.60396513 20.20037006 11.69971635
v 12.96777267 20.06227213 18.43782164
v 13.00014369 20.80341272 11.30243136
v 12.99040947 21.02095642 18.47905602
v 13.39655861 21.40525859 10.90362842
v 12.79805870 22.01035392 10.50385063
v 12.99760694 22.00599806 18.49400323
v 13.20265248 22.61320223 10.10297401
v 12.60672408 23.24995299 9.71952949
v 12.99950510 23.00144463 18.49855547
v 13.00754780 23.87149911 9.33021323
v 12.99991637 24.00028932 18.49971069
v 13.41274963 24.48688420 8.94430353
v 12.85762877 25.18663937 8.60803221
v 12.99998867 25.00004748 18.49995252
v 13.27202121 25.76643437 8.28089608
v 12.76419467 26.42760149 8.09789143
v 12.99999880 26.00000627 18.49999373
v 12.95103274 27.14076739 7.92651739
v 12.99999990 27.00000065 18.49999935
v 13.07387379 27.98454436 7.81451239
v 12.99999999 28.00000005 18.49999995
v 13.14757895 28.90864939 7.75253614
v 13.00000000 29.00000000 18.50000000
v 13.18498463 29.87630822 7.72382944
v 13.00000000 30.00000000 18.50000000
v 13.20067102 30.86444095 7.71274016
v 13.00000000 31.00000000 18.50000000
v 13.20606254 31.86074764 7.70918134
v 13.00000000 32.00000000 18.50000000
v 13.20757416 32.85978555 7.70823773
v 13.00000000 33.00000000 18.50000000
v 13.20791789 33.85957851 7.70803267
v 13.00000000 34.00000000 18.50000000
v 13.20798071 34.85954225 7.70799657
v 13.00000000 35.00000000 18.50000000
v 13.20798980 35.85953717 7.70799151
v 13.00000000 36.00000000 18.50000000
v 13.20799082 36.85953662 7.70799096
v 13.00000000 37.00000000 18.50000000
v 13.20799091 37.85953658 7.70799091
v 13.00000000 38.00000000 18.50000000
v 13.20799095 38.85953654 7.70799092
v 13.00000000 39.00000000 18.50000000
v 13.20799164 39.85953609 7.70799110
v 13.00000000 40.00000000 18.50000000
v 13.20799930 40.85953112 7.70799336
v 13.00000000 41.00000000 18.50000000
v 13.20806295 41.85948999 7.70801410
v 13.00000000 42.00000000 18.50000000
v 13.20846629 42.85922713 7.70815905
v 13.00000000 43.00000000 18.50000000
v 13.21044350 43.85790753 7.70894367
v 13.00000000 44.00000000 18.50000000
v 13.21802061 44.85263549 7.71227525
v 13.00000000 45.00000000 18.50000000
v 13.24089887 45.83567997 7.72350286
v 13.00000000 46.00000000 18.50000000
v 13.29561228 46.79136392 7.75392821
v 13.00000000 47.00000000 18.50000000
v 13.39940794 47.69723946 7.82156240
v 13.00000000 47.99999995 18.49999995
v 13.55624338 48.54124261 7.94933497
v 13.00000000 48.99999935 18.49999935
v 12.83584415 49.23736370 8.20405164
v 13.06502003 50.00489899 8.45713102
v 13.00000000 49.99999373 18.49999373
v 13.41420003 50.71859511 8.76618291
v 13.00000000 50.99995251 18.49995252
v 12.79825305 51.34744987 9.14045750
v 13.19855726 51.97953231 9.51438495
v 13.00000001 51.99971064 18.49971073
v 12.59695837 52.58045443 9.91311350
v 12.99697760 53.19311557 10.30454130
v 13.00000009 52.99855482 18.49855602
v 13.39554798 53.80041934 10.69889539
v 13.00000111 53.99399692 18.49400825
v 12.79711887 54.40178199 11.09771531
v 13.20238859 54.99955908 11.50032971
v 13.00001022 54.97900798 18.47909162
v 12.60532605 55.59585737 11.90406371
v 13.00760939 56.19343564 12.30653804
v 13.00007341 55.93752726 18.43802226
v 13.42120639 56.78553077 12.71437233
v 13.00042158 56.84005985 18.34245411
v 12.86539468 57.35640537 13.14301420
v 13.36034954 57.88568185 13.61142879
v 13.00197266 57.64366039 18.15326217
v 12.92490860 58.35137303 14.13663194
v 13.57554249 58.72882411 14.72927548
v 13.00762910 58.30008800 17.83239787
v 13.32143706 58.98928495 15.38626456
v 13.15820432 59.10143626 16.08107769
v 13.06754229 59.03558795 16.76133461
v 13.02468074 58.77013140 17.36235447
v 14.00214889 0.44424330 17.66112848
v 14.79498009 0.11050688 17.55900105
v 14.43371708 0.62758323 17.03924398
v 14.69995569 -0.16102370 18.55632688
v 14.44625622 -0.25079384 19.33647549
v 14.30241555 -0.34669213 20.23057771
v 14.18572267 -0.40433721 21.13967214
v 14.10609036 -0.44260105 22.07973027
v 14.04738278 -0.46283757 23.03545485
v 14.00000199 -0.46929728 23.99998734
v 13.95262224 -0.46277192 24.96446024
v 13.89393980 -0.44222080 25.91978220
v 13.81456544 -0.40258101 26.85793039
v 13.69954394 -0.34017008 27.75974894
v 13.56355571 -0.23153720 28.63061795
v 13.33806472 -0.11461536 29.35439085
v 13.32340440 0.17035385 30.20096235
v 13.19696063 0.41261765 30.87270991
v 13.59025278 0.56643760 30.68986302
v 13.89245237 0.87910930 17.42620482
v 14.42620485 1.12089070 16.89245233
v 13.20963392 0.65303171 31.07310355
v 13.46737817 0.99325087 30.77468167
v 14.03924410 1.37241676 17.43371704
v 14.66112858 1.55575673 17.00214884
v 13.40006471 1.42123417 30.45067924
v 14.55900159 1.88949307 17.79497993
v 14.55632779 2.16102362 18.69995542
v 14.33647738 2.25079367 19.44625566
v 14.23058140 2.34669180 20.30241445
v 14.13967952 2.40433650 21.18572046
v 14.07974542 2.44259905 22.10608575
v 14.03549027 2.46282820 23.04737136
v 14.00009864 2.46924248 23.99996171
v 13.96492255 2.46247689 24.95243074
v 13.92181025 2.44089755 25.89299392
v 13.86599517 2.39772516 26.81036797
v 13.78730798 2.32561396 27.68355615
v 13.71221286 2.19570176 28.51030192
v 13.55985194 2.04211365 29.18744541
v 13.69468717 1.72594465 29.86913372
v 14.44686104 17.09298928 14.55108886
v 13.73467459 17.45448775 13.94249247
v 14.18486457 16.86789427 15.24344378
v 13.91546822 16.80137233 15.98388629
v 13.58408044 16.90896869 16.70589126
v 13.13334858 17.20351074 17.33599660
v 13.52953776 17.68950703 17.82199290
v 14.05942845 17.91945303 13.41656291
v 13.77657411 18.35294148 18.14986404
v 14.41915388 18.45012505 12.94954460
v 13.80505188 19.01642383 12.51631183
v 13.90826171 19.15902667 18.34154063
v 14.20404452 19.60207020 12.10202923
v 13.60389302 20.19972238 11.69953178
v 13.96777267 20.06227213 18.43782164
v 14.00007148 20.80243425 11.30210872
v 13.99040947 21.02095642 18.47905602
v 14.39653049 21.40365347 10.90307247
v 13.79789001 22.00401302 10.50127508
v 13.99760694 22.00599806 18.49400323
v 14.20239946 22.60346011 10.09918489
v 13.60514013 23.22138561 9.70664300
v 13.99950510 23.00144463 18.49855547
v 14.00384491 23.83245864 9.31489536
v 13.99991637 24.00028932 18.49971069
v 14.40095978 24.44224566 8.92835664
v 13.81767442 25.09349908 8.57403782
v 13.99998867 25.00004749 18.49995252
v 14.19030386 25.72573882 8.24212423
v 13.58360358 26.42478477 8.01950931
v 13.99999880 26.00000627 18.49999373
v 13.80542391 27.19216570 7.83057958
v 13.99999990 27.00000065 18.49999935
v 13.95172797 28.05531475 7.71108670
v 13.99999999 28.00000005 18.49999995
v 14.03593857 28.98536752 7.64656341
v 14.00000000 29.00000000 18.50000000
v 14.07692936 29.95459308 7.61714559
v 14.00000000 30.00000000 18.50000000
v 14.09356406 30.94307148 7.60589505
v 14.00000000 31.00000000 18.50000000
v 14.09914934 31.93944057 7.60230699
v 14.00000000 32.00000000 18.50000000
v 14.10069124 32.93848752 7.60135921
v 14.00000000 33.00000000 18.50000000
v 14.10103853 33.93828150 7.60115369
v 14.00000000 34.00000000 18.50000000
v 14.10110166 34.93824533 7.60111755
v 14.00000000 35.00000000 18.50000000
v 14.10111077 35.93824026 7.60111248
v 14.00000000 36.00000000 18.50000000
v 14.10111179 36.93823971 7.60111193
v 14.00000000 37.00000000 18.50000000
v 14.10111188 37.93823966 7.60111189
v 14.00000000 38.00000000 18.50000000
v 14.10111200 38.93823958 7.60111192
v 14.00000000 39.00000000 18.50000000
v 14.10111359 39.93823852 7.60111243
v 14.00000000 40.00000000 18.50000000
v 14.10112932 40.93822815 7.60111797
v 14.00000000 41.00000000 18.50000000
v 14.10124664 41.93815045 7.60116337
v 14.00000000 42.00000000 18.50000000
v 14.10191769 42.93769876 7.60144874
v 14.00000000 43.00000000 18.50000000
v 14.10490186 43.93562935 7.60284762
v 14.00000000 44.00000000 18.50000000
v 14.11533143 44.92807267 7.60826638
v 14.00000000 45.00000000 18.50000000
v 14.14424175 45.90589405 7.62505907
v 14.00000000 46.00000000 18.50000000
v 14.20844932 46.85331730 7.66726024
v 14.00000000 47.00000000 18.50000000
v 14.32478649 47.75243111 7.75462590
v 14.00000000 47.99999995 18.49999995
v 14.50467597 48.59167806 7.90525620
v 14.00000000 48.99999935 18.49999935
v 13.77303878 49.32911181 8.15165547
v 14.06448081 50.06390055 8.42298166
v 14.00000000 49.99999373 18.49999373
v 14.41737357 50.74499518 8.74897116
v 14.00000000 50.99995251 18.49995252
v 13.80068307 51.37175449 9.12201413
v 14.20168294 51.99002320 9.50755488
v 14.00000001 51.99971064 18.49971073
v 13.60106927 52.59072863 9.90681011
v 13.99904594 53.19655514 10.30265500
v 14.00000009 52.99855482 18.49855602
v 14.39626804 53.80135806 10.69844061
v 14.00000111 53.99399692 18.49400825
v 13.79768463 54.40249420 11.09734546
v 14.20252168 54.99970698 11.50026327
v 14.00001022 54.97900799 18.47909162
v 13.60541403 55.59596311 11.90401611
v 14.00762513 56.19345316 12.30653163
v 14.00007341 55.93752726 18.43802226
v 14.42120860 56.78553310 12.71437165
v 14.00042159 56.84005985 18.34245411
v 13.86539659 57.35640749 13.14301367
v 14.36034976 57.88568208 13.61142875
v 14.00197267 57.64366039 18.15326217
v 13.92490881 58.35137326 14.13663190
v 14.57554251 58.72882413 14.72927548
v 14.00762911 58.30008800 17.83239786
v 14.32143708 58.98928496 15.38626455
v 14.15820434 59.10143627 16.08107769
v 14.06754231 59.03558796 16.76133460
v 14.02468075 58.77013141 17.36235446
v 15.00214885 0.44424327 16.66112852
v 15.79498007 0.11050686 16.55900107
v 15.43371707 0.62758323 16.03924399
v 15.69995565 -0.16102374 17.55632692
v 15.44625614 -0.25079391 18.33647558
v 15.30241539 -0.34669228 19.23057788
v 15.18572235 -0.40433751 20.13967247
v 15.10608974 -0.44260170 21.07973100
v 15.04738161 -0.46283957 22.03545712
v 15.00000015 -0.46930780 22.99999955
v 14.95261889 -0.46283799 23.96453905
v 14.89391231 -0.44258903 24.92023871
v 14.81429176 -0.40425451 25.86012268
v 14.69768960 -0.34625908 26.76829863
v 14.55444122 -0.24900818 27.65837942
v 14.30366441 -0.15517417 28.42546868
v 14.22043912 0.12210379 29.37711764
v 14.01031691 0.43576753 30.20211039
v 14.56254924 0.61644197 29.88811759
v 14.89245234 0.87910930 16.42620483
v 15.42620484 1.12089070 15.89245234
v 14.08531595 0.83254023 30.40655105
v 14.58058278 1.09022183 30.00274571
v 15.03924399 1.37241677 16.43371707
v 15.66112853 1.55575673 16.00214885
v 13.98600476 1.29143677 30.31760002
v 14.40284966 1.49770574 29.84752158
v 15.55900111 1.88949314 16.79498006
v 15.55632697 2.16102373 17.69995563
v 15.33647569 2.25079390 18.44625611
v 15.23057809 2.34669226 19.30241533
v 15.13967291 2.40433747 20.18572223
v 15.07973189 2.44260161 21.10608948
v 15.03545908 2.46283931 22.04738092
v 15.00000543 2.46930639 22.99999699
v 14.96456674 2.46282783 23.95259948
v 14.92039545 2.44252267 24.89379559
v 14.86094868 2.40389887 25.81368190
v 14.77199646 2.34472139 26.69499906
v 14.67244770 2.24358125 27.54417635
v 14.46898982 2.13975624 28.27105468
v 14.50351781 1.84175893 29.11765591
v 15.44686104 17.09298925 14.55108886
v 14.73467459 17.45448729 13.94249239
v 15.18486457 16.86789426 15.24344378
v 14.91546822 16.80137233 15.98388629
v 14.58408044 16.90896869 16.70589126
v 14.13334858 17.20351073 17.33599660
v 14.52953776 17.68950703 17.82199290
v 15.05942843 17.91945206 13.41656277
v 14.77657411 18.35294148 18.14986404
v 15.41915381 18.45012324 12.94954434
v 14.80505091 19.01640696 12.51630873
v 14.90826171 19.15902667 18.34154063
v 15.20404335 19.60204181 12.10202312
v 14.60388227 20.19953356 11.69948127
v 14.96777267 20.06227213 18.43782164
v 15.00006907 20.80211117 11.30201436
v 14.99040947 21.02095642 18.47905602
v 15.39653676 21.40308578 10.90290735
v 14.79787561 22.00137064 10.50038478
v 14.99760694 22.00599806 18.49400323
v 15.20224537 22.59937704 10.09790566
v 14.60419550 23.20740028 9.70167282
v 14.99950510 23.00144463 18.49855547
v 15.00073125 23.81495979 9.30914397
v 14.99991637 24.00028932 18.49971069
v 15.39343728 24.42558988 8.92198712
v 14.79085833 25.06001592 8.55685849
v 14.99998867 25.00004749 18.49995252
v 15.15424629 25.71295418 8.22169442
v 14.50016170 26.42771591 7.97154885
v 14.99999880 26.00000627 18.49999373
v 14.73336534 27.21806612 7.77610151
v 14.99999990 27.00000065 18.49999935
v 14.88791642 28.09022309 7.65370272
v 14.99999999 28.00000005 18.49999995
v 14.97576562 29.02311229 7.58820582
v 15.00000000 29.00000000 18.50000000
v 15.01791727 29.99306382 7.55853234
v 15.00000000 30.00000000 18.50000000
v 15.03483014 30.98169215 7.54722887
v 15.00000000 31.00000000 18.50000000
v 15.04046581 31.97808589 7.54363222
v 15.00000000 32.00000000 18.50000000
v 15.04201455 32.97713600 7.54268336
v 15.00000000 33.00000000 18.50000000
v 15.04236253 33.97693030 7.54247774
v 15.00000000 34.00000000 18.50000000
v 15.04242571 34.97689415 7.54244160
v 15.00000000 35.00000000 18.50000000
v 15.04243482 35.97688908 7.54243653
v 15.00000000 36.00000000 18.50000000
v 15.04243584 36.97688853 7.54243598
v 15.00000000 37.00000000 18.50000000
v 15.04243594 37.97688847 7.54243594
v 15.00000000 38.00000000 18.50000000
v 15.04243619 38.97688831 7.54243602
v 15.00000000 39.00000000 18.50000000
v 15.04243917 39.97688635 7.54243714
v 15.00000000 40.00000000 18.50000000
v 15.04246594 40.97686882 7.54244814
v 15.00000000 41.00000000 18.50000000
v 15.04264775 41.97674870 7.54252955
v 15.00000000 42.00000000 18.50000000
v 15.04360101 42.97610665 7.54299563
v 15.00000000 43.00000000 18.50000000
v 15.04751738 43.97339031 7.54509156
v 15.00000000 44.00000000 18.50000000
v 15.06028340 44.96418996 7.55259546
v 15.00000000 45.00000000 18.50000000
v 15.09371066 45.93900559 7.57424808
v 15.00000000 46.00000000 18.50000000
v 15.16511009 46.88271795 7.62522204
v 15.00000000 47.00000000 18.50000000
v 15.29231346 47.77817637 7.72437782
v 15.00000000 47.99999995 18.49999995
v 15.48628070 48.61268395 7.88657895
v 15.00000000 48.99999935 18.49999935
v 14.75259864 49.36855341 8.12565376
v 15.06248926 50.08682882 8.40916119
v 15.00000000 49.99999373 18.49999373
v 15.41887080 50.75518516 8.74294914
v 15.00000000 50.99995251 18.49995252
v 14.80338894 51.38251544 9.11514502
v 15.20329094 51.99388796 9.50533317
v 15.00000001 51.99971064 18.49971073
v 14.60295540 52.59448547 9.90470966
v 14.99979889 53.19765456 10.30212623
v 15.00000009 52.99855482 18.49855602
v 15.39648993 53.80161915 10.69833055
v 15.00000111 53.99399692 18.49400825
v 14.79787158 54.40270126 11.09725787
v 15.20255913 54.99974344 11.50024938
v 15.00001022 54.97900799 18.47909162
v 14.60543812 55.59598767 11.90400671
v 15.00762855 56.19345638 12.30653055
v 15.00007341 55.93752726 18.43802226
v 15.42120902 56.78553343 12.71437151
v 15.00042159 56.84005985 18.34245411
v 14.86539684 57.35640773 13.14301362
v 15.36034978 57.88568210 13.61142874
v 15.00197267 57.64366040 18.15326217
v 14.92490883 58.35137328 14.13663189
v 15.57554251 58.72882413 14.72927548
v 15.00762911 58.30008801 17.83239786
v 15.32143708 58.98928496 15.38626455
v 15.15820434 59.10143627 16.08107769
v 15.06754231 59.03558796 16.76133460
v 15.02468075 58.77013141 17.36235446
v 16.00214885 0.44424327 15.66112853
v 16.79498007 0.11050686 15.55900108
v 16.43371707 0.62758323 15.03924399
v 16.69995565 -0.16102374 16.55632692
v 16.44625613 -0.25079392 17.33647558
v 16.30241538 -0.34669229 18.23057788
v 16.18572234 -0.40433753 19.13967249
v 16.10608971 -0.44260173 20.07973103
v 16.04738155 -0.46283963 21.03545721
v 16.00000001 -0.46930803 21.99999998
v 15.95261848 -0.46283959 22.96454263
v 15.89391047 -0.44260131 23.92026731
v 15.81427888 -0.40433406 24.86031308
v 15.69759222 -0.34666893 25.76931995
v 15.55379277 -0.25066717 26.66291841
v 15.30030548 -0.16047959 27.44092353
v 15.20659637 0.11217313 28.42832800
v 14.99862173 0.44326310 29.30846666
v 15.56751134 0.62587981 28.94708623
v 15.89245234 0.87910930 15.42620483
v 16.42620483 1.12089070 14.89245234
v 15.11012676 0.87021899 29.53421650
v 15.58051073 1.11482708 29.08640323
v 16.03924399 1.37241677 15.43371707
v 16.66112853 1.55575674 15.00214885
v 14.98271336 1.35091626 29.50520809
v 15.35754707 1.54226028 28.96485515
v 16.55900108 1.88949314 15.79498007
v 16.55632693 2.16102374 16.69995565
v 16.33647559 2.25079392 17.44625613
v 16.23057789 2.34669229 18.30241538
v 16.13967251 2.40433752 19.18572233
v 16.07973108 2.44260172 20.10608970
v 16.03545730 2.46283962 21.04738152
v 16.00000025 2.46930799 21.99999984
v 15.96454405 2.46283929 22.95261718
v 15.92027734 2.44259876 23.89390051
v 15.86038016 2.40431543 24.81421433
v 15.76970091 2.34655729 25.69724727
v 15.66475826 2.25011347 26.55222970
v 15.44802136 2.15830553 27.29457835
v 15.45469675 1.88018708 28.18601476
v 16.44686104 17.09298925 14.55108886
v 15.73467459 17.45448722 13.94249238
v 16.18486457 16.86789426 15.24344378
v 15.91546822 16.80137233 15.98388629
v 15.58408044 16.90896869 16.70589126
v 15.13334858 17.20351073 17.33599660
v 15.52953776 17.68950703 17.82199290
v 16.05942843 17.91945192 13.41656275
v 15.77657411 18.35294148 18.14986404
v 16.41915380 18.45012296 12.94954430
v 15.80505081 19.01640369 12.51630817
v 15.90826171 19.15902667 18.34154063
v 16.20404343 19.60203562 12.10202187
v 15.60388241 20.19948258 11.69946885
v 15.96777267 20.06227213 18.43782164
v 16.00007149 20.80201558 11.30199050
v 15.99040947 21.02095642 18.47905602
v 16.39653837 21.40291201 10.90286613
v 15.79786402 22.00042044 10.50012494
v 15.99760694 22.00599806 18.49400323
v 16.20214179 22.59795130 10.09754417
v 15.60353985 23.20181427 9.70004677
v 15.99950510 23.00144463 18.49855547
v 15.99896907 23.80876642 9.30723744
v 15.99991637 24.00028932 18.49971069
v 16.39023188 24.42049151 8.91976370
v 15.77886836 25.04941520 8.54947145
v 15.99998867 25.00004749 18.49995252
v 16.14066801 25.70965703 8.21299535
v 15.46512003 26.43087958 7.94767425
v 15.99999880 26.00000627 18.49999373
v 15.70217407 27.22947227 7.75011093
v 15.99999990 27.00000065 18.49999935
v 15.85926715 28.10481474 7.62682244
v 15.99999999 28.00000005 18.49999995
v 15.94815105 29.03866561 7.56104674
v 16.00000000 29.00000000 18.50000000
v 15.99060161 30.00884641 7.53130612
v 16.00000000 30.00000000 18.50000000
v 16.00757811 30.99751774 7.51999015
v 16.00000000 31.00000000 18.50000000
v 16.01322382 31.99391775 7.51639171
v 16.00000000 32.00000000 18.50000000
v 16.01477372 32.99296856 7.51544266
v 16.00000000 33.00000000 18.50000000
v 16.01512180 33.99276292 7.51523702
v 16.00000000 34.00000000 18.50000000
v 16.01518498 34.99272677 7.51520088
v 16.00000000 35.00000000 18.50000000
v 16.01519410 35.99272170 7.51519581
v 16.00000000 36.00000000 18.50000000
v 16.01519512 36.99272115 7.51519525
v 16.00000000 37.00000000 18.50000000
v 16.01519523 37.99272109 7.51519522
v 16.00000000 38.00000000 18.50000000
v 16.01519565 38.99272083 7.51519537
v 16.00000000 39.00000000 18.50000000
v 16.01520035 39.99271785 7.51519739
v 16.00000000 40.00000000 18.50000000
v 16.01523908 40.99269311 7.51521538
v 16.00000000 41.00000000 18.50000000
v 16.01548257 41.99253572 7.51533756
v 16.00000000 42.00000000 18.50000000
v 16.01667444 42.99174975 7.51598362
v 16.00000000 43.00000000 18.50000000
v 16.02129240 43.98861893 7.51868884
v 16.00000000 44.00000000 18.50000000
v 16.03565486 44.97854161 7.52778242
v 16.00000000 45.00000000 18.50000000
v 16.07199916 45.95201019 7.55262579
v 16.00000000 46.00000000 18.50000000
v 16.14792343 46.89409346 7.60846152
v 16.00000000 47.00000000 18.50000000
v 16.28101542 47.78760708 7.71318690
v 16.00000000 47.99999995 18.49999995
v 16.48079207 48.61963424 7.88023197
v 16.00000000 48.99999935 18.49999935
v 15.74628679 49.38283276 8.11565615
v 16.06190310 50.09440042 8.40457395
v 16.00000000 49.99999373 18.49999373
v 16.41943203 50.75834144 8.74120788
v 16.00000000 50.99995251 18.49995252
v 15.80462277 51.38629127 9.11303358
v 16.20387082 51.99507437 9.50472226
v 16.00000001 51.99971064 18.49971073
v 15.60364477 52.59565909 9.90412073
v 16.00002888 53.19795209 10.30198645
v 16.00000009 52.99855482 18.49855602
v 16.39656942 53.80168583 10.69828054
v 16.00000111 53.99399692 18.49400825
v 15.79792542 54.40275166 11.09723509
v 16.20257469 54.99975207 11.50024073
v 16.00001022 54.97900799 18.47909162
v 15.60544458 55.59599280 11.90400435
v 16.00762997 56.19345702 12.30652979
v 16.00007341 55.93752726 18.43802226
v 16.42120954 56.78553356 12.71437116
v 16.00042159 56.84005985 18.34245411
v 15.86539690 57.35640776 13.14301359
v 16.36034980 57.88568210 13.61142874
v 16.00197267 57.64366040 18.15326217
v 15.92490883 58.35137328 14.13663189
v 16.57554251 58.72882413 14.72927548
v 16.00762911 58.30008801 17.83239786
v 16.32143708 58.98928496 15.38626455
v 16.15820434 59.10143627 16.08107769
v 16.06754231 59.03558796 16.76133460
v 16.02468075 58.77013141 17.36235446
v 17.00214885 0.44424327 14.66112853
v 17.79498008 0.11050685 14.55900110
v 17.43371707 0.62758323 14.03924399
v 17.69995565 -0.16102375 15.55632694
v 17.44625613 -0.25079392 16.33647559
v 17.30241538 -0.34669229 17.23057789
v 17.18572234 -0.40433753 18.13967249
v 17.10608971 -0.44260173 19.07973104
v 17.04738155 -0.46283963 20.03545721
v 17.00000000 -0.46930803 21.00000000
v 16.95261845 -0.46283963 21.96454278
v 16.89391030 -0.44260171 22.92026889
v 16.81427777 -0.40433735 23.86032667
v 16.69758542 -0.34669089 24.76941460
v 16.55374944 -0.25078484 25.66346833
v 16.30007331 -0.16097719 26.44335392
v 16.20523200 0.11070155 27.43911923
v 15.99847857 0.44413121 28.33407329
v 16.56683180 0.62736467 27.95893558
v 16.89245234 0.87910930 14.42620484
v 17.42620483 1.12089070 13.89245234
v 16.10955828 0.87772777 28.56734991
v 16.57548926 1.12000993 28.10439667
v 17.03924399 1.37241677 14.43371707
v 17.66112852 1.55575678 14.00214888
v 15.96688951 1.36853555 28.55506536
v 16.34273096 1.55358366 27.99210763
v 17.55900107 1.88949317 14.79498010
v 17.55632692 2.16102374 15.69995567
v 17.33647558 2.25079392 16.44625614
v 17.23057788 2.34669229 17.30241538
v 17.13967249 2.40433753 18.18572234
v 17.07973104 2.44260173 19.10608971
v 17.03545722 2.46283963 20.04738155
v 17.00000001 2.46930803 20.99999999
v 16.96454284 2.46283962 21.95261839
v 16.92026945 2.44260160 22.89390968
v 16.86033134 2.40433634 23.81427267
v 16.76944722 2.34668346 24.69755176
v 16.66366238 2.25073798 25.55356290
v 16.44427118 2.16074167 26.29925508
v 16.44342964 1.88814483 27.20170294
v 17.44686104 17.09298925 14.55108886
v 16.73467459 17.45448721 13.94249238
v 17.18486457 16.86789426 15.24344378
v 16.91546822 16.80137233 15.98388629
v 16.58408044 16.90896869 16.70589126
v 16.13334858 17.20351073 17.33599660
v 16.52953776 17.68950703 17.82199290
v 17.05942843 17.91945190 13.41656275
v 16.77657411 18.35294148 18.14986404
v 17.41915380 18.45012293 12.94954430
v 16.80505083 19.01640313 12.51630807
v 16.90826171 19.15902667 18.34154063
v 17.20404349 19.60203440 12.10202165
v 16.60388289 20.19947015 11.69946620
v 16.96777267 20.06227213 18.43782164
v 17.00007218 20.80199098 11.30198546
v 16.99040947 21.02095642 18.47905602
v 17.39653783 21.40286725 10.90285770
v 16.79785292 22.00013373 10.50006213
v 16.99760694 22.00599806 18.49400323
v 17.20209255 22.59754809 10.09745897
v 16.60320656 23.20002481 9.69959253
v 16.99950510 23.00144463 18.49855547
v 16.99827775 23.80701014 9.30669179
v 16.99991637 24.00028932 18.49971069
v 17.38921300 24.41922129 8.91911258
v 16.77470340 25.04659904 8.54684511
v 16.99998867 25.00004749 18.49995252
v 17.13640062 25.70900302 8.20998529
v 16.45236597 26.43262420 7.93792493
v 16.99999880 26.00000627 18.49999373
v 16.69059740 27.23365249 7.73980061
v 16.99999990 27.00000065 18.49999935
v 16.84835310 28.10987612 7.61629798
v 16.99999999 28.00000005 18.49999995
v 16.93747605 29.04397232 7.55046129
v 17.00000000 29.00000000 18.50000000
v 16.97998755 30.01420601 7.52070748
v 17.00000000 30.00000000 18.50000000
v 16.99697533 31.00288612 7.50938934
v 17.00000000 31.00000000 18.50000000
v 17.00262256 31.99928723 7.50579063
v 17.00000000 32.00000000 18.50000000
v 17.00417261 32.99833814 7.50484155
v 17.00000000 33.00000000 18.50000000
v 17.00452070 33.99813251 7.50463592
v 17.00000000 34.00000000 18.50000000
v 17.00458388 34.99809636 7.50459977
v 17.00000000 35.00000000 18.50000000
v 17.00459299 35.99809131 7.50459469
v 17.00000000 36.00000000 18.50000000
v 17.00459400 36.99809080 7.50459410
v 17.00000000 37.00000000 18.50000000
v 17.00459409 37.99809082 7.50459400
v 17.00000000 38.00000000 18.50000000
v 17.00459463 38.99809060 7.50459415
v 17.00000000 39.00000000 18.50000000
v 17.00460089 39.99808690 7.50459706
v 17.00000000 40.00000000 18.50000000
v 17.00464982 40.99805680 7.50462192
v 17.00000000 41.00000000 18.50000000
v 17.00494032 41.99787477 7.50477974
v 17.00000000 42.00000000 18.50000000
v 17.00629436 42.99700694 7.50556394
v 17.00000000 43.00000000 18.50000000
v 17.01134180 43.99367587 7.50867717
v 17.00000000 44.00000000 18.50000000
v 17.02660070 44.98323469 7.51869283
v 17.00000000 45.00000000 18.50000000
v 17.06446395 45.95618668 7.54512618
v 17.00000000 46.00000000 18.50000000
v 17.14248752 46.89762196 7.60304774
v 17.00000000 47.00000000 18.50000000
v 17.27785874 47.79034043 7.70986079
v 17.00000000 47.99999995 18.49999995
v 17.47945886 48.62147562 7.87851642
v 17.00000000 48.99999935 18.49999935
v 16.74466301 49.38706904 8.11260800
v 17.06180763 50.09647362 8.40333588
v 17.00000000 49.99999373 18.49999373
v 17.41957517 50.75923126 8.74073335
v 17.00000000 50.99995251 18.49995252
v 16.80501553 51.38738987 9.11246340
v 17.20405471 51.99546021 9.50445767
v 17.00000001 51.99971064 18.49971073
v 16.60386716 52.59598849 9.90393276
v 17.00016109 53.19805523 10.30185202
v 17.00000009 52.99855482 18.49855602
v 17.39673279 53.80174491 10.69811424
v 17.00000111 53.99399692 18.49400825
v 16.79797543 54.40277030 11.09719489
v 17.20261854 54.99976290 11.50020495
v 17.00001022 54.97900799 18.47909162
v 16.60545246 55.59599491 11.90399870
v 17.00763455 56.19345815 12.30652639
v 17.00007341 55.93752726 18.43802226
v 17.42121165 56.78553427 12.71436961
v 17.00042159 56.84005985 18.34245411
v 16.86539709 57.35640782 13.14301345
v 17.36034985 57.88568213 13.61142869
v 17.00197267 57.64366040 18.15326217
v 16.92490884 58.35137328 14.13663189
v 17.57554251 58.72882413 14.72927548
v 17.00762911 58.30008801 17.83239786
v 17.32143708 58.98928496 15.38626455
v 17.15820434 59.10143627 16.08107769
v 17.06754231 59.03558796 16.76133460
v 17.02468075 58.77013141 17.36235446
v 18.00214886 0.44424326 13.66112855
v 18.79498030 0.11050676 13.55900154
v 18.43371708 0.62758324 13.03924402
v 18.69995578 -0.16102382 14.55632727
v 18.44625619 -0.25079396 15.33647576
v 18.30241541 -0.34669231 16.23057799
v 18.18572235 -0.40433754 17.13967255
v 18.10608971 -0.44260174 18.07973106
v 18.04738155 -0.46283964 19.03545723
v 18.00000000 -0.46930803 20.00000001
v 17.95261845 -0.46283963 20.96454279
v 17.89391029 -0.44260173 21.92026896
v 17.81427767 -0.40433752 22.86032747
v 17.69758468 -0.34669220 23.76942168
v 17.55374444 -0.25079327 24.66352033
v 17.30004809 -0.16101984 25.44364422
v 17.20505122 0.11052713 26.44078607
v 16.99799913 0.44423202 27.33831859
v 17.56636826 0.62756171 26.96057538
v 17.89245234 0.87910931 13.42620484
v 18.42620481 1.12089083 12.89245236
v 17.10795908 0.87894469 27.57301877
v 17.57404133 1.12079481 27.10718255
v 18.03924398 1.37241685 13.43371710
v 18.66112839 1.55575767 13.00214911
v 16.96183994 1.37190615 27.56467588
v 17.33945234 1.55549334 26.99705090
v 18.55900104 1.88949381 13.79498058
v 18.55632695 2.16102385 14.69995607
v 18.33647559 2.25079395 15.44625637
v 18.23057789 2.34669230 16.30241552
v 18.13967250 2.40433753 17.18572242
v 18.07973104 2.44260173 18.10608975
v 18.03545721 2.46283963 19.04738157
v 18.00000000 2.46930803 20.00000001
v 17.96454279 2.46283963 20.95261845
v 17.92026899 2.44260172 21.89391027
v 17.86032774 2.40433746 22.81427736
v 17.76942401 2.34669172 23.69758211
v 17.66353719 2.25078960 24.55372686
v 17.44374037 2.16099784 25.29995446
v 17.44134298 1.88933688 26.20455562
v 18.44686104 17.09298925 14.55108886
v 17.73467459 17.45448721 13.94249238
v 18.18486457 16.86789426 15.24344378
v 17.91546822 16.80137233 15.98388629
v 17.58408044 16.90896869 16.70589126
v 17.13334858 17.20351073 17.33599660
v 17.52953776 17.68950703 17.82199290
v 18.05942843 17.91945190 13.41656275
v 17.77657411 18.35294148 18.14986404
v 18.41915380 18.45012292 12.94954430
v 17.80505083 19.01640304 12.51630806
v 17.90826171 19.15902667 18.34154063
v 18.20404350 19.60203419 12.10202162
v 17.60388300 20.19946751 11.69946574
v 17.96777267 20.06227213 18.43782164
v 18.00007223 20.80198565 11.30198460
v 17.99040947 21.02095642 18.47905602
v 18.39653742 21.40285788 10.90285632
v 17.79784748 22.00006339 10.50004972
v 17.99760694 22.00599806 18.49400323
v 18.20207648 22.59745758 10.09744240
v 17.60308756 23.19956844 9.69948530
v 17.99950510 23.00144463 18.49855547
v 17.99807905 23.80661286 9.30656102
v 17.99991637 24.00028932 18.49971069
v 18.38896398 24.41896760 8.91895701
v 17.77355155 25.04599000 8.54608499
v 17.99998867 25.00004749 18.49995252
v 18.13529483 25.70891385 8.20914073
v 17.44843576 26.43329211 7.93466215
v 17.99999880 26.00000627 18.49999373
v 17.68696745 27.23490056 7.73641998
v 17.99999990 27.00000065 18.49999935
v 17.84486439 28.11131482 7.61287721
v 17.99999999 28.00000005 18.49999995
v 17.93403142 29.04545866 7.54703032
v 18.00000000 29.00000000 18.50000000
v 17.97655262 30.01570141 7.51727457
v 18.00000000 30.00000000 18.50000000
v 17.99354193 31.00438282 7.50595615
v 18.00000000 31.00000000 18.50000000
v 17.99918932 32.00078407 7.50235741
v 18.00000000 32.00000000 18.50000000
v 18.00073939 32.99983499 7.50140833
v 18.00000000 33.00000000 18.50000000
v 18.00108748 33.99962937 7.50120268
v 18.00000000 34.00000000 18.50000000
v 18.00115064 34.99959328 7.50116647
v 18.00000000 35.00000000 18.50000000
v 18.00115968 35.99958843 7.50116118
v 18.00000000 36.00000000 18.50000000
v 18.00116046 36.99958845 7.50116011
v 18.00000000 37.00000000 18.50000000
v 18.00116005 37.99958953 7.50115914
v 18.00000000 38.00000000 18.50000000
v 18.00115986 38.99959083 7.50115825
v 18.00000000 39.00000000 18.50000000
v 18.00116626 39.99958839 7.50116090
v 18.00000000 40.00000000 18.50000000
v 18.00122118 40.99955671 7.50119028
v 18.00000000 41.00000000 18.50000000
v 18.00153970 41.99936330 7.50137177
v 18.00000000 42.00000000 18.50000000
v 18.00298200 42.99846060 7.50223734
v 18.00000000 43.00000000 18.50000000
v 18.00824098 43.99505468 7.50555969
v 18.00000000 44.00000000 18.50000000
v 18.02390054 44.98449029 7.51598424
v 18.00000000 45.00000000 18.50000000
v 18.06237041 45.95727283 7.54302806
v 18.00000000 46.00000000 18.50000000
v 18.14111941 46.89849662 7.60164761
v 18.00000000 47.00000000 18.50000000
v 18.27715384 47.79097930 7.70907322
v 18.00000000 47.99999995 18.49999995
v 18.47919117 48.62192832 7.87813275
v 18.00000000 48.99999935 18.49999935
v 17.74432002 49.38813289 8.11185536
v 18.06176129 50.09713075 8.40298060
v 18.00000000 49.99999373 18.49999373
v 18.41949090 50.75998533 8.74028504
v 18.00000000 50.99995251 18.49995252
v 17.80509000 51.38790257 9.11210013
v 18.20421802 51.99600790 9.50374691
v 18.00000001 51.99971064 18.49971073
v 17.60406722 52.59620780 9.90359108
v 18.00057920 53.19826440 10.30130440
v 18.00000009 52.99855482 18.49855602
v 18.39739862 53.80197455 10.69742920
v 18.00000111 53.99399692 18.49400825
v 17.79817204 54.40282560 11.09701753
v 18.20279187 54.99981796 11.50006308
v 18.00001022 54.97900799 18.47909162
v 17.60548467 55.59600388 11.90397368
v 18.00765185 56.19346496 12.30651334
v 18.00007341 55.93752726 18.43802226
v 18.42121811 56.78553851 12.71436458
v 18.00042159 56.84005985 18.34245411
v 17.86539778 57.35640820 13.14301293
v 18.36034999 57.88568230 13.61142857
v 18.00197267 57.64366040 18.15326217
v 17.92490885 58.35137329 14.13663188
v 18.57554251 58.72882413 14.72927547
v 18.00762911 58.30008801 17.83239786
v 18.32143708 58.98928496 15.38626455
v 18.15820434 59.10143627 16.08107769
v 18.06754231 59.03558796 16.76133460
v 18.02468075 58.77013141 17.36235446
v 19.00214901 0.44424324 12.66112880
v 19.79498257 0.11050607 12.55900512
v 19.43371713 0.62758347 12.03924425
v 19.69995801 -0.16102478 13.55633165
v 19.44625750 -0.25079468 14.33647882
v 19.30241617 -0.34669285 15.23058008
v 19.18572275 -0.40433788 16.13967381
v 19.10608992 -0.44260193 17.07973175
v 19.04738165 -0.46283974 18.03545758
v 19.00000005 -0.46930809 19.00000019
v 18.95261848 -0.46283966 19.96454288
v 18.89391031 -0.44260174 20.92026901
v 18.81427767 -0.40433753 21.86032753
v 18.69758463 -0.34669229 22.76942211
v 18.55374391 -0.25079388 23.66352419
v 18.30004470 -0.16102345 24.44367103
v 18.20502338 0.11050877 25.44098016
v 17.99786841 0.44424276 26.33882300
v 18.56629069 0.62758167 25.96074211
v 18.89245228 0.87910951 12.42620486
v 19.42620395 1.12089310 11.89245221
v 18.10759515 0.87909443 26.57372246
v 18.57381982 1.12088256 26.10751376
v 19.03924359 1.37241845 12.43371727
v 19.66112439 1.55577085 12.00214872
v 17.96089045 1.37236490 26.56609878
v 18.33893853 1.55573112 25.99776098
v 19.55899972 1.88950459 12.79498360
v 19.55632780 2.16102647 13.69996115
v 19.33647597 2.25079475 14.44626003
v 19.23057804 2.34669266 15.30241815
v 19.13967258 2.40433771 16.18572410
v 19.07973110 2.44260182 17.10609073
v 19.03545726 2.46283967 18.04738210
v 19.00000003 2.46930805 19.00000028
v 18.96454280 2.46283964 19.95261859
v 18.92026897 2.44260173 20.89391036
v 18.86032752 2.40433752 21.81427768
v 18.76942223 2.34669226 22.69758448
v 18.66352539 2.25079363 23.55374259
v 18.44367927 2.16102167 24.30003610
v 18.44103816 1.88947808 25.20496735
v 19.44686104 17.09298925 14.55108886
v 18.73467459 17.45448721 13.94249238
v 19.18486457 16.86789426 15.24344378
v 18.91546822 16.80137233 15.98388629
v 18.58408044 16.90896869 16.70589126
v 18.13334858 17.20351073 17.33599660
v 18.52953776 17.68950703 17.82199290
v 19.05942843 17.91945190 13.41656275
v 18.77657411 18.35294148 18.14986404
v 19.41915380 18.45012292 12.94954430
v 18.80505083 19.01640303 12.51630806
v 18.90826171 19.15902667 18.34154063
v 19.20404350 19.60203416 12.10202162
v 18.60388302 20.19946704 11.69946568
v 18.96777267 20.06227213 18.43782164
v 19.00007221 20.80198472 11.30198449
v 18.99040947 21.02095642 18.47905602
v 19.39653729 21.40285634 10.90285615
v 18.79784582 22.00004976 10.50004775
v 18.99760694 22.00599806 18.49400323
v 19.20207280 22.59744177 10.09743980
v 18.60305691 23.19947681 9.69946440
v 18.99950510 23.00144463 18.49855547
v 18.99803626 23.80654204 9.30653556
v 18.99991637 24.00028932 18.49971069
v 19.38891692 24.41892766 8.91892731
v 18.77329742 25.04588527 8.54590790
v 18.99998867 25.00004749 18.49995252
v 19.13506071 25.70890839 8.20894956
v 18.44742446 26.43348249 7.93377031
v 18.99999880 26.00000627 18.49999373
v 18.68601733 27.23520035 7.73550886
v 18.99999990 27.00000065 18.49999935
v 18.84393823 28.11164658 7.61196029
v 18.99999999 28.00000005 18.49999995
v 18.93311161 29.04579743 7.54611210
v 19.00000000 29.00000000 18.50000000
v 18.97563399 30.01604133 7.51635614
v 19.00000000 30.00000000 18.50000000
v 18.99262345 31.00472288 7.50503769
v 19.00000000 31.00000000 18.50000000
v 18.99827086 32.00112414 7.50143895
v 19.00000000 32.00000000 18.50000000
v 18.99982092 33.00017510 7.50048983
v 19.00000000 33.00000000 18.50000000
v 19.00016895 33.99996966 7.50028396
v 19.00000000 34.00000000 18.50000000
v 19.00023186 34.99993432 7.50024687
v 19.00000000 35.00000000 18.50000000
v 19.00023995 35.99993177 7.50023914
v 19.00000000 36.00000000 18.50000000
v 19.00023814 36.99993712 7.50023300
v 19.00000000 37.00000000 18.50000000
v 19.00023248 37.99994755 7.50022428
v 19.00000000 38.00000000 18.50000000
v 19.00022449 38.99996133 7.50021458
v 19.00000000 39.00000000 18.50000000
v 19.00022296 39.99997133 7.50021024
v 19.00000000 40.00000000 18.50000000
v 19.00027516 40.99994805 7.50023814
v 19.00000000 41.00000000 18.50000000
v 19.00060526 41.99975532 7.50043065
v 19.00000000 42.00000000 18.50000000
v 19.00208784 42.99884204 7.50133449
v 19.00000000 43.00000000 18.50000000
v 19.00743344 43.99541077 7.50474316
v 19.00000000 44.00000000 18.50000000
v 19.02323655 44.98480453 7.51531359
v 19.00000000 45.00000000 18.50000000
v 19.06189496 45.95753095 7.54254593
v 19.00000000 46.00000000 18.50000000
v 19.14083739 46.89869632 7.60135161
v 19.00000000 47.00000000 18.50000000
v 19.27701916 47.79116535 7.70890819
v 19.00000000 47.99999995 18.49999995
v 19.47911772 48.62230615 7.87797787
v 19.00000000 48.99999935 18.49999935
v 18.74421799 49.38862517 8.11161281
v 19.06158141 50.09818131 8.40250488
v 19.00000000 49.99999373 18.49999373
v 19.41900279 50.76236282 8.73883832
v 19.00000000 50.99995251 18.49995252
v 18.80496650 51.38917086 9.11094895
v 19.20464213 51.99783468 9.50106728
v 19.00000001 51.99971064 18.49971073
v 18.60476225 52.59687579 9.90219799
v 19.00220389 53.19901931 10.29924266
v 19.00000009 52.99855482 18.49855602
v 19.39965460 53.80284882 10.69523449
v 19.00000111 53.99399692 18.49400825
v 18.79888655 54.40307936 11.09638951
v 19.20330965 55.00007150 11.49964375
v 19.00001022 54.97900799 18.47909162
v 18.60559229 55.59605196 11.90388985
v 19.00769757 56.19349913 12.30647673
v 19.00007341 55.93752726 18.43802226
v 19.42122996 56.78555783 12.71435266
v 19.00042159 56.84005985 18.34245411
v 18.86539928 57.35641031 13.14301150
v 19.36035007 57.88568314 13.61142827
v 19.00197267 57.64366040 18.15326217
v 18.92490885 58.35137335 14.13663186
v 19.57554251 58.72882415 14.72927547
v 19.00762911 58.30008801 17.83239786
v 19.32143708 58.98928497 15.38626455
v 19.15820434 59.10143627 16.08107769
v 19.06754231 59.03558796 16.76133460
v 19.02468075 58.77013141 17.36235446
v 20.00214983 0.44424338 11.66113009
v 20.79499422 0.11050334 11.55901963
v 20.43371590 0.62758651 11.03924431
v 20.69997726 -0.16103079 12.55636026
v 20.44627318 -0.25080076 13.33650643
v 20.30242799 -0.34669870 14.23060502
v 20.18573021 -0.40434260 15.13969256
v 20.10609405 -0.44260517 16.07974383
v 20.04738379 -0.46284168 17.03546450
v 20.00000113 -0.46930915 18.00000386
v 19.95261902 -0.46284021 18.96454476
v 19.89391058 -0.44260202 19.92026996
v 19.81427780 -0.40433767 20.86032801
v 19.69758469 -0.34669236 21.76942237
v 19.55374391 -0.25079395 22.66352454
v 19.30004439 -0.16102374 23.44367302
v 19.20502021 0.11050700 24.44099766
v 18.99785244 0.44424329 25.33886816
v 19.56628343 0.62758314 24.96075517
v 19.89245086 0.87911244 11.42620442
v 20.42619041 1.12091598 10.89244552
v 19.10755147 0.87910825 25.57378972
v 19.57379706 1.12089014 25.10754511
v 20.03923517 1.37243853 11.43371444
v 20.66106358 1.55588752 11.00211758
v 18.96076876 1.37241251 25.56626583
v 19.33887767 1.55575467 24.99784289
v 20.55896471 1.88962570 11.79497637
v 20.55633622 2.16107718 12.69999178
v 20.33648460 2.25081265 13.44629207
v 20.23058267 2.34670004 14.30244771
v 20.13967450 2.40434128 15.18574729
v 20.07973204 2.44260364 16.10610660
v 20.03545791 2.46284055 17.04739180
v 20.00000049 2.46930844 18.00000572
v 19.96454309 2.46283981 18.95262147
v 19.92026913 2.44260181 19.89391184
v 19.86032759 2.40433756 20.81427844
v 19.76942216 2.34669230 21.69758500
v 19.66352450 2.25079391 22.55374399
v 19.44367355 2.16102361 23.30004383
v 19.44100257 1.88949193 24.20501514
v 20.44686104 17.09298925 14.55108886
v 19.73467459 17.45448721 13.94249238
v 20.18486457 16.86789426 15.24344378
v 19.91546822 16.80137233 15.98388629
v 19.58408044 16.90896869 16.70589126
v 19.13334858 17.20351073 17.33599660
v 19.52953776 17.68950703 17.82199290
v 20.05942843 17.91945190 13.41656275
v 19.77657411 18.35294148 18.14986404
v 20.41915380 18.45012292 12.94954430
v 19.80505083 19.01640303 12.51630806
v 19.90826171 19.15902667 18.34154063
v 20.20404350 19.60203415 12.10202162
v 19.60388302 20.19946697 11.69946567
v 19.96777267 20.06227213 18.43782164
v 20.00007221 20.80198459 11.30198448
v 19.99040947 21.02095642 18.47905602
v 20.39653727 21.40285615 10.90285613
v 19.79784549 22.00004773 10.50004751
v 19.99760694 22.00599806 18.49400323
v 20.20207220 22.59743967 10.09743948
v 19.60305114 23.19946254 9.69946113
v 19.99950510 23.00144463 18.49855547
v 19.99802935 23.80653226 9.30653165
v 19.99991637 24.00028932 18.49971069
v 20.38891008 24.41892279 8.91892287
v 19.77325293 25.04587125 8.54587506
v 19.99998867 25.00004749 18.49995252
v 20.13502061 25.70890913 8.20891495
v 19.44720963 26.43352371 7.93357235
v 19.99999880 26.00000627 18.49999373
v 19.68581221 27.23525763 7.73530847
v 19.99999990 27.00000065 18.49999935
v 19.84373626 28.11170795 7.61175927
v 19.99999999 28.00000005 18.49999995
v 19.93291033 29.04585957 7.54591096
v 20.00000000 29.00000000 18.50000000
v 19.97543282 30.01610357 7.51615498
v 20.00000000 30.00000000 18.50000000
v 19.99242229 31.00478514 7.50483652
v 20.00000000 31.00000000 18.50000000
v 19.99806968 32.00118647 7.50123769
v 20.00000000 32.00000000 18.50000000
v 19.99961961 33.00023785 7.50028798
v 20.00000000 33.00000000 18.50000000
v 19.99996692 34.00003443 7.50007941
v 20.00000000 34.00000000 18.50000000
v 20.00002686 35.00000628 7.50003336
v 20.00000000 35.00000000 18.50000000
v 20.00002555 36.00002309 7.50000382
v 20.00000000 36.00000000 18.50000000
v 20.00000128 37.00006805 7.49995864
v 20.00000000 37.00000000 18.50000000
v 19.99995579 38.00014005 7.49989830
v 20.00000000 38.00000000 18.50000000
v 19.99989610 39.00022626 7.49983818
v 20.00000000 39.00000000 18.50000000
v 19.99984738 40.00030036 7.49979801
v 20.00000000 40.00000000 18.50000000
v 19.99987485 41.00031879 7.49981025
v 20.00000000 41.00000000 18.50000000
v 20.00021216 42.00014255 7.50000864
v 20.00000000 42.00000000 18.50000000
v 20.00173206 42.99922111 7.50094434
v 20.00000000 43.00000000 18.50000000
v 20.00713597 43.99575353 7.50441524
v 20.00000000 44.00000000 18.50000000
v 20.02300856 44.98508135 7.51507178
v 20.00000000 45.00000000 18.50000000
v 20.06173948 45.95772768 7.54239296
v 20.00000000 46.00000000 18.50000000
v 20.14074619 46.89884880 7.60126098
v 20.00000000 47.00000000 18.50000000
v 20.27696529 47.79145429 7.70880337
v 20.00000000 47.99999995 18.49999995
v 20.47904394 48.62334147 7.87762627
v 20.00000000 48.99999935 18.49999935
v 19.74407022 49.38981980 8.11117795
v 20.06107226 50.10153013 8.40104210
v 20.00000000 49.99999373 18.49999373
v 20.41744388 50.76954467 8.73467589
v 20.00000000 50.99995251 18.49995252
v 19.80420722 51.39329577 9.10710842
v 20.20548435 52.00281674 9.49287844
v 20.00000001 51.99971064 18.49971073
v 19.60725043 52.59892313 9.89741986
v 20.00752893 53.20125822 10.29315415
v 20.00000009 52.99855482 18.49855602
v 20.40562826 53.80573245 10.68993894
v 20.00000111 53.99399692 18.49400825
v 19.80084733 54.40407943 11.09472965
v 20.20438233 55.00102525 11.49874147
v 20.00001022 54.97900799 18.47909162
v 19.60584178 55.59625898 11.90368432
v 20.00776878 56.19363205 12.30640103
v 20.00007341 55.93752726 18.43802226
v 20.42123210 56.78562510 12.71433068
v 20.00042159 56.84005985 18.34245411
v 19.86539986 57.35641902 13.14300853
v 20.36034904 57.88568624 13.61142766
v 20.00197267 57.64366040 18.15326217
v 19.92490877 58.35137361 14.13663181
v 20.57554247 58.72882421 14.72927546
v 20.00762911 58.30008801 17.83239786
v 20.32143707 58.98928497 15.38626455
v 20.15820434 59.10143627 16.08107769
v 20.06754231 59.03558796 16.76133460
v 20.02468075 58.77013141 17.36235446
v 21.00215017 0.44424624 10.66113173
v 21.79502050 0.11049823 10.55904490
v 21.43369893 0.62760638 10.03923336
v 21.70005434 -0.16105089 11.55644540
v 21.44636598 -0.25082819 12.33662756
v 21.30252721 -0.34673386 13.23075995
v 21.18581379 -0.40437964 14.13984993
v 21.10615128 -0.44263753 15.07987375
v 21.04741732 -0.46286552 16.03555444
v 21.00001904 -0.46932434 17.00005818
v 20.95262822 -0.46284887 17.96457465
v 20.89391525 -0.44260662 18.92028555
v 20.81428017 -0.40434004 19.86033596
v 20.69758588 -0.34669355 20.76942637
v 20.55374451 -0.25079456 21.66352660
v 20.30004466 -0.16102405 22.44367412
v 20.20502013 0.11050668 23.44099947
v 19.99785124 0.44424325 24.33887136
v 20.56628299 0.62758319 23.96075610
v 20.89243336 0.87913627 10.42619426
v 21.42607963 1.12104519 9.89237289
v 20.10754790 0.87910924 24.57379485
v 20.57379529 1.12089066 24.10754755
v 21.03913939 1.37258667 10.43365893
v 21.66059526 1.55648252 10.00181132
v 19.96075698 1.37241648 24.56628165
v 20.33887195 1.55575660 23.99785063
v 21.55852695 1.89045974 10.79471180
v 21.55625439 2.16167144 11.69999080
v 21.33653447 2.25109390 12.44641073
v 21.23064841 2.34682824 13.30262441
v 21.13971565 2.40439892 14.18593189
v 21.07975104 2.44263207 15.10626459
v 21.03546686 2.46285538 16.04750775
v 21.00000625 2.46931568 17.00008081
v 20.96454724 2.46284295 17.95266551
v 20.92027179 2.44260308 18.89393586
v 20.86032910 2.40433809 19.81429101
v 20.76942295 2.34669254 20.69759140
v 20.66352486 2.25079404 21.55374736
v 20.44367331 2.16102379 22.30004599
v 20.44099932 1.88949309 23.20502057
v 21.44686104 17.09298925 14.55108886
v 20.73467459 17.45448721 13.94249238
v 21.18486457 16.86789426 15.24344378
v 20.91546822 16.80137233 15.98388629
v 20.58408044 16.90896869 16.70589126
v 20.13334858 17.20351073 17.33599660
v 20.52953776 17.68950703 17.82199290
v 21.05942843 17.91945190 13.41656275
v 20.77657411 18.35294148 18.14986404
v 21.41915380 18.45012292 12.94954430
v 20.80505083 19.01640303 12.51630806
v 20.90826171 19.15902667 18.34154063
v 21.20404350 19.60203415 12.10202162
v 20.60388302 20.19946697 11.69946567
v 20.96777267 20.06227213 18.43782164
v 21.00007221 20.80198458 11.30198448
v 20.99040947 21.02095642 18.47905602
v 21.39653727 21.40285613 10.90285613
v 20.79784544 22.00004750 10.50004749
v 20.99760694 22.00599806 18.49400323
v 21.20207213 22.59743947 10.09743945
v 20.60305035 23.19946085 9.69946073
v 20.99950510 23.00144463 18.49855547
v 20.99802852 23.80653123 9.30653119
v 20.99991637 24.00028932 18.49971069
v 21.38890933 24.41892234 8.91892236
v 20.77324681 25.04586981 8.54587028
v 20.99998867 25.00004749 18.49995252
v 21.13501513 25.70890938 8.20891000
v 20.44717244 26.43353048 7.93353699
v 20.99999880 26.00000627 18.49999373
v 20.68577619 27.23526620 7.73527289
v 20.99999990 27.00000065 18.49999935
v 20.84370055 28.11171691 7.61172363
v 20.99999999 28.00000005 18.49999995
v 20.93287468 29.04586859 7.54587532
v 21.00000000 29.00000000 18.50000000
v 20.97539717 30.01611262 7.51611932
v 21.00000000 30.00000000 18.50000000
v 20.99238661 31.00479428 7.50480071
v 21.00000000 31.00000000 18.50000000
v 20.99803375 32.00119635 7.50120071
v 21.00000000 32.00000000 18.50000000
v 20.99958217 33.00025175 7.50024481
v 21.00000000 33.00000000 18.50000000
v 20.99992254 34.00006472 7.50001196
v 21.00000000 34.00000000 18.50000000
v 20.99995731 35.00008776 7.49989589
v 21.00000000 35.00000000 18.50000000
v 20.99988536 36.00022726 7.49971821
v 21.00000000 36.00000000 18.50000000
v 20.99971201 37.00049636 7.49944379
v 21.00000000 37.00000000 18.50000000
v 20.99943572 38.00087719 7.49912468
v 21.00000000 38.00000000 18.50000000
v 20.99912105 39.00128093 7.49885231
v 21.00000000 39.00000000 18.50000000
v 20.99888593 40.00159618 7.49868940
v 21.00000000 40.00000000 18.50000000
v 20.99885972 41.00174569 7.49866755
v 21.00000000 41.00000000 18.50000000
v 20.99927595 42.00160056 7.49891504
v 21.00000000 42.00000000 18.50000000
v 21.00095309 43.00060899 7.49999206
v 21.00000000 43.00000000 18.50000000
v 21.00652722 43.99694527 7.50368903
v 21.00000000 44.00000000 18.50000000
v 21.02255626 44.98596128 7.51460266
v 21.00000000 45.00000000 18.50000000
v 21.06143641 45.95827729 7.54213572
v 21.00000000 46.00000000 18.50000000
v 21.14057384 46.89923293 7.60110538
v 21.00000000 47.00000000 18.50000000
v 21.27686883 47.79218726 7.70852484
v 21.00000000 47.99999995 18.49999995
v 21.47896883 48.62578373 7.87663335
v 21.00000000 48.99999935 18.49999935
v 20.74385220 49.39321471 8.10990612
v 21.06030689 50.11038752 8.39732087
v 21.00000000 49.99999373 18.49999373
v 21.41404118 50.78725225 8.72582467
v 21.00000000 50.99995251 18.49995252
v 20.80064777 51.40405301 9.09713961
v 21.20505979 52.01220323 9.47273370
v 21.00000001 51.99971064 18.49971073
v 20.61535139 52.60335383 9.88421874
v 21.02246765 53.20678321 10.27918879
v 21.00000009 52.99855482 18.49855602
v 21.41703720 53.81445149 10.68097028
v 21.00000111 53.99399692 18.49400825
v 20.80460364 54.40742476 11.09158402
v 21.20559750 55.00388260 11.49736944
v 21.00001022 54.97900799 18.47909162
v 20.60617239 55.59695847 11.90331637
v 21.00776616 56.19402860 12.30627925
v 21.00007341 55.93752726 18.43802226
v 21.42116416 56.78580151 12.71429314
v 21.00042159 56.84005985 18.34245411
v 20.86539036 57.35644592 13.14300291
v 21.36034354 57.88569460 13.61142611
v 21.00197267 57.64366040 18.15326217
v 20.92490822 58.35137447 14.13663168
v 21.57554231 58.72882439 14.72927543
v 21.00762911 58.30008801 17.83239786
v 21.32143706 58.98928498 15.38626455
v 21.15820434 59.10143627 16.08107769
v 21.06754231 59.03558796 16.76133460
v 21.02468075 58.77013141 17.36235446
v 22.00213371 0.44426226 9.66112000
v 22.79503078 0.11049499 9.55905386
v 22.43360739 0.62767254 9.03916342
v 22.70018446 -0.16108630 10.55654697
v 22.44661281 -0.25089551 11.33685826
v 22.30292864 -0.34685061 12.23121142
v 22.18630642 -0.40454240 13.14052038
v 22.10661581 -0.44282287 14.08064491
v 22.04776459 -0.46304010 15.03625908
v 22.00023591 -0.46946241 16.00058718
v 21.95274915 -0.46294254 16.96491448
v 21.89397904 -0.44266270 17.92048064
v 21.81431312 -0.40437087 18.86044063
v 21.69760264 -0.34670960 19.76948030
v 21.55375315 -0.25080289 20.66355449
v 21.30004884 -0.16102809 21.44368766
v 21.20502258 0.11050430 22.44100750
v 20.99785146 0.44424296 23.33887252
v 21.56628358 0.62758258 22.96075827
v 21.89232198 0.87924209 9.42611379
v 22.42559187 1.12144066 8.89200784
v 21.10754775 0.87910923 23.57379544
v 21.57379536 1.12089057 23.10754855
v 22.03856112 1.37320491 9.43325514
v 22.65867978 1.55817372 9.00040287
v 20.96075611 1.37241675 23.56628310
v 21.33887174 1.55575676 22.99785289
v 22.55581475 1.89378197 9.79281194
v 22.55442891 2.16545332 10.69874771
v 22.33602857 2.25359835 11.44608356
v 22.23084607 2.34833178 12.30294284
v 22.14009058 2.40516630 13.18666277
v 22.08003082 2.44299644 14.10715912
v 22.03561285 2.46303852 15.04835241
v 22.00007606 2.46941393 16.00074928
v 21.96458955 2.46289270 16.95312665
v 21.92030228 2.44262486 17.89422059
v 21.86034957 2.40434642 18.81445291
v 21.76943494 2.34669559 19.69767789
v 21.66353144 2.25079524 20.55379299
v 21.44367653 2.16102431 21.30006835
v 21.44100103 1.88949342 22.20503419
v 22.44686104 17.09298925 14.55108886
v 21.73467459 17.45448721 13.94249238
v 22.18486457 16.86789426 15.24344378
v 21.91546822 16.80137233 15.98388629
v 21.58408044 16.90896869 16.70589126
v 21.13334858 17.20351073 17.33599660
v 21.52953776 17.68950703 17.82199290
v 22.05942843 17.91945190 13.41656275
v 21.77657411 18.35294148 18.14986404
v 22.41915380 18.45012292 12.94954430
v 21.80505083 19.01640303 12.51630806
v 21.90826171 19.15902667 18.34154063
v 22.20404350 19.60203415 12.10202162
v 21.60388302 20.19946696 11.69946567
v 21.96777267 20.06227213 18.43782164
v 22.00007221 20.80198458 11.30198448
v 21.99040947 21.02095642 18.47905602
v 22.39653727 21.40285613 10.90285613
v 21.79784544 22.00004749 10.50004748
v 21.99760694 22.00599806 18.49400323
v 22.20207213 22.59743945 10.09743945
v 21.60305027 23.19946071 9.69946070
v 21.99950510 23.00144463 18.49855547
v 21.99802844 23.80653115 9.30653115
v 21.99991637 24.00028932 18.49971069
v 22.38890927 24.41892231 8.91892232
v 21.77324616 25.04586970 8.54586974
v 21.99998867 25.00004749 18.49995252
v 22.13501455 25.70890941 8.20890946
v 21.44716729 26.43353131 7.93353199
v 21.99999880 26.00000627 18.49999373
v 21.68577114 27.23526718 7.73526787
v 21.99999990 27.00000065 18.49999935
v 21.84369552 28.11171792 7.61171861
v 21.99999999 28.00000005 18.49999995
v 21.93286965 29.04586962 7.54587028
v 22.00000000 29.00000000 18.50000000
v 21.97539209 30.01611376 7.51611407
v 22.00000000 30.00000000 18.50000000
v 21.99238115 31.00479640 7.50479374
v 22.00000000 31.00000000 18.50000000
v 21.99802584 32.00120439 7.50118304
v 22.00000000 32.00000000 18.50000000
v 21.99956189 33.00028716 7.50017805
v 22.00000000 33.00000000 18.50000000
v 21.99985207 34.00019821 7.49977767
v 22.00000000 34.00000000 18.50000000
v 21.99972385 35.00049590 7.49923822
v 22.00000000 35.00000000 18.50000000
v 21.99924030 36.00123204 7.49827986
v 22.00000000 36.00000000 18.50000000
v 21.99829377 37.00248466 7.49697004
v 22.00000000 37.00000000 18.50000000
v 21.99698118 38.00406452 7.49567252
v 22.00000000 38.00000000 18.50000000
v 21.99572323 39.00552817 7.49474841
v 22.00000000 39.00000000 18.50000000
v 21.99500223 40.00651476 7.49430537
v 22.00000000 40.00000000 18.50000000
v 21.99506946 41.00695046 7.49431436
v 22.00000000 41.00000000 18.50000000
v 21.99601470 42.00677532 7.49491858
v 22.00000000 42.00000000 18.50000000
v 21.99836285 43.00536283 7.49672361
v 22.00000000 43.00000000 18.50000000
v 22.00453930 44.00077541 7.50140548
v 22.00000000 44.00000000 18.50000000
v 22.02112222 44.98851774 7.51326991
v 22.00000000 45.00000000 18.50000000
v 22.06055663 45.95966980 7.54146747
v 22.00000000 46.00000000 18.50000000
v 22.14013457 46.90006503 7.60070541
v 22.00000000 47.00000000 18.50000000
v 22.27662153 47.79356508 7.70779483
v 22.00000000 47.99999995 18.49999995
v 22.47875596 48.62975686 7.87426722
v 22.00000000 48.99999935 18.49999935
v 21.74395535 49.40050374 8.10680403
v 22.06144297 50.12854734 8.39001880
v 22.00000000 49.99999373 18.49999373
v 22.41477593 50.82588189 8.71377606
v 22.00000000 50.99995251 18.49995252
v 21.78515848 51.42680200 9.07793383
v 22.18621703 52.01911526 9.43109199
v 22.00000001 51.99971064 18.49971073
v 21.64365613 52.60776190 9.85330534
v 22.05694550 53.22101348 10.25624251
v 22.00000009 52.99855482 18.49855602
v 22.42594734 53.83883570 10.67348731
v 22.00000111 53.99399692 18.49400825
v 21.80824795 54.41663731 11.08771965
v 22.20504727 55.01037964 11.49584729
v 22.00001022 54.97900799 18.47909162
v 21.60608836 55.59876935 11.90281212
v 22.00738286 56.19491846 12.30609525
v 22.00007341 55.93752726 18.43802226
v 22.42090376 56.78613684 12.71421296
v 22.00042159 56.84005985 18.34245411
v 21.86534766 57.35650669 13.14298991
v 22.36032794 57.88571044 13.61142135
v 22.00197267 57.64366040 18.15326217
v 21.92490644 58.35137643 14.13663122
v 22.57554193 58.72882473 14.72927531
v 22.00762911 58.30008801 17.83239786
v 22.32143704 58.98928501 15.38626454
v 22.15820434 59.10143628 16.08107769
v 22.06754231 59.03558796 16.76133460
v 22.02468075 58.77013141 17.36235446
v 23.00204630 0.44430057 8.66106046
v 23.79491170 0.11048033 8.55901173
v 23.43334045 0.62777491 8.03899085
v 23.70025628 -0.16111829 9.55658524
v 23.44688032 -0.25098057 10.33702305
v 23.30362801 -0.34706229 11.23174361
v 23.18765228 -0.40494791 12.14178414
v 23.10853680 -0.44343565 13.08287099
v 23.04981662 -0.46378830 14.03920943
v 23.00192512 -0.47021625 15.00360976
v 22.95388013 -0.46358018 15.96739838
v 22.89464082 -0.44312298 16.92218969
v 22.81467504 -0.40466193 17.86147424
v 22.69779325 -0.34687521 18.77005133
v 22.55385337 -0.25089272 19.66385999
v 22.30009823 -0.16107291 20.44383941
v 22.20505157 0.11047803 21.44109663
v 21.99785566 0.44423892 22.33888623
v 22.56629250 0.62757418 21.96078795
v 22.89193341 0.87948686 8.42582337
v 23.42440555 1.12204681 7.89118445
v 22.10754902 0.87910806 22.57380023
v 22.57379866 1.12088825 22.10756328
v 23.03665835 1.37458518 8.43184638
v 23.65429735 1.56064105 7.99736847
v 21.96075675 1.37241659 22.56628744
v 22.33887561 1.55575658 21.99787744
v 23.54709828 1.90098407 8.78632733
v 23.54375920 2.17808415 9.69089402
v 23.32908189 2.26531241 10.44085515
v 23.22799115 2.35812047 11.30031118
v 23.14046881 2.41180822 12.18669357
v 23.08168406 2.44671568 13.10932917
v 23.03710162 2.46489885 14.05172266
v 23.00095723 2.47037055 15.00432948
v 22.96503066 2.46342314 15.95620471
v 22.92056027 2.44290763 16.89649029
v 22.86053579 2.40447501 17.81594018
v 22.76956361 2.34674378 18.69855904
v 22.66361173 2.25081059 19.55428916
v 22.44371895 2.16102905 20.30032132
v 22.44102735 1.88949475 21.20518637
v 23.44686104 17.09298925 14.55108886
v 22.73467459 17.45448721 13.94249238
v 23.18486457 16.86789426 15.24344378
v 22.91546822 16.80137233 15.98388629
v 22.58408044 16.90896869 16.70589126
v 22.13334858 17.20351073 17.33599660
v 22.52953776 17.68950703 17.82199290
v 23.05942843 17.91945190 13.41656275
v 22.77657411 18.35294148 18.14986404
v 23.41915380 18.45012292 12.94954430
v 22.80505083 19.01640303 12.51630806
v 22.90826171 19.15902667 18.34154063
v 23.20404350 19.60203415 12.10202162
v 22.60388302 20.19946696 11.69946567
v 22.96777267 20.06227213 18.43782164
v 23.00007221 20.80198458 11.30198448
v 22.99040947 21.02095642 18.47905602
v 23.39653727 21.40285613 10.90285613
v 22.79784544 22.00004749 10.50004748
v 22.99760694 22.00599806 18.49400323
v 23.20207213 22.59743945 10.09743945
v 22.60305027 23.19946070 9.69946070
v 22.99950510 23.00144463 18.49855547
v 22.99802844 23.80653115 9.30653115
v 22.99991637 24.00028932 18.49971069
v 23.38890927 24.41892231 8.91892231
v 22.77324611 25.04586970 8.54586970
v 22.99998867 25.00004749 18.49995252
v 23.13501450 25.70890941 8.20890941
v 22.44716673 26.43353139 7.93353144
v 22.99999880 26.00000627 18.49999373
v 22.68577058 27.23526727 7.73526732
v 22.99999990 27.00000065 18.49999935
v 22.84369497 28.11171802 7.61171804
v 22.99999999 28.00000005 18.49999995
v 22.93286905 29.04586982 7.54586951
v 23.00000000 29.00000000 18.50000000
v 22.97539105 30.01611492 7.51611134
v 23.00000000 30.00000000 18.50000000
v 22.99237700 31.00480406 7.50477700
v 23.00000000 31.00000000 18.50000000
v 22.99800469 32.00124548 7.50109185
v 23.00000000 32.00000000 18.50000000
v 22.99946528 33.00046272 7.49978835
v 23.00000000 33.00000000 18.50000000
v 22.99947998 34.00080612 7.49848671
v 23.00000000 34.00000000 18.50000000
v 22.99853251 35.00222214 7.49593026
v 23.00000000 35.00000000 18.50000000
v 22.99614663 36.00522774 7.49173834
v 23.00000000 36.00000000 18.50000000
v 22.99200584 37.00990135 7.48682699
v 23.00000000 37.00000000 18.50000000
v 22.98707004 38.01512316 7.48279261
v 23.00000000 38.00000000 18.50000000
v 22.98328531 39.01924945 7.48047883
v 23.00000000 39.00000000 18.50000000
v 22.98202062 40.02157650 7.47971503
v 23.00000000 40.00000000 18.50000000
v 22.98337704 41.02242524 7.48031482
v 23.00000000 41.00000000 18.50000000
v 22.98656752 42.02183187 7.48268629
v 23.00000000 42.00000000 18.50000000
v 22.99102606 43.01861768 7.48747259
v 23.00000000 43.00000000 18.50000000
v 22.99892106 44.01057875 7.49555943
v 23.00000000 44.00000000 18.50000000
v 23.01731835 44.99423802 7.51017230
v 23.00000000 45.00000000 18.50000000
v 23.05855046 45.96228934 7.54001003
v 23.00000000 46.00000000 18.50000000
v 23.13925070 46.90135366 7.59984180
v 23.00000000 47.00000000 18.50000000
v 23.27585218 47.79527164 7.70624617
v 23.00000000 47.99999995 18.49999995
v 23.47687411 48.63335877 7.86952859
v 23.00000000 48.99999935 18.49999935
v 22.74477976 49.41090457 8.10023860
v 23.07190283 50.15428239 8.37727214
v 23.00000000 49.99999373 18.49999373
v 23.49482875 50.91762382 8.71326602
v 23.00000000 50.99995251 18.49995252
v 22.71977167 51.47282426 9.05629853
v 22.99487083 51.98212961 9.35333614
v 23.00000001 51.99971064 18.49971073
v 22.77865189 52.59073752 9.78152133
v 23.06851329 53.28285087 10.25456457
v 23.00000009 52.99855482 18.49855602
v 23.42072486 53.88142010 10.67022957
v 23.00000111 53.99399692 18.49400825
v 22.80612084 54.43522099 11.08463063
v 23.19886253 55.02132470 11.49435275
v 23.00001022 54.97900799 18.47909162
v 22.60436603 55.60227217 11.90216376
v 23.00611383 56.19633748 12.30572826
v 23.00007341 55.93752726 18.43802226
v 23.42034663 56.78655686 12.71400874
v 23.00042159 56.84005985 18.34245411
v 22.86524246 57.35660146 13.14295408
v 23.36029910 57.88573020 13.61140869
v 23.00197267 57.64366040 18.15326217
v 22.92490261 58.35137948 14.13662977
v 23.57554128 58.72882515 14.72927499
v 23.00762911 58.30008801 17.83239786
v 23.32143698 58.98928505 15.38626452
v 23.15820433 59.10143628 16.08107769
v 23.06754231 59.03558796 16.76133460
v 23.02468075 58.77013141 17.36235446
v 24.00172459 0.44431309 7.66092847
v 24.79397610 0.11028577 7.55872340
v 24.43262412 0.62779220 7.03873325
v 24.70010083 -0.16116560 8.55654340
v 24.44696604 -0.25103424 9.33705563
v 24.30411219 -0.34724689 10.23196373
v 24.18915036 -0.40547997 11.14265932
v 24.11199283 -0.44459008 12.08545529
v 24.05568427 -0.46569916 13.04479702
v 24.00918576 -0.47270889 14.01241187
v 23.96055247 -0.46623873 14.97772634
v 23.89944901 -0.44550230 15.93157886
v 23.81764069 -0.40648545 16.86845625
v 23.69947522 -0.34808570 17.77450036
v 23.55478177 -0.25162224 18.66645816
v 23.30057351 -0.16146218 19.44520182
v 23.20533306 0.11024572 20.44190778
v 22.99790614 0.44419328 21.33904300
v 23.56640385 0.62747579 20.96113893
v 23.89117260 0.87974449 7.42539264
v 24.42283235 1.12245371 6.89056233
v 23.10756867 0.87909084 21.57387020
v 23.57385374 1.12084906 21.10777987
v 24.03331997 1.37601319 7.42979343
v 24.64941946 1.56221100 6.99532916
v 22.96076914 1.37241180 21.56635147
v 23.33893329 1.55574595 20.99817543
v 24.53196777 1.90813512 7.77659199
v 24.51594135 2.19866632 8.66917685
v 24.30148091 2.29337352 9.41927695
v 24.20407792 2.39120784 10.28136769
v 24.12751484 2.44317258 11.17373436
v 24.08091845 2.47065557 12.10482302
v 24.04284008 2.47955820 13.05564218
v 24.00728877 2.47809093 14.01411844
v 23.96929042 2.46748734 14.96833828
v 23.92281135 2.44524185 15.90791022
v 23.86183935 2.40579749 16.82499969
v 23.77050153 2.34738429 17.70483129
v 23.66430428 2.25105384 18.55827776
v 23.44413626 2.16110329 19.30253555
v 23.44130919 1.88950586 20.20657887
v 24.44686104 17.09298925 14.55108886
v 23.73467459 17.45448721 13.94249238
v 24.18486457 16.86789426 15.24344378
v 23.91546822 16.80137233 15.98388629
v 23.58408044 16.90896869 16.70589126
v 23.13334858 17.20351073 17.33599660
v 23.52953776 17.68950703 17.82199290
v 24.05942843 17.91945190 13.41656275
v 23.77657411 18.35294148 18.14986404
v 24.41915380 18.45012292 12.94954430
v 23.80505083 19.01640303 12.51630806
v 23.90826171 19.15902667 18.34154063
v 24.20404350 19.60203415 12.10202162
v 23.60388302 20.19946696 11.69946567
v 23.96777267 20.06227213 18.43782164
v 24.00007221 20.80198458 11.30198448
v 23.99040947 21.02095642 18.47905602
v 24.39653727 21.40285613 10.90285613
v 23.79784544 22.00004749 10.50004748
v 23.99760694 22.00599806 18.49400323
v 24.20207213 22.59743945 10.09743945
v 23.60305027 23.19946070 9.69946070
v 23.99950510 23.00144463 18.49855547
v 23.99802844 23.80653115 9.30653115
v 23.99991637 24.00028932 18.49971069
v 24.38890927 24.41892231 8.91892231
v 23.77324611 25.04586970 8.54586970
v 23.99998867 25.00004749 18.49995252
v 24.13501450 25.70890941 8.20890941
v 23.44716668 26.43353139 7.93353139
v 23.99999880 26.00000627 18.49999373
v 23.68577054 27.23526728 7.73526726
v 23.99999990 27.00000065 18.49999935
v 23.84369488 28.11171810 7.61171783
v 23.99999999 28.00000005 18.49999995
v 23.93286856 29.04587062 7.54586758
v 24.00000000 29.00000000 18.50000000
v 23.97538749 30.01612101 7.51609547
v 24.00000000 30.00000000 18.50000000
v 23.99235531 31.00483962 7.50467600
v 24.00000000 31.00000000 18.50000000
v 23.99789667 32.00140943 7.50059447
v 24.00000000 32.00000000 18.50000000
v 23.99901508 33.00108126 7.49787628
v 24.00000000 33.00000000 18.50000000
v 23.99787851 34.00278545 7.49273016
v 24.00000000 34.00000000 18.50000000
v 23.99368380 35.00766930 7.48245476
v 24.00000000 35.00000000 18.50000000
v 23.98412093 36.01765904 7.46763008
v 24.00000000 36.00000000 18.50000000
v 23.96924706 37.03206776 7.45325600
v 24.00000000 37.00000000 18.50000000
v 23.95461185 38.04590040 7.44392508
v 24.00000000 38.00000000 18.50000000
v 23.94660235 39.05475523 7.43983574
v 24.00000000 39.00000000 18.50000000
v 23.94707486 40.05888777 7.43945336
v 24.00000000 40.00000000 18.50000000
v 23.95440114 41.06022801 7.44301117
v 24.00000000 41.00000000 18.50000000
v 23.96433193 42.05805496 7.45216985
v 24.00000000 42.00000000 18.50000000
v 23.97339735 43.04868964 7.46666055
v 24.00000000 43.00000000 18.50000000
v 23.98553778 44.03013549 7.48378009
v 24.00000000 44.00000000 18.50000000
v 24.00949873 45.00365269 7.50434496
v 24.00000000 45.00000000 18.50000000
v 24.05529386 45.96578373 7.53736845
v 24.00000000 46.00000000 18.50000000
v 24.13788582 46.90277203 7.59835576
v 24.00000000 47.00000000 18.50000000
v 24.27381486 47.79664437 7.70376561
v 24.00000000 47.99999995 18.49999995
v 24.47032275 48.63496941 7.86269351
v 24.00000000 48.99999935 18.49999935
v 23.73991739 49.41520976 8.08681462
v 24.05859019 50.13833350 8.33987527
v 24.00000000 49.99999373 18.49999373
v 24.41670506 50.70300242 8.56444513
v 24.00000000 50.99995251 18.49995252
v 23.47685366 51.60756710 9.08845909
v 24.37959929 51.42017139 8.93209361
v 24.00000001 51.99971064 18.49971073
v 23.82726412 52.18315328 9.43288764
v 23.68293164 52.83028063 9.89223400
v 24.06203186 53.35117169 10.24937448
v 24.00000009 52.99855482 18.49855602
v 24.39026964 53.94065913 10.67558223
v 24.00000111 53.99399692 18.49400825
v 23.78877266 54.46306638 11.08337978
v 24.18178424 55.03351560 11.49159212
v 24.00001022 54.97900799 18.47909162
v 23.59931246 55.60693044 11.90093221
v 24.00375401 56.19768652 12.30482009
v 24.00007341 55.93752726 18.43802226
v 24.41960919 56.78682237 12.71358349
v 24.00042159 56.84005985 18.34245411
v 23.86507654 57.35669146 13.14287076
v 24.36026434 57.88574370 13.61138487
v 24.00197267 57.64366040 18.15326217
v 23.92489707 58.35138245 14.13662655
v 24.57554053 58.72882546 14.72927442
v 24.00762911 58.30008801 17.83239786
v 24.32143690 58.98928509 15.38626447
v 24.15820433 59.10143628 16.08107768
v 24.06754231 59.03558796 16.76133460
v 24.02468075 58.77013141 17.36235446
v 24.99984542 0.44401454 6.66024449
v 25.78792856 0.10878792 6.55668372
v 25.42813058 0.62722567 6.03650408
v 25.69862189 -0.16151980 7.55612971
v 25.44663867 -0.25112321 8.33697220
v 25.30419413 -0.34732816 9.23198262
v 25.18981924 -0.40578751 10.14286829
v 25.11441606 -0.44563258 11.08646509
v 25.06234512 -0.46835765 12.04848356
v 25.02299022 -0.47769390 13.02258807
v 24.98113938 -0.47326801 13.99788990
v 24.92112080 -0.45333873 14.95971482
v 24.83457478 -0.41380433 15.89737250
v 24.71038110 -0.35393178 16.79772433
v 24.56134152 -0.25575609 17.68242124
v 24.30417000 -0.16394872 18.45452782
v 24.20754532 0.10866131 19.44777602
v 23.99842055 0.44377017 20.34053951
v 24.56760810 0.62654159 19.96463831
v 24.88945899 0.87977856 6.42477022
v 25.41855222 1.12252612 5.88853223
v 24.10783975 0.87887186 20.57475457
v 24.57464066 1.12034763 20.11042375
v 25.03014280 1.37649268 6.42913374
v 25.64423691 1.56240502 5.99424774
v 23.96096335 1.37232135 20.56716624
v 24.33964595 1.55557713 20.00115444
v 25.52185352 1.90979178 6.77519921
v 25.47908323 2.20925870 7.65087349
v 25.24809215 2.32168337 8.37971603
v 25.14104061 2.44668030 9.22860979
v 25.06166866 2.51914197 10.12046940
v 25.03340554 2.55246219 11.05903951
v 25.03285454 2.55042288 12.02926714
v 25.02332700 2.52580710 13.01372630
v 24.99123027 2.49379366 13.98957459
v 24.93965636 2.45933765 14.94091010
v 24.87127145 2.41415220 15.85965427
v 24.77579296 2.35246436 16.73411880
v 24.66837928 2.25368911 17.58034559
v 24.44700231 2.16219188 18.31651708
v 24.44359903 1.88977337 19.21631450
v 25.44686104 17.09298925 14.55108886
v 24.73467459 17.45448721 13.94249238
v 25.18486457 16.86789426 15.24344378
v 24.91546822 16.80137233 15.98388629
v 24.58408044 16.90896869 16.70589126
v 24.13334858 17.20351073 17.33599660
v 24.52953776 17.68950703 17.82199290
v 25.05942843 17.91945190 13.41656275
v 24.77657411 18.35294148 18.14986404
v 25.41915380 18.45012292 12.94954430
v 24.80505083 19.01640303 12.51630806
v 24.90826171 19.15902667 18.34154063
v 25.20404350 19.60203415 12.10202162
v 24.60388302 20.19946696 11.69946567
v 24.96777267 20.06227213 18.43782164
v 25.00007221 20.80198458 11.30198448
v 24.99040947 21.02095642 18.47905602
v 25.39653727 21.40285613 10.90285613
v 24.79784544 22.00004749 10.50004748
v 24.99760694 22.00599806 18.49400323
v 25.20207213 22.59743945 10.09743945
v 24.60305027 23.19946070 9.69946070
v 24.99950510 23.00144463 18.49855547
v 24.99802844 23.80653115 9.30653115
v 24.99991637 24.00028932 18.49971069
v 25.38890927 24.41892231 8.91892231
v 24.77324611 25.04586970 8.54586970
v 24.99998867 25.00004749 18.49995252
v 25.13501450 25.70890941 8.20890941
v 24.44716668 26.43353139 7.93353139
v 24.99999880 26.00000627 18.49999373
v 24.68577051 27.23526732 7.73526716
v 24.99999990 27.00000065 18.49999935
v 24.84369457 28.11171853 7.61171659
v 24.99999999 28.00000005 18.49999995
v 24.93286590 29.04587419 7.54585578
v 25.00000000 29.00000000 18.50000000
v 24.97536985 30.01614275 7.51601015
v 25.00000000 30.00000000 18.50000000
v 24.99226199 31.00494103 7.50419794
v 25.00000000 31.00000000 18.50000000
v 24.99748895 32.00178868 7.49848663
v 25.00000000 32.00000000 18.50000000
v 24.99748115 33.00231771 7.49048779
v 25.00000000 33.00000000 18.50000000
v 24.99273131 34.00669658 7.47210329
v 25.00000000 34.00000000 18.50000000
v 24.97823823 35.01980715 7.43738271
v 25.00000000 35.00000000 18.50000000
v 24.94542727 36.04861436 7.39481787
v 25.00000000 36.00000000 18.50000000
v 24.90074578 37.08654858 7.36329660
v 25.00000000 37.00000000 18.50000000
v 24.86816585 38.11489202 7.34834343
v 25.00000000 38.00000000 18.50000000
v 24.85927859 39.12835916 7.34356200
v 25.00000000 39.00000000 18.50000000
v 24.87102338 40.13445184 7.34610860
v 25.00000000 40.00000000 18.50000000
v 24.89748114 41.13767261 7.36016911
v 25.00000000 41.00000000 18.50000000
v 24.92087153 42.13171499 7.39087108
v 25.00000000 42.00000000 18.50000000
v 24.93533887 43.10380378 7.43036788
v 25.00000000 43.00000000 18.50000000
v 24.95962210 44.05864256 7.46477933
v 25.00000000 44.00000000 18.50000000
v 24.99854200 45.01406818 7.49497699
v 25.00000000 45.00000000 18.50000000
v 25.05182535 45.96912845 7.53344631
v 25.00000000 46.00000000 18.50000000
v 25.13626404 46.90400785 7.59639633
v 25.00000000 47.00000000 18.50000000
v 25.27016374 47.79771889 7.70096341
v 25.00000000 47.99999995 18.49999995
v 25.45909958 48.63698663 7.85649329
v 25.00000000 48.99999935 18.49999935
v 24.71912966 49.41362217 8.07000791
v 24.99332776 50.12831427 8.30878095
v 25.00000000 49.99999373 18.49999373
v 25.22060816 50.82624904 8.59479030
v 25.00000000 50.99995251 18.49995252
v 25.47220915 51.53901565 8.94456257
v 25.00000001 51.99971064 18.49971073
v 24.81802589 52.05219902 9.27982093
v 24.68951676 52.73606473 9.75693341
v 25.13557106 53.44377874 10.25998335
v 25.00000009 52.99855482 18.49855602
v 25.20607767 54.03161327 10.71591391
v 25.00000111 53.99399692 18.49400825
v 24.73558084 54.49164563 11.08236996
v 25.15791425 55.03505326 11.48096325
v 25.00001022 54.97900799 18.47909162
v 24.59113959 55.60977704 11.89764238
v 25.00122455 56.19798691 12.30308261
v 25.00007341 55.93752726 18.43802226
v 25.41907116 56.78677972 12.71300551
v 25.00042159 56.84005985 18.34245411
v 24.86491521 57.35672305 13.14273712
v 25.36023975 57.88574469 13.61135559
v 25.00197267 57.64366040 18.15326217
v 24.92489195 58.35138375 14.13662177
v 25.57554002 58.72882552 14.72927375
v 25.00762911 58.30008801 17.83239786
v 25.32143684 58.98928511 15.38626440
v 25.15820432 59.10143628 16.08107768
v 25.06754231 59.03558796 16.76133460
v 25.02468075 58.77013141 17.36235446
v 25.98731209 0.44140759 5.65397401
v 26.75867997 0.10029186 5.54720268
v 26.40042126 0.62165870 5.01744490
v 26.68954132 -0.16400121 6.55378326
v 26.44392982 -0.25180702 7.33631922
v 26.30358451 -0.34748734 8.23184970
v 26.18984036 -0.40589007 9.14286757
v 26.11513770 -0.44602921 10.08662036
v 26.06534410 -0.46991962 11.04933624
v 26.03256519 -0.48244109 12.02620944
v 26.00511052 -0.48400994 13.01023142
v 25.96670218 -0.47044812 13.99293367
v 25.89332494 -0.43383457 14.95815529
v 25.76060673 -0.37277035 15.87044664
v 25.59515344 -0.27146621 16.74749699
v 25.32450434 -0.17494251 17.49975200
v 25.22107521 0.10077716 18.47993722
v 25.00276708 0.44076131 19.35209768
v 25.57793796 0.62045534 18.99121221
v 25.87821379 0.87880676 5.41716915
v 26.39162492 1.12124024 4.86580728
v 25.11091962 0.87687817 19.58363704
v 25.58288868 1.11673720 19.13353087
v 26.01933255 1.37669956 5.42278443
v 26.61705809 1.56424435 4.97721565
v 24.96334384 1.37139161 19.57527498
v 25.34627416 1.55465649 19.02345188
v 26.51416565 1.90751293 5.77480776
v 26.48065863 2.20478964 6.66139454
v 26.21531088 2.32653198 7.38006337
v 26.04137624 2.47025615 8.17465962
v 25.94211085 2.60013146 9.01263081
v 25.90120496 2.69691118 9.94254218
v 25.88799140 2.72240750 10.90881301
v 25.96929312 2.69944396 11.91573241
v 26.03031761 2.62576549 12.95677311
v 26.00202674 2.53398457 13.97120871
v 25.92749640 2.45429588 14.93236792
v 25.80857499 2.37666816 15.82027600
v 25.68641129 2.26962753 16.66044672
v 25.45991720 2.17126116 17.37629371
v 25.45683070 1.89353084 18.26510530
v 26.44686104 17.09298925 14.55108886
v 25.73467459 17.45448721 13.94249238
v 26.18486457 16.86789426 15.24344378
v 25.91546822 16.80137233 15.98388629
v 25.58408044 16.90896869 16.70589126
v 25.13334858 17.20351073 17.33599660
v 25.52953776 17.68950703 17.82199290
v 26.05942843 17.91945190 13.41656275
v 25.77657411 18.35294148 18.14986404
v 26.41915380 18.45012292 12.94954430
v 25.80505083 19.01640303 12.51630806
v 25.90826171 19.15902667 18.34154063
v 26.20404350 19.60203415 12.10202162
v 25.60388302 20.19946696 11.69946567
v 25.96777267 20.06227213 18.43782164
v 26.00007221 20.80198458 11.30198448
v 25.99040947 21.02095642 18.47905602
v 26.39653727 21.40285613 10.90285613
v 25.79784544 22.00004749 10.50004748
v 25.99760694 22.00599806 18.49400323
v 26.20207213 22.59743945 10.09743945
v 25.60305027 23.19946070 9.69946070
v 25.99950510 23.00144463 18.49855547
v 25.99802844 23.80653115 9.30653115
v 25.99991637 24.00028932 18.49971069
v 26.38890927 24.41892231 8.91892231
v 25.77324611 25.04586970 8.54586970
v 25.99998867 25.00004749 18.49995252
v 26.13501449 25.70890942 8.20890939
v 25.44716667 26.43353141 7.93353134
v 25.99999880 26.00000627 18.49999373
v 25.68577035 27.23526749 7.73526654
v 25.99999990 27.00000065 18.49999935
v 25.84369304 28.11172001 7.61170990
v 25.99999999 28.00000005 18.49999995
v 25.93285482 29.04588283 7.54580118
v 26.00000000 29.00000000 18.50000000
v 25.97530780 30.01617596 7.51566496
v 26.00000000 30.00000000 18.50000000
v 25.99198433 31.00500636 7.50247526
v 26.00000000 31.00000000 18.50000000
v 25.99645140 32.00172182 7.49158854
v 26.00000000 32.00000000 18.50000000
v 25.99401085 33.00157612 7.46800314
v 26.00000000 33.00000000 18.50000000
v 25.98139604 34.00632878 7.41200192
v 26.00000000 34.00000000 18.50000000
v 25.94060007 35.03484436 7.30902519
v 26.00000000 35.00000000 18.50000000
v 25.83578112 36.11638873 7.21323547
v 26.00000000 36.00000000 18.50000000
v 25.72652437 37.20019963 7.16946853
v 26.00000000 37.00000000 18.50000000
v 25.68368640 38.23652684 7.15351129
v 26.00000000 38.00000000 18.50000000
v 25.68960416 39.25086095 7.15019615
v 26.00000000 39.00000000 18.50000000
v 25.73762004 40.26125057 7.16114643
v 26.00000000 40.00000000 18.50000000
v 25.81602897 41.27712812 7.20621550
v 26.00000000 41.00000000 18.50000000
v 25.84004130 42.26329064 7.29726972
v 26.00000000 42.00000000 18.50000000
v 25.85766348 43.17877615 7.38283056
v 26.00000000 43.00000000 18.50000000
v 25.92866556 44.08223993 7.43671228
v 26.00000000 44.00000000 18.50000000
v 25.98954742 45.02217194 7.48249200
v 26.00000000 45.00000000 18.50000000
v 26.04970720 45.97188931 7.52891044
v 26.00000000 46.00000000 18.50000000
v 26.13477846 46.90512845 7.59447362
v 26.00000000 47.00000000 18.50000000
v 26.26590697 47.79916832 7.69879957
v 26.00000000 47.99999995 18.49999995
v 26.44829983 48.64146520 7.85305834
v 26.00000000 48.99999935 18.49999935
v 25.68997915 49.42093637 8.06003669
v 25.93708653 50.16611006 8.30694838
v 26.00000000 49.99999373 18.49999373
v 26.20195542 50.89539487 8.60171803
v 26.00000000 50.99995251 18.49995252
v 26.52330563 51.62263544 8.95877145
v 26.00000001 51.99971064 18.49971073
v 25.75984005 52.31252634 9.40198064
v 25.56796629 52.93427972 9.84226779
v 26.31815389 52.86228076 9.75503558
v 26.00000009 52.99855482 18.49855602
v 25.95406673 53.28138500 10.08936533
v 26.08904328 53.82288590 10.52422329
v 26.00000111 53.99399692 18.49400825
v 25.67503645 54.46884036 11.04489309
v 26.14795490 55.02314263 11.46301364
v 26.00001022 54.97900799 18.47909162
v 25.58466646 55.60816687 11.89170280
v 26.00010251 56.19729991 12.30113627
v 26.00007341 55.93752726 18.43802226
v 26.41897380 56.78664716 12.71257373
v 26.00042159 56.84005985 18.34245411
v 25.86483877 57.35670044 13.14260486
v 26.36023329 57.88574148 13.61133446
v 26.00197267 57.64366040 18.15326217
v 25.92488944 58.35138346 14.13661727
v 26.57553986 58.72882550 14.72927327
v 26.00762911 58.30008801 17.83239786
v 26.32143680 58.98928511 15.38626434
v 26.15820432 59.10143629 16.08107767
v 26.06754231 59.03558796 16.76133460
v 26.02468075 58.77013141 17.36235446
v 26.92868258 0.42397121 4.62030344
v 27.65862185 0.06711426 4.52864951
v 27.29372444 0.58310926 3.93309358
v 27.65056231 -0.17572615 5.54722527
v 27.42909797 -0.25595499 6.33348738
v 27.29917448 -0.34863849 7.23106185
v 27.18876700 -0.40616328 8.14268778
v 27.11503917 -0.44614808 9.08660827
v 27.06597694 -0.47032837 10.04946403
v 27.03552467 -0.48424859 11.02688284
v 27.01563415 -0.49040665 12.01305657
v 26.99697870 -0.48806950 13.00298051
v 26.96433314 -0.46985269 13.99019134
v 26.89091493 -0.41881796 14.96496204
v 26.72958856 -0.31445333 15.90501818
v 26.40807086 -0.20869027 16.64460497
v 26.28209636 0.07302948 17.60622223
v 26.03101984 0.42625233 18.41785496
v 26.64192859 0.59631857 18.12681554
v 26.82152539 0.86778439 4.36287678
v 27.29610086 1.10569223 3.72755250
v 26.13619567 0.86653226 18.64434263
v 26.64256870 1.10545857 18.26084725
v 26.96402195 1.37715416 4.36795610
v 27.52045539 1.57540745 3.87011393
v 25.98367891 1.36765406 18.62985898
v 26.38973550 1.55716493 18.13485395
v 27.46041967 1.91316648 4.75714451
v 27.48103978 2.19238359 5.66607238
v 27.23921603 2.30640673 6.39308094
v 27.05927490 2.46232145 7.20884856
v 26.84120281 2.61530485 8.03059525
v 26.60405166 2.72056633 8.74763545
v 26.76754074 2.97355877 9.68054568
v 26.64152107 2.99120012 10.70993290
v 26.75488967 2.96381763 11.66808377
v 27.11744481 2.86475984 12.82363574
v 27.07072864 2.63366965 13.94551875
v 26.96577649 2.47120015 14.94367058
v 26.79377999 2.32621841 15.85000695
v 26.49905807 2.21107041 16.54540621
v 26.50487829 1.92023998 17.43132018
v 27.44686104 17.09298925 14.55108886
v 26.73467459 17.45448721 13.94249238
v 27.18486457 16.86789426 15.24344378
v 26.91546822 16.80137233 15.98388629
v 26.58408044 16.90896869 16.70589126
v 26.13334858 17.20351073 17.33599660
v 26.52953776 17.68950703 17.82199290
v 27.05942843 17.91945190 13.41656275
v 26.77657411 18.35294148 18.14986404
v 27.41915380 18.45012292 12.94954430
v 26.80505083 19.01640303 12.51630806
v 26.90826171 19.15902667 18.34154063
v 27.20404350 19.60203415 12.10202162
v 26.60388302 20.19946696 11.69946567
v 26.96777267 20.06227213 18.43782164
v 27.00007221 20.80198458 11.30198448
v 26.99040947 21.02095642 18.47905602
v 27.39653727 21.40285613 10.90285613
v 26.79784544 22.00004749 10.50004748
v 26.99760694 22.00599806 18.49400323
v 27.20207213 22.59743945 10.09743945
v 26.60305027 23.19946070 9.69946070
v 26.99950510 23.00144463 18.49855547
v 26.99802844 23.80653115 9.30653115
v 26.99991637 24.00028932 18.49971069
v 27.38890927 24.41892231 8.91892231
v 26.77324610 25.04586970 8.54586969
v 26.99998867 25.00004749 18.49995252
v 27.13501448 25.70890942 8.20890933
v 26.44716660 26.43353146 7.93353111
v 26.99999880 26.00000627 18.49999373
v 26.68576968 27.23526788 7.73526369
v 26.99999990 27.00000065 18.49999935
v 26.84368773 28.11172162 7.61168357
v 26.99999999 28.00000005 18.49999995
v 26.93282321 29.04587911 7.54561423
v 27.00000000 29.00000000 18.50000000
v 26.97516449 30.01606671 7.51462127
v 27.00000000 30.00000000 18.50000000
v 26.99148795 31.00411845 7.49780432
v 27.00000000 31.00000000 18.50000000
v 26.99512128 31.99713412 7.47446505
v 27.00000000 32.00000000 18.50000000
v 26.99097044 32.98478482 7.41512133
v 27.00000000 33.00000000 18.50000000
v 26.97207302 33.96520096 7.26938987
v 27.00000000 34.00000000 18.50000000
v 26.88164005 35.02047075 6.96873780
v 27.00000000 35.00000000 18.50000000
v 26.51261164 36.29582406 6.86353749
v 27.00000000 36.00000000 18.50000000
v 26.38670641 37.37672210 6.82856562
v 27.00000000 37.00000000 18.50000000
v 26.36419783 38.40282883 6.81568922
v 27.00000000 38.00000000 18.50000000
v 26.41406266 39.41412096 6.81332547
v 27.00000000 39.00000000 18.50000000
v 26.55460882 40.43814088 6.83799579
v 27.00000000 40.00000000 18.50000000
v 26.79108822 41.53134498 6.96875266
v 27.00000000 41.00000000 18.50000000
v 26.58757540 42.47265640 7.22726522
v 27.00000000 42.00000000 18.50000000
v 26.78836574 43.20341080 7.30965868
v 27.00000000 43.00000000 18.50000000
v 26.91145446 44.09653611 7.40275452
v 27.00000000 44.00000000 18.50000000
v 26.98650393 45.02911934 7.46994097
v 27.00000000 45.00000000 18.50000000
v 27.04935584 45.97445076 7.52498695
v 27.00000000 46.00000000 18.50000000
v 27.13373964 46.90626052 7.59308218
v 27.00000000 47.00000000 18.50000000
v 27.26265836 47.80095223 7.69763152
v 27.00000000 47.99999995 18.49999995
v 27.44210302 48.64612318 7.85168041
v 27.00000000 48.99999935 18.49999935
v 26.67084792 49.43481544 8.05702083
v 26.92303059 50.19271360 8.30563108
v 27.00000000 49.99999373 18.49999373
v 27.21528776 50.92400513 8.59767607
v 27.00000000 50.99995251 18.49995252
v 27.58283114 51.61647641 8.93110091
v 27.00000001 51.99971064 18.49971073
v 26.98504289 52.34899479 9.38351304
v 27.00075957 52.92247892 9.78117398
v 27.00000009 52.99855482 18.49855602
v 26.66598466 53.32236486 10.10224796
v 27.28775136 53.78552734 10.47545203
v 27.00000111 53.99399692 18.49400825
v 26.68779284 54.42477157 10.99711000
v 27.15839157 55.01857663 11.45499403
v 27.00001022 54.97900799 18.47909162
v 26.58452601 55.60534537 11.88670023
v 27.00049127 56.19709365 12.30022827
v 27.00007341 55.93752726 18.43802226
v 27.41905807 56.78678342 12.71247306
v 27.00042159 56.84005985 18.34245411
v 26.86484191 57.35669898 13.14253921
v 27.36023423 57.88574898 13.61132741
v 27.00197267 57.64366040 18.15326217
v 26.92488920 58.35138370 14.13661493
v 27.57553985 58.72882568 14.72927308
v 27.00762911 58.30008801 17.83239786
v 27.32143680 58.98928511 15.38626430
v 27.15820432 59.10143629 16.08107767
v 27.06754231 59.03558796 16.76133460
v 27.02468075 58.77013141 17.36235446
v 28.51647684 0.58463512 1.19657252
v 29.01522154 0.33576496 0.98938350
v 28.73589026 0.67996061 0.72781882
v 28.30376403 0.50062114 1.93076544
v 28.83023700 0.18631552 1.67132618
v 28.05853388 0.41337346 2.78558613
v 28.64985084 0.08717143 2.53683662
v 27.75377218 0.34348016 3.54196609
v 28.40122552 -0.00604722 3.58939241
v 28.53383122 -0.20682863 4.54224480
v 28.37402803 -0.27121231 5.32634214
v 28.27837343 -0.35421582 6.22820092
v 28.18214178 -0.40785545 7.14178460
v 28.11333612 -0.44656877 8.08639488
v 28.06571072 -0.47046737 9.04945103
v 28.03600995 -0.48461113 10.02703504
v 28.01816345 -0.49210802 11.01377580
v 28.00649952 -0.49473215 12.00566404
v 27.99362497 -0.49100411 12.99832051
v 27.96698558 -0.47297633 13.98537400
v 27.90455720 -0.42060317 14.95765982
v 27.76961836 -0.29344551 15.91454635
v 27.47136347 0.00123050 16.95348416
v 27.15951865 0.37814385 17.67153694
v 27.89725595 0.51798090 17.57635069
v 28.49790538 0.98641845 0.89766425
v 28.88340766 0.99537148 0.53446605
v 28.24931777 0.96325809 1.52002444
v 27.98820027 0.91048943 2.33656366
v 27.64810394 0.78548909 3.16307038
v 27.28433069 0.83710651 17.90419839
v 28.00486888 1.10077823 17.69507150
v 28.70422204 1.30444897 0.75775026
v 29.18476988 1.39050325 0.56948290
v 28.47823757 1.37643659 1.24462875
v 28.24138980 1.40497389 2.01844458
v 27.87078611 1.39111093 3.01777083
v 27.10707502 1.37274161 17.85785930
v 27.56639316 1.61669642 17.48098038
v 28.95729953 1.64846374 1.04315376
v 28.76645491 1.77597366 1.75491137
v 28.55866085 1.84452545 2.66729507
v 28.27052400 1.94999238 3.76378306
v 28.41605591 2.19767817 4.66050948
v 28.23367627 2.29016793 5.40348967
v 28.09594517 2.41787812 6.22396146
v 27.91729772 2.55330156 7.03910848
v 27.70779037 2.74310293 7.88430039
v 27.42568930 3.01621423 8.84617833
v 27.55747039 3.52654411 9.79893180
v 28.11341749 3.60669017 9.18450743
v 27.30427091 3.42459118 10.58874250
v 27.25194346 3.30430683 11.32963636
v 27.70110396 3.32589758 12.17288746
v 28.09779585 3.10594217 13.03418048
v 28.26911946 2.81149939 13.93820910
v 28.06840886 2.53084146 14.96246775
v 27.89960442 2.29828367 15.91007540
v 27.55231875 2.01579575 16.81386861
v 28.03590565 4.33573413 9.81969096
v 28.51591141 4.24038820 9.17543509
v 27.76024701 3.97037413 10.46919816
v 27.91432320 3.92123111 11.32960426
v 28.33691750 3.77420306 12.10269095
v 28.55744332 3.45870633 12.69970580
v 28.29940953 5.23723689 9.29826983
v 28.83524689 4.74359193 8.90897821
v 28.64086819 5.41099308 8.77013945
v 28.13557008 5.17334347 9.95712937
v 28.12754324 4.72895173 10.60974840
v 28.41512582 4.63338719 11.26384351
v 28.64047116 4.27460958 11.78704600
v 28.35808356 6.16002577 8.71214584
v 28.83221096 5.86459941 8.37221568
v 28.57622021 6.54644328 8.18187518
v 28.19299329 6.13290600 9.23472314
v 28.18374415 5.80407551 9.67402563
v 28.35023744 5.76386346 10.23923598
v 28.62345744 5.29216757 10.92632987
v 28.30257076 7.23010712 8.26342705
v 28.68551622 7.16710297 7.73107900
v 28.20928095 6.77421911 8.90942261
v 28.32534146 6.68267668 9.53854746
v 28.64177838 6.50081651 10.13718143
v 28.89168324 6.04187100 10.62170717
v 28.35982503 8.21623571 7.48101349
v 28.90606947 7.73998503 7.19044851
v 28.65193304 8.43119985 6.88449899
v 28.22428360 8.13277748 8.11518346
v 28.30008601 7.64124089 8.78840487
v 28.55783689 7.54473443 9.34802618
v 28.80414386 7.14641543 9.82828485
v 28.36283449 9.16894372 6.76238805
v 28.81580969 8.90535734 6.42921613
v 28.57153846 9.56787701 6.20597752
v 28.20647998 9.12915230 7.28833424
v 28.21322592 8.79044942 7.74874409
v 28.39086458 8.74239134 8.29732585
v 28.68165058 8.25742746 8.97557563
v 28.30674916 10.24138278 6.27628486
v 28.69340189 10.19309102 5.74729979
v 28.21290374 9.77680635 6.92969699
v 28.33357853 9.67915181 7.55994545
v 28.65110099 9.49556386 8.15226627
v 28.90760330 9.03222161 8.63884519
v 28.37764464 11.24328776 5.48954010
v 28.95068238 10.78546182 5.20667650
v 28.70259949 11.49742292 4.88931186
v 28.23021203 11.14188744 6.12056705
v 28.30266540 10.64390050 6.79500255
v 28.55952131 10.54461434 7.35263203
v 28.80645826 10.14521180 7.83345379
v 28.38029130 12.22320635 4.77742953
v 28.84587740 12.01644058 4.43015221
v 28.58468662 12.66235920 4.21965281
v 28.21636510 12.15242068 5.30160019
v 28.22051073 11.80271036 5.75673363
v 28.39372368 11.74691686 6.30282585
v 28.68260791 11.25836296 6.97764640
v 28.30102491 13.30724199 4.33526017
v 28.65175311 13.30471670 3.78371523
v 28.21894720 12.81035699 4.96355804
v 28.33888568 12.69341024 5.58472932
v 28.65400743 12.49943545 6.16133450
v 28.90885732 12.03344423 6.64163532
v 28.33590050 14.34989309 3.62171803
v 28.85142523 13.85207531 3.28179041
v 28.70108816 14.59186631 2.92244387
v 28.21355702 14.22592999 4.28440910
v 28.30563092 13.69001244 4.89703357
v 28.57018348 13.56423437 5.41569077
v 28.81359786 13.15198050 5.85896185
v 28.28864846 15.40360856 2.96695730
v 28.68735988 15.16718412 2.52947632
v 28.53040249 15.81080663 2.30921477
v 28.12133683 15.36548347 3.64210104
v 28.16630736 14.94954920 4.06496180
v 28.38277473 14.87647916 4.63145354
v 28.70613197 14.30475660 5.14371448
v 28.11036235 16.52881061 2.63764923
v 28.44995730 16.49258904 2.03119104
v 28.01749344 16.24634176 3.45610524
v 28.18799751 15.99314361 4.28781572
v 28.67114040 15.80683923 4.82514038
v 28.97311921 15.13164517 5.03007878
v 28.16549587 17.31329915 2.07372157
v 28.68421423 16.92460365 1.63206731
v 28.42834340 17.61869505 1.57956636
v 27.89522438 17.45254253 2.71008899
v 27.86446476 17.23219874 3.32658625
v 27.96214362 17.10310401 4.10237238
v 28.51050678 16.49337086 4.85829726
v 28.26523797 17.16498440 4.84941767
v 28.72677903 17.04156439 5.20536675
v 28.44686104 17.09298925 14.55108886
v 27.73467459 17.45448721 13.94249238
v 28.18486457 16.86789426 15.24344378
v 27.91546822 16.80137233 15.98388629
v 27.58408044 16.90896869 16.70589126
v 27.13334858 17.20351073 17.33599660
v 27.52953776 17.68950703 17.82199290
v 28.10338259 18.24054583 1.89292666
v 28.49857222 18.28495193 1.40333095
v 27.86349001 18.19176884 2.53386875
v 27.76404243 18.14559566 3.25577896
v 27.82134754 18.05154850 4.01039614
v 28.02998472 17.99097245 4.73347273
v 28.54706911 17.54300340 5.33528614
v 28.34848798 17.98823939 5.29132544
v 28.69131882 17.94901035 5.57955947
v 28.05942843 17.91945190 13.41656275
v 27.77657411 18.35294148 18.14986404
v 28.12266205 19.12053107 1.77701684
v 28.58128370 19.13595125 1.27133862
v 27.84671478 19.09211491 2.42829422
v 27.72704553 19.05311315 3.18017810
v 27.75354741 18.98566338 3.96189278
v 27.92957857 18.87798759 4.69566754
v 28.24923711 18.72616631 5.29184297
v 28.67681372 18.49809342 5.66710127
v 28.41915380 18.45012292 12.94954430
v 27.80505083 19.01640303 12.51630806
v 27.90826171 19.15902667 18.34154063
v 28.15551689 20.05961113 1.70477759
v 28.64889703 20.08387051 1.17711149
v 27.85267468 20.03778543 2.36802074
v 27.71615052 20.00524235 3.13279797
v 27.72832866 19.94131948 3.93108142
v 27.88976566 19.81691399 4.68171360
v 28.20851193 19.60296034 5.30551003
v 28.67555398 19.27644288 5.73744217
v 28.20404350 19.60203415 12.10202162
v 27.60388302 20.19946696 11.69946567
v 27.96777267 20.06227213 18.43782164
v 28.18038718 21.04756628 1.65887185
v 28.69355050 21.10275755 1.10253568
v 27.86326632 21.01663694 2.33526060
v 27.71646806 20.98400190 3.10789480
v 27.72124205 20.92051968 3.91411586
v 27.87652106 20.78933929 4.67486950
v 28.19449587 20.55013989 5.31566054
v 28.67915366 20.17361296 5.78186021
v 28.00007221 20.80198458 11.30198448
v 27.99040947 21.02095642 18.47905602
v 28.18740173 22.06574016 1.63264744
v 28.68569868 22.17038413 1.06776595
v 27.86929907 22.01624122 2.31799044
v 27.71879884 21.97783211 3.09604706
v 27.72028227 21.91294216 3.90610365
v 27.87305961 21.77917785 4.67133851
v 28.19062611 21.53050962 5.32025780
v 28.68247482 21.13125545 5.80434261
v 28.39653727 21.40285613 10.90285613
v 27.79784544 22.00004749 10.50004748
v 27.99760694 22.00599806 18.49400323
v 28.17220912 23.08612785 1.62970619
v 28.61554561 23.20547243 1.09437373
v 27.86778687 23.02346606 2.31147375
v 27.71948313 22.97854114 3.09104872
v 27.72046719 22.91126507 3.90278893
v 27.87244276 22.77621206 4.66972263
v 28.18982927 22.52438103 5.32173587
v 28.68424121 22.11623338 5.81353391
v 28.20207213 22.59743945 10.09743945
v 27.60305027 23.19946070 9.69946070
v 27.99950510 23.00144463 18.49855547
v 28.15370471 24.07978777 1.64283017
v 28.58671668 24.14645905 1.12943175
v 27.86180973 24.02578656 2.31335382
v 27.71825022 23.98009789 3.09008944
v 27.72034652 23.91146339 3.90171719
v 27.87236408 23.77564631 4.66910910
v 28.18972569 23.52282273 5.32207332
v 28.68491099 23.11173105 5.81658390
v 27.99802844 23.80653115 9.30653115
v 27.99991637 24.00028932 18.49971069
v 28.15539661 25.04955806 1.65624220
v 28.62496359 25.06759846 1.14591801
v 27.85893212 25.01817315 2.31892622
v 27.71683930 24.97903573 3.09143701
v 27.71996154 24.91150243 3.90176470
v 27.87228886 24.77561701 4.66897242
v 28.18971355 24.52252031 5.32212697
v 28.68510094 24.11060831 5.81740629
v 28.38890927 24.41892231 8.91892231
v 27.77324610 25.04586970 8.54586968
v 27.99998867 25.00004749 18.49995252
v 28.16999098 26.02160656 1.66545334
v 28.65777996 26.02806558 1.16210322
v 27.86205040 26.00621890 2.32395816
v 27.71694125 25.97546171 3.09340897
v 27.71978782 25.91075793 3.90229703
v 27.87222188 25.77551270 4.66905801
v 28.18970198 25.52246686 5.32215066
v 28.68514082 25.11037849 5.81758869
v 28.13501443 25.70890942 8.20890912
v 27.44716639 26.43353151 7.93353020
v 27.99999880 26.00000627 18.49999373
v 28.18145598 27.00677159 1.67196904
v 28.67533795 27.01009761 1.17344375
v 27.86709042 26.99722146 2.32741258
v 27.71836333 26.97168567 3.09505669
v 27.72005284 26.90961654 3.90294237
v 27.87226213 26.77526269 4.66926824
v 28.18971626 26.52242211 5.32221461
v 28.68515510 26.11033559 5.81763791
v 27.68576777 27.23526752 7.73525417
v 27.99999990 27.00000065 18.49999935
v 28.18704955 28.00060372 1.67582688
v 28.68233756 28.00288261 1.17933166
v 27.87044669 27.99282734 2.32977537
v 27.71985379 27.96934669 3.09653641
v 27.72061480 27.90872076 3.90388358
v 27.87251732 27.77500787 4.66982482
v 28.18986229 27.52235926 5.32249702
v 28.68523182 27.11031198 5.81775825
v 27.84367549 28.11171118 7.61160769
v 27.99999999 28.00000005 18.49999995
v 28.18889047 28.99856260 1.67795960
v 28.68442130 29.00045601 1.18179462
v 27.87173062 28.99136033 2.33192565
v 27.72066422 28.96855273 3.09899126
v 27.72131889 28.90841369 3.90646839
v 27.87329421 28.77487392 4.67200971
v 28.19056786 28.52223722 5.32391146
v 28.68569322 28.11020546 5.81845445
v 27.93276667 29.04576191 7.54514341
v 28.00000000 29.00000000 18.50000000
v 28.18890658 29.99812801 1.67946476
v 28.68474395 29.99981290 1.18276378
v 27.87125526 29.99132620 2.33491217
v 27.72009058 29.96896846 3.10445551
v 27.72167939 29.90889904 3.91417821
v 27.87516156 29.77487895 4.67998896
v 28.19319367 29.52169242 5.32994867
v 28.68785674 29.10953375 5.82184298
v 27.97499285 30.01519992 7.51230636
v 28.00000000 30.00000000 18.50000000
v 28.18790580 30.99818060 1.68078532
v 28.68451355 30.99969098 1.18320589
v 27.86862517 30.99193037 2.33895324
v 27.71575209 30.97058183 3.11454416
v 27.71836924 30.91093894 3.93259369
v 27.87704093 30.77529196 4.70344791
v 28.20034013 30.51943100 5.35077223
v 28.69580711 30.10615117 5.83507986
v 27.99130149 30.99936791 7.48860692
v 28.00000000 31.00000000 18.50000000
v 28.18629595 31.99826714 1.68176480
v 28.68413978 31.99966288 1.18341787
v 27.86348643 31.99262600 2.34283425
v 27.70385554 31.97317262 3.12702459
v 27.70084128 31.91652920 3.96405983
v 27.86769335 31.77907466 4.75706892
v 28.21172809 31.51362771 5.40921706
v 28.71872624 31.09312612 5.87726815
v 27.99653369 31.97666842 7.44413394
v 28.00000000 32.00000000 18.50000000
v 28.18464665 32.99823032 1.68220140
v 28.68383842 32.99960104 1.18344862
v 27.85699285 32.99298538 2.34510327
v 27.68419972 32.97561477 3.13604460
v 27.65658020 32.92548340 3.99435848
v 27.80711054 32.79819312 4.84394284
v 28.20073390 32.51233662 5.54453416
v 28.77066261 32.05500701 5.99120759
v 28.00251273 32.91189132 7.32781555
v 28.00000000 33.00000000 18.50000000
v 28.18363026 33.99795500 1.68202981
v 28.68385981 33.99933296 1.18317901
v 27.85153140 33.99284239 2.34552523
v 27.66358506 33.97680260 3.13889808
v 27.59474638 33.93322654 4.00603657
v 27.66065123 33.82799841 4.89067640
v 28.00365583 33.59269315 5.79198770
v 28.86674375 32.97652287 6.27770500
v 28.02935231 33.73522498 7.02174777
v 28.00000000 34.00000000 18.50000000
v 28.18410484 34.99680099 1.68072942
v 28.68491230 34.99808306 1.18201401
v 27.84916037 34.99183123 2.34426264
v 27.64995796 34.97649181 3.13771205
v 27.54436803 34.93685783 4.00400247
v 27.50510011 34.84840166 4.88001636
v 27.54369174 34.67459351 5.71362582
v 28.51017301 33.59455511 6.59529143
v 27.67577288 34.38966348 6.45143059
v 28.00000000 35.00000000 18.50000000
v 28.18838085 35.99213888 1.67625040
v 28.68942311 35.99298277 1.17840298
v 27.85213118 35.98777715 2.33959022
v 27.64701137 35.97348902 3.13312945
v 27.52044768 35.93662824 3.99842460
v 27.42009273 35.85751731 4.86791997
v 27.30856854 35.71099324 5.67807992
v 27.15506338 35.46435515 6.38050990
v 28.00000000 36.00000000 18.50000000
v 28.20313709 36.97601495 1.66420318
v 28.70422849 36.97559948 1.17016784
v 27.86662460 36.97343085 2.32608117
v 27.65918311 36.96179153 3.12014693
v 27.52298968 36.92934237 3.98696880
v 27.39367756 36.85848502 4.85619529
v 27.21397827 36.73182563 5.65853002
v 26.93751629 36.54092498 6.33806677
v 28.00000000 37.00000000 18.50000000
v 28.24347461 37.92922793 1.63931853
v 28.74438758 37.92603102 1.15811152
v 27.90777883 37.93100753 2.29464250
v 27.70035752 37.92505824 3.08784812
v 27.56049946 37.90174159 3.95872691
v 27.41702047 37.84442454 4.83500983
v 27.20374535 37.73527671 5.64221212
v 26.87123687 37.57178254 6.31822110
v 28.00000000 38.00000000 18.50000000
v 28.33517862 38.81398946 1.60198816
v 28.83492195 38.80704345 1.15556581
v 28.00306082 38.82599952 2.23703947
v 27.79835342 38.83090525 3.02292825
v 27.65960709 38.82292331 3.89707705
v 27.50963122 38.79277104 4.78765842
v 27.27104271 38.71705505 5.61492225
v 26.89396519 38.57891537 6.30400082
v 28.00000000 39.00000000 18.50000000
v 28.50755167 39.56753626 1.56841431
v 29.00400623 39.56751226 1.20393485
v 28.18978038 39.60451616 2.15478446
v 27.99246097 39.63089838 2.91934327
v 27.86019324 39.64350323 3.78951248
v 27.71582751 39.64932052 4.69244740
v 27.46230070 39.65127976 5.56017207
v 27.02141297 39.57717793 6.29012569
v 28.00000000 40.00000000 18.50000000
v 28.75723715 40.08330751 1.57292056
v 29.27342996 40.19756769 1.40536198
v 28.50533956 40.19826850 2.06080866
v 28.32380976 40.27098278 2.78698420
v 28.20123555 40.31171757 3.64240899
v 28.07398340 40.34752788 4.54508227
v 27.84840122 40.41663001 5.43074515
v 27.36459192 40.60811317 6.29462609
v 28.00000000 41.00000000 18.50000000
v 29.00159672 40.54921967 1.94335380
v 28.82449573 40.71281699 2.64567745
v 28.70781001 40.79565694 3.48230388
v 28.59578864 40.85613338 4.37635374
v 28.41432607 40.94630393 5.25203411
v 28.08747585 41.12730760 6.03852536
v 27.64971493 41.46479705 6.61161135
v 27.53154920 42.29383155 7.01023534
v 28.00000000 42.00000000 18.50000000
v 27.77670592 43.22550467 7.23328751
v 28.00000000 43.00000000 18.50000000
v 27.91049447 44.11537714 7.37461242
v 28.00000000 44.00000000 18.50000000
v 27.98762384 45.03654868 7.46082106
v 28.00000000 45.00000000 18.50000000
v 28.04987616 45.97675344 7.52246493
v 28.00000000 46.00000000 18.50000000
v 28.13320413 46.90721607 7.59233089
v 28.00000000 47.00000000 18.50000000
v 28.26101579 47.80234388 7.69715279
v 28.00000000 47.99999995 18.49999995
v 28.43980460 48.64880489 7.85112592
v 28.00000000 48.99999935 18.49999935
v 27.66434589 49.44375128 8.05545844
v 27.92221384 50.20249111 8.30210019
v 28.00000000 49.99999373 18.49999373
v 28.22070711 50.92166584 8.58498716
v 28.00000000 50.99995251 18.49995252
v 28.56637891 51.57612003 8.89334637
v 28.00000001 51.99971064 18.49971073
v 28.07166470 52.21170089 9.27273821
v 27.70368722 52.80593445 9.68969772
v 27.35025038 53.23626145 10.02403175
v 28.10130803 53.32636379 10.09519067
v 28.00000009 52.99855482 18.49855602
v 28.37083076 53.92199231 10.57963484
v 28.00000111 53.99399692 18.49400825
v 27.73711296 54.44284157 11.00554491
v 28.16399703 55.03130921 11.46193537
v 28.00001022 54.97900799 18.47909162
v 27.58713719 55.60687353 11.88637731
v 28.00064675 56.19820457 12.30039505
v 28.00007341 55.93752726 18.43802226
v 28.41893422 56.78721081 12.71246359
v 28.00042159 56.84005985 18.34245411
v 27.86483842 57.35677331 13.14252896
v 28.36022890 57.88577115 13.61132292
v 28.00197267 57.64366040 18.15326217
v 27.92488892 58.35138632 14.13661414
v 28.57553976 58.72882621 14.72927292
v 28.00762911 58.30008801 17.83239786
v 28.32143679 58.98928515 15.38626429
v 28.15820432 59.10143629 16.08107767
v 28.06754231 59.03558796 16.76133460
v 28.02468075 58.77013141 17.36235446
v 29.72241172 0.21104871 0.85670238
v 29.22591072 0.60338197 0.54325291
v 29.53902280 -0.00892550 1.51103321
v 29.39973007 -0.13337920 2.34005891
v 29.28488505 -0.21398605 3.28969812
v 29.23906016 -0.29678510 4.27308886
v 29.21521041 -0.36850903 5.21199850
v 29.15631763 -0.41399586 6.13665250
v 29.10463136 -0.44862152 7.08500804
v 29.06331836 -0.47102279 8.04914392
v 29.03555597 -0.48477640 9.02701777
v 29.01852635 -0.49241872 10.01397618
v 29.00860858 -0.49617575 11.00658046
v 29.00167299 -0.49687294 12.00170081
v 28.99192630 -0.49276289 12.99551675
v 28.96858538 -0.47659825 13.98083571
v 28.91310971 -0.43092729 14.94338722
v 28.80374850 -0.32376619 15.85973486
v 28.64173362 -0.10976623 16.69723257
v 28.68292931 0.68682890 17.65214930
v 28.58373846 0.23858193 17.33263541
v 29.23085285 0.42808243 17.57624621
v 29.50865638 0.99856745 0.35640208
v 28.79557270 1.09505507 17.68281347
v 29.46313782 0.83126745 17.73169509
v 29.92629641 1.44165752 0.44492073
v 28.51067665 1.54770533 17.41642275
v 29.24635997 1.27263031 17.65478687
v 29.65243738 1.78394731 0.89448392
v 29.47201918 1.99647848 1.57075993
v 29.33785736 2.11047869 2.42051565
v 29.21586224 2.18992744 3.38337156
v 29.15598145 2.29164049 4.35095673
v 29.09850918 2.39769886 5.24322909
v 28.95985174 2.49590604 6.08855137
v 28.77452351 2.61747165 6.89399116
v 28.58511092 2.80856038 7.67478080
v 28.34302794 3.12040573 8.45755013
v 28.82894977 3.60287430 8.78191322
v 28.93635228 3.14996876 13.42933616
v 29.50211307 2.87213938 14.25314882
v 29.19551606 2.60138509 15.02816160
v 29.03551931 2.33930917 15.91627817
v 28.93089400 1.97567544 16.83110260
v 29.13412125 4.08719434 8.84390251
v 29.00281761 3.92167001 12.36326339
v 29.40932881 3.54719613 12.95985351
v 29.47168402 4.47976162 8.67937253
v 29.18768038 5.14234568 8.55101278
v 28.98004716 4.90105162 11.48290363
v 29.38561946 4.46825065 11.99348558
v 29.53191900 5.64818263 8.16136923
v 29.07392401 6.38999939 7.92770853
v 29.28743956 5.56556849 11.13950044
v 29.32740783 6.97320143 7.47613524
v 29.17418765 6.72854378 10.32201423
v 29.60805445 6.23588787 10.79179466
v 29.62261822 7.53884729 7.01972498
v 29.18080691 8.22145707 6.69839666
v 29.04385454 7.85331054 9.50438697
v 29.46457220 7.38929916 9.97810968
v 29.47047090 8.74852799 6.24727219
v 29.05427844 9.43207787 5.96229769
v 29.30896583 8.55028600 9.14991115
v 29.32995115 10.00908513 5.51066334
v 29.17772693 9.72634301 8.32666435
v 29.61373170 9.23195847 8.79531604
v 29.66307238 10.56462214 5.07924379
v 29.32350074 11.33101166 4.68498379
v 29.04439144 10.85326666 7.50570333
v 29.46526296 10.38889486 7.97930591
v 29.36895305 11.94742364 4.25495568
v 29.10962546 12.59316216 3.93851164
v 29.30936357 11.55052950 7.15070997
v 29.13181993 13.23121091 3.51914758
v 29.18099167 12.72811205 6.33506824
v 29.61485427 12.23235615 6.79759027
v 29.46853879 13.62586784 3.16889795
v 29.16416313 14.17836359 2.89487171
v 29.06477235 13.86754979 5.58044944
v 29.47603553 13.39262222 6.00738601
v 28.96508934 15.41595097 2.19778014
v 29.24108769 14.78541889 2.49741392
v 29.36345531 14.57926717 5.34397445
v 29.58101138 15.39126388 2.05039480
v 29.02655822 16.08454631 1.84107704
v 29.34086641 15.85134593 5.09902072
v 29.73706670 15.27010326 5.22115626
v 29.37447544 16.75533346 1.40599485
v 28.92190659 17.51527217 1.29087958
v 29.01161839 16.45402171 5.11097335
v 29.34883665 17.03249167 5.40685177
v 29.44686104 17.09298925 14.55108886
v 28.73467459 17.45448721 13.94249238
v 29.18486457 16.86789426 15.24344378
v 28.91546822 16.80137233 15.98388629
v 28.58408044 16.90896869 16.70589126
v 28.13334858 17.20351073 17.33599660
v 28.52953776 17.68950703 17.82199290
v 29.09777894 18.26670361 1.06980117
v 28.98061401 17.55321819 5.54197666
v 29.15381421 18.12575394 5.78292672
v 29.05942843 17.91945190 13.41656275
v 28.77657411 18.35294148 18.14986404
v 29.23561526 19.14112613 0.91126345
v 29.25014299 18.82677513 5.94346260
v 29.41915380 18.45012292 12.94954430
v 28.80505083 19.01640303 12.51630806
v 28.90826171 19.15902667 18.34154063
v 29.34813779 20.11657121 0.77431377
v 29.30517887 19.65790043 6.04748113
v 29.20404350 19.60203415 12.10202162
v 28.60388302 20.19946696 11.69946567
v 28.96777267 20.06227213 18.43782164
v 29.43980879 21.20881486 0.62540299
v 29.33332288 20.57526150 6.10577757
v 29.00007221 20.80198458 11.30198448
v 28.99040947 21.02095642 18.47905602
v 29.33537522 22.42506164 0.62552984
v 29.34552310 21.54033722 6.13317618
v 29.39653727 21.40285613 10.90285613
v 28.79784544 22.00004749 10.50004748
v 28.99760694 22.00599806 18.49400323
v 29.07326452 23.40166156 0.77152430
v 29.34989647 22.52773273 6.14386836
v 29.20207213 22.59743945 10.09743945
v 28.60305027 23.19946070 9.69946070
v 28.99950510 23.00144463 18.49855547
v 29.19644753 24.14920375 0.76484290
v 29.35117349 23.52389264 6.14731370
v 28.99802844 23.80653115 9.30653115
v 28.99991637 24.00028932 18.49971069
v 29.27727594 25.07050922 0.79490556
v 29.35147342 24.52291716 6.14822491
v 29.38890927 24.41892231 8.91892231
v 28.77324609 25.04586969 8.54586965
v 28.99998867 25.00004749 18.49995252
v 29.32197034 26.03088963 0.82287973
v 29.35153217 25.52271276 6.14842489
v 29.13501433 25.70890929 8.20890861
v 28.44716588 26.43353115 7.93352765
v 28.99999880 26.00000627 18.49999373
v 29.34194072 27.01153067 0.83990048
v 29.35157051 26.52267138 6.14849585
v 28.68576421 27.23526158 7.73523108
v 28.99999990 27.00000065 18.49999935
v 29.34902557 28.00356575 0.84775304
v 29.35178870 27.52260465 6.14876175
v 28.84365839 28.11164826 7.61144808
v 28.99999999 28.00000005 18.49999995
v 29.35098440 29.00090782 0.85061769
v 29.35299633 28.52215252 6.15020564
v 28.93272203 29.04528217 7.54428537
v 29.00000000 29.00000000 18.50000000
v 29.35136578 30.00020327 0.85147667
v 29.35830146 29.51959524 6.15651139
v 28.97505663 30.01241062 7.50867552
v 29.00000000 30.00000000 18.50000000
v 29.35136720 31.00005558 0.85170514
v 29.37703168 30.50815658 6.17855950
v 28.99271632 30.98650395 7.47643991
v 29.00000000 31.00000000 18.50000000
v 29.35130929 32.00002220 0.85175779
v 29.43153238 31.46654680 6.24107698
v 29.00562309 31.92774245 7.41222188
v 29.00000000 32.00000000 18.50000000
v 29.35129724 32.99996943 0.85172322
v 29.56924163 32.33690526 6.38568776
v 29.04473782 32.75009222 7.26941012
v 29.00000000 33.00000000 18.50000000
v 29.35151316 33.99969572 0.85148997
v 29.90887293 32.94573213 6.63684496
v 29.20167736 33.22734843 7.03657947
v 29.00000000 34.00000000 18.50000000
v 29.35268570 34.99836658 0.85065779
v 29.48553395 33.24581999 6.78648593
v 29.00000000 35.00000000 18.50000000
v 29.35737861 35.99301409 0.84863338
v 29.00000000 36.00000000 18.50000000
v 29.37281666 36.97521944 0.84624679
v 29.00000000 37.00000000 18.50000000
v 29.41513166 37.92619349 0.85127813
v 29.00000000 38.00000000 18.50000000
v 29.51256365 38.81428052 0.88901734
v 29.00000000 39.00000000 18.50000000
v 29.70465258 39.60442149 1.01280068
v 29.00000000 40.00000000 18.50000000
v 30.04010581 40.26750950 1.28558122
v 29.00000000 41.00000000 18.50000000
v 29.70235232 40.70888217 1.82155490
v 29.50280898 40.96478535 2.51809385
v 29.38158669 41.09796323 3.34040487
v 29.27510077 41.18428080 4.22532615
v 29.11323173 41.28981338 5.09803662
v 28.82377006 41.47598372 5.88602630
v 28.34334962 41.79949413 6.52453947
v 28.57060954 42.50876318 6.91775724
v 29.00000000 42.00000000 18.50000000
v 28.78216811 43.28879884 7.18902155
v 29.00000000 43.00000000 18.50000000
v 28.91347108 44.13565075 7.35810900
v 29.00000000 44.00000000 18.50000000
v 28.98929785 45.04237846 7.45584568
v 29.00000000 45.00000000 18.50000000
v 29.05040731 45.97819896 7.52122818
v 29.00000000 46.00000000 18.50000000
v 29.13303708 46.90774037 7.59203353
v 29.00000000 47.00000000 18.50000000
v 29.26048424 47.80307513 7.69706933
v 29.00000000 47.99999995 18.49999995
v 29.43915306 48.65013394 7.85129168
v 29.00000000 48.99999935 18.49999935
v 28.66236196 49.44726751 8.05447441
v 28.91871235 50.20449513 8.29959039
v 29.00000000 49.99999373 18.49999373
v 29.20222744 50.92102484 8.58045176
v 29.00000000 50.99995251 18.49995252
v 29.49683670 51.59424196 8.90060104
v 29.00000001 51.99971064 18.49971073
v 28.91485118 52.10040016 9.18996699
v 28.75031739 52.74205735 9.63553029
v 29.16022163 53.44825954 10.17932106
v 29.00000009 52.99855482 18.49855602
v 29.20754981 54.04205907 10.66673413
v 29.00000111 53.99399692 18.49400825
v 28.72221868 54.49187803 11.03862479
v 29.15136806 55.04250216 11.46428879
v 29.00001022 54.97900799 18.47909162
v 28.58570765 55.61163729 11.88778859
v 28.99967372 56.19975981 12.30019210
v 29.00007341 55.93752726 18.43802226
v 29.41867004 56.78767820 12.71219859
v 29.00042159 56.84005985 18.34245411
v 28.86478992 57.35689722 13.14249118
v 29.36022087 57.88579961 13.61130618
v 29.00197267 57.64366040 18.15326217
v 28.92488778 58.35139098 14.13661229
v 29.57553967 58.72882693 14.72927248
v 29.00762911 58.30008801 17.83239786
v 29.32143678 58.98928522 15.38626426
v 29.15820431 59.10143629 16.08107766
v 29.06754231 59.03558796 16.76133460
v 29.02468075 58.77013141 17.36235446
v 30.58243833 0.15397185 0.78798455
v 29.97490075 0.55659223 0.42870800
v 30.38483352 -0.10742078 1.42668556
v 30.25351754 -0.25773590 2.23437436
v 30.16920274 -0.33712039 3.15279575
v 30.12212921 -0.38657614 4.12551735
v 30.09974612 -0.42547928 5.10504937
v 30.07864280 -0.45408846 6.07515192
v 30.05367512 -0.47306743 7.04650743
v 30.03268355 -0.48538680 8.02644262
v 30.01792037 -0.49260618 9.01392470
v 30.00891765 -0.49646215 10.00683185
v 30.00357765 -0.49812306 11.00282673
v 29.99906611 -0.49777193 11.99964366
v 29.99056886 -0.49341674 12.99385089
v 29.96802940 -0.47831897 13.97804988
v 29.91266476 -0.43712848 14.93594236
v 29.79993516 -0.34361938 15.83649446
v 29.61845071 -0.16635782 16.62978375
v 29.40645395 0.10878221 17.23962577
v 29.91113777 0.40918460 17.60537011
v 30.32831784 0.99967947 0.26427532
v 30.23130840 0.74094763 17.77304177
v 30.81224483 1.46354614 0.38000848
v 29.36827891 1.57689667 17.44379695
v 30.04965716 1.21296013 17.70147661
v 30.50393914 1.84482139 0.80673954
v 30.31187993 2.10412978 1.45950298
v 30.19833507 2.25160809 2.27893225
v 30.12343600 2.33157983 3.20204948
v 30.06562823 2.39345618 4.16402336
v 29.99831715 2.46618961 5.10723520
v 29.86970310 2.56134037 6.00273242
v 29.64072826 2.69006727 6.83073797
v 29.32287775 2.82530938 7.46867860
v 29.28391357 3.15569575 8.16427415
v 29.53087918 3.62711983 8.58018599
v 29.91708986 3.19906311 13.62869274
v 30.55173868 2.90514749 14.36785419
v 30.27713772 2.64528367 15.11177550
v 30.10715971 2.40164438 15.91524062
v 30.03024537 2.10448169 16.70086858
v 30.06631905 1.71162695 17.33314331
v 29.67006215 4.00520601 8.66930584
v 29.84019841 4.02640258 12.51536636
v 30.33968973 3.60200375 13.07823877
v 30.03848711 4.20657773 8.53504258
v 30.07137034 4.82257733 8.36610877
v 29.75167337 5.07663760 11.62056957
v 30.24970563 4.57336029 12.08964122
v 30.43552189 5.51976727 8.01658009
v 29.84021046 6.24670344 7.75652310
v 30.10869753 5.70923731 11.24513473
v 30.15133814 6.85364120 7.34850454
v 29.94482252 6.88308478 10.43054538
v 30.47091453 6.34013919 10.86552545
v 30.48755588 7.44709012 6.93697804
v 29.95063406 8.09204449 6.57938547
v 29.78174920 8.04935493 9.61580323
v 30.29809423 7.51639936 10.05322706
v 30.30122556 8.66047259 6.15685782
v 29.78954192 9.31226092 5.81667440
v 30.11824447 8.70129880 9.24406707
v 30.12907799 9.89389288 5.41052643
v 29.94601769 9.88226817 8.43145758
v 30.47337823 9.33822792 8.86532714
v 30.47223551 10.46499435 5.03784263
v 30.02553587 11.00207712 4.75089412
v 29.78191984 11.04933393 7.61613578
v 30.29830766 10.51626398 8.05343599
v 29.73255546 12.26027562 3.99123185
v 30.07368880 11.64429159 4.35387625
v 30.11854629 11.70136260 7.24458626
v 30.46696322 12.28754992 3.92797635
v 29.82648359 12.90895215 3.57840571
v 29.95026019 12.88306945 6.44023192
v 30.47468091 12.33836860 6.86759364
v 30.27868807 13.54534665 3.12773584
v 29.78961491 14.16099812 2.77277103
v 29.81336080 14.05658132 5.69873003
v 30.31242877 13.51779071 6.08339355
v 30.10327269 14.76489560 2.36675948
v 30.19479548 14.71023838 5.45041626
v 30.45572098 15.38882562 1.96176641
v 29.89196513 16.03752723 1.64801566
v 30.17097384 15.90337775 5.22972203
v 30.62611320 15.33836407 5.30355641
v 30.23030321 16.70991228 1.27996836
v 29.65556903 17.45659051 1.09019027
v 29.74970593 16.46992052 5.27668843
v 30.14803713 17.05829272 5.51995150
v 30.44686104 17.09298925 14.55108886
v 29.73467459 17.45448721 13.94249238
v 30.18486457 16.86789426 15.24344378
v 29.91546822 16.80137233 15.98388629
v 29.58408044 16.90896869 16.70589126
v 29.13334858 17.20351073 17.33599660
v 29.52953776 17.68950703 17.82199290
v 29.88038258 18.24854812 0.85819256
v 29.64976355 17.61755895 5.69563709
v 29.87282466 18.27496833 5.93824427
v 30.05942843 17.91945190 13.41656275
v 29.77657411 18.35294148 18.14986404
v 30.06581515 19.13357730 0.66937083
v 30.01573877 19.03666367 6.11753002
v 30.41915380 18.45012292 12.94954430
v 29.80505083 19.01640303 12.51630806
v 29.90826171 19.15902667 18.34154063
v 30.26225537 20.12534295 0.46235572
v 30.09600804 19.89562336 6.23272700
v 30.20404350 19.60203415 12.10202162
v 29.60388302 20.19946696 11.69946567
v 29.96777267 20.06227213 18.43782164
v 30.13458251 20.96155276 0.33125891
v 30.77178439 20.63606337 0.23446317
v 30.45912590 21.23386312 0.19968879
v 30.13464285 20.82389012 6.29556796
v 30.00007221 20.80198458 11.30198448
v 29.99040947 21.02095642 18.47905602
v 29.95322596 21.63889034 0.33799692
v 30.55282748 21.76752489 0.17764475
v 30.15027935 21.79269696 6.32432979
v 30.39653727 21.40285613 10.90285613
v 29.79784544 22.00004749 10.50004748
v 29.99760694 22.00599806 18.49400323
v 30.03867185 22.28158594 0.32697765
v 29.84144387 23.15203475 0.47186923
v 30.15552377 22.78121625 6.33529280
v 30.20207213 22.59743945 10.09743945
v 29.60305027 23.19946070 9.69946070
v 29.99950510 23.00144463 18.49855547
v 29.99381469 24.13735462 0.52857486
v 30.15696276 23.77768227 6.33874718
v 29.99802844 23.80653115 9.30653115
v 29.99991637 24.00028932 18.49971069
v 30.08349348 25.07588235 0.58535234
v 30.15728216 24.77678442 6.33963934
v 30.38890927 24.41892231 8.91892230
v 29.77324608 25.04586967 8.54586957
v 29.99998867 25.00004749 18.49995252
v 30.12966822 26.03354086 0.62534599
v 30.15734710 25.77659676 6.33983453
v 30.13501421 25.70890884 8.20890772
v 29.44716512 26.43352915 7.93352238
v 29.99999880 26.00000627 18.49999373
v 30.14892445 27.01225957 0.64690707
v 30.15742995 26.77654130 6.33994086
v 29.68576031 27.23523944 7.73519003
v 29.99999990 27.00000065 18.49999935
v 30.15530217 28.00387204 0.65605372
v 30.15791883 27.77633470 6.34042139
v 29.84364972 28.11146817 7.61120429
v 29.99999999 28.00000005 18.49999995
v 30.15695114 29.00126561 0.65913696
v 30.16040894 28.77506014 6.34277120
v 29.93276682 29.04416559 7.54317392
v 30.00000000 29.00000000 18.50000000
v 30.15727113 30.00062920 0.65996606
v 30.17055388 29.76874178 6.35191073
v 29.97563787 30.00699522 7.50480487
v 30.00000000 30.00000000 18.50000000
v 30.15730898 31.00050705 0.66014434
v 30.20411836 30.74353310 6.38015600
v 29.99613364 30.96556019 7.46651529
v 30.00000000 31.00000000 18.50000000
v 30.15730967 32.00048210 0.66016950
v 30.29607016 31.66095802 6.44939921
v 30.01937786 31.86259706 7.39637335
v 30.00000000 32.00000000 18.50000000
v 30.15734680 33.00043203 0.66013788
v 30.50806981 32.43569705 6.58078719
v 30.08276294 32.59328065 7.27073868
v 30.00000000 33.00000000 18.50000000
v 30.15760407 34.00014947 0.65999537
v 30.89876442 32.95381674 6.76754160
v 30.22612533 33.04000555 7.09671385
v 30.00000000 34.00000000 18.50000000
v 30.15887427 34.99879179 0.65965609
v 30.48521349 33.15408617 6.91645210
v 30.00000000 35.00000000 18.50000000
v 30.16397821 35.99346450 0.65965384
v 30.00000000 36.00000000 18.50000000
v 30.18096017 36.97627778 0.66373073
v 30.00000000 37.00000000 18.50000000
v 30.22813257 37.93034103 0.68489015
v 30.00000000 38.00000000 18.50000000
v 30.33862534 38.82762186 0.75325780
v 30.00000000 39.00000000 18.50000000
v 30.55934718 39.63081433 0.91603412
v 30.00000000 40.00000000 18.50000000
v 30.93723840 40.29930941 1.22152381
v 30.00000000 41.00000000 18.50000000
v 30.55716834 40.77848615 1.74044992
v 30.32936679 41.08304529 2.42509707
v 30.19620559 41.25604605 3.23680887
v 30.08821199 41.36592581 4.11404464
v 29.93379928 41.48504914 4.98461287
v 29.66392214 41.67982060 5.77712937
v 29.22127363 42.00704999 6.43180359
v 29.55022272 42.61172534 6.86402828
v 30.00000000 42.00000000 18.50000000
v 29.78058923 43.32583849 7.16555902
v 30.00000000 43.00000000 18.50000000
v 29.91494438 44.14664113 7.35004434
v 30.00000000 44.00000000 18.50000000
v 29.99034367 45.04479325 7.45362840
v 30.00000000 45.00000000 18.50000000
v 30.05081608 45.97842887 7.52075701
v 30.00000000 46.00000000 18.50000000
v 30.13313406 46.90776370 7.59202162
v 30.00000000 47.00000000 18.50000000
v 30.26060904 47.80348173 7.69740475
v 30.00000000 47.99999995 18.49999995
v 30.43971199 48.65163632 7.85273609
v 30.00000000 48.99999935 18.49999935
v 29.66093267 49.44970211 8.05551171
v 29.91223558 50.21080289 8.30351600
v 30.00000000 49.99999373 18.49999373
v 30.17967602 50.94067266 8.59245154
v 30.00000000 50.99995251 18.49995252
v 30.44891229 51.63571496 8.92364876
v 30.00000001 51.99971064 18.49971073
v 29.75868579 52.30715476 9.32049394
v 29.60364519 52.93027081 9.75884312
v 30.38536898 52.82056181 9.66264506
v 30.00000009 52.99855482 18.49855602
v 30.00648279 53.28828135 10.02777748
v 30.10453013 53.86104194 10.49617930
v 30.00000111 53.99399692 18.49400825
v 29.67081014 54.49013035 11.02297281
v 30.14014581 55.04290250 11.45384749
v 30.00001022 54.97900799 18.47909162
v 29.58136829 55.61484733 11.88580181
v 29.99878715 56.20090141 12.29887719
v 30.00007341 55.93752726 18.43802226
v 30.41862786 56.78806169 12.71170096
v 30.00042159 56.84005985 18.34245411
v 29.86475753 57.35702027 13.14238269
v 30.36022398 57.88582638 13.61127800
v 30.00197267 57.64366040 18.15326217
v 29.92488755 58.35139614 14.13660809
v 30.57553985 58.72882766 14.72927179
v 30.00762911 58.30008801 17.83239786
v 30.32143679 58.98928531 15.38626419
v 30.15820431 59.10143630 16.08107766
v 30.06754231 59.03558796 16.76133460
v 30.02468075 58.77013141 17.36235446
v 31.52431884 0.13481308 0.76008012
v 30.86557755 0.53624673 0.37352078
v 31.31626020 -0.14682822 1.39067729
v 31.18220393 -0.31439481 2.18825730
v 31.10414472 -0.39958491 3.09404509
v 31.06339167 -0.44022962 4.05823762
v 31.04430632 -0.46252608 5.04474978
v 31.03378825 -0.47728156 6.03412098
v 31.02416066 -0.48708788 7.02257841
v 31.01508511 -0.49316436 8.01297557
v 31.00827323 -0.49665594 9.00670706
v 31.00392675 -0.49842037 10.00312635
v 31.00104231 -0.49896802 11.00100903
v 30.99751225 -0.49799053 11.99864162
v 30.98897629 -0.49326426 12.99269179
v 30.96581088 -0.47816771 13.97568681
v 30.90867311 -0.43803908 14.93149719
v 30.78768551 -0.34852578 15.82879070
v 30.57528041 -0.18172269 16.61666612
v 30.27188640 0.07645382 17.22916557
v 30.71772545 0.41883857 17.62855808
v 31.25366880 1.00020868 0.22328722
v 30.92142168 0.86115234 17.78663276
v 31.76463043 1.46922726 0.35086825
v 30.97727728 1.36026993 17.66973907
v 31.44042397 1.86527580 0.76276890
v 31.23773601 2.14618638 1.40153231
v 31.12614072 2.31344479 2.20675129
v 31.06603521 2.40095826 3.11549036
v 31.02187436 2.45347220 4.07172860
v 30.95925269 2.51108909 5.02813557
v 30.83174161 2.60526840 5.94632135
v 30.58388538 2.76160570 6.80197747
v 30.14504730 3.00739662 7.62183215
v 29.99744256 3.35984622 8.23224748
v 30.69257925 3.43408883 8.05964314
v 30.90684404 3.22707058 13.70683314
v 31.55923277 2.91985633 14.40513155
v 31.30033698 2.66735917 15.14779663
v 31.13091580 2.43972252 15.92371350
v 31.04032896 2.17477568 16.66556103
v 31.00570530 1.81842760 17.27840247
v 30.14787994 3.75585276 8.45004660
v 30.81812906 4.07748306 8.28756268
v 30.76751373 4.08093510 12.58056628
v 31.31017934 3.62786124 13.12076084
v 31.13228121 4.80233011 8.17381737
v 30.64480168 5.16437553 11.68249495
v 31.19087702 4.62037902 12.12515108
v 31.42101942 5.49448628 7.93413299
v 30.75178026 6.17272200 7.66407744
v 31.02996410 5.77425364 11.28595875
v 31.07834791 6.80395413 7.29359962
v 30.84486170 6.95934876 10.47670397
v 31.41418357 6.38470680 10.88940796
v 31.43058048 7.41561353 6.90687855
v 30.84988586 8.03269009 6.52613350
v 30.66368435 8.14505339 9.66923939
v 31.22901504 7.57164085 10.08134729
v 31.22842320 8.62335445 6.12295985
v 30.66421235 9.24848667 5.75419150
v 31.03607894 8.76870343 9.28190092
v 31.02440767 9.85072453 5.37449950
v 30.84537915 9.95896424 8.47666978
v 31.41580328 9.38335221 8.88836524
v 31.36505245 10.46592336 5.01062914
v 30.76210779 11.05885278 4.67455658
v 30.66377209 11.14503903 7.66935143
v 31.22912140 10.57155861 8.08134283
v 31.05830213 11.69169163 4.29145703
v 31.03640190 11.76871297 7.28237219
v 31.41965140 12.32223301 3.89694620
v 30.82357103 12.92363439 3.51413104
v 30.85043091 12.95922756 6.48580215
v 31.41726309 12.38338142 6.89066803
v 31.22758945 13.54675778 3.10378470
v 30.66159688 14.15541431 2.72062314
v 30.70248434 14.14651557 5.75566904
v 31.24519179 13.57169581 6.11221232
v 31.03282584 14.77364210 2.32202759
v 31.12362774 14.76596264 5.49288289
v 31.40801256 15.39684816 1.93006446
v 30.81608541 16.02963136 1.57599167
v 31.09733660 15.93344803 5.28175807
v 31.58017366 15.36736991 5.33041622
v 31.16908828 16.69855406 1.22648326
v 30.53329974 17.43265541 0.97941244
v 30.62790557 16.49389885 5.35681939
v 31.05917092 17.08290245 5.57210991
v 31.44686104 17.09298925 14.55108886
v 30.73467459 17.45448721 13.94249238
v 31.18486457 16.86789426 15.24344378
v 30.91546822 16.80137233 15.98388629
v 30.58408044 16.90896869 16.70589126
v 30.13334858 17.20351073 17.33599660
v 30.52953776 17.68950703 17.82199290
v 30.78768211 18.22451297 0.73921311
v 30.48834936 17.67666369 5.78517982
v 30.74039861 18.36952504 6.02509470
v 31.05942843 17.91945190 13.41656275
v 30.77657411 18.35294148 18.14986404
v 31.01746506 19.06540315 0.53167225
v 30.90204431 19.15516434 6.20786984
v 31.41915380 18.45012292 12.94954430
v 30.80505083 19.01640303 12.51630806
v 30.90826171 19.15902667 18.34154063
v 31.29924064 19.83415761 0.33544009
v 30.99116774 20.02596447 6.32522806
v 31.20404350 19.60203415 12.10202162
v 30.60388302 20.19946696 11.69946567
v 30.96777267 20.06227213 18.43782164
v 31.61433144 20.50228039 0.17295648
v 31.07253047 21.18603653 0.12166695
v 31.03286502 20.95922159 6.38846705
v 31.00007221 20.80198458 11.30198448
v 30.99040947 21.02095642 18.47905602
v 31.30088010 21.82571715 0.10023705
v 31.04919866 21.92999827 6.41691483
v 31.39653727 21.40285613 10.90285613
v 30.79784544 22.00004749 10.50004748
v 30.99760694 22.00599806 18.49400323
v 30.65646294 22.46843393 0.22363694
v 30.76670689 23.28817490 0.31700995
v 31.05448607 22.91928767 6.42752707
v 31.20207213 22.59743945 10.09743945
v 30.60305027 23.19946070 9.69946070
v 30.99950510 23.00144463 18.49855547
v 30.89984332 24.16826794 0.40822155
v 31.05588174 23.91604381 6.43078157
v 30.99802844 23.80653115 9.30653115
v 30.99991637 24.00028932 18.49971069
v 30.98764033 25.08290226 0.48296581
v 31.05617954 24.91524229 6.43159453
v 31.38890927 24.41892230 8.91892229
v 30.77324607 25.04586960 8.54586946
v 30.99998867 25.00004749 18.49995252
v 31.03189336 26.03430377 0.53074239
v 31.05624838 25.91507634 6.43177337
v 31.13501414 25.70890787 8.20890654
v 30.44716448 26.43352367 7.93351437
v 30.99999880 26.00000627 18.49999373
v 31.04936140 27.01261471 0.55475341
v 31.05640225 26.91498617 6.43192193
v 30.68575929 27.23519056 7.73513646
v 30.99999990 27.00000065 18.49999935
v 31.05471882 28.00502563 0.56429796
v 31.05727716 27.91452231 6.43262186
v 30.84366513 28.11113959 7.61093567
v 30.99999999 28.00000005 18.49999995
v 31.05597980 29.00293284 0.56730312
v 31.06137509 28.91197577 6.43570653
v 30.93293290 29.04246646 7.54217078
v 31.00000000 29.00000000 18.50000000
v 31.05620084 30.00248003 0.56805077
v 31.07677894 29.90077579 6.44647201
v 30.97657639 30.00016363 7.50213050
v 31.00000000 30.00000000 18.50000000
v 31.05622777 31.00240330 0.56819631
v 31.12379339 30.86103829 6.47621738
v 30.99968251 30.94428835 7.46219900
v 31.00000000 31.00000000 18.50000000
v 31.05623504 32.00238692 0.56821447
v 31.24129900 31.74645460 6.54116657
v 31.02813816 31.81340338 7.39607143
v 31.00000000 32.00000000 18.50000000
v 31.05628201 33.00233770 0.56819993
v 31.48137358 32.47920653 6.65330982
v 31.09189372 32.52196216 7.28753238
v 31.00000000 33.00000000 18.50000000
v 31.05657052 34.00205622 0.56817326
v 31.88758481 32.96858949 6.80914632
v 31.22792323 32.98295542 7.13948092
v 31.00000000 34.00000000 18.50000000
v 31.05799202 35.00073342 0.56837299
v 31.48041100 33.13723453 6.97214977
v 31.00000000 35.00000000 18.50000000
v 31.06372039 35.99565249 0.57029349
v 31.00000000 36.00000000 18.50000000
v 31.08276890 36.97949281 0.57964325
v 31.00000000 37.00000000 18.50000000
v 31.13544174 37.93633969 0.61175219
v 31.00000000 38.00000000 18.50000000
v 31.25745659 38.83799578 0.69657118
v 31.00000000 39.00000000 18.50000000
v 31.49577344 39.64399399 0.87668761
v 31.00000000 40.00000000 18.50000000
v 31.89118603 40.30928138 1.19382773
v 31.00000000 41.00000000 18.50000000
v 31.49368528 40.80149347 1.69620329
v 31.24891673 41.12680496 2.36874338
v 31.10547661 41.32132484 3.17188998
v 30.99419026 41.44748365 4.04400009
v 30.84197525 41.57733953 4.91325587
v 30.58062798 41.77988321 5.70849073
v 30.15761280 42.11236162 6.37022428
v 30.53442313 42.65634471 6.83483159
v 31.00000000 42.00000000 18.50000000
v 30.77895914 43.33948452 7.15420376
v 31.00000000 43.00000000 18.50000000
v 30.91608706 44.14833602 7.34640529
v 31.00000000 44.00000000 18.50000000
v 30.99143536 45.04337716 7.45275999
v 31.00000000 45.00000000 18.50000000
v 31.05146049 45.97711613 7.52074044
v 31.00000000 46.00000000 18.50000000
v 31.13357559 46.90724560 7.59230879
v 31.00000000 47.00000000 18.50000000
v 31.26153532 47.80383484 7.69832704
v 31.00000000 47.99999995 18.49999995
v 31.44277901 48.65372437 7.85581618
v 31.00000000 48.99999935 18.49999935
v 30.66233339 49.45494988 8.06038920
v 30.91489421 50.22824190 8.31698181
v 31.00000000 49.99999373 18.49999373
v 31.18076458 50.98764031 8.62148446
v 31.00000000 50.99995251 18.49995252
v 31.36373446 51.67464477 8.94149224
v 31.00000001 51.99971064 18.49971073
v 30.80218905 52.23811203 9.26250750
v 31.39563596 52.74779716 9.60262138
v 31.00000009 52.99855482 18.49855602
v 30.80740731 53.34460835 10.05917149
v 31.21245995 53.91866049 10.52144297
v 31.00000111 53.99399692 18.49400825
v 30.66620572 54.47369933 10.99105556
v 31.14350639 55.04452046 11.44420931
v 31.00001022 54.97900799 18.47909162
v 30.58003422 55.61641284 11.88127434
v 30.99912254 56.20180862 12.29728122
v 31.00007341 55.93752726 18.43802226
v 31.41889692 56.78838688 12.71125523
v 31.00042159 56.84005985 18.34245411
v 30.86479956 57.35712512 13.14224893
v 31.36024114 57.88584848 13.61125147
v 31.00197267 57.64366040 18.15326217
v 30.92488976 58.35140074 14.13660297
v 31.57554033 58.72882825 14.72927112
v 31.00762911 58.30008801 17.83239786
v 31.32143683 58.98928538 15.38626411
v 31.15820432 59.10143630 16.08107765
v 31.06754231 59.03558796 16.76133460
v 31.02468075 58.77013141 17.36235446
v 32.49359170 0.13943362 0.75362039
v 31.82061818 0.53194733 0.35313613
v 32.28609160 -0.15160850 1.37976834
v 32.15207343 -0.33004241 2.17289557
v 32.07534240 -0.42270656 3.07332354
v 32.03702472 -0.46419461 4.03271011
v 32.02029345 -0.48159331 5.01865853
v 32.01329614 -0.48974802 6.01321471
v 32.00935003 -0.49435295 7.00921247
v 32.00606420 -0.49708388 8.00559053
v 32.00339749 -0.49860246 9.00293035
v 32.00151942 -0.49931129 10.00132436
v 31.99986674 -0.49929301 11.00024895
v 31.99659605 -0.49787064 11.99840880
v 31.98715484 -0.49251074 12.99233218
v 31.96174237 -0.47658042 13.97356990
v 31.90207093 -0.43549796 14.92593440
v 31.77657704 -0.34457155 15.82107368
v 31.54491842 -0.17555803 16.61151643
v 31.18477865 0.08605836 17.23357255
v 31.59353925 0.47335008 17.63586410
v 32.21813491 1.00156115 0.20905160
v 31.81465765 0.95344664 17.77994515
v 32.72801608 1.46541519 0.33605815
v 31.91417081 1.45176224 17.64533731
v 32.40559231 1.86261301 0.73674976
v 32.20247532 2.15172665 1.36904301
v 32.09255657 2.32994502 2.17047998
v 32.03862470 2.42512098 3.07639500
v 32.00457607 2.47745599 4.03249705
v 31.95465089 2.52930319 4.99543980
v 31.84189066 2.62368534 5.92401043
v 31.60211188 2.79802664 6.76908078
v 31.19441000 3.07205173 7.49189448
v 31.62863809 3.54050528 7.96059302
v 31.89833304 3.23832085 13.72890572
v 32.55285523 2.92341123 14.40992447
v 32.29648250 2.67456180 15.15389421
v 32.12405827 2.45645883 15.92044453
v 32.02218190 2.21175065 16.64646566
v 31.96501289 1.88407756 17.24869552
v 31.91256223 4.15676274 8.16463070
v 31.73720072 4.10282733 12.59899178
v 32.29371950 3.63633122 13.12625723
v 32.15707370 4.84137787 8.12185605
v 31.60061137 5.19983072 11.70056103
v 32.16393364 4.63673014 12.12770225
v 32.39783116 5.52758401 7.92197732
v 31.71730841 6.16039277 7.62793396
v 31.99606964 5.79857464 11.29155080
v 32.04192480 6.80131401 7.28036588
v 31.80397439 6.98910918 10.48710796
v 32.38449199 6.40023029 10.88400179
v 32.39414604 7.41949806 6.90679583
v 31.80579635 8.01536207 6.51156041
v 31.61603824 8.18311334 9.68475709
v 32.19754555 7.59087202 10.08060352
v 32.19139485 8.61595355 6.11974001
v 31.60731190 9.22766045 5.73543784
v 32.00108835 8.79367880 9.28670960
v 31.97149766 9.84874942 5.36505091
v 31.80434498 9.98877765 8.48687542
v 32.38580039 9.39890271 8.88275737
v 32.31536593 10.48460534 5.00296417
v 31.68974913 11.09593356 4.64596992
v 31.61613622 11.18306631 7.68480139
v 32.19769397 10.59068799 8.08050883
v 32.02514970 11.72597304 4.27115265
v 32.00146694 11.79363136 7.28711962
v 32.39013391 12.33375724 3.89061301
v 31.80969088 12.93788356 3.49947061
v 31.80981384 12.98878039 6.49618498
v 32.38736478 12.39887111 6.88501836
v 32.21491727 13.54858592 3.10154368
v 31.62158314 14.16419751 2.70398202
v 31.65809191 14.18167689 5.77256653
v 32.21448808 13.59035727 6.11178746
v 32.00418211 14.78234549 2.31052362
v 32.09222836 14.78697181 5.49926973
v 32.38292486 15.39859242 1.92617071
v 31.78371215 16.02954353 1.55477355
v 32.06418550 15.94869601 5.29412289
v 32.55150493 15.38070035 5.32633318
v 32.14382472 16.69105274 1.21419728
v 31.48588330 17.41710030 0.93047367
v 31.57723397 16.51030516 5.38614963
v 32.01967150 17.10004615 5.58825230
v 32.44686104 17.09298925 14.55108886
v 31.73467459 17.45448721 13.94249238
v 32.18486457 16.86789426 15.24344378
v 31.91546822 16.80137233 15.98388629
v 31.58408044 16.90896869 16.70589126
v 31.13334858 17.20351073 17.33599660
v 31.52953776 17.68950703 17.82199290
v 31.75671605 18.18933134 0.68712328
v 31.41896274 17.71422991 5.82533506
v 31.68142300 18.42104040 6.06137795
v 32.05942843 17.91945190 13.41656275
v 31.77657411 18.35294148 18.14986404
v 32.00424157 18.97894418 0.48110469
v 31.84725647 19.21671823 6.24217612
v 32.41915380 18.45012292 12.94954430
v 31.80505083 19.01640303 12.51630806
v 31.90826171 19.15902667 18.34154063
v 32.25814630 19.74013537 0.30248053
v 31.93697612 20.09369287 6.35722042
v 32.20404350 19.60203415 12.10202162
v 31.60388302 20.19946696 11.69946567
v 31.96777267 20.06227213 18.43782164
v 32.52393948 20.46600895 0.16161762
v 31.90147452 21.16425049 0.07995437
v 31.97798540 21.03066534 6.41810712
v 32.00007221 20.80198458 11.30198448
v 31.99040947 21.02095642 18.47905602
v 32.17535794 21.84812428 0.07101383
v 31.99359705 22.00359832 6.44481131
v 32.39653727 21.40285613 10.90285613
v 31.79784544 22.00004749 10.50004748
v 31.99760694 22.00599806 18.49400323
v 31.51247251 22.54525540 0.15618784
v 31.70269935 23.33080525 0.25876121
v 31.99847509 22.99398471 6.45444904
v 32.20207213 22.59743945 10.09743945
v 31.60305027 23.19946070 9.69946070
v 31.99950510 23.00144463 18.49855547
v 31.84991369 24.17563328 0.36769873
v 31.99970807 23.99119505 6.45728346
v 31.99802844 23.80653115 9.30653115
v 31.99991637 24.00028932 18.49971069
v 31.93889618 25.07977719 0.45350550
v 31.99995981 24.99054049 6.45795722
v 32.38890927 24.41892229 8.91892228
v 31.77324606 25.04586948 8.54586934
v 31.99998867 25.00004749 18.49995252
v 31.98034981 26.03353248 0.50534422
v 32.00003254 25.99040329 6.45810809
v 32.13501418 25.70890641 8.20890538
v 31.44716450 26.43351386 7.93350530
v 31.99999880 26.00000627 18.49999373
v 31.99505122 27.01625973 0.52965659
v 32.00027239 26.99025992 6.45829160
v 31.68576326 27.23511750 7.73508528
v 31.99999990 27.00000065 18.49999935
v 31.99904937 28.01109496 0.53859756
v 32.00155577 27.98947072 6.45914431
v 31.84370293 28.11072822 7.61072474
v 31.99999999 28.00000005 18.49999995
v 31.99986823 29.00986521 0.54118840
v 32.00711673 28.98557624 6.46259099
v 31.93314290 29.04069972 7.54156012
v 32.00000000 29.00000000 18.50000000
v 31.99998843 30.00963594 0.54177870
v 32.02651765 29.97015118 6.47368481
v 31.97735763 29.99440193 7.50105464
v 32.00000000 30.00000000 18.50000000
v 32.00000009 31.00960256 0.54188340
v 32.08158286 30.92069657 6.50229944
v 32.00158054 30.93043670 7.46189507
v 32.00000000 31.00000000 18.50000000
v 32.00000735 32.00959265 0.54189669
v 32.20992005 31.79120315 6.56203259
v 32.03055721 31.79075476 7.40010449
v 32.00000000 32.00000000 18.50000000
v 32.00006115 33.00954541 0.54190186
v 32.45912534 32.51017831 6.66431751
v 32.09292538 32.49898276 7.29970814
v 32.00000000 33.00000000 18.50000000
v 32.00038811 34.00927533 0.54198598
v 32.87093836 32.99415270 6.80996439
v 32.22650489 32.97209718 7.15832171
v 32.00000000 34.00000000 18.50000000
v 32.00198642 35.00801989 0.54263473
v 32.47492833 33.14433351 6.98851355
v 32.00000000 35.00000000 18.50000000
v 32.00835106 36.00320947 0.54593866
v 32.00000000 36.00000000 18.50000000
v 32.02918509 36.98778267 0.55850892
v 32.00000000 37.00000000 18.50000000
v 32.08568955 37.94584528 0.59615348
v 32.00000000 38.00000000 18.50000000
v 32.21357161 38.84824855 0.68766867
v 32.00000000 39.00000000 18.50000000
v 32.45685460 39.65214302 0.87207774
v 32.00000000 40.00000000 18.50000000
v 32.84903048 40.30827094 1.18432814
v 32.00000000 41.00000000 18.50000000
v 32.45430949 40.79855145 1.66709624
v 32.20590046 41.12895425 2.32835435
v 32.05941137 41.33158163 3.12573859
v 31.94857142 41.46611388 3.99674846
v 31.79962503 41.60393179 4.86859839
v 31.54315971 41.81437987 5.66844917
v 31.12795999 42.15389829 6.33554125
v 31.52812167 42.66593507 6.81925785
v 32.00000000 42.00000000 18.50000000
v 31.78043619 43.33435054 7.14785509
v 32.00000000 43.00000000 18.50000000
v 31.91928057 44.13942018 7.34452272
v 32.00000000 44.00000000 18.50000000
v 31.99399108 45.03652102 7.45290287
v 32.00000000 45.00000000 18.50000000
v 32.05286634 45.97365240 7.52141291
v 32.00000000 46.00000000 18.50000000
v 32.13451596 46.90608329 7.59305609
v 32.00000000 47.00000000 18.50000000
v 32.26350315 47.80376885 7.69978632
v 32.00000000 47.99999995 18.49999995
v 32.44869940 48.65393737 7.85955084
v 32.00000000 48.99999935 18.49999935
v 31.67205844 49.46263095 8.06931179
v 31.94652693 50.25758183 8.34086131
v 32.00000000 49.99999373 18.49999373
v 32.30778498 51.13694668 8.70454655
v 32.00000000 50.99995251 18.49995252
v 31.98690125 51.82069198 9.02078147
v 31.54657410 52.16889298 9.21275130
v 32.25996458 52.30666985 9.31263135
v 32.00000001 51.99971064 18.49971073
v 32.27392624 52.89468105 9.71209111
v 32.00000009 52.99855482 18.49855602
v 31.77273505 53.37740827 10.07556578
v 32.22787444 53.93532126 10.52622908
v 32.00000111 53.99399692 18.49400825
v 31.69018506 54.48687078 10.98773043
v 32.15156932 55.04948254 11.44110872
v 32.00001022 54.97900799 18.47909162
v 31.58251262 55.61839811 11.87796982
v 32.00022131 56.20265314 12.29629097
v 32.00007341 55.93752726 18.43802226
v 32.41924580 56.78862256 12.71101999
v 32.00042159 56.84005985 18.34245411
v 31.86489156 57.35720735 13.14215271
v 32.36026177 57.88586322 13.61123577
v 32.00197267 57.64366040 18.15326217
v 31.92489349 58.35140421 14.13659908
v 32.57554086 58.72882864 14.72927071
v 32.00762911 58.30008801 17.83239786
v 32.32143689 58.98928544 15.38626405
v 32.15820432 59.10143631 16.08107765
v 32.06754231 59.03558796 16.76133460
v 32.02468075 58.77013141 17.36235446
v 33.44446558 0.17155618 0.76063379
v 32.78608834 0.54085791 0.35178149
v 33.25508268 -0.12456410 1.38127962
v 33.13357860 -0.31345858 2.17212309
v 33.06315248 -0.41777439 3.07010095
v 33.02718862 -0.46727603 4.02639684
v 33.01147923 -0.48742224 5.01032360
v 33.00553135 -0.49481078 6.00515348
v 33.00328627 -0.49760822 7.00324426
v 33.00209416 -0.49885405 8.00203812
v 33.00120485 -0.49946473 9.00111906
v 33.00047819 -0.49969723 10.00050938
v 32.99946789 -0.49943671 11.00002109
v 32.99641176 -0.49773840 11.99876952
v 32.98622624 -0.49155093 12.99354203
v 32.95744527 -0.47365459 13.97481875
v 32.89073511 -0.43036237 14.92166416
v 32.76270196 -0.33629148 15.80774905
v 32.52898625 -0.15979256 16.59707737
v 32.13911272 0.11527935 17.22821690
v 32.53827654 0.53127669 17.62550756
v 33.17138049 1.00690461 0.20991494
v 32.75030873 1.02801725 17.76050879
v 33.65091566 1.45396972 0.32524810
v 32.84266601 1.51786037 17.61574078
v 33.35018284 1.83841016 0.70461540
v 33.16324149 2.12647339 1.33103173
v 33.06631184 2.31246495 2.13785733
v 33.02265660 2.41835806 3.05220837
v 32.99913309 2.47652400 4.01584139
v 32.96573390 2.52545034 4.98841780
v 32.88293925 2.61363712 5.93381287
v 32.68621663 2.80131872 6.80222349
v 32.26167792 3.11534165 7.48873739
v 32.70164739 3.60556541 8.00129799
v 32.88517184 3.23984113 13.72314421
v 33.53785958 2.91984695 14.39745730
v 33.27855913 2.67190314 15.14775091
v 33.09609723 2.45748550 15.90626622
v 32.98038994 2.22526064 16.62115570
v 32.90275358 1.92324949 17.21651393
v 32.95354351 4.24343040 8.22222336
v 32.71466214 4.10771146 12.58892337
v 33.26739815 3.63456791 13.10360226
v 33.12083631 4.93670873 8.17113814
v 32.57415201 5.21101286 11.68952719
v 33.13230374 4.63790578 12.09956087
v 33.31288352 5.60791854 7.96565431
v 32.67753088 6.19252639 7.63497526
v 32.96349994 5.80613031 11.26644339
v 32.99372756 6.83485435 7.29755248
v 32.77249067 6.99758126 10.47025636
v 33.33731413 6.40366371 10.84409960
v 33.32820270 7.45179121 6.93463568
v 32.76590075 8.02281523 6.52282203
v 32.58725006 8.19514775 9.67236861
v 33.15878016 7.59351068 10.04837327
v 33.14371903 8.62672440 6.14432097
v 32.57014289 9.22961262 5.74151146
v 32.96723111 8.80125019 9.26109828
v 32.92861490 9.86234412 5.37689798
v 32.77290684 9.99698177 8.46994124
v 33.33818894 9.40182291 8.84274370
v 33.26262695 10.51153582 5.01433331
v 32.64456220 11.12450002 4.63677775
v 32.58747895 11.19493340 7.67224179
v 33.15925869 10.59282822 8.04802595
v 32.96576965 11.74257135 4.26505789
v 32.96778957 11.80104941 7.26122574
v 33.31197736 12.30724060 3.90920238
v 32.80268514 12.92040000 3.51268142
v 32.77851529 12.99699353 6.47933355
v 33.33992104 12.40177138 6.84475380
v 33.20765119 13.53477520 3.12174181
v 32.60403001 14.16687104 2.70503201
v 32.63005054 14.19333197 5.76074323
v 33.17603075 13.59300720 6.07976346
v 32.97290988 14.78427355 2.31581447
v 33.05749824 14.79648552 5.47453762
v 33.33817486 15.38939885 1.94698627
v 32.76097975 16.02183699 1.56356510
v 33.02746991 15.96184560 5.27940374
v 33.49760005 15.39328622 5.28779850
v 33.11890693 16.68130403 1.23906992
v 32.46374900 17.40296601 0.92432874
v 32.54600111 16.52331563 5.38716286
v 32.98055785 17.11831287 5.57925199
v 33.44686104 17.09298925 14.55108886
v 32.73467459 17.45448721 13.94249238
v 33.18486457 16.86789426 15.24344378
v 32.91546822 16.80137233 15.98388629
v 32.58408044 16.90896869 16.70589126
v 32.13334858 17.20351073 17.33599660
v 32.52953776 17.68950703 17.82199290
v 32.73387725 18.16530889 0.68777535
v 32.38163890 17.73836475 5.83356534
v 32.64093017 18.45361596 6.06262967
v 33.05942843 17.91945190 13.41656275
v 32.77657411 18.35294148 18.14986404
v 32.97042975 18.95330264 0.49391952
v 32.80168195 19.25742057 6.23560255
v 33.41915380 18.45012292 12.94954430
v 32.80505083 19.01640303 12.51630806
v 32.90826171 19.15902667 18.34154063
v 33.19859421 19.73889692 0.33220620
v 32.88676619 20.14166869 6.34294564
v 33.20404350 19.60203415 12.10202162
v 32.60388302 20.19946696 11.69946567
v 32.96777267 20.06227213 18.43782164
v 33.42695518 20.49831402 0.20599364
v 32.79667904 21.16880108 0.08324641
v 32.92457803 21.08433524 6.39790739
v 33.00007221 20.80198458 11.30198448
v 32.99040947 21.02095642 18.47905602
v 33.06859775 21.85428082 0.08895610
v 32.93844101 22.06084087 6.42105090
v 33.39653727 21.40285613 10.90285613
v 32.79784544 22.00004749 10.50004748
v 32.99760694 22.00599806 18.49400323
v 32.43125191 22.56240944 0.14170651
v 32.65071255 23.32182512 0.26288362
v 32.94256801 23.05296033 6.42899861
v 33.20207213 22.59743945 10.09743945
v 32.60305027 23.19946070 9.69946070
v 32.99950510 23.00144463 18.49855547
v 32.81002922 24.15495191 0.39007212
v 32.94355171 24.05081889 6.43120079
v 32.99802844 23.80653115 9.30653115
v 32.99991637 24.00028932 18.49971069
v 32.89677971 25.07238977 0.48480696
v 32.94374221 25.05035029 6.43169078
v 33.38890927 24.41892228 8.91892227
v 32.77324607 25.04586932 8.54586922
v 32.99998867 25.00004749 18.49995252
v 32.93063692 26.04358655 0.53672840
v 32.94381781 26.05024420 6.43180622
v 33.13501431 25.70890485 8.20890452
v 32.44716531 26.43350153 7.93349770
v 32.99999880 26.00000627 18.49999373
v 32.94092226 27.03494108 0.55860437
v 32.94413578 27.05004387 6.43200839
v 32.68577046 27.23504020 7.73504981
v 32.99999990 27.00000065 18.49999935
v 32.94331479 28.03278470 0.56585702
v 32.94573858 28.04896425 6.43292776
v 32.84374319 28.11036508 7.61060977
v 32.99999999 28.00000005 18.49999995
v 32.94372053 29.03235957 0.56775527
v 32.95225975 29.04408140 6.43644651
v 32.93329620 29.03942332 7.54133014
v 33.00000000 29.00000000 18.50000000
v 32.94376504 30.03229676 0.56814577
v 32.97377743 30.02621817 6.44733591
v 32.97775211 29.99111371 7.50093162
v 33.00000000 30.00000000 18.50000000
v 32.94376774 31.03229023 0.56820874
v 33.03208337 30.97269175 6.47489519
v 33.00222879 30.92455335 7.46271452
v 33.00000000 31.00000000 18.50000000
v 32.94377602 32.03228482 0.56821890
v 33.16365699 31.83937817 6.53255663
v 33.03130463 31.78424038 7.40310679
v 33.00000000 32.00000000 18.50000000
v 32.94383785 33.03224173 0.56824176
v 33.41508144 32.55896172 6.63307210
v 33.09366653 32.49712663 7.30508009
v 33.00000000 33.00000000 18.50000000
v 32.94420279 34.03198687 0.56840835
v 33.83026810 33.05252748 6.77972482
v 33.22576631 32.98211489 7.16300761
v 33.00000000 34.00000000 18.50000000
v 32.94594886 35.03078843 0.56934435
v 33.46438771 33.17414390 6.98405119
v 33.00000000 35.00000000 18.50000000
v 32.95275656 36.02613257 0.57340369
v 33.00000000 36.00000000 18.50000000
v 32.97455783 37.01094384 0.58743127
v 33.00000000 37.00000000 18.50000000
v 33.03232601 37.96891948 0.62693217
v 33.00000000 38.00000000 18.50000000
v 33.15976256 38.86945557 0.71890739
v 33.00000000 39.00000000 18.50000000
v 33.39503206 39.66606402 0.89746282
v 33.00000000 40.00000000 18.50000000
v 33.76031790 40.30215732 1.18741388
v 33.00000000 41.00000000 18.50000000
v 33.38947179 40.77380454 1.63202000
v 33.15137394 41.09712867 2.27385564
v 33.01119329 41.29789217 3.06417534
v 32.90926300 41.43332989 3.93790425
v 32.77260442 41.57629620 4.82047124
v 32.52674770 41.79816989 5.63430049
v 32.11746925 42.15225094 6.31289355
v 32.53108234 42.64181534 6.80584348
v 33.00000000 42.00000000 18.50000000
v 32.78984685 43.30184590 7.14216785
v 33.00000000 43.00000000 18.50000000
v 32.92879211 44.11291549 7.34505434
v 33.00000000 44.00000000 18.50000000
v 32.99970747 45.02209159 7.45567599
v 33.00000000 45.00000000 18.50000000
v 33.05525987 45.96811488 7.52355621
v 33.00000000 46.00000000 18.50000000
v 33.13586639 46.90437456 7.59438594
v 33.00000000 47.00000000 18.50000000
v 33.26606072 47.80264927 7.70141872
v 33.00000000 47.99999995 18.49999995
v 33.45486411 48.65024685 7.86257654
v 33.00000000 48.99999935 18.49999935
v 32.68785209 49.45992280 8.07646018
v 32.98093696 50.22437869 8.34118601
v 33.00000000 49.99999373 18.49999373
v 33.33309834 50.81289661 8.58091717
v 33.00000000 50.99995251 18.49995252
v 32.53262451 51.76965335 9.00753156
v 33.23996595 51.49433391 8.89045407
v 33.00000001 51.99971064 18.49971073
v 32.93924802 52.04786451 9.17400467
v 33.23958835 52.62122816 9.54804784
v 33.00000009 52.99855482 18.49855602
v 32.74841694 53.36146506 10.07040751
v 33.23360499 53.93445927 10.52790383
v 33.00000111 53.99399692 18.49400825
v 32.70075431 54.49357214 10.98759256
v 33.15633777 55.05200194 11.44079660
v 33.00001022 54.97900799 18.47909162
v 32.58546402 55.62022225 11.87673729
v 33.00115059 56.20313539 12.29595544
v 33.00007341 55.93752726 18.43802226
v 33.41947650 56.78868199 12.71096099
v 33.00042159 56.84005985 18.34245411
v 32.86497319 57.35725014 13.14211085
v 33.36027576 57.88586670 13.61123085
v 33.00197267 57.64366040 18.15326217
v 32.92489674 58.35140594 14.13659722
v 33.57554122 58.72882873 14.72927057
v 33.00762911 58.30008801 17.83239786
v 33.32143694 58.98928547 15.38626402
v 33.15820433 59.10143631 16.08107764
v 33.06754231 59.03558796 16.76133460
v 33.02468075 58.77013141 17.36235446
v 34.31910194 0.24980500 0.78380006
v 33.71268408 0.57076233 0.36854426
v 34.17611573 -0.04591749 1.38976260
v 34.09638346 -0.24740727 2.17950509
v 34.05104807 -0.37471800 3.07803493
v 34.02360464 -0.44666557 4.03103646
v 34.00953233 -0.48061097 5.01105483
v 34.00355799 -0.49384750 6.00373310
v 34.00142284 -0.49817001 7.00142811
v 34.00069634 -0.49942513 8.00069665
v 34.00037058 -0.49978970 9.00037011
v 34.00010347 -0.49986228 10.00017450
v 33.99949381 -0.49956887 10.99999290
v 33.99701427 -0.49790512 11.99933018
v 33.98760810 -0.49136347 12.99592464
v 33.95817589 -0.47107717 13.98166701
v 33.88296133 -0.42128537 14.93325660
v 33.73072569 -0.32575769 15.79795595
v 33.51667620 -0.14221381 16.56760470
v 33.13639405 0.15243596 17.20763295
v 33.50687577 0.59912123 17.60693486
v 34.05880909 1.02395932 0.23155481
v 33.65080320 1.10921266 17.73358845
v 34.46617225 1.43871020 0.32605535
v 33.70779455 1.57466131 17.57257097
v 34.21134519 1.78684362 0.65043412
v 34.06595669 2.05681819 1.25312245
v 34.00913763 2.24461489 2.07111238
v 33.99535249 2.37017344 3.01266078
v 33.99084495 2.44924795 3.99879452
v 33.97686550 2.50411408 4.98784281
v 33.92944941 2.57844437 5.95476644
v 33.80818650 2.74235972 6.86514071
v 33.54492718 3.11886974 7.68250320
v 33.76379774 3.69979555 8.25875430
v 33.85463235 3.23432648 13.68819767
v 34.51370310 2.91072108 14.35983362
v 34.26137502 2.65996410 15.14564950
v 34.04654531 2.44716519 15.89653021
v 33.92054850 2.21545783 16.59221004
v 33.80926267 1.93432037 17.17857162
v 33.99970067 4.41282199 8.43555338
v 33.66750664 4.09985680 12.54252188
v 34.20100830 3.62114728 13.03649618
v 33.87900893 5.11753341 8.25437536
v 33.52723251 5.21074867 11.63687515
v 34.05731623 4.62350146 12.01738461
v 34.16164656 5.69443013 8.08642466
v 33.60227050 6.26532983 7.68728637
v 33.88723011 5.80700098 11.18747297
v 33.88045655 6.91363926 7.34829650
v 33.70397897 6.99289940 10.41123502
v 34.21620730 6.39770273 10.74270659
v 34.16654975 7.51414212 7.00896329
v 33.68089871 8.05133526 6.57104028
v 33.53476575 8.19494240 9.61749876
v 34.06447786 7.57924393 9.95784313
v 34.03557650 8.65758122 6.21971889
v 33.50879029 9.24725105 5.78071009
v 33.88755128 8.80126964 9.18136278
v 33.84761261 9.89306824 5.42772208
v 33.70485556 9.99117532 8.41080321
v 34.21641409 9.39400131 8.74147665
v 34.15832109 10.56650576 5.06562833
v 33.56956280 11.16547969 4.63944527
v 33.53556693 11.19417891 7.61668422
v 34.06626858 10.57699724 7.95668811
v 33.80176232 11.76808660 4.26581131
v 33.88873882 11.80077103 7.18048855
v 33.99643312 12.22522163 3.97677106
v 33.83637045 12.83619088 3.59572783
v 33.71052060 12.99161637 6.42030402
v 34.21861354 12.39416929 6.74273131
v 34.13876242 13.56475315 3.16482739
v 33.55905340 14.17623995 2.72262007
v 33.57711778 14.19526204 5.70651548
v 34.08265753 13.57926949 5.98966044
v 33.88401154 14.79278267 2.34393402
v 33.97396221 14.80564661 5.39612058
v 34.21104761 15.36894014 2.01598567
v 33.71781792 16.00168644 1.62018839
v 33.94054741 15.98358432 5.22381982
v 34.36282964 15.41266480 5.18705592
v 34.05749446 16.68393314 1.32908116
v 33.42587951 17.40191368 0.96598139
v 33.48946869 16.54379922 5.36004658
v 33.89216747 17.15091379 5.53506635
v 34.44686104 17.09298925 14.55108886
v 33.73467459 17.45448721 13.94249238
v 34.18486457 16.86789426 15.24344378
v 33.91546822 16.80137233 15.98388629
v 33.58408044 16.90896869 16.70589126
v 33.13334858 17.20351073 17.33599660
v 33.52953776 17.68950703 17.82199290
v 33.67695274 18.17979738 0.75022804
v 33.32784224 17.76554213 5.81219319
v 33.57109055 18.49146504 6.02436894
v 34.05942843 17.91945190 13.41656275
v 33.77657411 18.35294148 18.14986404
v 33.89269893 18.99597227 0.58157807
v 33.71879476 19.30761839 6.17843988
v 34.41915380 18.45012292 12.94954430
v 33.80505083 19.01640303 12.51630806
v 33.90826171 19.15902667 18.34154063
v 34.09244984 19.83188109 0.44453246
v 33.79493114 20.20433193 6.26988125
v 34.20404350 19.60203415 12.10202162
v 33.60388302 20.19946696 11.69946567
v 33.96777267 20.06227213 18.43782164
v 34.23989816 20.62418610 0.32209629
v 33.65263328 21.20813419 0.13937722
v 33.82741960 21.15647327 6.31452770
v 34.00007221 20.80198458 11.30198448
v 33.99040947 21.02095642 18.47905602
v 33.87503600 21.85334855 0.16004660
v 33.83869051 22.13826132 6.33231808
v 34.39653727 21.40285613 10.90285613
v 33.79784544 22.00004749 10.50004748
v 33.99760694 22.00599806 18.49400323
v 33.33110658 22.53546623 0.18107920
v 33.58245388 23.25782668 0.33974228
v 33.84182675 23.13261344 6.33803925
v 34.20207213 22.59743945 10.09743945
v 33.60305027 23.19946070 9.69946070
v 33.99950510 23.00144463 18.49855547
v 33.75239518 24.11987312 0.49659456
v 33.84251878 24.13120079 6.33950778
v 33.99802844 23.80653115 9.30653115
v 33.99991637 24.00028932 18.49971069
v 33.81554733 25.09789081 0.59308457
v 33.84264547 25.13091617 6.33980982
v 34.38890927 24.41892227 8.91892227
v 33.77324609 25.04586917 8.54586915
v 33.99998867 25.00004749 18.49995252
v 33.83612860 26.09317148 0.63752415
v 33.84272170 26.13083775 6.33989179
v 34.13501446 25.70890363 8.20890405
v 33.44716646 26.43349036 7.93349303
v 33.99999880 26.00000627 18.49999373
v 33.84148165 27.09218537 0.65392407
v 33.84309238 27.13059521 6.34009963
v 33.68577725 27.23498157 7.73503246
v 33.99999990 27.00000065 18.49999935
v 33.84251755 28.09205870 0.65876536
v 33.84487673 28.12933782 6.34103698
v 33.84377177 28.11013927 7.61056989
v 33.99999999 28.00000005 18.49999995
v 33.84265011 29.09206802 0.65989964
v 33.85183564 29.12399649 6.34455919
v 33.93338703 29.03879845 7.54130146
v 34.00000000 29.00000000 18.50000000
v 33.84265787 30.09207982 0.66011048
v 33.87405387 30.10544813 6.35543118
v 33.97800092 29.98996630 7.50109528
v 34.00000000 30.00000000 18.50000000
v 33.84266098 31.09208819 0.66014564
v 33.93289942 31.05203690 6.38324722
v 34.00293650 30.92363981 7.46346326
v 34.00000000 31.00000000 18.50000000
v 33.84267654 32.09209385 0.66016047
v 34.06397367 31.92273899 6.44257497
v 34.03326043 31.78659937 7.40478441
v 34.00000000 32.00000000 18.50000000
v 33.84275314 33.09206532 0.66020207
v 34.31366484 32.65587721 6.54829364
v 34.09752050 32.51021279 7.30684906
v 34.00000000 33.00000000 18.50000000
v 33.84315291 34.09183081 0.66042110
v 34.73078804 33.17931998 6.70564402
v 34.22697948 33.02009661 7.15964862
v 34.00000000 34.00000000 18.50000000
v 33.84498520 35.09066176 0.66149822
v 34.43762271 33.25298025 6.95984909
v 34.00000000 35.00000000 18.50000000
v 33.85194068 36.08601021 0.66584438
v 34.00000000 36.00000000 18.50000000
v 33.87365295 37.07054474 0.68016282
v 34.00000000 37.00000000 18.50000000
v 33.92951621 38.02693091 0.71898426
v 34.00000000 38.00000000 18.50000000
v 34.04823628 38.92153937 0.80601084
v 34.00000000 39.00000000 18.50000000
v 34.25679641 39.70113928 0.96739411
v 34.00000000 40.00000000 18.50000000
v 34.55977833 40.29828074 1.21428082
v 34.00000000 41.00000000 18.50000000
v 34.24012398 40.72362842 1.58095013
v 34.03195320 41.02188637 2.17711851
v 33.91059954 41.20810650 2.94687381
v 33.82889781 41.33332849 3.82023369
v 33.72401126 41.47171198 4.72265739
v 33.51234491 41.70679773 5.57115842
v 33.11954458 42.09447582 6.28169599
v 33.55273319 42.55287182 6.78560909
v 34.00000000 42.00000000 18.50000000
v 33.82027796 43.21736926 7.14151171
v 34.00000000 43.00000000 18.50000000
v 33.95014866 44.06313340 7.35534067
v 34.00000000 44.00000000 18.50000000
v 34.00850360 45.00284760 7.46429732
v 34.00000000 45.00000000 18.50000000
v 34.05804016 45.96234864 7.52771036
v 34.00000000 46.00000000 18.50000000
v 34.13722403 46.90264312 7.59615577
v 34.00000000 47.00000000 18.50000000
v 34.26839478 47.80085936 7.70293314
v 34.00000000 47.99999995 18.49999995
v 34.45949081 48.64602269 7.86509503
v 34.00000000 48.99999935 18.49999935
v 33.69787373 49.44648311 8.08000324
v 33.97635662 50.19376741 8.34273569
v 34.00000000 49.99999373 18.49999373
v 34.21370906 50.99321405 8.68041249
v 34.00000000 50.99995251 18.49995252
v 33.94912631 51.65638398 8.99230053
v 33.48848790 52.00269109 9.16704958
v 34.13126072 52.15768194 9.27713705
v 34.00000001 51.99971064 18.49971073
v 34.38274463 52.77680510 9.67358526
v 34.00000009 52.99855482 18.49855602
v 33.76771470 53.34506913 10.07164899
v 34.23968810 53.93855091 10.53771461
v 34.00000111 53.99399692 18.49400825
v 33.70563693 54.49514263 10.98994104
v 34.15818853 55.05170748 11.44195075
v 34.00001022 54.97900799 18.47909162
v 33.58712714 55.62072422 11.87667840
v 34.00160315 56.20299518 12.29599940
v 34.00007341 55.93752726 18.43802226
v 34.41956254 56.78851879 12.71101254
v 34.00042159 56.84005985 18.34245411
v 33.86501558 57.35723593 13.14210907
v 34.36028050 57.88585675 13.61123394
v 34.00197267 57.64366040 18.15326217
v 33.92489840 58.35140537 14.13659707
v 34.57554132 58.72882848 14.72927065
v 34.00762911 58.30008801 17.83239786
v 34.32143697 58.98928546 15.38626402
v 34.15820433 59.10143631 16.08107764
v 34.06754231 59.03558796 16.76133460
v 34.02468075 58.77013141 17.36235446
v 35.03601918 0.39397515 0.83440964
v 34.53698304 0.63792695 0.41967894
v 34.96923269 0.11490677 1.39663818
v 34.98761002 -0.09008928 2.18536775
v 35.02219413 -0.25305684 3.09970224
v 35.01991826 -0.37865797 4.05051362
v 35.01125610 -0.45063779 5.02136563
v 35.00478964 -0.48342315 6.00745801
v 35.00164314 -0.49540534 7.00218361
v 35.00049846 -0.49893412 8.00058067
v 35.00015455 -0.49977828 9.00016868
v 35.00001272 -0.49991901 10.00006044
v 34.99967738 -0.49971948 10.99999925
v 34.99804668 -0.49843005 11.99971891
v 34.99111462 -0.49273907 12.99798646
v 34.96702954 -0.47278803 13.98988223
v 34.89745527 -0.41678322 14.96001474
v 34.72649351 -0.29454108 15.86351980
v 34.38466560 -0.14685865 16.50341858
v 34.26178960 0.19600375 17.18300552
v 34.39683640 0.71552282 17.62817778
v 34.80955150 1.06676644 0.30073356
v 34.44611281 1.21207286 17.69575032
v 35.08906362 1.43160751 0.36886529
v 34.41061553 1.61433780 17.51588525
v 34.90138391 1.70929276 0.58070913
v 34.82196523 1.92950590 1.10250281
v 34.85338938 2.08846572 1.91469006
v 34.92402904 2.23494354 2.91774427
v 34.96277962 2.36947812 3.96190347
v 34.97597426 2.45880565 4.98079120
v 34.96041108 2.53068465 5.97188222
v 34.90056331 2.64567461 6.91974277
v 34.77717952 2.88564704 7.77419630
v 34.64332163 3.28429088 8.36636225
v 34.64435357 3.79177888 8.65877963
v 35.26879641 3.44788952 8.88967497
v 34.78431873 3.22064609 13.59791023
v 35.48209044 2.89577493 14.26488909
v 35.25997211 2.64612782 15.13821082
v 35.04016766 2.40928154 15.96243836
v 34.74641817 2.21565687 16.54641746
v 34.82972267 1.86902905 17.18151473
v 34.81640304 4.28371952 8.78047773
v 35.30775487 3.87963043 9.09143627
v 34.55301674 4.06885442 12.43324132
v 35.04456100 3.58865072 12.89570355
v 35.31688634 4.45968280 9.09080005
v 34.74088666 5.04540195 8.57606765
v 34.41801085 5.19882769 11.49814410
v 34.88696963 4.57375750 11.84576559
v 34.80581159 5.81790573 8.25031615
v 34.49810762 6.41423334 7.80625887
v 34.69908327 5.80892891 11.00993430
v 34.54954250 7.06327053 7.41230223
v 34.53499096 6.96264291 10.27860783
v 34.93247214 6.37400385 10.55370149
v 34.86178192 7.57563843 7.19619904
v 34.49460084 8.10472215 6.69353716
v 34.41003783 8.18114833 9.47460234
v 34.84638875 7.52400058 9.77003747
v 34.79877727 8.72140216 6.38464400
v 34.36799329 9.28931488 5.88713686
v 34.69176318 8.80051864 9.00346267
v 34.66590768 9.95809763 5.56077342
v 34.53777352 9.95759970 8.27834076
v 34.93291617 9.36585981 8.55402192
v 34.92622398 10.64971990 5.21924542
v 34.45817167 11.29848793 4.65462426
v 34.41280484 11.17934306 7.47145702
v 34.85203136 10.51831671 7.76699516
v 34.37267183 11.88612253 4.23044677
v 34.89705023 11.84216415 4.40009451
v 34.52967882 12.35294600 3.97171414
v 34.69463374 11.80013056 6.99995454
v 34.69324242 12.98397234 3.63874133
v 34.54367098 12.95943884 6.28796091
v 34.93619349 12.36726846 6.55365453
v 34.91536584 13.68374342 3.27192610
v 34.42321604 14.23633885 2.77485998
v 34.45253570 14.18808738 5.56539391
v 34.86809698 13.52564782 5.80251649
v 34.64762870 14.84113296 2.40626688
v 34.77394349 14.82543257 5.22161039
v 34.82531019 15.31102200 2.15051582
v 34.65886954 15.95730190 1.80622203
v 34.74242883 16.01839586 5.08953406
v 35.06467602 15.43555162 4.99141158
v 34.87339183 16.77665417 1.51257143
v 34.32072945 17.44543817 1.08684246
v 34.35343052 16.58466735 5.28129924
v 34.68601393 17.20901603 5.42753397
v 35.44686104 17.09298925 14.55108886
v 34.73467459 17.45448721 13.94249238
v 35.18486457 16.86789426 15.24344378
v 34.91546822 16.80137233 15.98388629
v 34.58408044 16.90896869 16.70589126
v 34.13334858 17.20351073 17.33599660
v 34.52953776 17.68950703 17.82199290
v 34.54007762 18.26036693 0.91529012
v 34.20355495 17.80994917 5.74074077
v 34.41888555 18.54972022 5.91546074
v 35.05942843 17.91945190 13.41656275
v 34.77657411 18.35294148 18.14986404
v 34.73067378 19.13349435 0.78865279
v 34.54818963 19.38640225 6.03404722
v 35.41915380 18.45012292 12.94954430
v 34.80505083 19.01640303 12.51630806
v 34.90826171 19.15902667 18.34154063
v 34.92649867 20.10799713 0.69911439
v 34.61211947 20.30365462 6.10125051
v 35.20404350 19.60203415 12.10202162
v 34.60388302 20.19946696 11.69946567
v 34.96777267 20.06227213 18.43782164
v 34.79976290 20.89190798 0.48462400
v 34.35960506 21.31097989 0.26004145
v 34.63768658 21.26885225 6.13240891
v 35.00007221 20.80198458 11.30198448
v 34.99040947 21.02095642 18.47905602
v 34.44799491 21.85058471 0.28046412
v 34.64588554 22.25675260 6.14402783
v 35.39653727 21.40285613 10.90285613
v 34.79784544 22.00004749 10.50004748
v 34.99760694 22.00599806 18.49400323
v 34.13549498 22.44378444 0.28949931
v 34.53582807 23.08387761 0.56791301
v 34.64797448 23.25332056 6.14747065
v 35.20207213 22.59743945 10.09743945
v 34.60305027 23.19946070 9.69946070
v 34.99950510 23.00144463 18.49855547
v 34.60943546 24.18902095 0.73502185
v 34.64839254 24.25254223 6.14827536
v 34.99802844 23.80653115 9.30653115
v 34.99991637 24.00028932 18.49971069
v 34.63769418 25.21518655 0.80920106
v 34.64846496 25.25240487 6.14843044
v 35.38890927 24.41892226 8.91892227
v 34.77324610 25.04586908 8.54586912
v 34.99998867 25.00004749 18.49995252
v 34.64624741 26.22237028 0.83866748
v 34.64853912 26.25235237 6.14849251
v 35.13501460 25.70890297 8.20890387
v 34.44716749 26.43348309 7.93349100
v 34.99999880 26.00000627 18.49999373
v 34.64816542 27.22431611 0.84834862
v 34.64893462 27.25209549 6.14870655
v 34.68578274 27.23495089 7.73502728
v 34.99999990 27.00000065 18.49999935
v 34.64845118 28.22480227 0.85090781
v 34.65078412 28.25079661 6.14967136
v 34.84379772 28.11005226 7.61056798
v 34.99999999 28.00000005 18.49999995
v 34.64847252 29.22491566 0.85145119
v 34.65781980 29.24552393 6.15333057
v 34.93350741 29.03867852 7.54135119
v 35.00000000 29.00000000 18.50000000
v 34.64848313 30.22495933 0.85156053
v 34.67986638 30.22793937 6.16484427
v 34.97852911 29.99024772 7.50136937
v 35.00000000 30.00000000 18.50000000
v 34.64851534 31.22501154 0.85161175
v 34.73745899 31.17907126 6.19502142
v 35.00489885 30.92628171 7.46436929
v 35.00000000 31.00000000 18.50000000
v 34.64857990 32.22508072 0.85167024
v 34.86451572 32.06428233 6.26111871
v 35.03898242 31.79798063 7.40677261
v 35.00000000 32.00000000 18.50000000
v 34.64871958 33.22512218 0.85175915
v 35.10508820 32.83167398 6.38209457
v 35.10978625 32.54746206 7.30843513
v 35.00000000 33.00000000 18.50000000
v 34.64918125 34.22494291 0.85202483
v 35.50561977 33.41413460 6.56378792
v 35.24033837 33.11998232 7.14981512
v 35.00000000 34.00000000 18.50000000
v 34.65102796 35.22377214 0.85314840
v 35.37081418 33.43506975 6.90316516
v 35.00000000 35.00000000 18.50000000
v 34.65769211 36.21887505 0.85745136
v 35.00000000 36.00000000 18.50000000
v 34.67761723 37.20214318 0.87107079
v 35.00000000 37.00000000 18.50000000
v 34.72618835 38.15378079 0.90637745
v 35.00000000 38.00000000 18.50000000
v 34.82212940 39.03423343 0.98117472
v 35.00000000 39.00000000 18.50000000
v 34.97434728 39.77960756 1.11016144
v 35.00000000 40.00000000 18.50000000
v 35.16472316 40.30948259 1.29035022
v 35.00000000 41.00000000 18.50000000
v 34.92551831 40.64878547 1.52388986
v 34.77847257 40.89162408 2.02517936
v 34.69592389 41.04142687 2.74060174
v 34.64658158 41.13802425 3.59452513
v 34.59112327 41.24753795 4.51070075
v 34.47304959 41.46710196 5.42195159
v 34.14511593 41.91053281 6.21476375
v 34.63254763 42.32213469 6.76759221
v 35.00000000 42.00000000 18.50000000
v 34.89330894 43.06436863 7.17448137
v 35.00000000 43.00000000 18.50000000
v 34.97890115 44.00991481 7.38670672
v 35.00000000 44.00000000 18.50000000
v 35.01696871 44.98774770 7.47940120
v 35.00000000 45.00000000 18.50000000
v 35.06015765 45.95867230 7.53303746
v 35.00000000 46.00000000 18.50000000
v 35.13826311 46.90149928 7.59790783
v 35.00000000 47.00000000 18.50000000
v 35.27038691 47.79956077 7.70409458
v 35.00000000 47.99999995 18.49999995
v 35.46442811 48.64434669 7.86673531
v 35.00000000 48.99999935 18.49999935
v 34.70453387 49.44114928 8.08506401
v 34.99091149 50.21027519 8.35954353
v 35.00000000 49.99999373 18.49999373
v 35.35345574 50.94941126 8.67166804
v 35.00000000 50.99995251 18.49995252
v 34.72568633 51.61216504 8.98873983
v 35.05932569 52.24283580 9.34295210
v 35.00000001 51.99971064 18.49971073
v 35.35553238 52.86510625 9.73992465
v 35.00000009 52.99855482 18.49855602
v 34.78033343 53.38730536 10.11154121
v 35.22896462 53.94445306 10.54998682
v 35.00000111 53.99399692 18.49400825
v 34.70573384 54.49434746 10.99433316
v 35.15813310 55.04809155 11.44335396
v 35.00001022 54.97900799 18.47909162
v 34.58767834 55.61961316 11.87717432
v 35.00169782 56.20218889 12.29627709
v 35.00007341 55.93752726 18.43802226
v 35.41952591 56.78816442 12.71116329
v 35.00042159 56.84005985 18.34245411
v 34.86501955 57.35716290 13.14213795
v 35.36027620 57.88583530 13.61124424
v 35.00197267 57.64366040 18.15326217
v 34.92489833 58.35140247 14.13659832
v 35.57554117 58.72882793 14.72927093
v 35.00762911 58.30008801 17.83239786
v 35.32143697 58.98928541 15.38626404
v 35.15820433 59.10143631 16.08107764
v 35.06754231 59.03558796 16.76133460
v 35.02468075 58.77013141 17.36235446
v 35.49042217 0.58865764 0.92178739
v 35.18345942 0.75716833 0.54184058
v 35.53924585 0.37726065 1.39669827
v 35.65744529 0.18827903 2.13184772
v 35.97013658 0.03092259 3.14033982
v 36.01301162 -0.21404446 4.10375013
v 36.01699969 -0.37112606 5.05228260
v 36.00965883 -0.45179659 6.02089640
v 36.00385510 -0.48509736 7.00674766
v 36.00117584 -0.49621030 8.00177106
v 36.00028395 -0.49920564 9.00038494
v 36.00003965 -0.49984482 10.00007408
v 35.99985115 -0.49983733 11.00000672
v 35.99899050 -0.49907010 11.99988398
v 35.99496004 -0.49518395 12.99905161
v 35.97968883 -0.47979661 13.99480824
v 35.93209564 -0.43039746 14.97888574
v 35.80404672 -0.29822421 15.93624971
v 35.46753466 0.02375078 16.89243685
v 35.06632235 0.43089911 17.44043647
v 35.82286637 0.51292891 17.54958650
v 35.35339892 1.15436554 0.46360860
v 35.15724097 0.86254907 17.66594430
v 35.85885491 1.01567214 17.71442918
v 35.44921040 1.44542972 0.49104297
v 35.11426312 1.36229621 17.60859861
v 35.80512951 1.52550547 17.53268482
v 35.31379866 1.62584080 0.53913529
v 35.33092502 1.75684705 0.89161073
v 35.43605853 1.84220848 1.57879260
v 35.76471529 1.91140837 2.68744938
v 35.89361193 2.17818606 3.89655563
v 35.95348918 2.36185927 4.96457266
v 35.96948496 2.47014651 5.98000022
v 35.95053802 2.56164491 6.96295511
v 35.89045465 2.71572520 7.90302420
v 35.77280220 3.04011958 8.77475157
v 35.92443739 3.46864660 9.46458916
v 35.63771947 3.20273256 13.39973707
v 36.50901341 2.86253958 14.05613590
v 36.27061621 2.63720564 15.09898362
v 36.09566420 2.40184011 16.03127022
v 35.89710676 2.02548651 16.96537968
v 35.79644984 4.05669181 9.60570818
v 35.32224297 3.98572844 12.23830418
v 35.69329491 3.54126442 12.67724285
v 35.68691521 4.64004730 9.45745026
v 35.40471965 5.01891439 9.04267865
v 35.22929240 5.17186465 11.16920360
v 35.51231096 4.42837078 11.62879120
v 35.09701105 6.27714357 8.16075979
v 35.33106916 5.74279597 8.68078299
v 35.24034076 5.86817732 10.72109848
v 35.44672210 6.51666825 8.36090441
v 35.12526244 6.96730931 7.78942490
v 35.18467063 6.86358341 10.04463706
v 35.39610572 6.28581792 10.30319962
v 35.35354931 7.69189262 7.48247899
v 35.14577224 8.20921988 6.93298422
v 35.18090385 8.14808643 9.14205626
v 35.37232347 7.36085887 9.52350476
v 35.32514597 8.82176977 6.64615933
v 35.07631711 9.36940660 6.11520125
v 35.22824177 8.85644154 8.71826868
v 35.30346196 10.09865269 5.81780622
v 35.19255269 9.85056398 8.04726691
v 35.39608434 9.27009324 8.30808319
v 35.43128485 10.79229990 5.46104682
v 35.19143208 11.31045063 4.92493211
v 35.18941184 11.14706689 7.13155283
v 35.38558240 10.35021290 7.51807393
v 35.37409259 11.89712002 4.65136615
v 35.13452045 12.43071108 4.15239444
v 35.23345409 11.85852626 6.71130563
v 35.31896069 13.14345215 3.85562912
v 35.19942068 12.85591758 6.05592737
v 35.40197252 12.27529618 6.30479609
v 35.43253948 13.86174335 3.49416982
v 35.16086472 14.44149456 2.89961341
v 35.22857880 14.17447467 5.23840468
v 35.40065501 13.36416248 5.55116929
v 35.12433700 14.99643609 2.44904900
v 35.45781611 15.01731965 2.72528146
v 35.24895635 15.50199898 2.27911746
v 35.31220187 14.91471360 4.95435265
v 35.35723362 16.24593056 2.05292944
v 35.37483245 16.04425821 4.81079396
v 35.51695060 15.39304408 4.71054096
v 35.43822323 16.99012296 1.79354337
v 35.08443004 17.57095096 1.34648787
v 35.07346035 16.66976164 5.10735793
v 35.24742413 17.29320539 5.24549715
v 36.44686104 17.09298925 14.55108886
v 35.73467459 17.45448721 13.94249238
v 36.18486457 16.86789426 15.24344378
v 35.91546822 16.80137233 15.98388629
v 35.58408044 16.90896869 16.70589126
v 35.13334858 17.20351073 17.33599660
v 35.52953776 17.68950703 17.82199290
v 35.27206729 18.44217051 1.24559643
v 34.94210680 17.86762961 5.57626631
v 35.13190552 18.62388128 5.68019699
v 36.05942843 17.91945190 13.41656275
v 35.77657411 18.35294148 18.14986404
v 35.41393759 19.35627590 1.15642020
v 35.24084122 19.49976001 5.75163550
v 36.41915380 18.45012292 12.94954430
v 35.80505083 19.01640303 12.51630806
v 35.90826171 19.15902667 18.34154063
v 35.54500911 20.13684642 1.15211618
v 35.29026483 20.44440096 5.79179445
v 36.20404350 19.60203415 12.10202162
v 35.60388302 20.19946696 11.69946567
v 35.96777267 20.06227213 18.43782164
v 34.88082033 21.54789838 0.49458968
v 35.35794051 20.99961023 0.92530690
v 35.30822940 21.42315736 5.80948754
v 36.00007221 20.80198458 11.30198448
v 35.99040947 21.02095642 18.47905602
v 34.71416715 22.19897117 0.45567144
v 35.26234048 22.20226027 0.89131850
v 35.31344038 22.41634862 5.81553934
v 36.39653727 21.40285613 10.90285613
v 35.79784544 22.00004749 10.50004748
v 35.99760694 22.00599806 18.49400323
v 35.28261351 23.37977775 1.03783688
v 35.31462823 23.41459184 5.81714241
v 36.20207213 22.59743945 10.09743945
v 35.60305027 23.19946070 9.69946070
v 35.99950510 23.00144463 18.49855547
v 35.30323592 24.44591872 1.12278907
v 35.31483138 24.41427073 5.81748640
v 35.99802844 23.80653115 9.30653115
v 35.99991637 24.00028932 18.49971069
v 35.31197237 25.46745633 1.16199160
v 35.31486126 25.41426327 5.81757460
v 36.38890927 24.41892226 8.91892227
v 35.77324612 25.04586904 8.54586911
v 35.99998867 25.00004749 18.49995252
v 35.31440093 26.47377746 1.17667675
v 35.31492986 26.41425742 5.81765060
v 36.13501481 25.70890282 8.20890389
v 35.44716860 26.43348015 7.93349061
v 35.99999880 26.00000627 18.49999373
v 35.31483133 27.47541414 1.18109092
v 35.31532886 27.41402925 5.81789386
v 35.68579065 27.23494441 7.73502882
v 35.99999990 27.00000065 18.49999935
v 35.31487221 28.47579562 1.18216261
v 35.31716429 28.41285270 5.81895646
v 35.84384891 28.11006943 7.61058962
v 35.99999999 28.00000005 18.49999995
v 35.31490710 29.47593157 1.18242701
v 35.32402558 29.40831238 5.82306074
v 35.93378524 29.03893271 7.54148723
v 36.00000000 29.00000000 18.50000000
v 35.31501765 30.47610653 1.18260465
v 35.34519184 30.39405048 5.83627255
v 35.97973852 29.99176231 7.50197795
v 36.00000000 30.00000000 18.50000000
v 35.31524409 31.47639568 1.18284194
v 35.39974951 31.35701095 5.87172948
v 36.00909114 30.93286179 7.46643445
v 36.00000000 31.00000000 18.50000000
v 35.31558991 32.47676606 1.18311049
v 35.51878763 32.27618702 5.95193895
v 36.05091487 31.82152510 7.41195815
v 36.00000000 32.00000000 18.50000000
v 35.31602844 33.47708791 1.18336231
v 35.73921090 33.11832508 6.10734895
v 36.14110871 32.62262339 7.31638638
v 36.00000000 33.00000000 18.50000000
v 35.31668925 34.47707399 1.18371063
v 36.04451303 33.73623874 6.35261817
v 36.34295498 33.36914441 7.14075001
v 36.00000000 34.00000000 18.50000000
v 35.31840060 35.47579222 1.18479193
v 36.15207559 33.81070926 6.77142847
v 36.00000000 35.00000000 18.50000000
v 35.32373608 36.46990632 1.18859622
v 36.00000000 36.00000000 18.50000000
v 35.33813918 37.44930126 1.19981785
v 36.00000000 37.00000000 18.50000000
v 35.36896978 38.38915676 1.22645714
v 36.00000000 38.00000000 18.50000000
v 35.41913945 39.24049997 1.27677764
v 36.00000000 39.00000000 18.50000000
v 35.47607007 39.92579397 1.35144829
v 36.00000000 40.00000000 18.50000000
v 35.50511709 40.34097330 1.43654677
v 36.00000000 41.00000000 18.50000000
v 35.34079931 40.56356929 1.49482370
v 35.30905428 40.71042738 1.83503599
v 35.29649047 40.78989256 2.43894557
v 35.29601520 40.83081813 3.23436371
v 35.29211281 40.88219706 4.13427514
v 35.27875687 41.01652799 5.07446523
v 35.26771779 41.39984955 6.06940242
v 35.89125616 41.84109076 6.86388063
v 36.00000000 42.00000000 18.50000000
v 35.96989625 42.95907920 7.27974884
v 36.00000000 43.00000000 18.50000000
v 35.99973103 43.98461609 7.43385788
v 36.00000000 44.00000000 18.50000000
v 36.02177500 44.98207768 7.49570941
v 36.00000000 45.00000000 18.50000000
v 36.06117818 45.95751863 7.53766310
v 36.00000000 46.00000000 18.50000000
v 36.13895165 46.90105059 7.59909957
v 36.00000000 47.00000000 18.50000000
v 36.27206748 47.79891875 7.70432024
v 36.00000000 47.99999995 18.49999995
v 36.46897150 48.64276026 7.86528922
v 36.00000000 48.99999935 18.49999935
v 35.71947352 49.44147013 8.08714426
v 36.04622501 50.20717733 8.35647039
v 36.00000000 49.99999373 18.49999373
v 36.50449977 50.99481638 8.68192711
v 36.00000000 50.99995251 18.49995252
v 35.70758549 51.65540700 9.01567884
v 36.10231150 52.36275727 9.41409848
v 36.00000001 51.99971064 18.49971073
v 36.11909462 52.97179870 9.81264430
v 36.00000009 52.99855482 18.49855602
v 35.71404187 53.41553921 10.13772926
v 36.20867418 53.92305894 10.54316926
v 36.00000111 53.99399692 18.49400825
v 35.70220295 54.48570800 10.99568511
v 36.15830975 55.04063987 11.44417790
v 36.00001022 54.97900799 18.47909162
v 35.58765889 55.61688484 11.87796427
v 36.00146821 56.20093773 12.29682464
v 36.00007341 55.93752726 18.43802226
v 36.41934903 56.78771474 12.71140994
v 36.00042159 56.84005985 18.34245411
v 35.86498490 57.35704947 13.14219674
v 36.36026306 57.88580741 13.61126031
v 36.00197267 57.64366040 18.15326217
v 35.92489654 58.35139791 14.13660082
v 36.57554078 58.72882721 14.72927135
v 36.00762911 58.30008801 17.83239786
v 36.32143693 58.98928534 15.38626408
v 36.15820433 59.10143631 16.08107765
v 36.06754231 59.03558796 16.76133460
v 36.02468075 58.77013141 17.36235446
v 35.62177026 0.93206338 0.81940626
v 35.83219397 0.74943639 1.36375054
v 36.02942979 0.58227018 2.05114894
v 36.31511377 0.43569666 2.82887837
v 36.71924066 0.34582365 3.53484205
v 37.00149394 0.10475430 4.25141818
v 37.03130687 -0.20390439 5.13031807
v 37.02020202 -0.37786022 6.05688377
v 37.00902576 -0.45738516 7.02052414
v 37.00309786 -0.48750116 8.00612701
v 37.00083857 -0.49691205 9.00152243
v 37.00017789 -0.49934302 10.00032080
v 36.99997481 -0.49982194 11.00005540
v 36.99958672 -0.49954844 11.99995381
v 36.99769791 -0.49747778 12.99952916
v 36.98993585 -0.48822729 13.99718305
v 36.96448380 -0.45528265 14.98719641
v 36.89746238 -0.36014962 15.95337055
v 36.75953125 -0.13828914 16.85320817
v 36.56701317 0.68132193 17.81694771
v 36.62319191 0.22675023 17.50530214
v 37.23189511 0.43423319 17.95317332
v 35.65160896 1.31853263 0.75311451
v 35.86776207 1.18654642 1.28426478
v 36.12997165 1.05552937 1.99921880
v 36.47706041 0.91076656 2.76360397
v 36.89871372 0.74907035 3.46065419
v 36.53474703 1.17268620 17.84747890
v 37.22543787 0.84750955 18.12623855
v 35.54704085 1.57684157 0.70290499
v 35.68486705 1.56342050 1.14151377
v 35.92332909 1.52187678 1.89165670
v 36.36613365 1.42960739 2.78440476
v 36.93335939 1.25564358 3.53407833
v 36.50725760 1.59625506 17.64368720
v 37.18321620 1.34128315 18.05285983
v 36.76230762 1.79541457 3.88011863
v 36.90486523 2.17009071 4.96628166
v 36.95595812 2.37551509 5.98681091
v 36.96856544 2.48687073 6.98481624
v 36.95339179 2.58497298 7.96707090
v 36.91996353 2.74377253 8.94020503
v 36.91255774 3.01819616 9.97881964
v 36.41932464 3.60476232 10.40739372
v 37.27192861 3.05983779 11.21391910
v 36.69594219 3.41231305 11.51615534
v 37.37531795 2.98577773 12.26852347
v 36.74245120 3.23588814 12.38061172
v 37.23968278 2.88948590 13.31525690
v 36.31748962 3.23153058 12.94841228
v 37.45432666 2.70046409 14.33783491
v 37.25561272 2.60909874 15.10713137
v 37.12865661 2.44536758 16.04172999
v 37.05921521 2.18421386 16.96129580
v 37.09963796 1.80299000 17.67836100
v 35.98212278 4.46772353 10.13185889
v 36.23188909 3.96540374 10.97312510
v 36.06916349 3.78939671 11.90945231
v 35.73888928 5.30057205 9.44994271
v 35.86247740 5.17440389 10.13168697
v 35.84009301 4.65724647 10.91529194
v 35.69437271 6.32239025 9.00396456
v 35.79016630 5.81381358 9.73115745
v 35.64017842 5.65904580 10.39458831
v 35.63153314 7.33007419 8.23824712
v 35.73876542 6.96986180 8.94506366
v 35.63749678 6.61616392 9.62560094
v 35.63059400 8.45250274 7.36358734
v 35.74744609 8.16749262 8.13383307
v 35.64394897 7.60912681 8.87674786
v 35.59504954 9.45902873 6.58187550
v 35.77708450 9.22764383 7.24684509
v 35.77471655 8.81265148 7.76457767
v 35.60201775 8.64184861 8.39567998
v 35.68828544 10.49520273 6.13462778
v 35.76789762 9.86852994 6.89057648
v 35.65611918 9.58312080 7.64741084
v 35.66822985 11.52099912 5.33901723
v 35.77597816 11.21800264 6.09273779
v 35.66816019 10.61610993 6.84387251
v 35.62108784 12.50535276 4.59418865
v 35.79545417 12.25987838 5.24273796
v 35.79361847 11.84302327 5.74692905
v 35.61475134 11.65404036 6.37937832
v 35.70575453 13.54619431 4.17777197
v 35.78314041 12.89838999 4.90810989
v 35.66746351 12.59913636 5.65307021
v 35.70742853 14.62994203 3.43877327
v 35.81273902 14.29018351 4.20359231
v 35.69165422 13.65133176 4.90611724
v 35.71173160 15.67764537 2.78732420
v 35.89464196 15.46292675 3.52017185
v 35.86449801 14.97373337 3.97450680
v 35.68141060 14.74132149 4.59682974
v 35.83682948 16.81738068 2.47822970
v 35.97326910 16.33011837 3.34540435
v 35.82104750 15.84911685 4.20916028
v 35.72031665 17.77973645 1.88985440
v 36.06101745 17.68661468 2.60372007
v 36.11224587 17.32711452 3.23994866
v 36.01225098 17.04157820 4.02803044
v 35.64133991 16.93789328 4.77041339
v 37.44686104 17.09298925 14.55108886
v 36.73467459 17.45448721 13.94249238
v 37.18486457 16.86789426 15.24344378
v 36.91546822 16.80137233 15.98388629
v 36.58408044 16.90896869 16.70589126
v 36.13334858 17.20351073 17.33599660
v 36.52953776 17.68950703 17.82199290
v 35.81134592 18.82314799 1.73656738
v 36.09408877 18.48004383 2.44303993
v 36.21561332 18.25355598 3.19627363
v 36.15835426 18.03909278 3.95839407
v 35.91718097 17.89295004 4.67782494
v 35.50712856 17.87051559 5.23820155
v 37.05942843 17.91945190 13.41656275
v 36.77657411 18.35294148 18.14986404
v 35.87878645 19.75321973 1.66605597
v 36.13547523 19.42024484 2.35988511
v 36.26039962 19.18305365 3.13950244
v 36.23540443 18.99883307 3.93127503
v 36.04540096 18.83870578 4.66462399
v 35.67793762 18.71384685 5.26517862
v 37.41915380 18.45012292 12.94954430
v 36.80505083 19.01640303 12.51630806
v 36.90826171 19.15902667 18.34154063
v 35.87404555 20.67810848 1.59716620
v 36.15376442 20.37878583 2.31269385
v 36.28166742 20.14816301 3.10434528
v 36.26755778 19.96770721 3.91398131
v 36.10076194 19.80306155 4.66717116
v 35.76210389 19.64311480 5.29478937
v 37.20404350 19.60203415 12.10202162
v 36.60388302 20.19946696 11.69946567
v 36.96777267 20.06227213 18.43782164
v 35.82167775 21.69213756 1.54259599
v 36.14572293 21.36410993 2.28148155
v 36.28703866 21.13227398 3.08435762
v 36.27875367 20.95245599 3.90344510
v 36.12086563 20.78524669 4.66845982
v 35.79591334 20.61253231 5.31225949
v 37.00007221 20.80198458 11.30198448
v 36.99040947 21.02095642 18.47905602
v 35.80016047 22.77469158 1.56475547
v 36.13163532 22.38400770 2.27401887
v 36.28406010 22.13212890 3.07543891
v 36.28097065 21.94756433 3.89786747
v 36.12672478 21.77840337 4.66797678
v 35.80691535 21.60109128 5.31923687
v 37.39653727 21.40285613 10.90285613
v 36.79784544 22.00004749 10.50004748
v 36.99760694 22.00599806 18.49400323
v 35.80321635 23.83893873 1.61858516
v 36.12635718 23.41644755 2.29009898
v 36.28051067 23.14234378 3.07691289
v 36.28027893 22.94886460 3.89640636
v 36.12783321 22.77683253 4.66740564
v 35.80974348 22.59762752 5.32120500
v 37.20207213 22.59743945 10.09743945
v 36.60305027 23.19946070 9.69946070
v 36.99950510 23.00144463 18.49855547
v 35.80789375 24.86815261 1.65392638
v 36.12655148 24.43929126 2.31038562
v 36.27919174 24.15370728 3.08414778
v 36.27947954 23.95264904 3.89791840
v 36.12777102 23.77741110 4.66751529
v 35.81026158 23.59695659 5.32164049
v 36.99802844 23.80653115 9.30653115
v 36.99991637 24.00028932 18.49971069
v 35.80981655 25.87856770 1.67012373
v 36.12728460 25.44992109 2.32293652
v 36.27905118 25.16089713 3.09084989
v 36.27916413 24.95600453 3.90037422
v 36.12762083 24.77848586 4.66813725
v 35.81029480 24.59707753 5.32182685
v 37.38890927 24.41892226 8.91892227
v 36.77324615 25.04586904 8.54586912
v 36.99998867 25.00004749 18.49995252
v 35.81024606 26.88164638 1.67582307
v 36.12753283 26.45369867 2.32834094
v 36.27908274 26.16408142 3.09456176
v 36.27909387 25.95789751 3.90220726
v 36.12756252 25.77928829 4.66878984
v 35.81028305 25.59730470 5.32200807
v 37.13501522 25.70890308 8.20890411
v 36.44717066 26.43348068 7.93349140
v 36.99999880 26.00000627 18.49999373
v 35.81030059 27.88243458 1.67742630
v 36.12758438 27.45480608 2.33014459
v 36.27912145 27.16517847 3.09607804
v 36.27912763 26.95867246 3.90315851
v 36.12760562 26.77967231 4.66924164
v 35.81034081 26.59742204 5.32218354
v 36.68580714 27.23495640 7.73503719
v 36.99999990 27.00000065 18.49999935
v 35.81038545 28.88272548 1.67791903
v 36.12774326 28.45524264 2.33085067
v 36.27936155 28.16563206 3.09685880
v 36.27943669 27.95897191 3.90383687
v 36.12796291 27.77973677 4.66972993
v 35.81072705 27.59729442 5.32251162
v 36.84395205 28.11017035 7.61064969
v 36.99999999 28.00000005 18.49999995
v 35.81068230 29.88314568 1.67839422
v 36.12835694 29.45595247 2.33180877
v 36.28036432 29.16641988 3.09830705
v 36.28079182 28.95941312 3.90550676
v 36.12956798 28.77952762 4.67127748
v 35.81248407 28.59647610 5.32378673
v 36.93428465 29.03952278 7.54181268
v 37.00000000 29.00000000 18.50000000
v 35.81138828 30.88397607 1.67919412
v 36.13005055 30.45766597 2.33385500
v 36.28349998 30.16877251 3.10216432
v 36.28541108 29.96113257 3.91083365
v 36.13531049 29.77913552 4.67687060
v 35.81893453 29.59361993 5.32868517
v 36.98160960 29.99445277 7.50335827
v 37.00000000 30.00000000 18.50000000
v 35.81262691 31.88525135 1.68025340
v 36.13356728 31.46088189 2.33717694
v 36.29115905 31.17446146 3.11012894
v 36.29817323 30.96693994 3.92453080
v 36.15227467 30.77980698 4.69360861
v 35.83851462 30.58599743 5.34439394
v 37.01454188 30.94279254 7.47112496
v 37.00000000 31.00000000 18.50000000
v 35.81423771 32.88669529 1.68124734
v 36.13897210 32.46525801 2.34085848
v 36.30534948 32.18429123 3.12117131
v 36.32654414 31.98177345 3.95045037
v 36.19441781 31.78762179 4.73395438
v 35.88865216 31.57118144 5.38644485
v 37.06342282 31.85111994 7.42531897
v 37.00000000 32.00000000 18.50000000
v 35.81579700 33.88785078 1.68192528
v 36.14498426 33.46954372 2.34357824
v 36.32433664 33.19601321 3.13071128
v 36.37389876 33.00593549 3.97931620
v 36.28287493 32.82009794 4.80866063
v 36.00101544 32.55918714 5.48433284
v 37.16397078 32.68617826 7.35300221
v 37.00000000 33.00000000 18.50000000
v 35.81698760 34.88816835 1.68238864
v 36.14965644 34.47245419 2.34491131
v 36.34196838 34.20569967 3.13565320
v 36.42770088 34.03037794 3.99539876
v 36.41722488 33.86964931 4.86142927
v 36.24618816 33.64232798 5.71056061
v 37.36191363 33.35584873 7.27658035
v 37.00000000 34.00000000 18.50000000
v 35.81793312 35.88624206 1.68315408
v 36.15156642 35.47298010 2.34527669
v 36.35251573 35.21097248 3.13708522
v 36.46696045 35.04670262 3.99929706
v 36.53649947 34.90761761 4.86612622
v 36.58295599 34.71916377 5.68544172
v 36.63734678 34.42258143 6.44022223
v 37.15152071 34.08719943 7.04345119
v 37.00000000 35.00000000 18.50000000
v 35.81899867 36.87707215 1.68522796
v 36.14921503 36.46849473 2.34474125
v 36.35326989 36.21042040 3.13644152
v 36.48275268 36.05336094 3.99913951
v 36.59603342 35.92759004 4.86357245
v 36.74548123 35.75925655 5.66494279
v 36.98640485 35.48675103 6.35424460
v 37.43464118 35.08371004 6.89041264
v 37.00000000 36.00000000 18.50000000
v 35.81942536 37.84611232 1.68991181
v 36.13815447 37.45000990 2.34159261
v 36.33958091 37.19850502 3.13184222
v 36.47378074 37.04874986 3.99554564
v 36.60593636 36.93362009 4.86052155
v 36.79962968 36.77781405 5.65680910
v 37.10934080 36.51389662 6.32754987
v 37.58490962 36.09867633 6.83796482
v 37.00000000 37.00000000 18.50000000
v 35.81367759 38.76022962 1.69707670
v 36.10705954 38.39469850 2.32996203
v 36.29800230 38.15809277 3.11522052
v 36.42845596 38.02111432 3.98111200
v 36.56555513 37.92327149 4.85148976
v 36.78036678 37.78610417 5.65203854
v 37.12732645 37.53287556 6.32096292
v 37.63527065 37.11508799 6.82333317
v 37.00000000 38.00000000 18.50000000
v 35.78599373 39.56024492 1.70134634
v 36.03443522 39.25852700 2.29645619
v 36.20332122 39.05345999 3.06803517
v 36.31930691 38.93916201 3.93599315
v 36.44624093 38.87378594 4.81915657
v 36.66877485 38.78200125 5.63776395
v 37.05291449 38.56257577 6.32009828
v 37.61004483 38.14606589 6.82431532
v 37.00000000 39.00000000 18.50000000
v 35.70962462 40.16516668 1.69035881
v 35.89011702 39.97638110 2.21915883
v 36.02174207 39.83002924 2.95986515
v 36.11091182 39.75003984 3.82366483
v 36.20380695 39.73068514 4.72613971
v 36.39737380 39.72602789 5.58401915
v 36.81537266 39.62251487 6.31428032
v 37.47641335 39.23681461 6.84058997
v 37.00000000 40.00000000 18.50000000
v 35.56331441 40.50545449 1.65902316
v 35.64813746 40.47755201 2.07374177
v 35.72226478 40.42594089 2.75671962
v 35.77383331 40.39450820 3.59931544
v 35.81609564 40.41644232 4.51338962
v 35.90822883 40.51761547 5.43053857
v 36.24690086 40.63890474 6.25543697
v 37.08908396 40.56125307 6.90550194
v 37.00000000 41.00000000 18.50000000
v 37.00515250 41.86363559 7.22580369
v 37.00000000 42.00000000 18.50000000
v 37.00094001 42.95908523 7.39976741
v 37.00000000 43.00000000 18.50000000
v 37.00721827 43.98475161 7.47323586
v 37.00000000 44.00000000 18.50000000
v 37.02319530 44.98239229 7.50708980
v 37.00000000 45.00000000 18.50000000
v 37.06144833 45.95762982 7.54041259
v 37.00000000 46.00000000 18.50000000
v 37.13922166 46.90092823 7.59945918
v 37.00000000 47.00000000 18.50000000
v 37.27237307 47.79827339 7.70321947
v 37.00000000 47.99999995 18.49999995
v 37.46769949 48.63970031 7.86063486
v 37.00000000 48.99999935 18.49999935
v 36.73052701 49.43317283 8.07893195
v 37.05816348 50.16556523 8.32626843
v 37.00000000 49.99999373 18.49999373
v 37.43829648 50.72982250 8.54302400
v 37.00000000 50.99995251 18.49995252
v 36.56541355 51.74250479 9.04876271
v 37.46073388 51.45389657 8.88406978
v 37.00000001 51.99971064 18.49971073
v 37.11531672 52.20029139 9.30340320
v 36.84808230 52.81572043 9.70527297
v 37.00000009 52.99855482 18.49855602
v 36.58794529 53.37149873 10.11067168
v 37.28290650 53.83896821 10.49024043
v 37.00000111 53.99399692 18.49400825
v 36.70899200 54.46494038 10.99033277
v 37.15635276 55.03476115 11.44779894
v 37.00001022 54.97900799 18.47909162
v 36.58687950 55.61358478 11.87944163
v 37.00078930 56.19956401 12.29760503
v 37.00007341 55.93752726 18.43802226
v 37.41908552 56.78721615 12.71167381
v 37.00042159 56.84005985 18.34245411
v 36.86491618 57.35691822 13.14227259
v 37.36024672 57.88577671 13.61127735
v 37.00197267 57.64366040 18.15326217
v 36.92489353 58.35139258 14.13660397
v 37.57554034 58.72882643 14.72927180
v 37.00762911 58.30008801 17.83239786
v 37.32143688 58.98928526 15.38626413
v 37.15820432 59.10143630 16.08107765
v 37.06754231 59.03558796 16.76133460
v 37.02468075 58.77013141 17.36235446
v 37.33540101 0.55471914 4.07607663
v 37.79787002 0.38534844 4.63223498
v 38.07807303 0.08166705 5.29265831
v 38.03666433 -0.23832035 6.13844968
v 38.01648649 -0.39582083 7.05491848
v 38.00620362 -0.46418005 8.01862514
v 38.00192175 -0.48931869 9.00543897
v 38.00050840 -0.49719000 10.00139567
v 38.00010580 -0.49932056 11.00032112
v 37.99988772 -0.49970206 12.00004343
v 37.99914292 -0.49892406 12.99980096
v 37.99584920 -0.49449488 13.99865271
v 37.98416323 -0.47676860 14.99337322
v 37.95167616 -0.41975416 15.97407264
v 37.88120007 -0.26963743 16.91673333
v 37.75701323 0.06589555 17.77753767
v 37.93704372 0.50797047 18.39296845
v 37.49141038 1.04394988 4.10419954
v 38.01758227 0.80132364 4.59900156
v 37.87922125 1.02096906 18.51457147
v 37.46648910 1.49345022 4.26301684
v 38.19420667 1.34510538 4.80537058
v 37.86808272 1.52617662 18.34258356
v 37.86127178 1.86223916 5.06326630
v 37.92056441 2.22326294 6.02176483
v 37.95823422 2.40168120 7.00036570
v 37.97184509 2.49841084 7.98984855
v 37.97050387 2.58154699 8.98276351
v 37.98002443 2.68654849 9.99369087
v 38.06254845 2.76364782 11.05285143
v 38.16081488 2.76689528 12.11883802
v 38.17404076 2.72510928 13.15180982
v 38.18478602 2.65290285 14.16239096
v 38.17456090 2.57305685 15.11657481
v 38.11099988 2.47873888 16.05192011
v 38.08097330 2.30673647 17.01418109
v 38.12229438 1.97242097 17.97700703
v 38.44686104 17.09298925 14.55108886
v 37.73467459 17.45448721 13.94249238
v 38.18486457 16.86789426 15.24344378
v 37.91546822 16.80137233 15.98388629
v 37.58408044 16.90896869 16.70589126
v 37.13334858 17.20351073 17.33599660
v 37.52953776 17.68950703 17.82199290
v 38.05942843 17.91945190 13.41656275
v 37.77657411 18.35294148 18.14986404
v 38.41915380 18.45012292 12.94954430
v 37.80505083 19.01640303 12.51630806
v 37.90826171 19.15902667 18.34154063
v 38.20404350 19.60203415 12.10202162
v 37.60388302 20.19946696 11.69946567
v 37.96777267 20.06227213 18.43782164
v 38.00007221 20.80198458 11.30198448
v 37.99040947 21.02095642 18.47905602
v 38.39653727 21.40285613 10.90285613
v 37.79784544 22.00004749 10.50004748
v 37.99760694 22.00599806 18.49400323
v 38.20207213 22.59743945 10.09743945
v 37.60305027 23.19946070 9.69946070
v 37.99950510 23.00144463 18.49855547
v 37.99802844 23.80653115 9.30653115
v 37.99991637 24.00028932 18.49971069
v 38.38890928 24.41892227 8.91892227
v 37.77324621 25.04586909 8.54586916
v 37.99998867 25.00004749 18.49995252
v 38.13501587 25.70890366 8.20890461
v 37.44717453 26.43348392 7.93349381
v 37.99999880 26.00000627 18.49999373
v 37.68583448 27.23498365 7.73505719
v 37.99999990 27.00000065 18.49999935
v 37.84409634 28.11034297 7.61077575
v 37.99999999 28.00000005 18.49999995
v 37.93484595 29.04038841 7.54243309
v 38.00000000 29.00000000 18.50000000
v 37.98313735 29.99796178 7.50579030
v 38.00000000 30.00000000 18.50000000
v 38.01678591 30.95435096 7.47890946
v 38.00000000 31.00000000 18.50000000
v 38.05999133 31.88189461 7.44634374
v 38.00000000 32.00000000 18.50000000
v 38.12161760 32.75599109 7.40082530
v 38.00000000 33.00000000 18.50000000
v 38.13625936 33.61168130 7.32245859
v 38.00000000 34.00000000 18.50000000
v 38.16771758 34.53220356 7.23228842
v 38.00000000 35.00000000 18.50000000
v 38.25732009 35.51814107 7.17818950
v 38.00000000 36.00000000 18.50000000
v 38.30912177 36.52286920 7.15774955
v 38.00000000 37.00000000 18.50000000
v 38.31524206 37.53884617 7.15446159
v 38.00000000 38.00000000 18.50000000
v 38.27038041 38.58178212 7.16384266
v 38.00000000 39.00000000 18.50000000
v 38.15666120 39.68809469 7.19767340
v 38.00000000 40.00000000 18.50000000
v 38.04990004 40.83450880 7.29011682
v 38.00000000 41.00000000 18.50000000
v 38.01265214 41.93762691 7.40073539
v 38.00000000 42.00000000 18.50000000
v 38.00490792 42.97945974 7.46458192
v 38.00000000 43.00000000 18.50000000
v 38.00808165 43.99029287 7.49377073
v 38.00000000 44.00000000 18.50000000
v 38.02324257 44.98378388 7.51253431
v 38.00000000 45.00000000 18.50000000
v 38.06138382 45.95790982 7.54150817
v 38.00000000 46.00000000 18.50000000
v 38.13885269 46.90086670 7.59917654
v 38.00000000 47.00000000 18.50000000
v 38.27032012 47.79778544 7.70148245
v 38.00000000 47.99999995 18.49999995
v 38.45937320 48.63838179 7.85635151
v 38.00000000 48.99999935 18.49999935
v 37.71867288 49.42147875 8.06594210
v 38.00135519 50.13708674 8.30151268
v 38.00000000 49.99999373 18.49999373
v 38.24769257 50.83194136 8.58018306
v 38.00000000 50.99995251 18.49995252
v 38.52397624 51.52842720 8.91789682
v 38.00000001 51.99971064 18.49971073
v 37.94157121 52.04871798 9.20567223
v 37.84079565 52.70687122 9.63427210
v 37.35078643 53.23282707 10.01195624
v 38.20220511 53.39367717 10.14922586
v 38.00000009 52.99855482 18.49855602
v 38.19718088 53.99154602 10.62887983
v 38.00000111 53.99399692 18.49400825
v 37.70137667 54.46832027 11.00619526
v 38.14902989 55.02811956 11.45153295
v 38.00001022 54.97900799 18.47909162
v 37.58467457 55.61028055 11.88136445
v 38.00005664 56.19793145 12.29826178
v 38.00007341 55.93752726 18.43802226
v 38.41899748 56.78663049 12.71188179
v 38.00042159 56.84005985 18.34245411
v 37.86485840 57.35677323 13.14234097
v 38.36024106 57.88574399 13.61129223
v 38.00197267 57.64366040 18.15326217
v 37.92489114 58.35138694 14.13660691
v 38.57554016 58.72882563 14.72927221
v 38.00762911 58.30008801 17.83239786
v 38.32143684 58.98928517 15.38626418
v 38.15820432 59.10143629 16.08107765
v 38.06754231 59.03558796 16.76133460
v 38.02468075 58.77013141 17.36235446
v 39.08224293 0.31199758 5.71954272
v 38.49309882 0.52307649 5.09226692
v 39.03339960 -0.03390735 6.30186728
v 39.01591026 -0.27886063 7.12704825
v 39.00660806 -0.40915192 8.04867270
v 39.00241197 -0.46697409 9.01669549
v 39.00088461 -0.48920045 10.00521291
v 39.00033059 -0.49681760 11.00150059
v 39.00008008 -0.49912824 12.00038381
v 38.99976934 -0.49946740 13.00001238
v 38.99857742 -0.49789759 13.99948993
v 38.99397723 -0.49020950 14.99719997
v 38.98008176 -0.46249181 15.98820945
v 38.94861683 -0.38202869 16.96005451
v 38.90099512 -0.19211154 17.89005793
v 38.64443580 0.68506292 19.05078209
v 38.89936791 0.16652628 18.75772592
v 39.17959445 0.63534996 19.58798198
v 39.22700174 0.38157478 19.42107193
v 39.57416433 0.45925233 19.82496573
v 38.69864559 0.98704215 5.07679047
v 38.47808635 1.23421089 18.94292807
v 39.04119635 1.00148585 19.49565201
v 39.55066582 0.78477256 19.94905916
v 38.88499908 1.35968623 5.25693320
v 38.52691205 1.64709746 18.73935602
v 39.04067259 1.45883633 19.32622119
v 39.53192574 1.22184606 19.89402926
v 38.81405094 1.68127597 5.48764671
v 38.84750651 2.02466484 6.13045719
v 38.91254666 2.27769367 7.02915907
v 38.95554688 2.41846041 7.99930187
v 38.97653054 2.49581020 8.99233889
v 38.98913997 2.55192062 9.99543829
v 39.01414301 2.59686131 11.01160346
v 39.05291823 2.61786831 12.03800249
v 39.07836027 2.61141419 13.06056047
v 39.08478763 2.58565707 14.07110128
v 39.08227598 2.54830645 15.06415341
v 39.06807994 2.49749594 16.04286445
v 39.05986448 2.40536132 17.02417362
v 39.09636377 2.21800272 18.01114987
v 39.23350317 1.88620409 18.98383487
v 39.60507968 1.60413908 19.71856392
v 39.44686104 17.09298925 14.55108886
v 38.73467459 17.45448721 13.94249238
v 39.18486457 16.86789426 15.24344378
v 38.91546822 16.80137233 15.98388629
v 38.58408044 16.90896869 16.70589126
v 38.13334858 17.20351073 17.33599660
v 38.52953776 17.68950703 17.82199290
v 39.05942843 17.91945190 13.41656275
v 38.77657411 18.35294148 18.14986404
v 39.41915380 18.45012292 12.94954430
v 38.80505083 19.01640303 12.51630806
v 38.90826171 19.15902667 18.34154063
v 39.20404350 19.60203415 12.10202162
v 38.60388302 20.19946696 11.69946567
v 38.96777267 20.06227213 18.43782164
v 39.00007221 20.80198458 11.30198448
v 38.99040947 21.02095642 18.47905602
v 39.39653727 21.40285613 10.90285613
v 38.79784544 22.00004749 10.50004748
v 38.99760694 22.00599806 18.49400323
v 39.20207213 22.59743945 10.09743945
v 38.60305027 23.19946070 9.69946070
v 38.99950510 23.00144463 18.49855547
v 38.99802844 23.80653115 9.30653115
v 38.99991637 24.00028932 18.49971069
v 39.38890929 24.41892228 8.91892228
v 38.77324629 25.04586916 8.54586923
v 38.99998867 25.00004749 18.49995252
v 39.13501655 25.70890448 8.20890547
v 38.44717969 26.43348936 7.93349869
v 38.99999880 26.00000627 18.49999373
v 38.68586378 27.23502306 7.73509279
v 38.99999990 27.00000065 18.49999935
v 38.84420967 28.11056964 7.61097612
v 38.99999999 28.00000005 18.49999995
v 38.93508698 29.04144678 7.54331790
v 39.00000000 29.00000000 18.50000000
v 38.98290377 30.00203878 7.50890743
v 39.00000000 30.00000000 18.50000000
v 39.01232210 30.96757124 7.48779478
v 39.00000000 31.00000000 18.50000000
v 39.03840385 31.91964431 7.46681167
v 39.00000000 32.00000000 18.50000000
v 39.05718602 32.85828062 7.43732236
v 39.00000000 33.00000000 18.50000000
v 39.07138566 33.80622295 7.39999518
v 39.00000000 34.00000000 18.50000000
v 39.09789920 34.78080619 7.36814548
v 39.00000000 35.00000000 18.50000000
v 39.12729900 35.77553362 7.35084094
v 39.00000000 36.00000000 18.50000000
v 39.14011249 36.78008555 7.34527229
v 39.00000000 37.00000000 18.50000000
v 39.13105555 37.79557631 7.34761576
v 39.00000000 38.00000000 18.50000000
v 39.09745984 38.83128974 7.35986261
v 39.00000000 39.00000000 18.50000000
v 39.05178899 39.88758883 7.38934872
v 39.00000000 40.00000000 18.50000000
v 39.01923342 40.94325529 7.43254485
v 39.00000000 41.00000000 18.50000000
v 39.00612868 41.97796383 7.46968277
v 39.00000000 42.00000000 18.50000000
v 39.00344178 42.99210084 7.49045660
v 39.00000000 43.00000000 18.50000000
v 39.00764429 43.99372284 7.50162049
v 39.00000000 44.00000000 18.50000000
v 39.02307524 44.98457703 7.51443766
v 39.00000000 45.00000000 18.50000000
v 39.06115764 45.95806504 7.54175057
v 39.00000000 46.00000000 18.50000000
v 39.13792443 46.90092871 7.59875101
v 39.00000000 47.00000000 18.50000000
v 39.26698372 47.79813911 7.70043879
v 39.00000000 47.99999995 18.49999995
v 39.45037933 48.64063822 7.85578685
v 39.00000000 48.99999935 18.49999935
v 38.69306218 49.42210861 8.06051732
v 38.94616611 50.16386525 8.30977896
v 39.00000000 49.99999373 18.49999373
v 39.21687201 50.88154566 8.60836411
v 39.00000000 50.99995251 18.49995252
v 39.54034541 51.57513801 8.96472840
v 39.00000001 51.99971064 18.49971073
v 38.83878555 52.27149564 9.35959651
v 38.64503361 52.89694705 9.77551096
v 39.37839853 52.80393003 9.73402496
v 39.00000009 52.99855482 18.49855602
v 39.00220002 53.24086616 10.04384121
v 39.10997386 53.78607733 10.48638737
v 39.00000111 53.99399692 18.49400825
v 38.67299220 54.44880103 11.00591155
v 39.14946771 55.01183170 11.44986119
v 39.00001022 54.97900799 18.47909162
v 38.58336452 55.60523410 11.88228554
v 39.00044339 56.19586387 12.29876373
v 39.00007341 55.93752726 18.43802226
v 39.41934815 56.78602444 12.71214540
v 39.00042159 56.84005985 18.34245411
v 38.86488479 57.35661717 13.14240513
v 39.36025703 57.88571262 13.61130986
v 39.00197267 57.64366040 18.15326217
v 38.92489176 58.35138130 14.13660975
v 39.57554048 58.72882490 14.72927268
v 39.00762911 58.30008801 17.83239786
v 39.32143684 58.98928509 15.38626423
v 39.15820432 59.10143629 16.08107766
v 39.06754231 59.03558796 16.76133460
v 39.02468075 58.77013141 17.36235446
v 39.18683293 0.72252894 5.47861693
v 39.65689695 0.55095480 5.92338727
v 39.94091670 0.27206141 6.48888098
v 39.97918893 -0.07355790 7.24406082
v 39.99060816 -0.29212585 8.10847161
v 39.99660720 -0.40861376 9.04380219
v 39.99975779 -0.46349002 10.01655474
v 40.00052195 -0.48696927 11.00583841
v 40.00038114 -0.49594274 12.00184604
v 40.00009922 -0.49884642 13.00047807
v 39.99964055 -0.49914611 13.99994550
v 39.99806817 -0.49660824 14.99904765
v 39.99282466 -0.48556494 15.99549477
v 39.97947355 -0.44950174 16.98321859
v 39.95574275 -0.35499120 17.94893548
v 39.93418144 -0.15717424 18.86965813
v 39.93855219 0.16136976 19.70163889
v 40.10409710 0.51654644 20.27184672
v 39.29682905 1.15057457 5.49478148
v 39.76129733 0.92299509 5.86319751
v 40.06057582 0.96777103 20.38574519
v 39.31313798 1.49150500 5.64021051
v 39.78819392 1.34473575 5.95432191
v 40.09003979 1.42472549 20.28089308
v 39.65660736 1.74079926 6.23155727
v 39.80147692 2.07666117 7.07047873
v 39.89325582 2.29566765 8.00569265
v 39.94853467 2.41657866 8.98900646
v 39.97845675 2.48119236 9.99089052
v 39.99652142 2.51839001 10.99840889
v 40.01282153 2.53857573 12.00846724
v 40.02643952 2.54429979 13.01873144
v 40.03307790 2.53872056 14.02583273
v 40.03375362 2.52543436 15.02721008
v 40.03122599 2.50385109 16.02295461
v 40.03202832 2.46150062 17.01784754
v 40.05383918 2.36721972 18.01578907
v 40.12613864 2.17582323 19.00917255
v 40.28097021 1.84890536 19.97081100
v 40.44686104 17.09298925 14.55108886
v 39.73467459 17.45448721 13.94249238
v 40.18486457 16.86789426 15.24344378
v 39.91546822 16.80137233 15.98388629
v 39.58408044 16.90896869 16.70589126
v 39.13334858 17.20351073 17.33599660
v 39.52953776 17.68950703 17.82199290
v 40.05942843 17.91945190 13.41656275
v 39.77657411 18.35294148 18.14986404
v 40.41915380 18.45012292 12.94954430
v 39.80505083 19.01640303 12.51630806
v 39.90826171 19.15902667 18.34154063
v 40.20404350 19.60203415 12.10202162
v 39.60388302 20.19946696 11.69946567
v 39.96777267 20.06227213 18.43782164
v 40.00007221 20.80198458 11.30198448
v 39.99040947 21.02095642 18.47905602
v 40.39653727 21.40285613 10.90285613
v 39.79784544 22.00004749 10.50004748
v 39.99760694 22.00599806 18.49400323
v 40.20207213 22.59743945 10.09743945
v 39.60305027 23.19946070 9.69946070
v 39.99950510 23.00144463 18.49855547
v 39.99802844 23.80653115 9.30653115
v 39.99991637 24.00028932 18.49971069
v 40.38890929 24.41892228 8.91892229
v 39.77324634 25.04586925 8.54586934
v 39.99998867 25.00004749 18.49995252
v 40.13501687 25.70890547 8.20890660
v 39.44718371 26.43349645 7.93350608
v 39.99999880 26.00000627 18.49999373
v 39.68587723 27.23507137 7.73514066
v 39.99999990 27.00000065 18.49999935
v 39.84420674 28.11083563 7.61121538
v 39.99999999 28.00000005 18.49999995
v 39.93476356 29.04264906 7.54425643
v 40.00000000 29.00000000 18.50000000
v 39.98079785 30.00655624 7.51183981
v 40.00000000 30.00000000 18.50000000
v 40.00412266 30.98183856 7.49520039
v 40.00000000 31.00000000 18.50000000
v 40.01710641 31.95732694 7.48239031
v 40.00000000 32.00000000 18.50000000
v 40.02519920 32.93370764 7.46843098
v 40.00000000 33.00000000 18.50000000
v 40.03375873 33.91726668 7.45473542
v 40.00000000 34.00000000 18.50000000
v 40.04447367 34.91013290 7.44504846
v 40.00000000 35.00000000 18.50000000
v 40.05248340 35.90951334 7.44051829
v 40.00000000 36.00000000 18.50000000
v 40.05316314 36.91368843 7.44003402
v 40.00000000 37.00000000 18.50000000
v 40.04501168 37.92437839 7.44335577
v 40.00000000 38.00000000 18.50000000
v 40.03010125 38.94295279 7.45202090
v 40.00000000 39.00000000 18.50000000
v 40.01512730 39.96523520 7.46620045
v 40.00000000 40.00000000 18.50000000
v 40.00580336 40.98345603 7.48144490
v 40.00000000 41.00000000 18.50000000
v 40.00217242 41.99365379 7.49243014
v 40.00000000 42.00000000 18.50000000
v 40.00236994 42.99704904 7.49862129
v 40.00000000 43.00000000 18.50000000
v 40.00735782 43.99500755 7.50392988
v 40.00000000 44.00000000 18.50000000
v 40.02295581 44.98485674 7.51493000
v 40.00000000 45.00000000 18.50000000
v 40.06088677 45.95815538 7.54175083
v 40.00000000 46.00000000 18.50000000
v 40.13701442 46.90115451 7.59863027
v 40.00000000 47.00000000 18.50000000
v 40.26475118 47.79903314 7.70087814
v 40.00000000 47.99999995 18.49999995
v 40.44721097 48.64343331 7.85931527
v 40.00000000 48.99999935 18.49999935
v 39.67634958 49.43179387 8.06570155
v 39.93147664 50.18461993 8.32871803
v 40.00000000 49.99999373 18.49999373
v 40.20878497 50.90661797 8.64457144
v 40.00000000 50.99995251 18.49995252
v 40.45668920 51.54019692 8.97605904
v 40.00000001 51.99971064 18.49971073
v 40.09119485 52.22525268 9.38147312
v 40.04406120 52.84088814 9.79971552
v 40.00000009 52.99855482 18.49855602
v 39.69596478 53.26716813 10.09849016
v 40.29703090 53.71766386 10.48876845
v 40.00000111 53.99399692 18.49400825
v 39.69661135 54.39439458 10.98725973
v 40.16745211 54.99739198 11.45391662
v 40.00001022 54.97900799 18.47909162
v 39.58709619 55.59897152 11.88341872
v 40.00245221 56.19403535 12.29985256
v 40.00007341 55.93752726 18.43802226
v 40.42003508 56.78560327 12.71263765
v 40.00042159 56.84005985 18.34245411
v 39.86501636 57.35648282 13.14250480
v 40.36028918 57.88569000 13.61133702
v 40.00197267 57.64366040 18.15326217
v 39.92489592 58.35137656 14.13661366
v 40.57554116 58.72882437 14.72927333
v 40.00762911 58.30008801 17.83239786
v 40.32143690 58.98928502 15.38626429
v 40.15820432 59.10143628 16.08107766
v 40.06754231 59.03558796 16.76133460
v 40.02468075 58.77013141 17.36235446
v 40.19412896 0.69028166 6.31219464
v 40.61169923 0.52311736 6.80199173
v 40.87743299 0.25623513 7.41278289
v 40.92997454 -0.07265093 8.21157260
v 40.96742589 -0.27687681 9.09865668
v 40.99129242 -0.39313202 10.04477398
v 40.99948815 -0.45500368 11.01908559
v 41.00095628 -0.48372505 12.00716355
v 41.00061842 -0.49504031 13.00225667
v 41.00014426 -0.49861668 14.00054017
v 40.99954044 -0.49881921 14.99984227
v 40.99779500 -0.49537612 15.99856894
v 40.99272053 -0.48179711 16.99392206
v 40.98163377 -0.44089030 17.97918935
v 40.96547477 -0.34105418 18.94051852
v 40.95504839 -0.14044012 19.85426929
v 40.67299726 0.69644045 20.86322760
v 40.97796784 0.21428168 20.69329929
v 41.29866373 0.50300711 21.37404913
v 40.28018504 1.12165994 6.31965896
v 40.74135500 0.89997814 6.75673561
v 40.59734764 1.17353882 20.84926551
v 41.15570769 0.92380220 21.41199546
v 40.24756193 1.49296032 6.45563778
v 40.75459348 1.33444416 6.84640568
v 40.65122548 1.56831897 20.69449506
v 41.13360687 1.39398651 21.28263625
v 40.59404569 1.75372075 7.12227067
v 40.75370803 2.08004510 8.01286420
v 40.86601045 2.28145801 8.97332835
v 40.93869832 2.39738210 9.97576903
v 40.97656528 2.46263329 10.98798626
v 40.99521704 2.49585947 11.99724111
v 41.00501028 2.50987325 13.00327600
v 41.00990896 2.51308582 14.00717937
v 41.01152904 2.51045380 15.00909576
v 41.01160863 2.50334243 16.00916980
v 41.01329311 2.48708459 17.00890771
v 41.02430678 2.44604221 18.01058011
v 41.06018397 2.34971984 19.01303570
v 41.14413652 2.15660585 20.00581030
v 41.30340654 1.82970800 20.96782918
v 41.44686104 17.09298925 14.55108886
v 40.73467459 17.45448721 13.94249238
v 41.18486457 16.86789426 15.24344378
v 40.91546822 16.80137233 15.98388629
v 40.58408044 16.90896869 16.70589126
v 40.13334858 17.20351073 17.33599660
v 40.52953776 17.68950703 17.82199290
v 41.05942843 17.91945190 13.41656275
v 40.77657411 18.35294148 18.14986404
v 41.41915380 18.45012292 12.94954430
v 40.80505083 19.01640303 12.51630806
v 40.90826171 19.15902667 18.34154063
v 41.20404350 19.60203415 12.10202162
v 40.60388302 20.19946696 11.69946567
v 40.96777267 20.06227213 18.43782164
v 41.00007221 20.80198458 11.30198448
v 40.99040947 21.02095642 18.47905602
v 41.39653727 21.40285613 10.90285613
v 40.79784544 22.00004749 10.50004748
v 40.99760694 22.00599806 18.49400323
v 41.20207213 22.59743945 10.09743945
v 40.60305027 23.19946070 9.69946070
v 40.99950510 23.00144463 18.49855547
v 40.99802844 23.80653115 9.30653115
v 40.99991637 24.00028932 18.49971069
v 41.38890929 24.41892229 8.91892230
v 40.77324635 25.04586936 8.54586946
v 40.99998867 25.00004749 18.49995252
v 41.13501661 25.70890658 8.20890772
v 40.44718389 26.43350471 7.93351460
v 40.99999880 26.00000627 18.49999373
v 40.68586409 27.23512554 7.73518948
v 40.99999990 27.00000065 18.49999935
v 40.84408032 28.11112161 7.61143161
v 40.99999999 28.00000005 18.49999995
v 40.93407656 29.04387118 7.54501102
v 41.00000000 29.00000000 18.50000000
v 40.97826023 30.01078567 7.51396197
v 41.00000000 30.00000000 18.50000000
v 40.99756152 30.99355426 7.50018802
v 41.00000000 31.00000000 18.50000000
v 41.00559855 31.98234732 7.49278179
v 41.00000000 32.00000000 18.50000000
v 41.00970915 32.97449753 7.48729989
v 41.00000000 33.00000000 18.50000000
v 41.01325439 33.97003594 7.48315460
v 41.00000000 34.00000000 18.50000000
v 41.01643313 34.96850118 7.48071816
v 41.00000000 35.00000000 18.50000000
v 41.01788649 35.96906329 7.47989230
v 41.00000000 36.00000000 18.50000000
v 41.01663761 36.97168509 7.48044463
v 41.00000000 37.00000000 18.50000000
v 41.01280528 37.97683238 7.48258043
v 41.00000000 38.00000000 18.50000000
v 41.00782458 38.98396364 7.48651065
v 41.00000000 39.00000000 18.50000000
v 41.00370185 39.99102376 7.49144913
v 41.00000000 40.00000000 18.50000000
v 41.00142693 40.99600549 7.49578333
v 41.00000000 41.00000000 18.50000000
v 41.00081348 41.99839356 7.49860948
v 41.00000000 42.00000000 18.50000000
v 41.00200375 42.99847227 7.50067520
v 41.00000000 43.00000000 18.50000000
v 41.00726170 43.99535174 7.50445842
v 41.00000000 44.00000000 18.50000000
v 41.02289022 44.98493408 7.51502810
v 41.00000000 45.00000000 18.50000000
v 41.06072529 45.95821737 7.54178897
v 41.00000000 46.00000000 18.50000000
v 41.13674288 46.90131576 7.59896790
v 41.00000000 47.00000000 18.50000000
v 41.26510287 47.79928926 7.70264218
v 41.00000000 47.99999995 18.49999995
v 41.45134486 48.64303824 7.86525432
v 41.00000000 48.99999935 18.49999935
v 40.67702804 49.43796254 8.07800455
v 40.94555046 50.19887668 8.35999894
v 41.00000000 49.99999373 18.49999373
v 41.24793321 50.97839383 8.72728849
v 41.00000000 50.99995251 18.49995252
v 41.05589719 51.60757253 9.05046447
v 40.67869924 51.87665111 9.18210196
v 41.15803968 52.09503993 9.37418234
v 41.00000001 51.99971064 18.49971073
v 40.72022829 52.70186031 9.75880875
v 40.36253723 53.15427668 10.05912782
v 41.06677442 53.20785086 10.15927578
v 41.00000009 52.99855482 18.49855602
v 41.38710977 53.79000286 10.60478104
v 41.00000111 53.99399692 18.49400825
v 40.75699155 54.38497057 11.01410784
v 41.18820128 54.99537999 11.46950770
v 41.00001022 54.97900799 18.47909162
v 40.59481986 55.59525033 11.88777277
v 41.00497572 56.19319836 12.30186905
v 41.00007341 55.93752726 18.43802226
v 41.42067869 56.78545478 12.71329151
v 41.00042159 56.84005985 18.34245411
v 40.86518664 57.35640767 13.14265572
v 41.36032059 57.88567999 13.61137075
v 41.00197267 57.64366040 18.15326217
v 40.92490145 58.35137371 14.13661905
v 41.57554184 58.72882412 14.72927411
v 41.00762911 58.30008801 17.83239786
v 41.32143697 58.98928498 15.38626436
v 41.15820433 59.10143628 16.08107767
v 41.06754231 59.03558796 16.76133460
v 41.02468075 58.77013141 17.36235446
v 41.15464318 0.67682806 7.24966404
v 41.55016331 0.52384156 7.76740928
v 41.78171101 0.27429984 8.37931271
v 41.86964568 -0.02929984 9.18934000
v 41.96164035 -0.23044008 10.10355132
v 41.99330602 -0.36936432 11.05318811
v 42.00155676 -0.44610970 12.02319456
v 42.00194949 -0.48135359 13.00838118
v 42.00092160 -0.49465190 14.00245989
v 42.00018548 -0.49855786 15.00051839
v 41.99949504 -0.49857340 15.99971906
v 41.99779406 -0.49447564 16.99814148
v 41.99333989 -0.47946677 17.99268744
v 41.98455380 -0.43646012 18.97640925
v 41.97342420 -0.33475575 19.93612156
v 41.97282749 -0.13340620 20.85424994
v 41.78927423 0.65276342 22.01448313
v 42.02187145 0.18965587 21.72564739
v 42.24216372 0.61636238 22.56551561
v 42.29876235 0.37413668 22.39654876
v 42.61389204 0.45227818 22.80389198
v 41.24404771 1.11222992 7.25980338
v 41.68344994 0.90038473 7.72811820
v 41.62461889 1.16284399 21.89909826
v 42.11366876 0.96822768 22.47087525
v 42.58686726 0.77117713 22.92818041
v 41.19777289 1.48911287 7.38574559
v 41.68507251 1.33280356 7.80383705
v 41.66066363 1.56108259 21.71174543
v 42.11336150 1.41240500 22.30437413
v 42.56990882 1.20026683 22.87429518
v 41.50146713 1.74643566 8.04553239
v 41.67685719 2.04157506 8.93911890
v 41.84048395 2.23164022 9.93959850
v 41.93049582 2.36855171 10.96972529
v 41.97400690 2.44749166 11.98813213
v 41.99283950 2.48471783 12.99679104
v 42.00019806 2.49876304 14.00054536
v 42.00270386 2.50231676 15.00215058
v 42.00342932 2.50139803 16.00278420
v 42.00441055 2.49642897 17.00330962
v 42.00901400 2.48132154 18.00498488
v 42.02471575 2.43984526 19.00863226
v 42.06540598 2.34240411 20.01174133
v 42.15120684 2.14975881 21.00477328
v 42.30278196 1.83103550 21.97045765
v 42.64580112 1.57544685 22.70151428
v 42.44686104 17.09298925 14.55108886
v 41.73467459 17.45448721 13.94249238
v 42.18486457 16.86789426 15.24344378
v 41.91546822 16.80137233 15.98388629
v 41.58408044 16.90896869 16.70589126
v 41.13334858 17.20351073 17.33599660
v 41.52953776 17.68950703 17.82199290
v 42.05942843 17.91945190 13.41656275
v 41.77657411 18.35294148 18.14986404
v 42.41915380 18.45012292 12.94954430
v 41.80505083 19.01640303 12.51630806
v 41.90826171 19.15902667 18.34154063
v 42.20404350 19.60203415 12.10202162
v 41.60388302 20.19946696 11.69946567
v 41.96777267 20.06227213 18.43782164
v 42.00007221 20.80198458 11.30198448
v 41.99040947 21.02095642 18.47905602
v 42.39653727 21.40285613 10.90285613
v 41.79784544 22.00004749 10.50004748
v 41.99760694 22.00599806 18.49400323
v 42.20207213 22.59743945 10.09743945
v 41.60305027 23.19946070 9.69946070
v 41.99950510 23.00144463 18.49855547
v 41.99802844 23.80653115 9.30653115
v 41.99991637 24.00028932 18.49971069
v 42.38890929 24.41892231 8.91892231
v 41.77324630 25.04586947 8.54586957
v 41.99998867 25.00004749 18.49995252
v 42.13501594 25.70890767 8.20890858
v 41.44717997 26.43351341 7.93352210
v 41.99999880 26.00000627 18.49999373
v 41.68583264 27.23517927 7.73522757
v 41.99999990 27.00000065 18.49999935
v 41.84391242 28.11138230 7.61158210
v 41.99999999 28.00000005 18.49999995
v 41.93344227 29.04486721 7.54548638
v 42.00000000 29.00000000 18.50000000
v 41.97654024 30.01376478 7.51520533
v 42.00000000 30.00000000 18.50000000
v 41.99421378 31.00043791 7.50298166
v 42.00000000 31.00000000 18.50000000
v 42.00058203 31.99465700 7.49816293
v 42.00000000 32.00000000 18.50000000
v 42.00296736 32.99201213 7.49597457
v 42.00000000 33.00000000 18.50000000
v 42.00422770 33.99091873 7.49484842
v 42.00000000 34.00000000 18.50000000
v 42.00494880 34.99072399 7.49435240
v 42.00000000 35.00000000 18.50000000
v 42.00498647 35.99118541 7.49431999
v 42.00000000 36.00000000 18.50000000
v 42.00425705 36.99234438 7.49472473
v 42.00000000 37.00000000 18.50000000
v 42.00298912 37.99418292 7.49561987
v 42.00000000 38.00000000 18.50000000
v 42.00167379 38.99630648 7.49690953
v 42.00000000 39.00000000 18.50000000
v 42.00074237 39.99810372 7.49823756
v 42.00000000 40.00000000 18.50000000
v 42.00032378 40.99919493 7.49924841
v 42.00000000 41.00000000 18.50000000
v 42.00048079 41.99951694 7.49996838
v 42.00000000 42.00000000 18.50000000
v 42.00191836 42.99878371 7.50108525
v 42.00000000 43.00000000 18.50000000
v 42.00723786 43.99542112 7.50455463
v 42.00000000 44.00000000 18.50000000
v 42.02287539 44.98495013 7.51506219
v 42.00000000 45.00000000 18.50000000
v 42.06077335 45.95820856 7.54192485
v 42.00000000 46.00000000 18.50000000
v 42.13729178 46.90112397 7.59962738
v 42.00000000 47.00000000 18.50000000
v 42.26778376 47.79811858 7.70493334
v 42.00000000 47.99999995 18.49999995
v 42.46020409 48.63825087 7.87101879
v 42.00000000 48.99999935 18.49999935
v 41.69267606 49.43384841 8.09236020
v 41.98866211 50.17890148 8.38365677
v 42.00000000 49.99999373 18.49999373
v 42.36612760 50.84557363 8.71706975
v 42.00000000 50.99995251 18.49995252
v 41.79358986 51.50854443 9.05630940
v 42.19176748 52.05745218 9.43921528
v 42.00000001 51.99971064 18.49971073
v 41.62459509 52.65078150 9.80346250
v 42.01410415 53.21359054 10.22978232
v 42.00000009 52.99855482 18.49855602
v 42.39733436 53.80321710 10.65806311
v 42.00000111 53.99399692 18.49400825
v 41.78870713 54.39756569 11.05557362
v 42.19890408 54.99794179 11.48530976
v 42.00001022 54.97900799 18.47909162
v 41.60134631 55.59482901 11.89433527
v 42.00670138 56.19315636 12.30403541
v 42.00007341 55.93752726 18.43802226
v 42.42104545 56.78546607 12.71385435
v 42.00042159 56.84005985 18.34245411
v 41.86531393 57.35638917 13.14281473
v 42.36033985 57.88567881 13.61140010
v 42.00197267 57.64366040 18.15326217
v 41.92490576 58.35137278 14.13662464
v 42.57554227 58.72882406 14.72927479
v 42.00762911 58.30008801 17.83239786
v 42.32143703 58.98928496 15.38626445
v 42.15820433 59.10143627 16.08107768
v 42.06754231 59.03558796 16.76133460
v 42.02468075 58.77013141 17.36235446
v 42.06062102 0.69334951 8.24297002
v 42.40271329 0.55689424 8.76717924
v 42.54301538 0.31898331 9.27904611
v 42.90002172 0.09847130 10.20530364
v 42.97467009 -0.17941361 11.13031661
v 43.00082154 -0.35189942 12.06409472
v 43.00500315 -0.44231341 13.02594886
v 43.00301886 -0.48134639 14.00863339
v 43.00112268 -0.49501992 15.00232075
v 43.00018940 -0.49868287 16.00041908
v 42.99949575 -0.49844123 16.99960150
v 42.99794951 -0.49396446 17.99781680
v 42.99410575 -0.47833617 18.99185949
v 42.98681285 -0.43468889 19.97479603
v 42.97795837 -0.33342202 20.93379253
v 42.97604436 -0.13892515 21.84860902
v 42.98161953 0.16732606 22.67602812
v 43.13180050 0.51615216 23.24142994
v 42.13775828 1.12504750 8.24778568
v 42.53311063 0.93510688 8.75914709
v 43.08689026 0.95996720 23.35534180
v 42.06230973 1.49078090 8.32911135
v 42.49459573 1.36177941 8.79534019
v 43.11904282 1.40922679 23.25475358
v 42.23681918 1.72743639 8.86974211
v 42.64257588 1.90243671 9.84939958
v 42.83129437 2.16912199 10.94375368
v 42.92919931 2.34657139 11.97847579
v 42.97434209 2.44086890 12.99227412
v 42.99235235 2.48166974 13.99770442
v 42.99855789 2.49584720 14.99974984
v 43.00038955 2.49946111 16.00049721
v 43.00110504 2.49902836 17.00091384
v 43.00274676 2.49451912 18.00178183
v 43.00867274 2.47940551 19.00401490
v 43.02616731 2.43742332 20.00785425
v 43.06874484 2.33938282 21.01019475
v 43.15665073 2.14646675 21.99983143
v 43.31509723 1.82470281 22.94986753
v 43.44686104 17.09298925 14.55108886
v 42.73467459 17.45448721 13.94249238
v 43.18486457 16.86789426 15.24344378
v 42.91546822 16.80137233 15.98388629
v 42.58408044 16.90896869 16.70589126
v 42.13334858 17.20351073 17.33599660
v 42.52953776 17.68950703 17.82199290
v 43.05942843 17.91945190 13.41656275
v 42.77657411 18.35294148 18.14986404
v 43.41915380 18.45012292 12.94954430
v 42.80505083 19.01640303 12.51630806
v 42.90826171 19.15902667 18.34154063
v 43.20404350 19.60203415 12.10202162
v 42.60388302 20.19946696 11.69946567
v 42.96777267 20.06227213 18.43782164
v 43.00007221 20.80198458 11.30198448
v 42.99040947 21.02095642 18.47905602
v 43.39653727 21.40285613 10.90285613
v 42.79784544 22.00004749 10.50004748
v 42.99760694 22.00599806 18.49400323
v 43.20207214 22.59743946 10.09743945
v 42.60305027 23.19946070 9.69946070
v 42.99950510 23.00144463 18.49855547
v 42.99802847 23.80653118 9.30653116
v 42.99991637 24.00028932 18.49971069
v 43.38890942 24.41892251 8.91892238
v 42.77324625 25.04586963 8.54586967
v 42.99998867 25.00004749 18.49995252
v 43.13501526 25.70890876 8.20890924
v 42.44717444 26.43352128 7.93352722
v 42.99999880 26.00000627 18.49999373
v 42.68580138 27.23522281 7.73525076
v 42.99999990 27.00000065 18.49999935
v 42.84378621 28.11156777 7.61166504
v 42.99999999 28.00000005 18.49999995
v 42.93307310 29.04547603 7.54572900
v 43.00000000 29.00000000 18.50000000
v 42.97574916 30.01530308 7.51580285
v 43.00000000 30.00000000 18.50000000
v 42.99290921 31.00345557 7.50422489
v 43.00000000 31.00000000 18.50000000
v 42.99874504 31.99936350 7.50032293
v 43.00000000 32.00000000 18.50000000
v 43.00050789 32.99808482 7.49910824
v 43.00000000 33.00000000 18.50000000
v 43.00104834 33.99774455 7.49873490
v 43.00000000 34.00000000 18.50000000
v 43.00119603 34.99774417 7.49864143
v 43.00000000 35.00000000 18.50000000
v 43.00111948 35.99794124 7.49868471
v 43.00000000 36.00000000 18.50000000
v 43.00087575 36.99831820 7.49884565
v 43.00000000 37.00000000 18.50000000
v 43.00055918 37.99881947 7.49911529
v 43.00000000 38.00000000 18.50000000
v 43.00028405 38.99931463 7.49943541
v 43.00000000 39.00000000 18.50000000
v 43.00012034 39.99967595 7.49971733
v 43.00000000 40.00000000 18.50000000
v 43.00010322 40.99984283 7.49992871
v 43.00000000 41.00000000 18.50000000
v 43.00041528 41.99972585 7.50021127
v 43.00000000 42.00000000 18.50000000
v 43.00189927 42.99883671 7.50115468
v 43.00000000 43.00000000 18.50000000
v 43.00723271 43.99543114 7.50457750
v 43.00000000 44.00000000 18.50000000
v 43.02290464 44.98493766 7.51510510
v 43.00000000 45.00000000 18.50000000
v 43.06100345 45.95809615 7.54211662
v 43.00000000 46.00000000 18.50000000
v 43.13835912 46.90053476 7.60033456
v 43.00000000 47.00000000 18.50000000
v 43.27136040 47.79583171 7.70687493
v 43.00000000 47.99999995 18.49999995
v 43.46923908 48.63134101 7.87485260
v 43.00000000 48.99999935 18.49999935
v 42.71482478 49.41825835 8.10231227
v 43.03118436 50.13544742 8.39186181
v 43.00000000 49.99999373 18.49999373
v 43.39977199 50.79209691 8.72736244
v 43.00000000 50.99995251 18.49995252
v 42.78634812 51.44149663 9.08056731
v 43.19714189 52.02299360 9.47581115
v 43.00000001 51.99971064 18.49971073
v 42.60616833 52.62437141 9.85452939
v 43.00326663 53.20733491 10.27163356
v 43.00000009 52.99855482 18.49855602
v 43.39761278 53.80367853 10.68350476
v 43.00000111 53.99399692 18.49400825
v 42.79692694 54.40214642 11.08020795
v 43.20209312 54.99930681 11.49456122
v 43.00001022 54.97900799 18.47909162
v 42.60443570 55.59544327 11.89965844
v 43.00742396 56.19331669 12.30551432
v 43.00007341 55.93752726 18.43802226
v 43.42117819 56.78550477 12.71418320
v 43.00042159 56.84005985 18.34245411
v 42.86537487 57.35639553 13.14292892
v 43.36034759 57.88568038 13.61141798
v 43.00197267 57.64366040 18.15326217
v 42.92490795 58.35137285 14.13662873
v 43.57554246 58.72882409 14.72927521
v 43.00762911 58.30008801 17.83239786
v 43.32143706 58.98928496 15.38626451
v 43.15820434 59.10143627 16.08107768
v 43.06754231 59.03558796 16.76133460
v 43.02468075 58.77013141 17.36235446
v 42.87376034 0.73645429 9.32031351
v 43.21900410 0.53522645 9.96673550
v 43.64041349 0.41140368 10.61421707
v 43.93035458 0.16221848 11.30148427
v 43.99560173 -0.15949067 12.15475105
v 44.01121083 -0.35177104 13.06841858
v 44.00812667 -0.44605924 14.02547586
v 44.00351447 -0.48370907 15.00783502
v 44.00108092 -0.49590675 16.00195363
v 44.00014185 -0.49889045 17.00029806
v 43.99951416 -0.49839022 17.99951080
v 43.99812070 -0.49372211 18.99758809
v 43.99468330 -0.47782777 19.99123594
v 43.98818723 -0.43380432 20.97308637
v 43.98016574 -0.33162382 21.92835424
v 43.97809396 -0.12964350 22.83045874
v 43.70098129 0.69878502 23.80370988
v 44.00630476 0.22789719 23.64335686
v 44.32747629 0.51920872 24.26842381
v 42.92329415 1.19246582 9.34356156
v 43.35093541 1.00896319 9.95269667
v 43.79514560 0.81223491 10.55967334
v 43.62960124 1.16382215 23.79618522
v 44.19314905 0.91957866 24.30383125
v 42.75526289 1.56755627 9.35604570
v 43.23257971 1.48762008 10.00198850
v 43.81227469 1.29643870 10.63931319
v 43.68652595 1.54999527 23.65388397
v 44.18343343 1.37050754 24.20687926
v 43.65537670 1.79398450 10.95793311
v 43.84383763 2.14170513 11.98642796
v 43.93816467 2.34503641 12.99438454
v 43.97820747 2.44405948 13.99737238
v 43.99341674 2.48334725 14.99890261
v 43.99842979 2.49597237 15.99969790
v 43.99988395 2.49901488 17.00008616
v 44.00063097 2.49852354 18.00047143
v 44.00258118 2.49399771 19.00142321
v 44.00914602 2.47864745 20.00360567
v 44.02793668 2.43595586 21.00674921
v 44.07352582 2.33600392 22.00648295
v 44.16904949 2.13769900 22.98866831
v 44.34627972 1.80226306 23.92448579
v 44.44686104 17.09298925 14.55108886
v 43.73467459 17.45448721 13.94249238
v 44.18486457 16.86789426 15.24344378
v 43.91546822 16.80137233 15.98388629
v 43.58408044 16.90896869 16.70589126
v 43.13334858 17.20351073 17.33599660
v 43.52953776 17.68950703 17.82199290
v 44.05942843 17.91945190 13.41656275
v 43.77657411 18.35294148 18.14986404
v 44.41915380 18.45012292 12.94954430
v 43.80505083 19.01640303 12.51630806
v 43.90826171 19.15902667 18.34154063
v 44.20404350 19.60203415 12.10202162
v 43.60388302 20.19946696 11.69946567
v 43.96777267 20.06227213 18.43782164
v 44.00007221 20.80198458 11.30198448
v 43.99040947 21.02095642 18.47905602
v 44.39653728 21.40285614 10.90285613
v 43.79784545 22.00004749 10.50004749
v 43.99760694 22.00599806 18.49400323
v 44.20207224 22.59743955 10.09743947
v 43.60305034 23.19946076 9.69946071
v 43.99950510 23.00144463 18.49855547
v 43.99802884 23.80653162 9.30653127
v 43.99991637 24.00028932 18.49971069
v 44.38891080 24.41892475 8.91892318
v 43.77324652 25.04587054 8.54587011
v 43.99998867 25.00004749 18.49995252
v 44.13501482 25.70891206 8.20891138
v 43.44716979 26.43352751 7.93353055
v 43.99999880 26.00000627 18.49999373
v 43.68578040 27.23525118 7.73526385
v 43.99999990 27.00000065 18.49999935
v 43.84371878 28.11166879 7.61170667
v 43.99999999 28.00000005 18.49999995
v 43.93291404 29.04575453 7.54583922
v 44.00000000 29.00000000 18.50000000
v 43.97546153 30.01590132 7.51604771
v 44.00000000 30.00000000 18.50000000
v 43.99247918 31.00447638 7.50467942
v 44.00000000 31.00000000 18.50000000
v 43.99816088 32.00079174 7.50102830
v 44.00000000 32.00000000 18.50000000
v 43.99974853 32.99979444 7.50003871
v 44.00000000 33.00000000 18.50000000
v 44.00012335 33.99957849 7.49981223
v 44.00000000 34.00000000 18.50000000
v 44.00018590 34.99956675 7.49977611
v 44.00000000 35.00000000 18.50000000
v 44.00016094 35.99962201 7.49979282
v 44.00000000 36.00000000 18.50000000
v 44.00010424 36.99971387 7.49983663
v 44.00000000 37.00000000 18.50000000
v 44.00004369 37.99981886 7.49989708
v 44.00000000 38.00000000 18.50000000
v 43.99999918 38.99990852 7.49995820
v 44.00000000 39.00000000 18.50000000
v 43.99998316 39.99996199 7.50000828
v 44.00000000 40.00000000 18.50000000
v 44.00003512 40.99995494 7.50006871
v 44.00000000 41.00000000 18.50000000
v 44.00037143 41.99976459 7.50027963
v 44.00000000 42.00000000 18.50000000
v 44.00186288 42.99885190 7.50119890
v 44.00000000 43.00000000 18.50000000
v 44.00720625 43.99543662 7.50462147
v 44.00000000 44.00000000 18.50000000
v 44.02293244 44.98491244 7.51518105
v 44.00000000 45.00000000 18.50000000
v 44.06127352 45.95792063 7.54232083
v 44.00000000 46.00000000 18.50000000
v 44.13941921 46.89979825 7.60089203
v 44.00000000 47.00000000 18.50000000
v 44.27428398 47.79353406 7.70809620
v 44.00000000 47.99999995 18.49999995
v 44.47513343 48.62594526 7.87686424
v 44.00000000 48.99999935 18.49999935
v 43.73172855 49.40209182 8.10746739
v 44.05084590 50.11131445 8.39801855
v 44.00000000 49.99999373 18.49999373
v 44.41298270 50.76995193 8.73550510
v 44.00000000 50.99995251 18.49995252
v 43.79637683 51.40750463 9.09891862
v 44.20106423 52.00499839 9.49437299
v 44.00000001 51.99971064 18.49971073
v 43.60325788 52.60766983 9.88464553
v 44.00079436 53.20176989 10.29162047
v 44.00000009 52.99855482 18.49855602
v 44.39700992 53.80254522 10.69386743
v 44.00000111 53.99399692 18.49400825
v 43.79818200 54.40293164 11.09156780
v 44.20262794 54.99968638 11.49853468
v 44.00001022 54.97900799 18.47909162
v 43.60532414 55.59582897 11.90249524
v 44.00760983 56.19341437 12.30621343
v 44.00007341 55.93752726 18.43802226
v 44.42120724 56.78552533 12.71431949
v 44.00042159 56.84005985 18.34245411
v 43.86539355 57.35640319 13.14298634
v 44.36034954 57.88568155 13.61142572
v 44.00197267 57.64366040 18.15326217
v 43.92490868 58.35137309 14.13663085
v 44.57554250 58.72882412 14.72927540
v 44.00762911 58.30008801 17.83239786
v 44.32143707 58.98928496 15.38626454
v 44.15820434 59.10143627 16.08107768
v 44.06754231 59.03558796 16.76133460
v 44.02468075 58.77013141 17.36235446
v 44.22392056 0.60940786 11.14335818
v 44.67271398 0.45537993 11.69391344
v 44.98250306 0.16458533 12.32303545
v 45.02513979 -0.17863446 13.15578831
v 45.01855983 -0.36914173 14.06488820
v 45.00868280 -0.45494905 15.02266266
v 45.00303898 -0.48695041 16.00659449
v 45.00080986 -0.49676921 17.00158558
v 45.00006789 -0.49903806 18.00021301
v 44.99953508 -0.49835774 18.99944630
v 44.99827000 -0.49356666 19.99736989
v 44.99521048 -0.47734831 20.99044475
v 44.98986854 -0.43226096 21.97048641
v 44.98556263 -0.32657335 22.92143943
v 44.99715640 -0.11613797 23.81929855
v 44.78815391 0.67643004 24.79022972
v 45.06392844 0.23030903 24.64067342
v 45.36703394 0.50318144 25.27507847
v 44.33168878 1.07457722 11.15963010
v 44.82995556 0.85994116 11.66519111
v 44.69400246 1.12845864 24.76805622
v 45.23035934 0.89701118 25.30560288
v 44.30216090 1.48992158 11.30063088
v 44.86533148 1.33146428 11.77154324
v 44.72916562 1.51874751 24.62904200
v 45.20899917 1.34847700 25.20391579
v 44.71030518 1.79995601 12.05897214
v 44.88216879 2.16304243 13.02356660
v 44.95236469 2.36391301 14.00642473
v 44.98271253 2.45351090 15.00045816
v 44.99461849 2.48664522 15.99945689
v 44.99861801 2.49673411 16.99967838
v 44.99982894 2.49905517 17.99997743
v 45.00059563 2.49841434 19.00036401
v 45.00274884 2.49377189 20.00126232
v 45.00991664 2.47802127 21.00310621
v 45.03029436 2.43411830 22.00511277
v 45.07928951 2.33124828 23.00224965
v 45.17996067 2.12792804 23.98138553
v 45.35871120 1.78904537 24.92147500
v 45.44686104 17.09298925 14.55108886
v 44.73467459 17.45448721 13.94249238
v 45.18486457 16.86789426 15.24344378
v 44.91546822 16.80137233 15.98388629
v 44.58408044 16.90896869 16.70589126
v 44.13334858 17.20351073 17.33599660
v 44.52953776 17.68950703 17.82199290
v 45.05942843 17.91945190 13.41656275
v 44.77657411 18.35294148 18.14986404
v 45.41915380 18.45012292 12.94954430
v 44.80505083 19.01640303 12.51630806
v 44.90826171 19.15902667 18.34154063
v 45.20404350 19.60203415 12.10202162
v 44.60388302 20.19946696 11.69946567
v 44.96777267 20.06227213 18.43782164
v 45.00007221 20.80198458 11.30198448
v 44.99040947 21.02095642 18.47905602
v 45.39653739 21.40285624 10.90285614
v 44.79784557 22.00004760 10.50004750
v 44.99760694 22.00599806 18.49400323
v 45.20207328 22.59744054 10.09743966
v 44.60305107 23.19946152 9.69946087
v 44.99950510 23.00144463 18.49855547
v 44.99803235 23.80653606 9.30653256
v 44.99991637 24.00028932 18.49971069
v 45.38892164 24.41894432 8.91893075
v 44.77324921 25.04587911 8.54587438
v 44.99998867 25.00004749 18.49995252
v 45.13501298 25.70893720 8.20892874
v 44.44716415 26.43353756 7.93353857
v 44.99999880 26.00000627 18.49999373
v 44.68575720 27.23527786 7.73528759
v 44.99999990 27.00000065 18.49999935
v 44.84365713 28.11173124 7.61176349
v 44.99999999 28.00000005 18.49999995
v 44.93279260 29.04588096 7.54595182
v 45.00000000 29.00000000 18.50000000
v 44.97527018 30.01611845 7.51623654
v 45.00000000 30.00000000 18.50000000
v 44.99222097 31.00479228 7.50495252
v 45.00000000 31.00000000 18.50000000
v 44.99784408 32.00118824 7.50137589
v 45.00000000 32.00000000 18.50000000
v 44.99938320 33.00023781 7.50043772
v 45.00000000 33.00000000 18.50000000
v 44.99972662 34.00003503 7.50023694
v 45.00000000 34.00000000 18.50000000
v 44.99978465 35.00000665 7.50020467
v 45.00000000 35.00000000 18.50000000
v 44.99978544 36.00001484 7.50020563
v 45.00000000 36.00000000 18.50000000
v 44.99977635 37.00003138 7.50021400
v 45.00000000 37.00000000 18.50000000
v 44.99976761 38.00004813 7.50022417
v 45.00000000 38.00000000 18.50000000
v 44.99976283 39.00006022 7.50023346
v 45.00000000 39.00000000 18.50000000
v 44.99976906 40.00006240 7.50024412
v 45.00000000 40.00000000 18.50000000
v 44.99983025 41.00002989 7.50028243
v 45.00000000 41.00000000 18.50000000
v 45.00016959 41.99983001 7.50048434
v 45.00000000 42.00000000 18.50000000
v 45.00166320 42.99891391 7.50140175
v 45.00000000 43.00000000 18.50000000
v 45.00701711 43.99549201 7.50482925
v 45.00000000 44.00000000 18.50000000
v 45.02279577 44.98493381 7.51541349
v 45.00000000 45.00000000 18.50000000
v 45.06132887 45.95780306 7.54263228
v 45.00000000 46.00000000 18.50000000
v 45.13998272 46.89926237 7.60138075
v 45.00000000 47.00000000 18.50000000
v 45.27577779 47.79210007 7.70885789
v 45.00000000 47.99999995 18.49999995
v 45.47764841 48.62327148 7.87792548
v 45.00000000 48.99999935 18.49999935
v 44.73995872 49.39316480 8.11017311
v 45.05848404 50.10126037 8.40137574
v 45.00000000 49.99999373 18.49999373
v 45.41775582 50.76206221 8.73923247
v 45.00000000 50.99995251 18.49995252
v 44.80218074 51.39356906 9.10800503
v 45.20310003 51.99802083 9.50173226
v 45.00000001 51.99971064 18.49971073
v 44.60341322 52.59974397 9.89795945
v 45.00022432 53.19913055 10.29915593
v 45.00000009 52.99855482 18.49855602
v 45.39668448 53.80192929 10.69724846
v 45.00000111 53.99399692 18.49400825
v 44.79810486 54.40287534 11.09572638
v 45.20261804 54.99974889 11.49984212
v 45.00001022 54.97900799 18.47909162
v 44.60546099 55.59595820 11.90359738
v 45.00763329 56.19344761 12.30645468
v 45.00007341 55.93752726 18.43802226
v 45.42120982 56.78553181 12.71436070
v 45.00042159 56.84005985 18.34245411
v 44.86539685 57.35640660 13.14300703
v 45.36034980 57.88568198 13.61142812
v 45.00197267 57.64366040 18.15326217
v 44.92490882 58.35137323 14.13663164
v 45.57554251 58.72882413 14.72927546
v 45.00762911 58.30008801 17.83239786
v 45.32143708 58.98928496 15.38626455
v 45.15820434 59.10143627 16.08107769
v 45.06754231 59.03558796 16.76133460
v 45.02468075 58.77013141 17.36235446
v 45.30507264 0.61844359 12.16874263
v 45.78529035 0.41846918 12.67312440
v 46.07285993 0.10022380 13.31307458
v 46.03499975 -0.22994657 14.14677126
v 46.01609137 -0.39299218 15.05756912
v 46.00613423 -0.46343644 16.01930062
v 46.00191034 -0.48915980 17.00557345
v 46.00048920 -0.49711777 18.00139679
v 46.00001515 -0.49902816 19.00019445
v 45.99956626 -0.49829565 19.99938902
v 45.99844719 -0.49338543 20.99709764
v 45.99593310 -0.47675494 21.98952978
v 45.99235082 -0.43069856 22.96832166
v 45.99261944 -0.32407387 23.91893545
v 46.01173261 -0.11809173 24.82326897
v 45.79608450 0.66231534 25.82683253
v 46.07428331 0.21659564 25.66696942
v 46.36181923 0.48615900 26.35184518
v 45.45441580 1.09815230 12.21214547
v 46.00212299 0.83034123 12.64240990
v 45.69498812 1.11907618 25.79874551
v 46.21582808 0.89416307 26.38560376
v 45.42987851 1.52591066 12.37352730
v 46.17830745 1.36403179 12.84794854
v 45.72555500 1.51394446 25.64866309
v 46.18298346 1.35872056 26.25495654
v 45.84206912 1.87006688 13.11738435
v 45.91310132 2.22115351 14.04305729
v 45.96033080 2.39043946 15.00966794
v 45.98467876 2.46280433 16.00025580
v 45.99498580 2.48903252 16.99900129
v 45.99862710 2.49709673 17.99943893
v 45.99980508 2.49903236 18.99988126
v 46.00063543 2.49833644 20.00029867
v 46.00299010 2.49355720 21.00109637
v 46.01067877 2.47734958 22.00259487
v 46.03193373 2.43247471 23.00399799
v 46.08112221 2.32864249 24.00129888
v 46.17753661 2.12711536 24.98543789
v 46.34047010 1.79815727 25.94439848
v 46.44686104 17.09298925 14.55108886
v 45.73467459 17.45448721 13.94249238
v 46.18486457 16.86789426 15.24344378
v 45.91546822 16.80137233 15.98388629
v 45.58408044 16.90896869 16.70589126
v 45.13334858 17.20351073 17.33599660
v 45.52953776 17.68950703 17.82199290
v 46.05942843 17.91945190 13.41656275
v 45.77657411 18.35294148 18.14986404
v 46.41915380 18.45012292 12.94954430
v 45.80505083 19.01640303 12.51630806
v 45.90826171 19.15902667 18.34154063
v 46.20404351 19.60203416 12.10202162
v 45.60388302 20.19946697 11.69946567
v 45.96777267 20.06227213 18.43782164
v 46.00007229 20.80198465 11.30198449
v 45.99040947 21.02095642 18.47905602
v 46.39653828 21.40285702 10.90285631
v 45.79784667 22.00004859 10.50004770
v 45.99760694 22.00599806 18.49400323
v 46.20208089 22.59744808 10.09744157
v 45.60305714 23.19946815 9.69946259
v 45.99950510 23.00144463 18.49855547
v 45.99805697 23.80656966 9.30654357
v 45.99991637 24.00028932 18.49971069
v 46.38898575 24.41907478 8.91898477
v 45.77326550 25.04594493 8.54590831
v 45.99998867 25.00004749 18.49995252
v 46.13498949 25.70910860 8.20904773
v 45.44713311 26.43359555 7.93359363
v 45.99999880 26.00000627 18.49999373
v 45.68564389 27.23538656 7.73542608
v 45.99999990 27.00000065 18.49999935
v 45.84339377 28.11190325 7.61204419
v 45.99999999 28.00000005 18.49999995
v 45.93233330 29.04612007 7.54641955
v 46.00000000 29.00000000 18.50000000
v 45.97461859 30.01641995 7.51689417
v 46.00000000 30.00000000 18.50000000
v 45.99142269 31.00514409 7.50575911
v 46.00000000 31.00000000 18.50000000
v 45.99695645 32.00157351 7.50227273
v 46.00000000 32.00000000 18.50000000
v 45.99845158 33.00063989 7.50137663
v 46.00000000 33.00000000 18.50000000
v 45.99877858 34.00044140 7.50119031
v 46.00000000 34.00000000 18.50000000
v 45.99883487 35.00040873 7.50115996
v 46.00000000 35.00000000 18.50000000
v 45.99884141 36.00040624 7.50115696
v 46.00000000 36.00000000 18.50000000
v 45.99884093 37.00040812 7.50115786
v 46.00000000 37.00000000 18.50000000
v 45.99884009 38.00041007 7.50115915
v 46.00000000 38.00000000 18.50000000
v 45.99884055 39.00041086 7.50116065
v 46.00000000 39.00000000 18.50000000
v 45.99884935 40.00040650 7.50116620
v 46.00000000 40.00000000 18.50000000
v 45.99891149 41.00037113 7.50120205
v 46.00000000 41.00000000 18.50000000
v 45.99925126 42.00017023 7.50140317
v 46.00000000 42.00000000 18.50000000
v 46.00074637 42.99925303 7.50232105
v 46.00000000 43.00000000 18.50000000
v 46.00610877 43.99582545 7.50575214
v 46.00000000 44.00000000 18.50000000
v 46.02192304 44.98524107 7.51634994
v 46.00000000 45.00000000 18.50000000
v 46.06056344 45.95802178 7.54360463
v 46.00000000 46.00000000 18.50000000
v 46.13944237 46.89926489 7.60241960
v 46.00000000 47.00000000 18.50000000
v 46.27553706 47.79173388 7.70998265
v 46.00000000 47.99999995 18.49999995
v 46.47759074 48.62247549 7.87912410
v 46.00000000 48.99999935 18.49999935
v 45.74283103 49.38962731 8.11149024
v 46.06073178 50.09786304 8.40283041
v 46.00000000 49.99999373 18.49999373
v 46.41897230 50.75955540 8.74060019
v 46.00000000 50.99995251 18.49995252
v 45.80432701 51.38895518 9.11131820
v 46.20380214 51.99586067 9.50399793
v 46.00000001 51.99971064 18.49971073
v 45.60372271 52.59693275 9.90249910
v 46.00010097 53.19825395 10.30137592
v 46.00000009 52.99855482 18.49855602
v 46.39657833 53.80172705 10.69811389
v 46.00000111 53.99399692 18.49400825
v 45.79798319 54.40279347 11.09692101
v 46.20258182 54.99975233 11.50017339
v 46.00001022 54.97900799 18.47909162
v 45.60545608 55.59598782 11.90391996
v 46.00763119 56.19345540 12.30651671
v 46.00007341 55.93752726 18.43802226
v 46.42120928 56.78553321 12.71436988
v 46.00042159 56.84005985 18.34245411
v 45.86539698 57.35640755 13.14301244
v 46.36034979 57.88568208 13.61142865
v 46.00197267 57.64366040 18.15326217
v 45.92490884 58.35137327 14.13663185
v 46.57554251 58.72882413 14.72927547
v 46.00762911 58.30008801 17.83239786
v 46.32143708 58.98928496 15.38626455
v 46.15820434 59.10143627 16.08107769
v 46.06754231 59.03558796 16.76133460
v 46.02468075 58.77013141 17.36235446
v 47.08053853 0.31768288 13.72567649
v 46.48754331 0.53690362 13.10910130
v 47.03233459 -0.02915225 14.30673233
v 47.01556308 -0.27669501 15.12915009
v 47.00653084 -0.40845081 16.04933130
v 47.00239949 -0.46680241 17.01685312
v 47.00088009 -0.48916214 18.00523871
v 47.00031276 -0.49676583 19.00147997
v 47.00000850 -0.49885372 20.00023895
v 46.99959162 -0.49820003 20.99931831
v 46.99858390 -0.49321344 21.99681385
v 46.99645160 -0.47642730 22.98894948
v 46.99355988 -0.43069521 23.96814955
v 46.99346540 -0.32690984 24.92259980
v 47.00583122 -0.12947557 25.83935613
v 46.81506021 0.64063282 27.00426005
v 47.05189694 0.18448577 26.71544860
v 47.24893705 0.61055782 27.56530033
v 47.30868750 0.36821326 27.39494971
v 47.61319743 0.44774345 27.80988439
v 46.69256522 0.99729758 13.09251931
v 46.65007502 1.14495669 26.88642384
v 47.12192995 0.96084702 27.46898923
v 47.58442431 0.76736544 27.93627097
v 46.87976463 1.36612778 13.26962167
v 46.68298520 1.54149270 26.69854605
v 47.12090057 1.40364772 27.30097293
v 47.56660998 1.19739702 27.88116523
v 46.80716444 1.68674646 13.50483516
v 46.84220374 2.02641234 14.14417457
v 46.91128067 2.27521431 15.03547972
v 46.95849965 2.40804106 16.00319757
v 46.98346313 2.46671562 16.99692369
v 46.99437876 2.48912358 17.99766375
v 46.99837852 2.49674361 18.99901527
v 46.99972763 2.49885097 19.99976065
v 47.00064725 2.49823254 21.00021514
v 47.00308401 2.49336194 22.00091030
v 47.01073158 2.47695412 23.00224869
v 47.03105966 2.43223104 24.00389686
v 47.07644637 2.33042658 25.00332425
v 47.16325613 2.13551037 25.99392093
v 47.30849896 1.82080920 26.96370646
v 47.64082811 1.57268180 27.70432666
v 47.44686104 17.09298925 14.55108886
v 46.73467459 17.45448721 13.94249238
v 47.18486457 16.86789426 15.24344378
v 46.91546822 16.80137233 15.98388629
v 46.58408044 16.90896869 16.70589126
v 46.13334858 17.20351073 17.33599660
v 46.52953776 17.68950703 17.82199290
v 47.05942843 17.91945190 13.41656275
v 46.77657411 18.35294148 18.14986404
v 47.41915380 18.45012292 12.94954430
v 46.80505084 19.01640303 12.51630806
v 46.90826171 19.15902667 18.34154063
v 47.20404353 19.60203418 12.10202162
v 46.60388307 20.19946701 11.69946568
v 46.96777267 20.06227213 18.43782164
v 47.00007287 20.80198516 11.30198461
v 46.99040947 21.02095642 18.47905602
v 47.39654349 21.40286183 10.90285772
v 46.79785380 22.00005528 10.50004948
v 46.99760694 22.00599806 18.49400323
v 47.20212261 22.59749165 10.09745532
v 46.60309493 23.19951177 9.69947599
v 46.99950510 23.00144463 18.49855547
v 46.99818869 23.80676398 9.30661532
v 46.99991637 24.00028932 18.49971069
v 47.38927836 24.41974979 8.91928320
v 46.77333647 25.04633699 8.54611536
v 46.99998867 25.00004749 18.49995252
v 47.13479940 25.71002728 8.20968034
v 46.44692408 26.43394804 7.93392539
v 46.99999880 26.00000627 18.49999373
v 46.68500114 27.23597672 7.73617054
v 46.99999990 27.00000065 18.49999935
v 46.84208215 28.11274257 7.61340644
v 46.99999999 28.00000005 18.49999995
v 46.93027862 29.04718281 7.54849145
v 47.00000000 29.00000000 18.50000000
v 46.97193835 30.01766394 7.51958906
v 47.00000000 30.00000000 18.50000000
v 46.98832962 31.00651910 7.50887111
v 47.00000000 31.00000000 18.50000000
v 46.99364647 32.00302701 7.50559762
v 47.00000000 32.00000000 18.50000000
v 46.99505133 33.00212976 7.50478432
v 47.00000000 33.00000000 18.50000000
v 46.99534936 34.00194344 7.50462233
v 47.00000000 34.00000000 18.50000000
v 46.99539917 35.00191285 7.50459698
v 47.00000000 35.00000000 18.50000000
v 46.99540548 36.00190913 7.50459402
v 47.00000000 36.00000000 18.50000000
v 46.99540599 37.00190898 7.50459388
v 47.00000000 37.00000000 18.50000000
v 46.99540604 38.00190909 7.50459402
v 47.00000000 38.00000000 18.50000000
v 46.99540702 39.00190865 7.50459465
v 47.00000000 39.00000000 18.50000000
v 46.99541604 40.00190367 7.50459971
v 47.00000000 40.00000000 18.50000000
v 46.99547827 41.00186805 7.50463536
v 47.00000000 41.00000000 18.50000000
v 46.99581820 42.00166699 7.50483648
v 47.00000000 42.00000000 18.50000000
v 46.99731432 43.00074908 7.50575473
v 47.00000000 43.00000000 18.50000000
v 47.00268158 43.99731768 7.50918757
v 47.00000000 44.00000000 18.50000000
v 47.01851209 44.98671789 7.51979068
v 47.00000000 45.00000000 18.50000000
v 47.05718720 45.95945100 7.54705599
v 47.00000000 46.00000000 18.50000000
v 47.13609850 46.90057359 7.60588168
v 47.00000000 47.00000000 18.50000000
v 47.27213928 47.79276083 7.71343321
v 47.00000000 47.99999995 18.49999995
v 47.47396147 48.62285385 7.88249754
v 47.00000000 48.99999935 18.49999935
v 46.74267200 49.38846382 8.11271205
v 47.06030772 50.09637791 8.40399491
v 47.00000000 49.99999373 18.49999373
v 47.41843759 50.75773879 8.74162901
v 47.00000000 50.99995251 18.49995252
v 46.80478533 51.38738398 9.11236917
v 47.20391521 51.99492940 9.50465775
v 47.00000001 51.99971064 18.49971073
v 46.60383853 52.59609689 9.90371384
v 47.00007634 53.19797758 10.30189733
v 47.00000009 52.99855482 18.49855602
v 47.39655285 53.80164014 10.69829459
v 47.00000111 53.99399692 18.49400825
v 46.79794023 54.40276080 11.09718816
v 47.20256973 54.99974835 11.50023812
v 47.00001022 54.97900799 18.47909162
v 46.60544736 55.59599254 11.90399157
v 47.00762954 56.19345661 12.30652864
v 47.00007341 55.93752726 18.43802226
v 47.42120904 56.78553336 12.71437138
v 47.00042159 56.84005985 18.34245411
v 46.86539689 57.35640773 13.14301346
v 47.36034978 57.88568210 13.61142874
v 47.00197267 57.64366040 18.15326217
v 46.92490883 58.35137328 14.13663189
v 47.57554251 58.72882413 14.72927548
v 47.00762911 58.30008801 17.83239786
v 47.32143708 58.98928496 15.38626455
v 47.15820434 59.10143627 16.08107769
v 47.06754231 59.03558796 16.76133460
v 47.02468075 58.77013141 17.36235446
v 47.18490396 0.72689735 13.48396573
v 47.65631263 0.55271094 13.92527930
v 47.94058489 0.27344940 14.49028351
v 47.97900392 -0.07252262 15.24507563
v 47.99054985 -0.29167707 16.10890008
v 47.99659439 -0.40847795 17.04392927
v 47.99975290 -0.46345850 18.01658074
v 48.00050910 -0.48695562 19.00583241
v 48.00033666 -0.49589060 20.00179705
v 47.99997232 -0.49858435 21.00026294
v 47.99940633 -0.49805995 21.99911478
v 47.99814027 -0.49301965 22.99634564
v 47.99536052 -0.47630385 23.98837892
v 47.99036186 -0.43146255 24.96851678
v 47.98373258 -0.33053517 25.92592686
v 47.97918376 -0.13924553 26.84385417
v 47.97601357 0.16295027 27.68226618
v 48.11765971 0.51159143 28.26236624
v 47.29482349 1.15364339 13.49953496
v 47.76071158 0.92415551 13.86467715
v 48.07246025 0.95886452 28.37955316
v 47.31068407 1.49401408 13.64581641
v 47.78737708 1.34566022 13.95612114
v 48.10208009 1.41117154 28.27119002
v 47.65475306 1.74201771 14.23586602
v 47.80037063 2.07660784 15.07362634
v 47.89354118 2.29331933 16.00740092
v 47.95019291 2.40902768 16.99039816
v 47.98006279 2.46345006 17.99183701
v 47.99312377 2.48684278 18.99608547
v 47.99795442 2.49582877 19.99861135
v 47.99955653 2.49856936 20.99959597
v 48.00044464 2.49808383 21.99994161
v 48.00254574 2.49314009 23.00029284
v 48.00912098 2.47671952 24.00104190
v 48.02669025 2.43258180 25.00191237
v 48.06671787 2.33269970 26.00026108
v 48.14683636 2.14075003 26.98797366
v 48.29253834 1.82506744 27.94717143
v 48.44686104 17.09298925 14.55108886
v 47.73467459 17.45448721 13.94249238
v 48.18486457 16.86789426 15.24344378
v 47.91546822 16.80137233 15.98388629
v 47.58408044 16.90896869 16.70589126
v 47.13334858 17.20351073 17.33599660
v 47.52953776 17.68950703 17.82199290
v 48.05942843 17.91945190 13.41656275
v 47.77657411 18.35294148 18.14986404
v 48.41915382 18.45012293 12.94954430
v 47.80505085 19.01640304 12.51630806
v 47.90826171 19.15902667 18.34154063
v 48.20404375 19.60203438 12.10202167
v 47.60388341 20.19946731 11.69946575
v 47.96777267 20.06227213 18.43782164
v 48.00007612 20.80198824 11.30198558
v 47.99040947 21.02095642 18.47905602
v 48.39656705 21.40288561 10.90286670
v 47.79788853 22.00008997 10.50006145
v 47.99760694 22.00599806 18.49400323
v 48.20229575 22.59768598 10.09753273
v 47.60327345 23.19973154 9.69955678
v 47.99950510 23.00144463 18.49855547
v 47.99873242 23.80763628 9.30698159
v 47.99991637 24.00028932 18.49971069
v 48.39032878 24.42249909 8.92058477
v 47.77355676 25.04817215 8.54709934
v 47.99998867 25.00004749 18.49995252
v 48.13371982 25.71392232 8.21231006
v 47.44580045 26.43565406 7.93549066
v 47.99999880 26.00000627 18.49999373
v 47.68206923 27.23857617 7.73933711
v 47.99999990 27.00000065 18.49999935
v 47.83682387 28.11616786 7.61869445
v 47.99999999 28.00000005 18.49999995
v 47.92284531 29.05130187 7.55591893
v 48.00000000 29.00000000 18.50000000
v 47.96292642 30.02233444 7.52864858
v 48.00000000 30.00000000 18.50000000
v 47.97839180 31.01156977 7.51887354
v 48.00000000 31.00000000 18.50000000
v 47.98326928 32.00828302 7.51601518
v 48.00000000 32.00000000 18.50000000
v 47.98450954 33.00746878 7.51534179
v 48.00000000 33.00000000 18.50000000
v 47.98476008 34.00730735 7.51521581
v 48.00000000 34.00000000 18.50000000
v 47.98479959 35.00728217 7.51519741
v 48.00000000 35.00000000 18.50000000
v 47.98480435 36.00727915 7.51519537
v 48.00000000 36.00000000 18.50000000
v 47.98480478 37.00727889 7.51519521
v 48.00000000 37.00000000 18.50000000
v 47.98480488 38.00727884 7.51519525
v 48.00000000 38.00000000 18.50000000
v 47.98480590 39.00727830 7.51519580
v 48.00000000 39.00000000 18.50000000
v 47.98481493 40.00727328 7.51520083
v 48.00000000 40.00000000 18.50000000
v 47.98487717 41.00723764 7.51523647
v 48.00000000 41.00000000 18.50000000
v 47.98521718 42.00703651 7.51543762
v 48.00000000 42.00000000 18.50000000
v 47.98671368 43.00611811 7.51635602
v 48.00000000 43.00000000 18.50000000
v 47.99208162 44.00268387 7.51978923
v 48.00000000 44.00000000 18.50000000
v 48.00790734 44.99206983 7.53039193
v 48.00000000 45.00000000 18.50000000
v 48.04653548 45.96473773 7.55764784
v 48.00000000 46.00000000 18.50000000
v 48.12523275 46.90559406 7.61642142
v 48.00000000 47.00000000 18.50000000
v 48.26066528 47.79686622 7.72378777
v 48.00000000 47.99999995 18.49999995
v 48.46146477 48.62445621 7.89238906
v 48.00000000 48.99999935 18.49999935
v 47.73877247 49.38749926 8.11590299
v 48.05662597 50.09327990 8.40691615
v 48.00000000 49.99999373 18.49999373
v 48.41582873 50.75248330 8.74426484
v 48.00000000 50.99995251 18.49995252
v 47.80440346 51.38538193 9.11321892
v 48.20374426 51.99310579 9.50531560
v 48.00000001 51.99971064 18.49971073
v 47.60384597 52.59555203 9.90406354
v 48.00006158 53.19766303 10.30206083
v 48.00000009 52.99855482 18.49855602
v 48.39653633 53.80145340 10.69836580
v 48.00000111 53.99399692 18.49400825
v 47.79792946 54.40272788 11.09723921
v 48.20256645 54.99973127 11.50025049
v 48.00001022 54.97900799 18.47909162
v 47.60544482 55.59599138 11.90400379
v 48.00762916 56.19345580 12.30653046
v 48.00007341 55.93752726 18.43802226
v 48.42120902 56.78553291 12.71437163
v 48.00042159 56.84005985 18.34245411
v 47.86539687 57.35640772 13.14301360
v 48.36034978 57.88568209 13.61142875
v 48.00197267 57.64366040 18.15326217
v 47.92490883 58.35137328 14.13663189
v 48.57554251 58.72882413 14.72927548
v 48.00762911 58.30008801 17.83239786
v 48.32143708 58.98928496 15.38626455
v 48.15820434 59.10143627 16.08107769
v 48.06754231 59.03558796 16.76133460
v 48.02468075 58.77013141 17.36235446
v 48.19396557 0.69077183 14.31272280
v 48.61163748 0.52338675 14.80225992
v 48.87738523 0.25649486 15.41303522
v 48.92994805 -0.07246647 16.21174919
v 48.96741622 -0.27680200 17.09872626
v 48.99128225 -0.39310908 18.04478871
v 48.99945565 -0.45499023 19.01906956
v 49.00085271 -0.48369055 20.00709189
v 49.00032527 -0.49491961 21.00202530
v 48.99941222 -0.49820369 21.99986268
v 48.99797260 -0.49753473 22.99801477
v 48.99506627 -0.49195496 23.99413255
v 48.98912114 -0.47436360 24.98459910
v 48.97806671 -0.42825388 25.96286618
v 48.96072323 -0.32505111 26.91721330
v 48.94264791 -0.12604483 27.82730547
v 48.66998065 0.69641843 28.85926347
v 48.95761552 0.22191867 28.67218789
v 49.27508502 0.51144280 29.36659339
v 48.27998449 1.12194948 14.32011624
v 48.74130974 0.90008187 14.75686532
v 48.59682966 1.17004521 28.84303594
v 49.14488153 0.92930605 29.41034229
v 48.24713420 1.49329501 14.45655879
v 48.75448895 1.33452782 14.84662971
v 48.64818405 1.55838039 28.67432645
v 49.11885831 1.39083818 29.25774596
v 48.59368853 1.75386378 15.12311372
v 48.75360200 2.07968206 16.01350992
v 48.86630157 2.27988361 16.97377193
v 48.93912721 2.39324109 17.97611445
v 48.97601202 2.45443173 18.98774108
v 48.99174238 2.48334577 19.99520882
v 48.99740458 2.49479496 20.99828130
v 48.99898095 2.49817266 21.99895275
v 48.99922252 2.49754155 22.99840266
v 48.99977692 2.49201320 23.99690951
v 49.00323533 2.47455192 24.99408011
v 49.01551660 2.42870689 25.98826144
v 49.04868458 2.32586268 26.97466276
v 49.12404962 2.12853560 27.94449269
v 49.27343173 1.80615969 28.89270702
v 49.44686104 17.09298925 14.55108886
v 48.73467459 17.45448721 13.94249238
v 49.18486457 16.86789426 15.24344378
v 48.91546822 16.80137233 15.98388629
v 48.58408044 16.90896869 16.70589126
v 48.13334858 17.20351073 17.33599660
v 48.52953776 17.68950703 17.82199290
v 49.05942844 17.91945191 13.41656275
v 48.77657411 18.35294148 18.14986404
v 49.41915394 18.45012304 12.94954432
v 48.80505102 19.01640319 12.51630809
v 48.90826171 19.15902667 18.34154063
v 49.20404533 19.60203589 12.10202207
v 48.60388549 20.19946935 11.69946637
v 48.96777267 20.06227213 18.43782164
v 49.00009140 20.80200430 11.30199166
v 48.99040947 21.02095642 18.47905602
v 49.39665381 21.40298556 10.90291278
v 48.79801844 22.00023351 10.50012493
v 48.99760694 22.00599806 18.49400323
v 49.20284213 22.59837442 10.09787999
v 48.60391690 23.20059306 9.69994245
v 48.99950510 23.00144463 18.49855547
v 49.00047015 23.81070842 9.30847980
v 48.99991637 24.00028932 18.49971069
v 49.39338493 24.43141929 8.92516009
v 48.77404133 25.05503494 8.55079266
v 48.99998867 25.00004749 18.49995252
v 49.12906856 25.72718351 8.22092870
v 48.44100670 26.44218608 7.94130449
v 48.99999880 26.00000627 18.49999373
v 48.67141135 27.24762811 7.75003613
v 48.99999990 27.00000065 18.49999935
v 48.82005767 28.12730213 7.63513080
v 48.99999999 28.00000005 18.49999995
v 48.90133081 29.06420027 7.57738778
v 49.00000000 29.00000000 18.50000000
v 48.93836549 30.03665304 7.55340789
v 49.00000000 30.00000000 18.50000000
v 48.95218477 31.02679054 7.54526168
v 49.00000000 31.00000000 18.50000000
v 48.95634657 32.02392458 7.54302404
v 49.00000000 32.00000000 18.50000000
v 48.95734504 33.02325555 7.54253326
v 49.00000000 33.00000000 18.50000000
v 48.95753331 34.02313162 7.54244850
v 49.00000000 34.00000000 18.50000000
v 48.95756077 35.02311368 7.54243717
v 49.00000000 35.00000000 18.50000000
v 48.95756381 36.02311169 7.54243602
v 49.00000000 36.00000000 18.50000000
v 48.95756406 37.02311153 7.54243594
v 49.00000000 37.00000000 18.50000000
v 48.95756416 38.02311147 7.54243598
v 49.00000000 38.00000000 18.50000000
v 48.95756518 39.02311092 7.54243653
v 49.00000000 39.00000000 18.50000000
v 48.95757421 40.02310590 7.54244155
v 49.00000000 40.00000000 18.50000000
v 48.95763645 41.02307025 7.54247719
v 49.00000000 41.00000000 18.50000000
v 48.95797640 42.02286904 7.54267833
v 49.00000000 42.00000000 18.50000000
v 48.95947193 43.02194979 7.54359660
v 49.00000000 43.00000000 18.50000000
v 48.96483045 44.01850875 7.54702816
v 49.00000000 44.00000000 18.50000000
v 48.98059401 45.00785047 7.55761859
v 49.00000000 45.00000000 18.50000000
v 49.01892732 45.98028681 7.58480857
v 49.00000000 46.00000000 18.50000000
v 49.09661372 46.92017290 7.64331568
v 49.00000000 47.00000000 18.50000000
v 49.22963591 47.80821277 7.74987108
v 49.00000000 47.99999995 18.49999995
v 49.42707404 48.62739922 7.91667104
v 49.00000000 48.99999935 18.49999935
v 48.72582840 49.38394909 8.12499599
v 49.04584667 50.08242424 8.41511666
v 49.00000000 49.99999373 18.49999373
v 49.40978067 50.73607575 8.75178505
v 49.00000000 50.99995251 18.49995252
v 48.80314865 51.37930745 9.11555805
v 49.20321155 51.98791629 9.50725035
v 49.00000001 51.99971064 18.49971073
v 48.60376005 52.59418556 9.90452994
v 48.99997530 53.19673633 10.30235812
v 49.00000009 52.99855482 18.49855602
v 49.39646340 53.80081191 10.69854279
v 49.00000111 53.99399692 18.49400825
v 48.79791849 54.40260884 11.09727089
v 49.20256226 54.99965449 11.50026650
v 49.00001022 54.97900799 18.47909162
v 48.60544414 55.59598144 11.90400688
v 49.00762918 56.19345040 12.30653153
v 49.00007341 55.93752726 18.43802226
v 49.42120913 56.78553026 12.71437211
v 49.00042159 56.84005985 18.34245411
v 48.86539688 57.35640751 13.14301365
v 49.36034979 57.88568200 13.61142876
v 49.00197267 57.64366040 18.15326217
v 48.92490883 58.35137327 14.13663189
v 49.57554251 58.72882413 14.72927548
v 49.00762911 58.30008801 17.83239786
v 49.32143708 58.98928496 15.38626455
v 49.15820434 59.10143627 16.08107769
v 49.06754231 59.03558796 16.76133460
v 49.02468075 58.77013141 17.36235446
v 49.15462960 0.67688845 15.24972581
v 49.55015694 0.52388054 15.76744697
v 49.78170515 0.27433941 16.37935029
v 49.86963920 -0.02927231 17.18936384
v 49.96161836 -0.23042396 18.10355135
v 49.99322169 -0.36933644 19.05314779
v 50.00128917 -0.44602756 20.02303808
v 50.00120989 -0.48111747 21.00789470
v 49.99909128 -0.49401536 22.00114864
v 49.99608141 -0.49694754 22.99736292
v 49.99113297 -0.49479206 23.99280475
v 49.98234454 -0.48637044 24.98431963
v 49.96717360 -0.46393822 25.96771538
v 49.94280890 -0.41018140 26.93665285
v 49.90778252 -0.29693597 27.88050324
v 49.87576401 -0.09222864 28.78354676
v 49.76512536 0.67523462 30.02591520
v 49.92140817 0.21207984 29.65496402
v 50.21073868 0.67626482 30.61020901
v 50.29883666 0.39380036 30.45352520
v 50.51888733 0.55160649 30.87616985
v 49.24402856 1.11225248 15.25984869
v 49.68344632 0.90039470 15.72813129
v 49.59535982 1.17261926 29.87101158
v 50.06023173 1.00798165 30.43341209
v 50.53102640 0.87082561 30.89791732
v 49.19771107 1.48914127 15.38588208
v 49.68506110 1.33280691 15.80386472
v 49.61827174 1.54778170 29.63028398
v 50.03607742 1.40345234 30.17356354
v 50.39829553 1.21938485 30.62326016
v 49.50142250 1.74640911 16.04567339
v 49.67688146 2.04132122 16.93924140
v 49.84055332 2.23085571 17.93968174
v 49.93037294 2.36679713 18.96967023
v 49.97315923 2.44445691 19.98759156
v 49.99061857 2.48051200 20.99515237
v 49.99613437 2.49383050 21.99699157
v 49.99635316 2.49688464 22.99554704
v 49.99373819 2.49473948 23.99111422
v 49.98909585 2.48623603 24.98246798
v 49.98402519 2.46351974 25.96688698
v 49.98431252 2.40913560 26.93941504
v 50.00297217 2.29472081 27.89107333
v 50.06580756 2.08564228 28.81517936
v 50.19568723 1.76418695 29.72092984
v 50.50934771 1.49150202 30.39200661
v 50.44686104 17.09298925 14.55108886
v 49.73467459 17.45448721 13.94249238
v 50.18486457 16.86789426 15.24344378
v 49.91546822 16.80137233 15.98388629
v 49.58408044 16.90896869 16.70589126
v 49.13334858 17.20351073 17.33599660
v 49.52953776 17.68950703 17.82199290
v 50.05942852 17.91945198 13.41656276
v 49.77657411 18.35294148 18.14986404
v 50.41915488 18.45012387 12.94954450
v 49.80505230 19.01640436 12.51630836
v 49.90826171 19.15902667 18.34154063
v 50.20405504 19.60204550 12.10202492
v 49.60389694 20.19948135 11.69947043
v 49.96777267 20.06227213 18.43782164
v 50.00015502 20.80207915 11.30202358
v 49.99040947 21.02095642 18.47905602
v 50.39692843 21.40336085 10.90310966
v 49.79840093 22.00073185 10.50039685
v 49.99760694 22.00599806 18.49400323
v 50.20414249 22.60038782 10.09914692
v 49.60566422 23.20326096 9.70142972
v 49.99950510 23.00144463 18.49855547
v 50.00468632 23.81923373 9.31349698
v 49.99991637 24.00028932 18.49971069
v 50.40090466 24.45456111 8.93846615
v 49.77512329 25.07600651 8.56189856
v 49.99998867 25.00004749 18.49995252
v 50.11273078 25.76415919 8.24323597
v 49.42442328 26.46210266 7.95846442
v 49.99999880 26.00000627 18.49999373
v 49.64030754 27.27257107 7.77912416
v 49.99999990 27.00000065 18.49999935
v 49.77743710 28.15631093 7.67654793
v 49.99999999 28.00000005 18.49999995
v 49.85107687 29.09717828 7.62795219
v 50.00000000 29.00000000 18.50000000
v 49.88340510 30.07273229 7.60899979
v 50.00000000 30.00000000 18.50000000
v 49.89482419 31.06454146 7.60299690
v 50.00000000 31.00000000 18.50000000
v 49.89803541 32.06233008 7.60147271
v 50.00000000 32.00000000 18.50000000
v 49.89874716 33.06185333 7.60116634
v 50.00000000 33.00000000 18.50000000
v 49.89887007 34.06177223 7.60111824
v 50.00000000 34.00000000 18.50000000
v 49.89888637 35.06176150 7.60111244
v 50.00000000 35.00000000 18.50000000
v 49.89888799 36.06176042 7.60111192
v 50.00000000 36.00000000 18.50000000
v 49.89888812 37.06176034 7.60111189
v 50.00000000 37.00000000 18.50000000
v 49.89888821 38.06176029 7.60111193
v 50.00000000 38.00000000 18.50000000
v 49.89888922 39.06175974 7.60111248
v 50.00000000 39.00000000 18.50000000
v 49.89889825 40.06175472 7.60111750
v 50.00000000 40.00000000 18.50000000
v 49.89896045 41.06171905 7.60115314
v 50.00000000 41.00000000 18.50000000
v 49.89929972 42.06151752 7.60135418
v 50.00000000 42.00000000 18.50000000
v 49.90078831 43.06059514 7.60227130
v 50.00000000 43.00000000 18.50000000
v 49.90609552 44.05713007 7.60569365
v 50.00000000 44.00000000 18.50000000
v 49.92157563 45.04632610 7.61622760
v 50.00000000 45.00000000 18.50000000
v 49.95873333 46.01805366 7.64315062
v 50.00000000 46.00000000 18.50000000
v 50.03279034 46.95513990 7.70068028
v 50.00000000 47.00000000 18.50000000
v 50.15783843 47.83416242 7.80448378
v 50.00000000 47.99999995 18.49999995
v 50.34513442 48.63010989 7.96559179
v 50.00000000 48.99999935 18.49999935
v 49.69157656 49.37072359 8.14663536
v 50.02229446 50.04897351 8.43470588
v 50.00000000 49.99999373 18.49999373
v 50.40088240 50.69398265 8.77066457
v 50.00000000 50.99995251 18.49995252
v 49.80073700 51.36310316 9.12235355
v 50.20143939 51.97574922 9.51275778
v 50.00000001 51.99971064 18.49971073
v 49.60330892 52.59045172 9.90594090
v 49.99955201 53.19402692 10.30327973
v 50.00000009 52.99855482 18.49855602
v 50.39621244 53.79874827 10.69913540
v 50.00000111 53.99399692 18.49400825
v 49.79788180 54.40215757 11.09737817
v 50.20255351 54.99935850 11.50033452
v 50.00001022 54.97900799 18.47909162
v 49.60544382 55.59593560 11.90401597
v 50.00762989 56.19342567 12.30653665
v 50.00007341 55.93752726 18.43802226
v 50.42120961 56.78551782 12.71437476
v 50.00042159 56.84005985 18.34245411
v 49.86539694 57.35640629 13.14301387
v 50.36034980 57.88568144 13.61142885
v 50.00197267 57.64366040 18.15326217
v 49.92490883 58.35137324 14.13663190
v 50.57554251 58.72882411 14.72927548
v 50.00762911 58.30008801 17.83239786
v 50.32143708 58.98928496 15.38626455
v 50.15820434 59.10143627 16.08107769
v 50.06754231 59.03558796 16.76133460
v 50.02468075 58.77013141 17.36235446
v 50.06061985 0.69335666 16.24297722
v 50.40271248 0.55689906 16.76718374
v 50.54301220 0.31898962 17.27905046
v 50.89998840 0.09848415 18.20529407
v 50.97448289 -0.17935261 19.13023991
v 51.00019292 -0.35169355 20.06378854
v 51.00328135 -0.44173824 21.02497022
v 50.99886039 -0.47989458 22.00596901
v 50.99203890 -0.49161559 22.99598651
v 50.98200702 -0.49122445 23.98696057
v 50.96587260 -0.48324088 24.97342879
v 50.94055831 -0.46514487 25.95090273
v 50.90265940 -0.42818863 26.91370052
v 50.85099446 -0.35386258 27.85885677
v 50.77657878 -0.22046974 28.77977185
v 50.67877433 -0.02456019 29.63880513
v 50.60568744 0.16561803 30.27412660
v 50.80452409 0.61623969 31.13975022
v 50.82836942 0.35677650 30.85050357
v 51.05427223 0.50745889 31.18383763
v 50.13775664 1.12504865 16.24779031
v 50.53311018 0.93510752 16.75914818
v 50.89906365 0.84548046 31.16324401
v 51.05092635 0.68103688 31.26968056
v 50.06230354 1.49077726 16.32912976
v 50.49459462 1.36177654 16.79534321
v 50.97631011 1.18339931 30.83265238
v 51.17956008 0.85597487 31.16794707
v 50.23681573 1.72740620 16.86976435
v 50.64255096 1.90232637 17.84938447
v 50.83110173 2.16876635 18.94356772
v 50.92851682 2.34579028 19.97778715
v 50.97258541 2.43941435 20.99037480
v 50.98851894 2.47913092 21.99321387
v 50.99086269 2.49133377 22.99011859
v 50.98563009 2.49103864 23.98120724
v 50.97381624 2.48298329 24.96419812
v 50.95474321 2.46446602 25.93495828
v 50.92854750 2.42626671 26.88644241
v 50.90325333 2.34973247 27.80945297
v 50.88850153 2.21343720 28.68147225
v 50.94105869 1.98240786 29.50118176
v 51.02172855 1.65098307 30.23484261
v 51.44686107 17.09298928 14.55108886
v 50.73467464 17.45448725 13.94249239
v 51.18486457 16.86789426 15.24344378
v 50.91546822 16.80137233 15.98388629
v 50.58408044 16.90896869 16.70589126
v 50.13334858 17.20351073 17.33599660
v 50.52953776 17.68950703 17.82199290
v 51.05942911 17.91945249 13.41656289
v 50.77657411 18.35294148 18.14986404
v 51.41916025 18.45012882 12.94954599
v 50.80506009 19.01641167 12.51631045
v 50.90826171 19.15902667 18.34154063
v 51.20410297 19.60209511 12.10204224
v 50.60395197 20.19954269 11.69949333
v 50.96777267 20.06227213 18.43782164
v 51.00039209 20.80239034 11.30216748
v 50.99040947 21.02095642 18.47905602
v 51.39770076 21.40463971 10.90383209
v 50.79931639 22.00226553 10.50136409
v 50.99760694 22.00599806 18.49400323
v 51.20641786 22.60553772 10.10297111
v 50.60903469 23.20992513 9.70613407
v 50.99950510 23.00144463 18.49855547
v 51.01147552 23.83765056 9.32750946
v 50.99991637 24.00028932 18.49971069
v 51.41533746 24.50021890 8.97181026
v 50.78211105 25.13069134 8.58915315
v 50.99998867 25.00004749 18.49995252
v 51.05812456 25.85102599 8.28754799
v 50.37648060 26.51037252 7.99918109
v 50.99999880 26.00000627 18.49999373
v 50.56778154 27.32659855 7.84403832
v 50.99999990 27.00000065 18.49999935
v 50.69115494 28.21785097 7.76232396
v 50.99999999 28.00000005 18.49999995
v 50.75475932 29.16724146 7.72605540
v 51.00000000 29.00000000 18.50000000
v 50.78083628 30.14811303 7.71289835
v 51.00000000 30.00000000 18.50000000
v 50.78931842 31.14224532 7.70906411
v 51.00000000 31.00000000 18.50000000
v 50.79149513 32.14079734 7.70817718
v 51.00000000 32.00000000 18.50000000
v 50.79193229 33.14051301 7.70801618
v 51.00000000 33.00000000 18.50000000
v 50.79200026 34.14046916 7.70799354
v 51.00000000 34.00000000 18.50000000
v 50.79200833 35.14046393 7.70799111
v 51.00000000 35.00000000 18.50000000
v 50.79200904 36.14046346 7.70799092
v 51.00000000 36.00000000 18.50000000
v 50.79200910 37.14046342 7.70799091
v 51.00000000 37.00000000 18.50000000
v 50.79200918 38.14046338 7.70799096
v 51.00000000 38.00000000 18.50000000
v 50.79201020 39.14046283 7.70799150
v 51.00000000 39.00000000 18.50000000
v 50.79201921 40.14045780 7.70799653
v 51.00000000 40.00000000 18.50000000
v 50.79208109 41.14042204 7.70803212
v 51.00000000 41.00000000 18.50000000
v 50.79241667 42.14021956 7.70823263
v 51.00000000 42.00000000 18.50000000
v 50.79387379 43.13928894 7.70914486
v 51.00000000 43.00000000 18.50000000
v 50.79897879 44.13576764 7.71253263
v 51.00000000 44.00000000 18.50000000
v 50.81346973 45.12465208 7.72287749
v 51.00000000 45.00000000 18.50000000
v 50.84691302 46.09494600 7.74899122
v 51.00000000 46.00000000 18.50000000
v 50.91026035 47.02642938 7.80377752
v 51.00000000 47.00000000 18.50000000
v 51.01211893 47.88652345 7.90014086
v 51.00000000 47.99999995 18.49999995
v 51.16710285 48.62782399 8.04550885
v 51.00000000 48.99999935 18.49999935
v 50.61436085 49.32954268 8.18859639
v 50.99025022 49.95794737 8.47506543
v 51.00000000 49.99999373 18.49999373
v 51.39657050 50.61103950 8.81370663
v 51.00000000 50.99995251 18.49995252
v 50.79598784 51.32999200 9.13960977
v 51.19453990 51.95247461 9.52600091
v 51.00000001 51.99971064 18.49971073
v 50.60137667 52.58146574 9.90981936
v 50.99822126 53.18662832 10.30587903
v 51.00000009 52.99855482 18.49855602
v 51.39565857 53.79287641 10.70097645
v 51.00000111 53.99399692 18.49400825
v 50.79779569 54.40067238 11.09777752
v 51.20254449 54.99839861 11.50060204
v 51.00001022 54.97900799 18.47909162
v 50.60544572 55.59576051 11.90405810
v 51.00763234 56.19332994 12.30656062
v 51.00007341 55.93752726 18.43802226
v 51.42120976 56.78546682 12.71438718
v 51.00042159 56.84005985 18.34245411
v 50.86539702 57.35640010 13.14301511
v 51.36034971 57.88567817 13.61142941
v 51.00197267 57.64366040 18.15326217
v 50.92490883 58.35137296 14.13663194
v 51.57554251 58.72882397 14.72927549
v 51.00762911 58.30008801 17.83239786
v 51.32143708 58.98928496 15.38626455
v 51.15820434 59.10143627 16.08107769
v 51.06754231 59.03558796 16.76133460
v 51.02468075 58.77013141 17.36235446
v 50.87375927 0.73645489 17.32031357
v 51.21899825 0.53522807 17.96673341
v 51.64037830 0.41141361 18.61420439
v 51.93006846 0.16230797 19.30138380
v 51.99431030 -0.15905732 20.15423223
v 52.00754735 -0.35048572 21.06667741
v 51.99941002 -0.44288850 22.02061563
v 51.98497819 -0.47659344 22.99611427
v 51.96510889 -0.48104461 23.97706693
v 51.93565192 -0.46976427 24.95289163
v 51.89120511 -0.44528714 25.91575288
v 51.82941528 -0.40233774 26.86061520
v 51.74315111 -0.33533350 27.77250062
v 51.65622805 -0.21521485 28.67387547
v 51.50101410 -0.04101420 29.56919919
v 51.24201499 0.17669925 30.41057882
v 51.23813877 0.39245985 30.97832193
v 51.63661793 0.47961713 30.78703477
v 50.92329137 1.19246361 17.34355948
v 51.35092779 1.00896060 17.95268994
v 51.79512777 0.81223342 18.55966073
v 51.31609794 0.62389696 31.15386779
v 51.62731423 0.91279638 30.89068780
v 50.75525842 1.56754273 17.35604453
v 51.23254914 1.48760017 18.00195982
v 51.81221423 1.29641793 18.63925658
v 51.67052239 1.39299370 30.55031582
v 51.65507231 1.79385159 18.95764048
v 51.84252504 2.14114262 19.98508787
v 51.93475109 2.34349434 20.99060637
v 51.97085675 2.44045958 21.98856079
v 51.97886795 2.47561461 22.98040865
v 51.97097275 2.48036914 23.96364153
v 51.95040959 2.46911915 24.93404973
v 51.91516194 2.44446058 25.88531839
v 51.86456843 2.40043627 26.81109879
v 51.79253129 2.33012562 27.69503322
v 51.73225188 2.20579047 28.53979722
v 51.60956954 2.06082587 29.23473424
v 51.81199578 1.77047329 29.93572747
v 52.44686128 17.09298947 14.55108891
v 51.73467498 17.45448756 13.94249246
v 52.18486458 16.86789428 15.24344378
v 51.91546822 16.80137233 15.98388629
v 51.58408044 16.90896869 16.70589126
v 51.13334858 17.20351073 17.33599660
v 51.52953776 17.68950703 17.82199290
v 52.05943239 17.91945560 13.41656387
v 51.77657411 18.35294148 18.14986404
v 52.41918415 18.45015291 12.94955521
v 51.80509654 19.01644793 12.51632349
v 51.90826171 19.15902667 18.34154063
v 52.20428962 19.60230237 12.10212999
v 51.60417358 20.19980683 11.69960453
v 51.96777267 20.06227213 18.43782164
v 52.00115805 20.80351577 11.30273315
v 51.99040947 21.02095642 18.47905602
v 52.39960423 21.40853162 10.90615444
v 51.80115113 22.00659069 10.50430178
v 51.99760694 22.00599806 18.49400323
v 52.20920176 22.61778051 10.11272128
v 51.61272330 23.22407928 9.71841864
v 51.99950510 23.00144463 18.49855547
v 52.01198246 23.86779873 9.36020155
v 51.99991637 24.00028932 18.49971069
v 52.39103830 24.53223418 9.04907961
v 51.85262332 25.26715205 8.64625156
v 51.99998866 25.00004749 18.49995251
v 51.81111861 26.02625583 8.33877743
v 51.25894734 26.59936974 8.07933571
v 51.99999880 26.00000627 18.49999373
v 51.43995850 27.41764959 7.96691101
v 51.99999990 27.00000065 18.49999935
v 51.54882796 28.32904691 7.90928590
v 51.99999999 28.00000006 18.49999995
v 51.59958439 29.29249074 7.88527085
v 52.00000000 29.00000001 18.49999999
v 51.61833982 30.27995758 7.87727958
v 52.00000000 30.00000001 18.50000000
v 51.62382435 31.27646075 7.87517169
v 52.00000000 31.00000001 18.50000000
v 51.62508519 32.27567836 7.87473448
v 52.00000000 32.00000001 18.50000000
v 51.62531104 33.27553977 7.87466390
v 52.00000000 33.00000001 18.50000000
v 51.62534220 34.27552060 7.87465515
v 52.00000000 34.00000001 18.50000000
v 51.62534546 35.27551856 7.87465433
v 52.00000000 35.00000001 18.50000000
v 51.62534571 36.27551840 7.87465428
v 52.00000000 36.00000001 18.50000000
v 51.62534573 37.27551839 7.87465428
v 52.00000000 37.00000001 18.50000000
v 51.62534581 38.27551834 7.87465432
v 52.00000000 38.00000001 18.50000000
v 51.62534682 39.27551779 7.87465487
v 52.00000000 39.00000001 18.50000000
v 51.62535573 40.27551275 7.87465988
v 52.00000000 40.00000001 18.50000000
v 51.62541613 41.27547691 7.87469530
v 52.00000000 41.00000001 18.50000000
v 51.62573710 42.27527361 7.87489397
v 52.00000000 42.00000001 18.50000000
v 51.62708599 43.27433709 7.87579108
v 52.00000000 43.00000001 18.50000000
v 51.63157913 44.27077904 7.87908404
v 52.00000000 44.00000001 18.50000000
v 51.64338994 45.25945845 7.88896639
v 52.00000000 45.00000001 18.50000000
v 51.66759370 46.22869855 7.91329664
v 52.00000000 46.00000001 18.50000000
v 51.70531391 47.15510067 7.96247721
v 52.00000000 47.00000000 18.49999999
v 51.74768200 47.99134689 8.04335303
v 52.00000000 47.99999995 18.49999995
v 51.77720534 48.61695837 8.14398748
v 52.00000000 48.99999936 18.49999935
v 51.45745209 49.21649343 8.25285756
v 52.03566280 49.71353007 8.55368484
v 52.00000000 49.99999374 18.49999373
v 52.36500368 50.55182677 8.90713995
v 52.00000000 50.99995252 18.49995251
v 51.77740722 51.28422406 9.17720731
v 52.17415513 51.90873934 9.55209996
v 52.00000000 51.99971064 18.49971073
v 51.59569805 52.56073889 9.91894932
v 51.99558088 53.16810408 10.31258577
v 52.00000009 52.99855483 18.49855602
v 52.39480122 53.77868923 10.70619674
v 52.00000111 53.99399692 18.49400825
v 51.79765848 54.39653738 11.09910681
v 52.20253201 54.99574905 11.50150103
v 52.00001022 54.97900799 18.47909162
v 51.60545225 55.59519164 11.90422434
v 52.00762999 56.19300671 12.30665503
v 52.00007341 55.93752727 18.43802225
v 52.42119918 56.78527778 12.71443744
v 52.00042158 56.84005986 18.34245410
v 51.86539587 57.35637167 13.14302118
v 52.36034880 57.88566121 13.61143242
v 52.00197266 57.64366040 18.15326217
v 51.92490877 58.35137114 14.13663219
v 52.57554250 58.72882299 14.72927562
v 52.00762911 58.30008801 17.83239786
v 52.32143707 58.98928489 15.38626456
v 52.15820433 59.10143627 16.08107768
v 52.06754230 59.03558796 16.76133460
v 52.02468075 58.77013141 17.36235446
v 52.22385073 0.60941916 19.14332627
v 52.67239017 0.45546502 19.69379767
v 52.98050932 0.16520062 20.32235703
v 53.01809612 -0.17619204 21.15300005
v 53.00168248 -0.36283367 22.05694704
v 52.97344308 -0.44111017 23.00314294
v 52.93662557 -0.45908661 23.96466698
v 52.88540697 -0.44459026 24.92135902
v 52.81394421 -0.40634780 25.86296666
v 52.71063846 -0.34744320 26.77416797
v 52.59294421 -0.24996626 27.66974060
v 52.38652682 -0.16075817 28.43339342
v 52.40070620 0.08608004 29.32727290
v 51.97320033 0.26388039 30.18593544
v 52.18301868 0.67472977 30.50673631
v 52.33159466 1.07455461 19.15955047
v 52.82975275 0.85992696 19.66506042
v 52.22289632 1.12986944 30.52211049
v 52.30183534 1.48981451 19.30032993
v 52.86479602 1.33130423 19.77107612
v 52.20146857 1.48032967 30.32435039
v 52.48299666 1.59534419 29.95006259
v 52.59396443 1.31509307 30.20139170
v 52.70827730 1.79924589 20.05710691
v 52.87529337 2.16031888 21.01671792
v 52.93726277 2.35701752 21.98979623
v 52.95406588 2.43856865 22.96597880
v 52.94379302 2.45704770 23.93450437
v 52.91142662 2.44245761 24.88515917
v 52.85767159 2.40433326 25.81074704
v 52.77220223 2.34540133 26.69727893
v 52.67741043 2.24606859 27.55552940
v 52.48296915 2.14731866 28.29757590
v 52.54402497 1.86320978 29.18339996
v 53.44686286 17.09299100 14.55108930
v 52.73467706 17.45448960 13.94249308
v 53.18486474 16.86789443 15.24344381
v 52.91546823 16.80137234 15.98388629
v 52.58408044 16.90896869 16.70589126
v 52.13334858 17.20351073 17.33599660
v 52.52953776 17.68950703 17.82199290
v 53.05944771 17.91947170 13.41657000
v 52.77657411 18.35294148 18.14986404
v 53.41927143 18.45025335 12.94960184
v 52.80522957 19.01659434 12.51638969
v 52.90826170 19.15902667 18.34154063
v 53.20485584 19.60301140 12.10250031
v 52.60489474 20.20075000 11.70006674
v 52.96777265 20.06227214 18.43782164
v 53.00322038 20.80698699 11.30467075
v 52.99040945 21.02095644 18.47905601
v 53.40360903 21.41897098 10.91271351
v 52.80406180 22.01762614 10.51211718
v 52.99760691 22.00599811 18.49400321
v 53.20979138 22.64388160 10.13456548
v 52.61339315 23.25382635 9.74484719
v 52.99950506 23.00144469 18.49855544
v 52.99644633 23.93056471 9.41794300
v 52.99991632 24.00028939 18.49971065
v 53.26912741 24.62257594 9.14606495
v 52.73420545 25.10863937 8.85269411
v 52.99998862 25.00004757 18.49995247
v 52.08940700 26.68737244 8.23704438
v 52.65117214 25.89057787 8.58748727
v 52.99999875 26.00000636 18.49999368
v 52.26197932 27.55993092 8.15880437
v 52.91245701 26.83263548 8.46502510
v 52.99999985 27.00000074 18.49999930
v 52.34834604 28.50411722 8.12083614
v 53.03986851 27.77225479 8.40837657
v 52.99999994 28.00000014 18.49999990
v 52.38361716 29.48267305 8.10655771
v 53.09617825 28.74301239 8.38561461
v 52.99999995 29.00000009 18.49999995
v 52.39517115 30.47591200 8.10231523
v 53.11664325 29.73234791 8.37817633
v 52.99999995 30.00000009 18.49999995
v 52.39816919 31.47419762 8.10132218
v 53.12258684 30.72927809 8.37624043
v 52.99999995 31.00000009 18.49999995
v 52.39877914 32.47385218 8.10114054
v 53.12394749 31.72857849 8.37584408
v 52.99999995 32.00000009 18.49999995
v 52.39887538 33.47379752 8.10111487
v 53.12419032 32.72845310 8.37578100
v 52.99999995 33.00000009 18.49999995
v 52.39888699 34.47379083 8.10111212
v 53.12422368 33.72843562 8.37577331
v 52.99999995 34.00000009 18.49999995
v 52.39888804 35.47379021 8.10111190
v 53.12422716 34.72843376 8.37577261
v 52.99999995 35.00000009 18.49999995
v 52.39888811 36.47379016 8.10111188
v 53.12422742 35.72843361 8.37577256
v 52.99999995 36.00000009 18.49999995
v 52.39888812 37.47379016 8.10111188
v 53.12422744 36.72843360 8.37577256
v 52.99999995 37.00000009 18.49999995
v 52.39888821 38.47379011 8.10111193
v 53.12422744 37.72843360 8.37577256
v 52.99999995 38.00000009 18.49999995
v 52.39888919 39.47378957 8.10111248
v 53.12422752 38.72843356 8.37577261
v 52.99999995 39.00000009 18.49999995
v 52.39889764 40.47378459 8.10111745
v 53.12422840 39.72843305 8.37577315
v 52.99999995 40.00000009 18.49999995
v 52.39895293 41.47374951 8.10115239
v 53.12423552 40.72842854 8.37577804
v 52.99999995 41.00000009 18.49999995
v 52.39923035 42.47355311 8.10134640
v 53.12427768 41.72839812 8.37581200
v 52.99999995 42.00000009 18.49999995
v 52.40029829 43.47266441 8.10220983
v 53.12445896 42.72823753 8.37599752
v 52.99999995 43.00000009 18.49999995
v 52.40339301 44.46936724 8.10531726
v 53.12499067 43.72756590 8.37680703
v 52.99999995 44.00000009 18.49999995
v 52.40973854 45.45918908 8.11441658
v 53.12577559 44.72532897 8.37966309
v 52.99999995 45.00000009 18.49999995
v 52.41675334 46.43256381 8.13619824
v 53.12432006 45.71946208 8.38792478
v 52.99999995 46.00000009 18.49999995
v 52.40896952 47.37185024 8.17889115
v 53.11016598 46.70827431 8.40796028
v 52.99999995 47.00000009 18.49999995
v 52.34140080 48.24343657 8.24594824
v 53.05338619 47.70166949 8.45055085
v 52.99999995 48.00000004 18.49999990
v 52.10853519 48.93305370 8.31357422
v 52.86929226 48.79377672 8.53895845
v 52.99999995 48.99999944 18.49999930
v 53.00836434 49.78239218 8.78824317
v 52.99999995 49.99999382 18.49999368
v 53.22040364 50.54778994 9.04027822
v 52.99999995 50.99995260 18.49995247
v 52.71358719 51.22695461 9.23998833
v 53.13919470 51.81138040 9.59546591
v 52.99999995 51.99971073 18.49971068
v 52.58565608 52.51345947 9.93825416
v 52.99223080 53.12851695 10.32887393
v 53.00000004 52.99855491 18.49855597
v 53.39326801 53.75003449 10.71929978
v 53.00000106 53.99399701 18.49400820
v 52.79741668 54.38676467 11.10294562
v 53.20236479 54.98940426 11.50408327
v 53.00001017 54.97900808 18.47909157
v 52.60542446 55.59358560 11.90478113
v 53.00755850 56.19202737 12.30697668
v 53.00007336 55.93752735 18.43802221
v 53.42112905 56.78462753 12.71461905
v 53.00042154 56.84005995 18.34245406
v 52.86538659 57.35625211 13.14304785
v 53.36034494 57.88558433 13.61144751
v 53.00197261 57.64366049 18.15326212
v 52.92490850 58.35136112 14.13663380
v 53.57554252 58.72881761 14.72927646
v 53.00762906 58.30008810 17.83239781
v 53.32143704 58.98928447 15.38626457
v 53.15820428 59.10143632 16.08107764
v 53.06754225 59.03558805 16.76133455
v 53.02468070 58.77013150 17.36235441
v 53.30442782 0.61854949 20.16847853
v 53.78283306 0.41910044 20.67233126
v 54.06138240 0.10361813 21.30924632
v 54.00466548 -0.21911394 22.13461034
v 53.95385000 -0.36834000 23.02814520
v 53.89045506 -0.41504938 23.95472265
v 53.80817567 -0.40074136 24.88200911
v 53.69443802 -0.34921174 25.78405852
v 53.56056724 -0.25326851 26.67553748
v 53.32549002 -0.16182907 27.45630224
v 53.26861391 0.11332219 28.46098613
v 53.05062982 0.48800019 29.48156571
v 53.63771196 0.63964087 29.00626783
v 52.54021217 0.45265676 30.00129138
v 53.45354513 1.09796638 20.21150344
v 54.00057327 0.83035412 20.64165110
v 53.28793794 0.89316106 29.55682152
v 53.64149058 1.12037294 29.15091839
v 52.76325166 0.89713653 30.08015445
v 53.42754525 1.52516241 20.37154193
v 54.17419827 1.36289206 20.84486592
v 53.01690689 1.34128123 29.67536819
v 53.39010364 1.54588921 29.03595811
v 53.83091281 1.86613890 21.10783908
v 53.88429285 2.20919265 22.01537808
v 53.90618117 2.36368217 22.95092035
v 53.89289609 2.41053205 23.89040513
v 53.84874756 2.39483672 24.81245011
v 53.76597397 2.34299181 25.69732423
v 53.66540453 2.24798542 26.55516503
v 53.45239229 2.15799265 27.30366459
v 53.46972587 1.88347322 28.21422261
v 54.44687237 17.09300078 14.55109215
v 53.73468850 17.45450162 13.94249714
v 54.18486593 16.86789569 15.24344407
v 53.91546832 16.80137248 15.98388630
v 53.58408043 16.90896871 16.70589126
v 53.13334857 17.20351074 17.33599660
v 53.52953775 17.68950704 17.82199290
v 54.05951136 17.91954664 13.41660199
v 53.77657407 18.35294152 18.14986403
v 54.41954645 18.45062930 12.94979961
v 53.80561566 19.01709681 12.51666692
v 53.90826161 19.15902679 18.34154059
v 54.20617165 19.60505136 12.10380655
v 53.60672874 20.20353029 11.70170351
v 53.96777247 20.06227238 18.43782155
v 54.00766391 20.81598360 11.31044202
v 53.99040915 21.02095686 18.47905583
v 54.41119023 21.44361091 10.92901255
v 53.80684057 22.04302970 10.53036972
v 53.99760649 22.00599872 18.49400291
v 54.19389357 22.68961411 10.17794153
v 53.60832918 23.31094484 9.79558837
v 53.99950455 23.00144548 18.49855502
v 54.02196721 24.09086529 9.50911200
v 53.99991576 24.00029030 18.49971014
v 53.95627973 24.84725358 9.22572442
v 53.41680573 25.33816728 8.93800730
v 53.99998803 25.00004855 18.49995191
v 53.56227546 26.15978394 8.80138462
v 53.99999815 26.00000736 18.49999310
v 53.70074437 27.08130250 8.72906847
v 53.99999926 27.00000175 18.49999871
v 53.77464387 28.04408420 8.69736726
v 53.99999935 28.00000115 18.49999930
v 53.80508176 29.02931433 8.68601473
v 53.99999935 29.00000111 18.49999935
v 53.81499670 30.02459609 8.68275265
v 53.99999935 30.00000110 18.49999935
v 53.81754160 31.02339554 8.68201065
v 53.99999935 31.00000110 18.49999935
v 53.81805205 32.02315436 8.68187870
v 53.99999935 32.00000110 18.49999935
v 53.81813120 33.02311653 8.68186061
v 53.99999935 33.00000110 18.49999935
v 53.81814054 34.02311196 8.68185873
v 53.99999935 34.00000110 18.49999935
v 53.81814137 35.02311155 8.68185859
v 53.99999935 35.00000110 18.49999935
v 53.81814142 36.02311152 8.68185858
v 53.99999935 36.00000110 18.49999935
v 53.81814142 37.02311152 8.68185858
v 53.99999935 37.00000110 18.49999935
v 53.81814143 38.02311152 8.68185858
v 53.99999935 38.00000110 18.49999935
v 53.81814149 39.02311148 8.68185862
v 53.99999935 39.00000110 18.49999935
v 53.81814211 40.02311111 8.68185916
v 53.99999935 40.00000110 18.49999935
v 53.81814629 41.02310815 8.68186392
v 53.99999935 41.00000110 18.49999935
v 53.81816400 42.02309104 8.68189637
v 53.99999935 42.00000110 18.49999935
v 53.81819329 43.02301870 8.68207009
v 53.99999935 43.00000110 18.49999935
v 53.81801390 44.02280718 8.68281495
v 53.99999935 44.00000110 18.49999935
v 53.81630029 45.02248649 8.68542669
v 53.99999935 45.00000110 18.49999935
v 53.80844185 46.02306322 8.69312695
v 53.99999935 46.00000110 18.49999935
v 53.78411147 47.02908582 8.71297351
v 53.99999935 47.00000110 18.49999935
v 53.73353462 48.05097455 8.75979456
v 53.99999935 48.00000105 18.49999930
v 53.72275623 49.04770755 8.86276595
v 53.99999935 49.00000046 18.49999870
v 53.78041563 49.92106315 9.01483339
v 53.99999935 49.99999484 18.49999308
v 53.83985004 50.54360434 9.16815458
v 53.99999935 50.99995362 18.49995187
v 53.55677766 51.11336160 9.31707128
v 54.16581634 51.55842537 9.66394054
v 53.99999936 51.99971174 18.49971009
v 53.57918056 52.41775096 9.97822091
v 53.98524636 53.06288330 10.36535355
v 53.99999944 52.99855593 18.49855538
v 54.39078907 53.69766508 10.74720493
v 54.00000046 53.99399802 18.49400760
v 53.79672813 54.36657216 11.11245025
v 54.20106489 54.97621358 11.51055415
v 54.00000958 54.97900909 18.47909097
v 53.60506576 55.58957406 11.90639883
v 54.00715212 56.18926659 12.30794746
v 54.00007276 55.93752836 18.43802161
v 54.42088033 56.78255664 12.71522037
v 54.00042094 56.84006096 18.34245346
v 53.86535031 57.35579974 13.14315572
v 54.36033618 57.88528823 13.61151551
v 54.00197202 57.64366150 18.15326152
v 53.92490816 58.35131528 14.13664270
v 54.57554252 58.72879320 14.72928088
v 54.00762846 58.30008911 17.83239722
v 54.32143647 58.98928243 15.38626440
v 54.15820364 59.10143693 16.08107706
v 54.06754163 59.03558898 16.76133396
v 54.02468009 58.77013249 17.36235382
v 55.06000892 0.32192018 21.71991815
v 54.48253899 0.53786505 21.10758163
v 54.98130400 -0.01449012 22.28885840
v 54.91250449 -0.23871555 23.08609059
v 54.81954211 -0.33033992 23.95995339
v 54.68709533 -0.33056950 24.83570844
v 54.53928498 -0.25524167 25.70648156
v 54.29530194 -0.16788934 26.47087843
v 54.21883528 0.10571990 27.46492274
v 54.03624429 0.44682720 28.36646040
v 54.58397316 0.62347384 27.98174579
v 54.68907185 0.99703378 21.09077981
v 54.14508308 0.88118059 28.60357970
v 54.59170218 1.11667014 28.12447421
v 54.87280133 1.36440850 21.26499071
v 53.99289703 1.37037990 28.59164357
v 54.35522964 1.55115374 28.00994805
v 54.78878924 1.68123361 21.49158226
v 54.79402856 2.00926742 22.10558818
v 54.81495457 2.23378115 22.94637465
v 54.80031971 2.32356838 23.83401985
v 54.73838496 2.31860252 24.70644923
v 54.65130216 2.23879286 25.55856585
v 54.44200575 2.15355661 26.30342965
v 54.44855264 1.88161202 27.21079294
v 55.44691781 17.09305237 14.55110933
v 54.73474320 17.45456322 13.94252005
v 55.18487239 16.86790419 15.24344605
v 54.91546867 16.80137387 15.98388643
v 54.58408031 16.90896899 16.70589124
v 54.13334852 17.20351080 17.33599659
v 54.52953754 17.68950727 17.82199284
v 55.05974797 17.91985817 13.41674598
v 54.77657350 18.35294218 18.14986384
v 55.42031813 18.45190909 12.95052309
v 54.80653260 19.01863571 12.51764196
v 54.90826033 19.15902832 18.34154003
v 55.20844164 19.61023425 12.10768175
v 54.61012170 20.21032792 11.70663158
v 54.96777018 20.06227529 18.43782030
v 55.01424731 20.83493798 11.32544349
v 54.99040572 21.02096149 18.47905357
v 55.42373817 21.49105479 10.96577858
v 54.81123115 22.10106040 10.56704289
v 54.99760207 22.00600504 18.49399950
v 55.12455439 22.78010095 10.24558043
v 54.55018212 23.35705976 9.89110035
v 54.99949946 23.00145312 18.49855061
v 54.87546062 23.94700389 9.73218553
v 54.99991033 24.00029875 18.49970505
v 54.19699330 25.52433997 9.13755054
v 54.77145167 24.75471111 9.49796396
v 54.99998246 25.00005738 18.49994647
v 54.34975922 26.41417401 9.06359105
v 54.98928665 25.73639864 9.40488645
v 54.99999254 26.00001634 18.49998753
v 54.43653935 27.36796400 9.02582423
v 55.09243966 26.69849686 9.36093965
v 54.99999364 27.00001077 18.49999310
v 54.47597869 28.34929393 9.01082181
v 55.13974336 27.67906212 9.34279261
v 54.99999373 28.00001018 18.49999368
v 54.49023594 29.34287896 9.00606777
v 55.15804522 28.67158554 9.33662550
v 54.99999373 29.00001014 18.49999373
v 54.49431070 30.34108590 9.00487152
v 55.16376561 29.66928086 9.33493634
v 54.99999373 30.00001013 18.49999373
v 54.49522376 31.34068621 9.00463500
v 55.16518242 30.66871242 9.33456902
v 54.99999373 31.00001013 18.49999373
v 54.49538250 32.34061619 9.00459873
v 55.16545661 31.66860155 9.33450655
v 54.99999373 32.00001013 18.49999373
v 54.49540362 33.34060669 9.00459450
v 55.16549747 32.66858471 9.33449838
v 54.99999373 33.00001013 18.49999373
v 54.49540573 34.34060571 9.00459413
v 55.16550208 33.66858275 9.33449758
v 54.99999373 34.00001013 18.49999373
v 54.49540589 35.34060564 9.00459410
v 55.16550246 34.66858258 9.33449752
v 54.99999373 35.00001013 18.49999373
v 54.49540590 36.34060564 9.00459410
v 55.16550248 35.66858257 9.33449752
v 54.99999373 36.00001013 18.49999373
v 54.49540590 37.34060564 9.00459410
v 55.16550248 36.66858257 9.33449752
v 54.99999373 37.00001013 18.49999373
v 54.49540590 38.34060563 9.00459411
v 55.16550248 37.66858257 9.33449752
v 54.99999373 38.00001013 18.49999373
v 54.49540593 39.34060563 9.00459415
v 55.16550248 38.66858257 9.33449752
v 54.99999373 39.00001013 18.49999373
v 54.49540607 40.34060558 9.00459468
v 55.16550245 39.66858261 9.33449756
v 54.99999373 40.00001013 18.49999373
v 54.49540568 41.34060577 9.00459925
v 55.16550198 40.66858306 9.33449808
v 54.99999373 41.00001013 18.49999373
v 54.49539162 42.34061161 9.00462966
v 55.16549679 41.66858728 9.33450235
v 54.99999373 42.00001013 18.49999373
v 54.49526036 43.34066703 9.00478896
v 55.16545677 42.66861706 9.33452985
v 54.99999373 43.00001013 18.49999373
v 54.49450187 44.34100053 9.00546388
v 55.16523295 43.66877624 9.33467034
v 54.99999373 44.00001013 18.49999373
v 54.49143022 45.34243038 9.00784345
v 55.16430848 44.66942073 9.33525853
v 54.99999373 45.00001013 18.49999373
v 54.48247404 46.34686372 9.01503369
v 55.16148480 45.67135230 9.33733421
v 54.99999373 46.00001013 18.49999373
v 54.46461239 47.35567240 9.03403808
v 55.15521343 46.67526023 9.34362200
v 54.99999373 47.00001013 18.49999373
v 54.44685860 48.35704492 9.07744648
v 55.14515837 47.67859525 9.35997481
v 54.99999373 48.00001008 18.49999368
v 54.43568448 49.31501052 9.15559629
v 55.12860645 48.67237155 9.39596772
v 54.99999373 49.00000949 18.49999308
v 54.38987091 50.17782951 9.26528779
v 55.08361049 49.65148586 9.46542218
v 54.99999373 50.00000387 18.49998747
v 54.19087395 50.83952460 9.37148071
v 54.93331955 50.68758375 9.59755283
v 54.99999373 50.99996265 18.49994625
v 55.11367771 51.56158418 9.89239109
v 54.99999374 51.99972077 18.49970447
v 54.55348016 52.31461736 10.06635317
v 54.97198595 52.95422843 10.43061167
v 54.99999382 52.99856496 18.49854976
v 55.39214644 53.61001951 10.80035444
v 54.99999484 53.99400705 18.49400199
v 54.79384700 54.33073830 11.13319950
v 55.19457923 54.95235733 11.52482252
v 55.00000396 54.97901812 18.47908535
v 54.60322918 55.58038169 11.91053456
v 55.00583564 56.18183568 12.31059871
v 55.00006714 55.93753739 18.43801599
v 55.42032787 56.77668093 12.71706927
v 55.00041532 56.84006999 18.34244784
v 54.86526434 57.35431377 13.14355615
v 55.36032637 57.88432811 13.61178239
v 55.00196639 57.64367051 18.15325590
v 54.92490934 58.35114021 14.13668408
v 55.57553818 58.72869881 14.72929815
v 55.00762279 58.30009804 17.83239160
v 55.32143034 58.98927410 15.38626089
v 55.15819737 59.10144215 16.08107149
v 55.06753561 59.03559683 16.76132833
v 55.02467431 58.77014115 17.36234821
v 55.17633936 0.72756016 21.48140487
v 55.63278168 0.55545965 21.91962555
v 55.86654082 0.28550647 22.46973163
v 55.81501462 -0.02773815 23.18185937
v 55.70761726 -0.18267908 23.98251489
v 55.53018346 -0.20310652 24.82469426
v 55.25223135 -0.16437166 25.54839287
v 55.17348747 0.09079847 26.50674247
v 54.99976525 0.43011082 27.36657009
v 55.56497067 0.59570644 26.99328520
v 55.28570994 1.15225187 21.49500462
v 55.74217865 0.92336004 21.85907809
v 55.11740865 0.86465984 27.59041728
v 55.58922817 1.09169564 27.11942974
v 55.29270109 1.48945727 21.63453160
v 55.75925922 1.34012494 21.94212565
v 54.97271971 1.36061703 27.57559043
v 55.35104729 1.53511752 27.00368820
v 55.59250129 1.72500128 22.19666252
v 55.64827680 2.02366433 22.96125071
v 55.62699756 2.17836861 23.76914813
v 55.57439830 2.18595114 24.59058641
v 55.39815578 2.13390607 25.31917588
v 55.42864788 1.86781249 26.21612278
v 56.44708103 17.09327705 14.55119583
v 55.73496089 17.45482996 13.94263114
v 56.18489502 16.86795212 15.24345783
v 55.91546725 16.80138506 15.98388704
v 55.58407819 16.90897215 16.70589091
v 55.13334772 17.20351172 17.33599642
v 55.52953489 17.68951014 17.82199208
v 56.06050858 17.92098613 13.41731162
v 55.77656692 18.35294951 18.14986136
v 56.42221442 18.45580251 12.95284562
v 55.80836384 19.02296690 12.52058797
v 55.90824733 19.15904351 18.34153376
v 56.21119336 19.62251712 12.11748095
v 55.61370192 20.22465499 11.71917121
v 55.96774900 20.06230142 18.43780766
v 56.01398332 20.86587128 11.35912718
v 55.99037650 21.02099965 18.47903272
v 56.39582797 21.52636559 11.04611979
v 55.87277763 22.24253029 10.63336478
v 55.99756674 22.00605369 18.49397051
v 55.85614871 22.96359432 10.31083505
v 55.37175057 23.44931332 10.01586135
v 55.99946055 23.00150901 18.49851539
v 55.54612514 24.18995612 9.86036300
v 55.99986981 24.00035857 18.49966618
v 55.65258999 25.07335968 9.75088260
v 55.99994141 25.00011886 18.49990596
v 55.75111186 26.03139874 9.69872270
v 55.99995135 26.00007835 18.49994647
v 55.80230009 27.01177057 9.67721113
v 55.99995242 27.00007291 18.49995191
v 55.82352751 28.00388665 9.66969285
v 55.99995251 28.00007235 18.49995247
v 55.83067535 29.00128681 9.66752220
v 55.99995251 29.00007230 18.49995251
v 55.83260520 30.00059061 9.66701507
v 55.99995251 30.00007230 18.49995252
v 55.83301660 31.00044130 9.66692100
v 55.99995251 31.00007230 18.49995252
v 55.83308474 32.00041609 9.66690742
v 55.99995251 32.00007230 18.49995252
v 55.83309334 33.00041281 9.66690592
v 55.99995251 33.00007230 18.49995252
v 55.83309415 34.00041249 9.66690580
v 55.99995251 34.00007230 18.49995252
v 55.83309420 35.00041246 9.66690580
v 55.99995251 35.00007230 18.49995252
v 55.83309421 36.00041246 9.66690579
v 55.99995251 36.00007230 18.49995252
v 55.83309421 37.00041246 9.66690579
v 55.99995251 37.00007230 18.49995252
v 55.83309420 38.00041246 9.66690579
v 55.99995251 38.00007230 18.49995252
v 55.83309420 39.00041247 9.66690580
v 55.99995251 39.00007230 18.49995252
v 55.83309411 40.00041255 9.66690584
v 55.99995251 40.00007230 18.49995252
v 55.83309314 41.00041347 9.66690631
v 55.99995251 41.00007230 18.49995252
v 55.83308517 42.00042060 9.66691007
v 55.99995251 42.00007230 18.49995252
v 55.83303703 43.00046224 9.66693328
v 55.99995251 43.00007230 18.49995252
v 55.83282015 44.00064604 9.66704882
v 55.99995251 44.00007230 18.49995252
v 55.83208449 45.00125256 9.66752821
v 55.99995251 45.00007230 18.49995252
v 55.83017363 46.00268811 9.66922748
v 55.99995251 46.00007230 18.49995252
v 55.82609860 47.00483265 9.67443750
v 55.99995251 47.00007230 18.49995251
v 55.81735578 48.00590335 9.68832880
v 55.99995251 48.00007225 18.49995246
v 55.79626493 49.00269562 9.72104375
v 55.99995251 49.00007165 18.49995187
v 55.75180274 49.99102590 9.79029046
v 55.99995251 50.00006603 18.49994625
v 55.73679251 50.90485906 9.91873900
v 55.99995252 51.00002481 18.49990503
v 55.76248901 51.57717757 10.06925286
v 55.99995252 51.99978294 18.49966325
v 55.43600941 52.19486250 10.18732561
v 56.03019831 52.70676525 10.53239508
v 55.99995261 52.99862712 18.49850854
v 56.36374622 53.55041665 10.90160034
v 55.99995362 53.99406922 18.49396077
v 55.77661175 54.28395227 11.17399152
v 56.17444325 54.90844504 11.55170612
v 55.99996274 54.97908029 18.47904414
v 55.59761993 55.55955660 11.91989512
v 56.00320358 56.16329873 12.31734515
v 56.00002592 55.93759956 18.43797477
v 56.41946966 56.76249268 12.72229425
v 56.00037407 56.84013211 18.34240663
v 55.86512625 57.35017827 13.14488566
v 56.36030602 57.88167653 13.61267487
v 56.00192499 57.64373239 18.15321471
v 55.92490879 58.35057033 14.13684333
v 56.57548543 58.72837432 14.72934310
v 56.00758086 58.30015889 17.83235046
v 56.32138126 58.98924085 15.38622705
v 56.15814981 59.10147239 16.08102959
v 56.06749031 59.03564633 16.76128687
v 56.02463111 58.77019876 17.36230708
v 56.14884017 0.69250405 22.30405316
v 56.50568057 0.53023137 22.78297836
v 56.62779862 0.28486195 23.33691482
v 56.50310409 0.04024930 24.01741918
v 56.33379703 -0.01385071 24.78774244
v 56.01424932 0.08569243 25.68376233
v 55.95673071 0.39164679 26.41702954
v 56.52135863 0.52216853 26.02208221
v 56.23173433 1.11675367 22.30573996
v 56.64478654 0.89649299 22.74280287
v 56.12509716 0.81931563 26.59554366
v 56.66877102 1.03921116 26.07727435
v 56.17271124 1.47827983 22.42104479
v 56.63087848 1.31728864 22.80730073
v 55.98917433 1.33104102 26.56867419
v 56.33506349 1.51958886 26.01135612
v 56.38941186 1.70688014 23.01247595
v 56.35691586 1.94518000 23.74472754
v 56.22166917 2.03163861 24.40592301
v 56.30036564 1.84050864 25.26995070
v 57.44747819 17.09410199 14.55155849
v 56.73564813 17.45579351 13.94309278
v 57.18491937 16.86818497 15.24351400
v 56.91543218 16.80146082 15.98388807
v 56.58405509 16.90900007 16.70588697
v 56.13333857 17.20352152 17.33599426
v 56.52950911 17.68953713 17.82198385
v 57.06252766 17.92447429 13.41924937
v 56.77651031 18.35301042 18.14983770
v 57.42616721 18.46624442 12.95940100
v 56.81126016 19.03400498 12.52840650
v 56.90814644 19.15915686 18.34148031
v 57.21173160 19.64864997 12.13935232
v 56.61416284 20.25461721 11.74581619
v 56.96759895 20.06247895 18.43771021
v 56.99751215 20.92955978 11.41759004
v 56.99018426 21.02123960 18.47888545
v 57.27113495 21.61965428 11.14485544
v 56.74124478 22.09836110 10.84811658
v 56.99734658 22.00634188 18.49377991
v 56.13978478 23.59447003 10.19543172
v 56.66847383 22.86114924 10.57464806
v 56.99922620 23.00182671 18.49829593
v 56.31458915 24.44012062 10.09477050
v 56.93354065 23.78741634 10.44317849
v 56.99962998 24.00069045 18.49943204
v 56.41270751 25.37257708 10.03747259
v 57.06479867 24.71756111 10.37755699
v 56.99969998 25.00045603 18.49966618
v 56.46567092 26.34666669 10.01246467
v 57.12732264 25.68408380 10.34835901
v 56.99970958 26.00041703 18.49970505
v 56.48875874 27.33736513 10.00350061
v 57.15372604 26.67173407 10.33760417
v 56.99971060 27.00041192 18.49971014
v 56.49694720 28.33441359 10.00083979
v 57.16310005 27.66793445 10.33434698
v 56.99971068 28.00041140 18.49971065
v 56.49930256 29.33361570 10.00019147
v 57.16585076 28.66694615 10.33353714
v 56.99971068 29.00041136 18.49971069
v 56.49984506 30.33343677 10.00006382
v 57.16650953 29.66672951 10.33337291
v 56.99971068 30.00041136 18.49971069
v 56.49994341 31.33340432 10.00004390
v 57.16663616 30.66669001 10.33334612
v 56.99971068 31.00041136 18.49971069
v 56.49995717 32.33339968 10.00004150
v 57.16665529 31.66668416 10.33334267
v 56.99971068 32.00041136 18.49971069
v 56.49995861 33.33339917 10.00004128
v 57.16665750 32.66668347 10.33334233
v 56.99971068 33.00041136 18.49971069
v 56.49995873 34.33339913 10.00004127
v 57.16665768 33.66668341 10.33334231
v 56.99971068 34.00041136 18.49971069
v 56.49995873 35.33339913 10.00004127
v 57.16665770 34.66668341 10.33334230
v 56.99971068 35.00041136 18.49971069
v 56.49995873 36.33339913 10.00004127
v 57.16665770 35.66668341 10.33334230
v 56.99971068 36.00041136 18.49971069
v 56.49995873 37.33339913 10.00004127
v 57.16665770 36.66668341 10.33334230
v 56.99971068 37.00041136 18.49971069
v 56.49995873 38.33339913 10.00004127
v 57.16665770 37.66668341 10.33334230
v 56.99971068 38.00041136 18.49971069
v 56.49995872 39.33339914 10.00004127
v 57.16665770 38.66668341 10.33334230
v 56.99971068 39.00041136 18.49971069
v 56.49995860 40.33339926 10.00004131
v 57.16665769 39.66668342 10.33334231
v 56.99971068 40.00041136 18.49971069
v 56.49995749 41.33340036 10.00004171
v 57.16665757 40.66668353 10.33334234
v 56.99971068 41.00041136 18.49971069
v 56.49994979 42.33340778 10.00004470
v 57.16665666 41.66668447 10.33334263
v 56.99971068 42.00041136 18.49971069
v 56.49991030 43.33344527 10.00006254
v 57.16665114 42.66669011 10.33334476
v 56.99971068 43.00041136 18.49971069
v 56.49975582 44.33358838 10.00015067
v 57.16662542 43.66671581 10.33335752
v 56.99971068 44.00041136 18.49971069
v 56.49927463 45.33399984 10.00052305
v 57.16652693 44.66680772 10.33342304
v 56.99971068 45.00041136 18.49971069
v 56.49797132 46.33487733 10.00189394
v 57.16618790 45.66707381 10.33371704
v 56.99971068 46.00041136 18.49971069
v 56.49451130 47.33620383 10.00630888
v 57.16506224 46.66771606 10.33486519
v 56.99971068 47.00041136 18.49971069
v 56.48536011 48.33716554 10.01869456
v 57.16150206 47.66899121 10.33870876
v 56.99971068 48.00041131 18.49971064
v 56.46398770 49.33375887 10.04853745
v 57.15134780 48.67080922 10.34955975
v 56.99971068 49.00041071 18.49971004
v 56.42516159 50.30686262 10.10813677
v 57.12537403 49.67209636 10.37513211
v 56.99971068 50.00040509 18.49970442
v 56.34072664 51.20898961 10.19727713
v 57.05856124 50.67960754 10.42608592
v 56.99971068 51.00036387 18.49966321
v 56.10231513 51.91439860 10.27656801
v 56.86888906 51.78336366 10.52278217
v 56.99971069 52.00012200 18.49942142
v 57.00761844 52.77969389 10.78235534
v 56.99971077 52.99896619 18.49826671
v 57.22019749 53.54720088 11.03871697
v 56.99971179 53.99440828 18.49371894
v 56.71342913 54.22664861 11.23881658
v 57.13957829 54.81109288 11.59549616
v 56.99972090 54.97941934 18.47880231
v 56.58761197 55.51225407 11.93934991
v 56.99985313 56.12371078 12.33365509
v 56.99978402 55.93793852 18.43773296
v 57.41792080 56.73384057 12.73539709
v 57.00013177 56.84047048 18.34216487
v 56.86487463 57.34040439 13.14871986
v 57.36007803 57.87531702 13.61521537
v 57.00168101 57.64406791 18.15297318
v 56.92482765 58.34895048 14.13735093
v 57.57511378 58.72733513 14.72937977
v 57.00733190 58.30048408 17.83210938
v 57.32107879 58.98908571 15.38600243
v 57.15786331 59.10158897 16.08077890
v 57.06721691 59.03588126 16.76104233
v 57.02437189 58.77049546 17.36206585
v 56.95571216 0.67782116 23.22832595
v 57.16903955 0.52837531 23.70514928
v 57.10118529 0.31737569 24.09741722
v 56.98789000 0.21755868 24.69117973
v 56.79103016 0.28991520 25.36949974
v 57.05911284 0.67993484 25.65032490
v 57.03161462 1.09687973 23.23181425
v 57.30504351 0.88396120 23.71332528
v 57.15717514 1.01749738 25.64482709
v 57.31509970 1.16590225 25.25370859
v 57.35994646 0.83337397 25.34410183
v 56.92761845 1.45135788 23.29314868
v 57.24872972 1.29744361 23.73263515
v 56.89470050 1.37387457 25.61773065
v 57.04340509 1.52295071 25.11243425
v 56.93383140 1.64803175 23.74864157
v 56.87473583 1.73128054 24.48499446
v 58.44783901 17.09674076 14.55283534
v 57.73725507 17.45869587 13.94473061
v 58.18463933 16.86918122 15.24373227
v 57.91512265 16.80188954 15.98387746
v 57.58387293 16.90919310 16.70585334
v 57.13326045 17.20360060 17.33597406
v 57.52931695 17.68972937 17.82191644
v 58.06669951 17.93356163 13.42503310
v 57.77613329 18.35339644 18.14966495
v 58.43343989 18.49088736 12.97569752
v 57.81396922 19.05937916 12.54663575
v 57.90753765 19.15980509 18.34112827
v 58.19573309 19.69434484 12.18269476
v 57.60889507 20.31192050 11.79668159
v 57.96676600 20.06340982 18.43712527
v 58.02239540 21.09050485 11.50910170
v 57.98918435 21.02241385 18.47806947
v 57.95731084 21.84545148 11.22504529
v 57.42094003 22.33088411 10.93500828
v 57.99625119 22.00768324 18.49278900
v 57.56880922 23.14626669 10.79535381
v 57.99808904 23.00325901 18.49720407
v 57.70891945 24.06286774 10.71970585
v 57.99847891 24.00216158 18.49829593
v 57.78476572 25.02286607 10.68517134
v 57.99854542 25.00194000 18.49851539
v 57.81739697 26.00688971 10.67204355
v 57.99855437 26.00190423 18.49855061
v 57.82896328 27.00172057 10.66795535
v 57.99855530 27.00189973 18.49855502
v 57.83234069 28.00035701 10.66691862
v 57.99855537 28.00189930 18.49855544
v 57.83314980 29.00006214 10.66670525
v 57.99855537 29.00189927 18.49855547
v 57.83330748 30.00000977 10.66666982
v 57.99855537 30.00189926 18.49855547
v 57.83333209 31.00000217 10.66666513
v 57.99855537 31.00189926 18.49855547
v 57.83333509 32.00000129 10.66666465
v 57.99855537 32.00189926 18.49855547
v 57.83333537 33.00000121 10.66666461
v 57.99855537 33.00189926 18.49855547
v 57.83333539 34.00000120 10.66666461
v 57.99855537 34.00189926 18.49855547
v 57.83333539 35.00000120 10.66666461
v 57.99855537 35.00189926 18.49855547
v 57.83333539 36.00000120 10.66666461
v 57.99855537 36.00189926 18.49855547
v 57.83333539 37.00000120 10.66666461
v 57.99855537 37.00189926 18.49855547
v 57.83333539 38.00000120 10.66666461
v 57.99855537 38.00189926 18.49855547
v 57.83333539 39.00000120 10.66666461
v 57.99855537 39.00189926 18.49855547
v 57.83333538 40.00000121 10.66666461
v 57.99855537 40.00189926 18.49855547
v 57.83333530 41.00000129 10.66666463
v 57.99855537 41.00189926 18.49855547
v 57.83333472 42.00000192 10.66666483
v 57.99855537 42.00189926 18.49855547
v 57.83333137 43.00000543 10.66666626
v 57.99855537 43.00189926 18.49855547
v 57.83331513 44.00002151 10.66667540
v 57.99855537 44.00189926 18.49855547
v 57.83324297 45.00008430 10.66672622
v 57.99855537 45.00189926 18.49855547
v 57.83294014 46.00030071 10.66696899
v 57.99855537 46.00189926 18.49855547
v 57.83177665 47.00096047 10.66794595
v 57.99855537 47.00189926 18.49855547
v 57.82785083 48.00273287 10.67122487
v 57.99855537 48.00189921 18.49855542
v 57.81645136 49.00710311 10.68045552
v 57.99855537 49.00189862 18.49855483
v 57.78826340 50.01813902 10.70289765
v 57.99855537 50.00189300 18.49854921
v 57.73486344 51.04488445 10.75287201
v 57.99855537 51.00185178 18.49850799
v 57.72286691 52.04518289 10.85908261
v 57.99855538 52.00160990 18.49826621
v 57.78035253 52.92035669 11.01353204
v 57.99855546 53.00045409 18.49711150
v 57.83983053 53.54341811 11.16776345
v 57.99855647 53.99589617 18.49256373
v 57.55680403 54.11321520 11.31677913
v 58.16616276 54.55820095 11.66410790
v 57.99856547 54.98090709 18.47764711
v 57.58113702 55.41655345 11.97938493
v 57.99283321 56.05809148 12.37014399
v 57.99862781 55.93942521 18.43657788
v 58.41532326 56.68149923 12.76330118
v 57.99897162 56.84195125 18.34101037
v 57.86411049 57.32020937 13.15819856
v 58.35840346 57.86205874 13.62149292
v 58.00050670 57.64552395 18.15182053
v 57.92414411 58.34483928 14.13870550
v 58.57324145 58.72411703 14.72906039
v 58.00612164 58.30186174 17.83095986
v 58.31960252 58.98829841 15.38487607
v 58.15646961 59.10182567 16.07956772
v 58.06587474 59.03670503 16.75986946
v 58.02309934 58.77168245 17.36091473
v 57.41122148 0.66455633 24.20198968
v 57.35412086 0.47412236 24.60633456
v 57.27460983 0.52175365 25.11878706
v 57.44822076 1.08944694 24.23823492
v 57.46770442 0.85588915 24.81228255
v 57.27269293 1.45610265 24.19698489
v 57.34369564 1.32849931 24.71287965
v 59.44581871 17.10437225 14.55666932
v 58.73945272 17.46606753 13.94970214
v 59.18232428 16.87293517 15.24445142
v 58.91329596 16.80389014 15.98377153
v 58.58278030 16.91024257 16.70564030
v 58.13274591 17.20409114 17.33583026
v 58.52819789 17.69078354 17.82148995
v 59.07193406 17.95291654 13.44018318
v 58.77415881 18.35528673 18.14868018
v 59.44453994 18.53838483 13.01262941
v 58.81796294 19.11718883 12.58316323
v 58.90463107 19.16268409 18.33930428
v 59.12602150 19.78452605 12.25012250
v 58.55058142 20.35811417 11.89222573
v 58.96308039 20.06722886 18.43434458
v 58.87556430 20.94713933 11.73243685
v 58.98500014 21.02695282 18.47446271
v 58.19854594 22.52113320 11.13623439
v 58.77170998 21.75419540 11.49782959
v 58.99182261 22.01266417 18.48864194
v 58.35192948 23.40921680 11.06130171
v 58.98970005 22.73536444 11.40449141
v 58.99356873 23.00845511 18.49278902
v 58.43929529 24.36174397 11.02257395
v 59.09301081 23.69704920 11.36028865
v 58.99393228 24.00743962 18.49377993
v 58.47938583 25.34241199 11.00685900
v 59.14047802 24.67735258 11.34192380
v 58.99399305 25.00724208 18.49397051
v 58.49422935 26.33572956 11.00171076
v 59.15894065 25.66975141 11.33561508
v 58.99400106 26.00721167 18.49399950
v 58.49867270 27.33384602 11.00035074
v 59.16478206 26.66740106 11.33385667
v 58.99400187 27.00720805 18.49400291
v 58.49974723 28.33341846 11.00006236
v 59.16626369 27.66681896 11.33346386
v 58.99400194 28.00720772 18.49400321
v 58.49995663 29.33334071 11.00001355
v 59.16656246 28.66670451 11.33339430
v 58.99400194 29.00720770 18.49400323
v 58.49998930 30.33332944 11.00000701
v 59.16660998 29.66668683 11.33338464
v 58.99400194 30.00720770 18.49400323
v 58.49999332 31.33332815 11.00000633
v 59.16661587 30.66668471 11.33338361
v 58.99400194 31.00720770 18.49400323
v 58.49999370 32.33332803 11.00000627
v 59.16661643 31.66668452 11.33338352
v 58.99400194 32.00720770 18.49400323
v 58.49999373 33.33332802 11.00000627
v 59.16661647 32.66668451 11.33338352
v 58.99400194 33.00720770 18.49400323
v 58.49999373 34.33332802 11.00000627
v 59.16661648 33.66668451 11.33338352
v 58.99400194 34.00720770 18.49400323
v 58.49999373 35.33332802 11.00000627
v 59.16661648 34.66668451 11.33338352
v 58.99400194 35.00720770 18.49400323
v 58.49999373 36.33332802 11.00000627
v 59.16661648 35.66668451 11.33338352
v 58.99400194 36.00720770 18.49400323
v 58.49999373 37.33332802 11.00000627
v 59.16661648 36.66668451 11.33338352
v 58.99400194 37.00720770 18.49400323
v 58.49999373 38.33332802 11.00000627
v 59.16661648 37.66668451 11.33338352
v 58.99400194 38.00720770 18.49400323
v 58.49999373 39.33332802 11.00000627
v 59.16661648 38.66668451 11.33338352
v 58.99400194 39.00720770 18.49400323
v 58.49999373 40.33332803 11.00000627
v 59.16661648 39.66668451 11.33338352
v 58.99400194 40.00720770 18.49400323
v 58.49999368 41.33332808 11.00000628
v 59.16661647 40.66668451 11.33338352
v 58.99400194 41.00720770 18.49400323
v 58.49999335 42.33332844 11.00000640
v 59.16661645 41.66668454 11.33338353
v 58.99400194 42.00720770 18.49400323
v 58.49999122 43.33333064 11.00000740
v 59.16661623 42.66668477 11.33338361
v 58.99400194 43.00720770 18.49400323
v 58.49997876 44.33334230 11.00001439
v 59.16661452 43.66668646 11.33338436
v 58.99400194 44.00720770 18.49400323
v 58.49991242 45.33339712 11.00005576
v 59.16660295 44.66669702 11.33338997
v 58.99400194 45.00720770 18.49400323
v 58.49960368 46.33362159 11.00025763
v 59.16653782 45.66675217 11.33342351
v 58.99400194 46.00720770 18.49400323
v 58.49839160 47.33441039 11.00106901
v 59.16624038 46.66698902 11.33358585
v 58.99400194 47.00720770 18.49400323
v 58.49447837 48.33676777 11.00379220
v 59.16515835 47.66781251 11.33423533
v 58.99400194 48.00720765 18.49400318
v 58.48441617 49.34260488 11.01163293
v 59.16209120 48.67005266 11.33644079
v 58.99400194 49.00720705 18.49400258
v 58.46553723 50.35299146 11.03154526
v 59.15554955 49.67435911 11.34293362
v 58.99400194 50.00720144 18.49399696
v 58.44714808 51.35569808 11.07593474
v 59.14528100 50.67808254 11.35953230
v 58.99400194 51.00716022 18.49395575
v 58.43572810 52.31450288 11.15490233
v 59.12861250 51.67214481 11.39575197
v 58.99400194 52.00691834 18.49371396
v 58.38987247 53.17768559 11.26506048
v 59.08357926 52.65141286 11.46536352
v 58.99400202 53.00576251 18.49255926
v 58.19090796 53.83945465 11.37140607
v 58.93333684 53.68754139 11.59759133
v 58.99400289 54.00120442 18.48801151
v 59.11401357 54.56136433 11.89267139
v 58.99401072 54.98621388 18.47309506
v 58.55538075 55.31344838 12.06754728
v 58.97928509 55.94955839 12.43543501
v 58.99406617 55.94472268 18.43202682
v 59.41601658 56.59404757 12.81655405
v 58.99438039 56.84720420 18.33646359
v 58.86077970 57.28439983 13.17887031
v 59.35004816 57.83804736 13.63513680
v 58.99582368 57.65061454 18.14728628
v 58.92068419 58.33517875 14.14176871
v 59.56595877 58.71457108 14.72711759
v 59.00123859 58.30649669 17.82644593
v 59.31375684 58.98474410 15.38046893
v 59.15092467 59.10150435 16.07480686
v 59.06045736 59.03869017 16.75525280
v 59.01792807 58.77533057 17.35639612
v 60.43305467 17.12470962 14.56674502
v 59.73800826 17.48256420 13.96263923
v 60.17157608 16.88519432 15.24658419
v 59.90518501 16.81152814 15.98325891
v 59.57764467 16.91475567 16.70461546
v 59.13008140 17.20645804 17.33503905
v 59.52302931 17.69527880 17.81937300
v 60.06629379 17.98537023 13.47492098
v 59.76591268 18.36250052 18.14423080
v 60.41160287 18.57487016 13.09496550
v 59.87738640 19.25734712 12.64870333
v 59.89350095 19.17270367 18.33175986
v 59.85654202 19.96713415 12.31484687
v 59.37187908 20.45031981 12.01701708
v 59.94989677 20.07961690 18.42372574
v 59.54596840 21.19016830 11.86079652
v 59.97070202 21.04097378 18.46155961
v 59.65239836 22.07330667 11.75112674
v 59.97705981 22.02759155 18.47446303
v 59.75094133 23.03121670 11.69889127
v 59.97865606 23.02377961 18.47806964
v 59.80216226 24.01150961 11.67732627
v 59.97898223 24.02289905 18.47888550
v 59.82342448 25.00358269 11.66976945
v 59.97903584 25.02273663 18.47903274
v 59.83060231 26.00096465 11.66757684
v 59.97904282 26.02271313 18.47905357
v 59.83255140 27.00026253 11.66706024
v 59.97904353 27.02271053 18.47905583
v 59.83297163 28.00011169 11.66696311
v 59.97904358 28.02271031 18.47905601
v 59.83304264 29.00008615 11.66694878
v 59.97904358 29.02271030 18.47905602
v 59.83305190 30.00008280 11.66694716
v 59.97904358 30.02271030 18.47905602
v 59.83305282 31.00008247 11.66694702
v 59.97904358 31.02271030 18.47905602
v 59.83305289 32.00008244 11.66694701
v 59.97904358 32.02271030 18.47905602
v 59.83305289 33.00008244 11.66694701
v 59.97904358 33.02271030 18.47905602
v 59.83305289 34.00008244 11.66694701
v 59.97904358 34.02271030 18.47905602
v 59.83305289 35.00008244 11.66694701
v 59.97904358 35.02271030 18.47905602
v 59.83305289 36.00008244 11.66694701
v 59.97904358 36.02271030 18.47905602
v 59.83305289 37.00008244 11.66694701
v 59.97904358 37.02271030 18.47905602
v 59.83305289 38.00008244 11.66694701
v 59.97904358 38.02271030 18.47905602
v 59.83305289 39.00008244 11.66694701
v 59.97904358 39.02271030 18.47905602
v 59.83305289 40.00008244 11.66694701
v 59.97904358 40.02271030 18.47905602
v 59.83305289 41.00008244 11.66694701
v 59.97904358 41.02271030 18.47905602
v 59.83305287 42.00008246 11.66694702
v 59.97904358 42.02271030 18.47905602
v 59.83305269 43.00008265 11.66694708
v 59.97904358 43.02271030 18.47905602
v 59.83305113 44.00008418 11.66694767
v 59.97904358 44.02271030 18.47905602
v 59.83304042 45.00009421 11.66695208
v 59.97904358 45.02271030 18.47905602
v 59.83298298 46.00014607 11.66697799
v 59.97904358 46.02271030 18.47905602
v 59.83274313 47.00035669 11.66710205
v 59.97904358 47.02271030 18.47905602
v 59.83196622 48.00101588 11.66760174
v 59.97904358 48.02271025 18.47905597
v 59.83000134 49.00252917 11.66933719
v 59.97904358 49.02270965 18.47905537
v 59.82587481 50.00476064 11.67459598
v 59.97904358 50.02270403 18.47904976
v 59.81709664 51.00590525 11.68853751
v 59.97904358 51.02266281 18.47900854
v 59.79598992 52.00274451 11.72129197
v 59.97904358 52.02242093 18.47876676
v 59.75153597 52.99109077 11.79056456
v 59.97904351 53.02126494 18.47761207
v 59.73661107 53.90488559 11.91905298
v 59.97904306 54.01670529 18.47306448
v 59.76261219 54.57702768 12.06973272
v 59.97904180 55.00170354 18.45814922
v 59.43756571 55.19384754 12.18859149
v 60.03546414 55.70306277 12.53756487
v 59.97905125 55.96015151 18.41708737
v 60.38523989 56.53516561 12.91887834
v 59.97919382 56.86237960 18.32154963
v 59.84146356 57.23792030 13.21965671
v 60.32226209 57.79445940 13.66086459
v 59.98017193 57.66497106 18.13244457
v 59.90835494 58.31290460 14.14786236
v 60.54287404 58.68930043 14.72108687
v 59.98471168 58.31879342 17.81172844
v 60.29451864 58.97191498 15.36685401
v 60.13266376 59.09673208 16.05952098
v 60.04233751 59.04099765 16.74026734
v 60.00038098 58.78361944 17.34171367
v 61.38800438 17.17242601 14.59092253
v 60.72139750 17.51925079 13.99155509
v 61.13471271 16.91921205 15.25255990
v 60.87676965 16.83540443 15.98170407
v 60.55835061 16.93023477 16.70082853
v 60.11906823 17.21542019 17.33162928
v 60.50384781 17.71027914 17.81101360
v 61.03195529 18.05365994 13.53825566
v 60.73811877 18.38406038 18.12806916
v 61.27192361 18.67094032 13.19992599
v 60.74279617 19.11844138 12.87037096
v 60.85891450 19.20020017 18.30651375
v 60.13895815 20.59591560 12.19760752
v 60.66595024 19.86812973 12.58395515
v 60.91128724 20.11166666 18.39074506
v 60.31332216 21.44078874 12.09631119
v 60.92852356 20.79073702 12.44957808
v 60.93026661 21.07592164 18.42372900
v 60.41134238 22.37305659 12.03887938
v 61.05919417 21.72006257 12.38339976
v 60.93597481 22.06401126 18.43434660
v 60.46429207 23.34710107 12.01384476
v 61.12159085 22.68642001 12.35411510
v 60.93738862 23.06077911 18.43712604
v 60.48738297 24.33778498 12.00487123
v 61.14797192 23.67404136 12.34334959
v 60.93767449 24.06007384 18.43771042
v 60.49557677 25.33482771 12.00220514
v 61.15734343 24.67023704 12.34009088
v 60.93772116 25.05995183 18.43780770
v 60.49793632 26.33402778 12.00155420
v 61.16009447 25.66924788 12.33928051
v 60.93772721 26.05993538 18.43782031
v 60.49848114 27.33384828 12.00142556
v 61.16075365 26.66903105 12.33911606
v 60.93772782 27.05993370 18.43782155
v 60.49858041 28.33381570 12.00140537
v 61.16088049 27.66899151 12.33908919
v 60.93772787 28.05993357 18.43782164
v 60.49859442 29.33381104 12.00140291
v 61.16089968 28.66898565 12.33908572
v 60.93772787 29.05993356 18.43782165
v 60.49859592 30.33381053 12.00140268
v 61.16090191 29.66898496 12.33908538
v 60.93772787 30.05993356 18.43782165
v 60.49859603 31.33381049 12.00140266
v 61.16090210 30.66898490 12.33908535
v 60.93772787 31.05993356 18.43782165
v 60.49859604 32.33381048 12.00140266
v 61.16090211 31.66898490 12.33908535
v 60.93772787 32.05993356 18.43782165
v 60.49859604 33.33381048 12.00140266
v 61.16090211 32.66898490 12.33908535
v 60.93772787 33.05993356 18.43782165
v 60.49859604 34.33381048 12.00140266
v 61.16090211 33.66898490 12.33908535
v 60.93772787 34.05993356 18.43782165
v 60.49859604 35.33381048 12.00140266
v 61.16090211 34.66898490 12.33908535
v 60.93772787 35.05993356 18.43782165
v 60.49859604 36.33381048 12.00140266
v 61.16090211 35.66898490 12.33908535
v 60.93772787 36.05993356 18.43782165
v 60.49859604 37.33381048 12.00140266
v 61.16090211 36.66898490 12.33908535
v 60.93772787 37.05993356 18.43782165
v 60.49859604 38.33381048 12.00140266
v 61.16090211 37.66898490 12.33908535
v 60.93772787 38.05993356 18.43782165
v 60.49859604 39.33381048 12.00140266
v 61.16090211 38.66898490 12.33908535
v 60.93772787 39.05993356 18.43782165
v 60.49859604 40.33381048 12.00140266
v 61.16090211 39.66898490 12.33908535
v 60.93772787 40.05993356 18.43782165
v 60.49859604 41.33381049 12.00140266
v 61.16090211 40.66898490 12.33908535
v 60.93772787 41.05993356 18.43782165
v 60.49859603 42.33381050 12.00140267
v 61.16090211 41.66898490 12.33908535
v 60.93772787 42.05993356 18.43782165
v 60.49859587 43.33381066 12.00140271
v 61.16090210 42.66898491 12.33908536
v 60.93772787 43.05993356 18.43782165
v 60.49859453 44.33381201 12.00140316
v 61.16090198 43.66898504 12.33908539
v 60.93772787 44.05993356 18.43782165
v 60.49858593 45.33382045 12.00140641
v 61.16090100 44.66898606 12.33908570
v 60.93772787 45.05993356 18.43782165
v 60.49854388 46.33386101 12.00142516
v 61.16089526 45.66899195 12.33908790
v 60.93772787 46.05993356 18.43782165
v 60.49838406 47.33401099 12.00151573
v 61.16086902 46.66901833 12.33910088
v 60.93772787 47.05993356 18.43782164
v 60.49789473 48.33443403 12.00189303
v 61.16076962 47.66911153 12.33916691
v 60.93772787 48.05993351 18.43782160
v 60.49658228 49.33532632 12.00327141
v 61.16042940 48.66937950 12.33946178
v 60.93772787 49.05993291 18.43782100
v 60.49311471 50.33666724 12.00769502
v 61.15930258 49.67002386 12.34061106
v 60.93772787 50.05992729 18.43781538
v 60.48395953 51.33763948 12.02008830
v 61.15574177 50.67130072 12.34445573
v 60.93772786 51.05988607 18.43777416
v 60.46259219 52.33423584 12.04993610
v 61.14559020 51.67311862 12.35530730
v 60.93772775 52.05964406 18.43753239
v 60.42382571 53.30731358 12.10953966
v 61.11964947 52.67439104 12.38087944
v 60.93772654 53.05848680 18.43637782
v 60.33975947 54.20925271 12.19870629
v 61.05311730 53.68176032 12.43184020
v 60.93771697 54.05391679 18.43183124
v 60.10265783 54.91395618 12.27815159
v 60.86550632 54.78438459 12.52862191
v 60.93766204 55.03885152 18.41692241
v 61.00903378 55.77727487 12.79262058
v 60.93743449 55.99699984 18.37589270
v 61.23457019 56.53458944 13.06031938
v 60.93679504 56.89812441 18.28047952
v 60.77056012 57.18262618 13.28558196
v 61.26121337 57.70218125 13.70541334
v 60.93588898 57.69751177 18.09173598
v 60.87520346 58.26317651 14.16038556
v 61.48007596 58.63492269 14.71020478
v 60.93734646 58.34399665 17.77171120
v 61.24057715 58.93605335 15.33357364
v 61.08227645 59.07529066 16.01929580
v 60.99182143 59.03616474 16.70005931
v 60.95031205 58.79583914 17.30215462
v 62.26273110 17.26507511 14.64368130
v 61.66910212 17.59430297 14.05213691
v 62.03386773 16.99914747 15.26784726
v 61.79629267 16.89726843 15.97887717
v 61.49950603 16.97309321 16.69007490
v 61.08222516 17.24224336 17.32000391
v 61.44592125 17.74953430 17.78437554
v 62.00418041 18.22660486 13.64819997
v 61.66169997 18.43457295 18.08014945
v 61.92912433 18.90082731 13.29302498
v 61.40996593 19.35238738 12.96338066
v 61.77077357 19.26000359 18.23730622
v 61.55200348 20.15894590 12.81697899
v 61.81755292 20.17838332 18.30653880
v 61.68985736 21.07284400 12.73977259
v 61.83439281 21.14682235 18.33177790
v 61.76508624 22.03215129 12.70495293
v 61.83943220 22.13684358 18.33931240
v 61.79758619 23.01603156 12.69178732
v 61.84067573 23.13428949 18.34113087
v 61.80913067 24.01083872 12.68769603
v 61.84092655 24.13376597 18.34148094
v 61.81250532 25.00947207 12.68665922
v 61.84096742 25.13368115 18.34153390
v 61.81331421 26.00917688 12.68644585
v 61.84097271 26.13367047 18.34154009
v 61.81347191 27.00912448 12.68641041
v 61.84097325 27.13366945 18.34154064
v 61.81349653 28.00911688 12.68640572
v 61.84097329 28.13366938 18.34154067
v 61.81349954 29.00911599 12.68640524
v 61.84097329 29.13366938 18.34154067
v 61.81349982 30.00911591 12.68640520
v 61.84097329 30.13366938 18.34154067
v 61.81349983 31.00911591 12.68640520
v 61.84097329 31.13366938 18.34154067
v 61.81349983 32.00911591 12.68640520
v 61.84097329 32.13366938 18.34154067
v 61.81349983 33.00911591 12.68640520
v 61.84097329 33.13366938 18.34154067
v 61.81349983 34.00911591 12.68640520
v 61.84097329 34.13366938 18.34154067
v 61.81349983 35.00911591 12.68640520
v 61.84097329 35.13366938 18.34154067
v 61.81349983 36.00911591 12.68640520
v 61.84097329 36.13366938 18.34154067
v 61.81349983 37.00911591 12.68640520
v 61.84097329 37.13366938 18.34154067
v 61.81349983 38.00911591 12.68640520
v 61.84097329 38.13366938 18.34154067
v 61.81349983 39.00911591 12.68640520
v 61.84097329 39.13366938 18.34154067
v 61.81349983 40.00911591 12.68640520
v 61.84097329 40.13366938 18.34154067
v 61.81349983 41.00911591 12.68640520
v 61.84097329 41.13366938 18.34154067
v 61.81349983 42.00911591 12.68640520
v 61.84097329 42.13366938 18.34154067
v 61.81349983 43.00911592 12.68640520
v 61.84097329 43.13366938 18.34154067
v 61.81349974 44.00911600 12.68640522
v 61.84097329 44.13366938 18.34154067
v 61.81349915 45.00911664 12.68640542
v 61.84097329 45.13366938 18.34154067
v 61.81349576 46.00912021 12.68640686
v 61.84097329 46.13366938 18.34154067
v 61.81347945 47.00913639 12.68641604
v 61.84097329 47.13366938 18.34154067
v 61.81340717 48.00919935 12.68646694
v 61.84097329 48.13366933 18.34154062
v 61.81310422 49.00941599 12.68670981
v 61.84097329 49.13366873 18.34154002
v 61.81194068 50.01007594 12.68768689
v 61.84097328 50.13366311 18.34153441
v 61.80801575 51.01184810 12.69096584
v 61.84097322 51.13362181 18.34149320
v 61.79662692 52.01621343 12.70019666
v 61.84097234 52.13337901 18.34125149
v 61.76852757 53.02720375 12.72264699
v 61.84096416 53.13221436 18.34009751
v 61.71566739 54.05364197 12.77272838
v 61.84090727 54.12759340 18.33555536
v 61.70570401 55.05260127 12.87989257
v 61.84060884 55.11225788 18.32067293
v 61.76926833 55.92331373 13.03777835
v 61.83942544 56.06928546 18.27977085
v 61.84033153 56.53667987 13.20067396
v 61.83593741 56.96671954 18.18486038
v 61.59167227 57.07786078 13.36938496
v 62.20789695 57.47971577 13.79032086
v 61.82877120 57.75632546 17.99767887
v 61.80263700 58.16909375 14.19311053
v 62.32589364 58.54982739 14.70458216
v 61.82113737 58.38188245 17.68104181
v 62.10869385 58.85903849 15.26946575
v 61.96408952 59.01211425 15.93196030
v 61.87417846 59.00083938 16.61049088
v 61.82949614 58.79927074 17.21405285
v 62.98108536 17.43129302 14.73612205
v 62.50992470 17.68389321 14.18118508
v 62.80887899 17.16234709 15.29945049
v 62.60983903 17.03356740 15.97755152
v 62.35176136 17.07082266 16.66722631
v 61.98087413 17.30604004 17.28844658
v 62.30166138 17.82966614 17.71454250
v 62.76687348 18.15841933 13.95261068
v 62.48882546 18.52702117 17.96202247
v 62.15187209 19.56212811 13.19742848
v 62.66307627 18.87409983 13.64964512
v 62.58461410 19.36391661 18.08029657
v 62.29715252 20.44247996 13.11947971
v 62.85462059 19.82958068 13.54852559
v 62.62617317 20.29144320 18.12819336
v 62.38208744 21.39249274 13.08003265
v 62.95049419 20.78292116 13.50261302
v 62.64119782 21.26496824 18.14429595
v 62.42160001 22.37253400 13.06420455
v 62.99603418 21.76093101 13.48399269
v 62.64569076 22.25706966 18.14870457
v 62.43633367 23.36572861 13.05904608
v 63.01407892 22.75281788 13.47766735
v 62.64679541 23.25516178 18.14967196
v 62.44076058 24.36382623 13.05768610
v 63.01984758 23.75037658 13.47591180
v 62.64701698 24.25479253 18.14983955
v 62.44183322 25.36339644 13.05739789
v 63.02131931 24.74978185 13.47552003
v 62.64705285 25.25473601 18.14986210
v 62.44204246 26.36331850 13.05734911
v 63.02161704 25.74966606 13.47545063
v 62.64705747 26.25472929 18.14986441
v 62.44207512 27.36330721 13.05734257
v 63.02166449 26.74964828 13.47544099
v 62.64705793 27.25472868 18.14986458
v 62.44207914 28.36330592 13.05734188
v 63.02167038 27.74964616 13.47543995
v 62.64705797 28.25472864 18.14986459
v 62.44207952 29.36330581 13.05734183
v 63.02167094 28.74964597 13.47543987
v 62.64705797 29.25472864 18.14986459
v 62.44207955 30.36330580 13.05734182
v 63.02167098 29.74964595 13.47543987
v 62.64705797 30.25472864 18.14986459
v 62.44207955 31.36330580 13.05734182
v 63.02167098 30.74964595 13.47543987
v 62.64705797 31.25472864 18.14986459
v 62.44207955 32.36330580 13.05734182
v 63.02167098 31.74964595 13.47543987
v 62.64705797 32.25472864 18.14986459
v 62.44207955 33.36330580 13.05734182
v 63.02167098 32.74964595 13.47543987
v 62.64705797 33.25472864 18.14986459
v 62.44207955 34.36330580 13.05734182
v 63.02167098 33.74964595 13.47543987
v 62.64705797 34.25472864 18.14986459
v 62.44207955 35.36330580 13.05734182
v 63.02167098 34.74964595 13.47543987
v 62.64705797 35.25472864 18.14986459
v 62.44207955 36.36330580 13.05734182
v 63.02167098 35.74964595 13.47543987
v 62.64705797 36.25472864 18.14986459
v 62.44207955 37.36330580 13.05734182
v 63.02167098 36.74964595 13.47543987
v 62.64705797 37.25472864 18.14986459
v 62.44207955 38.36330580 13.05734182
v 63.02167098 37.74964595 13.47543987
v 62.64705797 38.25472864 18.14986459
v 62.44207955 39.36330580 13.05734182
v 63.02167098 38.74964595 13.47543987
v 62.64705797 39.25472864 18.14986459
v 62.44207955 40.36330580 13.05734182
v 63.02167098 39.74964595 13.47543987
v 62.64705797 40.25472864 18.14986459
v 62.44207955 41.36330580 13.05734182
v 63.02167098 40.74964595 13.47543987
v 62.64705797 41.25472864 18.14986459
v 62.44207955 42.36330580 13.05734182
v 63.02167098 41.74964595 13.47543987
v 62.64705797 42.25472864 18.14986459
v 62.44207954 43.36330580 13.05734183
v 63.02167098 42.74964595 13.47543987
v 62.64705797 43.25472864 18.14986459
v 62.44207950 44.36330585 13.05734184
v 63.02167098 43.74964596 13.47543987
v 62.64705797 44.25472864 18.14986459
v 62.44207916 45.36330622 13.05734196
v 63.02167095 44.74964598 13.47543987
v 62.64705797 45.25472864 18.14986459
v 62.44207702 46.36330842 13.05734296
v 63.02167074 45.74964621 13.47543996
v 62.64705797 46.25472864 18.14986459
v 62.44206456 47.36332010 13.05734995
v 63.02166903 46.74964791 13.47544071
v 62.64705797 47.25472864 18.14986459
v 62.44199821 48.36337494 13.05739133
v 63.02165746 47.74965847 13.47544632
v 62.64705797 48.25472859 18.14986454
v 62.44168948 49.36359941 13.05759321
v 63.02159233 48.74971362 13.47547985
v 62.64705797 49.25472799 18.14986395
v 62.44047770 50.36438806 13.05840458
v 63.02129500 49.74995036 13.47564219
v 62.64705794 50.25472234 18.14985833
v 62.43656817 51.36674328 13.06112784
v 63.02021436 50.75077258 13.47629167
v 62.64705748 51.25468066 18.14981714
v 62.42653872 52.37256013 13.06897148
v 63.01716062 51.75300014 13.47849770
v 62.64705253 52.25443381 18.14957569
v 62.40787711 53.38280257 13.08891938
v 63.01071760 52.75721204 13.48499998
v 62.64701268 53.25323771 18.14842385
v 62.39057181 54.38472442 13.13357147
v 63.00101377 53.76037676 13.50168072
v 62.64676821 54.24842948 18.14389617
v 62.38345563 55.34013758 13.21369379
v 62.98693951 54.75176994 13.53837340
v 62.64561202 55.23222644 18.12909558
v 62.35124493 56.19177602 13.32721041
v 62.95189692 55.72029606 13.60998430
v 62.64137938 56.18607347 18.08858927
v 62.18499018 56.82690147 13.43824085
v 62.83768436 56.71624533 13.74858208
v 62.62946876 57.07408627 17.99531646
v 63.01738248 57.52368950 14.10826473
v 62.60462914 57.84047988 17.81381146
v 62.62795843 58.08525443 14.29321299
v 62.99407391 58.44676017 14.72801705
v 62.57235286 58.41697254 17.51213017
v 62.82465125 58.73008039 15.17337095
v 62.72263323 58.87555704 15.77362348
v 62.64616721 58.88858546 16.44189113
v 62.58385654 58.75492530 17.05297014
v 63.44742462 17.67846102 14.86058703
v 63.15638909 17.85276309 14.38367028
v 63.39338737 17.45303405 15.34307030
v 63.25558658 17.29726298 15.98627329
v 63.04298604 17.26214361 16.63589938
v 62.74589808 17.42639930 17.22052856
v 63.00208193 17.95372657 17.55806879
v 63.27698730 18.47516054 14.18256995
v 63.16607948 18.65888097 17.71520224
v 63.35729328 19.29887377 14.05635479
v 63.25350804 19.51157836 17.78504251
v 63.44222047 20.23491124 14.00166469
v 63.29160344 20.45014912 17.81142178
v 63.48884969 21.20851704 13.98001424
v 63.30525395 21.42891681 17.81954973
v 63.50890452 22.19891638 13.97254860
v 63.30928226 22.42289898 17.82154882
v 63.51583188 23.19596081 13.97039022
v 63.31025888 23.42151512 17.82193418
v 63.51774046 24.19520474 13.96988083
v 63.31045241 24.42125988 17.82199116
v 63.51815567 25.19504719 13.96978473
v 63.31048351 25.42122264 17.82199742
v 63.51822621 26.19502101 13.96977051
v 63.31048751 26.42121842 17.82199790
v 63.51823544 27.19501762 13.96976889
v 63.31048791 27.42121805 17.82199792
v 63.51823636 28.19501728 13.96976875
v 63.31048794 28.42121803 17.82199792
v 63.51823642 29.19501726 13.96976874
v 63.31048795 29.42121803 17.82199792
v 63.51823643 30.19501726 13.96976874
v 63.31048795 30.42121803 17.82199792
v 63.51823643 31.19501726 13.96976874
v 63.31048795 31.42121803 17.82199792
v 63.51823643 32.19501726 13.96976874
v 63.31048795 32.42121803 17.82199792
v 63.51823643 33.19501726 13.96976874
v 63.31048795 33.42121803 17.82199792
v 63.51823643 34.19501726 13.96976874
v 63.31048795 34.42121803 17.82199792
v 63.51823643 35.19501726 13.96976874
v 63.31048795 35.42121803 17.82199792
v 63.51823643 36.19501726 13.96976874
v 63.31048795 36.42121803 17.82199792
v 63.51823643 37.19501726 13.96976874
v 63.31048795 37.42121803 17.82199792
v 63.51823643 38.19501726 13.96976874
v 63.31048795 38.42121803 17.82199792
v 63.51823643 39.19501726 13.96976874
v 63.31048795 39.42121803 17.82199792
v 63.51823643 40.19501726 13.96976874
v 63.31048795 40.42121803 17.82199792
v 63.51823643 41.19501726 13.96976874
v 63.31048795 41.42121803 17.82199792
v 63.51823643 42.19501726 13.96976874
v 63.31048795 42.42121803 17.82199792
v 63.51823643 43.19501726 13.96976874
v 63.31048795 43.42121803 17.82199792
v 63.51823643 44.19501726 13.96976874
v 63.31048795 44.42121803 17.82199792
v 63.51823641 45.19501728 13.96976875
v 63.31048795 45.42121803 17.82199792
v 63.51823623 46.19501746 13.96976881
v 63.31048795 46.42121803 17.82199792
v 63.51823467 47.19501899 13.96976940
v 63.31048795 47.42121803 17.82199792
v 63.51822396 48.19502902 13.96977381
v 63.31048795 48.42121798 17.82199787
v 63.51816655 49.19508083 13.96979972
v 63.31048793 49.42121737 17.82199728
v 63.51792714 50.19529068 13.96992373
v 63.31048775 50.42121159 17.82199167
v 63.51715476 51.19594169 13.97042304
v 63.31048544 51.42116825 17.82195058
v 63.51522622 52.19738916 13.97215693
v 63.31046424 52.42090661 17.82171001
v 63.51132474 53.19920948 13.97741537
v 63.31031488 53.41961057 17.82056444
v 63.50363824 54.19832687 13.99140467
v 63.30949764 54.41428323 17.81607413
v 63.48668285 55.18720106 14.02457832
v 63.30598742 55.39597361 17.80146906
v 63.45403519 56.15090166 14.09632462
v 63.29405942 56.34303070 17.76188309
v 63.45406920 57.01221727 14.23797952
v 63.26186004 57.21319662 17.67254532
v 63.48177998 57.61555318 14.41392508
v 63.19312267 57.93878460 17.50684426
v 63.24372982 58.04188849 14.47863568
v 63.40583356 58.33006046 14.81787330
v 63.08292992 58.41571913 17.27225632
v 63.27631034 58.56683958 15.07250265
v 63.28471964 58.64811522 15.53025745
v 63.26202880 58.65314251 16.16321627
v 63.19600196 58.56881553 16.80406948
v 63.62346512 18.16236459 14.73825528
v 63.75508054 17.92542535 15.34682622
v 63.69993464 17.74202474 16.00172085
v 63.52038706 17.62680651 16.64025169
v 63.25905995 17.59718496 17.11148879
v 63.74631604 18.90057788 14.64711977
v 63.94735843 18.60525977 15.30750286
v 63.96270491 18.38568344 16.00627697
v 63.80961774 18.21647842 16.67658785
v 63.49869459 18.08386473 17.22270656
v 63.82175172 19.78690600 14.59544240
v 64.04811611 19.44845659 15.27507055
v 64.09859513 19.19521038 15.99918820
v 63.97012732 18.99245863 16.69827709
v 63.66110099 18.81615525 17.29126373
v 63.86577230 20.74538094 14.57300825
v 64.09667502 20.38508033 15.25738925
v 64.16075741 20.11123352 15.99161218
v 64.04610499 19.88893232 16.70547604
v 63.74462792 19.69062763 17.32203774
v 63.88604525 21.73175536 14.56489973
v 64.11775305 21.36386784 15.25009394
v 64.18565167 21.08079868 15.98726468
v 64.07659578 20.84911171 16.70661495
v 63.77970345 20.64060017 17.33264020
v 63.89354154 22.72782915 14.56244984
v 64.12554617 22.35789314 15.24768731
v 64.19432339 22.07176212 15.98550553
v 64.08695610 21.83651781 16.70639873
v 63.79189687 21.62403899 17.33542437
v 63.89576705 23.72685459 14.56183993
v 64.12793645 23.35647179 15.24704382
v 64.19690661 23.06956187 15.98496378
v 64.08993530 22.83327249 16.70618991
v 63.79541461 22.61954779 17.33596129
v 63.89629211 24.72665026 14.56171719
v 64.12853268 24.35618635 15.24690495
v 64.19755213 24.06912220 15.98483344
v 64.09065691 23.83259561 16.70611412
v 63.79625631 23.61856126 17.33602981
v 63.89638918 25.72661495 14.56169763
v 64.12865122 25.35613827 15.24688109
v 64.19768446 25.06905008 15.98480884
v 64.09080258 24.83248201 16.70609600
v 63.79642274 24.61838765 17.33603320
v 63.89640301 26.72661006 14.56169523
v 64.12866960 26.35613159 15.24687790
v 64.19770614 26.06904039 15.98480523
v 64.09082664 25.83246676 16.70609286
v 63.79644971 25.61836346 17.33603248
v 63.89640450 27.72660954 14.56169500
v 64.12867177 27.35613085 15.24687757
v 64.19770889 27.06903933 15.98480483
v 64.09082980 26.83246513 16.70609246
v 63.79645323 26.61836083 17.33603228
v 63.89640461 28.72660950 14.56169499
v 64.12867196 28.35613079 15.24687755
v 64.19770915 28.06903924 15.98480479
v 64.09083012 27.83246499 16.70609242
v 63.79645359 27.61836061 17.33603225
v 63.89640462 29.72660949 14.56169499
v 64.12867197 29.35613078 15.24687755
v 64.19770917 29.06903924 15.98480479
v 64.09083014 28.83246499 16.70609242
v 63.79645362 28.61836060 17.33603225
v 63.89640462 30.72660949 14.56169499
v 64.12867197 30.35613078 15.24687755
v 64.19770917 30.06903924 15.98480479
v 64.09083014 29.83246499 16.70609242
v 63.79645362 29.61836060 17.33603225
v 63.89640462 31.72660949 14.56169499
v 64.12867197 31.35613078 15.24687755
v 64.19770917 31.06903924 15.98480479
v 64.09083014 30.83246499 16.70609242
v 63.79645362 30.61836060 17.33603225
v 63.89640462 32.72660949 14.56169499
v 64.12867197 32.35613078 15.24687755
v 64.19770917 32.06903924 15.98480479
v 64.09083014 31.83246499 16.70609242
v 63.79645362 31.61836060 17.33603225
v 63.89640462 33.72660949 14.56169499
v 64.12867197 33.35613078 15.24687755
v 64.19770917 33.06903924 15.98480479
v 64.09083014 32.83246499 16.70609242
v 63.79645362 32.61836060 17.33603225
v 63.89640462 34.72660949 14.56169499
v 64.12867197 34.35613078 15.24687755
v 64.19770917 34.06903924 15.98480479
v 64.09083014 33.83246499 16.70609242
v 63.79645362 33.61836060 17.33603225
v 63.89640462 35.72660949 14.56169499
v 64.12867197 35.35613078 15.24687755
v 64.19770917 35.06903924 15.98480479
v 64.09083014 34.83246499 16.70609242
v 63.79645362 34.61836060 17.33603225
v 63.89640462 36.72660949 14.56169499
v 64.12867197 36.35613078 15.24687755
v 64.19770917 36.06903924 15.98480479
v 64.09083014 35.83246499 16.70609242
v 63.79645362 35.61836060 17.33603225
v 63.89640462 37.72660949 14.56169499
v 64.12867197 37.35613078 15.24687755
v 64.19770917 37.06903924 15.98480479
v 64.09083014 36.83246499 16.70609242
v 63.79645362 36.61836060 17.33603225
v 63.89640462 38.72660949 14.56169499
v 64.12867197 38.35613078 15.24687755
v 64.19770917 38.06903924 15.98480479
v 64.09083014 37.83246499 16.70609242
v 63.79645362 37.61836060 17.33603225
v 63.89640462 39.72660949 14.56169499
v 64.12867197 39.35613078 15.24687755
v 64.19770917 39.06903924 15.98480479
v 64.09083014 38.83246499 16.70609242
v 63.79645362 38.61836060 17.33603225
v 63.89640462 40.72660949 14.56169499
v 64.12867197 40.35613078 15.24687755
v 64.19770917 40.06903924 15.98480479
v 64.09083014 39.83246499 16.70609242
v 63.79645362 39.61836060 17.33603225
v 63.89640462 41.72660949 14.56169499
v 64.12867197 41.35613078 15.24687755
v 64.19770917 41.06903924 15.98480479
v 64.09083014 40.83246499 16.70609242
v 63.79645362 40.61836060 17.33603225
v 63.89640462 42.72660949 14.56169499
v 64.12867197 42.35613078 15.24687755
v 64.19770917 42.06903924 15.98480479
v 64.09083014 41.83246499 16.70609242
v 63.79645362 41.61836060 17.33603225
v 63.89640462 43.72660949 14.56169499
v 64.12867197 43.35613078 15.24687755
v 64.19770917 43.06903924 15.98480479
v 64.09083014 42.83246499 16.70609242
v 63.79645362 42.61836060 17.33603225
v 63.89640462 44.72660950 14.56169499
v 64.12867197 44.35613078 15.24687755
v 64.19770917 44.06903924 15.98480479
v 64.09083014 43.83246499 16.70609242
v 63.79645362 43.61836060 17.33603225
v 63.89640460 45.72660951 14.56169499
v 64.12867197 45.35613078 15.24687755
v 64.19770917 45.06903924 15.98480479
v 64.09083014 44.83246499 16.70609242
v 63.79645362 44.61836060 17.33603225
v 63.89640445 46.72660967 14.56169504
v 64.12867196 46.35613080 15.24687755
v 64.19770917 46.06903924 15.98480479
v 64.09083014 45.83246499 16.70609242
v 63.79645362 45.61836060 17.33603225
v 63.89640310 47.72661102 14.56169549
v 64.12867183 47.35613093 15.24687759
v 64.19770916 47.06903925 15.98480479
v 64.09083014 46.83246499 16.70609242
v 63.79645362 46.61836060 17.33603225
v 63.89639451 48.72661943 14.56169872
v 64.12867085 48.35613193 15.24687789
v 64.19770908 48.06903933 15.98480481
v 64.09083014 47.83246499 16.70609242
v 63.79645362 47.61836059 17.33603224
v 63.89635253 49.72665959 14.56171742
v 64.12866510 49.35613763 15.24688004
v 64.19770846 49.06903988 15.98480496
v 64.09083008 48.83246498 16.70609238
v 63.79645362 48.61836055 17.33603220
v 63.89619349 50.72680477 14.56180734
v 64.12863854 50.35616149 15.24689236
v 64.19770474 50.06904213 15.98480579
v 64.09082959 49.83246453 16.70609190
v 63.79645354 49.61835992 17.33603161
v 63.89571101 51.72718527 14.56217901
v 64.12853607 51.35623018 15.24695218
v 64.19768471 51.06904472 15.98480907
v 64.09082548 50.83245832 16.70608723
v 63.79645264 50.61835373 17.33602607
v 63.89444483 52.72778776 14.56352026
v 64.12817292 52.35631547 15.24720171
v 64.19758149 52.06899979 15.98481619
v 64.09079452 51.83240247 16.70605237
v 63.79644354 51.61830556 17.33598563
v 63.89121942 53.72758127 14.56774995
v 64.12691132 53.35589660 15.24808714
v 64.19707797 53.06854587 15.98479897
v 64.09059470 52.83202683 16.70584648
v 63.79637205 52.61800431 17.33574938
v 63.88304987 54.72198596 14.57932561
v 64.12271677 54.35225722 15.25068419
v 64.19488348 54.06589612 15.98451850
v 64.08952927 53.83004789 16.70485877
v 63.79592972 53.61646866 17.33462752
v 63.86481199 55.69625568 14.60635511
v 64.11019195 55.33571603 15.25666209
v 64.18669382 55.05453509 15.98278548
v 64.08489319 54.82171336 16.70095564
v 63.79376136 54.61003745 17.33024543
v 63.83404954 56.60884423 14.65791038
v 64.07756857 56.28038534 15.26621401
v 64.16092873 56.01650480 15.97535677
v 64.06841306 55.79333074 16.68816306
v 63.78526074 55.58779658 17.31607056
v 63.77462977 57.38411026 14.72622907
v 64.00100210 57.13665190 15.27165632
v 64.09270254 56.91476632 15.95100048
v 64.02021752 56.71453389 16.65331069
v 63.75831865 56.52396374 17.27802836
v 63.62383201 57.96722372 14.77549598
v 63.84306976 57.84095891 15.25217289
v 63.94213444 57.69333881 15.88804758
v 63.90301840 57.53488310 16.57417170
v 63.68812319 57.37096923 17.19360776
v 63.58768476 58.33385946 15.18746429
v 63.67252742 58.28939822 15.75712943
v 63.66281706 58.19647906 16.42190137
v 63.53183564 58.06372162 17.03988550
f 3 2 1
f 5 4 1
f 5 1 2
f 7 6 4
f 7 4 5
f 9 8 6
f 9 6 7
f 10 8 9
f 3 1 11
f 3 11 12
f 13 1 4
f 11 1 13
f 14 4 6
f 13 4 14
f 15 6 8
f 14 6 15
f 8 10 16
f 8 16 15
f 12 11 17
f 12 17 18
f 19 11 13
f 17 11 19
f 20 13 14
f 19 13 20
f 21 14 15
f 20 14 21
f 15 16 22
f 15 22 21
f 18 17 23
f 18 23 24
f 25 17 19
f 23 17 25
f 26 19 20
f 25 19 26
f 27 20 21
f 26 20 27
f 21 22 28
f 21 28 27
f 24 23 29
f 24 29 30
f 31 23 25
f 29 23 31
f 32 25 26
f 31 25 32
f 33 26 27
f 32 26 33
f 27 28 34
f 27 34 33
f 30 29 35
f 30 35 36
f 37 29 31
f 35 29 37
f 38 31 32
f 37 31 38
f 39 32 33
f 38 32 39
f 33 34 40
f 33 40 39
f 36 35 41
f 36 41 42
f 43 35 37
f 41 35 43
f 44 37 38
f 43 37 44
f 45 38 39
f 44 38 45
f 39 40 46
f 39 46 45
f 42 41 47
f 42 47 48
f 49 41 43
f 47 41 49
f 50 43 44
f 49 43 50
f 51 44 45
f 50 44 51
f 45 46 52
f 45 52 51
f 48 47 53
f 48 53 54
f 55 47 49
f 53 47 55
f 56 49 50
f 55 49 56
f 57 50 51
f 56 50 57
f 51 52 58
f 51 58 57
f 54 53 59
f 54 59 60
f 61 53 55
f 59 53 61
f 62 55 56
f 61 55 62
f 63 56 57
f 62 56 63
f 57 58 64
f 57 64 63
f 60 59 65
f 60 65 66
f 67 59 61
f 65 59 67
f 68 61 62
f 67 61 68
f 69 62 63
f 68 62 69
f 63 64 70
f 63 70 69
f 73 72 71
f 75 74 71
f 75 71 72
f 77 76 74
f 77 74 75
f 76 77 66
f 65 76 66
f 78 76 65
f 79 65 67
f 78 65 79
f 80 67 68
f 79 67 80
f 81 68 69
f 80 68 81
f 69 70 82
f 69 82 81
f 73 71 83
f 73 83 84
f 85 71 74
f 83 71 85
f 86 74 76
f 85 74 86
f 87 76 78
f 86 76 87
f 88 78 79
f 87 78 88
f 89 79 80
f 88 79 89
f 90 80 81
f 89 80 90
f 81 82 91
f 81 91 90
f 84 83 92
f 84 92 93
f 94 83 85
f 92 83 94
f 95 85 86
f 94 85 95
f 96 86 87
f 95 86 96
f 97 87 88
f 96 87 97
f 98 88 89
f 97 88 98
f 99 89 90
f 98 89 99
f 90 91 100
f 90 100 99
f 93 92 101
f 93 101 102
f 103 92 94
f 101 92 103
f 104 94 95
f 103 94 104
f 105 95 96
f 104 95 105
f 106 96 97
f 105 96 106
f 107 97 98
f 106 97 107
f 108 98 99
f 107 98 108
f 99 100 109
f 99 109 108
f 102 101 110
f 102 110 111
f 112 101 103
f 110 101 112
f 113 103 104
f 112 103 113
f 114 104 105
f 113 104 114
f 115 105 106
f 114 105 115
f 116 106 107
f 115 106 116
f 117 107 108
f 116 107 117
f 108 109 118
f 108 118 117
f 111 110 119
f 111 119 120
f 121 110 112
f 119 110 121
f 122 112 113
f 121 112 122
f 123 113 114
f 122 113 123
f 124 114 115
f 123 114 124
f 125 115 116
f 124 115 125
f 126 116 117
f 125 116 126
f 117 118 127
f 117 127 126
f 120 119 128
f 120 128 129
f 130 119 121
f 128 119 130
f 131 121 122
f 130 121 131
f 132 122 123
f 131 122 132
f 133 123 124
f 132 123 133
f 134 124 125
f 133 124 134
f 135 125 126
f 134 125 135
f 126 127 136
f 126 136 135
f 129 128 137
f 129 137 138
f 139 128 130
f 137 128 139
f 140 130 131
f 139 130 140
f 141 131 132
f 140 131 141
f 142 132 133
f 141 132 142
f 143 133 134
f 142 133 143
f 144 134 135
f 143 134 144
f 135 136 145
f 135 145 144
f 138 137 146
f 138 146 147
f 148 137 139
f 146 137 148
f 149 139 140
f 148 139 149
f 150 140 141
f 149 140 150
f 151 141 142
f 150 141 151
f 152 142 143
f 151 142 152
f 153 143 144
f 152 143 153
f 144 145 154
f 144 154 153
f 147 146 155
f 147 155 156
f 157 146 148
f 155 146 157
f 158 148 149
f 157 148 158
f 159 149 150
f 158 149 159
f 160 150 151
f 159 150 160
f 161 151 152
f 160 151 161
f 162 152 153
f 161 152 162
f 153 154 163
f 153 163 162
f 164 156 155
f 164 155 157
f 164 157 165
f 165 157 158
f 165 158 166
f 168 167 166
f 158 168 166
f 159 168 158
f 169 159 160
f 168 159 169
f 170 160 161
f 169 160 170
f 171 161 162
f 170 161 171
f 162 163 172
f 162 172 171
f 167 168 173
f 167 173 174
f 175 168 169
f 173 168 175
f 176 169 170
f 175 169 176
f 177 170 171
f 176 170 177
f 171 172 178
f 171 178 177
f 174 173 179
f 174 179 180
f 181 173 175
f 179 173 181
f 182 175 176
f 181 175 182
f 183 176 177
f 182 176 183
f 177 178 184
f 177 184 183
f 180 179 185
f 180 185 186
f 187 179 181
f 185 179 187
f 188 181 182
f 187 181 188
f 189 182 183
f 188 182 189
f 183 184 190
f 183 190 189
f 186 185 191
f 186 191 192
f 193 185 187
f 191 185 193
f 194 187 188
f 193 187 194
f 195 188 189
f 194 188 195
f 189 190 196
f 189 196 195
f 192 191 197
f 192 197 198
f 199 191 193
f 197 191 199
f 200 193 194
f 199 193 200
f 201 194 195
f 200 194 201
f 195 196 202
f 195 202 201
f 198 197 203
f 198 203 204
f 205 197 199
f 203 197 205
f 206 199 200
f 205 199 206
f 207 200 201
f 206 200 207
f 201 202 208
f 201 208 207
f 204 203 209
f 204 209 210
f 211 203 205
f 209 203 211
f 212 205 206
f 211 205 212
f 213 206 207
f 212 206 213
f 207 208 214
f 207 214 213
f 210 209 215
f 210 215 216
f 217 209 211
f 215 209 217
f 218 211 212
f 217 211 218
f 219 212 213
f 218 212 219
f 213 214 220
f 213 220 219
f 216 215 221
f 216 221 222
f 223 215 217
f 221 215 223
f 224 217 218
f 223 217 224
f 225 218 219
f 224 218 225
f 219 220 226
f 219 226 225
f 222 221 227
f 222 227 228
f 229 221 223
f 227 221 229
f 230 223 224
f 229 223 230
f 231 224 225
f 230 224 231
f 225 226 232
f 225 232 231
f 228 227 233
f 228 233 234
f 235 227 229
f 233 227 235
f 236 229 230
f 235 229 236
f 237 230 231
f 236 230 237
f 231 232 238
f 231 238 237
f 234 233 239
f 234 239 240
f 241 233 235
f 239 233 241
f 242 235 236
f 241 235 242
f 243 236 237
f 242 236 243
f 237 238 244
f 237 244 243
f 240 239 245
f 240 245 246
f 247 239 241
f 245 239 247
f 248 241 242
f 247 241 248
f 249 242 243
f 248 242 249
f 243 244 250
f 243 250 249
f 246 245 251
f 246 251 252
f 253 245 247
f 251 245 253
f 254 247 248
f 253 247 254
f 255 248 249
f 254 248 255
f 249 250 256
f 249 256 255
f 252 251 257
f 252 257 258
f 259 251 253
f 257 251 259
f 260 253 254
f 259 253 260
f 261 254 255
f 260 254 261
f 255 256 262
f 255 262 261
f 258 257 263
f 258 263 264
f 265 257 259
f 263 257 265
f 266 259 260
f 265 259 266
f 267 260 261
f 266 260 267
f 261 262 268
f 261 268 267
f 264 263 269
f 264 269 270
f 271 263 265
f 269 263 271
f 272 265 266
f 271 265 272
f 273 266 267
f 272 266 273
f 267 268 274
f 267 274 273
f 270 269 275
f 270 275 276
f 277 269 271
f 275 269 277
f 278 271 272
f 277 271 278
f 279 272 273
f 278 272 279
f 273 274 280
f 273 280 279
f 276 275 281
f 276 281 282
f 283 275 277
f 281 275 283
f 284 277 278
f 283 277 284
f 285 278 279
f 284 278 285
f 279 280 286
f 279 286 285
f 282 281 287
f 282 287 288
f 289 281 283
f 287 281 289
f 290 283 284
f 289 283 290
f 291 284 285
f 290 284 291
f 285 286 292
f 285 292 291
f 288 287 293
f 288 293 294
f 295 287 289
f 293 287 295
f 296 289 290
f 295 289 296
f 297 290 291
f 296 290 297
f 291 292 298
f 291 298 297
f 299 294 293
f 299 293 295
f 299 295 300
f 300 295 296
f 300 296 301
f 301 296 297
f 301 297 302
f 302 297 298
f 305 304 303
f 2 3 303
f 304 2 303
f 306 2 304
f 2 307 5
f 306 307 2
f 5 308 7
f 307 308 5
f 7 309 9
f 308 309 7
f 10 9 309
f 10 309 310
f 305 303 311
f 305 311 312
f 12 311 3
f 3 311 303
f 310 16 10
f 313 16 310
f 312 311 314
f 312 314 315
f 18 314 12
f 12 314 311
f 313 22 16
f 316 22 313
f 315 314 317
f 315 317 318
f 24 317 18
f 18 317 314
f 316 28 22
f 319 28 316
f 318 317 320
f 318 320 321
f 30 320 24
f 24 320 317
f 319 34 28
f 322 34 319
f 321 320 323
f 321 323 324
f 36 323 30
f 30 323 320
f 322 40 34
f 325 40 322
f 324 323 326
f 324 326 327
f 42 326 36
f 36 326 323
f 325 46 40
f 328 46 325
f 327 326 329
f 327 329 330
f 48 329 42
f 42 329 326
f 328 52 46
f 331 52 328
f 330 329 332
f 330 332 333
f 54 332 48
f 48 332 329
f 331 58 52
f 334 58 331
f 333 332 335
f 333 335 336
f 60 335 54
f 54 335 332
f 334 64 58
f 337 64 334
f 336 335 338
f 336 338 339
f 66 338 60
f 60 338 335
f 337 70 64
f 340 70 337
f 342 341 72
f 342 72 73
f 72 343 75
f 341 343 72
f 338 77 339
f 77 343 339
f 77 75 343
f 77 338 66
f 340 82 70
f 344 82 340
f 84 342 73
f 84 345 342
f 344 91 82
f 346 91 344
f 93 345 84
f 93 347 345
f 346 100 91
f 348 100 346
f 102 347 93
f 102 349 347
f 348 109 100
f 350 109 348
f 111 349 102
f 111 351 349
f 350 118 109
f 352 118 350
f 120 351 111
f 120 353 351
f 352 127 118
f 354 127 352
f 129 353 120
f 129 355 353
f 354 136 127
f 356 136 354
f 138 355 129
f 138 357 355
f 356 145 136
f 358 145 356
f 147 357 138
f 147 359 357
f 358 154 145
f 360 154 358
f 156 359 147
f 156 361 359
f 360 163 154
f 362 163 360
f 363 361 156
f 363 156 164
f 364 164 165
f 364 363 164
f 366 364 365
f 364 166 365
f 364 165 166
f 167 365 166
f 362 172 163
f 367 172 362
f 366 365 368
f 366 368 369
f 174 368 167
f 167 368 365
f 367 178 172
f 370 178 367
f 369 368 371
f 369 371 372
f 180 371 174
f 174 371 368
f 370 184 178
f 373 184 370
f 372 371 374
f 372 374 375
f 186 374 180
f 180 374 371
f 373 190 184
f 376 190 373
f 375 374 377
f 375 377 378
f 192 377 186
f 186 377 374
f 376 196 190
f 379 196 376
f 378 377 380
f 378 380 381
f 198 380 192
f 192 380 377
f 379 202 196
f 382 202 379
f 381 380 383
f 381 383 384
f 204 383 198
f 198 383 380
f 382 208 202
f 385 208 382
f 384 383 386
f 384 386 387
f 210 386 204
f 204 386 383
f 385 214 208
f 388 214 385
f 387 386 389
f 387 389 390
f 216 389 210
f 210 389 386
f 388 220 214
f 391 220 388
f 390 389 392
f 390 392 393
f 222 392 216
f 216 392 389
f 391 226 220
f 394 226 391
f 393 392 395
f 393 395 396
f 228 395 222
f 222 395 392
f 394 232 226
f 397 232 394
f 396 395 398
f 396 398 399
f 234 398 228
f 228 398 395
f 397 238 232
f 400 238 397
f 399 398 401
f 399 401 402
f 240 401 234
f 234 401 398
f 400 244 238
f 403 244 400
f 402 401 404
f 402 404 405
f 246 404 240
f 240 404 401
f 403 250 244
f 406 250 403
f 405 404 407
f 405 407 408
f 252 407 246
f 246 407 404
f 406 256 250
f 409 256 406
f 408 407 410
f 408 410 411
f 258 410 252
f 252 410 407
f 409 262 256
f 412 262 409
f 411 410 413
f 411 413 414
f 264 413 258
f 258 413 410
f 412 268 262
f 415 268 412
f 414 413 416
f 414 416 417
f 270 416 264
f 264 416 413
f 415 274 268
f 418 274 415
f 417 416 419
f 417 419 420
f 276 419 270
f 270 419 416
f 418 280 274
f 421 280 418
f 420 419 422
f 420 422 423
f 282 422 276
f 276 422 419
f 421 286 280
f 424 286 421
f 423 422 425
f 423 425 426
f 288 425 282
f 282 425 422
f 424 292 286
f 427 292 424
f 428 426 425
f 425 288 428
f 288 429 428
f 288 294 429
f 427 298 292
f 430 298 427
f 431 429 294
f 431 294 299
f 432 299 300
f 432 431 299
f 433 300 301
f 433 432 300
f 434 301 302
f 434 433 301
f 302 298 430
f 302 430 434
f 436 435 304
f 436 304 305
f 304 437 306
f 435 437 304
f 306 438 307
f 437 438 306
f 307 439 308
f 438 439 307
f 308 440 309
f 439 440 308
f 310 309 440
f 310 440 441
f 312 436 305
f 312 442 436
f 441 313 310
f 443 313 441
f 315 442 312
f 315 444 442
f 443 316 313
f 445 316 443
f 318 444 315
f 318 446 444
f 445 319 316
f 447 319 445
f 321 446 318
f 321 448 446
f 447 322 319
f 449 322 447
f 324 448 321
f 324 450 448
f 449 325 322
f 451 325 449
f 327 450 324
f 327 452 450
f 451 328 325
f 453 328 451
f 330 452 327
f 330 454 452
f 453 331 328
f 455 331 453
f 333 454 330
f 333 456 454
f 455 334 331
f 457 334 455
f 336 456 333
f 336 458 456
f 457 337 334
f 459 337 457
f 339 458 336
f 339 460 458
f 459 340 337
f 461 340 459
f 463 462 341
f 463 341 342
f 341 464 343
f 462 464 341
f 339 343 460
f 460 343 464
f 461 344 340
f 465 344 461
f 345 463 342
f 345 466 463
f 465 346 344
f 467 346 465
f 347 466 345
f 347 468 466
f 467 348 346
f 469 348 467
f 349 468 347
f 349 470 468
f 469 350 348
f 471 350 469
f 351 470 349
f 351 472 470
f 471 352 350
f 473 352 471
f 353 472 351
f 353 474 472
f 473 354 352
f 475 354 473
f 355 474 353
f 355 476 474
f 475 356 354
f 477 356 475
f 357 476 355
f 357 478 476
f 477 358 356
f 479 358 477
f 359 478 357
f 359 480 478
f 479 360 358
f 481 360 479
f 361 480 359
f 361 482 480
f 481 362 360
f 483 362 481
f 484 482 361
f 484 361 363
f 485 363 364
f 485 484 363
f 364 366 485
f 485 366 486
f 483 367 362
f 487 367 483
f 369 486 366
f 369 488 486
f 487 370 367
f 489 370 487
f 372 488 369
f 372 490 488
f 489 373 370
f 491 373 489
f 375 490 372
f 375 492 490
f 491 376 373
f 493 376 491
f 378 492 375
f 378 494 492
f 493 379 376
f 495 379 493
f 381 494 378
f 381 496 494
f 495 382 379
f 497 382 495
f 384 496 381
f 384 498 496
f 497 385 382
f 499 385 497
f 387 498 384
f 387 500 498
f 499 388 385
f 501 388 499
f 390 500 387
f 390 502 500
f 501 391 388
f 503 391 501
f 393 502 390
f 393 504 502
f 503 394 391
f 505 394 503
f 396 504 393
f 396 506 504
f 505 397 394
f 507 397 505
f 399 506 396
f 399 508 506
f 507 400 397
f 509 400 507
f 402 508 399
f 402 510 508
f 509 403 400
f 511 403 509
f 405 510 402
f 405 512 510
f 511 406 403
f 513 406 511
f 408 512 405
f 408 514 512
f 513 409 406
f 515 409 513
f 411 514 408
f 411 516 514
f 515 412 409
f 517 412 515
f 414 516 411
f 414 518 516
f 517 415 412
f 519 415 517
f 417 518 414
f 417 520 518
f 519 418 415
f 521 418 519
f 420 520 417
f 420 522 520
f 521 421 418
f 523 421 521
f 423 522 420
f 423 524 522
f 523 424 421
f 525 424 523
f 426 524 423
f 426 526 524
f 525 427 424
f 527 427 525
f 528 526 426
f 528 426 428
f 428 429 528
f 528 429 529
f 527 430 427
f 530 430 527
f 531 529 429
f 531 429 431
f 532 431 432
f 532 531 431
f 533 432 433
f 533 532 432
f 534 433 434
f 534 533 433
f 434 430 530
f 434 530 534
f 536 535 435
f 536 435 436
f 435 537 437
f 535 537 435
f 437 538 438
f 537 538 437
f 438 539 439
f 538 539 438
f 439 540 440
f 539 540 439
f 441 440 540
f 441 540 541
f 442 536 436
f 442 542 536
f 541 443 441
f 543 443 541
f 546 545 544
f 545 542 544
f 542 444 544
f 542 442 444
f 543 445 443
f 547 445 543
f 546 544 548
f 546 548 549
f 446 548 444
f 444 548 544
f 547 447 445
f 550 447 547
f 549 548 551
f 549 551 552
f 448 551 446
f 446 551 548
f 550 449 447
f 553 449 550
f 552 551 554
f 552 554 555
f 450 554 448
f 448 554 551
f 553 451 449
f 556 451 553
f 555 554 557
f 555 557 558
f 452 557 450
f 450 557 554
f 556 453 451
f 559 453 556
f 558 557 560
f 558 560 561
f 454 560 452
f 452 560 557
f 559 455 453
f 562 455 559
f 561 560 563
f 561 563 564
f 456 563 454
f 454 563 560
f 562 457 455
f 565 457 562
f 564 563 566
f 564 566 567
f 458 566 456
f 456 566 563
f 565 459 457
f 568 459 565
f 567 566 569
f 567 569 570
f 460 569 458
f 458 569 566
f 568 461 459
f 571 461 568
f 573 572 462
f 573 462 463
f 569 464 570
f 464 572 570
f 464 462 572
f 464 569 460
f 571 465 461
f 574 465 571
f 466 573 463
f 466 575 573
f 574 467 465
f 576 467 574
f 468 575 466
f 468 577 575
f 576 469 467
f 578 469 576
f 470 577 468
f 470 579 577
f 578 471 469
f 580 471 578
f 472 579 470
f 472 581 579
f 580 473 471
f 582 473 580
f 474 581 472
f 474 583 581
f 582 475 473
f 584 475 582
f 476 583 474
f 476 585 583
f 584 477 475
f 586 477 584
f 478 585 476
f 478 587 585
f 586 479 477
f 588 479 586
f 480 587 478
f 480 589 587
f 588 481 479
f 590 481 588
f 482 589 480
f 482 591 589
f 590 483 481
f 592 483 590
f 593 591 482
f 593 482 484
f 595 593 594
f 593 485 594
f 593 484 485
f 486 594 485
f 592 487 483
f 596 487 592
f 595 594 597
f 595 597 598
f 488 597 486
f 486 597 594
f 596 489 487
f 599 489 596
f 598 597 600
f 598 600 601
f 490 600 488
f 488 600 597
f 599 491 489
f 602 491 599
f 601 600 603
f 601 603 604
f 492 603 490
f 490 603 600
f 602 493 491
f 605 493 602
f 604 603 606
f 604 606 607
f 494 606 492
f 492 606 603
f 605 495 493
f 608 495 605
f 607 606 609
f 607 609 610
f 496 609 494
f 494 609 606
f 608 497 495
f 611 497 608
f 610 609 612
f 610 612 613
f 498 612 496
f 496 612 609
f 611 499 497
f 614 499 611
f 613 612 615
f 613 615 616
f 500 615 498
f 498 615 612
f 614 501 499
f 617 501 614
f 616 615 618
f 616 618 619
f 502 618 500
f 500 618 615
f 617 503 501
f 620 503 617
f 619 618 621
f 619 621 622
f 504 621 502
f 502 621 618
f 620 505 503
f 623 505 620
f 622 621 624
f 622 624 625
f 506 624 504
f 504 624 621
f 623 507 505
f 626 507 623
f 625 624 627
f 625 627 628
f 508 627 506
f 506 627 624
f 626 509 507
f 629 509 626
f 628 627 630
f 628 630 631
f 510 630 508
f 508 630 627
f 629 511 509
f 632 511 629
f 631 630 633
f 631 633 634
f 512 633 510
f 510 633 630
f 632 513 511
f 635 513 632
f 634 633 636
f 634 636 637
f 514 636 512
f 512 636 633
f 635 515 513
f 638 515 635
f 637 636 639
f 637 639 640
f 516 639 514
f 514 639 636
f 638 517 515
f 641 517 638
f 640 639 642
f 640 642 643
f 518 642 516
f 516 642 639
f 641 519 517
f 644 519 641
f 643 642 645
f 643 645 646
f 520 645 518
f 518 645 642
f 644 521 519
f 647 521 644
f 646 645 648
f 646 648 649
f 522 648 520
f 520 648 645
f 647 523 521
f 650 523 647
f 649 648 651
f 649 651 652
f 524 651 522
f 522 651 648
f 650 525 523
f 653 525 650
f 654 652 651
f 651 524 654
f 524 655 654
f 524 526 655
f 653 527 525
f 656 527 653
f 657 655 526
f 657 526 528
f 528 529 657
f 657 529 658
f 656 530 527
f 659 530 656
f 660 658 529
f 660 529 531
f 661 531 532
f 661 660 531
f 662 532 533
f 662 661 532
f 663 533 534
f 663 662 533
f 534 530 659
f 534 659 663
f 665 664 535
f 665 535 536
f 535 666 537
f 664 666 535
f 537 667 538
f 666 667 537
f 538 668 539
f 667 668 538
f 539 669 540
f 668 669 539
f 541 540 669
f 541 669 670
f 542 665 536
f 542 671 665
f 670 543 541
f 672 543 670
f 674 673 545
f 674 545 546
f 542 545 671
f 671 545 673
f 672 547 543
f 675 547 672
f 678 677 676
f 677 674 676
f 674 549 676
f 674 546 549
f 675 550 547
f 679 550 675
f 680 678 676
f 676 549 680
f 549 681 680
f 549 552 681
f 679 553 550
f 682 553 679
f 555 681 552
f 555 683 681
f 682 556 553
f 684 556 682
f 558 683 555
f 558 685 683
f 684 559 556
f 686 559 684
f 561 685 558
f 561 687 685
f 686 562 559
f 688 562 686
f 564 687 561
f 564 689 687
f 688 565 562
f 690 565 688
f 567 689 564
f 567 691 689
f 690 568 565
f 692 568 690
f 570 691 567
f 570 693 691
f 692 571 568
f 694 571 692
f 696 695 572
f 696 572 573
f 570 572 693
f 693 572 695
f 694 574 571
f 697 574 694
f 575 696 573
f 575 698 696
f 697 576 574
f 699 576 697
f 577 698 575
f 577 700 698
f 699 578 576
f 701 578 699
f 579 700 577
f 579 702 700
f 701 580 578
f 703 580 701
f 581 702 579
f 581 704 702
f 703 582 580
f 705 582 703
f 583 704 581
f 583 706 704
f 705 584 582
f 707 584 705
f 585 706 583
f 585 708 706
f 707 586 584
f 709 586 707
f 587 708 585
f 587 710 708
f 709 588 586
f 711 588 709
f 589 710 587
f 589 712 710
f 711 590 588
f 713 590 711
f 591 712 589
f 591 714 712
f 713 592 590
f 715 592 713
f 716 714 591
f 716 591 593
f 593 595 716
f 716 595 717
f 715 596 592
f 718 596 715
f 598 717 595
f 598 719 717
f 718 599 596
f 720 599 718
f 723 722 721
f 722 719 721
f 719 601 721
f 719 598 601
f 720 602 599
f 724 602 720
f 725 723 721
f 721 601 725
f 601 726 725
f 601 604 726
f 724 605 602
f 727 605 724
f 607 726 604
f 607 728 726
f 727 608 605
f 729 608 727
f 732 731 730
f 731 728 730
f 728 610 730
f 728 607 610
f 729 611 608
f 733 611 729
f 734 732 730
f 730 610 734
f 610 735 734
f 610 613 735
f 733 614 611
f 736 614 733
f 739 738 737
f 738 735 737
f 735 616 737
f 735 613 616
f 736 617 614
f 740 617 736
f 741 739 737
f 737 616 741
f 616 742 741
f 616 619 742
f 740 620 617
f 743 620 740
f 746 745 744
f 745 742 744
f 742 622 744
f 742 619 622
f 743 623 620
f 747 623 743
f 748 746 744
f 744 622 748
f 622 749 748
f 622 625 749
f 747 626 623
f 750 626 747
f 753 752 751
f 752 749 751
f 749 628 751
f 749 625 628
f 750 629 626
f 754 629 750
f 755 753 751
f 751 628 755
f 628 756 755
f 628 631 756
f 754 632 629
f 757 632 754
f 634 756 631
f 634 758 756
f 757 635 632
f 759 635 757
f 762 761 760
f 761 758 760
f 758 637 760
f 758 634 637
f 759 638 635
f 763 638 759
f 764 762 760
f 760 637 764
f 637 765 764
f 637 640 765
f 763 641 638
f 766 641 763
f 769 768 767
f 768 765 767
f 765 643 767
f 765 640 643
f 766 644 641
f 770 644 766
f 771 769 767
f 767 643 771
f 643 772 771
f 643 646 772
f 770 647 644
f 773 647 770
f 649 772 646
f 649 774 772
f 773 650 647
f 775 650 773
f 652 774 649
f 652 776 774
f 775 653 650
f 777 653 775
f 778 776 652
f 778 652 654
f 654 655 778
f 778 655 779
f 777 656 653
f 780 656 777
f 781 779 655
f 781 655 657
f 657 658 781
f 781 658 782
f 780 659 656
f 783 659 780
f 784 782 658
f 784 658 660
f 785 660 661
f 785 784 660
f 786 661 662
f 786 785 661
f 787 662 663
f 787 786 662
f 663 659 783
f 663 783 787
f 789 788 664
f 789 664 665
f 664 790 666
f 788 790 664
f 666 791 667
f 790 791 666
f 667 792 668
f 791 792 667
f 668 793 669
f 792 793 668
f 670 669 793
f 670 793 794
f 671 789 665
f 671 795 789
f 794 672 670
f 796 672 794
f 798 797 673
f 798 673 674
f 671 673 795
f 795 673 797
f 796 675 672
f 799 675 796
f 801 800 677
f 801 677 678
f 674 677 798
f 798 677 800
f 799 679 675
f 802 679 799
f 678 680 803
f 804 678 803
f 801 678 804
f 681 803 680
f 802 682 679
f 805 682 802
f 804 803 806
f 804 806 807
f 683 806 681
f 681 806 803
f 805 684 682
f 808 684 805
f 807 806 809
f 807 809 810
f 685 809 683
f 683 809 806
f 808 686 684
f 811 686 808
f 810 809 812
f 810 812 813
f 687 812 685
f 685 812 809
f 811 688 686
f 814 688 811
f 813 812 815
f 813 815 816
f 689 815 687
f 687 815 812
f 814 690 688
f 817 690 814
f 816 815 818
f 816 818 819
f 691 818 689
f 689 818 815
f 817 692 690
f 820 692 817
f 819 818 821
f 819 821 822
f 693 821 691
f 691 821 818
f 820 694 692
f 823 694 820
f 822 821 695
f 696 822 695
f 824 822 696
f 695 821 693
f 823 697 694
f 825 697 823
f 698 824 696
f 698 826 824
f 825 699 697
f 827 699 825
f 700 826 698
f 700 828 826
f 827 701 699
f 829 701 827
f 702 828 700
f 702 830 828
f 829 703 701
f 831 703 829
f 704 830 702
f 704 832 830
f 831 705 703
f 833 705 831
f 706 832 704
f 706 834 832
f 833 707 705
f 835 707 833
f 708 834 706
f 708 836 834
f 835 709 707
f 837 709 835
f 710 836 708
f 710 838 836
f 837 711 709
f 839 711 837
f 712 838 710
f 712 840 838
f 839 713 711
f 841 713 839
f 714 840 712
f 714 842 840
f 841 715 713
f 843 715 841
f 714 716 844
f 845 714 844
f 842 714 845
f 717 844 716
f 843 718 715
f 846 718 843
f 845 844 847
f 845 847 848
f 719 847 717
f 717 847 844
f 846 720 718
f 849 720 846
f 848 847 722
f 723 848 722
f 850 848 723
f 722 847 719
f 849 724 720
f 851 724 849
f 723 725 852
f 853 723 852
f 850 723 853
f 726 852 725
f 851 727 724
f 854 727 851
f 853 852 855
f 853 855 856
f 728 855 726
f 726 855 852
f 854 729 727
f 857 729 854
f 856 855 731
f 732 856 731
f 858 856 732
f 731 855 728
f 857 733 729
f 859 733 857
f 732 734 860
f 861 732 860
f 858 732 861
f 735 860 734
f 859 736 733
f 862 736 859
f 861 860 738
f 739 861 738
f 863 861 739
f 738 860 735
f 862 740 736
f 864 740 862
f 739 741 865
f 866 739 865
f 863 739 866
f 742 865 741
f 864 743 740
f 867 743 864
f 866 865 745
f 746 866 745
f 868 866 746
f 745 865 742
f 867 747 743
f 869 747 867
f 746 748 870
f 871 746 870
f 868 746 871
f 749 870 748
f 869 750 747
f 872 750 869
f 871 870 752
f 753 871 752
f 873 871 753
f 752 870 749
f 872 754 750
f 874 754 872
f 753 755 875
f 876 753 875
f 873 753 876
f 756 875 755
f 874 757 754
f 877 757 874
f 876 875 878
f 876 878 879
f 758 878 756
f 756 878 875
f 877 759 757
f 880 759 877
f 879 878 761
f 762 879 761
f 881 879 762
f 761 878 758
f 880 763 759
f 882 763 880
f 762 764 883
f 884 762 883
f 881 762 884
f 765 883 764
f 882 766 763
f 885 766 882
f 884 883 768
f 769 884 768
f 886 884 769
f 768 883 765
f 885 770 766
f 887 770 885
f 769 771 888
f 889 769 888
f 886 769 889
f 772 888 771
f 887 773 770
f 890 773 887
f 891 889 888
f 888 772 891
f 772 892 891
f 772 774 892
f 890 775 773
f 893 775 890
f 776 892 774
f 776 894 892
f 893 777 775
f 895 777 893
f 896 894 776
f 896 776 778
f 778 779 896
f 896 779 897
f 895 780 777
f 898 780 895
f 899 897 779
f 899 779 781
f 781 782 899
f 899 782 900
f 898 783 780
f 901 783 898
f 902 900 782
f 902 782 784
f 903 784 785
f 903 902 784
f 904 785 786
f 904 903 785
f 905 786 787
f 905 904 786
f 787 783 901
f 787 901 905
f 908 907 906
f 909 906 907
f 908 906 910
f 908 910 911
f 906 909 912
f 906 912 910
f 913 911 910
f 913 910 912
f 915 914 788
f 915 788 789
f 788 916 790
f 914 916 788
f 790 917 791
f 916 917 790
f 791 918 792
f 917 918 791
f 792 919 793
f 918 919 792
f 794 793 919
f 794 919 920
f 795 915 789
f 795 921 915
f 920 796 794
f 922 796 920
f 924 923 797
f 924 797 798
f 795 797 921
f 921 797 923
f 922 799 796
f 925 799 922
f 927 926 800
f 927 800 801
f 798 800 924
f 924 800 926
f 925 802 799
f 928 802 925
f 804 927 801
f 804 929 927
f 928 805 802
f 930 805 928
f 933 932 931
f 932 929 931
f 929 807 931
f 929 804 807
f 930 808 805
f 934 808 930
f 933 931 935
f 933 935 936
f 810 935 807
f 807 935 931
f 934 811 808
f 937 811 934
f 936 935 938
f 936 938 939
f 813 938 810
f 810 938 935
f 937 814 811
f 940 814 937
f 939 938 941
f 939 941 942
f 816 941 813
f 813 941 938
f 940 817 814
f 943 817 940
f 942 941 944
f 942 944 945
f 819 944 816
f 816 944 941
f 943 820 817
f 946 820 943
f 945 944 947
f 945 947 948
f 822 947 819
f 819 947 944
f 946 823 820
f 949 823 946
f 948 947 950
f 948 950 951
f 824 950 822
f 822 950 947
f 949 825 823
f 952 825 949
f 951 950 953
f 951 953 954
f 826 953 824
f 824 953 950
f 952 827 825
f 955 827 952
f 954 953 956
f 954 956 957
f 828 956 826
f 826 956 953
f 955 829 827
f 958 829 955
f 957 956 959
f 957 959 960
f 830 959 828
f 828 959 956
f 958 831 829
f 961 831 958
f 960 959 962
f 960 962 963
f 832 962 830
f 830 962 959
f 961 833 831
f 964 833 961
f 963 962 965
f 963 965 966
f 834 965 832
f 832 965 962
f 964 835 833
f 967 835 964
f 966 965 968
f 966 968 969
f 836 968 834
f 834 968 965
f 967 837 835
f 970 837 967
f 969 968 971
f 969 971 972
f 838 971 836
f 836 971 968
f 970 839 837
f 973 839 970
f 972 971 974
f 972 974 975
f 840 974 838
f 838 974 971
f 973 841 839
f 976 841 973
f 975 974 977
f 975 977 978
f 842 977 840
f 840 977 974
f 976 843 841
f 979 843 976
f 978 977 980
f 978 980 981
f 845 980 842
f 842 980 977
f 979 846 843
f 982 846 979
f 981 980 983
f 981 983 984
f 848 983 845
f 845 983 980
f 982 849 846
f 985 849 982
f 984 983 986
f 984 986 987
f 850 986 848
f 848 986 983
f 985 851 849
f 988 851 985
f 987 986 989
f 987 989 990
f 853 989 850
f 850 989 986
f 988 854 851
f 991 854 988
f 990 989 992
f 990 992 993
f 856 992 853
f 853 992 989
f 991 857 854
f 994 857 991
f 993 992 995
f 993 995 996
f 858 995 856
f 856 995 992
f 994 859 857
f 997 859 994
f 996 995 998
f 996 998 999
f 861 998 858
f 858 998 995
f 997 862 859
f 1000 862 997
f 999 998 1001
f 999 1001 1002
f 863 1001 861
f 861 1001 998
f 1000 864 862
f 1003 864 1000
f 1002 1001 1004
f 1002 1004 1005
f 866 1004 863
f 863 1004 1001
f 1003 867 864
f 1006 867 1003
f 1005 1004 1007
f 1005 1007 1008
f 868 1007 866
f 866 1007 1004
f 1006 869 867
f 1009 869 1006
f 1008 1007 1010
f 1008 1010 1011
f 871 1010 868
f 868 1010 1007
f 1009 872 869
f 1012 872 1009
f 1011 1010 1013
f 1011 1013 1014
f 873 1013 871
f 871 1013 1010
f 1012 874 872
f 1015 874 1012
f 1014 1013 1016
f 1014 1016 1017
f 876 1016 873
f 873 1016 1013
f 1015 877 874
f 1018 877 1015
f 1017 1016 1019
f 1017 1019 1020
f 879 1019 876
f 876 1019 1016
f 1018 880 877
f 1021 880 1018
f 1020 1019 1022
f 1020 1022 1023
f 881 1022 879
f 879 1022 1019
f 1021 882 880
f 1024 882 1021
f 1023 1022 1025
f 1023 1025 1026
f 884 1025 881
f 881 1025 1022
f 1024 885 882
f 1027 885 1024
f 1026 1025 1028
f 1026 1028 1029
f 886 1028 884
f 884 1028 1025
f 1027 887 885
f 1030 887 1027
f 1031 1029 1028
f 1028 886 1031
f 886 1032 1031
f 886 889 1032
f 1030 890 887
f 1033 890 1030
f 1034 1032 889
f 1034 889 891
f 891 892 1034
f 1034 892 1035
f 1033 893 890
f 1036 893 1033
f 894 1035 892
f 894 1037 1035
f 1036 895 893
f 1038 895 1036
f 1039 1037 894
f 1039 894 896
f 896 897 1039
f 1039 897 1040
f 1038 898 895
f 1041 898 1038
f 1042 1040 897
f 1042 897 899
f 899 900 1042
f 1042 900 1043
f 1041 901 898
f 1044 901 1041
f 1045 1043 900
f 1045 900 902
f 1046 902 903
f 1046 1045 902
f 1047 903 904
f 1047 1046 903
f 1048 904 905
f 1048 1047 904
f 905 901 1044
f 905 1044 1048
f 1051 1050 1049
f 907 908 1049
f 1050 907 1049
f 1052 907 1050
f 1054 1053 909
f 907 1054 909
f 1052 1054 907
f 1055 1053 1054
f 1051 1049 1056
f 1051 1056 1057
f 911 1056 908
f 908 1056 1049
f 1058 912 1053
f 1053 912 909
f 1053 1055 1059
f 1053 1059 1058
f 1057 1056 1060
f 1057 1060 1061
f 913 1062 911
f 1062 1056 911
f 1062 1060 1056
f 1063 1062 913
f 1063 913 912
f 1064 1063 912
f 1058 1064 912
f 1064 1058 1059
f 1065 1061 1060
f 1065 1060 1062
f 1065 1062 1066
f 1066 1062 1063
f 1068 1067 914
f 1068 914 915
f 914 1069 916
f 1067 1069 914
f 916 1070 917
f 1069 1070 916
f 917 1071 918
f 1070 1071 917
f 918 1072 919
f 1071 1072 918
f 920 919 1072
f 920 1072 1073
f 921 1068 915
f 921 1074 1068
f 1073 922 920
f 1075 922 1073
f 1077 1076 923
f 1077 923 924
f 921 923 1074
f 1074 923 1076
f 1075 925 922
f 1078 925 1075
f 1080 1079 926
f 1080 926 927
f 924 926 1077
f 1077 926 1079
f 1078 928 925
f 1081 928 1078
f 929 1080 927
f 929 1082 1080
f 1081 930 928
f 1083 930 1081
f 1085 1084 932
f 1085 932 933
f 929 932 1082
f 1082 932 1084
f 1083 934 930
f 1086 934 1083
f 936 1085 933
f 936 1087 1085
f 1086 937 934
f 1088 937 1086
f 939 1087 936
f 939 1089 1087
f 1088 940 937
f 1090 940 1088
f 942 1089 939
f 942 1091 1089
f 1090 943 940
f 1092 943 1090
f 945 1091 942
f 945 1093 1091
f 1092 946 943
f 1094 946 1092
f 948 1093 945
f 948 1095 1093
f 1094 949 946
f 1096 949 1094
f 951 1095 948
f 951 1097 1095
f 1096 952 949
f 1098 952 1096
f 954 1097 951
f 954 1099 1097
f 1098 955 952
f 1100 955 1098
f 957 1099 954
f 957 1101 1099
f 1100 958 955
f 1102 958 1100
f 960 1101 957
f 960 1103 1101
f 1102 961 958
f 1104 961 1102
f 963 1103 960
f 963 1105 1103
f 1104 964 961
f 1106 964 1104
f 966 1105 963
f 966 1107 1105
f 1106 967 964
f 1108 967 1106
f 969 1107 966
f 969 1109 1107
f 1108 970 967
f 1110 970 1108
f 972 1109 969
f 972 1111 1109
f 1110 973 970
f 1112 973 1110
f 975 1111 972
f 975 1113 1111
f 1112 976 973
f 1114 976 1112
f 978 1113 975
f 978 1115 1113
f 1114 979 976
f 1116 979 1114
f 981 1115 978
f 981 1117 1115
f 1116 982 979
f 1118 982 1116
f 984 1117 981
f 984 1119 1117
f 1118 985 982
f 1120 985 1118
f 987 1119 984
f 987 1121 1119
f 1120 988 985
f 1122 988 1120
f 990 1121 987
f 990 1123 1121
f 1122 991 988
f 1124 991 1122
f 993 1123 990
f 993 1125 1123
f 1124 994 991
f 1126 994 1124
f 996 1125 993
f 996 1127 1125
f 1126 997 994
f 1128 997 1126
f 999 1127 996
f 999 1129 1127
f 1128 1000 997
f 1130 1000 1128
f 1002 1129 999
f 1002 1131 1129
f 1130 1003 1000
f 1132 1003 1130
f 1005 1131 1002
f 1005 1133 1131
f 1132 1006 1003
f 1134 1006 1132
f 1008 1133 1005
f 1008 1135 1133
f 1134 1009 1006
f 1136 1009 1134
f 1011 1135 1008
f 1011 1137 1135
f 1136 1012 1009
f 1138 1012 1136
f 1014 1137 1011
f 1014 1139 1137
f 1138 1015 1012
f 1140 1015 1138
f 1017 1139 1014
f 1017 1141 1139
f 1140 1018 1015
f 1142 1018 1140
f 1020 1141 1017
f 1020 1143 1141
f 1142 1021 1018
f 1144 1021 1142
f 1023 1143 1020
f 1023 1145 1143
f 1144 1024 1021
f 1146 1024 1144
f 1026 1145 1023
f 1026 1147 1145
f 1146 1027 1024
f 1148 1027 1146
f 1029 1147 1026
f 1029 1149 1147
f 1148 1030 1027
f 1150 1030 1148
f 1151 1149 1029
f 1151 1029 1031
f 1031 1032 1151
f 1151 1032 1152
f 1150 1033 1030
f 1153 1033 1150
f 1154 1152 1032
f 1154 1032 1034
f 1034 1035 1154
f 1154 1035 1155
f 1153 1036 1033
f 1156 1036 1153
f 1037 1155 1035
f 1037 1157 1155
f 1156 1038 1036
f 1158 1038 1156
f 1159 1157 1037
f 1159 1037 1039
f 1039 1040 1159
f 1159 1040 1160
f 1158 1041 1038
f 1161 1041 1158
f 1162 1160 1040
f 1162 1040 1042
f 1042 1043 1162
f 1162 1043 1163
f 1161 1044 1041
f 1164 1044 1161
f 1165 1163 1043
f 1165 1043 1045
f 1166 1045 1046
f 1166 1165 1045
f 1167 1046 1047
f 1167 1166 1046
f 1168 1047 1048
f 1168 1167 1047
f 1048 1044 1164
f 1048 1164 1168
f 1171 1170 1169
f 1050 1051 1169
f 1170 1050 1169
f 1172 1050 1170
f 1050 1173 1052
f 1172 1173 1050
f 1052 1174 1054
f 1173 1174 1052
f 1176 1175 1055
f 1054 1176 1055
f 1174 1176 1054
f 1177 1175 1176
f 1171 1169 1178
f 1171 1178 1179
f 1057 1178 1051
f 1051 1178 1169
f 1180 1059 1175
f 1175 1059 1055
f 1175 1177 1181
f 1175 1181 1180
f 1179 1178 1182
f 1179 1182 1183
f 1061 1182 1057
f 1057 1182 1178
f 1184 1063 1064
f 1185 1184 1064
f 1185 1064 1059
f 1186 1185 1059
f 1180 1186 1059
f 1186 1180 1181
f 1187 1183 1182
f 1187 1182 1061
f 1065 1187 1061
f 1188 1187 1065
f 1189 1065 1066
f 1189 1188 1065
f 1066 1063 1184
f 1190 1066 1184
f 1189 1066 1190
f 1190 1184 1185
f 1192 1191 1067
f 1192 1067 1068
f 1067 1193 1069
f 1191 1193 1067
f 1069 1194 1070
f 1193 1194 1069
f 1070 1195 1071
f 1194 1195 1070
f 1071 1196 1072
f 1195 1196 1071
f 1073 1072 1196
f 1073 1196 1197
f 1074 1192 1068
f 1074 1198 1192
f 1197 1075 1073
f 1199 1075 1197
f 1201 1200 1076
f 1201 1076 1077
f 1074 1076 1198
f 1198 1076 1200
f 1199 1078 1075
f 1202 1078 1199
f 1204 1203 1079
f 1204 1079 1080
f 1077 1079 1201
f 1201 1079 1203
f 1202 1081 1078
f 1205 1081 1202
f 1082 1204 1080
f 1082 1206 1204
f 1205 1083 1081
f 1207 1083 1205
f 1209 1208 1084
f 1209 1084 1085
f 1082 1084 1206
f 1206 1084 1208
f 1207 1086 1083
f 1210 1086 1207
f 1213 1212 1211
f 1212 1209 1211
f 1209 1087 1211
f 1209 1085 1087
f 1210 1088 1086
f 1214 1088 1210
f 1213 1211 1215
f 1213 1215 1216
f 1089 1215 1087
f 1087 1215 1211
f 1214 1090 1088
f 1217 1090 1214
f 1216 1215 1218
f 1216 1218 1219
f 1091 1218 1089
f 1089 1218 1215
f 1217 1092 1090
f 1220 1092 1217
f 1219 1218 1221
f 1219 1221 1222
f 1093 1221 1091
f 1091 1221 1218
f 1220 1094 1092
f 1223 1094 1220
f 1222 1221 1224
f 1222 1224 1225
f 1095 1224 1093
f 1093 1224 1221
f 1223 1096 1094
f 1226 1096 1223
f 1225 1224 1227
f 1225 1227 1228
f 1097 1227 1095
f 1095 1227 1224
f 1226 1098 1096
f 1229 1098 1226
f 1228 1227 1230
f 1228 1230 1231
f 1099 1230 1097
f 1097 1230 1227
f 1229 1100 1098
f 1232 1100 1229
f 1231 1230 1233
f 1231 1233 1234
f 1101 1233 1099
f 1099 1233 1230
f 1232 1102 1100
f 1235 1102 1232
f 1234 1233 1236
f 1234 1236 1237
f 1103 1236 1101
f 1101 1236 1233
f 1235 1104 1102
f 1238 1104 1235
f 1237 1236 1239
f 1237 1239 1240
f 1105 1239 1103
f 1103 1239 1236
f 1238 1106 1104
f 1241 1106 1238
f 1240 1239 1242
f 1240 1242 1243
f 1107 1242 1105
f 1105 1242 1239
f 1241 1108 1106
f 1244 1108 1241
f 1243 1242 1245
f 1243 1245 1246
f 1109 1245 1107
f 1107 1245 1242
f 1244 1110 1108
f 1247 1110 1244
f 1246 1245 1248
f 1246 1248 1249
f 1111 1248 1109
f 1109 1248 1245
f 1247 1112 1110
f 1250 1112 1247
f 1249 1248 1251
f 1249 1251 1252
f 1113 1251 1111
f 1111 1251 1248
f 1250 1114 1112
f 1253 1114 1250
f 1252 1251 1254
f 1252 1254 1255
f 1115 1254 1113
f 1113 1254 1251
f 1253 1116 1114
f 1256 1116 1253
f 1255 1254 1257
f 1255 1257 1258
f 1117 1257 1115
f 1115 1257 1254
f 1256 1118 1116
f 1259 1118 1256
f 1258 1257 1260
f 1258 1260 1261
f 1119 1260 1117
f 1117 1260 1257
f 1259 1120 1118
f 1262 1120 1259
f 1261 1260 1263
f 1261 1263 1264
f 1121 1263 1119
f 1119 1263 1260
f 1262 1122 1120
f 1265 1122 1262
f 1264 1263 1266
f 1264 1266 1267
f 1123 1266 1121
f 1121 1266 1263
f 1265 1124 1122
f 1268 1124 1265
f 1267 1266 1269
f 1267 1269 1270
f 1125 1269 1123
f 1123 1269 1266
f 1268 1126 1124
f 1271 1126 1268
f 1270 1269 1272
f 1270 1272 1273
f 1127 1272 1125
f 1125 1272 1269
f 1271 1128 1126
f 1274 1128 1271
f 1273 1272 1275
f 1273 1275 1276
f 1129 1275 1127
f 1127 1275 1272
f 1274 1130 1128
f 1277 1130 1274
f 1276 1275 1278
f 1276 1278 1279
f 1131 1278 1129
f 1129 1278 1275
f 1277 1132 1130
f 1280 1132 1277
f 1279 1278 1281
f 1279 1281 1282
f 1133 1281 1131
f 1131 1281 1278
f 1280 1134 1132
f 1283 1134 1280
f 1282 1281 1284
f 1282 1284 1285
f 1135 1284 1133
f 1133 1284 1281
f 1283 1136 1134
f 1286 1136 1283
f 1285 1284 1287
f 1285 1287 1288
f 1137 1287 1135
f 1135 1287 1284
f 1286 1138 1136
f 1289 1138 1286
f 1288 1287 1290
f 1288 1290 1291
f 1139 1290 1137
f 1137 1290 1287
f 1289 1140 1138
f 1292 1140 1289
f 1291 1290 1293
f 1291 1293 1294
f 1141 1293 1139
f 1139 1293 1290
f 1292 1142 1140
f 1295 1142 1292
f 1294 1293 1296
f 1294 1296 1297
f 1143 1296 1141
f 1141 1296 1293
f 1295 1144 1142
f 1298 1144 1295
f 1297 1296 1299
f 1297 1299 1300
f 1145 1299 1143
f 1143 1299 1296
f 1298 1146 1144
f 1301 1146 1298
f 1302 1300 1299
f 1299 1145 1302
f 1145 1303 1302
f 1145 1147 1303
f 1301 1148 1146
f 1304 1148 1301
f 1149 1303 1147
f 1149 1305 1303
f 1304 1150 1148
f 1306 1150 1304
f 1307 1305 1149
f 1307 1149 1151
f 1151 1152 1307
f 1307 1152 1308
f 1306 1153 1150
f 1309 1153 1306
f 1310 1308 1152
f 1310 1152 1154
f 1154 1155 1310
f 1310 1155 1311
f 1309 1156 1153
f 1312 1156 1309
f 1157 1311 1155
f 1157 1313 1311
f 1312 1158 1156
f 1314 1158 1312
f 1315 1313 1157
f 1315 1157 1159
f 1159 1160 1315
f 1315 1160 1316
f 1314 1161 1158
f 1317 1161 1314
f 1318 1316 1160
f 1318 1160 1162
f 1162 1163 1318
f 1318 1163 1319
f 1317 1164 1161
f 1320 1164 1317
f 1321 1319 1163
f 1321 1163 1165
f 1322 1165 1166
f 1322 1321 1165
f 1323 1166 1167
f 1323 1322 1166
f 1324 1167 1168
f 1324 1323 1167
f 1168 1164 1320
f 1168 1320 1324
f 1327 1326 1325
f 1170 1171 1325
f 1326 1170 1325
f 1328 1170 1326
f 1170 1329 1172
f 1328 1329 1170
f 1172 1330 1173
f 1329 1330 1172
f 1173 1331 1174
f 1330 1331 1173
f 1174 1332 1176
f 1331 1332 1174
f 1334 1333 1177
f 1176 1334 1177
f 1332 1334 1176
f 1335 1333 1334
f 1327 1325 1336
f 1327 1336 1337
f 1179 1336 1171
f 1171 1336 1325
f 1338 1181 1333
f 1333 1181 1177
f 1333 1335 1339
f 1333 1339 1338
f 1337 1336 1340
f 1337 1340 1341
f 1183 1340 1179
f 1179 1340 1336
f 1342 1185 1186
f 1343 1342 1186
f 1343 1186 1181
f 1344 1343 1181
f 1338 1344 1181
f 1344 1338 1339
f 1345 1341 1340
f 1345 1340 1183
f 1187 1345 1183
f 1346 1345 1187
f 1347 1187 1188
f 1347 1346 1187
f 1348 1188 1189
f 1348 1347 1188
f 1349 1189 1190
f 1349 1348 1189
f 1190 1185 1342
f 1350 1190 1342
f 1349 1190 1350
f 1350 1342 1343
f 1352 1351 1191
f 1352 1191 1192
f 1191 1353 1193
f 1351 1353 1191
f 1193 1354 1194
f 1353 1354 1193
f 1194 1355 1195
f 1354 1355 1194
f 1195 1356 1196
f 1355 1356 1195
f 1197 1196 1356
f 1197 1356 1357
f 1198 1352 1192
f 1198 1358 1352
f 1357 1199 1197
f 1359 1199 1357
f 1361 1360 1200
f 1361 1200 1201
f 1198 1200 1358
f 1358 1200 1360
f 1359 1202 1199
f 1362 1202 1359
f 1364 1363 1203
f 1364 1203 1204
f 1201 1203 1361
f 1361 1203 1363
f 1362 1205 1202
f 1365 1205 1362
f 1206 1364 1204
f 1206 1366 1364
f 1365 1207 1205
f 1367 1207 1365
f 1369 1368 1208
f 1369 1208 1209
f 1206 1208 1366
f 1366 1208 1368
f 1367 1210 1207
f 1370 1210 1367
f 1372 1371 1212
f 1372 1212 1213
f 1209 1212 1369
f 1369 1212 1371
f 1370 1214 1210
f 1373 1214 1370
f 1216 1372 1213
f 1216 1374 1372
f 1373 1217 1214
f 1375 1217 1373
f 1219 1374 1216
f 1219 1376 1374
f 1375 1220 1217
f 1377 1220 1375
f 1222 1376 1219
f 1222 1378 1376
f 1377 1223 1220
f 1379 1223 1377
f 1225 1378 1222
f 1225 1380 1378
f 1379 1226 1223
f 1381 1226 1379
f 1228 1380 1225
f 1228 1382 1380
f 1381 1229 1226
f 1383 1229 1381
f 1231 1382 1228
f 1231 1384 1382
f 1383 1232 1229
f 1385 1232 1383
f 1234 1384 1231
f 1234 1386 1384
f 1385 1235 1232
f 1387 1235 1385
f 1237 1386 1234
f 1237 1388 1386
f 1387 1238 1235
f 1389 1238 1387
f 1240 1388 1237
f 1240 1390 1388
f 1389 1241 1238
f 1391 1241 1389
f 1243 1390 1240
f 1243 1392 1390
f 1391 1244 1241
f 1393 1244 1391
f 1246 1392 1243
f 1246 1394 1392
f 1393 1247 1244
f 1395 1247 1393
f 1249 1394 1246
f 1249 1396 1394
f 1395 1250 1247
f 1397 1250 1395
f 1252 1396 1249
f 1252 1398 1396
f 1397 1253 1250
f 1399 1253 1397
f 1255 1398 1252
f 1255 1400 1398
f 1399 1256 1253
f 1401 1256 1399
f 1258 1400 1255
f 1258 1402 1400
f 1401 1259 1256
f 1403 1259 1401
f 1261 1402 1258
f 1261 1404 1402
f 1403 1262 1259
f 1405 1262 1403
f 1264 1404 1261
f 1264 1406 1404
f 1405 1265 1262
f 1407 1265 1405
f 1267 1406 1264
f 1267 1408 1406
f 1407 1268 1265
f 1409 1268 1407
f 1270 1408 1267
f 1270 1410 1408
f 1409 1271 1268
f 1411 1271 1409
f 1273 1410 1270
f 1273 1412 1410
f 1411 1274 1271
f 1413 1274 1411
f 1276 1412 1273
f 1276 1414 1412
f 1413 1277 1274
f 1415 1277 1413
f 1279 1414 1276
f 1279 1416 1414
f 1415 1280 1277
f 1417 1280 1415
f 1282 1416 1279
f 1282 1418 1416
f 1417 1283 1280
f 1419 1283 1417
f 1285 1418 1282
f 1285 1420 1418
f 1419 1286 1283
f 1421 1286 1419
f 1288 1420 1285
f 1288 1422 1420
f 1421 1289 1286
f 1423 1289 1421
f 1291 1422 1288
f 1291 1424 1422
f 1423 1292 1289
f 1425 1292 1423
f 1294 1424 1291
f 1294 1426 1424
f 1425 1295 1292
f 1427 1295 1425
f 1297 1426 1294
f 1297 1428 1426
f 1427 1298 1295
f 1429 1298 1427
f 1300 1428 1297
f 1300 1430 1428
f 1429 1301 1298
f 1431 1301 1429
f 1432 1430 1300
f 1432 1300 1302
f 1302 1303 1432
f 1432 1303 1433
f 1431 1304 1301
f 1434 1304 1431
f 1305 1433 1303
f 1305 1435 1433
f 1434 1306 1304
f 1436 1306 1434
f 1437 1435 1305
f 1437 1305 1307
f 1307 1308 1437
f 1437 1308 1438
f 1436 1309 1306
f 1439 1309 1436
f 1440 1438 1308
f 1440 1308 1310
f 1310 1311 1440
f 1440 1311 1441
f 1439 1312 1309
f 1442 1312 1439
f 1313 1441 1311
f 1313 1443 1441
f 1442 1314 1312
f 1444 1314 1442
f 1445 1443 1313
f 1445 1313 1315
f 1315 1316 1445
f 1445 1316 1446
f 1444 1317 1314
f 1447 1317 1444
f 1448 1446 1316
f 1448 1316 1318
f 1318 1319 1448
f 1448 1319 1449
f 1447 1320 1317
f 1450 1320 1447
f 1451 1449 1319
f 1451 1319 1321
f 1452 1321 1322
f 1452 1451 1321
f 1453 1322 1323
f 1453 1452 1322
f 1454 1323 1324
f 1454 1453 1323
f 1324 1320 1450
f 1324 1450 1454
f 1457 1456 1455
f 1326 1327 1455
f 1456 1326 1455
f 1458 1326 1456
f 1326 1459 1328
f 1458 1459 1326
f 1328 1460 1329
f 1459 1460 1328
f 1329 1461 1330
f 1460 1461 1329
f 1330 1462 1331
f 1461 1462 1330
f 1331 1463 1332
f 1462 1463 1331
f 1332 1464 1334
f 1463 1464 1332
f 1466 1465 1335
f 1334 1466 1335
f 1464 1466 1334
f 1467 1465 1466
f 1457 1455 1468
f 1457 1468 1469
f 1337 1468 1327
f 1327 1468 1455
f 1470 1339 1465
f 1465 1339 1335
f 1465 1467 1471
f 1465 1471 1470
f 1469 1468 1472
f 1469 1472 1473
f 1341 1472 1337
f 1337 1472 1468
f 1474 1343 1344
f 1475 1474 1344
f 1475 1344 1339
f 1476 1475 1339
f 1470 1476 1339
f 1476 1470 1471
f 1477 1473 1472
f 1477 1472 1341
f 1345 1477 1341
f 1478 1477 1345
f 1479 1345 1346
f 1479 1478 1345
f 1480 1346 1347
f 1480 1479 1346
f 1481 1347 1348
f 1481 1480 1347
f 1482 1348 1349
f 1482 1481 1348
f 1483 1349 1350
f 1483 1482 1349
f 1350 1343 1474
f 1484 1350 1474
f 1483 1350 1484
f 1484 1474 1475
f 1486 1485 1351
f 1486 1351 1352
f 1351 1487 1353
f 1485 1487 1351
f 1353 1488 1354
f 1487 1488 1353
f 1354 1489 1355
f 1488 1489 1354
f 1355 1490 1356
f 1489 1490 1355
f 1357 1356 1490
f 1357 1490 1491
f 1358 1486 1352
f 1358 1492 1486
f 1491 1359 1357
f 1493 1359 1491
f 1495 1494 1360
f 1495 1360 1361
f 1358 1360 1492
f 1492 1360 1494
f 1493 1362 1359
f 1496 1362 1493
f 1498 1497 1363
f 1498 1363 1364
f 1361 1363 1495
f 1495 1363 1497
f 1496 1365 1362
f 1499 1365 1496
f 1366 1498 1364
f 1366 1500 1498
f 1499 1367 1365
f 1501 1367 1499
f 1503 1502 1368
f 1503 1368 1369
f 1366 1368 1500
f 1500 1368 1502
f 1501 1370 1367
f 1504 1370 1501
f 1506 1505 1371
f 1506 1371 1372
f 1369 1371 1503
f 1503 1371 1505
f 1504 1373 1370
f 1507 1373 1504
f 1374 1506 1372
f 1374 1508 1506
f 1507 1375 1373
f 1509 1375 1507
f 1512 1511 1510
f 1511 1508 1510
f 1508 1376 1510
f 1508 1374 1376
f 1509 1377 1375
f 1513 1377 1509
f 1512 1510 1514
f 1512 1514 1515
f 1378 1514 1376
f 1376 1514 1510
f 1513 1379 1377
f 1516 1379 1513
f 1515 1514 1517
f 1515 1517 1518
f 1380 1517 1378
f 1378 1517 1514
f 1516 1381 1379
f 1519 1381 1516
f 1518 1517 1520
f 1518 1520 1521
f 1382 1520 1380
f 1380 1520 1517
f 1519 1383 1381
f 1522 1383 1519
f 1521 1520 1523
f 1521 1523 1524
f 1384 1523 1382
f 1382 1523 1520
f 1522 1385 1383
f 1525 1385 1522
f 1524 1523 1526
f 1524 1526 1527
f 1386 1526 1384
f 1384 1526 1523
f 1525 1387 1385
f 1528 1387 1525
f 1527 1526 1529
f 1527 1529 1530
f 1388 1529 1386
f 1386 1529 1526
f 1528 1389 1387
f 1531 1389 1528
f 1530 1529 1532
f 1530 1532 1533
f 1390 1532 1388
f 1388 1532 1529
f 1531 1391 1389
f 1534 1391 1531
f 1533 1532 1535
f 1533 1535 1536
f 1392 1535 1390
f 1390 1535 1532
f 1534 1393 1391
f 1537 1393 1534
f 1536 1535 1538
f 1536 1538 1539
f 1394 1538 1392
f 1392 1538 1535
f 1537 1395 1393
f 1540 1395 1537
f 1539 1538 1541
f 1539 1541 1542
f 1396 1541 1394
f 1394 1541 1538
f 1540 1397 1395
f 1543 1397 1540
f 1542 1541 1544
f 1542 1544 1545
f 1398 1544 1396
f 1396 1544 1541
f 1543 1399 1397
f 1546 1399 1543
f 1545 1544 1547
f 1545 1547 1548
f 1400 1547 1398
f 1398 1547 1544
f 1546 1401 1399
f 1549 1401 1546
f 1548 1547 1550
f 1548 1550 1551
f 1402 1550 1400
f 1400 1550 1547
f 1549 1403 1401
f 1552 1403 1549
f 1551 1550 1553
f 1551 1553 1554
f 1404 1553 1402
f 1402 1553 1550
f 1552 1405 1403
f 1555 1405 1552
f 1554 1553 1556
f 1554 1556 1557
f 1406 1556 1404
f 1404 1556 1553
f 1555 1407 1405
f 1558 1407 1555
f 1557 1556 1559
f 1557 1559 1560
f 1408 1559 1406
f 1406 1559 1556
f 1558 1409 1407
f 1561 1409 1558
f 1560 1559 1562
f 1560 1562 1563
f 1410 1562 1408
f 1408 1562 1559
f 1561 1411 1409
f 1564 1411 1561
f 1563 1562 1565
f 1563 1565 1566
f 1412 1565 1410
f 1410 1565 1562
f 1564 1413 1411
f 1567 1413 1564
f 1566 1565 1568
f 1566 1568 1569
f 1414 1568 1412
f 1412 1568 1565
f 1567 1415 1413
f 1570 1415 1567
f 1569 1568 1571
f 1569 1571 1572
f 1416 1571 1414
f 1414 1571 1568
f 1570 1417 1415
f 1573 1417 1570
f 1572 1571 1574
f 1572 1574 1575
f 1418 1574 1416
f 1416 1574 1571
f 1573 1419 1417
f 1576 1419 1573
f 1575 1574 1577
f 1575 1577 1578
f 1420 1577 1418
f 1418 1577 1574
f 1576 1421 1419
f 1579 1421 1576
f 1578 1577 1580
f 1578 1580 1581
f 1422 1580 1420
f 1420 1580 1577
f 1579 1423 1421
f 1582 1423 1579
f 1581 1580 1583
f 1581 1583 1584
f 1424 1583 1422
f 1422 1583 1580
f 1582 1425 1423
f 1585 1425 1582
f 1584 1583 1586
f 1584 1586 1587
f 1426 1586 1424
f 1424 1586 1583
f 1585 1427 1425
f 1588 1427 1585
f 1587 1586 1589
f 1587 1589 1590
f 1428 1589 1426
f 1426 1589 1586
f 1588 1429 1427
f 1591 1429 1588
f 1592 1590 1589
f 1589 1428 1592
f 1428 1593 1592
f 1428 1430 1593
f 1591 1431 1429
f 1594 1431 1591
f 1595 1593 1430
f 1595 1430 1432
f 1432 1433 1595
f 1595 1433 1596
f 1594 1434 1431
f 1597 1434 1594
f 1435 1596 1433
f 1435 1598 1596
f 1597 1436 1434
f 1599 1436 1597
f 1600 1598 1435
f 1600 1435 1437
f 1437 1438 1600
f 1600 1438 1601
f 1599 1439 1436
f 1602 1439 1599
f 1603 1601 1438
f 1603 1438 1440
f 1440 1441 1603
f 1603 1441 1604
f 1602 1442 1439
f 1605 1442 1602
f 1443 1604 1441
f 1443 1606 1604
f 1605 1444 1442
f 1607 1444 1605
f 1608 1606 1443
f 1608 1443 1445
f 1445 1446 1608
f 1608 1446 1609
f 1607 1447 1444
f 1610 1447 1607
f 1611 1609 1446
f 1611 1446 1448
f 1448 1449 1611
f 1611 1449 1612
f 1610 1450 1447
f 1613 1450 1610
f 1614 1612 1449
f 1614 1449 1451
f 1615 1451 1452
f 1615 1614 1451
f 1616 1452 1453
f 1616 1615 1452
f 1617 1453 1454
f 1617 1616 1453
f 1454 1450 1613
f 1454 1613 1617
f 1620 1619 1618
f 1456 1457 1618
f 1619 1456 1618
f 1621 1456 1619
f 1456 1622 1458
f 1621 1622 1456
f 1458 1623 1459
f 1622 1623 1458
f 1459 1624 1460
f 1623 1624 1459
f 1460 1625 1461
f 1624 1625 1460
f 1461 1626 1462
f 1625 1626 1461
f 1462 1627 1463
f 1626 1627 1462
f 1463 1628 1464
f 1627 1628 1463
f 1464 1629 1466
f 1628 1629 1464
f 1631 1630 1467
f 1466 1631 1467
f 1629 1631 1466
f 1632 1630 1631
f 1620 1618 1633
f 1620 1633 1634
f 1469 1633 1457
f 1457 1633 1618
f 1635 1471 1630
f 1630 1471 1467
f 1630 1632 1636
f 1630 1636 1635
f 1634 1633 1637
f 1634 1637 1638
f 1473 1637 1469
f 1469 1637 1633
f 1639 1475 1476
f 1640 1639 1476
f 1640 1476 1471
f 1641 1640 1471
f 1635 1641 1471
f 1641 1635 1636
f 1642 1638 1637
f 1642 1637 1473
f 1477 1642 1473
f 1643 1642 1477
f 1644 1477 1478
f 1644 1643 1477
f 1645 1478 1479
f 1645 1644 1478
f 1646 1479 1480
f 1646 1645 1479
f 1647 1480 1481
f 1647 1646 1480
f 1648 1481 1482
f 1648 1647 1481
f 1649 1482 1483
f 1649 1648 1482
f 1650 1483 1484
f 1650 1649 1483
f 1484 1475 1639
f 1651 1484 1639
f 1650 1484 1651
f 1651 1639 1640
f 1653 1652 1485
f 1653 1485 1486
f 1485 1654 1487
f 1652 1654 1485
f 1487 1655 1488
f 1654 1655 1487
f 1488 1656 1489
f 1655 1656 1488
f 1489 1657 1490
f 1656 1657 1489
f 1491 1490 1657
f 1491 1657 1658
f 1492 1653 1486
f 1492 1659 1653
f 1658 1493 1491
f 1660 1493 1658
f 1662 1661 1494
f 1662 1494 1495
f 1492 1494 1659
f 1659 1494 1661
f 1660 1496 1493
f 1663 1496 1660
f 1665 1664 1497
f 1665 1497 1498
f 1495 1497 1662
f 1662 1497 1664
f 1663 1499 1496
f 1666 1499 1663
f 1500 1665 1498
f 1500 1667 1665
f 1666 1501 1499
f 1668 1501 1666
f 1670 1669 1502
f 1670 1502 1503
f 1500 1502 1667
f 1667 1502 1669
f 1668 1504 1501
f 1671 1504 1668
f 1673 1672 1505
f 1673 1505 1506
f 1503 1505 1670
f 1670 1505 1672
f 1671 1507 1504
f 1674 1507 1671
f 1508 1673 1506
f 1508 1675 1673
f 1674 1509 1507
f 1676 1509 1674
f 1678 1677 1511
f 1678 1511 1512
f 1508 1511 1675
f 1675 1511 1677
f 1676 1513 1509
f 1679 1513 1676
f 1515 1678 1512
f 1515 1680 1678
f 1679 1516 1513
f 1681 1516 1679
f 1518 1680 1515
f 1518 1682 1680
f 1681 1519 1516
f 1683 1519 1681
f 1521 1682 1518
f 1521 1684 1682
f 1683 1522 1519
f 1685 1522 1683
f 1524 1684 1521
f 1524 1686 1684
f 1685 1525 1522
f 1687 1525 1685
f 1527 1686 1524
f 1527 1688 1686
f 1687 1528 1525
f 1689 1528 1687
f 1530 1688 1527
f 1530 1690 1688
f 1689 1531 1528
f 1691 1531 1689
f 1533 1690 1530
f 1533 1692 1690
f 1691 1534 1531
f 1693 1534 1691
f 1536 1692 1533
f 1536 1694 1692
f 1693 1537 1534
f 1695 1537 1693
f 1539 1694 1536
f 1539 1696 1694
f 1695 1540 1537
f 1697 1540 1695
f 1542 1696 1539
f 1542 1698 1696
f 1697 1543 1540
f 1699 1543 1697
f 1545 1698 1542
f 1545 1700 1698
f 1699 1546 1543
f 1701 1546 1699
f 1548 1700 1545
f 1548 1702 1700
f 1701 1549 1546
f 1703 1549 1701
f 1551 1702 1548
f 1551 1704 1702
f 1703 1552 1549
f 1705 1552 1703
f 1554 1704 1551
f 1554 1706 1704
f 1705 1555 1552
f 1707 1555 1705
f 1557 1706 1554
f 1557 1708 1706
f 1707 1558 1555
f 1709 1558 1707
f 1560 1708 1557
f 1560 1710 1708
f 1709 1561 1558
f 1711 1561 1709
f 1563 1710 1560
f 1563 1712 1710
f 1711 1564 1561
f 1713 1564 1711
f 1566 1712 1563
f 1566 1714 1712
f 1713 1567 1564
f 1715 1567 1713
f 1569 1714 1566
f 1569 1716 1714
f 1715 1570 1567
f 1717 1570 1715
f 1572 1716 1569
f 1572 1718 1716
f 1717 1573 1570
f 1719 1573 1717
f 1575 1718 1572
f 1575 1720 1718
f 1719 1576 1573
f 1721 1576 1719
f 1578 1720 1575
f 1578 1722 1720
f 1721 1579 1576
f 1723 1579 1721
f 1581 1722 1578
f 1581 1724 1722
f 1723 1582 1579
f 1725 1582 1723
f 1584 1724 1581
f 1584 1726 1724
f 1725 1585 1582
f 1727 1585 1725
f 1587 1726 1584
f 1587 1728 1726
f 1727 1588 1585
f 1729 1588 1727
f 1590 1728 1587
f 1590 1730 1728
f 1729 1591 1588
f 1731 1591 1729
f 1732 1730 1590
f 1732 1590 1592
f 1592 1593 1732
f 1732 1593 1733
f 1731 1594 1591
f 1734 1594 1731
f 1735 1733 1593
f 1735 1593 1595
f 1595 1596 1735
f 1735 1596 1736
f 1734 1597 1594
f 1737 1597 1734
f 1598 1736 1596
f 1598 1738 1736
f 1737 1599 1597
f 1739 1599 1737
f 1740 1738 1598
f 1740 1598 1600
f 1600 1601 1740
f 1740 1601 1741
f 1739 1602 1599
f 1742 1602 1739
f 1743 1741 1601
f 1743 1601 1603
f 1603 1604 1743
f 1743 1604 1744
f 1742 1605 1602
f 1745 1605 1742
f 1606 1744 1604
f 1606 1746 1744
f 1745 1607 1605
f 1747 1607 1745
f 1748 1746 1606
f 1748 1606 1608
f 1608 1609 1748
f 1748 1609 1749
f 1747 1610 1607
f 1750 1610 1747
f 1751 1749 1609
f 1751 1609 1611
f 1611 1612 1751
f 1751 1612 1752
f 1750 1613 1610
f 1753 1613 1750
f 1754 1752 1612
f 1754 1612 1614
f 1755 1614 1615
f 1755 1754 1614
f 1756 1615 1616
f 1756 1755 1615
f 1757 1616 1617
f 1757 1756 1616
f 1617 1613 1753
f 1617 1753 1757
f 1760 1759 1758
f 1619 1620 1758
f 1759 1619 1758
f 1761 1619 1759
f 1619 1762 1621
f 1761 1762 1619
f 1621 1763 1622
f 1762 1763 1621
f 1622 1764 1623
f 1763 1764 1622
f 1623 1765 1624
f 1764 1765 1623
f 1624 1766 1625
f 1765 1766 1624
f 1625 1767 1626
f 1766 1767 1625
f 1626 1768 1627
f 1767 1768 1626
f 1627 1769 1628
f 1768 1769 1627
f 1628 1770 1629
f 1769 1770 1628
f 1629 1771 1631
f 1770 1771 1629
f 1773 1772 1632
f 1631 1773 1632
f 1771 1773 1631
f 1774 1772 1773
f 1760 1758 1775
f 1760 1775 1776
f 1634 1775 1620
f 1620 1775 1758
f 1777 1636 1772
f 1772 1636 1632
f 1772 1774 1778
f 1772 1778 1777
f 1776 1775 1779
f 1776 1779 1780
f 1638 1779 1634
f 1634 1779 1775
f 1781 1640 1641
f 1782 1781 1641
f 1782 1641 1636
f 1783 1782 1636
f 1777 1783 1636
f 1783 1777 1778
f 1784 1780 1779
f 1784 1779 1638
f 1642 1784 1638
f 1785 1784 1642
f 1786 1642 1643
f 1786 1785 1642
f 1787 1643 1644
f 1787 1786 1643
f 1788 1644 1645
f 1788 1787 1644
f 1789 1645 1646
f 1789 1788 1645
f 1790 1646 1647
f 1790 1789 1646
f 1791 1647 1648
f 1791 1790 1647
f 1792 1648 1649
f 1792 1791 1648
f 1793 1649 1650
f 1793 1792 1649
f 1794 1650 1651
f 1794 1793 1650
f 1651 1640 1781
f 1795 1651 1781
f 1794 1651 1795
f 1795 1781 1782
f 1797 1796 1652
f 1797 1652 1653
f 1652 1798 1654
f 1796 1798 1652
f 1654 1799 1655
f 1798 1799 1654
f 1655 1800 1656
f 1799 1800 1655
f 1656 1801 1657
f 1800 1801 1656
f 1658 1657 1801
f 1658 1801 1802
f 1659 1797 1653
f 1659 1803 1797
f 1802 1660 1658
f 1804 1660 1802
f 1806 1805 1661
f 1806 1661 1662
f 1659 1661 1803
f 1803 1661 1805
f 1804 1663 1660
f 1807 1663 1804
f 1809 1808 1664
f 1809 1664 1665
f 1662 1664 1806
f 1806 1664 1808
f 1807 1666 1663
f 1810 1666 1807
f 1667 1809 1665
f 1667 1811 1809
f 1810 1668 1666
f 1812 1668 1810
f 1814 1813 1669
f 1814 1669 1670
f 1667 1669 1811
f 1811 1669 1813
f 1812 1671 1668
f 1815 1671 1812
f 1817 1816 1672
f 1817 1672 1673
f 1670 1672 1814
f 1814 1672 1816
f 1815 1674 1671
f 1818 1674 1815
f 1675 1817 1673
f 1675 1819 1817
f 1818 1676 1674
f 1820 1676 1818
f 1822 1821 1677
f 1822 1677 1678
f 1675 1677 1819
f 1819 1677 1821
f 1820 1679 1676
f 1823 1679 1820
f 1826 1825 1824
f 1825 1822 1824
f 1822 1680 1824
f 1822 1678 1680
f 1823 1681 1679
f 1827 1681 1823
f 1826 1824 1828
f 1826 1828 1829
f 1682 1828 1680
f 1680 1828 1824
f 1827 1683 1681
f 1830 1683 1827
f 1829 1828 1831
f 1829 1831 1832
f 1684 1831 1682
f 1682 1831 1828
f 1830 1685 1683
f 1833 1685 1830
f 1832 1831 1834
f 1832 1834 1835
f 1686 1834 1684
f 1684 1834 1831
f 1833 1687 1685
f 1836 1687 1833
f 1835 1834 1837
f 1835 1837 1838
f 1688 1837 1686
f 1686 1837 1834
f 1836 1689 1687
f 1839 1689 1836
f 1838 1837 1840
f 1838 1840 1841
f 1690 1840 1688
f 1688 1840 1837
f 1839 1691 1689
f 1842 1691 1839
f 1841 1840 1843
f 1841 1843 1844
f 1692 1843 1690
f 1690 1843 1840
f 1842 1693 1691
f 1845 1693 1842
f 1844 1843 1846
f 1844 1846 1847
f 1694 1846 1692
f 1692 1846 1843
f 1845 1695 1693
f 1848 1695 1845
f 1847 1846 1849
f 1847 1849 1850
f 1696 1849 1694
f 1694 1849 1846
f 1848 1697 1695
f 1851 1697 1848
f 1850 1849 1852
f 1850 1852 1853
f 1698 1852 1696
f 1696 1852 1849
f 1851 1699 1697
f 1854 1699 1851
f 1853 1852 1855
f 1853 1855 1856
f 1700 1855 1698
f 1698 1855 1852
f 1854 1701 1699
f 1857 1701 1854
f 1856 1855 1858
f 1856 1858 1859
f 1702 1858 1700
f 1700 1858 1855
f 1857 1703 1701
f 1860 1703 1857
f 1859 1858 1861
f 1859 1861 1862
f 1704 1861 1702
f 1702 1861 1858
f 1860 1705 1703
f 1863 1705 1860
f 1862 1861 1864
f 1862 1864 1865
f 1706 1864 1704
f 1704 1864 1861
f 1863 1707 1705
f 1866 1707 1863
f 1865 1864 1867
f 1865 1867 1868
f 1708 1867 1706
f 1706 1867 1864
f 1866 1709 1707
f 1869 1709 1866
f 1868 1867 1870
f 1868 1870 1871
f 1710 1870 1708
f 1708 1870 1867
f 1869 1711 1709
f 1872 1711 1869
f 1871 1870 1873
f 1871 1873 1874
f 1712 1873 1710
f 1710 1873 1870
f 1872 1713 1711
f 1875 1713 1872
f 1874 1873 1876
f 1874 1876 1877
f 1714 1876 1712
f 1712 1876 1873
f 1875 1715 1713
f 1878 1715 1875
f 1877 1876 1879
f 1877 1879 1880
f 1716 1879 1714
f 1714 1879 1876
f 1878 1717 1715
f 1881 1717 1878
f 1880 1879 1882
f 1880 1882 1883
f 1718 1882 1716
f 1716 1882 1879
f 1881 1719 1717
f 1884 1719 1881
f 1883 1882 1885
f 1883 1885 1886
f 1720 1885 1718
f 1718 1885 1882
f 1884 1721 1719
f 1887 1721 1884
f 1886 1885 1888
f 1886 1888 1889
f 1722 1888 1720
f 1720 1888 1885
f 1887 1723 1721
f 1890 1723 1887
f 1889 1888 1891
f 1889 1891 1892
f 1724 1891 1722
f 1722 1891 1888
f 1890 1725 1723
f 1893 1725 1890
f 1892 1891 1894
f 1892 1894 1895
f 1726 1894 1724
f 1724 1894 1891
f 1893 1727 1725
f 1896 1727 1893
f 1897 1895 1894
f 1894 1726 1897
f 1726 1898 1897
f 1726 1728 1898
f 1896 1729 1727
f 1899 1729 1896
f 1730 1898 1728
f 1730 1900 1898
f 1899 1731 1729
f 1901 1731 1899
f 1902 1900 1730
f 1902 1730 1732
f 1732 1733 1902
f 1902 1733 1903
f 1901 1734 1731
f 1904 1734 1901
f 1905 1903 1733
f 1905 1733 1735
f 1735 1736 1905
f 1905 1736 1906
f 1904 1737 1734
f 1907 1737 1904
f 1738 1906 1736
f 1738 1908 1906
f 1907 1739 1737
f 1909 1739 1907
f 1910 1908 1738
f 1910 1738 1740
f 1740 1741 1910
f 1910 1741 1911
f 1909 1742 1739
f 1912 1742 1909
f 1913 1911 1741
f 1913 1741 1743
f 1743 1744 1913
f 1913 1744 1914
f 1912 1745 1742
f 1915 1745 1912
f 1746 1914 1744
f 1746 1916 1914
f 1915 1747 1745
f 1917 1747 1915
f 1918 1916 1746
f 1918 1746 1748
f 1748 1749 1918
f 1918 1749 1919
f 1917 1750 1747
f 1920 1750 1917
f 1921 1919 1749
f 1921 1749 1751
f 1751 1752 1921
f 1921 1752 1922
f 1920 1753 1750
f 1923 1753 1920
f 1924 1922 1752
f 1924 1752 1754
f 1925 1754 1755
f 1925 1924 1754
f 1926 1755 1756
f 1926 1925 1755
f 1927 1756 1757
f 1927 1926 1756
f 1757 1753 1923
f 1757 1923 1927
f 1930 1929 1928
f 1759 1760 1928
f 1929 1759 1928
f 1931 1759 1929
f 1759 1932 1761
f 1931 1932 1759
f 1761 1933 1762
f 1932 1933 1761
f 1762 1934 1763
f 1933 1934 1762
f 1763 1935 1764
f 1934 1935 1763
f 1764 1936 1765
f 1935 1936 1764
f 1765 1937 1766
f 1936 1937 1765
f 1766 1938 1767
f 1937 1938 1766
f 1767 1939 1768
f 1938 1939 1767
f 1768 1940 1769
f 1939 1940 1768
f 1769 1941 1770
f 1940 1941 1769
f 1770 1942 1771
f 1941 1942 1770
f 1771 1943 1773
f 1942 1943 1771
f 1945 1944 1774
f 1773 1945 1774
f 1943 1945 1773
f 1946 1944 1945
f 1930 1928 1947
f 1930 1947 1948
f 1776 1947 1760
f 1760 1947 1928
f 1949 1778 1944
f 1944 1778 1774
f 1944 1946 1950
f 1944 1950 1949
f 1948 1947 1951
f 1948 1951 1952
f 1780 1951 1776
f 1776 1951 1947
f 1953 1782 1783
f 1954 1953 1783
f 1954 1783 1778
f 1955 1954 1778
f 1949 1955 1778
f 1955 1949 1950
f 1956 1952 1951
f 1956 1951 1780
f 1784 1956 1780
f 1957 1956 1784
f 1958 1784 1785
f 1958 1957 1784
f 1959 1785 1786
f 1959 1958 1785
f 1960 1786 1787
f 1960 1959 1786
f 1961 1787 1788
f 1961 1960 1787
f 1962 1788 1789
f 1962 1961 1788
f 1963 1789 1790
f 1963 1962 1789
f 1964 1790 1791
f 1964 1963 1790
f 1965 1791 1792
f 1965 1964 1791
f 1966 1792 1793
f 1966 1965 1792
f 1967 1793 1794
f 1967 1966 1793
f 1968 1794 1795
f 1968 1967 1794
f 1795 1782 1953
f 1969 1795 1953
f 1968 1795 1969
f 1969 1953 1954
f 1971 1970 1796
f 1971 1796 1797
f 1796 1972 1798
f 1970 1972 1796
f 1798 1973 1799
f 1972 1973 1798
f 1799 1974 1800
f 1973 1974 1799
f 1800 1975 1801
f 1974 1975 1800
f 1802 1801 1975
f 1802 1975 1976
f 1803 1971 1797
f 1803 1977 1971
f 1976 1804 1802
f 1978 1804 1976
f 1980 1979 1805
f 1980 1805 1806
f 1803 1805 1977
f 1977 1805 1979
f 1978 1807 1804
f 1981 1807 1978
f 1983 1982 1808
f 1983 1808 1809
f 1806 1808 1980
f 1980 1808 1982
f 1981 1810 1807
f 1984 1810 1981
f 1811 1983 1809
f 1811 1985 1983
f 1984 1812 1810
f 1986 1812 1984
f 1988 1987 1813
f 1988 1813 1814
f 1811 1813 1985
f 1985 1813 1987
f 1986 1815 1812
f 1989 1815 1986
f 1991 1990 1816
f 1991 1816 1817
f 1814 1816 1988
f 1988 1816 1990
f 1989 1818 1815
f 1992 1818 1989
f 1819 1991 1817
f 1819 1993 1991
f 1992 1820 1818
f 1994 1820 1992
f 1996 1995 1821
f 1996 1821 1822
f 1819 1821 1993
f 1993 1821 1995
f 1994 1823 1820
f 1997 1823 1994
f 1999 1998 1825
f 1999 1825 1826
f 1822 1825 1996
f 1996 1825 1998
f 1997 1827 1823
f 2000 1827 1997
f 1829 1999 1826
f 1829 2001 1999
f 2000 1830 1827
f 2002 1830 2000
f 1832 2001 1829
f 1832 2003 2001
f 2002 1833 1830
f 2004 1833 2002
f 1835 2003 1832
f 1835 2005 2003
f 2004 1836 1833
f 2006 1836 2004
f 1838 2005 1835
f 1838 2007 2005
f 2006 1839 1836
f 2008 1839 2006
f 1841 2007 1838
f 1841 2009 2007
f 2008 1842 1839
f 2010 1842 2008
f 1844 2009 1841
f 1844 2011 2009
f 2010 1845 1842
f 2012 1845 2010
f 1847 2011 1844
f 1847 2013 2011
f 2012 1848 1845
f 2014 1848 2012
f 1850 2013 1847
f 1850 2015 2013
f 2014 1851 1848
f 2016 1851 2014
f 1853 2015 1850
f 1853 2017 2015
f 2016 1854 1851
f 2018 1854 2016
f 1856 2017 1853
f 1856 2019 2017
f 2018 1857 1854
f 2020 1857 2018
f 1859 2019 1856
f 1859 2021 2019
f 2020 1860 1857
f 2022 1860 2020
f 1862 2021 1859
f 1862 2023 2021
f 2022 1863 1860
f 2024 1863 2022
f 1865 2023 1862
f 1865 2025 2023
f 2024 1866 1863
f 2026 1866 2024
f 1868 2025 1865
f 1868 2027 2025
f 2026 1869 1866
f 2028 1869 2026
f 1871 2027 1868
f 1871 2029 2027
f 2028 1872 1869
f 2030 1872 2028
f 1874 2029 1871
f 1874 2031 2029
f 2030 1875 1872
f 2032 1875 2030
f 1877 2031 1874
f 1877 2033 2031
f 2032 1878 1875
f 2034 1878 2032
f 1880 2033 1877
f 1880 2035 2033
f 2034 1881 1878
f 2036 1881 2034
f 1883 2035 1880
f 1883 2037 2035
f 2036 1884 1881
f 2038 1884 2036
f 1886 2037 1883
f 1886 2039 2037
f 2038 1887 1884
f 2040 1887 2038
f 1889 2039 1886
f 1889 2041 2039
f 2040 1890 1887
f 2042 1890 2040
f 1892 2041 1889
f 1892 2043 2041
f 2042 1893 1890
f 2044 1893 2042
f 1895 2043 1892
f 1895 2045 2043
f 2044 1896 1893
f 2046 1896 2044
f 2047 2045 1895
f 2047 1895 1897
f 1897 1898 2047
f 2047 1898 2048
f 2046 1899 1896
f 2049 1899 2046
f 1900 2048 1898
f 1900 2050 2048
f 2049 1901 1899
f 2051 1901 2049
f 2052 2050 1900
f 2052 1900 1902
f 1902 1903 2052
f 2052 1903 2053
f 2051 1904 1901
f 2054 1904 2051
f 2055 2053 1903
f 2055 1903 1905
f 1905 1906 2055
f 2055 1906 2056
f 2054 1907 1904
f 2057 1907 2054
f 1908 2056 1906
f 1908 2058 2056
f 2057 1909 1907
f 2059 1909 2057
f 2060 2058 1908
f 2060 1908 1910
f 1910 1911 2060
f 2060 1911 2061
f 2059 1912 1909
f 2062 1912 2059
f 2063 2061 1911
f 2063 1911 1913
f 1913 1914 2063
f 2063 1914 2064
f 2062 1915 1912
f 2065 1915 2062
f 1916 2064 1914
f 1916 2066 2064
f 2065 1917 1915
f 2067 1917 2065
f 2068 2066 1916
f 2068 1916 1918
f 1918 1919 2068
f 2068 1919 2069
f 2067 1920 1917
f 2070 1920 2067
f 2071 2069 1919
f 2071 1919 1921
f 1921 1922 2071
f 2071 1922 2072
f 2070 1923 1920
f 2073 1923 2070
f 2074 2072 1922
f 2074 1922 1924
f 2075 1924 1925
f 2075 2074 1924
f 2076 1925 1926
f 2076 2075 1925
f 2077 1926 1927
f 2077 2076 1926
f 1927 1923 2073
f 1927 2073 2077
f 2080 2079 2078
f 1929 1930 2078
f 2079 1929 2078
f 2081 1929 2079
f 1929 2082 1931
f 2081 2082 1929
f 1931 2083 1932
f 2082 2083 1931
f 1932 2084 1933
f 2083 2084 1932
f 1933 2085 1934
f 2084 2085 1933
f 1934 2086 1935
f 2085 2086 1934
f 1935 2087 1936
f 2086 2087 1935
f 1936 2088 1937
f 2087 2088 1936
f 1937 2089 1938
f 2088 2089 1937
f 1938 2090 1939
f 2089 2090 1938
f 1939 2091 1940
f 2090 2091 1939
f 1940 2092 1941
f 2091 2092 1940
f 1941 2093 1942
f 2092 2093 1941
f 1942 2094 1943
f 2093 2094 1942
f 2094 2096 2095
f 1945 2094 2095
f 1943 2094 1945
f 2095 1946 1945
f 2080 2078 2097
f 2080 2097 2098
f 1948 2097 1930
f 1930 2097 2078
f 2095 2096 2099
f 2099 2096 2100
f 2099 1950 1946
f 2099 1946 2095
f 2098 2097 2101
f 2098 2101 2102
f 1952 2101 1948
f 1948 2101 2097
f 2099 2100 1955
f 2100 1954 1955
f 2100 2103 1954
f 2099 1955 1950
f 2104 2102 2101
f 2104 2101 1952
f 1956 2104 1952
f 2105 2104 1956
f 2106 1956 1957
f 2106 2105 1956
f 2107 1957 1958
f 2107 2106 1957
f 2108 1958 1959
f 2108 2107 1958
f 2109 1959 1960
f 2109 2108 1959
f 2110 1960 1961
f 2110 2109 1960
f 2111 1961 1962
f 2111 2110 1961
f 2112 1962 1963
f 2112 2111 1962
f 2113 1963 1964
f 2113 2112 1963
f 2114 1964 1965
f 2114 2113 1964
f 2115 1965 1966
f 2115 2114 1965
f 2116 1966 1967
f 2116 2115 1966
f 2117 1967 1968
f 2117 2116 1967
f 2118 1968 1969
f 2118 2117 1968
f 1969 1954 2103
f 1969 2103 2118
f 2120 2119 1970
f 2120 1970 1971
f 1970 2121 1972
f 2119 2121 1970
f 1972 2122 1973
f 2121 2122 1972
f 1973 2123 1974
f 2122 2123 1973
f 1974 2124 1975
f 2123 2124 1974
f 1976 1975 2124
f 1976 2124 2125
f 1977 2120 1971
f 1977 2126 2120
f 2125 1978 1976
f 2127 1978 2125
f 2129 2128 1979
f 2129 1979 1980
f 1977 1979 2126
f 2126 1979 2128
f 2127 1981 1978
f 2130 1981 2127
f 2132 2131 1982
f 2132 1982 1983
f 1980 1982 2129
f 2129 1982 2131
f 2130 1984 1981
f 2133 1984 2130
f 1985 2132 1983
f 1985 2134 2132
f 2133 1986 1984
f 2135 1986 2133
f 2137 2136 1987
f 2137 1987 1988
f 1985 1987 2134
f 2134 1987 2136
f 2135 1989 1986
f 2138 1989 2135
f 2140 2139 1990
f 2140 1990 1991
f 1988 1990 2137
f 2137 1990 2139
f 2138 1992 1989
f 2141 1992 2138
f 1993 2140 1991
f 1993 2142 2140
f 2141 1994 1992
f 2143 1994 2141
f 2145 2144 1995
f 2145 1995 1996
f 1993 1995 2142
f 2142 1995 2144
f 2143 1997 1994
f 2146 1997 2143
f 2148 2147 1998
f 2148 1998 1999
f 1996 1998 2145
f 2145 1998 2147
f 2146 2000 1997
f 2149 2000 2146
f 2001 2148 1999
f 2001 2150 2148
f 2149 2002 2000
f 2151 2002 2149
f 2003 2150 2001
f 2003 2152 2150
f 2151 2004 2002
f 2153 2004 2151
f 2005 2152 2003
f 2005 2154 2152
f 2153 2006 2004
f 2155 2006 2153
f 2007 2154 2005
f 2007 2156 2154
f 2155 2008 2006
f 2157 2008 2155
f 2009 2156 2007
f 2009 2158 2156
f 2157 2010 2008
f 2159 2010 2157
f 2011 2158 2009
f 2011 2160 2158
f 2159 2012 2010
f 2161 2012 2159
f 2013 2160 2011
f 2013 2162 2160
f 2161 2014 2012
f 2163 2014 2161
f 2015 2162 2013
f 2015 2164 2162
f 2163 2016 2014
f 2165 2016 2163
f 2017 2164 2015
f 2017 2166 2164
f 2165 2018 2016
f 2167 2018 2165
f 2019 2166 2017
f 2019 2168 2166
f 2167 2020 2018
f 2169 2020 2167
f 2021 2168 2019
f 2021 2170 2168
f 2169 2022 2020
f 2171 2022 2169
f 2023 2170 2021
f 2023 2172 2170
f 2171 2024 2022
f 2173 2024 2171
f 2025 2172 2023
f 2025 2174 2172
f 2173 2026 2024
f 2175 2026 2173
f 2027 2174 2025
f 2027 2176 2174
f 2175 2028 2026
f 2177 2028 2175
f 2029 2176 2027
f 2029 2178 2176
f 2177 2030 2028
f 2179 2030 2177
f 2031 2178 2029
f 2031 2180 2178
f 2179 2032 2030
f 2181 2032 2179
f 2033 2180 2031
f 2033 2182 2180
f 2181 2034 2032
f 2183 2034 2181
f 2035 2182 2033
f 2035 2184 2182
f 2183 2036 2034
f 2185 2036 2183
f 2037 2184 2035
f 2037 2186 2184
f 2185 2038 2036
f 2187 2038 2185
f 2039 2186 2037
f 2039 2188 2186
f 2187 2040 2038
f 2189 2040 2187
f 2041 2188 2039
f 2041 2190 2188
f 2189 2042 2040
f 2191 2042 2189
f 2043 2190 2041
f 2043 2192 2190
f 2191 2044 2042
f 2193 2044 2191
f 2045 2192 2043
f 2045 2194 2192
f 2193 2046 2044
f 2195 2046 2193
f 2196 2194 2045
f 2196 2045 2047
f 2047 2048 2196
f 2196 2048 2197
f 2195 2049 2046
f 2198 2049 2195
f 2050 2197 2048
f 2050 2199 2197
f 2198 2051 2049
f 2200 2051 2198
f 2201 2199 2050
f 2201 2050 2052
f 2052 2053 2201
f 2201 2053 2202
f 2200 2054 2051
f 2203 2054 2200
f 2204 2202 2053
f 2204 2053 2055
f 2055 2056 2204
f 2204 2056 2205
f 2203 2057 2054
f 2206 2057 2203
f 2058 2205 2056
f 2058 2207 2205
f 2206 2059 2057
f 2208 2059 2206
f 2209 2207 2058
f 2209 2058 2060
f 2060 2061 2209
f 2209 2061 2210
f 2208 2062 2059
f 2211 2062 2208
f 2212 2210 2061
f 2212 2061 2063
f 2063 2064 2212
f 2212 2064 2213
f 2211 2065 2062
f 2214 2065 2211
f 2066 2213 2064
f 2066 2215 2213
f 2214 2067 2065
f 2216 2067 2214
f 2217 2215 2066
f 2217 2066 2068
f 2068 2069 2217
f 2217 2069 2218
f 2216 2070 2067
f 2219 2070 2216
f 2220 2218 2069
f 2220 2069 2071
f 2071 2072 2220
f 2220 2072 2221
f 2219 2073 2070
f 2222 2073 2219
f 2223 2221 2072
f 2223 2072 2074
f 2224 2074 2075
f 2224 2223 2074
f 2225 2075 2076
f 2225 2224 2075
f 2226 2076 2077
f 2226 2225 2076
f 2077 2073 2222
f 2077 2222 2226
f 2229 2228 2227
f 2079 2080 2227
f 2228 2079 2227
f 2230 2079 2228
f 2079 2231 2081
f 2230 2231 2079
f 2081 2232 2082
f 2231 2232 2081
f 2082 2233 2083
f 2232 2233 2082
f 2083 2234 2084
f 2233 2234 2083
f 2084 2235 2085
f 2234 2235 2084
f 2085 2236 2086
f 2235 2236 2085
f 2086 2237 2087
f 2236 2237 2086
f 2087 2238 2088
f 2237 2238 2087
f 2088 2239 2089
f 2238 2239 2088
f 2089 2240 2090
f 2239 2240 2089
f 2090 2241 2091
f 2240 2241 2090
f 2091 2242 2092
f 2241 2242 2091
f 2092 2243 2093
f 2242 2243 2092
f 2243 2245 2244
f 2094 2243 2244
f 2093 2243 2094
f 2244 2096 2094
f 2229 2227 2246
f 2229 2246 2247
f 2098 2246 2080
f 2080 2246 2227
f 2244 2245 2248
f 2248 2245 2249
f 2248 2100 2096
f 2248 2096 2244
f 2247 2246 2250
f 2247 2250 2251
f 2102 2250 2098
f 2098 2250 2246
f 2248 2249 2252
f 2252 2249 2253
f 2252 2103 2100
f 2252 2100 2248
f 2254 2251 2250
f 2254 2250 2102
f 2104 2254 2102
f 2255 2254 2104
f 2256 2104 2105
f 2256 2255 2104
f 2257 2105 2106
f 2257 2256 2105
f 2258 2106 2107
f 2258 2257 2106
f 2259 2107 2108
f 2259 2258 2107
f 2260 2108 2109
f 2260 2259 2108
f 2261 2109 2110
f 2261 2260 2109
f 2262 2110 2111
f 2262 2261 2110
f 2263 2111 2112
f 2263 2262 2111
f 2264 2112 2113
f 2264 2263 2112
f 2265 2113 2114
f 2265 2264 2113
f 2266 2114 2115
f 2266 2265 2114
f 2267 2115 2116
f 2267 2266 2115
f 2268 2116 2117
f 2268 2267 2116
f 2118 2252 2253
f 2268 2118 2253
f 2117 2118 2268
f 2252 2118 2103
f 2270 2269 2119
f 2270 2119 2120
f 2119 2271 2121
f 2269 2271 2119
f 2121 2272 2122
f 2271 2272 2121
f 2122 2273 2123
f 2272 2273 2122
f 2123 2274 2124
f 2273 2274 2123
f 2125 2124 2274
f 2125 2274 2275
f 2126 2270 2120
f 2126 2276 2270
f 2275 2127 2125
f 2277 2127 2275
f 2279 2278 2128
f 2279 2128 2129
f 2126 2128 2276
f 2276 2128 2278
f 2277 2130 2127
f 2280 2130 2277
f 2282 2281 2131
f 2282 2131 2132
f 2129 2131 2279
f 2279 2131 2281
f 2280 2133 2130
f 2283 2133 2280
f 2134 2282 2132
f 2134 2284 2282
f 2283 2135 2133
f 2285 2135 2283
f 2287 2286 2136
f 2287 2136 2137
f 2134 2136 2284
f 2284 2136 2286
f 2285 2138 2135
f 2288 2138 2285
f 2290 2289 2139
f 2290 2139 2140
f 2137 2139 2287
f 2287 2139 2289
f 2288 2141 2138
f 2291 2141 2288
f 2142 2290 2140
f 2142 2292 2290
f 2291 2143 2141
f 2293 2143 2291
f 2295 2294 2144
f 2295 2144 2145
f 2142 2144 2292
f 2292 2144 2294
f 2293 2146 2143
f 2296 2146 2293
f 2298 2297 2147
f 2298 2147 2148
f 2145 2147 2295
f 2295 2147 2297
f 2296 2149 2146
f 2299 2149 2296
f 2150 2298 2148
f 2150 2300 2298
f 2299 2151 2149
f 2301 2151 2299
f 2152 2300 2150
f 2152 2302 2300
f 2301 2153 2151
f 2303 2153 2301
f 2154 2302 2152
f 2154 2304 2302
f 2303 2155 2153
f 2305 2155 2303
f 2156 2304 2154
f 2156 2306 2304
f 2305 2157 2155
f 2307 2157 2305
f 2158 2306 2156
f 2158 2308 2306
f 2307 2159 2157
f 2309 2159 2307
f 2160 2308 2158
f 2160 2310 2308
f 2309 2161 2159
f 2311 2161 2309
f 2162 2310 2160
f 2162 2312 2310
f 2311 2163 2161
f 2313 2163 2311
f 2164 2312 2162
f 2164 2314 2312
f 2313 2165 2163
f 2315 2165 2313
f 2166 2314 2164
f 2166 2316 2314
f 2315 2167 2165
f 2317 2167 2315
f 2168 2316 2166
f 2168 2318 2316
f 2317 2169 2167
f 2319 2169 2317
f 2170 2318 2168
f 2170 2320 2318
f 2319 2171 2169
f 2321 2171 2319
f 2172 2320 2170
f 2172 2322 2320
f 2321 2173 2171
f 2323 2173 2321
f 2174 2322 2172
f 2174 2324 2322
f 2323 2175 2173
f 2325 2175 2323
f 2176 2324 2174
f 2176 2326 2324
f 2325 2177 2175
f 2327 2177 2325
f 2178 2326 2176
f 2178 2328 2326
f 2327 2179 2177
f 2329 2179 2327
f 2180 2328 2178
f 2180 2330 2328
f 2329 2181 2179
f 2331 2181 2329
f 2182 2330 2180
f 2182 2332 2330
f 2331 2183 2181
f 2333 2183 2331
f 2184 2332 2182
f 2184 2334 2332
f 2333 2185 2183
f 2335 2185 2333
f 2186 2334 2184
f 2186 2336 2334
f 2335 2187 2185
f 2337 2187 2335
f 2188 2336 2186
f 2188 2338 2336
f 2337 2189 2187
f 2339 2189 2337
f 2190 2338 2188
f 2190 2340 2338
f 2339 2191 2189
f 2341 2191 2339
f 2192 2340 2190
f 2192 2342 2340
f 2341 2193 2191
f 2343 2193 2341
f 2194 2342 2192
f 2194 2344 2342
f 2343 2195 2193
f 2345 2195 2343
f 2346 2344 2194
f 2346 2194 2196
f 2196 2197 2346
f 2346 2197 2347
f 2345 2198 2195
f 2348 2198 2345
f 2199 2347 2197
f 2199 2349 2347
f 2348 2200 2198
f 2350 2200 2348
f 2351 2349 2199
f 2351 2199 2201
f 2201 2202 2351
f 2351 2202 2352
f 2350 2203 2200
f 2353 2203 2350
f 2354 2352 2202
f 2354 2202 2204
f 2204 2205 2354
f 2354 2205 2355
f 2353 2206 2203
f 2356 2206 2353
f 2207 2355 2205
f 2207 2357 2355
f 2356 2208 2206
f 2358 2208 2356
f 2359 2357 2207
f 2359 2207 2209
f 2209 2210 2359
f 2359 2210 2360
f 2358 2211 2208
f 2361 2211 2358
f 2362 2360 2210
f 2362 2210 2212
f 2212 2213 2362
f 2362 2213 2363
f 2361 2214 2211
f 2364 2214 2361
f 2215 2363 2213
f 2215 2365 2363
f 2364 2216 2214
f 2366 2216 2364
f 2367 2365 2215
f 2367 2215 2217
f 2217 2218 2367
f 2367 2218 2368
f 2366 2219 2216
f 2369 2219 2366
f 2370 2368 2218
f 2370 2218 2220
f 2220 2221 2370
f 2370 2221 2371
f 2369 2222 2219
f 2372 2222 2369
f 2373 2371 2221
f 2373 2221 2223
f 2374 2223 2224
f 2374 2373 2223
f 2375 2224 2225
f 2375 2374 2224
f 2376 2225 2226
f 2376 2375 2225
f 2226 2222 2372
f 2226 2372 2376
f 2379 2378 2377
f 2228 2229 2377
f 2378 2228 2377
f 2380 2228 2378
f 2228 2381 2230
f 2380 2381 2228
f 2230 2382 2231
f 2381 2382 2230
f 2231 2383 2232
f 2382 2383 2231
f 2232 2384 2233
f 2383 2384 2232
f 2233 2385 2234
f 2384 2385 2233
f 2234 2386 2235
f 2385 2386 2234
f 2235 2387 2236
f 2386 2387 2235
f 2236 2388 2237
f 2387 2388 2236
f 2237 2389 2238
f 2388 2389 2237
f 2238 2390 2239
f 2389 2390 2238
f 2239 2391 2240
f 2390 2391 2239
f 2240 2392 2241
f 2391 2392 2240
f 2241 2393 2242
f 2392 2393 2241
f 2393 2395 2394
f 2243 2393 2394
f 2242 2393 2243
f 2394 2245 2243
f 2379 2377 2396
f 2379 2396 2397
f 2247 2396 2229
f 2229 2396 2377
f 2394 2395 2398
f 2398 2395 2399
f 2398 2249 2245
f 2398 2245 2394
f 2397 2396 2400
f 2397 2400 2401
f 2251 2400 2247
f 2247 2400 2396
f 2398 2399 2402
f 2402 2399 2403
f 2402 2253 2249
f 2402 2249 2398
f 2404 2401 2400
f 2404 2400 2251
f 2254 2404 2251
f 2405 2404 2254
f 2406 2254 2255
f 2406 2405 2254
f 2407 2255 2256
f 2407 2406 2255
f 2408 2256 2257
f 2408 2407 2256
f 2409 2257 2258
f 2409 2408 2257
f 2410 2258 2259
f 2410 2409 2258
f 2411 2259 2260
f 2411 2410 2259
f 2412 2260 2261
f 2412 2411 2260
f 2413 2261 2262
f 2413 2412 2261
f 2414 2262 2263
f 2414 2413 2262
f 2415 2263 2264
f 2415 2414 2263
f 2416 2264 2265
f 2416 2415 2264
f 2417 2265 2266
f 2417 2416 2265
f 2418 2266 2267
f 2418 2417 2266
f 2268 2402 2403
f 2418 2268 2403
f 2267 2268 2418
f 2402 2268 2253
f 2420 2419 2269
f 2420 2269 2270
f 2269 2421 2271
f 2419 2421 2269
f 2271 2422 2272
f 2421 2422 2271
f 2272 2423 2273
f 2422 2423 2272
f 2273 2424 2274
f 2423 2424 2273
f 2275 2274 2424
f 2275 2424 2425
f 2276 2420 2270
f 2276 2426 2420
f 2425 2277 2275
f 2427 2277 2425
f 2429 2428 2278
f 2429 2278 2279
f 2276 2278 2426
f 2426 2278 2428
f 2427 2280 2277
f 2430 2280 2427
f 2432 2431 2281
f 2432 2281 2282
f 2279 2281 2429
f 2429 2281 2431
f 2430 2283 2280
f 2433 2283 2430
f 2284 2432 2282
f 2284 2434 2432
f 2433 2285 2283
f 2435 2285 2433
f 2437 2436 2286
f 2437 2286 2287
f 2284 2286 2434
f 2434 2286 2436
f 2435 2288 2285
f 2438 2288 2435
f 2440 2439 2289
f 2440 2289 2290
f 2287 2289 2437
f 2437 2289 2439
f 2438 2291 2288
f 2441 2291 2438
f 2292 2440 2290
f 2292 2442 2440
f 2441 2293 2291
f 2443 2293 2441
f 2445 2444 2294
f 2445 2294 2295
f 2292 2294 2442
f 2442 2294 2444
f 2443 2296 2293
f 2446 2296 2443
f 2448 2447 2297
f 2448 2297 2298
f 2295 2297 2445
f 2445 2297 2447
f 2446 2299 2296
f 2449 2299 2446
f 2300 2448 2298
f 2300 2450 2448
f 2449 2301 2299
f 2451 2301 2449
f 2302 2450 2300
f 2302 2452 2450
f 2451 2303 2301
f 2453 2303 2451
f 2304 2452 2302
f 2304 2454 2452
f 2453 2305 2303
f 2455 2305 2453
f 2306 2454 2304
f 2306 2456 2454
f 2455 2307 2305
f 2457 2307 2455
f 2308 2456 2306
f 2308 2458 2456
f 2457 2309 2307
f 2459 2309 2457
f 2310 2458 2308
f 2310 2460 2458
f 2459 2311 2309
f 2461 2311 2459
f 2312 2460 2310
f 2312 2462 2460
f 2461 2313 2311
f 2463 2313 2461
f 2314 2462 2312
f 2314 2464 2462
f 2463 2315 2313
f 2465 2315 2463
f 2316 2464 2314
f 2316 2466 2464
f 2465 2317 2315
f 2467 2317 2465
f 2318 2466 2316
f 2318 2468 2466
f 2467 2319 2317
f 2469 2319 2467
f 2320 2468 2318
f 2320 2470 2468
f 2469 2321 2319
f 2471 2321 2469
f 2322 2470 2320
f 2322 2472 2470
f 2471 2323 2321
f 2473 2323 2471
f 2324 2472 2322
f 2324 2474 2472
f 2473 2325 2323
f 2475 2325 2473
f 2326 2474 2324
f 2326 2476 2474
f 2475 2327 2325
f 2477 2327 2475
f 2328 2476 2326
f 2328 2478 2476
f 2477 2329 2327
f 2479 2329 2477
f 2330 2478 2328
f 2330 2480 2478
f 2479 2331 2329
f 2481 2331 2479
f 2332 2480 2330
f 2332 2482 2480
f 2481 2333 2331
f 2483 2333 2481
f 2334 2482 2332
f 2334 2484 2482
f 2483 2335 2333
f 2485 2335 2483
f 2336 2484 2334
f 2336 2486 2484
f 2485 2337 2335
f 2487 2337 2485
f 2338 2486 2336
f 2338 2488 2486
f 2487 2339 2337
f 2489 2339 2487
f 2340 2488 2338
f 2340 2490 2488
f 2489 2341 2339
f 2491 2341 2489
f 2342 2490 2340
f 2342 2492 2490
f 2491 2343 2341
f 2493 2343 2491
f 2344 2492 2342
f 2344 2494 2492
f 2493 2345 2343
f 2495 2345 2493
f 2496 2494 2344
f 2496 2344 2346
f 2346 2347 2496
f 2496 2347 2497
f 2495 2348 2345
f 2498 2348 2495
f 2349 2497 2347
f 2349 2499 2497
f 2498 2350 2348
f 2500 2350 2498
f 2501 2499 2349
f 2501 2349 2351
f 2351 2352 2501
f 2501 2352 2502
f 2500 2353 2350
f 2503 2353 2500
f 2504 2502 2352
f 2504 2352 2354
f 2354 2355 2504
f 2504 2355 2505
f 2503 2356 2353
f 2506 2356 2503
f 2357 2505 2355
f 2357 2507 2505
f 2506 2358 2356
f 2508 2358 2506
f 2509 2507 2357
f 2509 2357 2359
f 2359 2360 2509
f 2509 2360 2510
f 2508 2361 2358
f 2511 2361 2508
f 2512 2510 2360
f 2512 2360 2362
f 2362 2363 2512
f 2512 2363 2513
f 2511 2364 2361
f 2514 2364 2511
f 2365 2513 2363
f 2365 2515 2513
f 2514 2366 2364
f 2516 2366 2514
f 2517 2515 2365
f 2517 2365 2367
f 2367 2368 2517
f 2517 2368 2518
f 2516 2369 2366
f 2519 2369 2516
f 2520 2518 2368
f 2520 2368 2370
f 2370 2371 2520
f 2520 2371 2521
f 2519 2372 2369
f 2522 2372 2519
f 2523 2521 2371
f 2523 2371 2373
f 2524 2373 2374
f 2524 2523 2373
f 2525 2374 2375
f 2525 2524 2374
f 2526 2375 2376
f 2526 2525 2375
f 2376 2372 2522
f 2376 2522 2526
f 2529 2528 2527
f 2378 2379 2527
f 2528 2378 2527
f 2530 2378 2528
f 2378 2531 2380
f 2530 2531 2378
f 2380 2532 2381
f 2531 2532 2380
f 2381 2533 2382
f 2532 2533 2381
f 2382 2534 2383
f 2533 2534 2382
f 2383 2535 2384
f 2534 2535 2383
f 2384 2536 2385
f 2535 2536 2384
f 2385 2537 2386
f 2536 2537 2385
f 2386 2538 2387
f 2537 2538 2386
f 2387 2539 2388
f 2538 2539 2387
f 2388 2540 2389
f 2539 2540 2388
f 2389 2541 2390
f 2540 2541 2389
f 2390 2542 2391
f 2541 2542 2390
f 2391 2543 2392
f 2542 2543 2391
f 2543 2545 2544
f 2393 2543 2544
f 2392 2543 2393
f 2544 2395 2393
f 2529 2527 2546
f 2529 2546 2547
f 2397 2546 2379
f 2379 2546 2527
f 2544 2545 2548
f 2548 2545 2549
f 2548 2399 2395
f 2548 2395 2544
f 2547 2546 2550
f 2547 2550 2551
f 2401 2550 2397
f 2397 2550 2546
f 2548 2549 2552
f 2552 2549 2553
f 2552 2403 2399
f 2552 2399 2548
f 2554 2551 2550
f 2554 2550 2401
f 2404 2554 2401
f 2555 2554 2404
f 2556 2404 2405
f 2556 2555 2404
f 2557 2405 2406
f 2557 2556 2405
f 2558 2406 2407
f 2558 2557 2406
f 2559 2407 2408
f 2559 2558 2407
f 2560 2408 2409
f 2560 2559 2408
f 2561 2409 2410
f 2561 2560 2409
f 2562 2410 2411
f 2562 2561 2410
f 2563 2411 2412
f 2563 2562 2411
f 2564 2412 2413
f 2564 2563 2412
f 2565 2413 2414
f 2565 2564 2413
f 2566 2414 2415
f 2566 2565 2414
f 2567 2415 2416
f 2567 2566 2415
f 2568 2416 2417
f 2568 2567 2416
f 2418 2552 2553
f 2568 2418 2553
f 2417 2418 2568
f 2552 2418 2403
f 2570 2569 2419
f 2570 2419 2420
f 2419 2571 2421
f 2569 2571 2419
f 2421 2572 2422
f 2571 2572 2421
f 2422 2573 2423
f 2572 2573 2422
f 2423 2574 2424
f 2573 2574 2423
f 2425 2424 2574
f 2425 2574 2575
f 2426 2570 2420
f 2426 2576 2570
f 2575 2427 2425
f 2577 2427 2575
f 2579 2578 2428
f 2579 2428 2429
f 2426 2428 2576
f 2576 2428 2578
f 2577 2430 2427
f 2580 2430 2577
f 2582 2581 2431
f 2582 2431 2432
f 2429 2431 2579
f 2579 2431 2581
f 2580 2433 2430
f 2583 2433 2580
f 2434 2582 2432
f 2434 2584 2582
f 2583 2435 2433
f 2585 2435 2583
f 2587 2586 2436
f 2587 2436 2437
f 2434 2436 2584
f 2584 2436 2586
f 2585 2438 2435
f 2588 2438 2585
f 2590 2589 2439
f 2590 2439 2440
f 2437 2439 2587
f 2587 2439 2589
f 2588 2441 2438
f 2591 2441 2588
f 2442 2590 2440
f 2442 2592 2590
f 2591 2443 2441
f 2593 2443 2591
f 2595 2594 2444
f 2595 2444 2445
f 2442 2444 2592
f 2592 2444 2594
f 2593 2446 2443
f 2596 2446 2593
f 2598 2597 2447
f 2598 2447 2448
f 2445 2447 2595
f 2595 2447 2597
f 2596 2449 2446
f 2599 2449 2596
f 2450 2598 2448
f 2450 2600 2598
f 2599 2451 2449
f 2601 2451 2599
f 2452 2600 2450
f 2452 2602 2600
f 2601 2453 2451
f 2603 2453 2601
f 2454 2602 2452
f 2454 2604 2602
f 2603 2455 2453
f 2605 2455 2603
f 2456 2604 2454
f 2456 2606 2604
f 2605 2457 2455
f 2607 2457 2605
f 2458 2606 2456
f 2458 2608 2606
f 2607 2459 2457
f 2609 2459 2607
f 2460 2608 2458
f 2460 2610 2608
f 2609 2461 2459
f 2611 2461 2609
f 2462 2610 2460
f 2462 2612 2610
f 2611 2463 2461
f 2613 2463 2611
f 2464 2612 2462
f 2464 2614 2612
f 2613 2465 2463
f 2615 2465 2613
f 2466 2614 2464
f 2466 2616 2614
f 2615 2467 2465
f 2617 2467 2615
f 2468 2616 2466
f 2468 2618 2616
f 2617 2469 2467
f 2619 2469 2617
f 2470 2618 2468
f 2470 2620 2618
f 2619 2471 2469
f 2621 2471 2619
f 2472 2620 2470
f 2472 2622 2620
f 2621 2473 2471
f 2623 2473 2621
f 2474 2622 2472
f 2474 2624 2622
f 2623 2475 2473
f 2625 2475 2623
f 2476 2624 2474
f 2476 2626 2624
f 2625 2477 2475
f 2627 2477 2625
f 2478 2626 2476
f 2478 2628 2626
f 2627 2479 2477
f 2629 2479 2627
f 2480 2628 2478
f 2480 2630 2628
f 2629 2481 2479
f 2631 2481 2629
f 2482 2630 2480
f 2482 2632 2630
f 2631 2483 2481
f 2633 2483 2631
f 2484 2632 2482
f 2484 2634 2632
f 2633 2485 2483
f 2635 2485 2633
f 2486 2634 2484
f 2486 2636 2634
f 2635 2487 2485
f 2637 2487 2635
f 2488 2636 2486
f 2488 2638 2636
f 2637 2489 2487
f 2639 2489 2637
f 2490 2638 2488
f 2490 2640 2638
f 2639 2491 2489
f 2641 2491 2639
f 2492 2640 2490
f 2492 2642 2640
f 2641 2493 2491
f 2643 2493 2641
f 2494 2642 2492
f 2494 2644 2642
f 2643 2495 2493
f 2645 2495 2643
f 2646 2644 2494
f 2646 2494 2496
f 2496 2497 2646
f 2646 2497 2647
f 2645 2498 2495
f 2648 2498 2645
f 2499 2647 2497
f 2499 2649 2647
f 2648 2500 2498
f 2650 2500 2648
f 2651 2649 2499
f 2651 2499 2501
f 2501 2502 2651
f 2651 2502 2652
f 2650 2503 2500
f 2653 2503 2650
f 2654 2652 2502
f 2654 2502 2504
f 2504 2505 2654
f 2654 2505 2655
f 2653 2506 2503
f 2656 2506 2653
f 2507 2655 2505
f 2507 2657 2655
f 2656 2508 2506
f 2658 2508 2656
f 2659 2657 2507
f 2659 2507 2509
f 2509 2510 2659
f 2659 2510 2660
f 2658 2511 2508
f 2661 2511 2658
f 2662 2660 2510
f 2662 2510 2512
f 2512 2513 2662
f 2662 2513 2663
f 2661 2514 2511
f 2664 2514 2661
f 2515 2663 2513
f 2515 2665 2663
f 2664 2516 2514
f 2666 2516 2664
f 2667 2665 2515
f 2667 2515 2517
f 2517 2518 2667
f 2667 2518 2668
f 2666 2519 2516
f 2669 2519 2666
f 2670 2668 2518
f 2670 2518 2520
f 2520 2521 2670
f 2670 2521 2671
f 2669 2522 2519
f 2672 2522 2669
f 2673 2671 2521
f 2673 2521 2523
f 2674 2523 2524
f 2674 2673 2523
f 2675 2524 2525
f 2675 2674 2524
f 2676 2525 2526
f 2676 2675 2525
f 2526 2522 2672
f 2526 2672 2676
f 2679 2678 2677
f 2528 2529 2677
f 2678 2528 2677
f 2680 2528 2678
f 2528 2681 2530
f 2680 2681 2528
f 2530 2682 2531
f 2681 2682 2530
f 2531 2683 2532
f 2682 2683 2531
f 2532 2684 2533
f 2683 2684 2532
f 2533 2685 2534
f 2684 2685 2533
f 2534 2686 2535
f 2685 2686 2534
f 2535 2687 2536
f 2686 2687 2535
f 2536 2688 2537
f 2687 2688 2536
f 2537 2689 2538
f 2688 2689 2537
f 2538 2690 2539
f 2689 2690 2538
f 2539 2691 2540
f 2690 2691 2539
f 2540 2692 2541
f 2691 2692 2540
f 2541 2693 2542
f 2692 2693 2541
f 2693 2695 2694
f 2543 2693 2694
f 2542 2693 2543
f 2694 2545 2543
f 2679 2677 2696
f 2679 2696 2697
f 2547 2696 2529
f 2529 2696 2677
f 2694 2695 2698
f 2698 2695 2699
f 2698 2549 2545
f 2698 2545 2694
f 2697 2696 2700
f 2697 2700 2701
f 2551 2700 2547
f 2547 2700 2696
f 2698 2699 2702
f 2702 2699 2703
f 2702 2553 2549
f 2702 2549 2698
f 2704 2701 2700
f 2704 2700 2551
f 2554 2704 2551
f 2705 2704 2554
f 2706 2554 2555
f 2706 2705 2554
f 2707 2555 2556
f 2707 2706 2555
f 2708 2556 2557
f 2708 2707 2556
f 2709 2557 2558
f 2709 2708 2557
f 2710 2558 2559
f 2710 2709 2558
f 2711 2559 2560
f 2711 2710 2559
f 2712 2560 2561
f 2712 2711 2560
f 2713 2561 2562
f 2713 2712 2561
f 2714 2562 2563
f 2714 2713 2562
f 2715 2563 2564
f 2715 2714 2563
f 2716 2564 2565
f 2716 2715 2564
f 2717 2565 2566
f 2717 2716 2565
f 2718 2566 2567
f 2718 2717 2566
f 2568 2702 2703
f 2718 2568 2703
f 2567 2568 2718
f 2702 2568 2553
f 2720 2719 2569
f 2720 2569 2570
f 2569 2721 2571
f 2719 2721 2569
f 2571 2722 2572
f 2721 2722 2571
f 2572 2723 2573
f 2722 2723 2572
f 2573 2724 2574
f 2723 2724 2573
f 2575 2574 2724
f 2575 2724 2725
f 2576 2720 2570
f 2576 2726 2720
f 2725 2577 2575
f 2727 2577 2725
f 2729 2728 2578
f 2729 2578 2579
f 2576 2578 2726
f 2726 2578 2728
f 2727 2580 2577
f 2730 2580 2727
f 2732 2731 2581
f 2732 2581 2582
f 2579 2581 2729
f 2729 2581 2731
f 2730 2583 2580
f 2733 2583 2730
f 2584 2732 2582
f 2584 2734 2732
f 2733 2585 2583
f 2735 2585 2733
f 2737 2736 2586
f 2737 2586 2587
f 2584 2586 2734
f 2734 2586 2736
f 2735 2588 2585
f 2738 2588 2735
f 2740 2739 2589
f 2740 2589 2590
f 2587 2589 2737
f 2737 2589 2739
f 2738 2591 2588
f 2741 2591 2738
f 2592 2740 2590
f 2592 2742 2740
f 2741 2593 2591
f 2743 2593 2741
f 2745 2744 2594
f 2745 2594 2595
f 2592 2594 2742
f 2742 2594 2744
f 2743 2596 2593
f 2746 2596 2743
f 2748 2747 2597
f 2748 2597 2598
f 2595 2597 2745
f 2745 2597 2747
f 2746 2599 2596
f 2749 2599 2746
f 2600 2748 2598
f 2600 2750 2748
f 2749 2601 2599
f 2751 2601 2749
f 2602 2750 2600
f 2602 2752 2750
f 2751 2603 2601
f 2753 2603 2751
f 2604 2752 2602
f 2604 2754 2752
f 2753 2605 2603
f 2755 2605 2753
f 2606 2754 2604
f 2606 2756 2754
f 2755 2607 2605
f 2757 2607 2755
f 2608 2756 2606
f 2608 2758 2756
f 2757 2609 2607
f 2759 2609 2757
f 2610 2758 2608
f 2610 2760 2758
f 2759 2611 2609
f 2761 2611 2759
f 2612 2760 2610
f 2612 2762 2760
f 2761 2613 2611
f 2763 2613 2761
f 2614 2762 2612
f 2614 2764 2762
f 2763 2615 2613
f 2765 2615 2763
f 2616 2764 2614
f 2616 2766 2764
f 2765 2617 2615
f 2767 2617 2765
f 2618 2766 2616
f 2618 2768 2766
f 2767 2619 2617
f 2769 2619 2767
f 2620 2768 2618
f 2620 2770 2768
f 2769 2621 2619
f 2771 2621 2769
f 2622 2770 2620
f 2622 2772 2770
f 2771 2623 2621
f 2773 2623 2771
f 2624 2772 2622
f 2624 2774 2772
f 2773 2625 2623
f 2775 2625 2773
f 2626 2774 2624
f 2626 2776 2774
f 2775 2627 2625
f 2777 2627 2775
f 2628 2776 2626
f 2628 2778 2776
f 2777 2629 2627
f 2779 2629 2777
f 2630 2778 2628
f 2630 2780 2778
f 2779 2631 2629
f 2781 2631 2779
f 2632 2780 2630
f 2632 2782 2780
f 2781 2633 2631
f 2783 2633 2781
f 2634 2782 2632
f 2634 2784 2782
f 2783 2635 2633
f 2785 2635 2783
f 2636 2784 2634
f 2636 2786 2784
f 2785 2637 2635
f 2787 2637 2785
f 2638 2786 2636
f 2638 2788 2786
f 2787 2639 2637
f 2789 2639 2787
f 2640 2788 2638
f 2640 2790 2788
f 2789 2641 2639
f 2791 2641 2789
f 2642 2790 2640
f 2642 2792 2790
f 2791 2643 2641
f 2793 2643 2791
f 2644 2792 2642
f 2644 2794 2792
f 2793 2645 2643
f 2795 2645 2793
f 2796 2794 2644
f 2796 2644 2646
f 2646 2647 2796
f 2796 2647 2797
f 2795 2648 2645
f 2798 2648 2795
f 2649 2797 2647
f 2649 2799 2797
f 2798 2650 2648
f 2800 2650 2798
f 2801 2799 2649
f 2801 2649 2651
f 2651 2652 2801
f 2801 2652 2802
f 2800 2653 2650
f 2803 2653 2800
f 2804 2802 2652
f 2804 2652 2654
f 2654 2655 2804
f 2804 2655 2805
f 2803 2656 2653
f 2806 2656 2803
f 2657 2805 2655
f 2657 2807 2805
f 2806 2658 2656
f 2808 2658 2806
f 2809 2807 2657
f 2809 2657 2659
f 2659 2660 2809
f 2809 2660 2810
f 2808 2661 2658
f 2811 2661 2808
f 2812 2810 2660
f 2812 2660 2662
f 2662 2663 2812
f 2812 2663 2813
f 2811 2664 2661
f 2814 2664 2811
f 2665 2813 2663
f 2665 2815 2813
f 2814 2666 2664
f 2816 2666 2814
f 2817 2815 2665
f 2817 2665 2667
f 2667 2668 2817
f 2817 2668 2818
f 2816 2669 2666
f 2819 2669 2816
f 2820 2818 2668
f 2820 2668 2670
f 2670 2671 2820
f 2820 2671 2821
f 2819 2672 2669
f 2822 2672 2819
f 2823 2821 2671
f 2823 2671 2673
f 2824 2673 2674
f 2824 2823 2673
f 2825 2674 2675
f 2825 2824 2674
f 2826 2675 2676
f 2826 2825 2675
f 2676 2672 2822
f 2676 2822 2826
f 2829 2828 2827
f 2678 2679 2827
f 2828 2678 2827
f 2830 2678 2828
f 2678 2831 2680
f 2830 2831 2678
f 2680 2832 2681
f 2831 2832 2680
f 2681 2833 2682
f 2832 2833 2681
f 2682 2834 2683
f 2833 2834 2682
f 2683 2835 2684
f 2834 2835 2683
f 2684 2836 2685
f 2835 2836 2684
f 2685 2837 2686
f 2836 2837 2685
f 2686 2838 2687
f 2837 2838 2686
f 2687 2839 2688
f 2838 2839 2687
f 2688 2840 2689
f 2839 2840 2688
f 2689 2841 2690
f 2840 2841 2689
f 2690 2842 2691
f 2841 2842 2690
f 2691 2843 2692
f 2842 2843 2691
f 2843 2845 2844
f 2693 2843 2844
f 2692 2843 2693
f 2844 2695 2693
f 2829 2827 2846
f 2829 2846 2847
f 2697 2846 2679
f 2679 2846 2827
f 2844 2845 2848
f 2848 2845 2849
f 2848 2699 2695
f 2848 2695 2844
f 2847 2846 2850
f 2847 2850 2851
f 2701 2850 2697
f 2697 2850 2846
f 2848 2849 2852
f 2852 2849 2853
f 2852 2703 2699
f 2852 2699 2848
f 2854 2851 2850
f 2854 2850 2701
f 2704 2854 2701
f 2855 2854 2704
f 2856 2704 2705
f 2856 2855 2704
f 2857 2705 2706
f 2857 2856 2705
f 2858 2706 2707
f 2858 2857 2706
f 2859 2707 2708
f 2859 2858 2707
f 2860 2708 2709
f 2860 2859 2708
f 2861 2709 2710
f 2861 2860 2709
f 2862 2710 2711
f 2862 2861 2710
f 2863 2711 2712
f 2863 2862 2711
f 2864 2712 2713
f 2864 2863 2712
f 2865 2713 2714
f 2865 2864 2713
f 2866 2714 2715
f 2866 2865 2714
f 2867 2715 2716
f 2867 2866 2715
f 2868 2716 2717
f 2868 2867 2716
f 2718 2852 2853
f 2868 2718 2853
f 2717 2718 2868
f 2852 2718 2703
f 2870 2869 2719
f 2870 2719 2720
f 2719 2871 2721
f 2869 2871 2719
f 2721 2872 2722
f 2871 2872 2721
f 2722 2873 2723
f 2872 2873 2722
f 2723 2874 2724
f 2873 2874 2723
f 2725 2724 2874
f 2725 2874 2875
f 2726 2870 2720
f 2726 2876 2870
f 2875 2727 2725
f 2877 2727 2875
f 2879 2878 2728
f 2879 2728 2729
f 2726 2728 2876
f 2876 2728 2878
f 2877 2730 2727
f 2880 2730 2877
f 2882 2881 2731
f 2882 2731 2732
f 2729 2731 2879
f 2879 2731 2881
f 2880 2733 2730
f 2883 2733 2880
f 2734 2882 2732
f 2734 2884 2882
f 2883 2735 2733
f 2885 2735 2883
f 2887 2886 2736
f 2887 2736 2737
f 2734 2736 2884
f 2884 2736 2886
f 2885 2738 2735
f 2888 2738 2885
f 2890 2889 2739
f 2890 2739 2740
f 2737 2739 2887
f 2887 2739 2889
f 2888 2741 2738
f 2891 2741 2888
f 2742 2890 2740
f 2742 2892 2890
f 2891 2743 2741
f 2893 2743 2891
f 2895 2894 2744
f 2895 2744 2745
f 2742 2744 2892
f 2892 2744 2894
f 2893 2746 2743
f 2896 2746 2893
f 2898 2897 2747
f 2898 2747 2748
f 2745 2747 2895
f 2895 2747 2897
f 2896 2749 2746
f 2899 2749 2896
f 2750 2898 2748
f 2750 2900 2898
f 2899 2751 2749
f 2901 2751 2899
f 2752 2900 2750
f 2752 2902 2900
f 2901 2753 2751
f 2903 2753 2901
f 2754 2902 2752
f 2754 2904 2902
f 2903 2755 2753
f 2905 2755 2903
f 2756 2904 2754
f 2756 2906 2904
f 2905 2757 2755
f 2907 2757 2905
f 2758 2906 2756
f 2758 2908 2906
f 2907 2759 2757
f 2909 2759 2907
f 2760 2908 2758
f 2760 2910 2908
f 2909 2761 2759
f 2911 2761 2909
f 2762 2910 2760
f 2762 2912 2910
f 2911 2763 2761
f 2913 2763 2911
f 2764 2912 2762
f 2764 2914 2912
f 2913 2765 2763
f 2915 2765 2913
f 2766 2914 2764
f 2766 2916 2914
f 2915 2767 2765
f 2917 2767 2915
f 2768 2916 2766
f 2768 2918 2916
f 2917 2769 2767
f 2919 2769 2917
f 2770 2918 2768
f 2770 2920 2918
f 2919 2771 2769
f 2921 2771 2919
f 2772 2920 2770
f 2772 2922 2920
f 2921 2773 2771
f 2923 2773 2921
f 2774 2922 2772
f 2774 2924 2922
f 2923 2775 2773
f 2925 2775 2923
f 2776 2924 2774
f 2776 2926 2924
f 2925 2777 2775
f 2927 2777 2925
f 2778 2926 2776
f 2778 2928 2926
f 2927 2779 2777
f 2929 2779 2927
f 2780 2928 2778
f 2780 2930 2928
f 2929 2781 2779
f 2931 2781 2929
f 2782 2930 2780
f 2782 2932 2930
f 2931 2783 2781
f 2933 2783 2931
f 2784 2932 2782
f 2784 2934 2932
f 2933 2785 2783
f 2935 2785 2933
f 2786 2934 2784
f 2786 2936 2934
f 2935 2787 2785
f 2937 2787 2935
f 2788 2936 2786
f 2788 2938 2936
f 2937 2789 2787
f 2939 2789 2937
f 2790 2938 2788
f 2790 2940 2938
f 2939 2791 2789
f 2941 2791 2939
f 2792 2940 2790
f 2792 2942 2940
f 2941 2793 2791
f 2943 2793 2941
f 2794 2942 2792
f 2794 2944 2942
f 2943 2795 2793
f 2945 2795 2943
f 2946 2944 2794
f 2946 2794 2796
f 2796 2797 2946
f 2946 2797 2947
f 2945 2798 2795
f 2948 2798 2945
f 2799 2947 2797
f 2799 2949 2947
f 2948 2800 2798
f 2950 2800 2948
f 2951 2949 2799
f 2951 2799 2801
f 2801 2802 2951
f 2951 2802 2952
f 2950 2803 2800
f 2953 2803 2950
f 2954 2952 2802
f 2954 2802 2804
f 2804 2805 2954
f 2954 2805 2955
f 2953 2806 2803
f 2956 2806 2953
f 2807 2955 2805
f 2807 2957 2955
f 2956 2808 2806
f 2958 2808 2956
f 2959 2957 2807
f 2959 2807 2809
f 2809 2810 2959
f 2959 2810 2960
f 2958 2811 2808
f 2961 2811 2958
f 2962 2960 2810
f 2962 2810 2812
f 2812 2813 2962
f 2962 2813 2963
f 2961 2814 2811
f 2964 2814 2961
f 2815 2963 2813
f 2815 2965 2963
f 2964 2816 2814
f 2966 2816 2964
f 2967 2965 2815
f 2967 2815 2817
f 2817 2818 2967
f 2967 2818 2968
f 2966 2819 2816
f 2969 2819 2966
f 2970 2968 2818
f 2970 2818 2820
f 2820 2821 2970
f 2970 2821 2971
f 2969 2822 2819
f 2972 2822 2969
f 2973 2971 2821
f 2973 2821 2823
f 2974 2823 2824
f 2974 2973 2823
f 2975 2824 2825
f 2975 2974 2824
f 2976 2825 2826
f 2976 2975 2825
f 2826 2822 2972
f 2826 2972 2976
f 2979 2978 2977
f 2828 2829 2977
f 2978 2828 2977
f 2980 2828 2978
f 2828 2981 2830
f 2980 2981 2828
f 2830 2982 2831
f 2981 2982 2830
f 2831 2983 2832
f 2982 2983 2831
f 2832 2984 2833
f 2983 2984 2832
f 2833 2985 2834
f 2984 2985 2833
f 2834 2986 2835
f 2985 2986 2834
f 2835 2987 2836
f 2986 2987 2835
f 2836 2988 2837
f 2987 2988 2836
f 2837 2989 2838
f 2988 2989 2837
f 2838 2990 2839
f 2989 2990 2838
f 2839 2991 2840
f 2990 2991 2839
f 2840 2992 2841
f 2991 2992 2840
f 2841 2993 2842
f 2992 2993 2841
f 2993 2995 2994
f 2843 2993 2994
f 2842 2993 2843
f 2994 2845 2843
f 2979 2977 2996
f 2979 2996 2997
f 2847 2996 2829
f 2829 2996 2977
f 2994 2995 2998
f 2998 2995 2999
f 2998 2849 2845
f 2998 2845 2994
f 2997 2996 3000
f 2997 3000 3001
f 2851 3000 2847
f 2847 3000 2996
f 2998 2999 3002
f 3002 2999 3003
f 3002 2853 2849
f 3002 2849 2998
f 3004 3001 3000
f 3004 3000 2851
f 2854 3004 2851
f 3005 3004 2854
f 3006 2854 2855
f 3006 3005 2854
f 3007 2855 2856
f 3007 3006 2855
f 3008 2856 2857
f 3008 3007 2856
f 3009 2857 2858
f 3009 3008 2857
f 3010 2858 2859
f 3010 3009 2858
f 3011 2859 2860
f 3011 3010 2859
f 3012 2860 2861
f 3012 3011 2860
f 3013 2861 2862
f 3013 3012 2861
f 3014 2862 2863
f 3014 3013 2862
f 3015 2863 2864
f 3015 3014 2863
f 3016 2864 2865
f 3016 3015 2864
f 3017 2865 2866
f 3017 3016 2865
f 3018 2866 2867
f 3018 3017 2866
f 2868 3002 3003
f 3018 2868 3003
f 2867 2868 3018
f 3002 2868 2853
f 3020 3019 2869
f 3020 2869 2870
f 2869 3021 2871
f 3019 3021 2869
f 2871 3022 2872
f 3021 3022 2871
f 2872 3023 2873
f 3022 3023 2872
f 2873 3024 2874
f 3023 3024 2873
f 2875 2874 3024
f 2875 3024 3025
f 2876 3020 2870
f 2876 3026 3020
f 3025 2877 2875
f 3027 2877 3025
f 3029 3028 2878
f 3029 2878 2879
f 2876 2878 3026
f 3026 2878 3028
f 3027 2880 2877
f 3030 2880 3027
f 3032 3031 2881
f 3032 2881 2882
f 2879 2881 3029
f 3029 2881 3031
f 3030 2883 2880
f 3033 2883 3030
f 2884 3032 2882
f 2884 3034 3032
f 3033 2885 2883
f 3035 2885 3033
f 3037 3036 2886
f 3037 2886 2887
f 2884 2886 3034
f 3034 2886 3036
f 3035 2888 2885
f 3038 2888 3035
f 3040 3039 2889
f 3040 2889 2890
f 2887 2889 3037
f 3037 2889 3039
f 3038 2891 2888
f 3041 2891 3038
f 2892 3040 2890
f 2892 3042 3040
f 3041 2893 2891
f 3043 2893 3041
f 3045 3044 2894
f 3045 2894 2895
f 2892 2894 3042
f 3042 2894 3044
f 3043 2896 2893
f 3046 2896 3043
f 3048 3047 2897
f 3048 2897 2898
f 2895 2897 3045
f 3045 2897 3047
f 3046 2899 2896
f 3049 2899 3046
f 2900 3048 2898
f 2900 3050 3048
f 3049 2901 2899
f 3051 2901 3049
f 2902 3050 2900
f 2902 3052 3050
f 3051 2903 2901
f 3053 2903 3051
f 2904 3052 2902
f 2904 3054 3052
f 3053 2905 2903
f 3055 2905 3053
f 2906 3054 2904
f 2906 3056 3054
f 3055 2907 2905
f 3057 2907 3055
f 2908 3056 2906
f 2908 3058 3056
f 3057 2909 2907
f 3059 2909 3057
f 2910 3058 2908
f 2910 3060 3058
f 3059 2911 2909
f 3061 2911 3059
f 2912 3060 2910
f 2912 3062 3060
f 3061 2913 2911
f 3063 2913 3061
f 2914 3062 2912
f 2914 3064 3062
f 3063 2915 2913
f 3065 2915 3063
f 2916 3064 2914
f 2916 3066 3064
f 3065 2917 2915
f 3067 2917 3065
f 2918 3066 2916
f 2918 3068 3066
f 3067 2919 2917
f 3069 2919 3067
f 2920 3068 2918
f 2920 3070 3068
f 3069 2921 2919
f 3071 2921 3069
f 2922 3070 2920
f 2922 3072 3070
f 3071 2923 2921
f 3073 2923 3071
f 2924 3072 2922
f 2924 3074 3072
f 3073 2925 2923
f 3075 2925 3073
f 2926 3074 2924
f 2926 3076 3074
f 3075 2927 2925
f 3077 2927 3075
f 2928 3076 2926
f 2928 3078 3076
f 3077 2929 2927
f 3079 2929 3077
f 2930 3078 2928
f 2930 3080 3078
f 3079 2931 2929
f 3081 2931 3079
f 2932 3080 2930
f 2932 3082 3080
f 3081 2933 2931
f 3083 2933 3081
f 2934 3082 2932
f 2934 3084 3082
f 3083 2935 2933
f 3085 2935 3083
f 2936 3084 2934
f 2936 3086 3084
f 3085 2937 2935
f 3087 2937 3085
f 2938 3086 2936
f 2938 3088 3086
f 3087 2939 2937
f 3089 2939 3087
f 2940 3088 2938
f 2940 3090 3088
f 3089 2941 2939
f 3091 2941 3089
f 2942 3090 2940
f 2942 3092 3090
f 3091 2943 2941
f 3093 2943 3091
f 2944 3092 2942
f 2944 3094 3092
f 3093 2945 2943
f 3095 2945 3093
f 3096 3094 2944
f 3096 2944 2946
f 2946 2947 3096
f 3096 2947 3097
f 3095 2948 2945
f 3098 2948 3095
f 2949 3097 2947
f 2949 3099 3097
f 3098 2950 2948
f 3100 2950 3098
f 3101 3099 2949
f 3101 2949 2951
f 2951 2952 3101
f 3101 2952 3102
f 3100 2953 2950
f 3103 2953 3100
f 3104 3102 2952
f 3104 2952 2954
f 2954 2955 3104
f 3104 2955 3105
f 3103 2956 2953
f 3106 2956 3103
f 2957 3105 2955
f 2957 3107 3105
f 3106 2958 2956
f 3108 2958 3106
f 3109 3107 2957
f 3109 2957 2959
f 2959 2960 3109
f 3109 2960 3110
f 3108 2961 2958
f 3111 2961 3108
f 3112 3110 2960
f 3112 2960 2962
f 2962 2963 3112
f 3112 2963 3113
f 3111 2964 2961
f 3114 2964 3111
f 2965 3113 2963
f 2965 3115 3113
f 3114 2966 2964
f 3116 2966 3114
f 3117 3115 2965
f 3117 2965 2967
f 2967 2968 3117
f 3117 2968 3118
f 3116 2969 2966
f 3119 2969 3116
f 3120 3118 2968
f 3120 2968 2970
f 2970 2971 3120
f 3120 2971 3121
f 3119 2972 2969
f 3122 2972 3119
f 3123 3121 2971
f 3123 2971 2973
f 3124 2973 2974
f 3124 3123 2973
f 3125 2974 2975
f 3125 3124 2974
f 3126 2975 2976
f 3126 3125 2975
f 2976 2972 3122
f 2976 3122 3126
f 3129 3128 3127
f 2978 2979 3127
f 3128 2978 3127
f 3130 2978 3128
f 2978 3131 2980
f 3130 3131 2978
f 2980 3132 2981
f 3131 3132 2980
f 2981 3133 2982
f 3132 3133 2981
f 2982 3134 2983
f 3133 3134 2982
f 2983 3135 2984
f 3134 3135 2983
f 2984 3136 2985
f 3135 3136 2984
f 2985 3137 2986
f 3136 3137 2985
f 2986 3138 2987
f 3137 3138 2986
f 2987 3139 2988
f 3138 3139 2987
f 2988 3140 2989
f 3139 3140 2988
f 2989 3141 2990
f 3140 3141 2989
f 2990 3142 2991
f 3141 3142 2990
f 2991 3143 2992
f 3142 3143 2991
f 3143 3145 3144
f 2993 3143 3144
f 2992 3143 2993
f 3144 2995 2993
f 3129 3127 3146
f 3129 3146 3147
f 2997 3146 2979
f 2979 3146 3127
f 3144 3145 3148
f 3148 3145 3149
f 3148 2999 2995
f 3148 2995 3144
f 3147 3146 3150
f 3147 3150 3151
f 3001 3150 2997
f 2997 3150 3146
f 3148 3149 3152
f 3152 3149 3153
f 3152 3003 2999
f 3152 2999 3148
f 3154 3151 3150
f 3154 3150 3001
f 3004 3154 3001
f 3155 3154 3004
f 3156 3004 3005
f 3156 3155 3004
f 3157 3005 3006
f 3157 3156 3005
f 3158 3006 3007
f 3158 3157 3006
f 3159 3007 3008
f 3159 3158 3007
f 3160 3008 3009
f 3160 3159 3008
f 3161 3009 3010
f 3161 3160 3009
f 3162 3010 3011
f 3162 3161 3010
f 3163 3011 3012
f 3163 3162 3011
f 3164 3012 3013
f 3164 3163 3012
f 3165 3013 3014
f 3165 3164 3013
f 3166 3014 3015
f 3166 3165 3014
f 3167 3015 3016
f 3167 3166 3015
f 3168 3016 3017
f 3168 3167 3016
f 3018 3152 3153
f 3168 3018 3153
f 3017 3018 3168
f 3152 3018 3003
f 3170 3169 3019
f 3170 3019 3020
f 3019 3171 3021
f 3169 3171 3019
f 3021 3172 3022
f 3171 3172 3021
f 3022 3173 3023
f 3172 3173 3022
f 3023 3174 3024
f 3173 3174 3023
f 3025 3024 3174
f 3025 3174 3175
f 3026 3170 3020
f 3026 3176 3170
f 3175 3027 3025
f 3177 3027 3175
f 3179 3178 3028
f 3179 3028 3029
f 3026 3028 3176
f 3176 3028 3178
f 3177 3030 3027
f 3180 3030 3177
f 3182 3181 3031
f 3182 3031 3032
f 3029 3031 3179
f 3179 3031 3181
f 3180 3033 3030
f 3183 3033 3180
f 3034 3182 3032
f 3034 3184 3182
f 3183 3035 3033
f 3185 3035 3183
f 3187 3186 3036
f 3187 3036 3037
f 3034 3036 3184
f 3184 3036 3186
f 3185 3038 3035
f 3188 3038 3185
f 3190 3189 3039
f 3190 3039 3040
f 3037 3039 3187
f 3187 3039 3189
f 3188 3041 3038
f 3191 3041 3188
f 3042 3190 3040
f 3042 3192 3190
f 3191 3043 3041
f 3193 3043 3191
f 3195 3194 3044
f 3195 3044 3045
f 3042 3044 3192
f 3192 3044 3194
f 3193 3046 3043
f 3196 3046 3193
f 3198 3197 3047
f 3198 3047 3048
f 3045 3047 3195
f 3195 3047 3197
f 3196 3049 3046
f 3199 3049 3196
f 3050 3198 3048
f 3050 3200 3198
f 3199 3051 3049
f 3201 3051 3199
f 3052 3200 3050
f 3052 3202 3200
f 3201 3053 3051
f 3203 3053 3201
f 3054 3202 3052
f 3054 3204 3202
f 3203 3055 3053
f 3205 3055 3203
f 3056 3204 3054
f 3056 3206 3204
f 3205 3057 3055
f 3207 3057 3205
f 3058 3206 3056
f 3058 3208 3206
f 3207 3059 3057
f 3209 3059 3207
f 3060 3208 3058
f 3060 3210 3208
f 3209 3061 3059
f 3211 3061 3209
f 3062 3210 3060
f 3062 3212 3210
f 3211 3063 3061
f 3213 3063 3211
f 3064 3212 3062
f 3064 3214 3212
f 3213 3065 3063
f 3215 3065 3213
f 3066 3214 3064
f 3066 3216 3214
f 3215 3067 3065
f 3217 3067 3215
f 3068 3216 3066
f 3068 3218 3216
f 3217 3069 3067
f 3219 3069 3217
f 3070 3218 3068
f 3070 3220 3218
f 3219 3071 3069
f 3221 3071 3219
f 3072 3220 3070
f 3072 3222 3220
f 3221 3073 3071
f 3223 3073 3221
f 3074 3222 3072
f 3074 3224 3222
f 3223 3075 3073
f 3225 3075 3223
f 3076 3224 3074
f 3076 3226 3224
f 3225 3077 3075
f 3227 3077 3225
f 3078 3226 3076
f 3078 3228 3226
f 3227 3079 3077
f 3229 3079 3227
f 3080 3228 3078
f 3080 3230 3228
f 3229 3081 3079
f 3231 3081 3229
f 3082 3230 3080
f 3082 3232 3230
f 3231 3083 3081
f 3233 3083 3231
f 3084 3232 3082
f 3084 3234 3232
f 3233 3085 3083
f 3235 3085 3233
f 3086 3234 3084
f 3086 3236 3234
f 3235 3087 3085
f 3237 3087 3235
f 3088 3236 3086
f 3088 3238 3236
f 3237 3089 3087
f 3239 3089 3237
f 3090 3238 3088
f 3090 3240 3238
f 3239 3091 3089
f 3241 3091 3239
f 3092 3240 3090
f 3092 3242 3240
f 3241 3093 3091
f 3243 3093 3241
f 3094 3242 3092
f 3094 3244 3242
f 3243 3095 3093
f 3245 3095 3243
f 3246 3244 3094
f 3246 3094 3096
f 3096 3097 3246
f 3246 3097 3247
f 3245 3098 3095
f 3248 3098 3245
f 3099 3247 3097
f 3099 3249 3247
f 3248 3100 3098
f 3250 3100 3248
f 3251 3249 3099
f 3251 3099 3101
f 3101 3102 3251
f 3251 3102 3252
f 3250 3103 3100
f 3253 3103 3250
f 3254 3252 3102
f 3254 3102 3104
f 3104 3105 3254
f 3254 3105 3255
f 3253 3106 3103
f 3256 3106 3253
f 3107 3255 3105
f 3107 3257 3255
f 3256 3108 3106
f 3258 3108 3256
f 3259 3257 3107
f 3259 3107 3109
f 3109 3110 3259
f 3259 3110 3260
f 3258 3111 3108
f 3261 3111 3258
f 3262 3260 3110
f 3262 3110 3112
f 3112 3113 3262
f 3262 3113 3263
f 3261 3114 3111
f 3264 3114 3261
f 3115 3263 3113
f 3115 3265 3263
f 3264 3116 3114
f 3266 3116 3264
f 3267 3265 3115
f 3267 3115 3117
f 3117 3118 3267
f 3267 3118 3268
f 3266 3119 3116
f 3269 3119 3266
f 3270 3268 3118
f 3270 3118 3120
f 3120 3121 3270
f 3270 3121 3271
f 3269 3122 3119
f 3272 3122 3269
f 3273 3271 3121
f 3273 3121 3123
f 3274 3123 3124
f 3274 3273 3123
f 3275 3124 3125
f 3275 3274 3124
f 3276 3125 3126
f 3276 3275 3125
f 3126 3122 3272
f 3126 3272 3276
f 3279 3278 3277
f 3128 3129 3277
f 3278 3128 3277
f 3280 3128 3278
f 3128 3281 3130
f 3280 3281 3128
f 3130 3282 3131
f 3281 3282 3130
f 3131 3283 3132
f 3282 3283 3131
f 3132 3284 3133
f 3283 3284 3132
f 3133 3285 3134
f 3284 3285 3133
f 3134 3286 3135
f 3285 3286 3134
f 3135 3287 3136
f 3286 3287 3135
f 3136 3288 3137
f 3287 3288 3136
f 3137 3289 3138
f 3288 3289 3137
f 3138 3290 3139
f 3289 3290 3138
f 3139 3291 3140
f 3290 3291 3139
f 3140 3292 3141
f 3291 3292 3140
f 3141 3293 3142
f 3292 3293 3141
f 3293 3295 3294
f 3143 3293 3294
f 3142 3293 3143
f 3294 3145 3143
f 3279 3277 3296
f 3279 3296 3297
f 3147 3296 3129
f 3129 3296 3277
f 3294 3295 3298
f 3298 3295 3299
f 3298 3149 3145
f 3298 3145 3294
f 3297 3296 3300
f 3297 3300 3301
f 3151 3300 3147
f 3147 3300 3296
f 3298 3299 3302
f 3302 3299 3303
f 3302 3153 3149
f 3302 3149 3298
f 3304 3301 3300
f 3304 3300 3151
f 3154 3304 3151
f 3305 3304 3154
f 3306 3154 3155
f 3306 3305 3154
f 3307 3155 3156
f 3307 3306 3155
f 3308 3156 3157
f 3308 3307 3156
f 3309 3157 3158
f 3309 3308 3157
f 3310 3158 3159
f 3310 3309 3158
f 3311 3159 3160
f 3311 3310 3159
f 3312 3160 3161
f 3312 3311 3160
f 3313 3161 3162
f 3313 3312 3161
f 3314 3162 3163
f 3314 3313 3162
f 3315 3163 3164
f 3315 3314 3163
f 3316 3164 3165
f 3316 3315 3164
f 3317 3165 3166
f 3317 3316 3165
f 3318 3166 3167
f 3318 3317 3166
f 3168 3302 3303
f 3318 3168 3303
f 3167 3168 3318
f 3302 3168 3153
f 3320 3319 3169
f 3320 3169 3170
f 3169 3321 3171
f 3319 3321 3169
f 3171 3322 3172
f 3321 3322 3171
f 3172 3323 3173
f 3322 3323 3172
f 3173 3324 3174
f 3323 3324 3173
f 3175 3174 3324
f 3175 3324 3325
f 3176 3320 3170
f 3176 3326 3320
f 3325 3177 3175
f 3327 3177 3325
f 3329 3328 3178
f 3329 3178 3179
f 3176 3178 3326
f 3326 3178 3328
f 3327 3180 3177
f 3330 3180 3327
f 3332 3331 3181
f 3332 3181 3182
f 3179 3181 3329
f 3329 3181 3331
f 3330 3183 3180
f 3333 3183 3330
f 3184 3332 3182
f 3184 3334 3332
f 3333 3185 3183
f 3335 3185 3333
f 3337 3336 3186
f 3337 3186 3187
f 3184 3186 3334
f 3334 3186 3336
f 3335 3188 3185
f 3338 3188 3335
f 3340 3339 3189
f 3340 3189 3190
f 3187 3189 3337
f 3337 3189 3339
f 3338 3191 3188
f 3341 3191 3338
f 3192 3340 3190
f 3192 3342 3340
f 3341 3193 3191
f 3343 3193 3341
f 3345 3344 3194
f 3345 3194 3195
f 3192 3194 3342
f 3342 3194 3344
f 3343 3196 3193
f 3346 3196 3343
f 3348 3347 3197
f 3348 3197 3198
f 3195 3197 3345
f 3345 3197 3347
f 3346 3199 3196
f 3349 3199 3346
f 3200 3348 3198
f 3200 3350 3348
f 3349 3201 3199
f 3351 3201 3349
f 3202 3350 3200
f 3202 3352 3350
f 3351 3203 3201
f 3353 3203 3351
f 3204 3352 3202
f 3204 3354 3352
f 3353 3205 3203
f 3355 3205 3353
f 3206 3354 3204
f 3206 3356 3354
f 3355 3207 3205
f 3357 3207 3355
f 3208 3356 3206
f 3208 3358 3356
f 3357 3209 3207
f 3359 3209 3357
f 3210 3358 3208
f 3210 3360 3358
f 3359 3211 3209
f 3361 3211 3359
f 3212 3360 3210
f 3212 3362 3360
f 3361 3213 3211
f 3363 3213 3361
f 3214 3362 3212
f 3214 3364 3362
f 3363 3215 3213
f 3365 3215 3363
f 3216 3364 3214
f 3216 3366 3364
f 3365 3217 3215
f 3367 3217 3365
f 3218 3366 3216
f 3218 3368 3366
f 3367 3219 3217
f 3369 3219 3367
f 3220 3368 3218
f 3220 3370 3368
f 3369 3221 3219
f 3371 3221 3369
f 3222 3370 3220
f 3222 3372 3370
f 3371 3223 3221
f 3373 3223 3371
f 3224 3372 3222
f 3224 3374 3372
f 3373 3225 3223
f 3375 3225 3373
f 3226 3374 3224
f 3226 3376 3374
f 3375 3227 3225
f 3377 3227 3375
f 3228 3376 3226
f 3228 3378 3376
f 3377 3229 3227
f 3379 3229 3377
f 3230 3378 3228
f 3230 3380 3378
f 3379 3231 3229
f 3381 3231 3379
f 3232 3380 3230
f 3232 3382 3380
f 3381 3233 3231
f 3383 3233 3381
f 3234 3382 3232
f 3234 3384 3382
f 3383 3235 3233
f 3385 3235 3383
f 3236 3384 3234
f 3236 3386 3384
f 3385 3237 3235
f 3387 3237 3385
f 3238 3386 3236
f 3238 3388 3386
f 3387 3239 3237
f 3389 3239 3387
f 3240 3388 3238
f 3240 3390 3388
f 3389 3241 3239
f 3391 3241 3389
f 3242 3390 3240
f 3242 3392 3390
f 3391 3243 3241
f 3393 3243 3391
f 3244 3392 3242
f 3244 3394 3392
f 3393 3245 3243
f 3395 3245 3393
f 3396 3394 3244
f 3396 3244 3246
f 3246 3247 3396
f 3396 3247 3397
f 3395 3248 3245
f 3398 3248 3395
f 3249 3397 3247
f 3249 3399 3397
f 3398 3250 3248
f 3400 3250 3398
f 3401 3399 3249
f 3401 3249 3251
f 3251 3252 3401
f 3401 3252 3402
f 3400 3253 3250
f 3403 3253 3400
f 3404 3402 3252
f 3404 3252 3254
f 3254 3255 3404
f 3404 3255 3405
f 3403 3256 3253
f 3406 3256 3403
f 3257 3405 3255
f 3257 3407 3405
f 3406 3258 3256
f 3408 3258 3406
f 3409 3407 3257
f 3409 3257 3259
f 3259 3260 3409
f 3409 3260 3410
f 3408 3261 3258
f 3411 3261 3408
f 3412 3410 3260
f 3412 3260 3262
f 3262 3263 3412
f 3412 3263 3413
f 3411 3264 3261
f 3414 3264 3411
f 3265 3413 3263
f 3265 3415 3413
f 3414 3266 3264
f 3416 3266 3414
f 3417 3415 3265
f 3417 3265 3267
f 3267 3268 3417
f 3417 3268 3418
f 3416 3269 3266
f 3419 3269 3416
f 3420 3418 3268
f 3420 3268 3270
f 3270 3271 3420
f 3420 3271 3421
f 3419 3272 3269
f 3422 3272 3419
f 3423 3421 3271
f 3423 3271 3273
f 3424 3273 3274
f 3424 3423 3273
f 3425 3274 3275
f 3425 3424 3274
f 3426 3275 3276
f 3426 3425 3275
f 3276 3272 3422
f 3276 3422 3426
f 3429 3428 3427
f 3278 3279 3427
f 3428 3278 3427
f 3430 3278 3428
f 3278 3431 3280
f 3430 3431 3278
f 3280 3432 3281
f 3431 3432 3280
f 3281 3433 3282
f 3432 3433 3281
f 3282 3434 3283
f 3433 3434 3282
f 3283 3435 3284
f 3434 3435 3283
f 3284 3436 3285
f 3435 3436 3284
f 3285 3437 3286
f 3436 3437 3285
f 3286 3438 3287
f 3437 3438 3286
f 3287 3439 3288
f 3438 3439 3287
f 3288 3440 3289
f 3439 3440 3288
f 3289 3441 3290
f 3440 3441 3289
f 3290 3442 3291
f 3441 3442 3290
f 3291 3443 3292
f 3442 3443 3291
f 3443 3445 3444
f 3293 3443 3444
f 3292 3443 3293
f 3444 3295 3293
f 3429 3427 3446
f 3429 3446 3447
f 3297 3446 3279
f 3279 3446 3427
f 3444 3445 3448
f 3448 3445 3449
f 3448 3299 3295
f 3448 3295 3444
f 3447 3446 3450
f 3447 3450 3451
f 3301 3450 3297
f 3297 3450 3446
f 3448 3449 3452
f 3452 3449 3453
f 3452 3303 3299
f 3452 3299 3448
f 3454 3451 3450
f 3454 3450 3301
f 3304 3454 3301
f 3455 3454 3304
f 3456 3304 3305
f 3456 3455 3304
f 3457 3305 3306
f 3457 3456 3305
f 3458 3306 3307
f 3458 3457 3306
f 3459 3307 3308
f 3459 3458 3307
f 3460 3308 3309
f 3460 3459 3308
f 3461 3309 3310
f 3461 3460 3309
f 3462 3310 3311
f 3462 3461 3310
f 3463 3311 3312
f 3463 3462 3311
f 3464 3312 3313
f 3464 3463 3312
f 3465 3313 3314
f 3465 3464 3313
f 3466 3314 3315
f 3466 3465 3314
f 3467 3315 3316
f 3467 3466 3315
f 3468 3316 3317
f 3468 3467 3316
f 3318 3452 3453
f 3468 3318 3453
f 3317 3318 3468
f 3452 3318 3303
f 3470 3469 3319
f 3470 3319 3320
f 3319 3471 3321
f 3469 3471 3319
f 3321 3472 3322
f 3471 3472 3321
f 3322 3473 3323
f 3472 3473 3322
f 3323 3474 3324
f 3473 3474 3323
f 3325 3324 3474
f 3325 3474 3475
f 3326 3470 3320
f 3326 3476 3470
f 3475 3327 3325
f 3477 3327 3475
f 3479 3478 3328
f 3479 3328 3329
f 3326 3328 3476
f 3476 3328 3478
f 3477 3330 3327
f 3480 3330 3477
f 3482 3481 3331
f 3482 3331 3332
f 3329 3331 3479
f 3479 3331 3481
f 3480 3333 3330
f 3483 3333 3480
f 3334 3482 3332
f 3334 3484 3482
f 3483 3335 3333
f 3485 3335 3483
f 3487 3486 3336
f 3487 3336 3337
f 3334 3336 3484
f 3484 3336 3486
f 3485 3338 3335
f 3488 3338 3485
f 3490 3489 3339
f 3490 3339 3340
f 3337 3339 3487
f 3487 3339 3489
f 3488 3341 3338
f 3491 3341 3488
f 3342 3490 3340
f 3342 3492 3490
f 3491 3343 3341
f 3493 3343 3491
f 3495 3494 3344
f 3495 3344 3345
f 3342 3344 3492
f 3492 3344 3494
f 3493 3346 3343
f 3496 3346 3493
f 3498 3497 3347
f 3498 3347 3348
f 3345 3347 3495
f 3495 3347 3497
f 3496 3349 3346
f 3499 3349 3496
f 3350 3498 3348
f 3350 3500 3498
f 3499 3351 3349
f 3501 3351 3499
f 3352 3500 3350
f 3352 3502 3500
f 3501 3353 3351
f 3503 3353 3501
f 3354 3502 3352
f 3354 3504 3502
f 3503 3355 3353
f 3505 3355 3503
f 3356 3504 3354
f 3356 3506 3504
f 3505 3357 3355
f 3507 3357 3505
f 3358 3506 3356
f 3358 3508 3506
f 3507 3359 3357
f 3509 3359 3507
f 3360 3508 3358
f 3360 3510 3508
f 3509 3361 3359
f 3511 3361 3509
f 3362 3510 3360
f 3362 3512 3510
f 3511 3363 3361
f 3513 3363 3511
f 3364 3512 3362
f 3364 3514 3512
f 3513 3365 3363
f 3515 3365 3513
f 3366 3514 3364
f 3366 3516 3514
f 3515 3367 3365
f 3517 3367 3515
f 3368 3516 3366
f 3368 3518 3516
f 3517 3369 3367
f 3519 3369 3517
f 3370 3518 3368
f 3370 3520 3518
f 3519 3371 3369
f 3521 3371 3519
f 3372 3520 3370
f 3372 3522 3520
f 3521 3373 3371
f 3523 3373 3521
f 3374 3522 3372
f 3374 3524 3522
f 3523 3375 3373
f 3525 3375 3523
f 3376 3524 3374
f 3376 3526 3524
f 3525 3377 3375
f 3527 3377 3525
f 3378 3526 3376
f 3378 3528 3526
f 3527 3379 3377
f 3529 3379 3527
f 3380 3528 3378
f 3380 3530 3528
f 3529 3381 3379
f 3531 3381 3529
f 3382 3530 3380
f 3382 3532 3530
f 3531 3383 3381
f 3533 3383 3531
f 3384 3532 3382
f 3384 3534 3532
f 3533 3385 3383
f 3535 3385 3533
f 3386 3534 3384
f 3386 3536 3534
f 3535 3387 3385
f 3537 3387 3535
f 3388 3536 3386
f 3388 3538 3536
f 3537 3389 3387
f 3539 3389 3537
f 3390 3538 3388
f 3390 3540 3538
f 3539 3391 3389
f 3541 3391 3539
f 3392 3540 3390
f 3392 3542 3540
f 3541 3393 3391
f 3543 3393 3541
f 3394 3542 3392
f 3394 3544 3542
f 3543 3395 3393
f 3545 3395 3543
f 3546 3544 3394
f 3546 3394 3396
f 3396 3397 3546
f 3546 3397 3547
f 3545 3398 3395
f 3548 3398 3545
f 3399 3547 3397
f 3399 3549 3547
f 3548 3400 3398
f 3550 3400 3548
f 3551 3549 3399
f 3551 3399 3401
f 3401 3402 3551
f 3551 3402 3552
f 3550 3403 3400
f 3553 3403 3550
f 3554 3552 3402
f 3554 3402 3404
f 3404 3405 3554
f 3554 3405 3555
f 3553 3406 3403
f 3556 3406 3553
f 3407 3555 3405
f 3407 3557 3555
f 3556 3408 3406
f 3558 3408 3556
f 3559 3557 3407
f 3559 3407 3409
f 3409 3410 3559
f 3559 3410 3560
f 3558 3411 3408
f 3561 3411 3558
f 3562 3560 3410
f 3562 3410 3412
f 3412 3413 3562
f 3562 3413 3563
f 3561 3414 3411
f 3564 3414 3561
f 3415 3563 3413
f 3415 3565 3563
f 3564 3416 3414
f 3566 3416 3564
f 3567 3565 3415
f 3567 3415 3417
f 3417 3418 3567
f 3567 3418 3568
f 3566 3419 3416
f 3569 3419 3566
f 3570 3568 3418
f 3570 3418 3420
f 3420 3421 3570
f 3570 3421 3571
f 3569 3422 3419
f 3572 3422 3569
f 3573 3571 3421
f 3573 3421 3423
f 3574 3423 3424
f 3574 3573 3423
f 3575 3424 3425
f 3575 3574 3424
f 3576 3425 3426
f 3576 3575 3425
f 3426 3422 3572
f 3426 3572 3576
f 3579 3578 3577
f 3428 3429 3577
f 3578 3428 3577
f 3580 3428 3578
f 3428 3581 3430
f 3580 3581 3428
f 3430 3582 3431
f 3581 3582 3430
f 3431 3583 3432
f 3582 3583 3431
f 3432 3584 3433
f 3583 3584 3432
f 3433 3585 3434
f 3584 3585 3433
f 3434 3586 3435
f 3585 3586 3434
f 3435 3587 3436
f 3586 3587 3435
f 3436 3588 3437
f 3587 3588 3436
f 3437 3589 3438
f 3588 3589 3437
f 3438 3590 3439
f 3589 3590 3438
f 3439 3591 3440
f 3590 3591 3439
f 3440 3592 3441
f 3591 3592 3440
f 3441 3593 3442
f 3592 3593 3441
f 3593 3595 3594
f 3443 3593 3594
f 3442 3593 3443
f 3594 3445 3443
f 3579 3577 3596
f 3579 3596 3597
f 3447 3596 3429
f 3429 3596 3577
f 3594 3595 3598
f 3598 3595 3599
f 3598 3449 3445
f 3598 3445 3594
f 3597 3596 3600
f 3597 3600 3601
f 3451 3600 3447
f 3447 3600 3596
f 3598 3599 3602
f 3602 3599 3603
f 3602 3453 3449
f 3602 3449 3598
f 3604 3601 3600
f 3604 3600 3451
f 3454 3604 3451
f 3605 3604 3454
f 3606 3454 3455
f 3606 3605 3454
f 3607 3455 3456
f 3607 3606 3455
f 3608 3456 3457
f 3608 3607 3456
f 3609 3457 3458
f 3609 3608 3457
f 3610 3458 3459
f 3610 3609 3458
f 3611 3459 3460
f 3611 3610 3459
f 3612 3460 3461
f 3612 3611 3460
f 3613 3461 3462
f 3613 3612 3461
f 3614 3462 3463
f 3614 3613 3462
f 3615 3463 3464
f 3615 3614 3463
f 3616 3464 3465
f 3616 3615 3464
f 3617 3465 3466
f 3617 3616 3465
f 3618 3466 3467
f 3618 3617 3466
f 3468 3602 3603
f 3618 3468 3603
f 3467 3468 3618
f 3602 3468 3453
f 3620 3619 3469
f 3620 3469 3470
f 3469 3621 3471
f 3619 3621 3469
f 3471 3622 3472
f 3621 3622 3471
f 3472 3623 3473
f 3622 3623 3472
f 3473 3624 3474
f 3623 3624 3473
f 3475 3474 3624
f 3475 3624 3625
f 3476 3620 3470
f 3476 3626 3620
f 3625 3477 3475
f 3627 3477 3625
f 3629 3628 3478
f 3629 3478 3479
f 3476 3478 3626
f 3626 3478 3628
f 3627 3480 3477
f 3630 3480 3627
f 3632 3631 3481
f 3632 3481 3482
f 3479 3481 3629
f 3629 3481 3631
f 3630 3483 3480
f 3633 3483 3630
f 3484 3632 3482
f 3484 3634 3632
f 3633 3485 3483
f 3635 3485 3633
f 3637 3636 3486
f 3637 3486 3487
f 3484 3486 3634
f 3634 3486 3636
f 3635 3488 3485
f 3638 3488 3635
f 3640 3639 3489
f 3640 3489 3490
f 3487 3489 3637
f 3637 3489 3639
f 3638 3491 3488
f 3641 3491 3638
f 3492 3640 3490
f 3492 3642 3640
f 3641 3493 3491
f 3643 3493 3641
f 3645 3644 3494
f 3645 3494 3495
f 3492 3494 3642
f 3642 3494 3644
f 3643 3496 3493
f 3646 3496 3643
f 3648 3647 3497
f 3648 3497 3498
f 3495 3497 3645
f 3645 3497 3647
f 3646 3499 3496
f 3649 3499 3646
f 3500 3648 3498
f 3500 3650 3648
f 3649 3501 3499
f 3651 3501 3649
f 3502 3650 3500
f 3502 3652 3650
f 3651 3503 3501
f 3653 3503 3651
f 3504 3652 3502
f 3504 3654 3652
f 3653 3505 3503
f 3655 3505 3653
f 3506 3654 3504
f 3506 3656 3654
f 3655 3507 3505
f 3657 3507 3655
f 3508 3656 3506
f 3508 3658 3656
f 3657 3509 3507
f 3659 3509 3657
f 3510 3658 3508
f 3510 3660 3658
f 3659 3511 3509
f 3661 3511 3659
f 3512 3660 3510
f 3512 3662 3660
f 3661 3513 3511
f 3663 3513 3661
f 3514 3662 3512
f 3514 3664 3662
f 3663 3515 3513
f 3665 3515 3663
f 3516 3664 3514
f 3516 3666 3664
f 3665 3517 3515
f 3667 3517 3665
f 3518 3666 3516
f 3518 3668 3666
f 3667 3519 3517
f 3669 3519 3667
f 3520 3668 3518
f 3520 3670 3668
f 3669 3521 3519
f 3671 3521 3669
f 3522 3670 3520
f 3522 3672 3670
f 3671 3523 3521
f 3673 3523 3671
f 3524 3672 3522
f 3524 3674 3672
f 3673 3525 3523
f 3675 3525 3673
f 3526 3674 3524
f 3526 3676 3674
f 3675 3527 3525
f 3677 3527 3675
f 3528 3676 3526
f 3528 3678 3676
f 3677 3529 3527
f 3679 3529 3677
f 3530 3678 3528
f 3530 3680 3678
f 3679 3531 3529
f 3681 3531 3679
f 3532 3680 3530
f 3532 3682 3680
f 3681 3533 3531
f 3683 3533 3681
f 3534 3682 3532
f 3534 3684 3682
f 3683 3535 3533
f 3685 3535 3683
f 3536 3684 3534
f 3536 3686 3684
f 3685 3537 3535
f 3687 3537 3685
f 3538 3686 3536
f 3538 3688 3686
f 3687 3539 3537
f 3689 3539 3687
f 3540 3688 3538
f 3540 3690 3688
f 3689 3541 3539
f 3691 3541 3689
f 3542 3690 3540
f 3542 3692 3690
f 3691 3543 3541
f 3693 3543 3691
f 3544 3692 3542
f 3544 3694 3692
f 3693 3545 3543
f 3695 3545 3693
f 3696 3694 3544
f 3696 3544 3546
f 3546 3547 3696
f 3696 3547 3697
f 3695 3548 3545
f 3698 3548 3695
f 3549 3697 3547
f 3549 3699 3697
f 3698 3550 3548
f 3700 3550 3698
f 3549 3551 3701
f 3702 3549 3701
f 3699 3549 3702
f 3552 3701 3551
f 3700 3553 3550
f 3703 3553 3700
f 3704 3702 3701
f 3704 3701 3552
f 3554 3704 3552
f 3705 3704 3554
f 3554 3555 3705
f 3705 3555 3706
f 3703 3556 3553
f 3707 3556 3703
f 3557 3706 3555
f 3557 3708 3706
f 3707 3558 3556
f 3709 3558 3707
f 3710 3708 3557
f 3710 3557 3559
f 3559 3560 3710
f 3710 3560 3711
f 3709 3561 3558
f 3712 3561 3709
f 3713 3711 3560
f 3713 3560 3562
f 3562 3563 3713
f 3713 3563 3714
f 3712 3564 3561
f 3715 3564 3712
f 3565 3714 3563
f 3565 3716 3714
f 3715 3566 3564
f 3717 3566 3715
f 3718 3716 3565
f 3718 3565 3567
f 3567 3568 3718
f 3718 3568 3719
f 3717 3569 3566
f 3720 3569 3717
f 3721 3719 3568
f 3721 3568 3570
f 3570 3571 3721
f 3721 3571 3722
f 3720 3572 3569
f 3723 3572 3720
f 3724 3722 3571
f 3724 3571 3573
f 3725 3573 3574
f 3725 3724 3573
f 3726 3574 3575
f 3726 3725 3574
f 3727 3575 3576
f 3727 3726 3575
f 3576 3572 3723
f 3576 3723 3727
f 3730 3729 3728
f 3578 3579 3728
f 3729 3578 3728
f 3731 3578 3729
f 3578 3732 3580
f 3731 3732 3578
f 3580 3733 3581
f 3732 3733 3580
f 3581 3734 3582
f 3733 3734 3581
f 3582 3735 3583
f 3734 3735 3582
f 3583 3736 3584
f 3735 3736 3583
f 3584 3737 3585
f 3736 3737 3584
f 3585 3738 3586
f 3737 3738 3585
f 3586 3739 3587
f 3738 3739 3586
f 3587 3740 3588
f 3739 3740 3587
f 3588 3741 3589
f 3740 3741 3588
f 3589 3742 3590
f 3741 3742 3589
f 3590 3743 3591
f 3742 3743 3590
f 3591 3744 3592
f 3743 3744 3591
f 3744 3746 3745
f 3593 3744 3745
f 3592 3744 3593
f 3745 3595 3593
f 3730 3728 3747
f 3730 3747 3748
f 3597 3747 3579
f 3579 3747 3728
f 3745 3746 3749
f 3749 3746 3750
f 3749 3599 3595
f 3749 3595 3745
f 3748 3747 3751
f 3748 3751 3752
f 3601 3751 3597
f 3597 3751 3747
f 3749 3750 3753
f 3753 3750 3754
f 3753 3603 3599
f 3753 3599 3749
f 3755 3752 3751
f 3755 3751 3601
f 3604 3755 3601
f 3756 3755 3604
f 3757 3604 3605
f 3757 3756 3604
f 3758 3605 3606
f 3758 3757 3605
f 3759 3606 3607
f 3759 3758 3606
f 3760 3607 3608
f 3760 3759 3607
f 3761 3608 3609
f 3761 3760 3608
f 3762 3609 3610
f 3762 3761 3609
f 3763 3610 3611
f 3763 3762 3610
f 3764 3611 3612
f 3764 3763 3611
f 3765 3612 3613
f 3765 3764 3612
f 3766 3613 3614
f 3766 3765 3613
f 3767 3614 3615
f 3767 3766 3614
f 3768 3615 3616
f 3768 3767 3615
f 3769 3616 3617
f 3769 3768 3616
f 3618 3753 3754
f 3769 3618 3754
f 3617 3618 3769
f 3753 3618 3603
f 3771 3770 3619
f 3771 3619 3620
f 3619 3772 3621
f 3770 3772 3619
f 3621 3773 3622
f 3772 3773 3621
f 3622 3774 3623
f 3773 3774 3622
f 3623 3775 3624
f 3774 3775 3623
f 3625 3624 3775
f 3625 3775 3776
f 3626 3771 3620
f 3626 3777 3771
f 3776 3627 3625
f 3778 3627 3776
f 3780 3779 3628
f 3780 3628 3629
f 3626 3628 3777
f 3777 3628 3779
f 3778 3630 3627
f 3781 3630 3778
f 3783 3782 3631
f 3783 3631 3632
f 3629 3631 3780
f 3780 3631 3782
f 3781 3633 3630
f 3784 3633 3781
f 3634 3783 3632
f 3634 3785 3783
f 3784 3635 3633
f 3786 3635 3784
f 3788 3787 3636
f 3788 3636 3637
f 3634 3636 3785
f 3785 3636 3787
f 3786 3638 3635
f 3789 3638 3786
f 3791 3790 3639
f 3791 3639 3640
f 3637 3639 3788
f 3788 3639 3790
f 3789 3641 3638
f 3792 3641 3789
f 3642 3791 3640
f 3642 3793 3791
f 3792 3643 3641
f 3794 3643 3792
f 3796 3795 3644
f 3796 3644 3645
f 3642 3644 3793
f 3793 3644 3795
f 3794 3646 3643
f 3797 3646 3794
f 3799 3798 3647
f 3799 3647 3648
f 3645 3647 3796
f 3796 3647 3798
f 3797 3649 3646
f 3800 3649 3797
f 3650 3799 3648
f 3650 3801 3799
f 3800 3651 3649
f 3802 3651 3800
f 3652 3801 3650
f 3652 3803 3801
f 3802 3653 3651
f 3804 3653 3802
f 3654 3803 3652
f 3654 3805 3803
f 3804 3655 3653
f 3806 3655 3804
f 3656 3805 3654
f 3656 3807 3805
f 3806 3657 3655
f 3808 3657 3806
f 3658 3807 3656
f 3658 3809 3807
f 3808 3659 3657
f 3810 3659 3808
f 3660 3809 3658
f 3660 3811 3809
f 3810 3661 3659
f 3812 3661 3810
f 3662 3811 3660
f 3662 3813 3811
f 3812 3663 3661
f 3814 3663 3812
f 3664 3813 3662
f 3664 3815 3813
f 3814 3665 3663
f 3816 3665 3814
f 3666 3815 3664
f 3666 3817 3815
f 3816 3667 3665
f 3818 3667 3816
f 3668 3817 3666
f 3668 3819 3817
f 3818 3669 3667
f 3820 3669 3818
f 3670 3819 3668
f 3670 3821 3819
f 3820 3671 3669
f 3822 3671 3820
f 3672 3821 3670
f 3672 3823 3821
f 3822 3673 3671
f 3824 3673 3822
f 3674 3823 3672
f 3674 3825 3823
f 3824 3675 3673
f 3826 3675 3824
f 3676 3825 3674
f 3676 3827 3825
f 3826 3677 3675
f 3828 3677 3826
f 3678 3827 3676
f 3678 3829 3827
f 3828 3679 3677
f 3830 3679 3828
f 3680 3829 3678
f 3680 3831 3829
f 3830 3681 3679
f 3832 3681 3830
f 3682 3831 3680
f 3682 3833 3831
f 3832 3683 3681
f 3834 3683 3832
f 3684 3833 3682
f 3684 3835 3833
f 3834 3685 3683
f 3836 3685 3834
f 3686 3835 3684
f 3686 3837 3835
f 3836 3687 3685
f 3838 3687 3836
f 3688 3837 3686
f 3688 3839 3837
f 3838 3689 3687
f 3840 3689 3838
f 3690 3839 3688
f 3690 3841 3839
f 3840 3691 3689
f 3842 3691 3840
f 3692 3841 3690
f 3692 3843 3841
f 3842 3693 3691
f 3844 3693 3842
f 3694 3843 3692
f 3694 3845 3843
f 3844 3695 3693
f 3846 3695 3844
f 3847 3845 3694
f 3847 3694 3696
f 3696 3697 3847
f 3847 3697 3848
f 3846 3698 3695
f 3849 3698 3846
f 3699 3848 3697
f 3699 3850 3848
f 3849 3700 3698
f 3851 3700 3849
f 3702 3850 3699
f 3702 3852 3850
f 3851 3703 3700
f 3853 3703 3851
f 3854 3852 3702
f 3854 3702 3704
f 3855 3704 3705
f 3855 3854 3704
f 3705 3706 3855
f 3855 3706 3856
f 3853 3707 3703
f 3857 3707 3853
f 3708 3856 3706
f 3708 3858 3856
f 3857 3709 3707
f 3859 3709 3857
f 3860 3858 3708
f 3860 3708 3710
f 3710 3711 3860
f 3860 3711 3861
f 3859 3712 3709
f 3862 3712 3859
f 3863 3861 3711
f 3863 3711 3713
f 3713 3714 3863
f 3863 3714 3864
f 3862 3715 3712
f 3865 3715 3862
f 3716 3864 3714
f 3716 3866 3864
f 3865 3717 3715
f 3867 3717 3865
f 3868 3866 3716
f 3868 3716 3718
f 3718 3719 3868
f 3868 3719 3869
f 3867 3720 3717
f 3870 3720 3867
f 3871 3869 3719
f 3871 3719 3721
f 3721 3722 3871
f 3871 3722 3872
f 3870 3723 3720
f 3873 3723 3870
f 3874 3872 3722
f 3874 3722 3724
f 3875 3724 3725
f 3875 3874 3724
f 3876 3725 3726
f 3876 3875 3725
f 3877 3726 3727
f 3877 3876 3726
f 3727 3723 3873
f 3727 3873 3877
f 3880 3879 3878
f 3729 3730 3878
f 3879 3729 3878
f 3881 3729 3879
f 3729 3882 3731
f 3881 3882 3729
f 3731 3883 3732
f 3882 3883 3731
f 3732 3884 3733
f 3883 3884 3732
f 3733 3885 3734
f 3884 3885 3733
f 3734 3886 3735
f 3885 3886 3734
f 3735 3887 3736
f 3886 3887 3735
f 3736 3888 3737
f 3887 3888 3736
f 3737 3889 3738
f 3888 3889 3737
f 3738 3890 3739
f 3889 3890 3738
f 3739 3891 3740
f 3890 3891 3739
f 3740 3892 3741
f 3891 3892 3740
f 3741 3893 3742
f 3892 3893 3741
f 3742 3894 3743
f 3893 3894 3742
f 3894 3896 3895
f 3744 3894 3895
f 3743 3894 3744
f 3895 3746 3744
f 3880 3878 3897
f 3880 3897 3898
f 3748 3897 3730
f 3730 3897 3878
f 3895 3896 3899
f 3899 3896 3900
f 3899 3750 3746
f 3899 3746 3895
f 3898 3897 3901
f 3898 3901 3902
f 3752 3901 3748
f 3748 3901 3897
f 3899 3900 3903
f 3903 3900 3904
f 3903 3754 3750
f 3903 3750 3899
f 3905 3902 3901
f 3905 3901 3752
f 3755 3905 3752
f 3906 3905 3755
f 3907 3755 3756
f 3907 3906 3755
f 3908 3756 3757
f 3908 3907 3756
f 3909 3757 3758
f 3909 3908 3757
f 3910 3758 3759
f 3910 3909 3758
f 3911 3759 3760
f 3911 3910 3759
f 3912 3760 3761
f 3912 3911 3760
f 3913 3761 3762
f 3913 3912 3761
f 3914 3762 3763
f 3914 3913 3762
f 3915 3763 3764
f 3915 3914 3763
f 3916 3764 3765
f 3916 3915 3764
f 3917 3765 3766
f 3917 3916 3765
f 3918 3766 3767
f 3918 3917 3766
f 3919 3767 3768
f 3919 3918 3767
f 3769 3903 3904
f 3919 3769 3904
f 3768 3769 3919
f 3903 3769 3754
f 3921 3920 3770
f 3921 3770 3771
f 3770 3922 3772
f 3920 3922 3770
f 3772 3923 3773
f 3922 3923 3772
f 3773 3924 3774
f 3923 3924 3773
f 3774 3925 3775
f 3924 3925 3774
f 3776 3775 3925
f 3776 3925 3926
f 3777 3921 3771
f 3777 3927 3921
f 3926 3778 3776
f 3928 3778 3926
f 3930 3929 3779
f 3930 3779 3780
f 3777 3779 3927
f 3927 3779 3929
f 3928 3781 3778
f 3931 3781 3928
f 3933 3932 3782
f 3933 3782 3783
f 3780 3782 3930
f 3930 3782 3932
f 3931 3784 3781
f 3934 3784 3931
f 3785 3933 3783
f 3785 3935 3933
f 3934 3786 3784
f 3936 3786 3934
f 3938 3937 3787
f 3938 3787 3788
f 3785 3787 3935
f 3935 3787 3937
f 3936 3789 3786
f 3939 3789 3936
f 3941 3940 3790
f 3941 3790 3791
f 3788 3790 3938
f 3938 3790 3940
f 3939 3792 3789
f 3942 3792 3939
f 3793 3941 3791
f 3793 3943 3941
f 3942 3794 3792
f 3944 3794 3942
f 3946 3945 3795
f 3946 3795 3796
f 3793 3795 3943
f 3943 3795 3945
f 3944 3797 3794
f 3947 3797 3944
f 3949 3948 3798
f 3949 3798 3799
f 3796 3798 3946
f 3946 3798 3948
f 3947 3800 3797
f 3950 3800 3947
f 3801 3949 3799
f 3801 3951 3949
f 3950 3802 3800
f 3952 3802 3950
f 3803 3951 3801
f 3803 3953 3951
f 3952 3804 3802
f 3954 3804 3952
f 3805 3953 3803
f 3805 3955 3953
f 3954 3806 3804
f 3956 3806 3954
f 3807 3955 3805
f 3807 3957 3955
f 3956 3808 3806
f 3958 3808 3956
f 3809 3957 3807
f 3809 3959 3957
f 3958 3810 3808
f 3960 3810 3958
f 3811 3959 3809
f 3811 3961 3959
f 3960 3812 3810
f 3962 3812 3960
f 3813 3961 3811
f 3813 3963 3961
f 3962 3814 3812
f 3964 3814 3962
f 3815 3963 3813
f 3815 3965 3963
f 3964 3816 3814
f 3966 3816 3964
f 3817 3965 3815
f 3817 3967 3965
f 3966 3818 3816
f 3968 3818 3966
f 3819 3967 3817
f 3819 3969 3967
f 3968 3820 3818
f 3970 3820 3968
f 3821 3969 3819
f 3821 3971 3969
f 3970 3822 3820
f 3972 3822 3970
f 3823 3971 3821
f 3823 3973 3971
f 3972 3824 3822
f 3974 3824 3972
f 3825 3973 3823
f 3825 3975 3973
f 3974 3826 3824
f 3976 3826 3974
f 3827 3975 3825
f 3827 3977 3975
f 3976 3828 3826
f 3978 3828 3976
f 3829 3977 3827
f 3829 3979 3977
f 3978 3830 3828
f 3980 3830 3978
f 3831 3979 3829
f 3831 3981 3979
f 3980 3832 3830
f 3982 3832 3980
f 3833 3981 3831
f 3833 3983 3981
f 3982 3834 3832
f 3984 3834 3982
f 3835 3983 3833
f 3835 3985 3983
f 3984 3836 3834
f 3986 3836 3984
f 3837 3985 3835
f 3837 3987 3985
f 3986 3838 3836
f 3988 3838 3986
f 3839 3987 3837
f 3839 3989 3987
f 3988 3840 3838
f 3990 3840 3988
f 3841 3989 3839
f 3841 3991 3989
f 3990 3842 3840
f 3992 3842 3990
f 3843 3991 3841
f 3843 3993 3991
f 3992 3844 3842
f 3994 3844 3992
f 3845 3993 3843
f 3845 3995 3993
f 3994 3846 3844
f 3996 3846 3994
f 3997 3995 3845
f 3997 3845 3847
f 3847 3848 3997
f 3997 3848 3998
f 3996 3849 3846
f 3999 3849 3996
f 3850 3998 3848
f 3850 4000 3998
f 3999 3851 3849
f 4001 3851 3999
f 3852 4000 3850
f 3852 4002 4000
f 4001 3853 3851
f 4003 3853 4001
f 4004 4002 3852
f 4004 3852 3854
f 4006 4004 4005
f 4004 3855 4005
f 4004 3854 3855
f 3856 4005 3855
f 4003 3857 3853
f 4007 3857 4003
f 4008 4006 4005
f 4005 3856 4008
f 3856 4009 4008
f 3856 3858 4009
f 4007 3859 3857
f 4010 3859 4007
f 4011 4009 3858
f 4011 3858 3860
f 3860 3861 4011
f 4011 3861 4012
f 4010 3862 3859
f 4013 3862 4010
f 4014 4012 3861
f 4014 3861 3863
f 3863 3864 4014
f 4014 3864 4015
f 4013 3865 3862
f 4016 3865 4013
f 3866 4015 3864
f 3866 4017 4015
f 4016 3867 3865
f 4018 3867 4016
f 4019 4017 3866
f 4019 3866 3868
f 3868 3869 4019
f 4019 3869 4020
f 4018 3870 3867
f 4021 3870 4018
f 4022 4020 3869
f 4022 3869 3871
f 3871 3872 4022
f 4022 3872 4023
f 4021 3873 3870
f 4024 3873 4021
f 4025 4023 3872
f 4025 3872 3874
f 4026 3874 3875
f 4026 4025 3874
f 4027 3875 3876
f 4027 4026 3875
f 4028 3876 3877
f 4028 4027 3876
f 3877 3873 4024
f 3877 4024 4028
f 4031 4030 4029
f 3879 3880 4029
f 4030 3879 4029
f 4032 3879 4030
f 3879 4033 3881
f 4032 4033 3879
f 3881 4034 3882
f 4033 4034 3881
f 3882 4035 3883
f 4034 4035 3882
f 3883 4036 3884
f 4035 4036 3883
f 3884 4037 3885
f 4036 4037 3884
f 3885 4038 3886
f 4037 4038 3885
f 3886 4039 3887
f 4038 4039 3886
f 3887 4040 3888
f 4039 4040 3887
f 3888 4041 3889
f 4040 4041 3888
f 3889 4042 3890
f 4041 4042 3889
f 3890 4043 3891
f 4042 4043 3890
f 3891 4044 3892
f 4043 4044 3891
f 3892 4045 3893
f 4044 4045 3892
f 4045 4047 4046
f 3894 4045 4046
f 3893 4045 3894
f 4046 3896 3894
f 4031 4029 4048
f 4031 4048 4049
f 3898 4048 3880
f 3880 4048 4029
f 4046 4047 4050
f 4050 4047 4051
f 4050 3900 3896
f 4050 3896 4046
f 4049 4048 4052
f 4049 4052 4053
f 3902 4052 3898
f 3898 4052 4048
f 4050 4051 4054
f 4054 4051 4055
f 4054 3904 3900
f 4054 3900 4050
f 4056 4053 4052
f 4056 4052 3902
f 3905 4056 3902
f 4057 4056 3905
f 4058 3905 3906
f 4058 4057 3905
f 4059 3906 3907
f 4059 4058 3906
f 4060 3907 3908
f 4060 4059 3907
f 4061 3908 3909
f 4061 4060 3908
f 4062 3909 3910
f 4062 4061 3909
f 4063 3910 3911
f 4063 4062 3910
f 4064 3911 3912
f 4064 4063 3911
f 4065 3912 3913
f 4065 4064 3912
f 4066 3913 3914
f 4066 4065 3913
f 4067 3914 3915
f 4067 4066 3914
f 4068 3915 3916
f 4068 4067 3915
f 4069 3916 3917
f 4069 4068 3916
f 4070 3917 3918
f 4070 4069 3917
f 3919 4054 4055
f 4070 3919 4055
f 3918 3919 4070
f 4054 3919 3904
f 4072 4071 3920
f 4072 3920 3921
f 3920 4073 3922
f 4071 4073 3920
f 3922 4074 3923
f 4073 4074 3922
f 3923 4075 3924
f 4074 4075 3923
f 3924 4076 3925
f 4075 4076 3924
f 3926 3925 4076
f 3926 4076 4077
f 3927 4072 3921
f 3927 4078 4072
f 4077 3928 3926
f 4079 3928 4077
f 4081 4080 3929
f 4081 3929 3930
f 3927 3929 4078
f 4078 3929 4080
f 4079 3931 3928
f 4082 3931 4079
f 4084 4083 3932
f 4084 3932 3933
f 3930 3932 4081
f 4081 3932 4083
f 4082 3934 3931
f 4085 3934 4082
f 3935 4084 3933
f 3935 4086 4084
f 4085 3936 3934
f 4087 3936 4085
f 4089 4088 3937
f 4089 3937 3938
f 3935 3937 4086
f 4086 3937 4088
f 4087 3939 3936
f 4090 3939 4087
f 4092 4091 3940
f 4092 3940 3941
f 3938 3940 4089
f 4089 3940 4091
f 4090 3942 3939
f 4093 3942 4090
f 3943 4092 3941
f 3943 4094 4092
f 4093 3944 3942
f 4095 3944 4093
f 4097 4096 3945
f 4097 3945 3946
f 3943 3945 4094
f 4094 3945 4096
f 4095 3947 3944
f 4098 3947 4095
f 4100 4099 3948
f 4100 3948 3949
f 3946 3948 4097
f 4097 3948 4099
f 4098 3950 3947
f 4101 3950 4098
f 3951 4100 3949
f 3951 4102 4100
f 4101 3952 3950
f 4103 3952 4101
f 3953 4102 3951
f 3953 4104 4102
f 4103 3954 3952
f 4105 3954 4103
f 3955 4104 3953
f 3955 4106 4104
f 4105 3956 3954
f 4107 3956 4105
f 3957 4106 3955
f 3957 4108 4106
f 4107 3958 3956
f 4109 3958 4107
f 3959 4108 3957
f 3959 4110 4108
f 4109 3960 3958
f 4111 3960 4109
f 3961 4110 3959
f 3961 4112 4110
f 4111 3962 3960
f 4113 3962 4111
f 3963 4112 3961
f 3963 4114 4112
f 4113 3964 3962
f 4115 3964 4113
f 3965 4114 3963
f 3965 4116 4114
f 4115 3966 3964
f 4117 3966 4115
f 3967 4116 3965
f 3967 4118 4116
f 4117 3968 3966
f 4119 3968 4117
f 3969 4118 3967
f 3969 4120 4118
f 4119 3970 3968
f 4121 3970 4119
f 3971 4120 3969
f 3971 4122 4120
f 4121 3972 3970
f 4123 3972 4121
f 3973 4122 3971
f 3973 4124 4122
f 4123 3974 3972
f 4125 3974 4123
f 3975 4124 3973
f 3975 4126 4124
f 4125 3976 3974
f 4127 3976 4125
f 3977 4126 3975
f 3977 4128 4126
f 4127 3978 3976
f 4129 3978 4127
f 3979 4128 3977
f 3979 4130 4128
f 4129 3980 3978
f 4131 3980 4129
f 3981 4130 3979
f 3981 4132 4130
f 4131 3982 3980
f 4133 3982 4131
f 3983 4132 3981
f 3983 4134 4132
f 4133 3984 3982
f 4135 3984 4133
f 3985 4134 3983
f 3985 4136 4134
f 4135 3986 3984
f 4137 3986 4135
f 3987 4136 3985
f 3987 4138 4136
f 4137 3988 3986
f 4139 3988 4137
f 3989 4138 3987
f 3989 4140 4138
f 4139 3990 3988
f 4141 3990 4139
f 3991 4140 3989
f 3991 4142 4140
f 4141 3992 3990
f 4143 3992 4141
f 3993 4142 3991
f 3993 4144 4142
f 4143 3994 3992
f 4145 3994 4143
f 3995 4144 3993
f 3995 4146 4144
f 4145 3996 3994
f 4147 3996 4145
f 4148 4146 3995
f 4148 3995 3997
f 3997 3998 4148
f 4148 3998 4149
f 4147 3999 3996
f 4150 3999 4147
f 4000 4149 3998
f 4000 4151 4149
f 4150 4001 3999
f 4152 4001 4150
f 4002 4151 4000
f 4002 4153 4151
f 4152 4003 4001
f 4154 4003 4152
f 4155 4153 4002
f 4155 4002 4004
f 4004 4006 4155
f 4155 4006 4156
f 4154 4007 4003
f 4157 4007 4154
f 4158 4156 4006
f 4158 4006 4008
f 4008 4009 4158
f 4158 4009 4159
f 4157 4010 4007
f 4160 4010 4157
f 4161 4159 4009
f 4161 4009 4011
f 4011 4012 4161
f 4161 4012 4162
f 4160 4013 4010
f 4163 4013 4160
f 4164 4162 4012
f 4164 4012 4014
f 4014 4015 4164
f 4164 4015 4165
f 4163 4016 4013
f 4166 4016 4163
f 4017 4165 4015
f 4017 4167 4165
f 4166 4018 4016
f 4168 4018 4166
f 4169 4167 4017
f 4169 4017 4019
f 4019 4020 4169
f 4169 4020 4170
f 4168 4021 4018
f 4171 4021 4168
f 4172 4170 4020
f 4172 4020 4022
f 4022 4023 4172
f 4172 4023 4173
f 4171 4024 4021
f 4174 4024 4171
f 4175 4173 4023
f 4175 4023 4025
f 4176 4025 4026
f 4176 4175 4025
f 4177 4026 4027
f 4177 4176 4026
f 4178 4027 4028
f 4178 4177 4027
f 4028 4024 4174
f 4028 4174 4178
f 4181 4180 4179
f 4183 4182 4179
f 4183 4179 4180
f 4185 4184 4182
f 4185 4182 4183
f 4187 4186 4184
f 4187 4184 4185
f 4030 4031 4186
f 4187 4030 4186
f 4188 4030 4187
f 4030 4189 4032
f 4188 4189 4030
f 4032 4190 4033
f 4189 4190 4032
f 4033 4191 4034
f 4190 4191 4033
f 4034 4192 4035
f 4191 4192 4034
f 4035 4193 4036
f 4192 4193 4035
f 4036 4194 4037
f 4193 4194 4036
f 4037 4195 4038
f 4194 4195 4037
f 4038 4196 4039
f 4195 4196 4038
f 4039 4197 4040
f 4196 4197 4039
f 4040 4198 4041
f 4197 4198 4040
f 4041 4199 4042
f 4198 4199 4041
f 4042 4200 4043
f 4199 4200 4042
f 4043 4201 4044
f 4200 4201 4043
f 4201 4203 4202
f 4045 4201 4202
f 4044 4201 4045
f 4202 4047 4045
f 4181 4179 4204
f 4181 4204 4205
f 4206 4179 4182
f 4204 4179 4206
f 4207 4182 4184
f 4206 4182 4207
f 4208 4184 4186
f 4207 4184 4208
f 4049 4208 4031
f 4031 4208 4186
f 4202 4203 4209
f 4209 4203 4210
f 4209 4051 4047
f 4209 4047 4202
f 4205 4204 4211
f 4205 4211 4212
f 4213 4204 4206
f 4211 4204 4213
f 4214 4206 4207
f 4213 4206 4214
f 4215 4207 4208
f 4214 4207 4215
f 4053 4215 4049
f 4049 4215 4208
f 4209 4210 4216
f 4216 4210 4217
f 4216 4055 4051
f 4216 4051 4209
f 4218 4212 4211
f 4218 4211 4213
f 4218 4213 4219
f 4219 4213 4214
f 4219 4214 4220
f 4220 4214 4215
f 4220 4215 4221
f 4221 4215 4053
f 4056 4221 4053
f 4222 4221 4056
f 4223 4056 4057
f 4223 4222 4056
f 4224 4057 4058
f 4224 4223 4057
f 4225 4058 4059
f 4225 4224 4058
f 4226 4059 4060
f 4226 4225 4059
f 4227 4060 4061
f 4227 4226 4060
f 4229 4227 4228
f 4227 4062 4228
f 4227 4061 4062
f 4063 4230 4062
f 4062 4230 4228
f 4064 4231 4063
f 4063 4231 4230
f 4065 4232 4064
f 4064 4232 4231
f 4232 4065 4233
f 4065 4234 4233
f 4065 4066 4234
f 4235 4066 4067
f 4235 4234 4066
f 4236 4067 4068
f 4236 4235 4067
f 4237 4068 4069
f 4237 4236 4068
f 4070 4216 4217
f 4237 4070 4217
f 4069 4070 4237
f 4216 4070 4055
f 4229 4228 4238
f 4229 4238 4239
f 4240 4228 4230
f 4238 4228 4240
f 4241 4230 4231
f 4240 4230 4241
f 4232 4243 4242
f 4241 4232 4242
f 4231 4232 4241
f 4243 4232 4233
f 4246 4245 4244
f 4244 4245 4239
f 4238 4244 4239
f 4247 4244 4238
f 4248 4238 4240
f 4247 4238 4248
f 4241 4250 4249
f 4248 4241 4249
f 4240 4241 4248
f 4250 4241 4242
f 4253 4252 4251
f 4251 4252 4246
f 4244 4251 4246
f 4254 4251 4244
f 4255 4244 4247
f 4254 4244 4255
f 4256 4247 4248
f 4255 4247 4256
f 4248 4249 4257
f 4248 4257 4256
f 4253 4251 4258
f 4253 4258 4259
f 4260 4251 4254
f 4258 4251 4260
f 4261 4254 4255
f 4260 4254 4261
f 4256 4263 4262
f 4261 4256 4262
f 4255 4256 4261
f 4263 4256 4257
f 4266 4265 4264
f 4264 4265 4259
f 4258 4264 4259
f 4267 4264 4258
f 4268 4258 4260
f 4267 4258 4268
f 4261 4270 4269
f 4268 4261 4269
f 4260 4261 4268
f 4270 4261 4262
f 4273 4272 4271
f 4271 4272 4266
f 4264 4271 4266
f 4274 4271 4264
f 4275 4264 4267
f 4274 4264 4275
f 4276 4267 4268
f 4275 4267 4276
f 4268 4269 4277
f 4268 4277 4276
f 4273 4271 4278
f 4273 4278 4279
f 4280 4271 4274
f 4278 4271 4280
f 4281 4274 4275
f 4280 4274 4281
f 4276 4283 4282
f 4281 4276 4282
f 4275 4276 4281
f 4283 4276 4277
f 4286 4285 4284
f 4284 4285 4279
f 4278 4284 4279
f 4287 4284 4278
f 4288 4278 4280
f 4287 4278 4288
f 4281 4290 4289
f 4288 4281 4289
f 4280 4281 4288
f 4290 4281 4282
f 4293 4292 4291
f 4291 4292 4286
f 4284 4291 4286
f 4294 4291 4284
f 4295 4284 4287
f 4294 4284 4295
f 4296 4287 4288
f 4295 4287 4296
f 4288 4289 4297
f 4288 4297 4296
f 4293 4291 4298
f 4293 4298 4299
f 4300 4291 4294
f 4298 4291 4300
f 4301 4294 4295
f 4300 4294 4301
f 4296 4303 4302
f 4301 4296 4302
f 4295 4296 4301
f 4303 4296 4297
f 4306 4305 4304
f 4304 4305 4299
f 4298 4304 4299
f 4307 4304 4298
f 4308 4298 4300
f 4307 4298 4308
f 4301 4310 4309
f 4308 4301 4309
f 4300 4301 4308
f 4310 4301 4302
f 4313 4312 4311
f 4311 4312 4306
f 4304 4311 4306
f 4314 4311 4304
f 4315 4304 4307
f 4314 4304 4315
f 4316 4307 4308
f 4315 4307 4316
f 4308 4309 4317
f 4308 4317 4316
f 4313 4311 4318
f 4313 4318 4319
f 4320 4311 4314
f 4318 4311 4320
f 4321 4314 4315
f 4320 4314 4321
f 4316 4323 4322
f 4321 4316 4322
f 4315 4316 4321
f 4323 4316 4317
f 4326 4325 4324
f 4324 4325 4319
f 4318 4324 4319
f 4327 4324 4318
f 4328 4318 4320
f 4327 4318 4328
f 4329 4320 4321
f 4328 4320 4329
f 4321 4322 4330
f 4331 4321 4330
f 4329 4321 4331
f 4332 4331 4330
f 4334 4333 4071
f 4334 4071 4072
f 4071 4335 4073
f 4333 4335 4071
f 4073 4336 4074
f 4335 4336 4073
f 4074 4337 4075
f 4336 4337 4074
f 4075 4338 4076
f 4337 4338 4075
f 4077 4076 4338
f 4077 4338 4339
f 4326 4324 4340
f 4326 4340 4341
f 4342 4324 4327
f 4340 4324 4342
f 4343 4327 4328
f 4342 4327 4343
f 4344 4328 4329
f 4343 4328 4344
f 4345 4329 4331
f 4344 4329 4345
f 4331 4332 4346
f 4347 4331 4346
f 4345 4331 4347
f 4348 4347 4346
f 4078 4334 4072
f 4078 4349 4334
f 4339 4079 4077
f 4350 4079 4339
f 4341 4340 4351
f 4341 4351 4352
f 4353 4340 4342
f 4351 4340 4353
f 4354 4342 4343
f 4353 4342 4354
f 4355 4343 4344
f 4354 4343 4355
f 4356 4344 4345
f 4355 4344 4356
f 4357 4345 4347
f 4356 4345 4357
f 4347 4348 4358
f 4347 4358 4357
f 4360 4359 4080
f 4360 4080 4081
f 4078 4080 4349
f 4349 4080 4359
f 4350 4082 4079
f 4361 4082 4350
f 4352 4351 4362
f 4352 4362 4363
f 4364 4351 4353
f 4362 4351 4364
f 4365 4353 4354
f 4364 4353 4365
f 4366 4354 4355
f 4365 4354 4366
f 4367 4355 4356
f 4366 4355 4367
f 4368 4356 4357
f 4367 4356 4368
f 4357 4358 4369
f 4357 4369 4368
f 4371 4370 4083
f 4371 4083 4084
f 4081 4083 4360
f 4360 4083 4370
f 4361 4085 4082
f 4372 4085 4361
f 4363 4362 4373
f 4363 4373 4374
f 4375 4362 4364
f 4373 4362 4375
f 4376 4364 4365
f 4375 4364 4376
f 4377 4365 4366
f 4376 4365 4377
f 4378 4366 4367
f 4377 4366 4378
f 4379 4367 4368
f 4378 4367 4379
f 4368 4369 4380
f 4368 4380 4379
f 4086 4371 4084
f 4086 4381 4371
f 4372 4087 4085
f 4382 4087 4372
f 4374 4373 4383
f 4374 4383 4384
f 4385 4373 4375
f 4383 4373 4385
f 4386 4375 4376
f 4385 4375 4386
f 4387 4376 4377
f 4386 4376 4387
f 4388 4377 4378
f 4387 4377 4388
f 4389 4378 4379
f 4388 4378 4389
f 4379 4380 4390
f 4379 4390 4389
f 4392 4391 4088
f 4392 4088 4089
f 4086 4088 4381
f 4381 4088 4391
f 4382 4090 4087
f 4393 4090 4382
f 4384 4383 4394
f 4384 4394 4395
f 4396 4383 4385
f 4394 4383 4396
f 4397 4385 4386
f 4396 4385 4397
f 4398 4386 4387
f 4397 4386 4398
f 4399 4387 4388
f 4398 4387 4399
f 4400 4388 4389
f 4399 4388 4400
f 4389 4390 4401
f 4389 4401 4400
f 4403 4402 4091
f 4403 4091 4092
f 4089 4091 4392
f 4392 4091 4402
f 4393 4093 4090
f 4404 4093 4393
f 4395 4394 4405
f 4395 4405 4406
f 4407 4394 4396
f 4405 4394 4407
f 4408 4396 4397
f 4407 4396 4408
f 4409 4397 4398
f 4408 4397 4409
f 4410 4398 4399
f 4409 4398 4410
f 4411 4399 4400
f 4410 4399 4411
f 4400 4401 4412
f 4400 4412 4411
f 4094 4403 4092
f 4094 4413 4403
f 4404 4095 4093
f 4414 4095 4404
f 4406 4405 4415
f 4406 4415 4416
f 4417 4405 4407
f 4415 4405 4417
f 4418 4407 4408
f 4417 4407 4418
f 4419 4408 4409
f 4418 4408 4419
f 4420 4409 4410
f 4419 4409 4420
f 4421 4410 4411
f 4420 4410 4421
f 4411 4412 4422
f 4411 4422 4421
f 4424 4423 4096
f 4424 4096 4097
f 4094 4096 4413
f 4413 4096 4423
f 4414 4098 4095
f 4425 4098 4414
f 4416 4415 4426
f 4416 4426 4427
f 4428 4415 4417
f 4426 4415 4428
f 4429 4417 4418
f 4428 4417 4429
f 4430 4418 4419
f 4429 4418 4430
f 4431 4419 4420
f 4430 4419 4431
f 4432 4420 4421
f 4431 4420 4432
f 4421 4422 4433
f 4421 4433 4432
f 4435 4434 4099
f 4435 4099 4100
f 4097 4099 4424
f 4424 4099 4434
f 4425 4101 4098
f 4436 4101 4425
f 4427 4426 4437
f 4427 4437 4438
f 4439 4426 4428
f 4437 4426 4439
f 4440 4428 4429
f 4439 4428 4440
f 4441 4429 4430
f 4440 4429 4441
f 4442 4430 4431
f 4441 4430 4442
f 4443 4431 4432
f 4442 4431 4443
f 4432 4433 4444
f 4432 4444 4443
f 4102 4435 4100
f 4102 4445 4435
f 4436 4103 4101
f 4446 4103 4436
f 4438 4437 4447
f 4438 4447 4448
f 4449 4437 4439
f 4447 4437 4449
f 4450 4439 4440
f 4449 4439 4450
f 4451 4440 4441
f 4450 4440 4451
f 4452 4441 4442
f 4451 4441 4452
f 4453 4442 4443
f 4452 4442 4453
f 4443 4444 4454
f 4443 4454 4453
f 4104 4445 4102
f 4104 4455 4445
f 4446 4105 4103
f 4456 4105 4446
f 4448 4447 4457
f 4448 4457 4458
f 4459 4447 4449
f 4457 4447 4459
f 4460 4449 4450
f 4459 4449 4460
f 4461 4450 4451
f 4460 4450 4461
f 4462 4451 4452
f 4461 4451 4462
f 4463 4452 4453
f 4462 4452 4463
f 4453 4454 4464
f 4453 4464 4463
f 4106 4455 4104
f 4106 4465 4455
f 4456 4107 4105
f 4466 4107 4456
f 4458 4457 4467
f 4458 4467 4468
f 4469 4457 4459
f 4467 4457 4469
f 4470 4459 4460
f 4469 4459 4470
f 4471 4460 4461
f 4470 4460 4471
f 4472 4461 4462
f 4471 4461 4472
f 4473 4462 4463
f 4472 4462 4473
f 4463 4464 4474
f 4463 4474 4473
f 4108 4465 4106
f 4108 4475 4465
f 4466 4109 4107
f 4476 4109 4466
f 4468 4467 4477
f 4468 4477 4478
f 4479 4467 4469
f 4477 4467 4479
f 4480 4469 4470
f 4479 4469 4480
f 4481 4470 4471
f 4480 4470 4481
f 4482 4471 4472
f 4481 4471 4482
f 4483 4472 4473
f 4482 4472 4483
f 4473 4474 4484
f 4473 4484 4483
f 4110 4475 4108
f 4110 4485 4475
f 4476 4111 4109
f 4486 4111 4476
f 4478 4477 4487
f 4478 4487 4488
f 4489 4477 4479
f 4487 4477 4489
f 4490 4479 4480
f 4489 4479 4490
f 4491 4480 4481
f 4490 4480 4491
f 4492 4481 4482
f 4491 4481 4492
f 4493 4482 4483
f 4492 4482 4493
f 4483 4484 4494
f 4483 4494 4493
f 4112 4485 4110
f 4112 4495 4485
f 4486 4113 4111
f 4496 4113 4486
f 4488 4487 4497
f 4488 4497 4498
f 4499 4487 4489
f 4497 4487 4499
f 4500 4489 4490
f 4499 4489 4500
f 4501 4490 4491
f 4500 4490 4501
f 4502 4491 4492
f 4501 4491 4502
f 4503 4492 4493
f 4502 4492 4503
f 4493 4494 4504
f 4493 4504 4503
f 4114 4495 4112
f 4114 4505 4495
f 4496 4115 4113
f 4506 4115 4496
f 4498 4497 4507
f 4498 4507 4508
f 4509 4497 4499
f 4507 4497 4509
f 4510 4499 4500
f 4509 4499 4510
f 4511 4500 4501
f 4510 4500 4511
f 4512 4501 4502
f 4511 4501 4512
f 4513 4502 4503
f 4512 4502 4513
f 4503 4504 4514
f 4503 4514 4513
f 4116 4505 4114
f 4116 4515 4505
f 4506 4117 4115
f 4516 4117 4506
f 4508 4507 4517
f 4508 4517 4518
f 4519 4507 4509
f 4517 4507 4519
f 4520 4509 4510
f 4519 4509 4520
f 4521 4510 4511
f 4520 4510 4521
f 4522 4511 4512
f 4521 4511 4522
f 4523 4512 4513
f 4522 4512 4523
f 4513 4514 4524
f 4525 4513 4524
f 4523 4513 4525
f 4524 4515 4525
f 4515 4118 4525
f 4515 4116 4118
f 4516 4119 4117
f 4526 4119 4516
f 4518 4517 4527
f 4518 4527 4528
f 4529 4517 4519
f 4527 4517 4529
f 4530 4519 4520
f 4529 4519 4530
f 4531 4520 4521
f 4530 4520 4531
f 4532 4521 4522
f 4531 4521 4532
f 4533 4522 4523
f 4532 4522 4533
f 4534 4523 4525
f 4533 4523 4534
f 4120 4534 4118
f 4118 4534 4525
f 4526 4121 4119
f 4535 4121 4526
f 4528 4527 4536
f 4528 4536 4537
f 4538 4527 4529
f 4536 4527 4538
f 4539 4529 4530
f 4538 4529 4539
f 4540 4530 4531
f 4539 4530 4540
f 4541 4531 4532
f 4540 4531 4541
f 4542 4532 4533
f 4541 4532 4542
f 4543 4533 4534
f 4542 4533 4543
f 4122 4543 4120
f 4120 4543 4534
f 4535 4123 4121
f 4544 4123 4535
f 4537 4536 4545
f 4537 4545 4546
f 4547 4536 4538
f 4545 4536 4547
f 4548 4538 4539
f 4547 4538 4548
f 4549 4539 4540
f 4548 4539 4549
f 4550 4540 4541
f 4549 4540 4550
f 4551 4541 4542
f 4550 4541 4551
f 4552 4542 4543
f 4551 4542 4552
f 4124 4552 4122
f 4122 4552 4543
f 4544 4125 4123
f 4553 4125 4544
f 4546 4545 4554
f 4546 4554 4555
f 4556 4545 4547
f 4554 4545 4556
f 4557 4547 4548
f 4556 4547 4557
f 4558 4548 4549
f 4557 4548 4558
f 4559 4549 4550
f 4558 4549 4559
f 4560 4550 4551
f 4559 4550 4560
f 4561 4551 4552
f 4560 4551 4561
f 4126 4561 4124
f 4124 4561 4552
f 4553 4127 4125
f 4562 4127 4553
f 4555 4554 4563
f 4555 4563 4564
f 4565 4554 4556
f 4563 4554 4565
f 4566 4556 4557
f 4565 4556 4566
f 4567 4557 4558
f 4566 4557 4567
f 4568 4558 4559
f 4567 4558 4568
f 4569 4559 4560
f 4568 4559 4569
f 4570 4560 4561
f 4569 4560 4570
f 4128 4570 4126
f 4126 4570 4561
f 4562 4129 4127
f 4571 4129 4562
f 4564 4563 4572
f 4564 4572 4573
f 4574 4563 4565
f 4572 4563 4574
f 4575 4565 4566
f 4574 4565 4575
f 4576 4566 4567
f 4575 4566 4576
f 4577 4567 4568
f 4576 4567 4577
f 4578 4568 4569
f 4577 4568 4578
f 4579 4569 4570
f 4578 4569 4579
f 4130 4579 4128
f 4128 4579 4570
f 4571 4131 4129
f 4580 4131 4571
f 4581 4573 4572
f 4581 4572 4574
f 4581 4574 4582
f 4582 4574 4575
f 4582 4575 4583
f 4583 4575 4576
f 4583 4576 4584
f 4584 4576 4577
f 4584 4577 4585
f 4585 4577 4578
f 4585 4578 4586
f 4586 4578 4579
f 4586 4579 4587
f 4579 4130 4587
f 4130 4588 4587
f 4130 4132 4588
f 4580 4133 4131
f 4589 4133 4580
f 4134 4588 4132
f 4134 4590 4588
f 4589 4135 4133
f 4591 4135 4589
f 4136 4590 4134
f 4136 4592 4590
f 4591 4137 4135
f 4593 4137 4591
f 4138 4592 4136
f 4138 4594 4592
f 4593 4139 4137
f 4595 4139 4593
f 4140 4594 4138
f 4140 4596 4594
f 4595 4141 4139
f 4597 4141 4595
f 4142 4596 4140
f 4142 4598 4596
f 4597 4143 4141
f 4599 4143 4597
f 4144 4598 4142
f 4144 4600 4598
f 4599 4145 4143
f 4601 4145 4599
f 4146 4600 4144
f 4146 4602 4600
f 4601 4147 4145
f 4603 4147 4601
f 4604 4602 4146
f 4604 4146 4148
f 4148 4149 4604
f 4604 4149 4605
f 4603 4150 4147
f 4606 4150 4603
f 4151 4605 4149
f 4151 4607 4605
f 4606 4152 4150
f 4608 4152 4606
f 4153 4607 4151
f 4153 4609 4607
f 4608 4154 4152
f 4610 4154 4608
f 4611 4609 4153
f 4611 4153 4155
f 4613 4612 4156
f 4612 4155 4156
f 4612 4611 4155
f 4613 4614 4612
f 4610 4157 4154
f 4615 4157 4610
f 4158 4613 4156
f 4158 4159 4613
f 4159 4614 4613
f 4159 4616 4614
f 4615 4160 4157
f 4617 4160 4615
f 4618 4616 4159
f 4618 4159 4161
f 4161 4162 4618
f 4618 4162 4619
f 4617 4163 4160
f 4620 4163 4617
f 4621 4619 4162
f 4621 4162 4164
f 4164 4165 4621
f 4621 4165 4622
f 4620 4166 4163
f 4623 4166 4620
f 4167 4622 4165
f 4167 4624 4622
f 4623 4168 4166
f 4625 4168 4623
f 4626 4624 4167
f 4626 4167 4169
f 4169 4170 4626
f 4626 4170 4627
f 4625 4171 4168
f 4628 4171 4625
f 4629 4627 4170
f 4629 4170 4172
f 4172 4173 4629
f 4629 4173 4630
f 4628 4174 4171
f 4631 4174 4628
f 4632 4630 4173
f 4632 4173 4175
f 4633 4175 4176
f 4633 4632 4175
f 4634 4176 4177
f 4634 4633 4176
f 4635 4177 4178
f 4635 4634 4177
f 4178 4174 4631
f 4178 4631 4635
f 4637 4636 4180
f 4637 4180 4181
f 4180 4638 4183
f 4636 4638 4180
f 4183 4639 4185
f 4638 4639 4183
f 4185 4640 4187
f 4639 4640 4185
f 4187 4641 4188
f 4640 4641 4187
f 4188 4642 4189
f 4641 4642 4188
f 4189 4643 4190
f 4642 4643 4189
f 4190 4644 4191
f 4643 4644 4190
f 4191 4645 4192
f 4644 4645 4191
f 4192 4646 4193
f 4645 4646 4192
f 4193 4647 4194
f 4646 4647 4193
f 4194 4648 4195
f 4647 4648 4194
f 4195 4649 4196
f 4648 4649 4195
f 4196 4650 4197
f 4649 4650 4196
f 4197 4651 4198
f 4650 4651 4197
f 4198 4652 4199
f 4651 4652 4198
f 4199 4653 4200
f 4652 4653 4199
f 4200 4654 4201
f 4653 4654 4200
f 4656 4655 4203
f 4201 4656 4203
f 4654 4656 4201
f 4657 4655 4656
f 4205 4637 4181
f 4205 4658 4637
f 4659 4210 4655
f 4655 4210 4203
f 4655 4657 4660
f 4655 4660 4659
f 4212 4658 4205
f 4212 4661 4658
f 4663 4662 4659
f 4662 4210 4659
f 4662 4217 4210
f 4663 4659 4660
f 4664 4661 4212
f 4664 4212 4218
f 4665 4218 4219
f 4665 4664 4218
f 4666 4219 4220
f 4666 4665 4219
f 4667 4220 4221
f 4667 4666 4220
f 4668 4221 4222
f 4668 4667 4221
f 4669 4222 4223
f 4669 4668 4222
f 4670 4223 4224
f 4670 4669 4223
f 4671 4224 4225
f 4671 4670 4224
f 4672 4225 4226
f 4672 4671 4225
f 4673 4226 4227
f 4673 4672 4226
f 4227 4229 4673
f 4673 4229 4674
f 4676 4675 4234
f 4234 4675 4233
f 4677 4234 4235
f 4677 4676 4234
f 4678 4235 4236
f 4678 4677 4235
f 4679 4236 4237
f 4679 4678 4236
f 4237 4217 4662
f 4237 4662 4679
f 4239 4674 4229
f 4239 4680 4674
f 4682 4681 4243
f 4243 4681 4242
f 4243 4233 4675
f 4243 4675 4682
f 4684 4683 4245
f 4684 4245 4246
f 4239 4245 4680
f 4680 4245 4683
f 4686 4685 4250
f 4250 4685 4249
f 4250 4242 4681
f 4250 4681 4686
f 4688 4687 4252
f 4688 4252 4253
f 4246 4252 4684
f 4684 4252 4687
f 4685 4257 4249
f 4689 4257 4685
f 4259 4688 4253
f 4259 4690 4688
f 4692 4691 4263
f 4263 4691 4262
f 4263 4257 4689
f 4263 4689 4692
f 4694 4693 4265
f 4694 4265 4266
f 4259 4265 4690
f 4690 4265 4693
f 4696 4695 4270
f 4270 4695 4269
f 4270 4262 4691
f 4270 4691 4696
f 4698 4697 4272
f 4698 4272 4273
f 4266 4272 4694
f 4694 4272 4697
f 4695 4277 4269
f 4699 4277 4695
f 4279 4698 4273
f 4279 4700 4698
f 4702 4701 4283
f 4283 4701 4282
f 4283 4277 4699
f 4283 4699 4702
f 4704 4703 4285
f 4704 4285 4286
f 4279 4285 4700
f 4700 4285 4703
f 4706 4705 4290
f 4290 4705 4289
f 4290 4282 4701
f 4290 4701 4706
f 4708 4707 4292
f 4708 4292 4293
f 4286 4292 4704
f 4704 4292 4707
f 4705 4297 4289
f 4709 4297 4705
f 4299 4708 4293
f 4299 4710 4708
f 4712 4711 4303
f 4303 4711 4302
f 4303 4297 4709
f 4303 4709 4712
f 4714 4713 4305
f 4714 4305 4306
f 4299 4305 4710
f 4710 4305 4713
f 4716 4715 4310
f 4310 4715 4309
f 4310 4302 4711
f 4310 4711 4716
f 4313 4717 4312
f 4717 4718 4312
f 4718 4306 4312
f 4718 4714 4306
f 4715 4317 4309
f 4719 4317 4715
f 4721 4720 4717
f 4313 4721 4717
f 4319 4721 4313
f 4717 4720 4718
f 4723 4722 4323
f 4323 4722 4322
f 4323 4317 4719
f 4323 4719 4723
f 4725 4724 4325
f 4725 4325 4326
f 4319 4325 4721
f 4721 4325 4724
f 4722 4726 4322
f 4322 4726 4330
f 4332 4330 4726
f 4332 4726 4727
f 4729 4728 4333
f 4729 4333 4334
f 4333 4730 4335
f 4728 4730 4333
f 4335 4731 4336
f 4730 4731 4335
f 4336 4732 4337
f 4731 4732 4336
f 4337 4733 4338
f 4732 4733 4337
f 4339 4338 4733
f 4339 4733 4734
f 4341 4725 4326
f 4341 4735 4725
f 4727 4736 4332
f 4332 4736 4346
f 4348 4346 4736
f 4348 4736 4737
f 4349 4729 4334
f 4349 4738 4729
f 4734 4350 4339
f 4739 4350 4734
f 4352 4735 4341
f 4352 4740 4735
f 4737 4358 4348
f 4741 4358 4737
f 4743 4742 4359
f 4743 4359 4360
f 4349 4359 4738
f 4738 4359 4742
f 4739 4361 4350
f 4744 4361 4739
f 4363 4740 4352
f 4363 4745 4740
f 4741 4369 4358
f 4746 4369 4741
f 4748 4747 4370
f 4748 4370 4371
f 4360 4370 4743
f 4743 4370 4747
f 4744 4372 4361
f 4749 4372 4744
f 4374 4745 4363
f 4374 4750 4745
f 4746 4380 4369
f 4751 4380 4746
f 4381 4748 4371
f 4381 4752 4748
f 4749 4382 4372
f 4753 4382 4749
f 4384 4750 4374
f 4384 4754 4750
f 4751 4390 4380
f 4755 4390 4751
f 4757 4756 4391
f 4757 4391 4392
f 4381 4391 4752
f 4752 4391 4756
f 4753 4393 4382
f 4758 4393 4753
f 4395 4754 4384
f 4395 4759 4754
f 4755 4401 4390
f 4760 4401 4755
f 4762 4761 4402
f 4762 4402 4403
f 4392 4402 4757
f 4757 4402 4761
f 4758 4404 4393
f 4763 4404 4758
f 4406 4759 4395
f 4406 4764 4759
f 4760 4412 4401
f 4765 4412 4760
f 4413 4762 4403
f 4413 4766 4762
f 4763 4414 4404
f 4767 4414 4763
f 4416 4764 4406
f 4416 4768 4764
f 4765 4422 4412
f 4769 4422 4765
f 4771 4770 4423
f 4771 4423 4424
f 4413 4423 4766
f 4766 4423 4770
f 4767 4425 4414
f 4772 4425 4767
f 4427 4768 4416
f 4427 4773 4768
f 4769 4433 4422
f 4774 4433 4769
f 4776 4775 4434
f 4776 4434 4435
f 4424 4434 4771
f 4771 4434 4775
f 4772 4436 4425
f 4777 4436 4772
f 4438 4773 4427
f 4438 4778 4773
f 4774 4444 4433
f 4779 4444 4774
f 4445 4776 4435
f 4445 4780 4776
f 4777 4446 4436
f 4781 4446 4777
f 4448 4778 4438
f 4448 4782 4778
f 4779 4454 4444
f 4783 4454 4779
f 4455 4780 4445
f 4455 4784 4780
f 4781 4456 4446
f 4785 4456 4781
f 4458 4782 4448
f 4458 4786 4782
f 4783 4464 4454
f 4787 4464 4783
f 4465 4784 4455
f 4465 4788 4784
f 4785 4466 4456
f 4789 4466 4785
f 4468 4786 4458
f 4468 4790 4786
f 4787 4474 4464
f 4791 4474 4787
f 4475 4788 4465
f 4475 4792 4788
f 4789 4476 4466
f 4793 4476 4789
f 4478 4790 4468
f 4478 4794 4790
f 4791 4484 4474
f 4795 4484 4791
f 4485 4792 4475
f 4485 4796 4792
f 4793 4486 4476
f 4797 4486 4793
f 4488 4794 4478
f 4488 4798 4794
f 4795 4494 4484
f 4799 4494 4795
f 4495 4796 4485
f 4495 4800 4796
f 4797 4496 4486
f 4801 4496 4797
f 4498 4798 4488
f 4498 4802 4798
f 4799 4504 4494
f 4803 4504 4799
f 4505 4800 4495
f 4505 4804 4800
f 4801 4506 4496
f 4805 4506 4801
f 4508 4802 4498
f 4508 4806 4802
f 4803 4514 4504
f 4807 4514 4803
f 4515 4804 4505
f 4515 4808 4804
f 4805 4516 4506
f 4809 4516 4805
f 4518 4806 4508
f 4518 4810 4806
f 4807 4811 4514
f 4514 4811 4524
f 4515 4524 4808
f 4808 4524 4811
f 4809 4526 4516
f 4812 4526 4809
f 4528 4810 4518
f 4528 4813 4810
f 4812 4535 4526
f 4814 4535 4812
f 4537 4813 4528
f 4537 4815 4813
f 4814 4544 4535
f 4816 4544 4814
f 4546 4815 4537
f 4546 4817 4815
f 4816 4553 4544
f 4818 4553 4816
f 4555 4817 4546
f 4555 4819 4817
f 4818 4562 4553
f 4820 4562 4818
f 4564 4819 4555
f 4564 4821 4819
f 4820 4571 4562
f 4822 4571 4820
f 4573 4821 4564
f 4573 4823 4821
f 4822 4580 4571
f 4824 4580 4822
f 4825 4823 4573
f 4825 4573 4581
f 4826 4581 4582
f 4826 4825 4581
f 4827 4582 4583
f 4827 4826 4582
f 4828 4583 4584
f 4828 4827 4583
f 4829 4584 4585
f 4829 4828 4584
f 4830 4585 4586
f 4830 4829 4585
f 4831 4586 4587
f 4831 4830 4586
f 4587 4588 4831
f 4831 4588 4832
f 4824 4589 4580
f 4833 4589 4824
f 4590 4832 4588
f 4590 4834 4832
f 4833 4591 4589
f 4835 4591 4833
f 4592 4834 4590
f 4592 4836 4834
f 4835 4593 4591
f 4837 4593 4835
f 4594 4836 4592
f 4594 4838 4836
f 4837 4595 4593
f 4839 4595 4837
f 4596 4838 4594
f 4596 4840 4838
f 4839 4597 4595
f 4841 4597 4839
f 4598 4840 4596
f 4598 4842 4840
f 4841 4599 4597
f 4843 4599 4841
f 4600 4842 4598
f 4600 4844 4842
f 4843 4601 4599
f 4845 4601 4843
f 4602 4844 4600
f 4602 4846 4844
f 4845 4603 4601
f 4847 4603 4845
f 4848 4846 4602
f 4848 4602 4604
f 4604 4605 4848
f 4848 4605 4849
f 4847 4606 4603
f 4850 4606 4847
f 4607 4849 4605
f 4607 4851 4849
f 4850 4608 4606
f 4852 4608 4850
f 4609 4851 4607
f 4609 4853 4851
f 4852 4610 4608
f 4854 4610 4852
f 4855 4853 4609
f 4855 4609 4611
f 4856 4611 4612
f 4856 4855 4611
f 4612 4614 4856
f 4856 4614 4857
f 4854 4615 4610
f 4858 4615 4854
f 4616 4857 4614
f 4616 4859 4857
f 4858 4617 4615
f 4860 4617 4858
f 4861 4859 4616
f 4861 4616 4618
f 4618 4619 4861
f 4861 4619 4862
f 4860 4620 4617
f 4863 4620 4860
f 4864 4862 4619
f 4864 4619 4621
f 4621 4622 4864
f 4864 4622 4865
f 4863 4623 4620
f 4866 4623 4863
f 4624 4865 4622
f 4624 4867 4865
f 4866 4625 4623
f 4868 4625 4866
f 4869 4867 4624
f 4869 4624 4626
f 4626 4627 4869
f 4869 4627 4870
f 4868 4628 4625
f 4871 4628 4868
f 4872 4870 4627
f 4872 4627 4629
f 4629 4630 4872
f 4872 4630 4873
f 4871 4631 4628
f 4874 4631 4871
f 4875 4873 4630
f 4875 4630 4632
f 4876 4632 4633
f 4876 4875 4632
f 4877 4633 4634
f 4877 4876 4633
f 4878 4634 4635
f 4878 4877 4634
f 4635 4631 4874
f 4635 4874 4878
f 4880 4879 4636
f 4880 4636 4637
f 4636 4881 4638
f 4879 4881 4636
f 4638 4882 4639
f 4881 4882 4638
f 4639 4883 4640
f 4882 4883 4639
f 4640 4884 4641
f 4883 4884 4640
f 4641 4885 4642
f 4884 4885 4641
f 4642 4886 4643
f 4885 4886 4642
f 4643 4887 4644
f 4886 4887 4643
f 4644 4888 4645
f 4887 4888 4644
f 4645 4889 4646
f 4888 4889 4645
f 4646 4890 4647
f 4889 4890 4646
f 4647 4891 4648
f 4890 4891 4647
f 4648 4892 4649
f 4891 4892 4648
f 4649 4893 4650
f 4892 4893 4649
f 4650 4894 4651
f 4893 4894 4650
f 4651 4895 4652
f 4894 4895 4651
f 4652 4896 4653
f 4895 4896 4652
f 4653 4897 4654
f 4896 4897 4653
f 4654 4898 4656
f 4897 4898 4654
f 4657 4656 4898
f 4657 4898 4899
f 4658 4880 4637
f 4658 4900 4880
f 4899 4660 4657
f 4901 4660 4899
f 4661 4900 4658
f 4661 4902 4900
f 4903 4662 4663
f 4904 4903 4663
f 4660 4904 4663
f 4901 4904 4660
f 4905 4902 4661
f 4905 4661 4664
f 4906 4664 4665
f 4906 4905 4664
f 4907 4665 4666
f 4907 4906 4665
f 4908 4666 4667
f 4908 4907 4666
f 4909 4667 4668
f 4909 4908 4667
f 4910 4668 4669
f 4910 4909 4668
f 4911 4669 4670
f 4911 4910 4669
f 4912 4670 4671
f 4912 4911 4670
f 4913 4671 4672
f 4913 4912 4671
f 4914 4672 4673
f 4914 4913 4672
f 4673 4674 4914
f 4914 4674 4915
f 4917 4916 4676
f 4676 4916 4675
f 4918 4676 4677
f 4918 4917 4676
f 4919 4677 4678
f 4919 4918 4677
f 4920 4678 4679
f 4920 4919 4678
f 4679 4662 4903
f 4921 4679 4903
f 4920 4679 4921
f 4921 4903 4904
f 4680 4915 4674
f 4680 4922 4915
f 4924 4923 4682
f 4682 4923 4681
f 4682 4675 4916
f 4682 4916 4924
f 4926 4925 4683
f 4926 4683 4684
f 4680 4683 4922
f 4922 4683 4925
f 4928 4927 4686
f 4686 4927 4685
f 4686 4681 4923
f 4686 4923 4928
f 4930 4929 4687
f 4930 4687 4688
f 4684 4687 4926
f 4926 4687 4929
f 4927 4689 4685
f 4931 4689 4927
f 4690 4930 4688
f 4690 4932 4930
f 4934 4933 4692
f 4692 4933 4691
f 4692 4689 4931
f 4692 4931 4934
f 4936 4935 4693
f 4936 4693 4694
f 4690 4693 4932
f 4932 4693 4935
f 4938 4937 4696
f 4696 4937 4695
f 4696 4691 4933
f 4696 4933 4938
f 4940 4939 4697
f 4940 4697 4698
f 4694 4697 4936
f 4936 4697 4939
f 4937 4699 4695
f 4941 4699 4937
f 4700 4940 4698
f 4700 4942 4940
f 4944 4943 4702
f 4702 4943 4701
f 4702 4699 4941
f 4702 4941 4944
f 4946 4945 4703
f 4946 4703 4704
f 4700 4703 4942
f 4942 4703 4945
f 4948 4947 4706
f 4706 4947 4705
f 4706 4701 4943
f 4706 4943 4948
f 4708 4949 4707
f 4949 4950 4707
f 4950 4704 4707
f 4950 4946 4704
f 4947 4709 4705
f 4951 4709 4947
f 4953 4952 4949
f 4708 4953 4949
f 4710 4953 4708
f 4949 4952 4950
f 4955 4954 4712
f 4712 4954 4711
f 4712 4709 4951
f 4712 4951 4955
f 4957 4956 4713
f 4957 4713 4714
f 4710 4713 4953
f 4953 4713 4956
f 4959 4958 4716
f 4716 4958 4715
f 4716 4711 4954
f 4716 4954 4959
f 4718 4957 4714
f 4718 4960 4957
f 4958 4719 4715
f 4961 4719 4958
f 4963 4962 4720
f 4963 4720 4721
f 4718 4720 4960
f 4960 4720 4962
f 4965 4964 4723
f 4723 4964 4722
f 4723 4719 4961
f 4723 4961 4965
f 4967 4966 4724
f 4967 4724 4725
f 4721 4724 4963
f 4963 4724 4966
f 4964 4968 4722
f 4722 4968 4726
f 4727 4726 4968
f 4727 4968 4969
f 4971 4970 4728
f 4971 4728 4729
f 4728 4972 4730
f 4970 4972 4728
f 4730 4973 4731
f 4972 4973 4730
f 4731 4974 4732
f 4973 4974 4731
f 4732 4975 4733
f 4974 4975 4732
f 4734 4733 4975
f 4734 4975 4976
f 4735 4967 4725
f 4735 4977 4967
f 4969 4978 4727
f 4727 4978 4736
f 4737 4736 4978
f 4737 4978 4979
f 4738 4971 4729
f 4738 4980 4971
f 4976 4739 4734
f 4981 4739 4976
f 4740 4977 4735
f 4740 4982 4977
f 4979 4741 4737
f 4983 4741 4979
f 4985 4984 4742
f 4985 4742 4743
f 4738 4742 4980
f 4980 4742 4984
f 4981 4744 4739
f 4986 4744 4981
f 4745 4982 4740
f 4745 4987 4982
f 4983 4746 4741
f 4988 4746 4983
f 4990 4989 4747
f 4990 4747 4748
f 4743 4747 4985
f 4985 4747 4989
f 4986 4749 4744
f 4991 4749 4986
f 4994 4993 4992
f 4993 4987 4992
f 4987 4750 4992
f 4987 4745 4750
f 4988 4751 4746
f 4995 4751 4988
f 4752 4990 4748
f 4752 4996 4990
f 4991 4753 4749
f 4997 4753 4991
f 4994 4992 4998
f 4994 4998 4999
f 4754 4998 4750
f 4750 4998 4992
f 4995 4755 4751
f 5000 4755 4995
f 5002 5001 4756
f 5002 4756 4757
f 4752 4756 4996
f 4996 4756 5001
f 4997 4758 4753
f 5003 4758 4997
f 5004 4999 4998
f 4998 4754 5004
f 4754 5005 5004
f 4754 4759 5005
f 5000 4760 4755
f 5006 4760 5000
f 5008 5007 4761
f 5008 4761 4762
f 4757 4761 5002
f 5002 4761 5007
f 5003 4763 4758
f 5009 4763 5003
f 4764 5005 4759
f 4764 5010 5005
f 5006 4765 4760
f 5011 4765 5006
f 4766 5008 4762
f 4766 5012 5008
f 5009 4767 4763
f 5013 4767 5009
f 4768 5010 4764
f 4768 5014 5010
f 5011 4769 4765
f 5015 4769 5011
f 5017 5016 4770
f 5017 4770 4771
f 4766 4770 5012
f 5012 4770 5016
f 5013 4772 4767
f 5018 4772 5013
f 4773 5014 4768
f 4773 5019 5014
f 5015 4774 4769
f 5020 4774 5015
f 5022 5021 4775
f 5022 4775 4776
f 4771 4775 5017
f 5017 4775 5021
f 5018 4777 4772
f 5023 4777 5018
f 4778 5019 4773
f 4778 5024 5019
f 5020 4779 4774
f 5025 4779 5020
f 4780 5022 4776
f 4780 5026 5022
f 5023 4781 4777
f 5027 4781 5023
f 4782 5024 4778
f 4782 5028 5024
f 5025 4783 4779
f 5029 4783 5025
f 4784 5026 4780
f 4784 5030 5026
f 5027 4785 4781
f 5031 4785 5027
f 4786 5028 4782
f 4786 5032 5028
f 5029 4787 4783
f 5033 4787 5029
f 4788 5030 4784
f 4788 5034 5030
f 5031 4789 4785
f 5035 4789 5031
f 4790 5032 4786
f 4790 5036 5032
f 5033 4791 4787
f 5037 4791 5033
f 4792 5034 4788
f 4792 5038 5034
f 5035 4793 4789
f 5039 4793 5035
f 4794 5036 4790
f 4794 5040 5036
f 5037 4795 4791
f 5041 4795 5037
f 4796 5038 4792
f 4796 5042 5038
f 5039 4797 4793
f 5043 4797 5039
f 4798 5040 4794
f 4798 5044 5040
f 5041 4799 4795
f 5045 4799 5041
f 4800 5042 4796
f 4800 5046 5042
f 5043 4801 4797
f 5047 4801 5043
f 4802 5044 4798
f 4802 5048 5044
f 5045 4803 4799
f 5049 4803 5045
f 4804 5046 4800
f 4804 5050 5046
f 5047 4805 4801
f 5051 4805 5047
f 4806 5048 4802
f 4806 5052 5048
f 5049 4807 4803
f 5053 4807 5049
f 4808 5050 4804
f 4808 5054 5050
f 5051 4809 4805
f 5055 4809 5051
f 4810 5052 4806
f 4810 5056 5052
f 5053 5057 4807
f 4807 5057 4811
f 4808 4811 5054
f 5054 4811 5057
f 5055 4812 4809
f 5058 4812 5055
f 4813 5056 4810
f 4813 5059 5056
f 5058 4814 4812
f 5060 4814 5058
f 4815 5059 4813
f 4815 5061 5059
f 5060 4816 4814
f 5062 4816 5060
f 4817 5061 4815
f 4817 5063 5061
f 5062 4818 4816
f 5064 4818 5062
f 4819 5063 4817
f 4819 5065 5063
f 5064 4820 4818
f 5066 4820 5064
f 4821 5065 4819
f 4821 5067 5065
f 5066 4822 4820
f 5068 4822 5066
f 4823 5067 4821
f 4823 5069 5067
f 5068 4824 4822
f 5070 4824 5068
f 5071 5069 4823
f 5071 4823 4825
f 5072 4825 4826
f 5072 5071 4825
f 5073 4826 4827
f 5073 5072 4826
f 5074 4827 4828
f 5074 5073 4827
f 5075 4828 4829
f 5075 5074 4828
f 5076 4829 4830
f 5076 5075 4829
f 5077 4830 4831
f 5077 5076 4830
f 4831 4832 5077
f 5077 4832 5078
f 5070 4833 4824
f 5079 4833 5070
f 4834 5078 4832
f 4834 5080 5078
f 5079 4835 4833
f 5081 4835 5079
f 4836 5080 4834
f 4836 5082 5080
f 5081 4837 4835
f 5083 4837 5081
f 4838 5082 4836
f 4838 5084 5082
f 5083 4839 4837
f 5085 4839 5083
f 4840 5084 4838
f 4840 5086 5084
f 5085 4841 4839
f 5087 4841 5085
f 4842 5086 4840
f 4842 5088 5086
f 5087 4843 4841
f 5089 4843 5087
f 4844 5088 4842
f 4844 5090 5088
f 5089 4845 4843
f 5091 4845 5089
f 4846 5090 4844
f 4846 5092 5090
f 5091 4847 4845
f 5093 4847 5091
f 5094 5092 4846
f 5094 4846 4848
f 4848 4849 5094
f 5094 4849 5095
f 5093 4850 4847
f 5096 4850 5093
f 4851 5095 4849
f 4851 5097 5095
f 5096 4852 4850
f 5098 4852 5096
f 4853 5097 4851
f 4853 5099 5097
f 5098 4854 4852
f 5100 4854 5098
f 5101 5099 4853
f 5101 4853 4855
f 5103 5101 5102
f 5101 4856 5102
f 5101 4855 4856
f 4857 5102 4856
f 5100 4858 4854
f 5104 4858 5100
f 5105 5103 5102
f 5102 4857 5105
f 4857 5106 5105
f 4857 4859 5106
f 5104 4860 4858
f 5107 4860 5104
f 5108 5106 4859
f 5108 4859 4861
f 4861 4862 5108
f 5108 4862 5109
f 5107 4863 4860
f 5110 4863 5107
f 5111 5109 4862
f 5111 4862 4864
f 4864 4865 5111
f 5111 4865 5112
f 5110 4866 4863
f 5113 4866 5110
f 4867 5112 4865
f 4867 5114 5112
f 5113 4868 4866
f 5115 4868 5113
f 5116 5114 4867
f 5116 4867 4869
f 4869 4870 5116
f 5116 4870 5117
f 5115 4871 4868
f 5118 4871 5115
f 5119 5117 4870
f 5119 4870 4872
f 4872 4873 5119
f 5119 4873 5120
f 5118 4874 4871
f 5121 4874 5118
f 5122 5120 4873
f 5122 4873 4875
f 5123 4875 4876
f 5123 5122 4875
f 5124 4876 4877
f 5124 5123 4876
f 5125 4877 4878
f 5125 5124 4877
f 4878 4874 5121
f 4878 5121 5125
f 5127 5126 4879
f 5127 4879 4880
f 4879 5128 4881
f 5126 5128 4879
f 4881 5129 4882
f 5128 5129 4881
f 4882 5130 4883
f 5129 5130 4882
f 4883 5131 4884
f 5130 5131 4883
f 4884 5132 4885
f 5131 5132 4884
f 4885 5133 4886
f 5132 5133 4885
f 4886 5134 4887
f 5133 5134 4886
f 4887 5135 4888
f 5134 5135 4887
f 4888 5136 4889
f 5135 5136 4888
f 4889 5137 4890
f 5136 5137 4889
f 4890 5138 4891
f 5137 5138 4890
f 4891 5139 4892
f 5138 5139 4891
f 4892 5140 4893
f 5139 5140 4892
f 4893 5141 4894
f 5140 5141 4893
f 4894 5142 4895
f 5141 5142 4894
f 4895 5143 4896
f 5142 5143 4895
f 4896 5144 4897
f 5143 5144 4896
f 4897 5145 4898
f 5144 5145 4897
f 4899 4898 5145
f 4899 5145 5146
f 4900 5127 4880
f 4900 5147 5127
f 5146 4901 4899
f 5148 4901 5146
f 4902 5147 4900
f 4902 5149 5147
f 5148 4904 4901
f 5150 4904 5148
f 5151 5149 4902
f 5151 4902 4905
f 5152 4905 4906
f 5152 5151 4905
f 5153 4906 4907
f 5153 5152 4906
f 5154 4907 4908
f 5154 5153 4907
f 5155 4908 4909
f 5155 5154 4908
f 5156 4909 4910
f 5156 5155 4909
f 5157 4910 4911
f 5157 5156 4910
f 5158 4911 4912
f 5158 5157 4911
f 5159 4912 4913
f 5159 5158 4912
f 5161 5159 5160
f 5159 4914 5160
f 5159 4913 4914
f 4915 5160 4914
f 5163 5162 4917
f 4917 5162 4916
f 5164 4917 4918
f 5164 5163 4917
f 5165 4918 4919
f 5165 5164 4918
f 5166 4919 4920
f 5166 5165 4919
f 5167 4920 4921
f 5167 5166 4920
f 4921 4904 5150
f 4921 5150 5167
f 5161 5160 5168
f 5161 5168 5169
f 4922 5168 4915
f 4915 5168 5160
f 5171 5170 4924
f 4924 5170 4923
f 4924 4916 5162
f 4924 5162 5171
f 5169 5168 4925
f 4926 5169 4925
f 5172 5169 4926
f 4925 5168 4922
f 5174 5173 4928
f 4928 5173 4927
f 4928 4923 5170
f 4928 5170 5174
f 5176 5175 4929
f 5176 4929 4930
f 4926 4929 5172
f 5172 4929 5175
f 5173 4931 4927
f 5177 4931 5173
f 4932 5176 4930
f 4932 5178 5176
f 5180 5179 4934
f 4934 5179 4933
f 4934 4931 5177
f 4934 5177 5180
f 5182 5181 4935
f 5182 4935 4936
f 4932 4935 5178
f 5178 4935 5181
f 5184 5183 4938
f 4938 5183 4937
f 4938 4933 5179
f 4938 5179 5184
f 5186 5185 4939
f 5186 4939 4940
f 4936 4939 5182
f 5182 4939 5185
f 5183 4941 4937
f 5187 4941 5183
f 4942 5186 4940
f 4942 5188 5186
f 5190 5189 4944
f 4944 5189 4943
f 4944 4941 5187
f 4944 5187 5190
f 5192 5191 4945
f 5192 4945 4946
f 4942 4945 5188
f 5188 4945 5191
f 5194 5193 4948
f 4948 5193 4947
f 4948 4943 5189
f 4948 5189 5194
f 4950 5192 4946
f 4950 5195 5192
f 5193 4951 4947
f 5196 4951 5193
f 5198 5197 4952
f 5198 4952 4953
f 4950 4952 5195
f 5195 4952 5197
f 5200 5199 4955
f 4955 5199 4954
f 4955 4951 5196
f 4955 5196 5200
f 5202 5201 4956
f 5202 4956 4957
f 4953 4956 5198
f 5198 4956 5201
f 5204 5203 4959
f 4959 5203 4958
f 4959 4954 5199
f 4959 5199 5204
f 4960 5202 4957
f 4960 5205 5202
f 5203 4961 4958
f 5206 4961 5203
f 5208 5207 4962
f 5208 4962 4963
f 4960 4962 5205
f 5205 4962 5207
f 5210 5209 4965
f 4965 5209 4964
f 4965 4961 5206
f 4965 5206 5210
f 5212 5211 4966
f 5212 4966 4967
f 4963 4966 5208
f 5208 4966 5211
f 5209 5213 4964
f 4964 5213 4968
f 4969 4968 5213
f 4969 5213 5214
f 5216 5215 4970
f 5216 4970 4971
f 4970 5217 4972
f 5215 5217 4970
f 4972 5218 4973
f 5217 5218 4972
f 4973 5219 4974
f 5218 5219 4973
f 4974 5220 4975
f 5219 5220 4974
f 4976 4975 5220
f 4976 5220 5221
f 4977 5212 4967
f 4977 5222 5212
f 5214 5223 4969
f 4969 5223 4978
f 4979 4978 5223
f 4979 5223 5224
f 4980 5216 4971
f 4980 5225 5216
f 5221 4981 4976
f 5226 4981 5221
f 4982 5222 4977
f 4982 5227 5222
f 5224 4983 4979
f 5228 4983 5224
f 5230 5229 4984
f 5230 4984 4985
f 4980 4984 5225
f 5225 4984 5229
f 5226 4986 4981
f 5231 4986 5226
f 4987 5227 4982
f 4987 5232 5227
f 5228 4988 4983
f 5233 4988 5228
f 5235 5234 4989
f 5235 4989 4990
f 4985 4989 5230
f 5230 4989 5234
f 5231 4991 4986
f 5236 4991 5231
f 5238 5237 4993
f 5238 4993 4994
f 4987 4993 5232
f 5232 4993 5237
f 5233 4995 4988
f 5239 4995 5233
f 4996 5235 4990
f 4996 5240 5235
f 5236 4997 4991
f 5241 4997 5236
f 4999 5238 4994
f 4999 5242 5238
f 5239 5000 4995
f 5243 5000 5239
f 5245 5244 5001
f 5245 5001 5002
f 4996 5001 5240
f 5240 5001 5244
f 5241 5003 4997
f 5246 5003 5241
f 5247 5242 4999
f 5247 4999 5004
f 5004 5005 5247
f 5247 5005 5248
f 5243 5006 5000
f 5249 5006 5243
f 5251 5250 5007
f 5251 5007 5008
f 5002 5007 5245
f 5245 5007 5250
f 5246 5009 5003
f 5252 5009 5246
f 5010 5248 5005
f 5010 5253 5248
f 5249 5011 5006
f 5254 5011 5249
f 5012 5251 5008
f 5012 5255 5251
f 5252 5013 5009
f 5256 5013 5252
f 5014 5253 5010
f 5014 5257 5253
f 5254 5015 5011
f 5258 5015 5254
f 5260 5259 5016
f 5260 5016 5017
f 5012 5016 5255
f 5255 5016 5259
f 5256 5018 5013
f 5261 5018 5256
f 5019 5257 5014
f 5019 5262 5257
f 5258 5020 5015
f 5263 5020 5258
f 5265 5264 5021
f 5265 5021 5022
f 5017 5021 5260
f 5260 5021 5264
f 5261 5023 5018
f 5266 5023 5261
f 5024 5262 5019
f 5024 5267 5262
f 5263 5025 5020
f 5268 5025 5263
f 5026 5265 5022
f 5026 5269 5265
f 5266 5027 5023
f 5270 5027 5266
f 5028 5267 5024
f 5028 5271 5267
f 5268 5029 5025
f 5272 5029 5268
f 5030 5269 5026
f 5030 5273 5269
f 5270 5031 5027
f 5274 5031 5270
f 5032 5271 5028
f 5032 5275 5271
f 5272 5033 5029
f 5276 5033 5272
f 5034 5273 5030
f 5034 5277 5273
f 5274 5035 5031
f 5278 5035 5274
f 5036 5275 5032
f 5036 5279 5275
f 5276 5037 5033
f 5280 5037 5276
f 5038 5277 5034
f 5038 5281 5277
f 5278 5039 5035
f 5282 5039 5278
f 5040 5279 5036
f 5040 5283 5279
f 5280 5041 5037
f 5284 5041 5280
f 5042 5281 5038
f 5042 5285 5281
f 5282 5043 5039
f 5286 5043 5282
f 5044 5283 5040
f 5044 5287 5283
f 5284 5045 5041
f 5288 5045 5284
f 5046 5285 5042
f 5046 5289 5285
f 5286 5047 5043
f 5290 5047 5286
f 5048 5287 5044
f 5048 5291 5287
f 5288 5049 5045
f 5292 5049 5288
f 5050 5289 5046
f 5050 5293 5289
f 5290 5051 5047
f 5294 5051 5290
f 5052 5291 5048
f 5052 5295 5291
f 5292 5053 5049
f 5296 5053 5292
f 5054 5293 5050
f 5054 5297 5293
f 5294 5055 5051
f 5298 5055 5294
f 5056 5295 5052
f 5056 5299 5295
f 5296 5300 5053
f 5053 5300 5057
f 5054 5057 5297
f 5297 5057 5300
f 5298 5058 5055
f 5301 5058 5298
f 5059 5299 5056
f 5059 5302 5299
f 5301 5060 5058
f 5303 5060 5301
f 5061 5302 5059
f 5061 5304 5302
f 5303 5062 5060
f 5305 5062 5303
f 5063 5304 5061
f 5063 5306 5304
f 5305 5064 5062
f 5307 5064 5305
f 5065 5306 5063
f 5065 5308 5306
f 5307 5066 5064
f 5309 5066 5307
f 5067 5308 5065
f 5067 5310 5308
f 5309 5068 5066
f 5311 5068 5309
f 5069 5310 5067
f 5069 5312 5310
f 5311 5070 5068
f 5313 5070 5311
f 5314 5312 5069
f 5314 5069 5071
f 5315 5071 5072
f 5315 5314 5071
f 5316 5072 5073
f 5316 5315 5072
f 5317 5073 5074
f 5317 5316 5073
f 5318 5074 5075
f 5318 5317 5074
f 5319 5075 5076
f 5319 5318 5075
f 5320 5076 5077
f 5320 5319 5076
f 5077 5078 5320
f 5320 5078 5321
f 5313 5079 5070
f 5322 5079 5313
f 5080 5321 5078
f 5080 5323 5321
f 5322 5081 5079
f 5324 5081 5322
f 5082 5323 5080
f 5082 5325 5323
f 5324 5083 5081
f 5326 5083 5324
f 5084 5325 5082
f 5084 5327 5325
f 5326 5085 5083
f 5328 5085 5326
f 5086 5327 5084
f 5086 5329 5327
f 5328 5087 5085
f 5330 5087 5328
f 5088 5329 5086
f 5088 5331 5329
f 5330 5089 5087
f 5332 5089 5330
f 5090 5331 5088
f 5090 5333 5331
f 5332 5091 5089
f 5334 5091 5332
f 5092 5333 5090
f 5092 5335 5333
f 5334 5093 5091
f 5336 5093 5334
f 5337 5335 5092
f 5337 5092 5094
f 5094 5095 5337
f 5337 5095 5338
f 5336 5096 5093
f 5339 5096 5336
f 5097 5338 5095
f 5097 5340 5338
f 5339 5098 5096
f 5341 5098 5339
f 5099 5340 5097
f 5099 5342 5340
f 5341 5100 5098
f 5343 5100 5341
f 5344 5342 5099
f 5344 5099 5101
f 5101 5103 5344
f 5344 5103 5345
f 5343 5104 5100
f 5346 5104 5343
f 5347 5345 5103
f 5347 5103 5105
f 5105 5106 5347
f 5347 5106 5348
f 5346 5107 5104
f 5349 5107 5346
f 5350 5348 5106
f 5350 5106 5108
f 5108 5109 5350
f 5350 5109 5351
f 5349 5110 5107
f 5352 5110 5349
f 5353 5351 5109
f 5353 5109 5111
f 5111 5112 5353
f 5353 5112 5354
f 5352 5113 5110
f 5355 5113 5352
f 5114 5354 5112
f 5114 5356 5354
f 5355 5115 5113
f 5357 5115 5355
f 5358 5356 5114
f 5358 5114 5116
f 5116 5117 5358
f 5358 5117 5359
f 5357 5118 5115
f 5360 5118 5357
f 5361 5359 5117
f 5361 5117 5119
f 5119 5120 5361
f 5361 5120 5362
f 5360 5121 5118
f 5363 5121 5360
f 5364 5362 5120
f 5364 5120 5122
f 5365 5122 5123
f 5365 5364 5122
f 5366 5123 5124
f 5366 5365 5123
f 5367 5124 5125
f 5367 5366 5124
f 5125 5121 5363
f 5125 5363 5367
f 5369 5368 5126
f 5369 5126 5127
f 5126 5370 5128
f 5368 5370 5126
f 5128 5371 5129
f 5370 5371 5128
f 5129 5372 5130
f 5371 5372 5129
f 5130 5373 5131
f 5372 5373 5130
f 5131 5374 5132
f 5373 5374 5131
f 5132 5375 5133
f 5374 5375 5132
f 5133 5376 5134
f 5375 5376 5133
f 5134 5377 5135
f 5376 5377 5134
f 5135 5378 5136
f 5377 5378 5135
f 5136 5379 5137
f 5378 5379 5136
f 5137 5380 5138
f 5379 5380 5137
f 5138 5381 5139
f 5380 5381 5138
f 5139 5382 5140
f 5381 5382 5139
f 5140 5383 5141
f 5382 5383 5140
f 5141 5384 5142
f 5383 5384 5141
f 5142 5385 5143
f 5384 5385 5142
f 5143 5386 5144
f 5385 5386 5143
f 5144 5387 5145
f 5386 5387 5144
f 5146 5145 5387
f 5146 5387 5388
f 5147 5369 5127
f 5147 5389 5369
f 5388 5148 5146
f 5390 5148 5388
f 5149 5389 5147
f 5149 5391 5389
f 5390 5150 5148
f 5392 5150 5390
f 5393 5391 5149
f 5393 5149 5151
f 5394 5151 5152
f 5394 5393 5151
f 5395 5152 5153
f 5395 5394 5152
f 5396 5153 5154
f 5396 5395 5153
f 5397 5154 5155
f 5397 5396 5154
f 5398 5155 5156
f 5398 5397 5155
f 5399 5156 5157
f 5399 5398 5156
f 5400 5157 5158
f 5400 5399 5157
f 5401 5158 5159
f 5401 5400 5158
f 5159 5161 5401
f 5401 5161 5402
f 5404 5403 5163
f 5163 5403 5162
f 5405 5163 5164
f 5405 5404 5163
f 5406 5164 5165
f 5406 5405 5164
f 5407 5165 5166
f 5407 5406 5165
f 5408 5166 5167
f 5408 5407 5166
f 5167 5150 5392
f 5167 5392 5408
f 5169 5402 5161
f 5169 5409 5402
f 5411 5410 5171
f 5171 5410 5170
f 5171 5162 5403
f 5171 5403 5411
f 5172 5409 5169
f 5172 5412 5409
f 5414 5413 5174
f 5174 5413 5173
f 5174 5170 5410
f 5174 5410 5414
f 5416 5415 5175
f 5416 5175 5176
f 5172 5175 5412
f 5412 5175 5415
f 5413 5177 5173
f 5417 5177 5413
f 5178 5416 5176
f 5178 5418 5416
f 5420 5419 5180
f 5180 5419 5179
f 5180 5177 5417
f 5180 5417 5420
f 5422 5421 5181
f 5422 5181 5182
f 5178 5181 5418
f 5418 5181 5421
f 5424 5423 5184
f 5184 5423 5183
f 5184 5179 5419
f 5184 5419 5424
f 5426 5425 5185
f 5426 5185 5186
f 5182 5185 5422
f 5422 5185 5425
f 5423 5187 5183
f 5427 5187 5423
f 5188 5426 5186
f 5188 5428 5426
f 5430 5429 5190
f 5190 5429 5189
f 5190 5187 5427
f 5190 5427 5430
f 5432 5431 5191
f 5432 5191 5192
f 5188 5191 5428
f 5428 5191 5431
f 5434 5433 5194
f 5194 5433 5193
f 5194 5189 5429
f 5194 5429 5434
f 5195 5432 5192
f 5195 5435 5432
f 5433 5196 5193
f 5436 5196 5433
f 5438 5437 5197
f 5438 5197 5198
f 5195 5197 5435
f 5435 5197 5437
f 5440 5439 5200
f 5200 5439 5199
f 5200 5196 5436
f 5200 5436 5440
f 5442 5441 5201
f 5442 5201 5202
f 5198 5201 5438
f 5438 5201 5441
f 5444 5443 5204
f 5204 5443 5203
f 5204 5199 5439
f 5204 5439 5444
f 5205 5442 5202
f 5205 5445 5442
f 5443 5206 5203
f 5446 5206 5443
f 5448 5447 5207
f 5448 5207 5208
f 5205 5207 5445
f 5445 5207 5447
f 5450 5449 5210
f 5210 5449 5209
f 5210 5206 5446
f 5210 5446 5450
f 5452 5451 5211
f 5452 5211 5212
f 5208 5211 5448
f 5448 5211 5451
f 5449 5453 5209
f 5209 5453 5213
f 5214 5213 5453
f 5214 5453 5454
f 5456 5455 5215
f 5456 5215 5216
f 5215 5457 5217
f 5455 5457 5215
f 5217 5458 5218
f 5457 5458 5217
f 5218 5459 5219
f 5458 5459 5218
f 5219 5460 5220
f 5459 5460 5219
f 5221 5220 5460
f 5221 5460 5461
f 5222 5452 5212
f 5222 5462 5452
f 5454 5463 5214
f 5214 5463 5223
f 5224 5223 5463
f 5224 5463 5464
f 5225 5456 5216
f 5225 5465 5456
f 5461 5226 5221
f 5466 5226 5461
f 5227 5462 5222
f 5227 5467 5462
f 5464 5228 5224
f 5468 5228 5464
f 5470 5469 5229
f 5470 5229 5230
f 5225 5229 5465
f 5465 5229 5469
f 5466 5231 5226
f 5471 5231 5466
f 5232 5467 5227
f 5232 5472 5467
f 5468 5233 5228
f 5473 5233 5468
f 5475 5474 5234
f 5475 5234 5235
f 5230 5234 5470
f 5470 5234 5474
f 5471 5236 5231
f 5476 5236 5471
f 5478 5477 5237
f 5478 5237 5238
f 5232 5237 5472
f 5472 5237 5477
f 5473 5239 5233
f 5479 5239 5473
f 5240 5475 5235
f 5240 5480 5475
f 5476 5241 5236
f 5481 5241 5476
f 5242 5478 5238
f 5242 5482 5478
f 5479 5243 5239
f 5483 5243 5479
f 5485 5484 5244
f 5485 5244 5245
f 5240 5244 5480
f 5480 5244 5484
f 5481 5246 5241
f 5486 5246 5481
f 5487 5482 5242
f 5487 5242 5247
f 5247 5248 5487
f 5487 5248 5488
f 5483 5249 5243
f 5489 5249 5483
f 5491 5490 5250
f 5491 5250 5251
f 5245 5250 5485
f 5485 5250 5490
f 5486 5252 5246
f 5492 5252 5486
f 5253 5488 5248
f 5253 5493 5488
f 5489 5254 5249
f 5494 5254 5489
f 5255 5491 5251
f 5255 5495 5491
f 5492 5256 5252
f 5496 5256 5492
f 5257 5493 5253
f 5257 5497 5493
f 5494 5258 5254
f 5498 5258 5494
f 5500 5499 5259
f 5500 5259 5260
f 5255 5259 5495
f 5495 5259 5499
f 5496 5261 5256
f 5501 5261 5496
f 5262 5497 5257
f 5262 5502 5497
f 5498 5263 5258
f 5503 5263 5498
f 5505 5504 5264
f 5505 5264 5265
f 5260 5264 5500
f 5500 5264 5504
f 5501 5266 5261
f 5506 5266 5501
f 5267 5502 5262
f 5267 5507 5502
f 5503 5268 5263
f 5508 5268 5503
f 5269 5505 5265
f 5269 5509 5505
f 5506 5270 5266
f 5510 5270 5506
f 5271 5507 5267
f 5271 5511 5507
f 5508 5272 5268
f 5512 5272 5508
f 5273 5509 5269
f 5273 5513 5509
f 5510 5274 5270
f 5514 5274 5510
f 5275 5511 5271
f 5275 5515 5511
f 5512 5276 5272
f 5516 5276 5512
f 5277 5513 5273
f 5277 5517 5513
f 5514 5278 5274
f 5518 5278 5514
f 5279 5515 5275
f 5279 5519 5515
f 5516 5280 5276
f 5520 5280 5516
f 5281 5517 5277
f 5281 5521 5517
f 5518 5282 5278
f 5522 5282 5518
f 5283 5519 5279
f 5283 5523 5519
f 5520 5284 5280
f 5524 5284 5520
f 5285 5521 5281
f 5285 5525 5521
f 5522 5286 5282
f 5526 5286 5522
f 5287 5523 5283
f 5287 5527 5523
f 5524 5288 5284
f 5528 5288 5524
f 5289 5525 5285
f 5289 5529 5525
f 5526 5290 5286
f 5530 5290 5526
f 5291 5527 5287
f 5291 5531 5527
f 5528 5292 5288
f 5532 5292 5528
f 5293 5529 5289
f 5293 5533 5529
f 5530 5294 5290
f 5534 5294 5530
f 5295 5531 5291
f 5295 5535 5531
f 5532 5296 5292
f 5536 5296 5532
f 5297 5533 5293
f 5297 5537 5533
f 5534 5298 5294
f 5538 5298 5534
f 5299 5535 5295
f 5299 5539 5535
f 5536 5540 5296
f 5296 5540 5300
f 5297 5300 5537
f 5537 5300 5540
f 5538 5301 5298
f 5541 5301 5538
f 5302 5539 5299
f 5302 5542 5539
f 5541 5303 5301
f 5543 5303 5541
f 5304 5542 5302
f 5304 5544 5542
f 5543 5305 5303
f 5545 5305 5543
f 5306 5544 5304
f 5306 5546 5544
f 5545 5307 5305
f 5547 5307 5545
f 5308 5546 5306
f 5308 5548 5546
f 5547 5309 5307
f 5549 5309 5547
f 5310 5548 5308
f 5310 5550 5548
f 5549 5311 5309
f 5551 5311 5549
f 5312 5550 5310
f 5312 5552 5550
f 5551 5313 5311
f 5553 5313 5551
f 5554 5552 5312
f 5554 5312 5314
f 5555 5314 5315
f 5555 5554 5314
f 5556 5315 5316
f 5556 5555 5315
f 5557 5316 5317
f 5557 5556 5316
f 5558 5317 5318
f 5558 5557 5317
f 5559 5318 5319
f 5559 5558 5318
f 5560 5319 5320
f 5560 5559 5319
f 5320 5321 5560
f 5560 5321 5561
f 5553 5322 5313
f 5562 5322 5553
f 5323 5561 5321
f 5323 5563 5561
f 5562 5324 5322
f 5564 5324 5562
f 5325 5563 5323
f 5325 5565 5563
f 5564 5326 5324
f 5566 5326 5564
f 5327 5565 5325
f 5327 5567 5565
f 5566 5328 5326
f 5568 5328 5566
f 5329 5567 5327
f 5329 5569 5567
f 5568 5330 5328
f 5570 5330 5568
f 5331 5569 5329
f 5331 5571 5569
f 5570 5332 5330
f 5572 5332 5570
f 5333 5571 5331
f 5333 5573 5571
f 5572 5334 5332
f 5574 5334 5572
f 5335 5573 5333
f 5335 5575 5573
f 5574 5336 5334
f 5576 5336 5574
f 5577 5575 5335
f 5577 5335 5337
f 5337 5338 5577
f 5577 5338 5578
f 5576 5339 5336
f 5579 5339 5576
f 5340 5578 5338
f 5340 5580 5578
f 5579 5341 5339
f 5581 5341 5579
f 5342 5583 5582
f 5580 5342 5582
f 5340 5342 5580
f 5583 5584 5582
f 5581 5343 5341
f 5585 5343 5581
f 5344 5583 5342
f 5344 5345 5583
f 5345 5584 5583
f 5345 5586 5584
f 5585 5346 5343
f 5587 5346 5585
f 5588 5586 5345
f 5588 5345 5347
f 5347 5348 5588
f 5588 5348 5589
f 5587 5349 5346
f 5590 5349 5587
f 5591 5589 5348
f 5591 5348 5350
f 5350 5351 5591
f 5591 5351 5592
f 5590 5352 5349
f 5593 5352 5590
f 5594 5592 5351
f 5594 5351 5353
f 5353 5354 5594
f 5594 5354 5595
f 5593 5355 5352
f 5596 5355 5593
f 5356 5595 5354
f 5356 5597 5595
f 5596 5357 5355
f 5598 5357 5596
f 5599 5597 5356
f 5599 5356 5358
f 5358 5359 5599
f 5599 5359 5600
f 5598 5360 5357
f 5601 5360 5598
f 5602 5600 5359
f 5602 5359 5361
f 5361 5362 5602
f 5602 5362 5603
f 5601 5363 5360
f 5604 5363 5601
f 5605 5603 5362
f 5605 5362 5364
f 5606 5364 5365
f 5606 5605 5364
f 5607 5365 5366
f 5607 5606 5365
f 5608 5366 5367
f 5608 5607 5366
f 5367 5363 5604
f 5367 5604 5608
f 5610 5609 5368
f 5610 5368 5369
f 5368 5611 5370
f 5609 5611 5368
f 5370 5612 5371
f 5611 5612 5370
f 5371 5613 5372
f 5612 5613 5371
f 5372 5614 5373
f 5613 5614 5372
f 5373 5615 5374
f 5614 5615 5373
f 5374 5616 5375
f 5615 5616 5374
f 5375 5617 5376
f 5616 5617 5375
f 5376 5618 5377
f 5617 5618 5376
f 5377 5619 5378
f 5618 5619 5377
f 5378 5620 5379
f 5619 5620 5378
f 5379 5621 5380
f 5620 5621 5379
f 5380 5622 5381
f 5621 5622 5380
f 5381 5623 5382
f 5622 5623 5381
f 5382 5624 5383
f 5623 5624 5382
f 5383 5625 5384
f 5624 5625 5383
f 5384 5626 5385
f 5625 5626 5384
f 5385 5627 5386
f 5626 5627 5385
f 5386 5628 5387
f 5627 5628 5386
f 5388 5387 5628
f 5388 5628 5629
f 5389 5610 5369
f 5389 5630 5610
f 5629 5390 5388
f 5631 5390 5629
f 5391 5630 5389
f 5391 5632 5630
f 5631 5392 5390
f 5633 5392 5631
f 5634 5632 5391
f 5634 5391 5393
f 5635 5393 5394
f 5635 5634 5393
f 5636 5394 5395
f 5636 5635 5394
f 5637 5395 5396
f 5637 5636 5395
f 5638 5396 5397
f 5638 5637 5396
f 5639 5397 5398
f 5639 5638 5397
f 5640 5398 5399
f 5640 5639 5398
f 5641 5399 5400
f 5641 5640 5399
f 5642 5400 5401
f 5642 5641 5400
f 5401 5402 5642
f 5642 5402 5643
f 5645 5644 5404
f 5404 5644 5403
f 5646 5404 5405
f 5646 5645 5404
f 5647 5405 5406
f 5647 5646 5405
f 5648 5406 5407
f 5648 5647 5406
f 5649 5407 5408
f 5649 5648 5407
f 5408 5392 5633
f 5408 5633 5649
f 5409 5643 5402
f 5409 5650 5643
f 5652 5651 5411
f 5411 5651 5410
f 5411 5403 5644
f 5411 5644 5652
f 5412 5650 5409
f 5412 5653 5650
f 5655 5654 5414
f 5414 5654 5413
f 5414 5410 5651
f 5414 5651 5655
f 5657 5656 5415
f 5657 5415 5416
f 5412 5415 5653
f 5653 5415 5656
f 5654 5417 5413
f 5658 5417 5654
f 5418 5657 5416
f 5418 5659 5657
f 5661 5660 5420
f 5420 5660 5419
f 5420 5417 5658
f 5420 5658 5661
f 5663 5662 5421
f 5663 5421 5422
f 5418 5421 5659
f 5659 5421 5662
f 5665 5664 5424
f 5424 5664 5423
f 5424 5419 5660
f 5424 5660 5665
f 5667 5666 5425
f 5667 5425 5426
f 5422 5425 5663
f 5663 5425 5666
f 5664 5427 5423
f 5668 5427 5664
f 5428 5667 5426
f 5428 5669 5667
f 5671 5670 5430
f 5430 5670 5429
f 5430 5427 5668
f 5430 5668 5671
f 5673 5672 5431
f 5673 5431 5432
f 5428 5431 5669
f 5669 5431 5672
f 5675 5674 5434
f 5434 5674 5433
f 5434 5429 5670
f 5434 5670 5675
f 5435 5673 5432
f 5435 5676 5673
f 5674 5436 5433
f 5677 5436 5674
f 5679 5678 5437
f 5679 5437 5438
f 5435 5437 5676
f 5676 5437 5678
f 5681 5680 5440
f 5440 5680 5439
f 5440 5436 5677
f 5440 5677 5681
f 5683 5682 5441
f 5683 5441 5442
f 5438 5441 5679
f 5679 5441 5682
f 5685 5684 5444
f 5444 5684 5443
f 5444 5439 5680
f 5444 5680 5685
f 5445 5683 5442
f 5445 5686 5683
f 5684 5446 5443
f 5687 5446 5684
f 5689 5688 5447
f 5689 5447 5448
f 5445 5447 5686
f 5686 5447 5688
f 5691 5690 5450
f 5450 5690 5449
f 5450 5446 5687
f 5450 5687 5691
f 5693 5692 5451
f 5693 5451 5452
f 5448 5451 5689
f 5689 5451 5692
f 5690 5694 5449
f 5449 5694 5453
f 5454 5453 5694
f 5454 5694 5695
f 5697 5696 5455
f 5697 5455 5456
f 5455 5698 5457
f 5696 5698 5455
f 5457 5699 5458
f 5698 5699 5457
f 5458 5700 5459
f 5699 5700 5458
f 5459 5701 5460
f 5700 5701 5459
f 5461 5460 5701
f 5461 5701 5702
f 5462 5693 5452
f 5462 5703 5693
f 5695 5704 5454
f 5454 5704 5463
f 5464 5463 5704
f 5464 5704 5705
f 5465 5697 5456
f 5465 5706 5697
f 5702 5466 5461
f 5707 5466 5702
f 5467 5703 5462
f 5467 5708 5703
f 5705 5468 5464
f 5709 5468 5705
f 5711 5710 5469
f 5711 5469 5470
f 5465 5469 5706
f 5706 5469 5710
f 5707 5471 5466
f 5712 5471 5707
f 5472 5708 5467
f 5472 5713 5708
f 5709 5473 5468
f 5714 5473 5709
f 5716 5715 5474
f 5716 5474 5475
f 5470 5474 5711
f 5711 5474 5715
f 5712 5476 5471
f 5717 5476 5712
f 5719 5718 5477
f 5719 5477 5478
f 5472 5477 5713
f 5713 5477 5718
f 5714 5479 5473
f 5720 5479 5714
f 5480 5716 5475
f 5480 5721 5716
f 5717 5481 5476
f 5722 5481 5717
f 5482 5719 5478
f 5482 5723 5719
f 5720 5483 5479
f 5724 5483 5720
f 5726 5725 5484
f 5726 5484 5485
f 5480 5484 5721
f 5721 5484 5725
f 5722 5486 5481
f 5727 5486 5722
f 5728 5723 5482
f 5728 5482 5487
f 5487 5488 5728
f 5728 5488 5729
f 5724 5489 5483
f 5730 5489 5724
f 5732 5731 5490
f 5732 5490 5491
f 5485 5490 5726
f 5726 5490 5731
f 5727 5492 5486
f 5733 5492 5727
f 5493 5729 5488
f 5493 5734 5729
f 5730 5494 5489
f 5735 5494 5730
f 5495 5732 5491
f 5495 5736 5732
f 5733 5496 5492
f 5737 5496 5733
f 5497 5734 5493
f 5497 5738 5734
f 5735 5498 5494
f 5739 5498 5735
f 5741 5740 5499
f 5741 5499 5500
f 5495 5499 5736
f 5736 5499 5740
f 5737 5501 5496
f 5742 5501 5737
f 5502 5738 5497
f 5502 5743 5738
f 5739 5503 5498
f 5744 5503 5739
f 5746 5745 5504
f 5746 5504 5505
f 5500 5504 5741
f 5741 5504 5745
f 5742 5506 5501
f 5747 5506 5742
f 5507 5743 5502
f 5507 5748 5743
f 5744 5508 5503
f 5749 5508 5744
f 5509 5746 5505
f 5509 5750 5746
f 5747 5510 5506
f 5751 5510 5747
f 5511 5748 5507
f 5511 5752 5748
f 5749 5512 5508
f 5753 5512 5749
f 5513 5750 5509
f 5513 5754 5750
f 5751 5514 5510
f 5755 5514 5751
f 5515 5752 5511
f 5515 5756 5752
f 5753 5516 5512
f 5757 5516 5753
f 5517 5754 5513
f 5517 5758 5754
f 5755 5518 5514
f 5759 5518 5755
f 5519 5756 5515
f 5519 5760 5756
f 5757 5520 5516
f 5761 5520 5757
f 5521 5758 5517
f 5521 5762 5758
f 5759 5522 5518
f 5763 5522 5759
f 5523 5760 5519
f 5523 5764 5760
f 5761 5524 5520
f 5765 5524 5761
f 5525 5762 5521
f 5525 5766 5762
f 5763 5526 5522
f 5767 5526 5763
f 5527 5764 5523
f 5527 5768 5764
f 5765 5528 5524
f 5769 5528 5765
f 5529 5766 5525
f 5529 5770 5766
f 5767 5530 5526
f 5771 5530 5767
f 5531 5768 5527
f 5531 5772 5768
f 5769 5532 5528
f 5773 5532 5769
f 5533 5770 5529
f 5533 5774 5770
f 5771 5534 5530
f 5775 5534 5771
f 5535 5772 5531
f 5535 5776 5772
f 5773 5536 5532
f 5777 5536 5773
f 5537 5774 5533
f 5537 5778 5774
f 5775 5538 5534
f 5779 5538 5775
f 5539 5776 5535
f 5539 5780 5776
f 5777 5781 5536
f 5536 5781 5540
f 5537 5540 5778
f 5778 5540 5781
f 5779 5541 5538
f 5782 5541 5779
f 5542 5780 5539
f 5542 5783 5780
f 5782 5543 5541
f 5784 5543 5782
f 5544 5783 5542
f 5544 5785 5783
f 5784 5545 5543
f 5786 5545 5784
f 5546 5785 5544
f 5546 5787 5785
f 5786 5547 5545
f 5788 5547 5786
f 5548 5787 5546
f 5548 5789 5787
f 5788 5549 5547
f 5790 5549 5788
f 5550 5789 5548
f 5550 5791 5789
f 5790 5551 5549
f 5792 5551 5790
f 5552 5791 5550
f 5552 5793 5791
f 5792 5553 5551
f 5794 5553 5792
f 5795 5793 5552
f 5795 5552 5554
f 5796 5554 5555
f 5796 5795 5554
f 5797 5555 5556
f 5797 5796 5555
f 5798 5556 5557
f 5798 5797 5556
f 5799 5557 5558
f 5799 5798 5557
f 5800 5558 5559
f 5800 5799 5558
f 5801 5559 5560
f 5801 5800 5559
f 5560 5561 5801
f 5801 5561 5802
f 5794 5562 5553
f 5803 5562 5794
f 5563 5802 5561
f 5563 5804 5802
f 5803 5564 5562
f 5805 5564 5803
f 5565 5804 5563
f 5565 5806 5804
f 5805 5566 5564
f 5807 5566 5805
f 5567 5806 5565
f 5567 5808 5806
f 5807 5568 5566
f 5809 5568 5807
f 5569 5808 5567
f 5569 5810 5808
f 5809 5570 5568
f 5811 5570 5809
f 5571 5810 5569
f 5571 5812 5810
f 5811 5572 5570
f 5813 5572 5811
f 5573 5812 5571
f 5573 5814 5812
f 5813 5574 5572
f 5815 5574 5813
f 5575 5814 5573
f 5575 5816 5814
f 5815 5576 5574
f 5817 5576 5815
f 5818 5816 5575
f 5818 5575 5577
f 5577 5578 5818
f 5818 5578 5819
f 5817 5579 5576
f 5820 5579 5817
f 5580 5819 5578
f 5580 5821 5819
f 5820 5581 5579
f 5822 5581 5820
f 5580 5582 5823
f 5824 5580 5823
f 5821 5580 5824
f 5584 5823 5582
f 5822 5585 5581
f 5825 5585 5822
f 5826 5824 5823
f 5823 5584 5826
f 5584 5827 5826
f 5584 5586 5827
f 5825 5587 5585
f 5828 5587 5825
f 5829 5827 5586
f 5829 5586 5588
f 5588 5589 5829
f 5829 5589 5830
f 5828 5590 5587
f 5831 5590 5828
f 5832 5830 5589
f 5832 5589 5591
f 5591 5592 5832
f 5832 5592 5833
f 5831 5593 5590
f 5834 5593 5831
f 5835 5833 5592
f 5835 5592 5594
f 5594 5595 5835
f 5835 5595 5836
f 5834 5596 5593
f 5837 5596 5834
f 5597 5836 5595
f 5597 5838 5836
f 5837 5598 5596
f 5839 5598 5837
f 5840 5838 5597
f 5840 5597 5599
f 5599 5600 5840
f 5840 5600 5841
f 5839 5601 5598
f 5842 5601 5839
f 5843 5841 5600
f 5843 5600 5602
f 5602 5603 5843
f 5843 5603 5844
f 5842 5604 5601
f 5845 5604 5842
f 5846 5844 5603
f 5846 5603 5605
f 5847 5605 5606
f 5847 5846 5605
f 5848 5606 5607
f 5848 5847 5606
f 5849 5607 5608
f 5849 5848 5607
f 5608 5604 5845
f 5608 5845 5849
f 5851 5850 5609
f 5851 5609 5610
f 5609 5852 5611
f 5850 5852 5609
f 5611 5853 5612
f 5852 5853 5611
f 5612 5854 5613
f 5853 5854 5612
f 5613 5855 5614
f 5854 5855 5613
f 5614 5856 5615
f 5855 5856 5614
f 5615 5857 5616
f 5856 5857 5615
f 5616 5858 5617
f 5857 5858 5616
f 5617 5859 5618
f 5858 5859 5617
f 5618 5860 5619
f 5859 5860 5618
f 5619 5861 5620
f 5860 5861 5619
f 5620 5862 5621
f 5861 5862 5620
f 5621 5863 5622
f 5862 5863 5621
f 5622 5864 5623
f 5863 5864 5622
f 5623 5865 5624
f 5864 5865 5623
f 5624 5866 5625
f 5865 5866 5624
f 5625 5867 5626
f 5866 5867 5625
f 5626 5868 5627
f 5867 5868 5626
f 5627 5869 5628
f 5868 5869 5627
f 5629 5628 5869
f 5629 5869 5870
f 5630 5851 5610
f 5630 5871 5851
f 5870 5631 5629
f 5872 5631 5870
f 5632 5871 5630
f 5632 5873 5871
f 5872 5633 5631
f 5874 5633 5872
f 5875 5873 5632
f 5875 5632 5634
f 5876 5634 5635
f 5876 5875 5634
f 5877 5635 5636
f 5877 5876 5635
f 5878 5636 5637
f 5878 5877 5636
f 5879 5637 5638
f 5879 5878 5637
f 5880 5638 5639
f 5880 5879 5638
f 5881 5639 5640
f 5881 5880 5639
f 5882 5640 5641
f 5882 5881 5640
f 5883 5641 5642
f 5883 5882 5641
f 5642 5643 5883
f 5883 5643 5884
f 5886 5885 5645
f 5645 5885 5644
f 5887 5645 5646
f 5887 5886 5645
f 5888 5646 5647
f 5888 5887 5646
f 5889 5647 5648
f 5889 5888 5647
f 5890 5648 5649
f 5890 5889 5648
f 5649 5633 5874
f 5649 5874 5890
f 5650 5884 5643
f 5650 5891 5884
f 5893 5892 5652
f 5652 5892 5651
f 5652 5644 5885
f 5652 5885 5893
f 5653 5891 5650
f 5653 5894 5891
f 5896 5895 5655
f 5655 5895 5654
f 5655 5651 5892
f 5655 5892 5896
f 5898 5897 5656
f 5898 5656 5657
f 5653 5656 5894
f 5894 5656 5897
f 5895 5658 5654
f 5899 5658 5895
f 5659 5898 5657
f 5659 5900 5898
f 5902 5901 5661
f 5661 5901 5660
f 5661 5658 5899
f 5661 5899 5902
f 5904 5903 5662
f 5904 5662 5663
f 5659 5662 5900
f 5900 5662 5903
f 5906 5905 5665
f 5665 5905 5664
f 5665 5660 5901
f 5665 5901 5906
f 5908 5907 5666
f 5908 5666 5667
f 5663 5666 5904
f 5904 5666 5907
f 5905 5668 5664
f 5909 5668 5905
f 5669 5908 5667
f 5669 5910 5908
f 5912 5911 5671
f 5671 5911 5670
f 5671 5668 5909
f 5671 5909 5912
f 5914 5913 5672
f 5914 5672 5673
f 5669 5672 5910
f 5910 5672 5913
f 5916 5915 5675
f 5675 5915 5674
f 5675 5670 5911
f 5675 5911 5916
f 5676 5914 5673
f 5676 5917 5914
f 5915 5677 5674
f 5918 5677 5915
f 5920 5919 5678
f 5920 5678 5679
f 5676 5678 5917
f 5917 5678 5919
f 5922 5921 5681
f 5681 5921 5680
f 5681 5677 5918
f 5681 5918 5922
f 5924 5923 5682
f 5924 5682 5683
f 5679 5682 5920
f 5920 5682 5923
f 5926 5925 5685
f 5685 5925 5684
f 5685 5680 5921
f 5685 5921 5926
f 5686 5924 5683
f 5686 5927 5924
f 5925 5687 5684
f 5928 5687 5925
f 5930 5929 5688
f 5930 5688 5689
f 5686 5688 5927
f 5927 5688 5929
f 5932 5931 5691
f 5691 5931 5690
f 5691 5687 5928
f 5691 5928 5932
f 5934 5933 5692
f 5934 5692 5693
f 5689 5692 5930
f 5930 5692 5933
f 5931 5935 5690
f 5690 5935 5694
f 5695 5694 5935
f 5695 5935 5936
f 5938 5937 5696
f 5938 5696 5697
f 5696 5939 5698
f 5937 5939 5696
f 5698 5940 5699
f 5939 5940 5698
f 5699 5941 5700
f 5940 5941 5699
f 5700 5942 5701
f 5941 5942 5700
f 5702 5701 5942
f 5702 5942 5943
f 5703 5934 5693
f 5703 5944 5934
f 5936 5945 5695
f 5695 5945 5704
f 5705 5704 5945
f 5705 5945 5946
f 5706 5938 5697
f 5706 5947 5938
f 5943 5707 5702
f 5948 5707 5943
f 5708 5944 5703
f 5708 5949 5944
f 5946 5709 5705
f 5950 5709 5946
f 5952 5951 5710
f 5952 5710 5711
f 5706 5710 5947
f 5947 5710 5951
f 5948 5712 5707
f 5953 5712 5948
f 5713 5949 5708
f 5713 5954 5949
f 5950 5714 5709
f 5955 5714 5950
f 5957 5956 5715
f 5957 5715 5716
f 5711 5715 5952
f 5952 5715 5956
f 5953 5717 5712
f 5958 5717 5953
f 5960 5959 5718
f 5960 5718 5719
f 5713 5718 5954
f 5954 5718 5959
f 5955 5720 5714
f 5961 5720 5955
f 5721 5957 5716
f 5721 5962 5957
f 5958 5722 5717
f 5963 5722 5958
f 5723 5960 5719
f 5723 5964 5960
f 5961 5724 5720
f 5965 5724 5961
f 5967 5966 5725
f 5967 5725 5726
f 5721 5725 5962
f 5962 5725 5966
f 5963 5727 5722
f 5968 5727 5963
f 5969 5964 5723
f 5969 5723 5728
f 5728 5729 5969
f 5969 5729 5970
f 5965 5730 5724
f 5971 5730 5965
f 5973 5972 5731
f 5973 5731 5732
f 5726 5731 5967
f 5967 5731 5972
f 5968 5733 5727
f 5974 5733 5968
f 5734 5970 5729
f 5734 5975 5970
f 5971 5735 5730
f 5976 5735 5971
f 5736 5973 5732
f 5736 5977 5973
f 5974 5737 5733
f 5978 5737 5974
f 5738 5975 5734
f 5738 5979 5975
f 5976 5739 5735
f 5980 5739 5976
f 5982 5981 5740
f 5982 5740 5741
f 5736 5740 5977
f 5977 5740 5981
f 5978 5742 5737
f 5983 5742 5978
f 5743 5979 5738
f 5743 5984 5979
f 5980 5744 5739
f 5985 5744 5980
f 5987 5986 5745
f 5987 5745 5746
f 5741 5745 5982
f 5982 5745 5986
f 5983 5747 5742
f 5988 5747 5983
f 5748 5984 5743
f 5748 5989 5984
f 5985 5749 5744
f 5990 5749 5985
f 5750 5987 5746
f 5750 5991 5987
f 5988 5751 5747
f 5992 5751 5988
f 5752 5989 5748
f 5752 5993 5989
f 5990 5753 5749
f 5994 5753 5990
f 5754 5991 5750
f 5754 5995 5991
f 5992 5755 5751
f 5996 5755 5992
f 5756 5993 5752
f 5756 5997 5993
f 5994 5757 5753
f 5998 5757 5994
f 5758 5995 5754
f 5758 5999 5995
f 5996 5759 5755
f 6000 5759 5996
f 5760 5997 5756
f 5760 6001 5997
f 5998 5761 5757
f 6002 5761 5998
f 5762 5999 5758
f 5762 6003 5999
f 6000 5763 5759
f 6004 5763 6000
f 5764 6001 5760
f 5764 6005 6001
f 6002 5765 5761
f 6006 5765 6002
f 5766 6003 5762
f 5766 6007 6003
f 6004 5767 5763
f 6008 5767 6004
f 5768 6005 5764
f 5768 6009 6005
f 6006 5769 5765
f 6010 5769 6006
f 5770 6007 5766
f 5770 6011 6007
f 6008 5771 5767
f 6012 5771 6008
f 5772 6009 5768
f 5772 6013 6009
f 6010 5773 5769
f 6014 5773 6010
f 5774 6011 5770
f 5774 6015 6011
f 6012 5775 5771
f 6016 5775 6012
f 5776 6013 5772
f 5776 6017 6013
f 6014 5777 5773
f 6018 5777 6014
f 5778 6015 5774
f 5778 6019 6015
f 6016 5779 5775
f 6020 5779 6016
f 5780 6017 5776
f 5780 6021 6017
f 6018 6022 5777
f 5777 6022 5781
f 5778 5781 6019
f 6019 5781 6022
f 6020 5782 5779
f 6023 5782 6020
f 5783 6021 5780
f 5783 6024 6021
f 6023 5784 5782
f 6025 5784 6023
f 5785 6024 5783
f 5785 6026 6024
f 6025 5786 5784
f 6027 5786 6025
f 5787 6026 5785
f 5787 6028 6026
f 6027 5788 5786
f 6029 5788 6027
f 5789 6028 5787
f 5789 6030 6028
f 6029 5790 5788
f 6031 5790 6029
f 5791 6030 5789
f 5791 6032 6030
f 6031 5792 5790
f 6033 5792 6031
f 5793 6032 5791
f 5793 6034 6032
f 6033 5794 5792
f 6035 5794 6033
f 6036 6034 5793
f 6036 5793 5795
f 6037 5795 5796
f 6037 6036 5795
f 6038 5796 5797
f 6038 6037 5796
f 6039 5797 5798
f 6039 6038 5797
f 6040 5798 5799
f 6040 6039 5798
f 6041 5799 5800
f 6041 6040 5799
f 6042 5800 5801
f 6042 6041 5800
f 5801 5802 6042
f 6042 5802 6043
f 6035 5803 5794
f 6044 5803 6035
f 5804 6043 5802
f 5804 6045 6043
f 6044 5805 5803
f 6046 5805 6044
f 5806 6045 5804
f 5806 6047 6045
f 6046 5807 5805
f 6048 5807 6046
f 5808 6047 5806
f 5808 6049 6047
f 6048 5809 5807
f 6050 5809 6048
f 5810 6049 5808
f 5810 6051 6049
f 6050 5811 5809
f 6052 5811 6050
f 5812 6051 5810
f 5812 6053 6051
f 6052 5813 5811
f 6054 5813 6052
f 5814 6053 5812
f 5814 6055 6053
f 6054 5815 5813
f 6056 5815 6054
f 5816 6055 5814
f 5816 6057 6055
f 6056 5817 5815
f 6058 5817 6056
f 6059 6057 5816
f 6059 5816 5818
f 5818 5819 6059
f 6059 5819 6060
f 6058 5820 5817
f 6061 5820 6058
f 5821 6060 5819
f 5821 6062 6060
f 6061 5822 5820
f 6063 5822 6061
f 5824 6065 6064
f 6062 5824 6064
f 5821 5824 6062
f 6065 6066 6064
f 6063 5825 5822
f 6067 5825 6063
f 5826 6065 5824
f 5826 5827 6065
f 5827 6066 6065
f 5827 6068 6066
f 6067 5828 5825
f 6069 5828 6067
f 6070 6068 5827
f 6070 5827 5829
f 5829 5830 6070
f 6070 5830 6071
f 6069 5831 5828
f 6072 5831 6069
f 6073 6071 5830
f 6073 5830 5832
f 5832 5833 6073
f 6073 5833 6074
f 6072 5834 5831
f 6075 5834 6072
f 6076 6074 5833
f 6076 5833 5835
f 5835 5836 6076
f 6076 5836 6077
f 6075 5837 5834
f 6078 5837 6075
f 5838 6077 5836
f 5838 6079 6077
f 6078 5839 5837
f 6080 5839 6078
f 6081 6079 5838
f 6081 5838 5840
f 5840 5841 6081
f 6081 5841 6082
f 6080 5842 5839
f 6083 5842 6080
f 6084 6082 5841
f 6084 5841 5843
f 5843 5844 6084
f 6084 5844 6085
f 6083 5845 5842
f 6086 5845 6083
f 6087 6085 5844
f 6087 5844 5846
f 6088 5846 5847
f 6088 6087 5846
f 6089 5847 5848
f 6089 6088 5847
f 6090 5848 5849
f 6090 6089 5848
f 5849 5845 6086
f 5849 6086 6090
f 6092 6091 5850
f 6092 5850 5851
f 5850 6093 5852
f 6091 6093 5850
f 5852 6094 5853
f 6093 6094 5852
f 5853 6095 5854
f 6094 6095 5853
f 5854 6096 5855
f 6095 6096 5854
f 5855 6097 5856
f 6096 6097 5855
f 5856 6098 5857
f 6097 6098 5856
f 5857 6099 5858
f 6098 6099 5857
f 5858 6100 5859
f 6099 6100 5858
f 5859 6101 5860
f 6100 6101 5859
f 5860 6102 5861
f 6101 6102 5860
f 5861 6103 5862
f 6102 6103 5861
f 5862 6104 5863
f 6103 6104 5862
f 5863 6105 5864
f 6104 6105 5863
f 5864 6106 5865
f 6105 6106 5864
f 5865 6107 5866
f 6106 6107 5865
f 5866 6108 5867
f 6107 6108 5866
f 5867 6109 5868
f 6108 6109 5867
f 5868 6110 5869
f 6109 6110 5868
f 5870 5869 6110
f 5870 6110 6111
f 5871 6092 5851
f 5871 6112 6092
f 6111 5872 5870
f 6113 5872 6111
f 5873 6112 5871
f 5873 6114 6112
f 6113 5874 5872
f 6115 5874 6113
f 6116 6114 5873
f 6116 5873 5875
f 6117 5875 5876
f 6117 6116 5875
f 6118 5876 5877
f 6118 6117 5876
f 6119 5877 5878
f 6119 6118 5877
f 6120 5878 5879
f 6120 6119 5878
f 6121 5879 5880
f 6121 6120 5879
f 6122 5880 5881
f 6122 6121 5880
f 6123 5881 5882
f 6123 6122 5881
f 6124 5882 5883
f 6124 6123 5882
f 6126 6125 5884
f 6125 5883 5884
f 6125 6124 5883
f 6126 6127 6125
f 6129 6128 5886
f 5886 6128 5885
f 6130 5886 5887
f 6130 6129 5886
f 6131 5887 5888
f 6131 6130 5887
f 6132 5888 5889
f 6132 6131 5888
f 6133 5889 5890
f 6133 6132 5889
f 5890 5874 6115
f 5890 6115 6133
f 5891 6134 6126
f 5891 6126 5884
f 6127 6126 6135
f 6135 6126 6134
f 6137 6136 5893
f 5893 6136 5892
f 5893 5885 6128
f 5893 6128 6137
f 6139 6138 6134
f 5891 6139 6134
f 5894 6139 5891
f 6134 6138 6135
f 6141 6140 5896
f 5896 6140 5895
f 5896 5892 6136
f 5896 6136 6141
f 6143 6142 5897
f 6143 5897 5898
f 5894 5897 6139
f 6139 5897 6142
f 6140 5899 5895
f 6144 5899 6140
f 5900 6143 5898
f 5900 6145 6143
f 6147 6146 5902
f 5902 6146 5901
f 5902 5899 6144
f 5902 6144 6147
f 6149 6148 5903
f 6149 5903 5904
f 5900 5903 6145
f 6145 5903 6148
f 6151 6150 5906
f 5906 6150 5905
f 5906 5901 6146
f 5906 6146 6151
f 6153 6152 5907
f 6153 5907 5908
f 5904 5907 6149
f 6149 5907 6152
f 6150 5909 5905
f 6154 5909 6150
f 5910 6153 5908
f 5910 6155 6153
f 6157 6156 5912
f 5912 6156 5911
f 5912 5909 6154
f 5912 6154 6157
f 6159 6158 5913
f 6159 5913 5914
f 5910 5913 6155
f 6155 5913 6158
f 6161 6160 5916
f 5916 6160 5915
f 5916 5911 6156
f 5916 6156 6161
f 6164 6163 6162
f 6163 6159 6162
f 6159 5917 6162
f 6159 5914 5917
f 6160 5918 5915
f 6165 5918 6160
f 6164 6162 5919
f 5920 6164 5919
f 6166 6164 5920
f 5919 6162 5917
f 6168 6167 5922
f 5922 6167 5921
f 5922 5918 6165
f 5922 6165 6168
f 6170 6169 5923
f 6170 5923 5924
f 5920 5923 6166
f 6166 5923 6169
f 6172 6171 5926
f 5926 6171 5925
f 5926 5921 6167
f 5926 6167 6172
f 5927 6170 5924
f 5927 6173 6170
f 6171 5928 5925
f 6174 5928 6171
f 6176 6175 5929
f 6176 5929 5930
f 5927 5929 6173
f 6173 5929 6175
f 6178 6177 5932
f 5932 6177 5931
f 5932 5928 6174
f 5932 6174 6178
f 6180 6179 5933
f 6180 5933 5934
f 5930 5933 6176
f 6176 5933 6179
f 6177 6181 5931
f 5931 6181 5935
f 5936 5935 6181
f 5936 6181 6182
f 6184 6183 5937
f 6184 5937 5938
f 5937 6185 5939
f 6183 6185 5937
f 5939 6186 5940
f 6185 6186 5939
f 5940 6187 5941
f 6186 6187 5940
f 5941 6188 5942
f 6187 6188 5941
f 5943 5942 6188
f 5943 6188 6189
f 5944 6180 5934
f 5944 6190 6180
f 6182 6191 5936
f 5936 6191 5945
f 5946 5945 6191
f 5946 6191 6192
f 5947 6184 5938
f 5947 6193 6184
f 6189 5948 5943
f 6194 5948 6189
f 5949 6190 5944
f 5949 6195 6190
f 6192 5950 5946
f 6196 5950 6192
f 6198 6197 5951
f 6198 5951 5952
f 5947 5951 6193
f 6193 5951 6197
f 6194 5953 5948
f 6199 5953 6194
f 5954 6195 5949
f 5954 6200 6195
f 6196 5955 5950
f 6201 5955 6196
f 6203 6202 5956
f 6203 5956 5957
f 5952 5956 6198
f 6198 5956 6202
f 6199 5958 5953
f 6204 5958 6199
f 6206 6205 5959
f 6206 5959 5960
f 5954 5959 6200
f 6200 5959 6205
f 6201 5961 5955
f 6207 5961 6201
f 5962 6203 5957
f 5962 6208 6203
f 6204 5963 5958
f 6209 5963 6204
f 5964 6206 5960
f 5964 6210 6206
f 6207 5965 5961
f 6211 5965 6207
f 6213 6212 5966
f 6213 5966 5967
f 5962 5966 6208
f 6208 5966 6212
f 6209 5968 5963
f 6214 5968 6209
f 6215 6210 5964
f 6215 5964 5969
f 5969 5970 6215
f 6215 5970 6216
f 6211 5971 5965
f 6217 5971 6211
f 6219 6218 5972
f 6219 5972 5973
f 5967 5972 6213
f 6213 5972 6218
f 6214 5974 5968
f 6220 5974 6214
f 5975 6216 5970
f 5975 6221 6216
f 6217 5976 5971
f 6222 5976 6217
f 5977 6219 5973
f 5977 6223 6219
f 6220 5978 5974
f 6224 5978 6220
f 5979 6221 5975
f 5979 6225 6221
f 6222 5980 5976
f 6226 5980 6222
f 6228 6227 5981
f 6228 5981 5982
f 5977 5981 6223
f 6223 5981 6227
f 6224 5983 5978
f 6229 5983 6224
f 5984 6225 5979
f 5984 6230 6225
f 6226 5985 5980
f 6231 5985 6226
f 6233 6232 5986
f 6233 5986 5987
f 5982 5986 6228
f 6228 5986 6232
f 6229 5988 5983
f 6234 5988 6229
f 5989 6230 5984
f 5989 6235 6230
f 6231 5990 5985
f 6236 5990 6231
f 5991 6233 5987
f 5991 6237 6233
f 6234 5992 5988
f 6238 5992 6234
f 5993 6235 5989
f 5993 6239 6235
f 6236 5994 5990
f 6240 5994 6236
f 5995 6237 5991
f 5995 6241 6237
f 6238 5996 5992
f 6242 5996 6238
f 5997 6239 5993
f 5997 6243 6239
f 6240 5998 5994
f 6244 5998 6240
f 5999 6241 5995
f 5999 6245 6241
f 6242 6000 5996
f 6246 6000 6242
f 6001 6243 5997
f 6001 6247 6243
f 6244 6002 5998
f 6248 6002 6244
f 6003 6245 5999
f 6003 6249 6245
f 6246 6004 6000
f 6250 6004 6246
f 6005 6247 6001
f 6005 6251 6247
f 6248 6006 6002
f 6252 6006 6248
f 6007 6249 6003
f 6007 6253 6249
f 6250 6008 6004
f 6254 6008 6250
f 6009 6251 6005
f 6009 6255 6251
f 6252 6010 6006
f 6256 6010 6252
f 6011 6253 6007
f 6011 6257 6253
f 6254 6012 6008
f 6258 6012 6254
f 6013 6255 6009
f 6013 6259 6255
f 6256 6014 6010
f 6260 6014 6256
f 6015 6257 6011
f 6015 6261 6257
f 6258 6016 6012
f 6262 6016 6258
f 6017 6259 6013
f 6017 6263 6259
f 6260 6018 6014
f 6264 6018 6260
f 6019 6261 6015
f 6019 6265 6261
f 6262 6020 6016
f 6266 6020 6262
f 6021 6263 6017
f 6021 6267 6263
f 6264 6268 6018
f 6018 6268 6022
f 6019 6022 6265
f 6265 6022 6268
f 6266 6023 6020
f 6269 6023 6266
f 6024 6267 6021
f 6024 6270 6267
f 6269 6025 6023
f 6271 6025 6269
f 6026 6270 6024
f 6026 6272 6270
f 6271 6027 6025
f 6273 6027 6271
f 6028 6272 6026
f 6028 6274 6272
f 6273 6029 6027
f 6275 6029 6273
f 6030 6274 6028
f 6030 6276 6274
f 6275 6031 6029
f 6277 6031 6275
f 6032 6276 6030
f 6032 6278 6276
f 6277 6033 6031
f 6279 6033 6277
f 6034 6278 6032
f 6034 6280 6278
f 6279 6035 6033
f 6281 6035 6279
f 6282 6280 6034
f 6282 6034 6036
f 6283 6036 6037
f 6283 6282 6036
f 6284 6037 6038
f 6284 6283 6037
f 6285 6038 6039
f 6285 6284 6038
f 6286 6039 6040
f 6286 6285 6039
f 6287 6040 6041
f 6287 6286 6040
f 6288 6041 6042
f 6288 6287 6041
f 6042 6043 6288
f 6288 6043 6289
f 6281 6044 6035
f 6290 6044 6281
f 6045 6289 6043
f 6045 6291 6289
f 6290 6046 6044
f 6292 6046 6290
f 6047 6291 6045
f 6047 6293 6291
f 6292 6048 6046
f 6294 6048 6292
f 6049 6293 6047
f 6049 6295 6293
f 6294 6050 6048
f 6296 6050 6294
f 6051 6295 6049
f 6051 6297 6295
f 6296 6052 6050
f 6298 6052 6296
f 6053 6297 6051
f 6053 6299 6297
f 6298 6054 6052
f 6300 6054 6298
f 6055 6299 6053
f 6055 6301 6299
f 6300 6056 6054
f 6302 6056 6300
f 6057 6301 6055
f 6057 6303 6301
f 6302 6058 6056
f 6304 6058 6302
f 6305 6303 6057
f 6305 6057 6059
f 6059 6060 6305
f 6305 6060 6306
f 6304 6061 6058
f 6307 6061 6304
f 6062 6306 6060
f 6062 6308 6306
f 6307 6063 6061
f 6309 6063 6307
f 6310 6308 6062
f 6310 6062 6064
f 6064 6066 6310
f 6310 6066 6311
f 6309 6067 6063
f 6312 6067 6309
f 6068 6311 6066
f 6068 6313 6311
f 6312 6069 6067
f 6314 6069 6312
f 6315 6313 6068
f 6315 6068 6070
f 6070 6071 6315
f 6315 6071 6316
f 6314 6072 6069
f 6317 6072 6314
f 6318 6316 6071
f 6318 6071 6073
f 6073 6074 6318
f 6318 6074 6319
f 6317 6075 6072
f 6320 6075 6317
f 6321 6319 6074
f 6321 6074 6076
f 6076 6077 6321
f 6321 6077 6322
f 6320 6078 6075
f 6323 6078 6320
f 6079 6322 6077
f 6079 6324 6322
f 6323 6080 6078
f 6325 6080 6323
f 6326 6324 6079
f 6326 6079 6081
f 6081 6082 6326
f 6326 6082 6327
f 6325 6083 6080
f 6328 6083 6325
f 6329 6327 6082
f 6329 6082 6084
f 6084 6085 6329
f 6329 6085 6330
f 6328 6086 6083
f 6331 6086 6328
f 6332 6330 6085
f 6332 6085 6087
f 6333 6087 6088
f 6333 6332 6087
f 6334 6088 6089
f 6334 6333 6088
f 6335 6089 6090
f 6335 6334 6089
f 6090 6086 6331
f 6090 6331 6335
f 6337 6336 6091
f 6337 6091 6092
f 6091 6338 6093
f 6336 6338 6091
f 6093 6339 6094
f 6338 6339 6093
f 6094 6340 6095
f 6339 6340 6094
f 6095 6341 6096
f 6340 6341 6095
f 6096 6342 6097
f 6341 6342 6096
f 6097 6343 6098
f 6342 6343 6097
f 6098 6344 6099
f 6343 6344 6098
f 6099 6345 6100
f 6344 6345 6099
f 6100 6346 6101
f 6345 6346 6100
f 6101 6347 6102
f 6346 6347 6101
f 6102 6348 6103
f 6347 6348 6102
f 6103 6349 6104
f 6348 6349 6103
f 6104 6350 6105
f 6349 6350 6104
f 6105 6351 6106
f 6350 6351 6105
f 6106 6352 6107
f 6351 6352 6106
f 6107 6353 6108
f 6352 6353 6107
f 6108 6354 6109
f 6353 6354 6108
f 6354 6356 6355
f 6110 6354 6355
f 6109 6354 6110
f 6355 6111 6110
f 6112 6337 6092
f 6112 6357 6337
f 6355 6356 6358
f 6358 6356 6359
f 6358 6113 6111
f 6358 6111 6355
f 6114 6357 6112
f 6114 6360 6357
f 6358 6359 6361
f 6361 6359 6362
f 6361 6115 6113
f 6361 6113 6358
f 6363 6360 6114
f 6363 6114 6116
f 6364 6116 6117
f 6364 6363 6116
f 6365 6117 6118
f 6365 6364 6117
f 6366 6118 6119
f 6366 6365 6118
f 6367 6119 6120
f 6367 6366 6119
f 6368 6120 6121
f 6368 6367 6120
f 6369 6121 6122
f 6369 6368 6121
f 6370 6122 6123
f 6370 6369 6122
f 6371 6123 6124
f 6371 6370 6123
f 6372 6124 6125
f 6372 6371 6124
f 6125 6127 6372
f 6372 6127 6373
f 6375 6374 6129
f 6129 6374 6128
f 6376 6129 6130
f 6376 6375 6129
f 6377 6130 6131
f 6377 6376 6130
f 6378 6131 6132
f 6378 6377 6131
f 6133 6361 6362
f 6378 6133 6362
f 6132 6133 6378
f 6361 6133 6115
f 6135 6373 6127
f 6135 6379 6373
f 6381 6380 6137
f 6137 6380 6136
f 6137 6128 6374
f 6137 6374 6381
f 6383 6382 6138
f 6383 6138 6139
f 6135 6138 6379
f 6379 6138 6382
f 6385 6384 6141
f 6141 6384 6140
f 6141 6136 6380
f 6141 6380 6385
f 6143 6386 6142
f 6386 6387 6142
f 6387 6139 6142
f 6387 6383 6139
f 6384 6144 6140
f 6388 6144 6384
f 6390 6389 6386
f 6143 6390 6386
f 6145 6390 6143
f 6386 6389 6387
f 6392 6391 6147
f 6147 6391 6146
f 6147 6144 6388
f 6147 6388 6392
f 6394 6393 6148
f 6394 6148 6149
f 6145 6148 6390
f 6390 6148 6393
f 6396 6395 6151
f 6151 6395 6150
f 6151 6146 6391
f 6151 6391 6396
f 6398 6397 6152
f 6398 6152 6153
f 6149 6152 6394
f 6394 6152 6397
f 6395 6154 6150
f 6399 6154 6395
f 6155 6398 6153
f 6155 6400 6398
f 6402 6401 6157
f 6157 6401 6156
f 6157 6154 6399
f 6157 6399 6402
f 6404 6403 6158
f 6404 6158 6159
f 6155 6158 6400
f 6400 6158 6403
f 6406 6405 6161
f 6161 6405 6160
f 6161 6156 6401
f 6161 6401 6406
f 6408 6407 6163
f 6408 6163 6164
f 6159 6163 6404
f 6404 6163 6407
f 6405 6165 6160
f 6409 6165 6405
f 6166 6408 6164
f 6166 6410 6408
f 6412 6411 6168
f 6168 6411 6167
f 6168 6165 6409
f 6168 6409 6412
f 6414 6413 6169
f 6414 6169 6170
f 6166 6169 6410
f 6410 6169 6413
f 6416 6415 6172
f 6172 6415 6171
f 6172 6167 6411
f 6172 6411 6416
f 6419 6418 6417
f 6418 6414 6417
f 6414 6173 6417
f 6414 6170 6173
f 6415 6174 6171
f 6420 6174 6415
f 6419 6417 6175
f 6176 6419 6175
f 6421 6419 6176
f 6175 6417 6173
f 6423 6422 6178
f 6178 6422 6177
f 6178 6174 6420
f 6178 6420 6423
f 6425 6424 6179
f 6425 6179 6180
f 6176 6179 6421
f 6421 6179 6424
f 6422 6426 6177
f 6177 6426 6181
f 6182 6181 6426
f 6182 6426 6427
f 6429 6428 6183
f 6429 6183 6184
f 6183 6430 6185
f 6428 6430 6183
f 6185 6431 6186
f 6430 6431 6185
f 6186 6432 6187
f 6431 6432 6186
f 6187 6433 6188
f 6432 6433 6187
f 6189 6188 6433
f 6189 6433 6434
f 6190 6425 6180
f 6190 6435 6425
f 6427 6436 6182
f 6182 6436 6191
f 6192 6191 6436
f 6192 6436 6437
f 6193 6429 6184
f 6193 6438 6429
f 6434 6194 6189
f 6439 6194 6434
f 6195 6435 6190
f 6195 6440 6435
f 6437 6196 6192
f 6441 6196 6437
f 6443 6442 6197
f 6443 6197 6198
f 6193 6197 6438
f 6438 6197 6442
f 6439 6199 6194
f 6444 6199 6439
f 6200 6440 6195
f 6200 6445 6440
f 6441 6201 6196
f 6446 6201 6441
f 6448 6447 6202
f 6448 6202 6203
f 6198 6202 6443
f 6443 6202 6447
f 6444 6204 6199
f 6449 6204 6444
f 6206 6450 6205
f 6450 6451 6205
f 6451 6200 6205
f 6451 6445 6200
f 6446 6207 6201
f 6452 6207 6446
f 6208 6448 6203
f 6208 6453 6448
f 6449 6209 6204
f 6454 6209 6449
f 6210 6455 6450
f 6210 6450 6206
f 6451 6450 6456
f 6456 6450 6455
f 6452 6211 6207
f 6457 6211 6452
f 6459 6458 6212
f 6459 6212 6213
f 6208 6212 6453
f 6453 6212 6458
f 6454 6214 6209
f 6460 6214 6454
f 6215 6455 6210
f 6215 6216 6455
f 6216 6456 6455
f 6216 6461 6456
f 6457 6217 6211
f 6462 6217 6457
f 6464 6463 6218
f 6464 6218 6219
f 6213 6218 6459
f 6459 6218 6463
f 6460 6220 6214
f 6465 6220 6460
f 6221 6461 6216
f 6221 6466 6461
f 6462 6222 6217
f 6467 6222 6462
f 6223 6464 6219
f 6223 6468 6464
f 6465 6224 6220
f 6469 6224 6465
f 6225 6466 6221
f 6225 6470 6466
f 6467 6226 6222
f 6471 6226 6467
f 6473 6472 6227
f 6473 6227 6228
f 6223 6227 6468
f 6468 6227 6472
f 6469 6229 6224
f 6474 6229 6469
f 6230 6470 6225
f 6230 6475 6470
f 6471 6231 6226
f 6476 6231 6471
f 6478 6477 6232
f 6478 6232 6233
f 6228 6232 6473
f 6473 6232 6477
f 6474 6234 6229
f 6479 6234 6474
f 6235 6475 6230
f 6235 6480 6475
f 6476 6236 6231
f 6481 6236 6476
f 6237 6478 6233
f 6237 6482 6478
f 6479 6238 6234
f 6483 6238 6479
f 6239 6480 6235
f 6239 6484 6480
f 6481 6240 6236
f 6485 6240 6481
f 6241 6482 6237
f 6241 6486 6482
f 6483 6242 6238
f 6487 6242 6483
f 6243 6484 6239
f 6243 6488 6484
f 6485 6244 6240
f 6489 6244 6485
f 6245 6486 6241
f 6245 6490 6486
f 6487 6246 6242
f 6491 6246 6487
f 6247 6488 6243
f 6247 6492 6488
f 6489 6248 6244
f 6493 6248 6489
f 6249 6490 6245
f 6249 6494 6490
f 6491 6250 6246
f 6495 6250 6491
f 6251 6492 6247
f 6251 6496 6492
f 6493 6252 6248
f 6497 6252 6493
f 6253 6494 6249
f 6253 6498 6494
f 6495 6254 6250
f 6499 6254 6495
f 6255 6496 6251
f 6255 6500 6496
f 6497 6256 6252
f 6501 6256 6497
f 6257 6498 6253
f 6257 6502 6498
f 6499 6258 6254
f 6503 6258 6499
f 6259 6500 6255
f 6259 6504 6500
f 6501 6260 6256
f 6505 6260 6501
f 6261 6502 6257
f 6261 6506 6502
f 6503 6262 6258
f 6507 6262 6503
f 6263 6504 6259
f 6263 6508 6504
f 6505 6264 6260
f 6509 6264 6505
f 6265 6506 6261
f 6265 6510 6506
f 6507 6266 6262
f 6511 6266 6507
f 6267 6508 6263
f 6267 6512 6508
f 6509 6513 6264
f 6264 6513 6268
f 6265 6268 6510
f 6510 6268 6513
f 6511 6269 6266
f 6514 6269 6511
f 6270 6512 6267
f 6270 6515 6512
f 6514 6271 6269
f 6516 6271 6514
f 6272 6515 6270
f 6272 6517 6515
f 6516 6273 6271
f 6518 6273 6516
f 6274 6517 6272
f 6274 6519 6517
f 6518 6275 6273
f 6520 6275 6518
f 6276 6519 6274
f 6276 6521 6519
f 6520 6277 6275
f 6522 6277 6520
f 6278 6521 6276
f 6278 6523 6521
f 6522 6279 6277
f 6524 6279 6522
f 6280 6523 6278
f 6280 6525 6523
f 6524 6281 6279
f 6526 6281 6524
f 6527 6525 6280
f 6527 6280 6282
f 6528 6282 6283
f 6528 6527 6282
f 6529 6283 6284
f 6529 6528 6283
f 6530 6284 6285
f 6530 6529 6284
f 6531 6285 6286
f 6531 6530 6285
f 6532 6286 6287
f 6532 6531 6286
f 6533 6287 6288
f 6533 6532 6287
f 6288 6289 6533
f 6533 6289 6534
f 6526 6290 6281
f 6535 6290 6526
f 6291 6534 6289
f 6291 6536 6534
f 6535 6292 6290
f 6537 6292 6535
f 6293 6536 6291
f 6293 6538 6536
f 6537 6294 6292
f 6539 6294 6537
f 6295 6538 6293
f 6295 6540 6538
f 6539 6296 6294
f 6541 6296 6539
f 6297 6540 6295
f 6297 6542 6540
f 6541 6298 6296
f 6543 6298 6541
f 6299 6542 6297
f 6299 6544 6542
f 6543 6300 6298
f 6545 6300 6543
f 6301 6544 6299
f 6301 6546 6544
f 6545 6302 6300
f 6547 6302 6545
f 6303 6546 6301
f 6303 6548 6546
f 6547 6304 6302
f 6549 6304 6547
f 6550 6548 6303
f 6550 6303 6305
f 6305 6306 6550
f 6550 6306 6551
f 6549 6307 6304
f 6552 6307 6549
f 6308 6551 6306
f 6308 6553 6551
f 6552 6309 6307
f 6554 6309 6552
f 6555 6553 6308
f 6555 6308 6310
f 6310 6311 6555
f 6555 6311 6556
f 6554 6312 6309
f 6557 6312 6554
f 6313 6556 6311
f 6313 6558 6556
f 6557 6314 6312
f 6559 6314 6557
f 6560 6558 6313
f 6560 6313 6315
f 6315 6316 6560
f 6560 6316 6561
f 6559 6317 6314
f 6562 6317 6559
f 6563 6561 6316
f 6563 6316 6318
f 6318 6319 6563
f 6563 6319 6564
f 6562 6320 6317
f 6565 6320 6562
f 6566 6564 6319
f 6566 6319 6321
f 6321 6322 6566
f 6566 6322 6567
f 6565 6323 6320
f 6568 6323 6565
f 6324 6567 6322
f 6324 6569 6567
f 6568 6325 6323
f 6570 6325 6568
f 6571 6569 6324
f 6571 6324 6326
f 6326 6327 6571
f 6571 6327 6572
f 6570 6328 6325
f 6573 6328 6570
f 6574 6572 6327
f 6574 6327 6329
f 6329 6330 6574
f 6574 6330 6575
f 6573 6331 6328
f 6576 6331 6573
f 6577 6575 6330
f 6577 6330 6332
f 6578 6332 6333
f 6578 6577 6332
f 6579 6333 6334
f 6579 6578 6333
f 6580 6334 6335
f 6580 6579 6334
f 6335 6331 6576
f 6335 6576 6580
f 6337 6581 6336
f 6582 6338 6336
f 6582 6336 6581
f 6583 6339 6338
f 6583 6338 6582
f 6584 6340 6339
f 6584 6339 6583
f 6340 6584 6585
f 6586 6340 6585
f 6341 6340 6586
f 6341 6587 6342
f 6586 6587 6341
f 6342 6588 6343
f 6587 6588 6342
f 6343 6589 6344
f 6588 6589 6343
f 6344 6590 6345
f 6589 6590 6344
f 6345 6591 6346
f 6590 6591 6345
f 6346 6592 6347
f 6591 6592 6346
f 6347 6593 6348
f 6592 6593 6347
f 6348 6594 6349
f 6593 6594 6348
f 6349 6595 6350
f 6594 6595 6349
f 6350 6596 6351
f 6595 6596 6350
f 6351 6597 6352
f 6596 6597 6351
f 6352 6598 6353
f 6597 6598 6352
f 6353 6599 6354
f 6598 6599 6353
f 6601 6600 6356
f 6354 6601 6356
f 6599 6601 6354
f 6602 6600 6601
f 6357 6603 6581
f 6357 6581 6337
f 6581 6604 6582
f 6581 6603 6604
f 6582 6605 6583
f 6582 6604 6605
f 6583 6606 6584
f 6583 6605 6606
f 6585 6584 6607
f 6607 6584 6606
f 6608 6359 6600
f 6600 6359 6356
f 6600 6602 6609
f 6600 6609 6608
f 6360 6610 6603
f 6360 6603 6357
f 6603 6611 6604
f 6603 6610 6611
f 6604 6612 6605
f 6604 6611 6612
f 6605 6613 6606
f 6605 6612 6613
f 6607 6606 6614
f 6614 6606 6613
f 6615 6362 6608
f 6608 6362 6359
f 6608 6609 6616
f 6608 6616 6615
f 6363 6610 6360
f 6610 6363 6364
f 6610 6364 6611
f 6611 6364 6365
f 6611 6365 6612
f 6612 6365 6366
f 6612 6366 6613
f 6617 6614 6613
f 6366 6617 6613
f 6367 6617 6366
f 6618 6367 6368
f 6618 6617 6367
f 6619 6368 6369
f 6619 6618 6368
f 6620 6369 6370
f 6620 6619 6369
f 6621 6370 6371
f 6621 6620 6370
f 6622 6371 6372
f 6622 6621 6371
f 6624 6623 6373
f 6623 6372 6373
f 6623 6622 6372
f 6626 6625 6624
f 6624 6625 6623
f 6628 6627 6626
f 6626 6627 6625
f 6630 6629 6628
f 6628 6629 6627
f 6374 6375 6630
f 6375 6629 6630
f 6375 6631 6629
f 6632 6375 6376
f 6632 6631 6375
f 6633 6376 6377
f 6633 6632 6376
f 6634 6377 6378
f 6634 6633 6377
f 6378 6362 6615
f 6635 6378 6615
f 6634 6378 6635
f 6635 6615 6616
f 6379 6636 6624
f 6379 6624 6373
f 6624 6637 6626
f 6624 6636 6637
f 6626 6638 6628
f 6626 6637 6638
f 6638 6380 6381
f 6630 6638 6381
f 6628 6638 6630
f 6630 6381 6374
f 6383 6639 6382
f 6636 6379 6382
f 6639 6636 6382
f 6640 6636 6639
f 6636 6641 6637
f 6636 6640 6641
f 6641 6384 6385
f 6638 6641 6385
f 6637 6641 6638
f 6638 6385 6380
f 6387 6642 6639
f 6387 6639 6383
f 6639 6643 6640
f 6639 6642 6643
f 6640 6644 6641
f 6640 6643 6644
f 6644 6388 6384
f 6644 6384 6641
f 6390 6645 6389
f 6642 6387 6389
f 6645 6642 6389
f 6646 6642 6645
f 6642 6647 6643
f 6642 6646 6647
f 6647 6391 6392
f 6644 6647 6392
f 6643 6647 6644
f 6644 6392 6388
f 6394 6648 6393
f 6645 6390 6393
f 6648 6645 6393
f 6649 6645 6648
f 6645 6650 6646
f 6645 6649 6650
f 6650 6395 6396
f 6647 6650 6396
f 6646 6650 6647
f 6647 6396 6391
f 6398 6651 6397
f 6648 6394 6397
f 6651 6648 6397
f 6652 6648 6651
f 6648 6653 6649
f 6648 6652 6653
f 6649 6654 6650
f 6649 6653 6654
f 6654 6399 6395
f 6654 6395 6650
f 6400 6655 6651
f 6400 6651 6398
f 6651 6656 6652
f 6651 6655 6656
f 6652 6657 6653
f 6652 6656 6657
f 6657 6401 6402
f 6654 6657 6402
f 6653 6657 6654
f 6654 6402 6399
f 6404 6658 6403
f 6655 6400 6403
f 6658 6655 6403
f 6659 6655 6658
f 6655 6660 6656
f 6655 6659 6660
f 6660 6405 6406
f 6657 6660 6406
f 6656 6660 6657
f 6657 6406 6401
f 6408 6661 6407
f 6658 6404 6407
f 6661 6658 6407
f 6662 6658 6661
f 6658 6663 6659
f 6658 6662 6663
f 6659 6664 6660
f 6659 6663 6664
f 6664 6409 6405
f 6664 6405 6660
f 6410 6665 6661
f 6410 6661 6408
f 6661 6666 6662
f 6661 6665 6666
f 6662 6667 6663
f 6662 6666 6667
f 6667 6411 6412
f 6664 6667 6412
f 6663 6667 6664
f 6664 6412 6409
f 6414 6668 6413
f 6665 6410 6413
f 6668 6665 6413
f 6669 6665 6668
f 6665 6670 6666
f 6665 6669 6670
f 6670 6415 6416
f 6667 6670 6416
f 6666 6670 6667
f 6667 6416 6411
f 6419 6671 6418
f 6668 6414 6418
f 6671 6668 6418
f 6672 6668 6671
f 6668 6673 6669
f 6668 6672 6673
f 6669 6674 6670
f 6669 6673 6674
f 6674 6420 6415
f 6674 6415 6670
f 6421 6675 6671
f 6421 6671 6419
f 6671 6676 6672
f 6671 6675 6676
f 6672 6677 6673
f 6672 6676 6677
f 6677 6422 6423
f 6674 6677 6423
f 6673 6677 6674
f 6674 6423 6420
f 6425 6678 6424
f 6675 6421 6424
f 6678 6675 6424
f 6679 6675 6678
f 6675 6680 6676
f 6675 6679 6680
f 6676 6681 6677
f 6676 6680 6681
f 6682 6426 6422
f 6677 6682 6422
f 6681 6682 6677
f 6682 6427 6426
f 6684 6683 6428
f 6684 6428 6429
f 6428 6685 6430
f 6683 6685 6428
f 6430 6686 6431
f 6685 6686 6430
f 6431 6687 6432
f 6686 6687 6431
f 6432 6688 6433
f 6687 6688 6432
f 6434 6433 6688
f 6434 6688 6689
f 6435 6690 6678
f 6435 6678 6425
f 6678 6691 6679
f 6678 6690 6691
f 6679 6692 6680
f 6679 6691 6692
f 6680 6693 6681
f 6680 6692 6693
f 6681 6694 6682
f 6681 6693 6694
f 6695 6436 6427
f 6682 6695 6427
f 6694 6695 6682
f 6695 6437 6436
f 6438 6684 6429
f 6438 6696 6684
f 6689 6439 6434
f 6697 6439 6689
f 6440 6698 6690
f 6440 6690 6435
f 6690 6699 6691
f 6690 6698 6699
f 6691 6700 6692
f 6691 6699 6700
f 6692 6701 6693
f 6692 6700 6701
f 6693 6702 6694
f 6693 6701 6702
f 6694 6703 6695
f 6694 6702 6703
f 6703 6441 6437
f 6703 6437 6695
f 6705 6704 6442
f 6705 6442 6443
f 6438 6442 6696
f 6696 6442 6704
f 6697 6444 6439
f 6706 6444 6697
f 6445 6707 6698
f 6445 6698 6440
f 6698 6708 6699
f 6698 6707 6708
f 6699 6709 6700
f 6699 6708 6709
f 6700 6710 6701
f 6700 6709 6710
f 6701 6711 6702
f 6701 6710 6711
f 6702 6712 6703
f 6702 6711 6712
f 6712 6446 6441
f 6712 6441 6703
f 6714 6713 6447
f 6714 6447 6448
f 6443 6447 6705
f 6705 6447 6713
f 6706 6449 6444
f 6715 6449 6706
f 6451 6716 6707
f 6451 6707 6445
f 6707 6717 6708
f 6707 6716 6717
f 6708 6718 6709
f 6708 6717 6718
f 6709 6719 6710
f 6709 6718 6719
f 6710 6720 6711
f 6710 6719 6720
f 6711 6721 6712
f 6711 6720 6721
f 6721 6452 6446
f 6721 6446 6712
f 6453 6714 6448
f 6453 6722 6714
f 6715 6454 6449
f 6723 6454 6715
f 6456 6724 6716
f 6456 6716 6451
f 6716 6725 6717
f 6716 6724 6725
f 6717 6726 6718
f 6717 6725 6726
f 6718 6727 6719
f 6718 6726 6727
f 6719 6728 6720
f 6719 6727 6728
f 6720 6729 6721
f 6720 6728 6729
f 6729 6457 6452
f 6729 6452 6721
f 6731 6730 6458
f 6731 6458 6459
f 6453 6458 6722
f 6722 6458 6730
f 6723 6460 6454
f 6732 6460 6723
f 6461 6733 6724
f 6461 6724 6456
f 6724 6734 6725
f 6724 6733 6734
f 6725 6735 6726
f 6725 6734 6735
f 6726 6736 6727
f 6726 6735 6736
f 6727 6737 6728
f 6727 6736 6737
f 6728 6738 6729
f 6728 6737 6738
f 6738 6462 6457
f 6738 6457 6729
f 6740 6739 6463
f 6740 6463 6464
f 6459 6463 6731
f 6731 6463 6739
f 6732 6465 6460
f 6741 6465 6732
f 6466 6742 6733
f 6466 6733 6461
f 6733 6743 6734
f 6733 6742 6743
f 6734 6744 6735
f 6734 6743 6744
f 6735 6745 6736
f 6735 6744 6745
f 6736 6746 6737
f 6736 6745 6746
f 6737 6747 6738
f 6737 6746 6747
f 6747 6467 6462
f 6747 6462 6738
f 6468 6740 6464
f 6468 6748 6740
f 6741 6469 6465
f 6749 6469 6741
f 6470 6750 6742
f 6470 6742 6466
f 6742 6751 6743
f 6742 6750 6751
f 6743 6752 6744
f 6743 6751 6752
f 6744 6753 6745
f 6744 6752 6753
f 6745 6754 6746
f 6745 6753 6754
f 6746 6755 6747
f 6746 6754 6755
f 6755 6471 6467
f 6755 6467 6747
f 6757 6756 6472
f 6757 6472 6473
f 6468 6472 6748
f 6748 6472 6756
f 6749 6474 6469
f 6758 6474 6749
f 6475 6759 6750
f 6475 6750 6470
f 6750 6760 6751
f 6750 6759 6760
f 6751 6761 6752
f 6751 6760 6761
f 6752 6762 6753
f 6752 6761 6762
f 6753 6763 6754
f 6753 6762 6763
f 6754 6764 6755
f 6754 6763 6764
f 6764 6476 6471
f 6764 6471 6755
f 6766 6765 6477
f 6766 6477 6478
f 6473 6477 6757
f 6757 6477 6765
f 6758 6479 6474
f 6767 6479 6758
f 6480 6768 6759
f 6480 6759 6475
f 6759 6769 6760
f 6759 6768 6769
f 6760 6770 6761
f 6760 6769 6770
f 6761 6771 6762
f 6761 6770 6771
f 6762 6772 6763
f 6762 6771 6772
f 6763 6773 6764
f 6763 6772 6773
f 6773 6481 6476
f 6773 6476 6764
f 6482 6766 6478
f 6482 6774 6766
f 6767 6483 6479
f 6775 6483 6767
f 6484 6776 6768
f 6484 6768 6480
f 6768 6777 6769
f 6768 6776 6777
f 6769 6778 6770
f 6769 6777 6778
f 6770 6779 6771
f 6770 6778 6779
f 6771 6780 6772
f 6771 6779 6780
f 6772 6781 6773
f 6772 6780 6781
f 6781 6485 6481
f 6781 6481 6773
f 6486 6774 6482
f 6486 6782 6774
f 6775 6487 6483
f 6783 6487 6775
f 6488 6784 6776
f 6488 6776 6484
f 6776 6785 6777
f 6776 6784 6785
f 6777 6786 6778
f 6777 6785 6786
f 6778 6787 6779
f 6778 6786 6787
f 6779 6788 6780
f 6779 6787 6788
f 6780 6789 6781
f 6780 6788 6789
f 6789 6489 6485
f 6789 6485 6781
f 6490 6782 6486
f 6490 6790 6782
f 6783 6491 6487
f 6791 6491 6783
f 6492 6792 6784
f 6492 6784 6488
f 6784 6793 6785
f 6784 6792 6793
f 6785 6794 6786
f 6785 6793 6794
f 6786 6795 6787
f 6786 6794 6795
f 6787 6796 6788
f 6787 6795 6796
f 6788 6797 6789
f 6788 6796 6797
f 6797 6493 6489
f 6797 6489 6789
f 6494 6790 6490
f 6494 6798 6790
f 6791 6495 6491
f 6799 6495 6791
f 6496 6800 6792
f 6496 6792 6492
f 6792 6801 6793
f 6792 6800 6801
f 6793 6802 6794
f 6793 6801 6802
f 6794 6803 6795
f 6794 6802 6803
f 6795 6804 6796
f 6795 6803 6804
f 6796 6805 6797
f 6796 6804 6805
f 6805 6497 6493
f 6805 6493 6797
f 6498 6798 6494
f 6498 6806 6798
f 6799 6499 6495
f 6807 6499 6799
f 6500 6808 6800
f 6500 6800 6496
f 6800 6809 6801
f 6800 6808 6809
f 6801 6810 6802
f 6801 6809 6810
f 6802 6811 6803
f 6802 6810 6811
f 6803 6812 6804
f 6803 6811 6812
f 6804 6813 6805
f 6804 6812 6813
f 6813 6501 6497
f 6813 6497 6805
f 6502 6806 6498
f 6502 6814 6806
f 6807 6503 6499
f 6815 6503 6807
f 6504 6816 6808
f 6504 6808 6500
f 6808 6817 6809
f 6808 6816 6817
f 6809 6818 6810
f 6809 6817 6818
f 6810 6819 6811
f 6810 6818 6819
f 6811 6820 6812
f 6811 6819 6820
f 6812 6821 6813
f 6812 6820 6821
f 6821 6505 6501
f 6821 6501 6813
f 6506 6814 6502
f 6506 6822 6814
f 6815 6507 6503
f 6823 6507 6815
f 6508 6824 6816
f 6508 6816 6504
f 6816 6825 6817
f 6816 6824 6825
f 6817 6826 6818
f 6817 6825 6826
f 6818 6827 6819
f 6818 6826 6827
f 6819 6828 6820
f 6819 6827 6828
f 6820 6829 6821
f 6820 6828 6829
f 6829 6509 6505
f 6829 6505 6821
f 6510 6822 6506
f 6510 6830 6822
f 6823 6511 6507
f 6831 6511 6823
f 6512 6832 6824
f 6512 6824 6508
f 6824 6833 6825
f 6824 6832 6833
f 6825 6834 6826
f 6825 6833 6834
f 6826 6835 6827
f 6826 6834 6835
f 6827 6836 6828
f 6827 6835 6836
f 6828 6837 6829
f 6828 6836 6837
f 6838 6513 6509
f 6829 6838 6509
f 6837 6838 6829
f 6838 6839 6513
f 6839 6510 6513
f 6839 6830 6510
f 6831 6514 6511
f 6840 6514 6831
f 6515 6841 6832
f 6515 6832 6512
f 6832 6842 6833
f 6832 6841 6842
f 6833 6843 6834
f 6833 6842 6843
f 6834 6844 6835
f 6834 6843 6844
f 6835 6845 6836
f 6835 6844 6845
f 6836 6846 6837
f 6836 6845 6846
f 6837 6847 6838
f 6837 6846 6847
f 6839 6838 6848
f 6848 6838 6847
f 6840 6516 6514
f 6849 6516 6840
f 6517 6850 6841
f 6517 6841 6515
f 6841 6851 6842
f 6841 6850 6851
f 6842 6852 6843
f 6842 6851 6852
f 6843 6853 6844
f 6843 6852 6853
f 6844 6854 6845
f 6844 6853 6854
f 6845 6855 6846
f 6845 6854 6855
f 6846 6856 6847
f 6846 6855 6856
f 6848 6847 6857
f 6857 6847 6856
f 6849 6518 6516
f 6858 6518 6849
f 6519 6859 6850
f 6519 6850 6517
f 6850 6860 6851
f 6850 6859 6860
f 6851 6861 6852
f 6851 6860 6861
f 6852 6862 6853
f 6852 6861 6862
f 6853 6863 6854
f 6853 6862 6863
f 6854 6864 6855
f 6854 6863 6864
f 6855 6865 6856
f 6855 6864 6865
f 6857 6856 6866
f 6866 6856 6865
f 6858 6520 6518
f 6867 6520 6858
f 6521 6868 6859
f 6521 6859 6519
f 6859 6869 6860
f 6859 6868 6869
f 6860 6870 6861
f 6860 6869 6870
f 6861 6871 6862
f 6861 6870 6871
f 6862 6872 6863
f 6862 6871 6872
f 6863 6873 6864
f 6863 6872 6873
f 6864 6874 6865
f 6864 6873 6874
f 6866 6865 6875
f 6875 6865 6874
f 6867 6522 6520
f 6876 6522 6867
f 6523 6877 6868
f 6523 6868 6521
f 6868 6878 6869
f 6868 6877 6878
f 6869 6879 6870
f 6869 6878 6879
f 6870 6880 6871
f 6870 6879 6880
f 6871 6881 6872
f 6871 6880 6881
f 6872 6882 6873
f 6872 6881 6882
f 6873 6883 6874
f 6873 6882 6883
f 6875 6874 6884
f 6884 6874 6883
f 6876 6524 6522
f 6885 6524 6876
f 6525 6886 6877
f 6525 6877 6523
f 6877 6887 6878
f 6877 6886 6887
f 6878 6888 6879
f 6878 6887 6888
f 6879 6889 6880
f 6879 6888 6889
f 6880 6890 6881
f 6880 6889 6890
f 6881 6891 6882
f 6881 6890 6891
f 6882 6892 6883
f 6882 6891 6892
f 6884 6883 6893
f 6893 6883 6892
f 6885 6526 6524
f 6894 6526 6885
f 6527 6886 6525
f 6886 6527 6528
f 6886 6528 6887
f 6887 6528 6529
f 6887 6529 6888
f 6888 6529 6530
f 6888 6530 6889
f 6889 6530 6531
f 6889 6531 6890
f 6890 6531 6532
f 6890 6532 6891
f 6891 6532 6533
f 6891 6533 6892
f 6533 6534 6892
f 6534 6893 6892
f 6534 6895 6893
f 6894 6535 6526
f 6896 6535 6894
f 6536 6895 6534
f 6536 6897 6895
f 6896 6537 6535
f 6898 6537 6896
f 6538 6897 6536
f 6538 6899 6897
f 6898 6539 6537
f 6900 6539 6898
f 6540 6899 6538
f 6540 6901 6899
f 6900 6541 6539
f 6902 6541 6900
f 6542 6901 6540
f 6542 6903 6901
f 6902 6543 6541
f 6904 6543 6902
f 6544 6903 6542
f 6544 6905 6903
f 6904 6545 6543
f 6906 6545 6904
f 6546 6905 6544
f 6546 6907 6905
f 6906 6547 6545
f 6908 6547 6906
f 6548 6907 6546
f 6548 6909 6907
f 6908 6549 6547
f 6910 6549 6908
f 6911 6909 6548
f 6911 6548 6550
f 6550 6551 6911
f 6911 6551 6912
f 6910 6552 6549
f 6913 6552 6910
f 6553 6912 6551
f 6553 6914 6912
f 6913 6554 6552
f 6915 6554 6913
f 6553 6555 6916
f 6917 6553 6916
f 6914 6553 6917
f 6556 6916 6555
f 6915 6557 6554
f 6918 6557 6915
f 6919 6917 6916
f 6916 6556 6919
f 6556 6920 6919
f 6556 6558 6920
f 6918 6559 6557
f 6921 6559 6918
f 6922 6920 6558
f 6922 6558 6560
f 6560 6561 6922
f 6922 6561 6923
f 6921 6562 6559
f 6924 6562 6921
f 6925 6923 6561
f 6925 6561 6563
f 6563 6564 6925
f 6925 6564 6926
f 6924 6565 6562
f 6927 6565 6924
f 6928 6926 6564
f 6928 6564 6566
f 6566 6567 6928
f 6928 6567 6929
f 6927 6568 6565
f 6930 6568 6927
f 6569 6929 6567
f 6569 6931 6929
f 6930 6570 6568
f 6932 6570 6930
f 6933 6931 6569
f 6933 6569 6571
f 6571 6572 6933
f 6933 6572 6934
f 6932 6573 6570
f 6935 6573 6932
f 6936 6934 6572
f 6936 6572 6574
f 6574 6575 6936
f 6936 6575 6937
f 6935 6576 6573
f 6938 6576 6935
f 6939 6937 6575
f 6939 6575 6577
f 6940 6577 6578
f 6940 6939 6577
f 6941 6578 6579
f 6941 6940 6578
f 6942 6579 6580
f 6942 6941 6579
f 6580 6576 6938
f 6580 6938 6942
f 6585 6943 6586
f 6586 6943 6944
f 6945 6586 6944
f 6587 6586 6945
f 6587 6946 6588
f 6945 6946 6587
f 6588 6947 6589
f 6946 6947 6588
f 6589 6948 6590
f 6947 6948 6589
f 6590 6949 6591
f 6948 6949 6590
f 6591 6950 6592
f 6949 6950 6591
f 6592 6951 6593
f 6950 6951 6592
f 6593 6952 6594
f 6951 6952 6593
f 6594 6953 6595
f 6952 6953 6594
f 6595 6954 6596
f 6953 6954 6595
f 6596 6955 6597
f 6954 6955 6596
f 6597 6956 6598
f 6955 6956 6597
f 6598 6957 6599
f 6956 6957 6598
f 6599 6958 6601
f 6957 6958 6599
f 6602 6601 6958
f 6602 6958 6959
f 6607 6960 6943
f 6607 6943 6585
f 6944 6943 6961
f 6961 6943 6960
f 6959 6609 6602
f 6962 6609 6959
f 6614 6963 6960
f 6614 6960 6607
f 6961 6960 6964
f 6964 6960 6963
f 6962 6616 6609
f 6965 6616 6962
f 6617 6963 6614
f 6966 6964 6963
f 6617 6966 6963
f 6618 6966 6617
f 6967 6618 6619
f 6967 6966 6618
f 6968 6619 6620
f 6968 6967 6619
f 6969 6620 6621
f 6969 6968 6620
f 6970 6621 6622
f 6970 6969 6621
f 6971 6622 6623
f 6971 6970 6622
f 6972 6623 6625
f 6972 6971 6623
f 6973 6625 6627
f 6973 6972 6625
f 6974 6627 6629
f 6974 6973 6627
f 6975 6629 6631
f 6975 6974 6629
f 6976 6631 6632
f 6976 6975 6631
f 6977 6632 6633
f 6977 6976 6632
f 6978 6633 6634
f 6978 6977 6633
f 6979 6634 6635
f 6979 6978 6634
f 6635 6616 6965
f 6635 6965 6979
f 6981 6980 6683
f 6981 6683 6684
f 6683 6982 6685
f 6980 6982 6683
f 6685 6983 6686
f 6982 6983 6685
f 6686 6984 6687
f 6983 6984 6686
f 6687 6985 6688
f 6984 6985 6687
f 6689 6688 6985
f 6689 6985 6986
f 6696 6981 6684
f 6696 6987 6981
f 6986 6697 6689
f 6988 6697 6986
f 6990 6989 6704
f 6990 6704 6705
f 6696 6704 6987
f 6987 6704 6989
f 6988 6706 6697
f 6991 6706 6988
f 6993 6992 6713
f 6993 6713 6714
f 6705 6713 6990
f 6990 6713 6992
f 6991 6715 6706
f 6994 6715 6991
f 6722 6993 6714
f 6722 6995 6993
f 6994 6723 6715
f 6996 6723 6994
f 6998 6997 6730
f 6998 6730 6731
f 6722 6730 6995
f 6995 6730 6997
f 6996 6732 6723
f 6999 6732 6996
f 7001 7000 6739
f 7001 6739 6740
f 6731 6739 6998
f 6998 6739 7000
f 6999 6741 6732
f 7002 6741 6999
f 6748 7001 6740
f 6748 7003 7001
f 7002 6749 6741
f 7004 6749 7002
f 7006 7005 6756
f 7006 6756 6757
f 6748 6756 7003
f 7003 6756 7005
f 7004 6758 6749
f 7007 6758 7004
f 7009 7008 6765
f 7009 6765 6766
f 6757 6765 7006
f 7006 6765 7008
f 7007 6767 6758
f 7010 6767 7007
f 6774 7009 6766
f 6774 7011 7009
f 7010 6775 6767
f 7012 6775 7010
f 6782 7011 6774
f 6782 7013 7011
f 7012 6783 6775
f 7014 6783 7012
f 6790 7013 6782
f 6790 7015 7013
f 7014 6791 6783
f 7016 6791 7014
f 6798 7015 6790
f 6798 7017 7015
f 7016 6799 6791
f 7018 6799 7016
f 6806 7017 6798
f 6806 7019 7017
f 7018 6807 6799
f 7020 6807 7018
f 6814 7019 6806
f 6814 7021 7019
f 7020 6815 6807
f 7022 6815 7020
f 6822 7021 6814
f 6822 7023 7021
f 7022 6823 6815
f 7024 6823 7022
f 6830 7023 6822
f 6830 7025 7023
f 7024 6831 6823
f 7026 6831 7024
f 6839 7025 6830
f 6839 7027 7025
f 7026 6840 6831
f 7028 6840 7026
f 6848 7027 6839
f 6848 7029 7027
f 7028 6849 6840
f 7030 6849 7028
f 6857 7029 6848
f 6857 7031 7029
f 7030 6858 6849
f 7032 6858 7030
f 6866 7031 6857
f 6866 7033 7031
f 7032 6867 6858
f 7034 6867 7032
f 6875 7033 6866
f 6875 7035 7033
f 7034 6876 6867
f 7036 6876 7034
f 6884 7035 6875
f 6884 7037 7035
f 7036 6885 6876
f 7038 6885 7036
f 6893 7037 6884
f 6893 7039 7037
f 7038 6894 6885
f 7040 6894 7038
f 6895 7039 6893
f 6895 7041 7039
f 7040 6896 6894
f 7042 6896 7040
f 6897 7041 6895
f 6897 7043 7041
f 7042 6898 6896
f 7044 6898 7042
f 6899 7043 6897
f 6899 7045 7043
f 7044 6900 6898
f 7046 6900 7044
f 6901 7045 6899
f 6901 7047 7045
f 7046 6902 6900
f 7048 6902 7046
f 6903 7047 6901
f 6903 7049 7047
f 7048 6904 6902
f 7050 6904 7048
f 6905 7049 6903
f 6905 7051 7049
f 7050 6906 6904
f 7052 6906 7050
f 6907 7051 6905
f 6907 7053 7051
f 7052 6908 6906
f 7054 6908 7052
f 6909 7053 6907
f 6909 7055 7053
f 7054 6910 6908
f 7056 6910 7054
f 7057 7055 6909
f 7057 6909 6911
f 6911 6912 7057
f 7057 6912 7058
f 7056 6913 6910
f 7059 6913 7056
f 6914 7058 6912
f 6914 7060 7058
f 7059 6915 6913
f 7061 6915 7059
f 6917 7060 6914
f 6917 7062 7060
f 7061 6918 6915
f 7063 6918 7061
f 7064 7062 6917
f 7064 6917 6919
f 7066 7065 6920
f 7065 6919 6920
f 7065 7064 6919
f 7066 7067 7065
f 7063 6921 6918
f 7068 6921 7063
f 6922 7066 6920
f 6922 6923 7066
f 6923 7067 7066
f 6923 7069 7067
f 7068 6924 6921
f 7070 6924 7068
f 7071 7069 6923
f 7071 6923 6925
f 6925 6926 7071
f 7071 6926 7072
f 7070 6927 6924
f 7073 6927 7070
f 7074 7072 6926
f 7074 6926 6928
f 6928 6929 7074
f 7074 6929 7075
f 7073 6930 6927
f 7076 6930 7073
f 6931 7075 6929
f 6931 7077 7075
f 7076 6932 6930
f 7078 6932 7076
f 7079 7077 6931
f 7079 6931 6933
f 6933 6934 7079
f 7079 6934 7080
f 7078 6935 6932
f 7081 6935 7078
f 7082 7080 6934
f 7082 6934 6936
f 6936 6937 7082
f 7082 6937 7083
f 7081 6938 6935
f 7084 6938 7081
f 7085 7083 6937
f 7085 6937 6939
f 7086 6939 6940
f 7086 7085 6939
f 7087 6940 6941
f 7087 7086 6940
f 7088 6941 6942
f 7088 7087 6941
f 6942 6938 7084
f 6942 7084 7088
f 7090 7089 6945
f 7090 6945 6944
f 6945 7091 6946
f 7089 7091 6945
f 6946 7092 6947
f 7091 7092 6946
f 6947 7093 6948
f 7092 7093 6947
f 6948 7094 6949
f 7093 7094 6948
f 6949 7095 6950
f 7094 7095 6949
f 6950 7096 6951
f 7095 7096 6950
f 6951 7097 6952
f 7096 7097 6951
f 6952 7098 6953
f 7097 7098 6952
f 6953 7099 6954
f 7098 7099 6953
f 6954 7100 6955
f 7099 7100 6954
f 6955 7101 6956
f 7100 7101 6955
f 6956 7102 6957
f 7101 7102 6956
f 6957 7103 6958
f 7102 7103 6957
f 7105 7104 6959
f 6958 7105 6959
f 7103 7105 6958
f 7107 7106 7104
f 7107 7104 7105
f 7108 7106 7107
f 6961 7090 6944
f 6961 7109 7090
f 7110 6962 7104
f 7104 6962 6959
f 7111 7104 7106
f 7110 7104 7111
f 7106 7108 7112
f 7106 7112 7111
f 6964 7109 6961
f 6964 7113 7109
f 7114 6965 7110
f 7110 6965 6962
f 7115 7110 7111
f 7114 7110 7115
f 7111 7112 7116
f 7111 7116 7115
f 7117 7113 6964
f 7117 6964 6966
f 7118 6966 6967
f 7118 7117 6966
f 7119 6967 6968
f 7119 7118 6967
f 7120 6968 6969
f 7120 7119 6968
f 7121 6969 6970
f 7121 7120 6969
f 7122 6970 6971
f 7122 7121 6970
f 7123 6971 6972
f 7123 7122 6971
f 7124 6972 6973
f 7124 7123 6972
f 7125 6973 6974
f 7125 7124 6973
f 7126 6974 6975
f 7126 7125 6974
f 7127 6975 6976
f 7127 7126 6975
f 7128 6976 6977
f 7128 7127 6976
f 7129 6977 6978
f 7129 7128 6977
f 7130 6978 6979
f 7130 7129 6978
f 6979 6965 7114
f 7131 6979 7114
f 7130 6979 7131
f 7131 7114 7115
f 7131 7115 7132
f 7132 7115 7116
f 7134 7133 6980
f 7134 6980 6981
f 6980 7135 6982
f 7133 7135 6980
f 6982 7136 6983
f 7135 7136 6982
f 6983 7137 6984
f 7136 7137 6983
f 6984 7138 6985
f 7137 7138 6984
f 6986 6985 7138
f 6986 7138 7139
f 6987 7134 6981
f 6987 7140 7134
f 7139 6988 6986
f 7141 6988 7139
f 7143 7142 6989
f 7143 6989 6990
f 6987 6989 7140
f 7140 6989 7142
f 7141 6991 6988
f 7144 6991 7141
f 7146 7145 6992
f 7146 6992 6993
f 6990 6992 7143
f 7143 6992 7145
f 7144 6994 6991
f 7147 6994 7144
f 6995 7146 6993
f 6995 7148 7146
f 7147 6996 6994
f 7149 6996 7147
f 7151 7150 6997
f 7151 6997 6998
f 6995 6997 7148
f 7148 6997 7150
f 7149 6999 6996
f 7152 6999 7149
f 7154 7153 7000
f 7154 7000 7001
f 6998 7000 7151
f 7151 7000 7153
f 7152 7002 6999
f 7155 7002 7152
f 7003 7154 7001
f 7003 7156 7154
f 7155 7004 7002
f 7157 7004 7155
f 7159 7158 7005
f 7159 7005 7006
f 7003 7005 7156
f 7156 7005 7158
f 7157 7007 7004
f 7160 7007 7157
f 7162 7161 7008
f 7162 7008 7009
f 7006 7008 7159
f 7159 7008 7161
f 7160 7010 7007
f 7163 7010 7160
f 7011 7162 7009
f 7011 7164 7162
f 7163 7012 7010
f 7165 7012 7163
f 7013 7164 7011
f 7013 7166 7164
f 7165 7014 7012
f 7167 7014 7165
f 7015 7166 7013
f 7015 7168 7166
f 7167 7016 7014
f 7169 7016 7167
f 7017 7168 7015
f 7017 7170 7168
f 7169 7018 7016
f 7171 7018 7169
f 7019 7170 7017
f 7019 7172 7170
f 7171 7020 7018
f 7173 7020 7171
f 7021 7172 7019
f 7021 7174 7172
f 7173 7022 7020
f 7175 7022 7173
f 7023 7174 7021
f 7023 7176 7174
f 7175 7024 7022
f 7177 7024 7175
f 7025 7176 7023
f 7025 7178 7176
f 7177 7026 7024
f 7179 7026 7177
f 7027 7178 7025
f 7027 7180 7178
f 7179 7028 7026
f 7181 7028 7179
f 7029 7180 7027
f 7029 7182 7180
f 7181 7030 7028
f 7183 7030 7181
f 7031 7182 7029
f 7031 7184 7182
f 7183 7032 7030
f 7185 7032 7183
f 7033 7184 7031
f 7033 7186 7184
f 7185 7034 7032
f 7187 7034 7185
f 7035 7186 7033
f 7035 7188 7186
f 7187 7036 7034
f 7189 7036 7187
f 7037 7188 7035
f 7037 7190 7188
f 7189 7038 7036
f 7191 7038 7189
f 7039 7190 7037
f 7039 7192 7190
f 7191 7040 7038
f 7193 7040 7191
f 7041 7192 7039
f 7041 7194 7192
f 7193 7042 7040
f 7195 7042 7193
f 7043 7194 7041
f 7043 7196 7194
f 7195 7044 7042
f 7197 7044 7195
f 7045 7196 7043
f 7045 7198 7196
f 7197 7046 7044
f 7199 7046 7197
f 7047 7198 7045
f 7047 7200 7198
f 7199 7048 7046
f 7201 7048 7199
f 7049 7200 7047
f 7049 7202 7200
f 7201 7050 7048
f 7203 7050 7201
f 7051 7202 7049
f 7051 7204 7202
f 7203 7052 7050
f 7205 7052 7203
f 7053 7204 7051
f 7053 7206 7204
f 7205 7054 7052
f 7207 7054 7205
f 7055 7206 7053
f 7055 7208 7206
f 7207 7056 7054
f 7209 7056 7207
f 7210 7208 7055
f 7210 7055 7057
f 7057 7058 7210
f 7210 7058 7211
f 7209 7059 7056
f 7212 7059 7209
f 7060 7211 7058
f 7060 7213 7211
f 7212 7061 7059
f 7214 7061 7212
f 7062 7213 7060
f 7062 7215 7213
f 7214 7063 7061
f 7216 7063 7214
f 7217 7215 7062
f 7217 7062 7064
f 7219 7217 7218
f 7217 7065 7218
f 7217 7064 7065
f 7067 7218 7065
f 7216 7068 7063
f 7220 7068 7216
f 7221 7219 7218
f 7218 7067 7221
f 7067 7222 7221
f 7067 7069 7222
f 7220 7070 7068
f 7223 7070 7220
f 7224 7222 7069
f 7224 7069 7071
f 7071 7072 7224
f 7224 7072 7225
f 7223 7073 7070
f 7226 7073 7223
f 7227 7225 7072
f 7227 7072 7074
f 7074 7075 7227
f 7227 7075 7228
f 7226 7076 7073
f 7229 7076 7226
f 7077 7228 7075
f 7077 7230 7228
f 7229 7078 7076
f 7231 7078 7229
f 7232 7230 7077
f 7232 7077 7079
f 7079 7080 7232
f 7232 7080 7233
f 7231 7081 7078
f 7234 7081 7231
f 7235 7233 7080
f 7235 7080 7082
f 7082 7083 7235
f 7235 7083 7236
f 7234 7084 7081
f 7237 7084 7234
f 7238 7236 7083
f 7238 7083 7085
f 7239 7085 7086
f 7239 7238 7085
f 7240 7086 7087
f 7240 7239 7086
f 7241 7087 7088
f 7241 7240 7087
f 7088 7084 7237
f 7088 7237 7241
f 7090 7242 7089
f 7089 7242 7243
f 7244 7089 7243
f 7091 7089 7244
f 7091 7245 7092
f 7244 7245 7091
f 7092 7246 7093
f 7245 7246 7092
f 7093 7247 7094
f 7246 7247 7093
f 7094 7248 7095
f 7247 7248 7094
f 7095 7249 7096
f 7248 7249 7095
f 7096 7250 7097
f 7249 7250 7096
f 7097 7251 7098
f 7250 7251 7097
f 7098 7252 7099
f 7251 7252 7098
f 7099 7253 7100
f 7252 7253 7099
f 7100 7254 7101
f 7253 7254 7100
f 7101 7255 7102
f 7254 7255 7101
f 7102 7256 7103
f 7255 7256 7102
f 7103 7257 7105
f 7256 7257 7103
f 7105 7258 7107
f 7257 7258 7105
f 7108 7107 7258
f 7108 7258 7259
f 7109 7260 7242
f 7109 7242 7090
f 7243 7242 7261
f 7261 7242 7260
f 7259 7112 7108
f 7262 7112 7259
f 7113 7263 7260
f 7113 7260 7109
f 7261 7260 7264
f 7264 7260 7263
f 7262 7116 7112
f 7265 7116 7262
f 7117 7263 7113
f 7266 7264 7263
f 7117 7266 7263
f 7118 7266 7117
f 7267 7118 7119
f 7267 7266 7118
f 7268 7119 7120
f 7268 7267 7119
f 7269 7120 7121
f 7269 7268 7120
f 7270 7121 7122
f 7270 7269 7121
f 7271 7122 7123
f 7271 7270 7122
f 7272 7123 7124
f 7272 7271 7123
f 7273 7124 7125
f 7273 7272 7124
f 7274 7125 7126
f 7274 7273 7125
f 7275 7126 7127
f 7275 7274 7126
f 7276 7127 7128
f 7276 7275 7127
f 7277 7128 7129
f 7277 7276 7128
f 7278 7129 7130
f 7278 7277 7129
f 7279 7130 7131
f 7279 7278 7130
f 7280 7131 7132
f 7280 7279 7131
f 7132 7116 7265
f 7132 7265 7280
f 7282 7281 7133
f 7282 7133 7134
f 7133 7283 7135
f 7281 7283 7133
f 7135 7284 7136
f 7283 7284 7135
f 7136 7285 7137
f 7284 7285 7136
f 7137 7286 7138
f 7285 7286 7137
f 7139 7138 7286
f 7139 7286 7287
f 7140 7282 7134
f 7140 7288 7282
f 7287 7141 7139
f 7289 7141 7287
f 7291 7290 7142
f 7291 7142 7143
f 7140 7142 7288
f 7288 7142 7290
f 7289 7144 7141
f 7292 7144 7289
f 7294 7293 7145
f 7294 7145 7146
f 7143 7145 7291
f 7291 7145 7293
f 7292 7147 7144
f 7295 7147 7292
f 7148 7294 7146
f 7148 7296 7294
f 7295 7149 7147
f 7297 7149 7295
f 7299 7298 7150
f 7299 7150 7151
f 7148 7150 7296
f 7296 7150 7298
f 7297 7152 7149
f 7300 7152 7297
f 7302 7301 7153
f 7302 7153 7154
f 7151 7153 7299
f 7299 7153 7301
f 7300 7155 7152
f 7303 7155 7300
f 7156 7302 7154
f 7156 7304 7302
f 7303 7157 7155
f 7305 7157 7303
f 7307 7306 7158
f 7307 7158 7159
f 7156 7158 7304
f 7304 7158 7306
f 7305 7160 7157
f 7308 7160 7305
f 7310 7309 7161
f 7310 7161 7162
f 7159 7161 7307
f 7307 7161 7309
f 7308 7163 7160
f 7311 7163 7308
f 7164 7310 7162
f 7164 7312 7310
f 7311 7165 7163
f 7313 7165 7311
f 7166 7312 7164
f 7166 7314 7312
f 7313 7167 7165
f 7315 7167 7313
f 7168 7314 7166
f 7168 7316 7314
f 7315 7169 7167
f 7317 7169 7315
f 7170 7316 7168
f 7170 7318 7316
f 7317 7171 7169
f 7319 7171 7317
f 7172 7318 7170
f 7172 7320 7318
f 7319 7173 7171
f 7321 7173 7319
f 7174 7320 7172
f 7174 7322 7320
f 7321 7175 7173
f 7323 7175 7321
f 7176 7322 7174
f 7176 7324 7322
f 7323 7177 7175
f 7325 7177 7323
f 7178 7324 7176
f 7178 7326 7324
f 7325 7179 7177
f 7327 7179 7325
f 7180 7326 7178
f 7180 7328 7326
f 7327 7181 7179
f 7329 7181 7327
f 7182 7328 7180
f 7182 7330 7328
f 7329 7183 7181
f 7331 7183 7329
f 7184 7330 7182
f 7184 7332 7330
f 7331 7185 7183
f 7333 7185 7331
f 7186 7332 7184
f 7186 7334 7332
f 7333 7187 7185
f 7335 7187 7333
f 7188 7334 7186
f 7188 7336 7334
f 7335 7189 7187
f 7337 7189 7335
f 7190 7336 7188
f 7190 7338 7336
f 7337 7191 7189
f 7339 7191 7337
f 7192 7338 7190
f 7192 7340 7338
f 7339 7193 7191
f 7341 7193 7339
f 7194 7340 7192
f 7194 7342 7340
f 7341 7195 7193
f 7343 7195 7341
f 7196 7342 7194
f 7196 7344 7342
f 7343 7197 7195
f 7345 7197 7343
f 7198 7344 7196
f 7198 7346 7344
f 7345 7199 7197
f 7347 7199 7345
f 7200 7346 7198
f 7200 7348 7346
f 7347 7201 7199
f 7349 7201 7347
f 7202 7348 7200
f 7202 7350 7348
f 7349 7203 7201
f 7351 7203 7349
f 7204 7350 7202
f 7204 7352 7350
f 7351 7205 7203
f 7353 7205 7351
f 7206 7352 7204
f 7206 7354 7352
f 7353 7207 7205
f 7355 7207 7353
f 7208 7354 7206
f 7208 7356 7354
f 7355 7209 7207
f 7357 7209 7355
f 7358 7356 7208
f 7358 7208 7210
f 7210 7211 7358
f 7358 7211 7359
f 7357 7212 7209
f 7360 7212 7357
f 7213 7359 7211
f 7213 7361 7359
f 7360 7214 7212
f 7362 7214 7360
f 7215 7361 7213
f 7215 7363 7361
f 7362 7216 7214
f 7364 7216 7362
f 7365 7363 7215
f 7365 7215 7217
f 7217 7219 7365
f 7365 7219 7366
f 7364 7220 7216
f 7367 7220 7364
f 7368 7366 7219
f 7368 7219 7221
f 7221 7222 7368
f 7368 7222 7369
f 7367 7223 7220
f 7370 7223 7367
f 7371 7369 7222
f 7371 7222 7224
f 7224 7225 7371
f 7371 7225 7372
f 7370 7226 7223
f 7373 7226 7370
f 7374 7372 7225
f 7374 7225 7227
f 7227 7228 7374
f 7374 7228 7375
f 7373 7229 7226
f 7376 7229 7373
f 7230 7375 7228
f 7230 7377 7375
f 7376 7231 7229
f 7378 7231 7376
f 7379 7377 7230
f 7379 7230 7232
f 7232 7233 7379
f 7379 7233 7380
f 7378 7234 7231
f 7381 7234 7378
f 7382 7380 7233
f 7382 7233 7235
f 7235 7236 7382
f 7382 7236 7383
f 7381 7237 7234
f 7384 7237 7381
f 7385 7383 7236
f 7385 7236 7238
f 7386 7238 7239
f 7386 7385 7238
f 7387 7239 7240
f 7387 7386 7239
f 7388 7240 7241
f 7388 7387 7240
f 7241 7237 7384
f 7241 7384 7388
f 7243 7389 7244
f 7244 7389 7390
f 7391 7244 7390
f 7245 7244 7391
f 7245 7392 7246
f 7391 7392 7245
f 7246 7393 7247
f 7392 7393 7246
f 7247 7394 7248
f 7393 7394 7247
f 7248 7395 7249
f 7394 7395 7248
f 7249 7396 7250
f 7395 7396 7249
f 7250 7397 7251
f 7396 7397 7250
f 7251 7398 7252
f 7397 7398 7251
f 7252 7399 7253
f 7398 7399 7252
f 7253 7400 7254
f 7399 7400 7253
f 7254 7401 7255
f 7400 7401 7254
f 7255 7402 7256
f 7401 7402 7255
f 7256 7403 7257
f 7402 7403 7256
f 7257 7404 7258
f 7403 7404 7257
f 7406 7405 7259
f 7258 7406 7259
f 7404 7406 7258
f 7407 7405 7406
f 7261 7408 7389
f 7261 7389 7243
f 7390 7389 7409
f 7409 7389 7408
f 7410 7262 7405
f 7405 7262 7259
f 7405 7407 7411
f 7405 7411 7410
f 7264 7412 7408
f 7264 7408 7261
f 7409 7408 7413
f 7413 7408 7412
f 7414 7265 7410
f 7410 7265 7262
f 7410 7411 7415
f 7410 7415 7414
f 7266 7412 7264
f 7416 7413 7412
f 7266 7416 7412
f 7267 7416 7266
f 7417 7267 7268
f 7417 7416 7267
f 7418 7268 7269
f 7418 7417 7268
f 7419 7269 7270
f 7419 7418 7269
f 7420 7270 7271
f 7420 7419 7270
f 7421 7271 7272
f 7421 7420 7271
f 7422 7272 7273
f 7422 7421 7272
f 7423 7273 7274
f 7423 7422 7273
f 7424 7274 7275
f 7424 7423 7274
f 7425 7275 7276
f 7425 7424 7275
f 7426 7276 7277
f 7426 7425 7276
f 7427 7277 7278
f 7427 7426 7277
f 7428 7278 7279
f 7428 7427 7278
f 7429 7279 7280
f 7429 7428 7279
f 7280 7265 7414
f 7430 7280 7414
f 7429 7280 7430
f 7430 7414 7415
f 7432 7431 7281
f 7432 7281 7282
f 7281 7433 7283
f 7431 7433 7281
f 7283 7434 7284
f 7433 7434 7283
f 7284 7435 7285
f 7434 7435 7284
f 7285 7436 7286
f 7435 7436 7285
f 7287 7286 7436
f 7287 7436 7437
f 7288 7432 7282
f 7288 7438 7432
f 7437 7289 7287
f 7439 7289 7437
f 7441 7440 7290
f 7441 7290 7291
f 7288 7290 7438
f 7438 7290 7440
f 7439 7292 7289
f 7442 7292 7439
f 7444 7443 7293
f 7444 7293 7294
f 7291 7293 7441
f 7441 7293 7443
f 7442 7295 7292
f 7445 7295 7442
f 7296 7444 7294
f 7296 7446 7444
f 7445 7297 7295
f 7447 7297 7445
f 7449 7448 7298
f 7449 7298 7299
f 7296 7298 7446
f 7446 7298 7448
f 7447 7300 7297
f 7450 7300 7447
f 7452 7451 7301
f 7452 7301 7302
f 7299 7301 7449
f 7449 7301 7451
f 7450 7303 7300
f 7453 7303 7450
f 7304 7452 7302
f 7304 7454 7452
f 7453 7305 7303
f 7455 7305 7453
f 7457 7456 7306
f 7457 7306 7307
f 7304 7306 7454
f 7454 7306 7456
f 7455 7308 7305
f 7458 7308 7455
f 7460 7459 7309
f 7460 7309 7310
f 7307 7309 7457
f 7457 7309 7459
f 7458 7311 7308
f 7461 7311 7458
f 7312 7460 7310
f 7312 7462 7460
f 7461 7313 7311
f 7463 7313 7461
f 7314 7462 7312
f 7314 7464 7462
f 7463 7315 7313
f 7465 7315 7463
f 7316 7464 7314
f 7316 7466 7464
f 7465 7317 7315
f 7467 7317 7465
f 7318 7466 7316
f 7318 7468 7466
f 7467 7319 7317
f 7469 7319 7467
f 7320 7468 7318
f 7320 7470 7468
f 7469 7321 7319
f 7471 7321 7469
f 7322 7470 7320
f 7322 7472 7470
f 7471 7323 7321
f 7473 7323 7471
f 7324 7472 7322
f 7324 7474 7472
f 7473 7325 7323
f 7475 7325 7473
f 7326 7474 7324
f 7326 7476 7474
f 7475 7327 7325
f 7477 7327 7475
f 7328 7476 7326
f 7328 7478 7476
f 7477 7329 7327
f 7479 7329 7477
f 7330 7478 7328
f 7330 7480 7478
f 7479 7331 7329
f 7481 7331 7479
f 7332 7480 7330
f 7332 7482 7480
f 7481 7333 7331
f 7483 7333 7481
f 7334 7482 7332
f 7334 7484 7482
f 7483 7335 7333
f 7485 7335 7483
f 7336 7484 7334
f 7336 7486 7484
f 7485 7337 7335
f 7487 7337 7485
f 7338 7486 7336
f 7338 7488 7486
f 7487 7339 7337
f 7489 7339 7487
f 7340 7488 7338
f 7340 7490 7488
f 7489 7341 7339
f 7491 7341 7489
f 7342 7490 7340
f 7342 7492 7490
f 7491 7343 7341
f 7493 7343 7491
f 7344 7492 7342
f 7344 7494 7492
f 7493 7345 7343
f 7495 7345 7493
f 7346 7494 7344
f 7346 7496 7494
f 7495 7347 7345
f 7497 7347 7495
f 7348 7496 7346
f 7348 7498 7496
f 7497 7349 7347
f 7499 7349 7497
f 7350 7498 7348
f 7350 7500 7498
f 7499 7351 7349
f 7501 7351 7499
f 7352 7500 7350
f 7352 7502 7500
f 7501 7353 7351
f 7503 7353 7501
f 7354 7502 7352
f 7354 7504 7502
f 7503 7355 7353
f 7505 7355 7503
f 7356 7504 7354
f 7356 7506 7504
f 7505 7357 7355
f 7507 7357 7505
f 7508 7506 7356
f 7508 7356 7358
f 7358 7359 7508
f 7508 7359 7509
f 7507 7360 7357
f 7510 7360 7507
f 7361 7509 7359
f 7361 7511 7509
f 7510 7362 7360
f 7512 7362 7510
f 7363 7514 7513
f 7511 7363 7513
f 7361 7363 7511
f 7514 7515 7513
f 7512 7364 7362
f 7516 7364 7512
f 7365 7514 7363
f 7518 7517 7366
f 7366 7517 7365
f 7517 7515 7365
f 7515 7514 7365
f 7518 7519 7517
f 7516 7367 7364
f 7520 7367 7516
f 7368 7518 7366
f 7368 7369 7518
f 7369 7519 7518
f 7369 7521 7519
f 7520 7370 7367
f 7522 7370 7520
f 7523 7521 7369
f 7523 7369 7371
f 7371 7372 7523
f 7523 7372 7524
f 7522 7373 7370
f 7525 7373 7522
f 7526 7524 7372
f 7526 7372 7374
f 7374 7375 7526
f 7526 7375 7527
f 7525 7376 7373
f 7528 7376 7525
f 7377 7527 7375
f 7377 7529 7527
f 7528 7378 7376
f 7530 7378 7528
f 7531 7529 7377
f 7531 7377 7379
f 7379 7380 7531
f 7531 7380 7532
f 7530 7381 7378
f 7533 7381 7530
f 7534 7532 7380
f 7534 7380 7382
f 7382 7383 7534
f 7534 7383 7535
f 7533 7384 7381
f 7536 7384 7533
f 7537 7535 7383
f 7537 7383 7385
f 7538 7385 7386
f 7538 7537 7385
f 7539 7386 7387
f 7539 7538 7386
f 7540 7387 7388
f 7540 7539 7387
f 7388 7384 7536
f 7388 7536 7540
f 7390 7541 7391
f 7391 7541 7542
f 7543 7391 7542
f 7392 7391 7543
f 7392 7544 7393
f 7543 7544 7392
f 7393 7545 7394
f 7544 7545 7393
f 7394 7546 7395
f 7545 7546 7394
f 7395 7547 7396
f 7546 7547 7395
f 7396 7548 7397
f 7547 7548 7396
f 7397 7549 7398
f 7548 7549 7397
f 7398 7550 7399
f 7549 7550 7398
f 7399 7551 7400
f 7550 7551 7399
f 7400 7552 7401
f 7551 7552 7400
f 7401 7553 7402
f 7552 7553 7401
f 7402 7554 7403
f 7553 7554 7402
f 7403 7555 7404
f 7554 7555 7403
f 7404 7556 7406
f 7555 7556 7404
f 7558 7557 7407
f 7406 7558 7407
f 7556 7558 7406
f 7560 7559 7557
f 7560 7557 7558
f 7561 7559 7560
f 7409 7562 7541
f 7409 7541 7390
f 7542 7541 7563
f 7563 7541 7562
f 7564 7411 7557
f 7557 7411 7407
f 7565 7557 7559
f 7564 7557 7565
f 7559 7561 7566
f 7559 7566 7565
f 7413 7567 7562
f 7413 7562 7409
f 7563 7562 7568
f 7568 7562 7567
f 7569 7415 7564
f 7564 7415 7411
f 7570 7564 7565
f 7569 7564 7570
f 7565 7566 7571
f 7565 7571 7570
f 7416 7567 7413
f 7572 7568 7567
f 7416 7572 7567
f 7417 7572 7416
f 7573 7417 7418
f 7573 7572 7417
f 7574 7418 7419
f 7574 7573 7418
f 7575 7419 7420
f 7575 7574 7419
f 7576 7420 7421
f 7576 7575 7420
f 7577 7421 7422
f 7577 7576 7421
f 7578 7422 7423
f 7578 7577 7422
f 7579 7423 7424
f 7579 7578 7423
f 7580 7424 7425
f 7580 7579 7424
f 7581 7425 7426
f 7581 7580 7425
f 7582 7426 7427
f 7582 7581 7426
f 7583 7427 7428
f 7583 7582 7427
f 7584 7428 7429
f 7584 7583 7428
f 7585 7429 7430
f 7585 7584 7429
f 7430 7415 7569
f 7586 7430 7569
f 7585 7430 7586
f 7586 7569 7570
f 7586 7570 7587
f 7587 7570 7571
f 7589 7588 7431
f 7589 7431 7432
f 7431 7590 7433
f 7588 7590 7431
f 7433 7591 7434
f 7590 7591 7433
f 7434 7592 7435
f 7591 7592 7434
f 7435 7593 7436
f 7592 7593 7435
f 7437 7436 7593
f 7437 7593 7594
f 7438 7589 7432
f 7438 7595 7589
f 7594 7439 7437
f 7596 7439 7594
f 7598 7597 7440
f 7598 7440 7441
f 7438 7440 7595
f 7595 7440 7597
f 7596 7442 7439
f 7599 7442 7596
f 7601 7600 7443
f 7601 7443 7444
f 7441 7443 7598
f 7598 7443 7600
f 7599 7445 7442
f 7602 7445 7599
f 7446 7601 7444
f 7446 7603 7601
f 7602 7447 7445
f 7604 7447 7602
f 7606 7605 7448
f 7606 7448 7449
f 7446 7448 7603
f 7603 7448 7605
f 7604 7450 7447
f 7607 7450 7604
f 7609 7608 7451
f 7609 7451 7452
f 7449 7451 7606
f 7606 7451 7608
f 7607 7453 7450
f 7610 7453 7607
f 7454 7609 7452
f 7454 7611 7609
f 7610 7455 7453
f 7612 7455 7610
f 7614 7613 7456
f 7614 7456 7457
f 7454 7456 7611
f 7611 7456 7613
f 7612 7458 7455
f 7615 7458 7612
f 7617 7616 7459
f 7617 7459 7460
f 7457 7459 7614
f 7614 7459 7616
f 7615 7461 7458
f 7618 7461 7615
f 7462 7617 7460
f 7462 7619 7617
f 7618 7463 7461
f 7620 7463 7618
f 7464 7619 7462
f 7464 7621 7619
f 7620 7465 7463
f 7622 7465 7620
f 7466 7621 7464
f 7466 7623 7621
f 7622 7467 7465
f 7624 7467 7622
f 7468 7623 7466
f 7468 7625 7623
f 7624 7469 7467
f 7626 7469 7624
f 7470 7625 7468
f 7470 7627 7625
f 7626 7471 7469
f 7628 7471 7626
f 7472 7627 7470
f 7472 7629 7627
f 7628 7473 7471
f 7630 7473 7628
f 7474 7629 7472
f 7474 7631 7629
f 7630 7475 7473
f 7632 7475 7630
f 7476 7631 7474
f 7476 7633 7631
f 7632 7477 7475
f 7634 7477 7632
f 7478 7633 7476
f 7478 7635 7633
f 7634 7479 7477
f 7636 7479 7634
f 7480 7635 7478
f 7480 7637 7635
f 7636 7481 7479
f 7638 7481 7636
f 7482 7637 7480
f 7482 7639 7637
f 7638 7483 7481
f 7640 7483 7638
f 7484 7639 7482
f 7484 7641 7639
f 7640 7485 7483
f 7642 7485 7640
f 7486 7641 7484
f 7486 7643 7641
f 7642 7487 7485
f 7644 7487 7642
f 7488 7643 7486
f 7488 7645 7643
f 7644 7489 7487
f 7646 7489 7644
f 7490 7645 7488
f 7490 7647 7645
f 7646 7491 7489
f 7648 7491 7646
f 7492 7647 7490
f 7492 7649 7647
f 7648 7493 7491
f 7650 7493 7648
f 7494 7649 7492
f 7494 7651 7649
f 7650 7495 7493
f 7652 7495 7650
f 7496 7651 7494
f 7496 7653 7651
f 7652 7497 7495
f 7654 7497 7652
f 7498 7653 7496
f 7498 7655 7653
f 7654 7499 7497
f 7656 7499 7654
f 7500 7655 7498
f 7500 7657 7655
f 7656 7501 7499
f 7658 7501 7656
f 7502 7657 7500
f 7502 7659 7657
f 7658 7503 7501
f 7660 7503 7658
f 7504 7659 7502
f 7504 7661 7659
f 7660 7505 7503
f 7662 7505 7660
f 7506 7661 7504
f 7506 7663 7661
f 7662 7507 7505
f 7664 7507 7662
f 7665 7663 7506
f 7665 7506 7508
f 7508 7509 7665
f 7665 7509 7666
f 7664 7510 7507
f 7667 7510 7664
f 7511 7666 7509
f 7511 7668 7666
f 7667 7512 7510
f 7669 7512 7667
f 7670 7668 7511
f 7670 7511 7513
f 7513 7515 7670
f 7670 7515 7671
f 7669 7516 7512
f 7672 7516 7669
f 7673 7671 7515
f 7673 7515 7517
f 7517 7519 7673
f 7673 7519 7674
f 7672 7520 7516
f 7675 7520 7672
f 7521 7674 7519
f 7521 7676 7674
f 7675 7522 7520
f 7677 7522 7675
f 7678 7676 7521
f 7678 7521 7523
f 7523 7524 7678
f 7678 7524 7679
f 7677 7525 7522
f 7680 7525 7677
f 7681 7679 7524
f 7681 7524 7526
f 7526 7527 7681
f 7681 7527 7682
f 7680 7528 7525
f 7683 7528 7680
f 7529 7682 7527
f 7529 7684 7682
f 7683 7530 7528
f 7685 7530 7683
f 7686 7684 7529
f 7686 7529 7531
f 7531 7532 7686
f 7686 7532 7687
f 7685 7533 7530
f 7688 7533 7685
f 7689 7687 7532
f 7689 7532 7534
f 7534 7535 7689
f 7689 7535 7690
f 7688 7536 7533
f 7691 7536 7688
f 7692 7690 7535
f 7692 7535 7537
f 7693 7537 7538
f 7693 7692 7537
f 7694 7538 7539
f 7694 7693 7538
f 7695 7539 7540
f 7695 7694 7539
f 7540 7536 7691
f 7540 7691 7695
f 7542 7696 7543
f 7543 7696 7697
f 7698 7543 7697
f 7544 7543 7698
f 7544 7699 7545
f 7698 7699 7544
f 7545 7700 7546
f 7699 7700 7545
f 7546 7701 7547
f 7700 7701 7546
f 7547 7702 7548
f 7701 7702 7547
f 7548 7703 7549
f 7702 7703 7548
f 7549 7704 7550
f 7703 7704 7549
f 7550 7705 7551
f 7704 7705 7550
f 7551 7706 7552
f 7705 7706 7551
f 7552 7707 7553
f 7706 7707 7552
f 7553 7708 7554
f 7707 7708 7553
f 7554 7709 7555
f 7708 7709 7554
f 7555 7710 7556
f 7709 7710 7555
f 7556 7711 7558
f 7710 7711 7556
f 7558 7712 7560
f 7711 7712 7558
f 7561 7560 7712
f 7561 7712 7713
f 7563 7714 7696
f 7563 7696 7542
f 7697 7696 7715
f 7715 7696 7714
f 7713 7566 7561
f 7716 7566 7713
f 7568 7717 7714
f 7568 7714 7563
f 7715 7714 7718
f 7718 7714 7717
f 7716 7571 7566
f 7719 7571 7716
f 7572 7717 7568
f 7720 7718 7717
f 7572 7720 7717
f 7573 7720 7572
f 7721 7573 7574
f 7721 7720 7573
f 7722 7574 7575
f 7722 7721 7574
f 7723 7575 7576
f 7723 7722 7575
f 7724 7576 7577
f 7724 7723 7576
f 7725 7577 7578
f 7725 7724 7577
f 7726 7578 7579
f 7726 7725 7578
f 7727 7579 7580
f 7727 7726 7579
f 7728 7580 7581
f 7728 7727 7580
f 7729 7581 7582
f 7729 7728 7581
f 7730 7582 7583
f 7730 7729 7582
f 7731 7583 7584
f 7731 7730 7583
f 7732 7584 7585
f 7732 7731 7584
f 7733 7585 7586
f 7733 7732 7585
f 7734 7586 7587
f 7734 7733 7586
f 7587 7571 7719
f 7587 7719 7734
f 7736 7735 7588
f 7736 7588 7589
f 7588 7737 7590
f 7735 7737 7588
f 7590 7738 7591
f 7737 7738 7590
f 7591 7739 7592
f 7738 7739 7591
f 7592 7740 7593
f 7739 7740 7592
f 7594 7593 7740
f 7594 7740 7741
f 7595 7736 7589
f 7595 7742 7736
f 7741 7596 7594
f 7743 7596 7741
f 7745 7744 7597
f 7745 7597 7598
f 7595 7597 7742
f 7742 7597 7744
f 7743 7599 7596
f 7746 7599 7743
f 7748 7747 7600
f 7748 7600 7601
f 7598 7600 7745
f 7745 7600 7747
f 7746 7602 7599
f 7749 7602 7746
f 7603 7748 7601
f 7603 7750 7748
f 7749 7604 7602
f 7751 7604 7749
f 7753 7752 7605
f 7753 7605 7606
f 7603 7605 7750
f 7750 7605 7752
f 7751 7607 7604
f 7754 7607 7751
f 7756 7755 7608
f 7756 7608 7609
f 7606 7608 7753
f 7753 7608 7755
f 7754 7610 7607
f 7757 7610 7754
f 7611 7756 7609
f 7611 7758 7756
f 7757 7612 7610
f 7759 7612 7757
f 7761 7760 7613
f 7761 7613 7614
f 7611 7613 7758
f 7758 7613 7760
f 7759 7615 7612
f 7762 7615 7759
f 7764 7763 7616
f 7764 7616 7617
f 7614 7616 7761
f 7761 7616 7763
f 7762 7618 7615
f 7765 7618 7762
f 7619 7764 7617
f 7619 7766 7764
f 7765 7620 7618
f 7767 7620 7765
f 7621 7766 7619
f 7621 7768 7766
f 7767 7622 7620
f 7769 7622 7767
f 7623 7768 7621
f 7623 7770 7768
f 7769 7624 7622
f 7771 7624 7769
f 7625 7770 7623
f 7625 7772 7770
f 7771 7626 7624
f 7773 7626 7771
f 7627 7772 7625
f 7627 7774 7772
f 7773 7628 7626
f 7775 7628 7773
f 7629 7774 7627
f 7629 7776 7774
f 7775 7630 7628
f 7777 7630 7775
f 7631 7776 7629
f 7631 7778 7776
f 7777 7632 7630
f 7779 7632 7777
f 7633 7778 7631
f 7633 7780 7778
f 7779 7634 7632
f 7781 7634 7779
f 7635 7780 7633
f 7635 7782 7780
f 7781 7636 7634
f 7783 7636 7781
f 7637 7782 7635
f 7637 7784 7782
f 7783 7638 7636
f 7785 7638 7783
f 7639 7784 7637
f 7639 7786 7784
f 7785 7640 7638
f 7787 7640 7785
f 7641 7786 7639
f 7641 7788 7786
f 7787 7642 7640
f 7789 7642 7787
f 7643 7788 7641
f 7643 7790 7788
f 7789 7644 7642
f 7791 7644 7789
f 7645 7790 7643
f 7645 7792 7790
f 7791 7646 7644
f 7793 7646 7791
f 7647 7792 7645
f 7647 7794 7792
f 7793 7648 7646
f 7795 7648 7793
f 7649 7794 7647
f 7649 7796 7794
f 7795 7650 7648
f 7797 7650 7795
f 7651 7796 7649
f 7651 7798 7796
f 7797 7652 7650
f 7799 7652 7797
f 7653 7798 7651
f 7653 7800 7798
f 7799 7654 7652
f 7801 7654 7799
f 7655 7800 7653
f 7655 7802 7800
f 7801 7656 7654
f 7803 7656 7801
f 7657 7802 7655
f 7657 7804 7802
f 7803 7658 7656
f 7805 7658 7803
f 7659 7804 7657
f 7659 7806 7804
f 7805 7660 7658
f 7807 7660 7805
f 7661 7806 7659
f 7661 7808 7806
f 7807 7662 7660
f 7809 7662 7807
f 7663 7808 7661
f 7663 7810 7808
f 7809 7664 7662
f 7811 7664 7809
f 7812 7810 7663
f 7812 7663 7665
f 7665 7666 7812
f 7812 7666 7813
f 7811 7667 7664
f 7814 7667 7811
f 7668 7813 7666
f 7668 7815 7813
f 7814 7669 7667
f 7816 7669 7814
f 7817 7815 7668
f 7817 7668 7670
f 7670 7671 7817
f 7817 7671 7818
f 7816 7672 7669
f 7819 7672 7816
f 7820 7818 7671
f 7820 7671 7673
f 7673 7674 7820
f 7820 7674 7821
f 7819 7675 7672
f 7822 7675 7819
f 7676 7821 7674
f 7676 7823 7821
f 7822 7677 7675
f 7824 7677 7822
f 7825 7823 7676
f 7825 7676 7678
f 7678 7679 7825
f 7825 7679 7826
f 7824 7680 7677
f 7827 7680 7824
f 7828 7826 7679
f 7828 7679 7681
f 7681 7682 7828
f 7828 7682 7829
f 7827 7683 7680
f 7830 7683 7827
f 7684 7829 7682
f 7684 7831 7829
f 7830 7685 7683
f 7832 7685 7830
f 7833 7831 7684
f 7833 7684 7686
f 7686 7687 7833
f 7833 7687 7834
f 7832 7688 7685
f 7835 7688 7832
f 7836 7834 7687
f 7836 7687 7689
f 7689 7690 7836
f 7836 7690 7837
f 7835 7691 7688
f 7838 7691 7835
f 7839 7837 7690
f 7839 7690 7692
f 7840 7692 7693
f 7840 7839 7692
f 7841 7693 7694
f 7841 7840 7693
f 7842 7694 7695
f 7842 7841 7694
f 7695 7691 7838
f 7695 7838 7842
f 7697 7843 7698
f 7844 7699 7698
f 7844 7698 7843
f 7699 7844 7845
f 7846 7699 7845
f 7700 7699 7846
f 7700 7847 7701
f 7846 7847 7700
f 7701 7848 7702
f 7847 7848 7701
f 7702 7849 7703
f 7848 7849 7702
f 7703 7850 7704
f 7849 7850 7703
f 7704 7851 7705
f 7850 7851 7704
f 7705 7852 7706
f 7851 7852 7705
f 7706 7853 7707
f 7852 7853 7706
f 7707 7854 7708
f 7853 7854 7707
f 7708 7855 7709
f 7854 7855 7708
f 7709 7856 7710
f 7855 7856 7709
f 7710 7857 7711
f 7856 7857 7710
f 7711 7858 7712
f 7857 7858 7711
f 7860 7859 7713
f 7712 7860 7713
f 7858 7860 7712
f 7861 7859 7860
f 7715 7862 7843
f 7715 7843 7697
f 7843 7863 7844
f 7843 7862 7863
f 7845 7844 7864
f 7864 7844 7863
f 7865 7716 7859
f 7859 7716 7713
f 7859 7861 7866
f 7859 7866 7865
f 7718 7867 7862
f 7718 7862 7715
f 7862 7868 7863
f 7862 7867 7868
f 7864 7863 7869
f 7869 7863 7868
f 7870 7719 7865
f 7865 7719 7716
f 7865 7866 7871
f 7865 7871 7870
f 7720 7867 7718
f 7867 7720 7721
f 7867 7721 7868
f 7872 7869 7868
f 7721 7872 7868
f 7722 7872 7721
f 7873 7722 7723
f 7873 7872 7722
f 7874 7723 7724
f 7874 7873 7723
f 7875 7724 7725
f 7875 7874 7724
f 7876 7725 7726
f 7876 7875 7725
f 7877 7726 7727
f 7877 7876 7726
f 7878 7727 7728
f 7878 7877 7727
f 7879 7728 7729
f 7879 7878 7728
f 7880 7729 7730
f 7880 7879 7729
f 7881 7730 7731
f 7881 7880 7730
f 7882 7731 7732
f 7882 7881 7731
f 7883 7732 7733
f 7883 7882 7732
f 7884 7733 7734
f 7884 7883 7733
f 7734 7719 7870
f 7885 7734 7870
f 7884 7734 7885
f 7885 7870 7871
f 7887 7886 7735
f 7887 7735 7736
f 7735 7888 7737
f 7886 7888 7735
f 7737 7889 7738
f 7888 7889 7737
f 7738 7890 7739
f 7889 7890 7738
f 7739 7891 7740
f 7890 7891 7739
f 7741 7740 7891
f 7741 7891 7892
f 7742 7887 7736
f 7742 7893 7887
f 7892 7743 7741
f 7894 7743 7892
f 7896 7895 7744
f 7896 7744 7745
f 7742 7744 7893
f 7893 7744 7895
f 7894 7746 7743
f 7897 7746 7894
f 7899 7898 7747
f 7899 7747 7748
f 7745 7747 7896
f 7896 7747 7898
f 7897 7749 7746
f 7900 7749 7897
f 7750 7899 7748
f 7750 7901 7899
f 7900 7751 7749
f 7902 7751 7900
f 7904 7903 7752
f 7904 7752 7753
f 7750 7752 7901
f 7901 7752 7903
f 7902 7754 7751
f 7905 7754 7902
f 7907 7906 7755
f 7907 7755 7756
f 7753 7755 7904
f 7904 7755 7906
f 7905 7757 7754
f 7908 7757 7905
f 7758 7907 7756
f 7758 7909 7907
f 7908 7759 7757
f 7910 7759 7908
f 7912 7911 7760
f 7912 7760 7761
f 7758 7760 7909
f 7909 7760 7911
f 7910 7762 7759
f 7913 7762 7910
f 7915 7914 7763
f 7915 7763 7764
f 7761 7763 7912
f 7912 7763 7914
f 7913 7765 7762
f 7916 7765 7913
f 7766 7915 7764
f 7766 7917 7915
f 7916 7767 7765
f 7918 7767 7916
f 7768 7917 7766
f 7768 7919 7917
f 7918 7769 7767
f 7920 7769 7918
f 7770 7919 7768
f 7770 7921 7919
f 7920 7771 7769
f 7922 7771 7920
f 7772 7921 7770
f 7772 7923 7921
f 7922 7773 7771
f 7924 7773 7922
f 7774 7923 7772
f 7774 7925 7923
f 7924 7775 7773
f 7926 7775 7924
f 7776 7925 7774
f 7776 7927 7925
f 7926 7777 7775
f 7928 7777 7926
f 7778 7927 7776
f 7778 7929 7927
f 7928 7779 7777
f 7930 7779 7928
f 7780 7929 7778
f 7780 7931 7929
f 7930 7781 7779
f 7932 7781 7930
f 7782 7931 7780
f 7782 7933 7931
f 7932 7783 7781
f 7934 7783 7932
f 7784 7933 7782
f 7784 7935 7933
f 7934 7785 7783
f 7936 7785 7934
f 7786 7935 7784
f 7786 7937 7935
f 7936 7787 7785
f 7938 7787 7936
f 7788 7937 7786
f 7788 7939 7937
f 7938 7789 7787
f 7940 7789 7938
f 7790 7939 7788
f 7790 7941 7939
f 7940 7791 7789
f 7942 7791 7940
f 7792 7941 7790
f 7792 7943 7941
f 7942 7793 7791
f 7944 7793 7942
f 7794 7943 7792
f 7794 7945 7943
f 7944 7795 7793
f 7946 7795 7944
f 7796 7945 7794
f 7796 7947 7945
f 7946 7797 7795
f 7948 7797 7946
f 7798 7947 7796
f 7798 7949 7947
f 7948 7799 7797
f 7950 7799 7948
f 7800 7949 7798
f 7800 7951 7949
f 7950 7801 7799
f 7952 7801 7950
f 7802 7951 7800
f 7802 7953 7951
f 7952 7803 7801
f 7954 7803 7952
f 7804 7953 7802
f 7804 7955 7953
f 7954 7805 7803
f 7956 7805 7954
f 7806 7955 7804
f 7806 7957 7955
f 7956 7807 7805
f 7958 7807 7956
f 7808 7957 7806
f 7808 7959 7957
f 7958 7809 7807
f 7960 7809 7958
f 7810 7959 7808
f 7810 7961 7959
f 7960 7811 7809
f 7962 7811 7960
f 7963 7961 7810
f 7963 7810 7812
f 7812 7813 7963
f 7963 7813 7964
f 7962 7814 7811
f 7965 7814 7962
f 7815 7964 7813
f 7815 7966 7964
f 7965 7816 7814
f 7967 7816 7965
f 7968 7966 7815
f 7968 7815 7817
f 7817 7818 7968
f 7968 7818 7969
f 7967 7819 7816
f 7970 7819 7967
f 7971 7969 7818
f 7971 7818 7820
f 7820 7821 7971
f 7971 7821 7972
f 7970 7822 7819
f 7973 7822 7970
f 7823 7972 7821
f 7823 7974 7972
f 7973 7824 7822
f 7975 7824 7973
f 7976 7974 7823
f 7976 7823 7825
f 7825 7826 7976
f 7976 7826 7977
f 7975 7827 7824
f 7978 7827 7975
f 7979 7977 7826
f 7979 7826 7828
f 7828 7829 7979
f 7979 7829 7980
f 7978 7830 7827
f 7981 7830 7978
f 7831 7980 7829
f 7831 7982 7980
f 7981 7832 7830
f 7983 7832 7981
f 7984 7982 7831
f 7984 7831 7833
f 7833 7834 7984
f 7984 7834 7985
f 7983 7835 7832
f 7986 7835 7983
f 7987 7985 7834
f 7987 7834 7836
f 7836 7837 7987
f 7987 7837 7988
f 7986 7838 7835
f 7989 7838 7986
f 7990 7988 7837
f 7990 7837 7839
f 7991 7839 7840
f 7991 7990 7839
f 7992 7840 7841
f 7992 7991 7840
f 7993 7841 7842
f 7993 7992 7841
f 7842 7838 7989
f 7842 7989 7993
f 7845 7994 7846
f 7846 7994 7995
f 7996 7846 7995
f 7847 7846 7996
f 7847 7997 7848
f 7996 7997 7847
f 7848 7998 7849
f 7997 7998 7848
f 7849 7999 7850
f 7998 7999 7849
f 7850 8000 7851
f 7999 8000 7850
f 7851 8001 7852
f 8000 8001 7851
f 7852 8002 7853
f 8001 8002 7852
f 7853 8003 7854
f 8002 8003 7853
f 7854 8004 7855
f 8003 8004 7854
f 7855 8005 7856
f 8004 8005 7855
f 7856 8006 7857
f 8005 8006 7856
f 7857 8007 7858
f 8006 8007 7857
f 7858 8008 7860
f 8007 8008 7858
f 8010 8009 7861
f 7860 8010 7861
f 8008 8010 7860
f 8011 8009 8010
f 7864 8012 7994
f 7864 7994 7845
f 7995 7994 8013
f 8013 7994 8012
f 8014 7866 8009
f 8009 7866 7861
f 8009 8011 8015
f 8009 8015 8014
f 7869 8016 8012
f 7869 8012 7864
f 8013 8012 8017
f 8017 8012 8016
f 8018 7871 8014
f 8014 7871 7866
f 8014 8015 8019
f 8014 8019 8018
f 7872 8016 7869
f 8020 8017 8016
f 7872 8020 8016
f 7873 8020 7872
f 8021 7873 7874
f 8021 8020 7873
f 8022 7874 7875
f 8022 8021 7874
f 8023 7875 7876
f 8023 8022 7875
f 8024 7876 7877
f 8024 8023 7876
f 8025 7877 7878
f 8025 8024 7877
f 8026 7878 7879
f 8026 8025 7878
f 8027 7879 7880
f 8027 8026 7879
f 8028 7880 7881
f 8028 8027 7880
f 8029 7881 7882
f 8029 8028 7881
f 8030 7882 7883
f 8030 8029 7882
f 8031 7883 7884
f 8031 8030 7883
f 8032 7884 7885
f 8032 8031 7884
f 7885 7871 8018
f 8033 7885 8018
f 8032 7885 8033
f 8033 8018 8019
f 8035 8034 7886
f 8035 7886 7887
f 7886 8036 7888
f 8034 8036 7886
f 7888 8037 7889
f 8036 8037 7888
f 7889 8038 7890
f 8037 8038 7889
f 7890 8039 7891
f 8038 8039 7890
f 7892 7891 8039
f 7892 8039 8040
f 7893 8035 7887
f 7893 8041 8035
f 8040 7894 7892
f 8042 7894 8040
f 8044 8043 7895
f 8044 7895 7896
f 7893 7895 8041
f 8041 7895 8043
f 8042 7897 7894
f 8045 7897 8042
f 8047 8046 7898
f 8047 7898 7899
f 7896 7898 8044
f 8044 7898 8046
f 8045 7900 7897
f 8048 7900 8045
f 7901 8047 7899
f 7901 8049 8047
f 8048 7902 7900
f 8050 7902 8048
f 8052 8051 7903
f 8052 7903 7904
f 7901 7903 8049
f 8049 7903 8051
f 8050 7905 7902
f 8053 7905 8050
f 8055 8054 7906
f 8055 7906 7907
f 7904 7906 8052
f 8052 7906 8054
f 8053 7908 7905
f 8056 7908 8053
f 7909 8055 7907
f 7909 8057 8055
f 8056 7910 7908
f 8058 7910 8056
f 8060 8059 7911
f 8060 7911 7912
f 7909 7911 8057
f 8057 7911 8059
f 8058 7913 7910
f 8061 7913 8058
f 8063 8062 7914
f 8063 7914 7915
f 7912 7914 8060
f 8060 7914 8062
f 8061 7916 7913
f 8064 7916 8061
f 7917 8063 7915
f 7917 8065 8063
f 8064 7918 7916
f 8066 7918 8064
f 7919 8065 7917
f 7919 8067 8065
f 8066 7920 7918
f 8068 7920 8066
f 7921 8067 7919
f 7921 8069 8067
f 8068 7922 7920
f 8070 7922 8068
f 7923 8069 7921
f 7923 8071 8069
f 8070 7924 7922
f 8072 7924 8070
f 7925 8071 7923
f 7925 8073 8071
f 8072 7926 7924
f 8074 7926 8072
f 7927 8073 7925
f 7927 8075 8073
f 8074 7928 7926
f 8076 7928 8074
f 7929 8075 7927
f 7929 8077 8075
f 8076 7930 7928
f 8078 7930 8076
f 7931 8077 7929
f 7931 8079 8077
f 8078 7932 7930
f 8080 7932 8078
f 7933 8079 7931
f 7933 8081 8079
f 8080 7934 7932
f 8082 7934 8080
f 7935 8081 7933
f 7935 8083 8081
f 8082 7936 7934
f 8084 7936 8082
f 7937 8083 7935
f 7937 8085 8083
f 8084 7938 7936
f 8086 7938 8084
f 7939 8085 7937
f 7939 8087 8085
f 8086 7940 7938
f 8088 7940 8086
f 7941 8087 7939
f 7941 8089 8087
f 8088 7942 7940
f 8090 7942 8088
f 7943 8089 7941
f 7943 8091 8089
f 8090 7944 7942
f 8092 7944 8090
f 7945 8091 7943
f 7945 8093 8091
f 8092 7946 7944
f 8094 7946 8092
f 7947 8093 7945
f 7947 8095 8093
f 8094 7948 7946
f 8096 7948 8094
f 7949 8095 7947
f 7949 8097 8095
f 8096 7950 7948
f 8098 7950 8096
f 7951 8097 7949
f 7951 8099 8097
f 8098 7952 7950
f 8100 7952 8098
f 7953 8099 7951
f 7953 8101 8099
f 8100 7954 7952
f 8102 7954 8100
f 7955 8101 7953
f 7955 8103 8101
f 8102 7956 7954
f 8104 7956 8102
f 7957 8103 7955
f 7957 8105 8103
f 8104 7958 7956
f 8106 7958 8104
f 7959 8105 7957
f 7959 8107 8105
f 8106 7960 7958
f 8108 7960 8106
f 7961 8107 7959
f 7961 8109 8107
f 8108 7962 7960
f 8110 7962 8108
f 8111 8109 7961
f 8111 7961 7963
f 7963 7964 8111
f 8111 7964 8112
f 8110 7965 7962
f 8113 7965 8110
f 7966 8112 7964
f 7966 8114 8112
f 8113 7967 7965
f 8115 7967 8113
f 8116 8114 7966
f 8116 7966 7968
f 7968 7969 8116
f 8116 7969 8117
f 8115 7970 7967
f 8118 7970 8115
f 8119 8117 7969
f 8119 7969 7971
f 7971 7972 8119
f 8119 7972 8120
f 8118 7973 7970
f 8121 7973 8118
f 7974 8120 7972
f 7974 8122 8120
f 8121 7975 7973
f 8123 7975 8121
f 8124 8122 7974
f 8124 7974 7976
f 7976 7977 8124
f 8124 7977 8125
f 8123 7978 7975
f 8126 7978 8123
f 8127 8125 7977
f 8127 7977 7979
f 7979 7980 8127
f 8127 7980 8128
f 8126 7981 7978
f 8129 7981 8126
f 7982 8128 7980
f 7982 8130 8128
f 8129 7983 7981
f 8131 7983 8129
f 8132 8130 7982
f 8132 7982 7984
f 7984 7985 8132
f 8132 7985 8133
f 8131 7986 7983
f 8134 7986 8131
f 8135 8133 7985
f 8135 7985 7987
f 7987 7988 8135
f 8135 7988 8136
f 8134 7989 7986
f 8137 7989 8134
f 8138 8136 7988
f 8138 7988 7990
f 8139 7990 7991
f 8139 8138 7990
f 8140 7991 7992
f 8140 8139 7991
f 8141 7992 7993
f 8141 8140 7992
f 7993 7989 8137
f 7993 8137 8141
f 7995 8142 7996
f 7996 8142 8143
f 8144 7996 8143
f 7997 7996 8144
f 7997 8145 7998
f 8144 8145 7997
f 7998 8146 7999
f 8145 8146 7998
f 7999 8147 8000
f 8146 8147 7999
f 8000 8148 8001
f 8147 8148 8000
f 8001 8149 8002
f 8148 8149 8001
f 8002 8150 8003
f 8149 8150 8002
f 8003 8151 8004
f 8150 8151 8003
f 8004 8152 8005
f 8151 8152 8004
f 8005 8153 8006
f 8152 8153 8005
f 8006 8154 8007
f 8153 8154 8006
f 8007 8155 8008
f 8154 8155 8007
f 8008 8156 8010
f 8155 8156 8008
f 8158 8157 8011
f 8010 8158 8011
f 8156 8158 8010
f 8159 8157 8158
f 8013 8160 8142
f 8013 8142 7995
f 8143 8142 8161
f 8161 8142 8160
f 8162 8015 8157
f 8157 8015 8011
f 8157 8159 8163
f 8157 8163 8162
f 8017 8164 8160
f 8017 8160 8013
f 8161 8160 8165
f 8165 8160 8164
f 8166 8019 8162
f 8162 8019 8015
f 8162 8163 8167
f 8162 8167 8166
f 8020 8164 8017
f 8168 8165 8164
f 8020 8168 8164
f 8021 8168 8020
f 8169 8021 8022
f 8169 8168 8021
f 8170 8022 8023
f 8170 8169 8022
f 8171 8023 8024
f 8171 8170 8023
f 8172 8024 8025
f 8172 8171 8024
f 8173 8025 8026
f 8173 8172 8025
f 8174 8026 8027
f 8174 8173 8026
f 8175 8027 8028
f 8175 8174 8027
f 8176 8028 8029
f 8176 8175 8028
f 8177 8029 8030
f 8177 8176 8029
f 8178 8030 8031
f 8178 8177 8030
f 8179 8031 8032
f 8179 8178 8031
f 8180 8032 8033
f 8180 8179 8032
f 8033 8019 8166
f 8181 8033 8166
f 8180 8033 8181
f 8181 8166 8167
f 8183 8182 8034
f 8183 8034 8035
f 8034 8184 8036
f 8182 8184 8034
f 8036 8185 8037
f 8184 8185 8036
f 8037 8186 8038
f 8185 8186 8037
f 8038 8187 8039
f 8186 8187 8038
f 8040 8039 8187
f 8040 8187 8188
f 8041 8183 8035
f 8041 8189 8183
f 8188 8042 8040
f 8190 8042 8188
f 8192 8191 8043
f 8192 8043 8044
f 8041 8043 8189
f 8189 8043 8191
f 8190 8045 8042
f 8193 8045 8190
f 8195 8194 8046
f 8195 8046 8047
f 8044 8046 8192
f 8192 8046 8194
f 8193 8048 8045
f 8196 8048 8193
f 8049 8195 8047
f 8049 8197 8195
f 8196 8050 8048
f 8198 8050 8196
f 8200 8199 8051
f 8200 8051 8052
f 8049 8051 8197
f 8197 8051 8199
f 8198 8053 8050
f 8201 8053 8198
f 8203 8202 8054
f 8203 8054 8055
f 8052 8054 8200
f 8200 8054 8202
f 8201 8056 8053
f 8204 8056 8201
f 8057 8203 8055
f 8057 8205 8203
f 8204 8058 8056
f 8206 8058 8204
f 8208 8207 8059
f 8208 8059 8060
f 8057 8059 8205
f 8205 8059 8207
f 8206 8061 8058
f 8209 8061 8206
f 8211 8210 8062
f 8211 8062 8063
f 8060 8062 8208
f 8208 8062 8210
f 8209 8064 8061
f 8212 8064 8209
f 8065 8211 8063
f 8065 8213 8211
f 8212 8066 8064
f 8214 8066 8212
f 8067 8213 8065
f 8067 8215 8213
f 8214 8068 8066
f 8216 8068 8214
f 8069 8215 8067
f 8069 8217 8215
f 8216 8070 8068
f 8218 8070 8216
f 8071 8217 8069
f 8071 8219 8217
f 8218 8072 8070
f 8220 8072 8218
f 8073 8219 8071
f 8073 8221 8219
f 8220 8074 8072
f 8222 8074 8220
f 8075 8221 8073
f 8075 8223 8221
f 8222 8076 8074
f 8224 8076 8222
f 8077 8223 8075
f 8077 8225 8223
f 8224 8078 8076
f 8226 8078 8224
f 8079 8225 8077
f 8079 8227 8225
f 8226 8080 8078
f 8228 8080 8226
f 8081 8227 8079
f 8081 8229 8227
f 8228 8082 8080
f 8230 8082 8228
f 8083 8229 8081
f 8083 8231 8229
f 8230 8084 8082
f 8232 8084 8230
f 8085 8231 8083
f 8085 8233 8231
f 8232 8086 8084
f 8234 8086 8232
f 8087 8233 8085
f 8087 8235 8233
f 8234 8088 8086
f 8236 8088 8234
f 8089 8235 8087
f 8089 8237 8235
f 8236 8090 8088
f 8238 8090 8236
f 8091 8237 8089
f 8091 8239 8237
f 8238 8092 8090
f 8240 8092 8238
f 8093 8239 8091
f 8093 8241 8239
f 8240 8094 8092
f 8242 8094 8240
f 8095 8241 8093
f 8095 8243 8241
f 8242 8096 8094
f 8244 8096 8242
f 8097 8243 8095
f 8097 8245 8243
f 8244 8098 8096
f 8246 8098 8244
f 8099 8245 8097
f 8099 8247 8245
f 8246 8100 8098
f 8248 8100 8246
f 8101 8247 8099
f 8101 8249 8247
f 8248 8102 8100
f 8250 8102 8248
f 8103 8249 8101
f 8103 8251 8249
f 8250 8104 8102
f 8252 8104 8250
f 8105 8251 8103
f 8105 8253 8251
f 8252 8106 8104
f 8254 8106 8252
f 8107 8253 8105
f 8107 8255 8253
f 8254 8108 8106
f 8256 8108 8254
f 8109 8255 8107
f 8109 8257 8255
f 8256 8110 8108
f 8258 8110 8256
f 8259 8257 8109
f 8259 8109 8111
f 8111 8112 8259
f 8259 8112 8260
f 8258 8113 8110
f 8261 8113 8258
f 8114 8260 8112
f 8114 8262 8260
f 8261 8115 8113
f 8263 8115 8261
f 8264 8262 8114
f 8264 8114 8116
f 8116 8117 8264
f 8264 8117 8265
f 8263 8118 8115
f 8266 8118 8263
f 8267 8265 8117
f 8267 8117 8119
f 8119 8120 8267
f 8267 8120 8268
f 8266 8121 8118
f 8269 8121 8266
f 8122 8268 8120
f 8122 8270 8268
f 8269 8123 8121
f 8271 8123 8269
f 8272 8270 8122
f 8272 8122 8124
f 8124 8125 8272
f 8272 8125 8273
f 8271 8126 8123
f 8274 8126 8271
f 8275 8273 8125
f 8275 8125 8127
f 8127 8128 8275
f 8275 8128 8276
f 8274 8129 8126
f 8277 8129 8274
f 8130 8276 8128
f 8130 8278 8276
f 8277 8131 8129
f 8279 8131 8277
f 8280 8278 8130
f 8280 8130 8132
f 8132 8133 8280
f 8280 8133 8281
f 8279 8134 8131
f 8282 8134 8279
f 8283 8281 8133
f 8283 8133 8135
f 8135 8136 8283
f 8283 8136 8284
f 8282 8137 8134
f 8285 8137 8282
f 8286 8284 8136
f 8286 8136 8138
f 8287 8138 8139
f 8287 8286 8138
f 8288 8139 8140
f 8288 8287 8139
f 8289 8140 8141
f 8289 8288 8140
f 8141 8137 8285
f 8141 8285 8289
f 8291 8290 8144
f 8291 8144 8143
f 8144 8292 8145
f 8290 8292 8144
f 8145 8293 8146
f 8292 8293 8145
f 8146 8294 8147
f 8293 8294 8146
f 8147 8295 8148
f 8294 8295 8147
f 8148 8296 8149
f 8295 8296 8148
f 8149 8297 8150
f 8296 8297 8149
f 8150 8298 8151
f 8297 8298 8150
f 8151 8299 8152
f 8298 8299 8151
f 8152 8300 8153
f 8299 8300 8152
f 8153 8301 8154
f 8300 8301 8153
f 8154 8302 8155
f 8301 8302 8154
f 8155 8303 8156
f 8302 8303 8155
f 8156 8304 8158
f 8303 8304 8156
f 8306 8305 8159
f 8158 8306 8159
f 8304 8306 8158
f 8308 8307 8305
f 8308 8305 8306
f 8309 8307 8308
f 8161 8291 8143
f 8161 8310 8291
f 8311 8163 8305
f 8305 8163 8159
f 8312 8305 8307
f 8311 8305 8312
f 8307 8309 8313
f 8307 8313 8312
f 8165 8310 8161
f 8165 8314 8310
f 8315 8167 8311
f 8311 8167 8163
f 8316 8311 8312
f 8315 8311 8316
f 8312 8313 8317
f 8312 8317 8316
f 8318 8314 8165
f 8318 8165 8168
f 8319 8168 8169
f 8319 8318 8168
f 8320 8169 8170
f 8320 8319 8169
f 8321 8170 8171
f 8321 8320 8170
f 8322 8171 8172
f 8322 8321 8171
f 8323 8172 8173
f 8323 8322 8172
f 8324 8173 8174
f 8324 8323 8173
f 8325 8174 8175
f 8325 8324 8174
f 8326 8175 8176
f 8326 8325 8175
f 8327 8176 8177
f 8327 8326 8176
f 8328 8177 8178
f 8328 8327 8177
f 8329 8178 8179
f 8329 8328 8178
f 8330 8179 8180
f 8330 8329 8179
f 8331 8180 8181
f 8331 8330 8180
f 8181 8167 8315
f 8332 8181 8315
f 8331 8181 8332
f 8332 8315 8316
f 8332 8316 8333
f 8333 8316 8317
f 8335 8334 8182
f 8335 8182 8183
f 8182 8336 8184
f 8334 8336 8182
f 8184 8337 8185
f 8336 8337 8184
f 8185 8338 8186
f 8337 8338 8185
f 8186 8339 8187
f 8338 8339 8186
f 8188 8187 8339
f 8188 8339 8340
f 8189 8335 8183
f 8189 8341 8335
f 8340 8190 8188
f 8342 8190 8340
f 8344 8343 8191
f 8344 8191 8192
f 8189 8191 8341
f 8341 8191 8343
f 8342 8193 8190
f 8345 8193 8342
f 8347 8346 8194
f 8347 8194 8195
f 8192 8194 8344
f 8344 8194 8346
f 8345 8196 8193
f 8348 8196 8345
f 8197 8347 8195
f 8197 8349 8347
f 8348 8198 8196
f 8350 8198 8348
f 8352 8351 8199
f 8352 8199 8200
f 8197 8199 8349
f 8349 8199 8351
f 8350 8201 8198
f 8353 8201 8350
f 8355 8354 8202
f 8355 8202 8203
f 8200 8202 8352
f 8352 8202 8354
f 8353 8204 8201
f 8356 8204 8353
f 8205 8355 8203
f 8205 8357 8355
f 8356 8206 8204
f 8358 8206 8356
f 8360 8359 8207
f 8360 8207 8208
f 8205 8207 8357
f 8357 8207 8359
f 8358 8209 8206
f 8361 8209 8358
f 8363 8362 8210
f 8363 8210 8211
f 8208 8210 8360
f 8360 8210 8362
f 8361 8212 8209
f 8364 8212 8361
f 8213 8363 8211
f 8213 8365 8363
f 8364 8214 8212
f 8366 8214 8364
f 8215 8365 8213
f 8215 8367 8365
f 8366 8216 8214
f 8368 8216 8366
f 8217 8367 8215
f 8217 8369 8367
f 8368 8218 8216
f 8370 8218 8368
f 8219 8369 8217
f 8219 8371 8369
f 8370 8220 8218
f 8372 8220 8370
f 8221 8371 8219
f 8221 8373 8371
f 8372 8222 8220
f 8374 8222 8372
f 8223 8373 8221
f 8223 8375 8373
f 8374 8224 8222
f 8376 8224 8374
f 8225 8375 8223
f 8225 8377 8375
f 8376 8226 8224
f 8378 8226 8376
f 8227 8377 8225
f 8227 8379 8377
f 8378 8228 8226
f 8380 8228 8378
f 8229 8379 8227
f 8229 8381 8379
f 8380 8230 8228
f 8382 8230 8380
f 8231 8381 8229
f 8231 8383 8381
f 8382 8232 8230
f 8384 8232 8382
f 8233 8383 8231
f 8233 8385 8383
f 8384 8234 8232
f 8386 8234 8384
f 8235 8385 8233
f 8235 8387 8385
f 8386 8236 8234
f 8388 8236 8386
f 8237 8387 8235
f 8237 8389 8387
f 8388 8238 8236
f 8390 8238 8388
f 8239 8389 8237
f 8239 8391 8389
f 8390 8240 8238
f 8392 8240 8390
f 8241 8391 8239
f 8241 8393 8391
f 8392 8242 8240
f 8394 8242 8392
f 8243 8393 8241
f 8243 8395 8393
f 8394 8244 8242
f 8396 8244 8394
f 8245 8395 8243
f 8245 8397 8395
f 8396 8246 8244
f 8398 8246 8396
f 8247 8397 8245
f 8247 8399 8397
f 8398 8248 8246
f 8400 8248 8398
f 8249 8399 8247
f 8249 8401 8399
f 8400 8250 8248
f 8402 8250 8400
f 8251 8401 8249
f 8251 8403 8401
f 8402 8252 8250
f 8404 8252 8402
f 8253 8403 8251
f 8253 8405 8403
f 8404 8254 8252
f 8406 8254 8404
f 8255 8405 8253
f 8255 8407 8405
f 8406 8256 8254
f 8408 8256 8406
f 8257 8407 8255
f 8257 8409 8407
f 8408 8258 8256
f 8410 8258 8408
f 8411 8409 8257
f 8411 8257 8259
f 8259 8260 8411
f 8411 8260 8412
f 8410 8261 8258
f 8413 8261 8410
f 8262 8412 8260
f 8262 8414 8412
f 8413 8263 8261
f 8415 8263 8413
f 8416 8414 8262
f 8416 8262 8264
f 8264 8265 8416
f 8416 8265 8417
f 8415 8266 8263
f 8418 8266 8415
f 8419 8417 8265
f 8419 8265 8267
f 8267 8268 8419
f 8419 8268 8420
f 8418 8269 8266
f 8421 8269 8418
f 8270 8420 8268
f 8270 8422 8420
f 8421 8271 8269
f 8423 8271 8421
f 8424 8422 8270
f 8424 8270 8272
f 8272 8273 8424
f 8424 8273 8425
f 8423 8274 8271
f 8426 8274 8423
f 8427 8425 8273
f 8427 8273 8275
f 8275 8276 8427
f 8427 8276 8428
f 8426 8277 8274
f 8429 8277 8426
f 8278 8428 8276
f 8278 8430 8428
f 8429 8279 8277
f 8431 8279 8429
f 8432 8430 8278
f 8432 8278 8280
f 8280 8281 8432
f 8432 8281 8433
f 8431 8282 8279
f 8434 8282 8431
f 8435 8433 8281
f 8435 8281 8283
f 8283 8284 8435
f 8435 8284 8436
f 8434 8285 8282
f 8437 8285 8434
f 8438 8436 8284
f 8438 8284 8286
f 8439 8286 8287
f 8439 8438 8286
f 8440 8287 8288
f 8440 8439 8287
f 8441 8288 8289
f 8441 8440 8288
f 8289 8285 8437
f 8289 8437 8441
f 8291 8442 8290
f 8290 8442 8443
f 8444 8290 8443
f 8292 8290 8444
f 8292 8445 8293
f 8444 8445 8292
f 8293 8446 8294
f 8445 8446 8293
f 8294 8447 8295
f 8446 8447 8294
f 8295 8448 8296
f 8447 8448 8295
f 8296 8449 8297
f 8448 8449 8296
f 8297 8450 8298
f 8449 8450 8297
f 8298 8451 8299
f 8450 8451 8298
f 8299 8452 8300
f 8451 8452 8299
f 8300 8453 8301
f 8452 8453 8300
f 8301 8454 8302
f 8453 8454 8301
f 8302 8455 8303
f 8454 8455 8302
f 8303 8456 8304
f 8455 8456 8303
f 8304 8457 8306
f 8456 8457 8304
f 8306 8458 8308
f 8457 8458 8306
f 8309 8308 8458
f 8309 8458 8459
f 8310 8460 8442
f 8310 8442 8291
f 8443 8442 8461
f 8461 8442 8460
f 8459 8313 8309
f 8462 8313 8459
f 8314 8463 8460
f 8314 8460 8310
f 8461 8460 8464
f 8464 8460 8463
f 8462 8317 8313
f 8465 8317 8462
f 8318 8463 8314
f 8466 8464 8463
f 8318 8466 8463
f 8319 8466 8318
f 8467 8319 8320
f 8467 8466 8319
f 8468 8320 8321
f 8468 8467 8320
f 8469 8321 8322
f 8469 8468 8321
f 8470 8322 8323
f 8470 8469 8322
f 8471 8323 8324
f 8471 8470 8323
f 8472 8324 8325
f 8472 8471 8324
f 8473 8325 8326
f 8473 8472 8325
f 8474 8326 8327
f 8474 8473 8326
f 8475 8327 8328
f 8475 8474 8327
f 8476 8328 8329
f 8476 8475 8328
f 8477 8329 8330
f 8477 8476 8329
f 8478 8330 8331
f 8478 8477 8330
f 8479 8331 8332
f 8479 8478 8331
f 8480 8332 8333
f 8480 8479 8332
f 8333 8317 8465
f 8333 8465 8480
f 8482 8481 8334
f 8482 8334 8335
f 8334 8483 8336
f 8481 8483 8334
f 8336 8484 8337
f 8483 8484 8336
f 8337 8485 8338
f 8484 8485 8337
f 8338 8486 8339
f 8485 8486 8338
f 8340 8339 8486
f 8340 8486 8487
f 8341 8482 8335
f 8341 8488 8482
f 8487 8342 8340
f 8489 8342 8487
f 8491 8490 8343
f 8491 8343 8344
f 8341 8343 8488
f 8488 8343 8490
f 8489 8345 8342
f 8492 8345 8489
f 8494 8493 8346
f 8494 8346 8347
f 8344 8346 8491
f 8491 8346 8493
f 8492 8348 8345
f 8495 8348 8492
f 8349 8494 8347
f 8349 8496 8494
f 8495 8350 8348
f 8497 8350 8495
f 8499 8498 8351
f 8499 8351 8352
f 8349 8351 8496
f 8496 8351 8498
f 8497 8353 8350
f 8500 8353 8497
f 8502 8501 8354
f 8502 8354 8355
f 8352 8354 8499
f 8499 8354 8501
f 8500 8356 8353
f 8503 8356 8500
f 8357 8502 8355
f 8357 8504 8502
f 8503 8358 8356
f 8505 8358 8503
f 8507 8506 8359
f 8507 8359 8360
f 8357 8359 8504
f 8504 8359 8506
f 8505 8361 8358
f 8508 8361 8505
f 8510 8509 8362
f 8510 8362 8363
f 8360 8362 8507
f 8507 8362 8509
f 8508 8364 8361
f 8511 8364 8508
f 8365 8510 8363
f 8365 8512 8510
f 8511 8366 8364
f 8513 8366 8511
f 8367 8512 8365
f 8367 8514 8512
f 8513 8368 8366
f 8515 8368 8513
f 8369 8514 8367
f 8369 8516 8514
f 8515 8370 8368
f 8517 8370 8515
f 8371 8516 8369
f 8371 8518 8516
f 8517 8372 8370
f 8519 8372 8517
f 8373 8518 8371
f 8373 8520 8518
f 8519 8374 8372
f 8521 8374 8519
f 8375 8520 8373
f 8375 8522 8520
f 8521 8376 8374
f 8523 8376 8521
f 8377 8522 8375
f 8377 8524 8522
f 8523 8378 8376
f 8525 8378 8523
f 8379 8524 8377
f 8379 8526 8524
f 8525 8380 8378
f 8527 8380 8525
f 8381 8526 8379
f 8381 8528 8526
f 8527 8382 8380
f 8529 8382 8527
f 8383 8528 8381
f 8383 8530 8528
f 8529 8384 8382
f 8531 8384 8529
f 8385 8530 8383
f 8385 8532 8530
f 8531 8386 8384
f 8533 8386 8531
f 8387 8532 8385
f 8387 8534 8532
f 8533 8388 8386
f 8535 8388 8533
f 8389 8534 8387
f 8389 8536 8534
f 8535 8390 8388
f 8537 8390 8535
f 8391 8536 8389
f 8391 8538 8536
f 8537 8392 8390
f 8539 8392 8537
f 8393 8538 8391
f 8393 8540 8538
f 8539 8394 8392
f 8541 8394 8539
f 8395 8540 8393
f 8395 8542 8540
f 8541 8396 8394
f 8543 8396 8541
f 8397 8542 8395
f 8397 8544 8542
f 8543 8398 8396
f 8545 8398 8543
f 8399 8544 8397
f 8399 8546 8544
f 8545 8400 8398
f 8547 8400 8545
f 8401 8546 8399
f 8401 8548 8546
f 8547 8402 8400
f 8549 8402 8547
f 8403 8548 8401
f 8403 8550 8548
f 8549 8404 8402
f 8551 8404 8549
f 8405 8550 8403
f 8405 8552 8550
f 8551 8406 8404
f 8553 8406 8551
f 8407 8552 8405
f 8407 8554 8552
f 8553 8408 8406
f 8555 8408 8553
f 8409 8554 8407
f 8409 8556 8554
f 8555 8410 8408
f 8557 8410 8555
f 8558 8556 8409
f 8558 8409 8411
f 8411 8412 8558
f 8558 8412 8559
f 8557 8413 8410
f 8560 8413 8557
f 8414 8559 8412
f 8414 8561 8559
f 8560 8415 8413
f 8562 8415 8560
f 8563 8561 8414
f 8563 8414 8416
f 8416 8417 8563
f 8563 8417 8564
f 8562 8418 8415
f 8565 8418 8562
f 8566 8564 8417
f 8566 8417 8419
f 8419 8420 8566
f 8566 8420 8567
f 8565 8421 8418
f 8568 8421 8565
f 8422 8567 8420
f 8422 8569 8567
f 8568 8423 8421
f 8570 8423 8568
f 8571 8569 8422
f 8571 8422 8424
f 8424 8425 8571
f 8571 8425 8572
f 8570 8426 8423
f 8573 8426 8570
f 8574 8572 8425
f 8574 8425 8427
f 8427 8428 8574
f 8574 8428 8575
f 8573 8429 8426
f 8576 8429 8573
f 8430 8575 8428
f 8430 8577 8575
f 8576 8431 8429
f 8578 8431 8576
f 8579 8577 8430
f 8579 8430 8432
f 8432 8433 8579
f 8579 8433 8580
f 8578 8434 8431
f 8581 8434 8578
f 8582 8580 8433
f 8582 8433 8435
f 8435 8436 8582
f 8582 8436 8583
f 8581 8437 8434
f 8584 8437 8581
f 8585 8583 8436
f 8585 8436 8438
f 8586 8438 8439
f 8586 8585 8438
f 8587 8439 8440
f 8587 8586 8439
f 8588 8440 8441
f 8588 8587 8440
f 8441 8437 8584
f 8441 8584 8588
f 8443 8589 8444
f 8444 8589 8590
f 8591 8444 8590
f 8445 8444 8591
f 8445 8592 8446
f 8591 8592 8445
f 8446 8593 8447
f 8592 8593 8446
f 8447 8594 8448
f 8593 8594 8447
f 8448 8595 8449
f 8594 8595 8448
f 8449 8596 8450
f 8595 8596 8449
f 8450 8597 8451
f 8596 8597 8450
f 8451 8598 8452
f 8597 8598 8451
f 8452 8599 8453
f 8598 8599 8452
f 8453 8600 8454
f 8599 8600 8453
f 8454 8601 8455
f 8600 8601 8454
f 8455 8602 8456
f 8601 8602 8455
f 8456 8603 8457
f 8602 8603 8456
f 8457 8604 8458
f 8603 8604 8457
f 8606 8605 8459
f 8458 8606 8459
f 8604 8606 8458
f 8607 8605 8606
f 8461 8608 8589
f 8461 8589 8443
f 8590 8589 8609
f 8609 8589 8608
f 8610 8462 8605
f 8605 8462 8459
f 8605 8607 8611
f 8605 8611 8610
f 8464 8612 8608
f 8464 8608 8461
f 8609 8608 8613
f 8613 8608 8612
f 8614 8465 8610
f 8610 8465 8462
f 8610 8611 8615
f 8610 8615 8614
f 8466 8612 8464
f 8616 8613 8612
f 8466 8616 8612
f 8467 8616 8466
f 8617 8467 8468
f 8617 8616 8467
f 8618 8468 8469
f 8618 8617 8468
f 8619 8469 8470
f 8619 8618 8469
f 8620 8470 8471
f 8620 8619 8470
f 8621 8471 8472
f 8621 8620 8471
f 8622 8472 8473
f 8622 8621 8472
f 8623 8473 8474
f 8623 8622 8473
f 8624 8474 8475
f 8624 8623 8474
f 8625 8475 8476
f 8625 8624 8475
f 8626 8476 8477
f 8626 8625 8476
f 8627 8477 8478
f 8627 8626 8477
f 8628 8478 8479
f 8628 8627 8478
f 8629 8479 8480
f 8629 8628 8479
f 8480 8465 8614
f 8630 8480 8614
f 8629 8480 8630
f 8630 8614 8615
f 8632 8631 8481
f 8632 8481 8482
f 8481 8633 8483
f 8631 8633 8481
f 8483 8634 8484
f 8633 8634 8483
f 8484 8635 8485
f 8634 8635 8484
f 8485 8636 8486
f 8635 8636 8485
f 8487 8486 8636
f 8487 8636 8637
f 8488 8632 8482
f 8488 8638 8632
f 8637 8489 8487
f 8639 8489 8637
f 8641 8640 8490
f 8641 8490 8491
f 8488 8490 8638
f 8638 8490 8640
f 8639 8492 8489
f 8642 8492 8639
f 8644 8643 8493
f 8644 8493 8494
f 8491 8493 8641
f 8641 8493 8643
f 8642 8495 8492
f 8645 8495 8642
f 8496 8644 8494
f 8496 8646 8644
f 8645 8497 8495
f 8647 8497 8645
f 8649 8648 8498
f 8649 8498 8499
f 8496 8498 8646
f 8646 8498 8648
f 8647 8500 8497
f 8650 8500 8647
f 8652 8651 8501
f 8652 8501 8502
f 8499 8501 8649
f 8649 8501 8651
f 8650 8503 8500
f 8653 8503 8650
f 8504 8652 8502
f 8504 8654 8652
f 8653 8505 8503
f 8655 8505 8653
f 8657 8656 8506
f 8657 8506 8507
f 8504 8506 8654
f 8654 8506 8656
f 8655 8508 8505
f 8658 8508 8655
f 8660 8659 8509
f 8660 8509 8510
f 8507 8509 8657
f 8657 8509 8659
f 8658 8511 8508
f 8661 8511 8658
f 8512 8660 8510
f 8512 8662 8660
f 8661 8513 8511
f 8663 8513 8661
f 8514 8662 8512
f 8514 8664 8662
f 8663 8515 8513
f 8665 8515 8663
f 8516 8664 8514
f 8516 8666 8664
f 8665 8517 8515
f 8667 8517 8665
f 8518 8666 8516
f 8518 8668 8666
f 8667 8519 8517
f 8669 8519 8667
f 8520 8668 8518
f 8520 8670 8668
f 8669 8521 8519
f 8671 8521 8669
f 8522 8670 8520
f 8522 8672 8670
f 8671 8523 8521
f 8673 8523 8671
f 8524 8672 8522
f 8524 8674 8672
f 8673 8525 8523
f 8675 8525 8673
f 8526 8674 8524
f 8526 8676 8674
f 8675 8527 8525
f 8677 8527 8675
f 8528 8676 8526
f 8528 8678 8676
f 8677 8529 8527
f 8679 8529 8677
f 8530 8678 8528
f 8530 8680 8678
f 8679 8531 8529
f 8681 8531 8679
f 8532 8680 8530
f 8532 8682 8680
f 8681 8533 8531
f 8683 8533 8681
f 8534 8682 8532
f 8534 8684 8682
f 8683 8535 8533
f 8685 8535 8683
f 8536 8684 8534
f 8536 8686 8684
f 8685 8537 8535
f 8687 8537 8685
f 8538 8686 8536
f 8538 8688 8686
f 8687 8539 8537
f 8689 8539 8687
f 8540 8688 8538
f 8540 8690 8688
f 8689 8541 8539
f 8691 8541 8689
f 8542 8690 8540
f 8542 8692 8690
f 8691 8543 8541
f 8693 8543 8691
f 8544 8692 8542
f 8544 8694 8692
f 8693 8545 8543
f 8695 8545 8693
f 8546 8694 8544
f 8546 8696 8694
f 8695 8547 8545
f 8697 8547 8695
f 8548 8696 8546
f 8548 8698 8696
f 8697 8549 8547
f 8699 8549 8697
f 8550 8698 8548
f 8550 8700 8698
f 8699 8551 8549
f 8701 8551 8699
f 8552 8700 8550
f 8552 8702 8700
f 8701 8553 8551
f 8703 8553 8701
f 8554 8702 8552
f 8554 8704 8702
f 8703 8555 8553
f 8705 8555 8703
f 8556 8704 8554
f 8556 8706 8704
f 8705 8557 8555
f 8707 8557 8705
f 8708 8706 8556
f 8708 8556 8558
f 8558 8559 8708
f 8708 8559 8709
f 8707 8560 8557
f 8710 8560 8707
f 8561 8709 8559
f 8561 8711 8709
f 8710 8562 8560
f 8712 8562 8710
f 8713 8711 8561
f 8713 8561 8563
f 8563 8564 8713
f 8713 8564 8714
f 8712 8565 8562
f 8715 8565 8712
f 8716 8714 8564
f 8716 8564 8566
f 8566 8567 8716
f 8716 8567 8717
f 8715 8568 8565
f 8718 8568 8715
f 8569 8717 8567
f 8569 8719 8717
f 8718 8570 8568
f 8720 8570 8718
f 8721 8719 8569
f 8721 8569 8571
f 8571 8572 8721
f 8721 8572 8722
f 8720 8573 8570
f 8723 8573 8720
f 8724 8722 8572
f 8724 8572 8574
f 8574 8575 8724
f 8724 8575 8725
f 8723 8576 8573
f 8726 8576 8723
f 8577 8725 8575
f 8577 8727 8725
f 8726 8578 8576
f 8728 8578 8726
f 8729 8727 8577
f 8729 8577 8579
f 8579 8580 8729
f 8729 8580 8730
f 8728 8581 8578
f 8731 8581 8728
f 8732 8730 8580
f 8732 8580 8582
f 8582 8583 8732
f 8732 8583 8733
f 8731 8584 8581
f 8734 8584 8731
f 8735 8733 8583
f 8735 8583 8585
f 8736 8585 8586
f 8736 8735 8585
f 8737 8586 8587
f 8737 8736 8586
f 8738 8587 8588
f 8738 8737 8587
f 8588 8584 8734
f 8588 8734 8738
f 8590 8739 8591
f 8591 8739 8740
f 8741 8591 8740
f 8592 8591 8741
f 8592 8742 8593
f 8741 8742 8592
f 8593 8743 8594
f 8742 8743 8593
f 8594 8744 8595
f 8743 8744 8594
f 8595 8745 8596
f 8744 8745 8595
f 8596 8746 8597
f 8745 8746 8596
f 8597 8747 8598
f 8746 8747 8597
f 8598 8748 8599
f 8747 8748 8598
f 8599 8749 8600
f 8748 8749 8599
f 8600 8750 8601
f 8749 8750 8600
f 8601 8751 8602
f 8750 8751 8601
f 8602 8752 8603
f 8751 8752 8602
f 8603 8753 8604
f 8752 8753 8603
f 8604 8754 8606
f 8753 8754 8604
f 8756 8755 8607
f 8606 8756 8607
f 8754 8756 8606
f 8758 8757 8755
f 8758 8755 8756
f 8759 8757 8758
f 8609 8760 8739
f 8609 8739 8590
f 8740 8739 8761
f 8761 8739 8760
f 8762 8611 8755
f 8755 8611 8607
f 8763 8755 8757
f 8762 8755 8763
f 8757 8759 8764
f 8757 8764 8763
f 8613 8765 8760
f 8613 8760 8609
f 8761 8760 8766
f 8766 8760 8765
f 8767 8615 8762
f 8762 8615 8611
f 8768 8762 8763
f 8767 8762 8768
f 8763 8764 8769
f 8763 8769 8768
f 8616 8765 8613
f 8770 8766 8765
f 8616 8770 8765
f 8617 8770 8616
f 8771 8617 8618
f 8771 8770 8617
f 8772 8618 8619
f 8772 8771 8618
f 8773 8619 8620
f 8773 8772 8619
f 8774 8620 8621
f 8774 8773 8620
f 8775 8621 8622
f 8775 8774 8621
f 8776 8622 8623
f 8776 8775 8622
f 8777 8623 8624
f 8777 8776 8623
f 8778 8624 8625
f 8778 8777 8624
f 8779 8625 8626
f 8779 8778 8625
f 8780 8626 8627
f 8780 8779 8626
f 8781 8627 8628
f 8781 8780 8627
f 8782 8628 8629
f 8782 8781 8628
f 8783 8629 8630
f 8783 8782 8629
f 8630 8615 8767
f 8784 8630 8767
f 8783 8630 8784
f 8784 8767 8768
f 8784 8768 8785
f 8785 8768 8769
f 8787 8786 8631
f 8787 8631 8632
f 8631 8788 8633
f 8786 8788 8631
f 8633 8789 8634
f 8788 8789 8633
f 8634 8790 8635
f 8789 8790 8634
f 8635 8791 8636
f 8790 8791 8635
f 8637 8636 8791
f 8637 8791 8792
f 8638 8787 8632
f 8638 8793 8787
f 8792 8639 8637
f 8794 8639 8792
f 8796 8795 8640
f 8796 8640 8641
f 8638 8640 8793
f 8793 8640 8795
f 8794 8642 8639
f 8797 8642 8794
f 8799 8798 8643
f 8799 8643 8644
f 8641 8643 8796
f 8796 8643 8798
f 8797 8645 8642
f 8800 8645 8797
f 8646 8799 8644
f 8646 8801 8799
f 8800 8647 8645
f 8802 8647 8800
f 8804 8803 8648
f 8804 8648 8649
f 8646 8648 8801
f 8801 8648 8803
f 8802 8650 8647
f 8805 8650 8802
f 8807 8806 8651
f 8807 8651 8652
f 8649 8651 8804
f 8804 8651 8806
f 8805 8653 8650
f 8808 8653 8805
f 8654 8807 8652
f 8654 8809 8807
f 8808 8655 8653
f 8810 8655 8808
f 8812 8811 8656
f 8812 8656 8657
f 8654 8656 8809
f 8809 8656 8811
f 8810 8658 8655
f 8813 8658 8810
f 8815 8814 8659
f 8815 8659 8660
f 8657 8659 8812
f 8812 8659 8814
f 8813 8661 8658
f 8816 8661 8813
f 8662 8815 8660
f 8662 8817 8815
f 8816 8663 8661
f 8818 8663 8816
f 8664 8817 8662
f 8664 8819 8817
f 8818 8665 8663
f 8820 8665 8818
f 8666 8819 8664
f 8666 8821 8819
f 8820 8667 8665
f 8822 8667 8820
f 8668 8821 8666
f 8668 8823 8821
f 8822 8669 8667
f 8824 8669 8822
f 8670 8823 8668
f 8670 8825 8823
f 8824 8671 8669
f 8826 8671 8824
f 8672 8825 8670
f 8672 8827 8825
f 8826 8673 8671
f 8828 8673 8826
f 8674 8827 8672
f 8674 8829 8827
f 8828 8675 8673
f 8830 8675 8828
f 8676 8829 8674
f 8676 8831 8829
f 8830 8677 8675
f 8832 8677 8830
f 8678 8831 8676
f 8678 8833 8831
f 8832 8679 8677
f 8834 8679 8832
f 8680 8833 8678
f 8680 8835 8833
f 8834 8681 8679
f 8836 8681 8834
f 8682 8835 8680
f 8682 8837 8835
f 8836 8683 8681
f 8838 8683 8836
f 8684 8837 8682
f 8684 8839 8837
f 8838 8685 8683
f 8840 8685 8838
f 8686 8839 8684
f 8686 8841 8839
f 8840 8687 8685
f 8842 8687 8840
f 8688 8841 8686
f 8688 8843 8841
f 8842 8689 8687
f 8844 8689 8842
f 8690 8843 8688
f 8690 8845 8843
f 8844 8691 8689
f 8846 8691 8844
f 8692 8845 8690
f 8692 8847 8845
f 8846 8693 8691
f 8848 8693 8846
f 8694 8847 8692
f 8694 8849 8847
f 8848 8695 8693
f 8850 8695 8848
f 8696 8849 8694
f 8696 8851 8849
f 8850 8697 8695
f 8852 8697 8850
f 8698 8851 8696
f 8698 8853 8851
f 8852 8699 8697
f 8854 8699 8852
f 8700 8853 8698
f 8700 8855 8853
f 8854 8701 8699
f 8856 8701 8854
f 8702 8855 8700
f 8702 8857 8855
f 8856 8703 8701
f 8858 8703 8856
f 8704 8857 8702
f 8704 8859 8857
f 8858 8705 8703
f 8860 8705 8858
f 8706 8859 8704
f 8706 8861 8859
f 8860 8707 8705
f 8862 8707 8860
f 8863 8861 8706
f 8863 8706 8708
f 8708 8709 8863
f 8863 8709 8864
f 8862 8710 8707
f 8865 8710 8862
f 8711 8864 8709
f 8711 8866 8864
f 8865 8712 8710
f 8867 8712 8865
f 8868 8866 8711
f 8868 8711 8713
f 8713 8714 8868
f 8868 8714 8869
f 8867 8715 8712
f 8870 8715 8867
f 8871 8869 8714
f 8871 8714 8716
f 8716 8717 8871
f 8871 8717 8872
f 8870 8718 8715
f 8873 8718 8870
f 8719 8872 8717
f 8719 8874 8872
f 8873 8720 8718
f 8875 8720 8873
f 8876 8874 8719
f 8876 8719 8721
f 8721 8722 8876
f 8876 8722 8877
f 8875 8723 8720
f 8878 8723 8875
f 8879 8877 8722
f 8879 8722 8724
f 8724 8725 8879
f 8879 8725 8880
f 8878 8726 8723
f 8881 8726 8878
f 8727 8880 8725
f 8727 8882 8880
f 8881 8728 8726
f 8883 8728 8881
f 8884 8882 8727
f 8884 8727 8729
f 8729 8730 8884
f 8884 8730 8885
f 8883 8731 8728
f 8886 8731 8883
f 8887 8885 8730
f 8887 8730 8732
f 8732 8733 8887
f 8887 8733 8888
f 8886 8734 8731
f 8889 8734 8886
f 8890 8888 8733
f 8890 8733 8735
f 8891 8735 8736
f 8891 8890 8735
f 8892 8736 8737
f 8892 8891 8736
f 8893 8737 8738
f 8893 8892 8737
f 8738 8734 8889
f 8738 8889 8893
f 8740 8894 8741
f 8741 8894 8895
f 8896 8741 8895
f 8742 8741 8896
f 8742 8897 8743
f 8896 8897 8742
f 8743 8898 8744
f 8897 8898 8743
f 8744 8899 8745
f 8898 8899 8744
f 8745 8900 8746
f 8899 8900 8745
f 8746 8901 8747
f 8900 8901 8746
f 8747 8902 8748
f 8901 8902 8747
f 8748 8903 8749
f 8902 8903 8748
f 8749 8904 8750
f 8903 8904 8749
f 8750 8905 8751
f 8904 8905 8750
f 8751 8906 8752
f 8905 8906 8751
f 8752 8907 8753
f 8906 8907 8752
f 8753 8908 8754
f 8907 8908 8753
f 8754 8909 8756
f 8908 8909 8754
f 8756 8910 8758
f 8909 8910 8756
f 8912 8911 8759
f 8758 8912 8759
f 8910 8912 8758
f 8913 8911 8912
f 8761 8914 8894
f 8761 8894 8740
f 8895 8894 8915
f 8915 8894 8914
f 8916 8764 8911
f 8911 8764 8759
f 8911 8913 8917
f 8911 8917 8916
f 8766 8918 8914
f 8766 8914 8761
f 8915 8914 8919
f 8919 8914 8918
f 8921 8920 8916
f 8920 8764 8916
f 8920 8769 8764
f 8921 8916 8917
f 8770 8918 8766
f 8922 8919 8918
f 8770 8922 8918
f 8771 8922 8770
f 8923 8771 8772
f 8923 8922 8771
f 8924 8772 8773
f 8924 8923 8772
f 8925 8773 8774
f 8925 8924 8773
f 8926 8774 8775
f 8926 8925 8774
f 8927 8775 8776
f 8927 8926 8775
f 8928 8776 8777
f 8928 8927 8776
f 8929 8777 8778
f 8929 8928 8777
f 8930 8778 8779
f 8930 8929 8778
f 8931 8779 8780
f 8931 8930 8779
f 8932 8780 8781
f 8932 8931 8780
f 8933 8781 8782
f 8933 8932 8781
f 8934 8782 8783
f 8934 8933 8782
f 8935 8783 8784
f 8935 8934 8783
f 8936 8784 8785
f 8936 8935 8784
f 8785 8769 8920
f 8785 8920 8936
f 8938 8937 8786
f 8938 8786 8787
f 8786 8939 8788
f 8937 8939 8786
f 8788 8940 8789
f 8939 8940 8788
f 8789 8941 8790
f 8940 8941 8789
f 8790 8942 8791
f 8941 8942 8790
f 8792 8791 8942
f 8792 8942 8943
f 8793 8938 8787
f 8793 8944 8938
f 8943 8794 8792
f 8945 8794 8943
f 8947 8946 8795
f 8947 8795 8796
f 8793 8795 8944
f 8944 8795 8946
f 8945 8797 8794
f 8948 8797 8945
f 8950 8949 8798
f 8950 8798 8799
f 8796 8798 8947
f 8947 8798 8949
f 8948 8800 8797
f 8951 8800 8948
f 8801 8950 8799
f 8801 8952 8950
f 8951 8802 8800
f 8953 8802 8951
f 8955 8954 8803
f 8955 8803 8804
f 8801 8803 8952
f 8952 8803 8954
f 8953 8805 8802
f 8956 8805 8953
f 8958 8957 8806
f 8958 8806 8807
f 8804 8806 8955
f 8955 8806 8957
f 8956 8808 8805
f 8959 8808 8956
f 8809 8958 8807
f 8809 8960 8958
f 8959 8810 8808
f 8961 8810 8959
f 8963 8962 8811
f 8963 8811 8812
f 8809 8811 8960
f 8960 8811 8962
f 8961 8813 8810
f 8964 8813 8961
f 8966 8965 8814
f 8966 8814 8815
f 8812 8814 8963
f 8963 8814 8965
f 8964 8816 8813
f 8967 8816 8964
f 8817 8966 8815
f 8817 8968 8966
f 8967 8818 8816
f 8969 8818 8967
f 8819 8968 8817
f 8819 8970 8968
f 8969 8820 8818
f 8971 8820 8969
f 8821 8970 8819
f 8821 8972 8970
f 8971 8822 8820
f 8973 8822 8971
f 8823 8972 8821
f 8823 8974 8972
f 8973 8824 8822
f 8975 8824 8973
f 8825 8974 8823
f 8825 8976 8974
f 8975 8826 8824
f 8977 8826 8975
f 8827 8976 8825
f 8827 8978 8976
f 8977 8828 8826
f 8979 8828 8977
f 8829 8978 8827
f 8829 8980 8978
f 8979 8830 8828
f 8981 8830 8979
f 8831 8980 8829
f 8831 8982 8980
f 8981 8832 8830
f 8983 8832 8981
f 8833 8982 8831
f 8833 8984 8982
f 8983 8834 8832
f 8985 8834 8983
f 8835 8984 8833
f 8835 8986 8984
f 8985 8836 8834
f 8987 8836 8985
f 8837 8986 8835
f 8837 8988 8986
f 8987 8838 8836
f 8989 8838 8987
f 8839 8988 8837
f 8839 8990 8988
f 8989 8840 8838
f 8991 8840 8989
f 8841 8990 8839
f 8841 8992 8990
f 8991 8842 8840
f 8993 8842 8991
f 8843 8992 8841
f 8843 8994 8992
f 8993 8844 8842
f 8995 8844 8993
f 8845 8994 8843
f 8845 8996 8994
f 8995 8846 8844
f 8997 8846 8995
f 8847 8996 8845
f 8847 8998 8996
f 8997 8848 8846
f 8999 8848 8997
f 8849 8998 8847
f 8849 9000 8998
f 8999 8850 8848
f 9001 8850 8999
f 8851 9000 8849
f 8851 9002 9000
f 9001 8852 8850
f 9003 8852 9001
f 8853 9002 8851
f 8853 9004 9002
f 9003 8854 8852
f 9005 8854 9003
f 8855 9004 8853
f 8855 9006 9004
f 9005 8856 8854
f 9007 8856 9005
f 8857 9006 8855
f 8857 9008 9006
f 9007 8858 8856
f 9009 8858 9007
f 8859 9008 8857
f 8859 9010 9008
f 9009 8860 8858
f 9011 8860 9009
f 8861 9010 8859
f 8861 9012 9010
f 9011 8862 8860
f 9013 8862 9011
f 9014 9012 8861
f 9014 8861 8863
f 8863 8864 9014
f 9014 8864 9015
f 9013 8865 8862
f 9016 8865 9013
f 8866 9015 8864
f 8866 9017 9015
f 9016 8867 8865
f 9018 8867 9016
f 9019 9017 8866
f 9019 8866 8868
f 8868 8869 9019
f 9019 8869 9020
f 9018 8870 8867
f 9021 8870 9018
f 9022 9020 8869
f 9022 8869 8871
f 8871 8872 9022
f 9022 8872 9023
f 9021 8873 8870
f 9024 8873 9021
f 8874 9023 8872
f 8874 9025 9023
f 9024 8875 8873
f 9026 8875 9024
f 9027 9025 8874
f 9027 8874 8876
f 8876 8877 9027
f 9027 8877 9028
f 9026 8878 8875
f 9029 8878 9026
f 9030 9028 8877
f 9030 8877 8879
f 8879 8880 9030
f 9030 8880 9031
f 9029 8881 8878
f 9032 8881 9029
f 8882 9031 8880
f 8882 9033 9031
f 9032 8883 8881
f 9034 8883 9032
f 9035 9033 8882
f 9035 8882 8884
f 8884 8885 9035
f 9035 8885 9036
f 9034 8886 8883
f 9037 8886 9034
f 9038 9036 8885
f 9038 8885 8887
f 8887 8888 9038
f 9038 8888 9039
f 9037 8889 8886
f 9040 8889 9037
f 9041 9039 8888
f 9041 8888 8890
f 9042 8890 8891
f 9042 9041 8890
f 9043 8891 8892
f 9043 9042 8891
f 9044 8892 8893
f 9044 9043 8892
f 8893 8889 9040
f 8893 9040 9044
f 8895 9045 8896
f 9046 8897 8896
f 9046 8896 9045
f 8897 9046 9047
f 9048 8897 9047
f 8898 8897 9048
f 8898 9049 8899
f 9048 9049 8898
f 8899 9050 8900
f 9049 9050 8899
f 8900 9051 8901
f 9050 9051 8900
f 8901 9052 8902
f 9051 9052 8901
f 8902 9053 8903
f 9052 9053 8902
f 8903 9054 8904
f 9053 9054 8903
f 8904 9055 8905
f 9054 9055 8904
f 8905 9056 8906
f 9055 9056 8905
f 8906 9057 8907
f 9056 9057 8906
f 8907 9058 8908
f 9057 9058 8907
f 8908 9059 8909
f 9058 9059 8908
f 8909 9060 8910
f 9059 9060 8909
f 9060 9062 9061
f 8912 9060 9061
f 8910 9060 8912
f 9061 8913 8912
f 8915 9063 9045
f 8915 9045 8895
f 9045 9064 9046
f 9045 9063 9064
f 9047 9046 9065
f 9065 9046 9064
f 9061 9062 9066
f 9066 9062 9067
f 9066 8917 8913
f 9066 8913 9061
f 8919 9068 9063
f 8919 9063 8915
f 9063 9069 9064
f 9063 9068 9069
f 9065 9064 9070
f 9070 9064 9069
f 9066 9067 8921
f 9067 8920 8921
f 9067 9071 8920
f 9066 8921 8917
f 8922 9068 8919
f 9068 8922 8923
f 9068 8923 9069
f 9072 9070 9069
f 8923 9072 9069
f 8924 9072 8923
f 9073 8924 8925
f 9073 9072 8924
f 9074 8925 8926
f 9074 9073 8925
f 9075 8926 8927
f 9075 9074 8926
f 9076 8927 8928
f 9076 9075 8927
f 9077 8928 8929
f 9077 9076 8928
f 9078 8929 8930
f 9078 9077 8929
f 9079 8930 8931
f 9079 9078 8930
f 9080 8931 8932
f 9080 9079 8931
f 9081 8932 8933
f 9081 9080 8932
f 9082 8933 8934
f 9082 9081 8933
f 9083 8934 8935
f 9083 9082 8934
f 9084 8935 8936
f 9084 9083 8935
f 8936 8920 9071
f 8936 9071 9084
f 9086 9085 8937
f 9086 8937 8938
f 8937 9087 8939
f 9085 9087 8937
f 8939 9088 8940
f 9087 9088 8939
f 8940 9089 8941
f 9088 9089 8940
f 8941 9090 8942
f 9089 9090 8941
f 8943 8942 9090
f 8943 9090 9091
f 8944 9086 8938
f 8944 9092 9086
f 9091 8945 8943
f 9093 8945 9091
f 9095 9094 8946
f 9095 8946 8947
f 8944 8946 9092
f 9092 8946 9094
f 9093 8948 8945
f 9096 8948 9093
f 9098 9097 8949
f 9098 8949 8950
f 8947 8949 9095
f 9095 8949 9097
f 9096 8951 8948
f 9099 8951 9096
f 8952 9098 8950
f 8952 9100 9098
f 9099 8953 8951
f 9101 8953 9099
f 9103 9102 8954
f 9103 8954 8955
f 8952 8954 9100
f 9100 8954 9102
f 9101 8956 8953
f 9104 8956 9101
f 9106 9105 8957
f 9106 8957 8958
f 8955 8957 9103
f 9103 8957 9105
f 9104 8959 8956
f 9107 8959 9104
f 8960 9106 8958
f 8960 9108 9106
f 9107 8961 8959
f 9109 8961 9107
f 9111 9110 8962
f 9111 8962 8963
f 8960 8962 9108
f 9108 8962 9110
f 9109 8964 8961
f 9112 8964 9109
f 9114 9113 8965
f 9114 8965 8966
f 8963 8965 9111
f 9111 8965 9113
f 9112 8967 8964
f 9115 8967 9112
f 8968 9114 8966
f 8968 9116 9114
f 9115 8969 8967
f 9117 8969 9115
f 8970 9116 8968
f 8970 9118 9116
f 9117 8971 8969
f 9119 8971 9117
f 8972 9118 8970
f 8972 9120 9118
f 9119 8973 8971
f 9121 8973 9119
f 8974 9120 8972
f 8974 9122 9120
f 9121 8975 8973
f 9123 8975 9121
f 8976 9122 8974
f 8976 9124 9122
f 9123 8977 8975
f 9125 8977 9123
f 8978 9124 8976
f 8978 9126 9124
f 9125 8979 8977
f 9127 8979 9125
f 8980 9126 8978
f 8980 9128 9126
f 9127 8981 8979
f 9129 8981 9127
f 8982 9128 8980
f 8982 9130 9128
f 9129 8983 8981
f 9131 8983 9129
f 8984 9130 8982
f 8984 9132 9130
f 9131 8985 8983
f 9133 8985 9131
f 8986 9132 8984
f 8986 9134 9132
f 9133 8987 8985
f 9135 8987 9133
f 8988 9134 8986
f 8988 9136 9134
f 9135 8989 8987
f 9137 8989 9135
f 8990 9136 8988
f 8990 9138 9136
f 9137 8991 8989
f 9139 8991 9137
f 8992 9138 8990
f 8992 9140 9138
f 9139 8993 8991
f 9141 8993 9139
f 8994 9140 8992
f 8994 9142 9140
f 9141 8995 8993
f 9143 8995 9141
f 8996 9142 8994
f 8996 9144 9142
f 9143 8997 8995
f 9145 8997 9143
f 8998 9144 8996
f 8998 9146 9144
f 9145 8999 8997
f 9147 8999 9145
f 9000 9146 8998
f 9000 9148 9146
f 9147 9001 8999
f 9149 9001 9147
f 9002 9148 9000
f 9002 9150 9148
f 9149 9003 9001
f 9151 9003 9149
f 9004 9150 9002
f 9004 9152 9150
f 9151 9005 9003
f 9153 9005 9151
f 9006 9152 9004
f 9006 9154 9152
f 9153 9007 9005
f 9155 9007 9153
f 9008 9154 9006
f 9008 9156 9154
f 9155 9009 9007
f 9157 9009 9155
f 9010 9156 9008
f 9010 9158 9156
f 9157 9011 9009
f 9159 9011 9157
f 9012 9158 9010
f 9012 9160 9158
f 9159 9013 9011
f 9161 9013 9159
f 9162 9160 9012
f 9162 9012 9014
f 9014 9015 9162
f 9162 9015 9163
f 9161 9016 9013
f 9164 9016 9161
f 9017 9163 9015
f 9017 9165 9163
f 9164 9018 9016
f 9166 9018 9164
f 9167 9165 9017
f 9167 9017 9019
f 9019 9020 9167
f 9167 9020 9168
f 9166 9021 9018
f 9169 9021 9166
f 9170 9168 9020
f 9170 9020 9022
f 9022 9023 9170
f 9170 9023 9171
f 9169 9024 9021
f 9172 9024 9169
f 9025 9171 9023
f 9025 9173 9171
f 9172 9026 9024
f 9174 9026 9172
f 9175 9173 9025
f 9175 9025 9027
f 9027 9028 9175
f 9175 9028 9176
f 9174 9029 9026
f 9177 9029 9174
f 9178 9176 9028
f 9178 9028 9030
f 9030 9031 9178
f 9178 9031 9179
f 9177 9032 9029
f 9180 9032 9177
f 9033 9179 9031
f 9033 9181 9179
f 9180 9034 9032
f 9182 9034 9180
f 9183 9181 9033
f 9183 9033 9035
f 9035 9036 9183
f 9183 9036 9184
f 9182 9037 9034
f 9185 9037 9182
f 9186 9184 9036
f 9186 9036 9038
f 9038 9039 9186
f 9186 9039 9187
f 9185 9040 9037
f 9188 9040 9185
f 9189 9187 9039
f 9189 9039 9041
f 9190 9041 9042
f 9190 9189 9041
f 9191 9042 9043
f 9191 9190 9042
f 9192 9043 9044
f 9192 9191 9043
f 9044 9040 9188
f 9044 9188 9192
f 9047 9193 9048
f 9048 9193 9194
f 9195 9048 9194
f 9049 9048 9195
f 9049 9196 9050
f 9195 9196 9049
f 9050 9197 9051
f 9196 9197 9050
f 9051 9198 9052
f 9197 9198 9051
f 9052 9199 9053
f 9198 9199 9052
f 9053 9200 9054
f 9199 9200 9053
f 9054 9201 9055
f 9200 9201 9054
f 9055 9202 9056
f 9201 9202 9055
f 9056 9203 9057
f 9202 9203 9056
f 9057 9204 9058
f 9203 9204 9057
f 9058 9205 9059
f 9204 9205 9058
f 9059 9206 9060
f 9205 9206 9059
f 9062 9060 9206
f 9062 9206 9207
f 9065 9208 9193
f 9065 9193 9047
f 9194 9193 9209
f 9209 9193 9208
f 9207 9067 9062
f 9210 9067 9207
f 9070 9211 9208
f 9070 9208 9065
f 9209 9208 9212
f 9212 9208 9211
f 9215 9214 9213
f 9210 9215 9213
f 9071 9210 9213
f 9067 9210 9071
f 9072 9211 9070
f 9216 9212 9211
f 9072 9216 9211
f 9073 9216 9072
f 9217 9073 9074
f 9217 9216 9073
f 9218 9074 9075
f 9218 9217 9074
f 9219 9075 9076
f 9219 9218 9075
f 9220 9076 9077
f 9220 9219 9076
f 9221 9077 9078
f 9221 9220 9077
f 9222 9078 9079
f 9222 9221 9078
f 9223 9079 9080
f 9223 9222 9079
f 9224 9080 9081
f 9224 9223 9080
f 9225 9081 9082
f 9225 9224 9081
f 9226 9082 9083
f 9226 9225 9082
f 9084 9213 9214
f 9226 9084 9214
f 9083 9084 9226
f 9213 9084 9071
f 9228 9227 9085
f 9228 9085 9086
f 9085 9229 9087
f 9227 9229 9085
f 9087 9230 9088
f 9229 9230 9087
f 9088 9231 9089
f 9230 9231 9088
f 9089 9232 9090
f 9231 9232 9089
f 9091 9090 9232
f 9091 9232 9233
f 9092 9228 9086
f 9092 9234 9228
f 9233 9093 9091
f 9235 9093 9233
f 9237 9236 9094
f 9237 9094 9095
f 9092 9094 9234
f 9234 9094 9236
f 9235 9096 9093
f 9238 9096 9235
f 9240 9239 9097
f 9240 9097 9098
f 9095 9097 9237
f 9237 9097 9239
f 9238 9099 9096
f 9241 9099 9238
f 9100 9240 9098
f 9100 9242 9240
f 9241 9101 9099
f 9243 9101 9241
f 9245 9244 9102
f 9245 9102 9103
f 9100 9102 9242
f 9242 9102 9244
f 9243 9104 9101
f 9246 9104 9243
f 9248 9247 9105
f 9248 9105 9106
f 9103 9105 9245
f 9245 9105 9247
f 9246 9107 9104
f 9249 9107 9246
f 9108 9248 9106
f 9108 9250 9248
f 9249 9109 9107
f 9251 9109 9249
f 9253 9252 9110
f 9253 9110 9111
f 9108 9110 9250
f 9250 9110 9252
f 9251 9112 9109
f 9254 9112 9251
f 9114 9255 9113
f 9255 9256 9113
f 9256 9111 9113
f 9256 9253 9111
f 9254 9115 9112
f 9257 9115 9254
f 9116 9258 9255
f 9116 9255 9114
f 9256 9255 9259
f 9259 9255 9258
f 9257 9117 9115
f 9260 9117 9257
f 9118 9261 9258
f 9118 9258 9116
f 9259 9258 9262
f 9262 9258 9261
f 9260 9119 9117
f 9263 9119 9260
f 9120 9264 9261
f 9120 9261 9118
f 9262 9261 9265
f 9265 9261 9264
f 9263 9121 9119
f 9266 9121 9263
f 9122 9267 9264
f 9122 9264 9120
f 9265 9264 9268
f 9268 9264 9267
f 9266 9123 9121
f 9269 9123 9266
f 9124 9270 9267
f 9124 9267 9122
f 9268 9267 9271
f 9271 9267 9270
f 9269 9125 9123
f 9272 9125 9269
f 9126 9273 9270
f 9126 9270 9124
f 9271 9270 9274
f 9274 9270 9273
f 9272 9127 9125
f 9275 9127 9272
f 9128 9276 9273
f 9128 9273 9126
f 9274 9273 9277
f 9277 9273 9276
f 9275 9129 9127
f 9278 9129 9275
f 9130 9279 9276
f 9130 9276 9128
f 9277 9276 9280
f 9280 9276 9279
f 9278 9131 9129
f 9281 9131 9278
f 9132 9282 9279
f 9132 9279 9130
f 9280 9279 9283
f 9283 9279 9282
f 9281 9133 9131
f 9284 9133 9281
f 9134 9285 9282
f 9134 9282 9132
f 9283 9282 9286
f 9286 9282 9285
f 9284 9135 9133
f 9287 9135 9284
f 9136 9288 9285
f 9136 9285 9134
f 9286 9285 9289
f 9289 9285 9288
f 9287 9137 9135
f 9290 9137 9287
f 9138 9291 9288
f 9138 9288 9136
f 9289 9288 9292
f 9292 9288 9291
f 9290 9139 9137
f 9293 9139 9290
f 9140 9294 9291
f 9140 9291 9138
f 9292 9291 9295
f 9295 9291 9294
f 9293 9141 9139
f 9296 9141 9293
f 9142 9297 9294
f 9142 9294 9140
f 9295 9294 9298
f 9298 9294 9297
f 9296 9143 9141
f 9299 9143 9296
f 9144 9300 9297
f 9144 9297 9142
f 9298 9297 9301
f 9301 9297 9300
f 9299 9145 9143
f 9302 9145 9299
f 9146 9303 9300
f 9146 9300 9144
f 9301 9300 9304
f 9304 9300 9303
f 9302 9147 9145
f 9305 9147 9302
f 9148 9306 9303
f 9148 9303 9146
f 9304 9303 9307
f 9307 9303 9306
f 9305 9149 9147
f 9308 9149 9305
f 9150 9309 9306
f 9150 9306 9148
f 9307 9306 9310
f 9310 9306 9309
f 9308 9151 9149
f 9311 9151 9308
f 9152 9312 9309
f 9152 9309 9150
f 9310 9309 9313
f 9313 9309 9312
f 9311 9153 9151
f 9314 9153 9311
f 9154 9315 9312
f 9154 9312 9152
f 9313 9312 9316
f 9316 9312 9315
f 9314 9155 9153
f 9317 9155 9314
f 9156 9318 9315
f 9156 9315 9154
f 9316 9315 9319
f 9319 9315 9318
f 9317 9157 9155
f 9320 9157 9317
f 9158 9321 9318
f 9158 9318 9156
f 9319 9318 9322
f 9322 9318 9321
f 9320 9159 9157
f 9323 9159 9320
f 9160 9324 9321
f 9160 9321 9158
f 9322 9321 9325
f 9325 9321 9324
f 9323 9161 9159
f 9326 9161 9323
f 9162 9324 9160
f 9162 9163 9324
f 9163 9325 9324
f 9163 9327 9325
f 9326 9164 9161
f 9328 9164 9326
f 9165 9327 9163
f 9165 9329 9327
f 9328 9166 9164
f 9330 9166 9328
f 9331 9329 9165
f 9331 9165 9167
f 9167 9168 9331
f 9331 9168 9332
f 9330 9169 9166
f 9333 9169 9330
f 9334 9332 9168
f 9334 9168 9170
f 9170 9171 9334
f 9334 9171 9335
f 9333 9172 9169
f 9336 9172 9333
f 9173 9335 9171
f 9173 9337 9335
f 9336 9174 9172
f 9338 9174 9336
f 9339 9337 9173
f 9339 9173 9175
f 9175 9176 9339
f 9339 9176 9340
f 9338 9177 9174
f 9341 9177 9338
f 9342 9340 9176
f 9342 9176 9178
f 9178 9179 9342
f 9342 9179 9343
f 9341 9180 9177
f 9344 9180 9341
f 9181 9343 9179
f 9181 9345 9343
f 9344 9182 9180
f 9346 9182 9344
f 9347 9345 9181
f 9347 9181 9183
f 9183 9184 9347
f 9347 9184 9348
f 9346 9185 9182
f 9349 9185 9346
f 9350 9348 9184
f 9350 9184 9186
f 9186 9187 9350
f 9350 9187 9351
f 9349 9188 9185
f 9352 9188 9349
f 9353 9351 9187
f 9353 9187 9189
f 9354 9189 9190
f 9354 9353 9189
f 9355 9190 9191
f 9355 9354 9190
f 9356 9191 9192
f 9356 9355 9191
f 9192 9188 9352
f 9192 9352 9356
f 9194 9357 9195
f 9195 9357 9358
f 9359 9195 9358
f 9196 9195 9359
f 9196 9360 9197
f 9359 9360 9196
f 9197 9361 9198
f 9360 9361 9197
f 9198 9362 9199
f 9361 9362 9198
f 9199 9363 9200
f 9362 9363 9199
f 9200 9364 9201
f 9363 9364 9200
f 9201 9365 9202
f 9364 9365 9201
f 9202 9366 9203
f 9365 9366 9202
f 9203 9367 9204
f 9366 9367 9203
f 9367 9369 9368
f 9205 9367 9368
f 9204 9367 9205
f 9370 9206 9205
f 9370 9205 9368
f 9370 9207 9206
f 9209 9371 9357
f 9209 9357 9194
f 9358 9357 9372
f 9372 9357 9371
f 9368 9369 9373
f 9373 9369 9374
f 9368 9375 9370
f 9368 9373 9375
f 9375 9210 9207
f 9375 9207 9370
f 9212 9376 9371
f 9212 9371 9209
f 9372 9371 9377
f 9377 9371 9376
f 9373 9374 9378
f 9378 9374 9379
f 9378 9214 9215
f 9375 9378 9215
f 9373 9378 9375
f 9375 9215 9210
f 9216 9376 9212
f 9380 9377 9376
f 9216 9380 9376
f 9217 9380 9216
f 9381 9217 9218
f 9381 9380 9217
f 9382 9218 9219
f 9382 9381 9218
f 9383 9219 9220
f 9383 9382 9219
f 9384 9220 9221
f 9384 9383 9220
f 9385 9221 9222
f 9385 9384 9221
f 9386 9222 9223
f 9386 9385 9222
f 9387 9223 9224
f 9387 9386 9223
f 9388 9224 9225
f 9388 9387 9224
f 9226 9378 9379
f 9388 9226 9379
f 9225 9226 9388
f 9378 9226 9214
f 9390 9389 9227
f 9390 9227 9228
f 9227 9391 9229
f 9389 9391 9227
f 9229 9392 9230
f 9391 9392 9229
f 9230 9393 9231
f 9392 9393 9230
f 9231 9394 9232
f 9393 9394 9231
f 9233 9232 9394
f 9233 9394 9395
f 9234 9390 9228
f 9234 9396 9390
f 9395 9235 9233
f 9397 9235 9395
f 9399 9398 9236
f 9399 9236 9237
f 9234 9236 9396
f 9396 9236 9398
f 9397 9238 9235
f 9400 9238 9397
f 9402 9401 9239
f 9402 9239 9240
f 9237 9239 9399
f 9399 9239 9401
f 9400 9241 9238
f 9403 9241 9400
f 9242 9402 9240
f 9242 9404 9402
f 9403 9243 9241
f 9405 9243 9403
f 9407 9406 9244
f 9407 9244 9245
f 9242 9244 9404
f 9404 9244 9406
f 9405 9246 9243
f 9408 9246 9405
f 9410 9409 9247
f 9410 9247 9248
f 9245 9247 9407
f 9407 9247 9409
f 9408 9249 9246
f 9411 9249 9408
f 9250 9410 9248
f 9250 9412 9410
f 9411 9251 9249
f 9413 9251 9411
f 9415 9414 9252
f 9415 9252 9253
f 9250 9252 9412
f 9412 9252 9414
f 9413 9254 9251
f 9416 9254 9413
f 9256 9415 9253
f 9256 9417 9415
f 9416 9257 9254
f 9418 9257 9416
f 9259 9417 9256
f 9259 9419 9417
f 9418 9260 9257
f 9420 9260 9418
f 9262 9419 9259
f 9262 9421 9419
f 9420 9263 9260
f 9422 9263 9420
f 9265 9421 9262
f 9265 9423 9421
f 9422 9266 9263
f 9424 9266 9422
f 9268 9423 9265
f 9268 9425 9423
f 9424 9269 9266
f 9426 9269 9424
f 9271 9425 9268
f 9271 9427 9425
f 9426 9272 9269
f 9428 9272 9426
f 9274 9427 9271
f 9274 9429 9427
f 9428 9275 9272
f 9430 9275 9428
f 9277 9429 9274
f 9277 9431 9429
f 9430 9278 9275
f 9432 9278 9430
f 9280 9431 9277
f 9280 9433 9431
f 9432 9281 9278
f 9434 9281 9432
f 9283 9433 9280
f 9283 9435 9433
f 9434 9284 9281
f 9436 9284 9434
f 9286 9435 9283
f 9286 9437 9435
f 9436 9287 9284
f 9438 9287 9436
f 9289 9437 9286
f 9289 9439 9437
f 9438 9290 9287
f 9440 9290 9438
f 9292 9439 9289
f 9292 9441 9439
f 9440 9293 9290
f 9442 9293 9440
f 9295 9441 9292
f 9295 9443 9441
f 9442 9296 9293
f 9444 9296 9442
f 9298 9443 9295
f 9298 9445 9443
f 9444 9299 9296
f 9446 9299 9444
f 9301 9445 9298
f 9301 9447 9445
f 9446 9302 9299
f 9448 9302 9446
f 9304 9447 9301
f 9304 9449 9447
f 9448 9305 9302
f 9450 9305 9448
f 9307 9449 9304
f 9307 9451 9449
f 9450 9308 9305
f 9452 9308 9450
f 9310 9451 9307
f 9310 9453 9451
f 9452 9311 9308
f 9454 9311 9452
f 9313 9453 9310
f 9313 9455 9453
f 9454 9314 9311
f 9456 9314 9454
f 9316 9455 9313
f 9316 9457 9455
f 9456 9317 9314
f 9458 9317 9456
f 9319 9457 9316
f 9319 9459 9457
f 9458 9320 9317
f 9460 9320 9458
f 9322 9459 9319
f 9322 9461 9459
f 9460 9323 9320
f 9462 9323 9460
f 9325 9461 9322
f 9325 9463 9461
f 9462 9326 9323
f 9464 9326 9462
f 9327 9463 9325
f 9327 9465 9463
f 9464 9328 9326
f 9466 9328 9464
f 9329 9465 9327
f 9329 9467 9465
f 9466 9330 9328
f 9468 9330 9466
f 9469 9467 9329
f 9469 9329 9331
f 9331 9332 9469
f 9469 9332 9470
f 9468 9333 9330
f 9471 9333 9468
f 9472 9470 9332
f 9472 9332 9334
f 9334 9335 9472
f 9472 9335 9473
f 9471 9336 9333
f 9474 9336 9471
f 9337 9473 9335
f 9337 9475 9473
f 9474 9338 9336
f 9476 9338 9474
f 9477 9475 9337
f 9477 9337 9339
f 9339 9340 9477
f 9477 9340 9478
f 9476 9341 9338
f 9479 9341 9476
f 9480 9478 9340
f 9480 9340 9342
f 9342 9343 9480
f 9480 9343 9481
f 9479 9344 9341
f 9482 9344 9479
f 9345 9481 9343
f 9345 9483 9481
f 9482 9346 9344
f 9484 9346 9482
f 9485 9483 9345
f 9485 9345 9347
f 9347 9348 9485
f 9485 9348 9486
f 9484 9349 9346
f 9487 9349 9484
f 9488 9486 9348
f 9488 9348 9350
f 9350 9351 9488
f 9488 9351 9489
f 9487 9352 9349
f 9490 9352 9487
f 9491 9489 9351
f 9491 9351 9353
f 9492 9353 9354
f 9492 9491 9353
f 9493 9354 9355
f 9493 9492 9354
f 9494 9355 9356
f 9494 9493 9355
f 9356 9352 9490
f 9356 9490 9494
f 9496 9495 9359
f 9496 9359 9358
f 9359 9497 9360
f 9495 9497 9359
f 9360 9498 9361
f 9497 9498 9360
f 9361 9499 9362
f 9498 9499 9361
f 9362 9500 9363
f 9499 9500 9362
f 9363 9501 9364
f 9500 9501 9363
f 9364 9502 9365
f 9501 9502 9364
f 9365 9503 9366
f 9502 9503 9365
f 9503 9505 9504
f 9367 9503 9504
f 9366 9503 9367
f 9504 9369 9367
f 9372 9496 9358
f 9372 9506 9496
f 9504 9505 9507
f 9507 9505 9508
f 9507 9374 9369
f 9507 9369 9504
f 9377 9506 9372
f 9377 9509 9506
f 9507 9508 9510
f 9510 9508 9511
f 9510 9379 9374
f 9510 9374 9507
f 9512 9509 9377
f 9512 9377 9380
f 9513 9380 9381
f 9513 9512 9380
f 9514 9381 9382
f 9514 9513 9381
f 9515 9382 9383
f 9515 9514 9382
f 9516 9383 9384
f 9516 9515 9383
f 9517 9384 9385
f 9517 9516 9384
f 9518 9385 9386
f 9518 9517 9385
f 9519 9386 9387
f 9519 9518 9386
f 9388 9510 9511
f 9519 9388 9511
f 9387 9388 9519
f 9510 9388 9379
f 9521 9520 9389
f 9521 9389 9390
f 9389 9522 9391
f 9520 9522 9389
f 9391 9523 9392
f 9522 9523 9391
f 9392 9524 9393
f 9523 9524 9392
f 9393 9525 9394
f 9524 9525 9393
f 9395 9394 9525
f 9395 9525 9526
f 9396 9521 9390
f 9396 9527 9521
f 9526 9397 9395
f 9528 9397 9526
f 9530 9529 9398
f 9530 9398 9399
f 9396 9398 9527
f 9527 9398 9529
f 9528 9400 9397
f 9531 9400 9528
f 9533 9532 9401
f 9533 9401 9402
f 9399 9401 9530
f 9530 9401 9532
f 9531 9403 9400
f 9534 9403 9531
f 9404 9533 9402
f 9404 9535 9533
f 9534 9405 9403
f 9536 9405 9534
f 9538 9537 9406
f 9538 9406 9407
f 9404 9406 9535
f 9535 9406 9537
f 9536 9408 9405
f 9539 9408 9536
f 9541 9540 9409
f 9541 9409 9410
f 9407 9409 9538
f 9538 9409 9540
f 9539 9411 9408
f 9542 9411 9539
f 9412 9541 9410
f 9412 9543 9541
f 9542 9413 9411
f 9544 9413 9542
f 9415 9545 9414
f 9545 9546 9414
f 9546 9412 9414
f 9546 9543 9412
f 9544 9416 9413
f 9547 9416 9544
f 9417 9548 9545
f 9417 9545 9415
f 9546 9545 9549
f 9549 9545 9548
f 9547 9418 9416
f 9550 9418 9547
f 9419 9551 9548
f 9419 9548 9417
f 9549 9548 9552
f 9552 9548 9551
f 9550 9420 9418
f 9553 9420 9550
f 9421 9554 9551
f 9421 9551 9419
f 9552 9551 9555
f 9555 9551 9554
f 9553 9422 9420
f 9556 9422 9553
f 9423 9557 9554
f 9423 9554 9421
f 9555 9554 9558
f 9558 9554 9557
f 9556 9424 9422
f 9559 9424 9556
f 9425 9560 9557
f 9425 9557 9423
f 9558 9557 9561
f 9561 9557 9560
f 9559 9426 9424
f 9562 9426 9559
f 9427 9563 9560
f 9427 9560 9425
f 9561 9560 9564
f 9564 9560 9563
f 9562 9428 9426
f 9565 9428 9562
f 9429 9566 9563
f 9429 9563 9427
f 9564 9563 9567
f 9567 9563 9566
f 9565 9430 9428
f 9568 9430 9565
f 9431 9569 9566
f 9431 9566 9429
f 9567 9566 9570
f 9570 9566 9569
f 9568 9432 9430
f 9571 9432 9568
f 9433 9572 9569
f 9433 9569 9431
f 9570 9569 9573
f 9573 9569 9572
f 9571 9434 9432
f 9574 9434 9571
f 9435 9575 9572
f 9435 9572 9433
f 9573 9572 9576
f 9576 9572 9575
f 9574 9436 9434
f 9577 9436 9574
f 9437 9578 9575
f 9437 9575 9435
f 9576 9575 9579
f 9579 9575 9578
f 9577 9438 9436
f 9580 9438 9577
f 9439 9581 9578
f 9439 9578 9437
f 9579 9578 9582
f 9582 9578 9581
f 9580 9440 9438
f 9583 9440 9580
f 9441 9584 9581
f 9441 9581 9439
f 9582 9581 9585
f 9585 9581 9584
f 9583 9442 9440
f 9586 9442 9583
f 9443 9587 9584
f 9443 9584 9441
f 9585 9584 9588
f 9588 9584 9587
f 9586 9444 9442
f 9589 9444 9586
f 9445 9590 9587
f 9445 9587 9443
f 9588 9587 9591
f 9591 9587 9590
f 9589 9446 9444
f 9592 9446 9589
f 9447 9593 9590
f 9447 9590 9445
f 9591 9590 9594
f 9594 9590 9593
f 9592 9448 9446
f 9595 9448 9592
f 9449 9596 9593
f 9449 9593 9447
f 9594 9593 9597
f 9597 9593 9596
f 9595 9450 9448
f 9598 9450 9595
f 9451 9599 9596
f 9451 9596 9449
f 9597 9596 9600
f 9600 9596 9599
f 9598 9452 9450
f 9601 9452 9598
f 9453 9602 9599
f 9453 9599 9451
f 9600 9599 9603
f 9603 9599 9602
f 9601 9454 9452
f 9604 9454 9601
f 9455 9605 9602
f 9455 9602 9453
f 9603 9602 9606
f 9606 9602 9605
f 9604 9456 9454
f 9607 9456 9604
f 9457 9608 9605
f 9457 9605 9455
f 9606 9605 9609
f 9609 9605 9608
f 9607 9458 9456
f 9610 9458 9607
f 9459 9611 9608
f 9459 9608 9457
f 9609 9608 9612
f 9612 9608 9611
f 9610 9460 9458
f 9613 9460 9610
f 9461 9614 9611
f 9461 9611 9459
f 9612 9611 9615
f 9615 9611 9614
f 9613 9462 9460
f 9616 9462 9613
f 9463 9617 9614
f 9463 9614 9461
f 9615 9614 9618
f 9618 9614 9617
f 9616 9464 9462
f 9619 9464 9616
f 9465 9620 9617
f 9465 9617 9463
f 9618 9617 9621
f 9621 9617 9620
f 9619 9466 9464
f 9622 9466 9619
f 9467 9623 9620
f 9467 9620 9465
f 9621 9620 9624
f 9624 9620 9623
f 9622 9468 9466
f 9625 9468 9622
f 9469 9623 9467
f 9469 9470 9623
f 9470 9624 9623
f 9470 9626 9624
f 9625 9471 9468
f 9627 9471 9625
f 9628 9626 9470
f 9628 9470 9472
f 9472 9473 9628
f 9628 9473 9629
f 9627 9474 9471
f 9630 9474 9627
f 9475 9629 9473
f 9475 9631 9629
f 9630 9476 9474
f 9632 9476 9630
f 9633 9631 9475
f 9633 9475 9477
f 9477 9478 9633
f 9633 9478 9634
f 9632 9479 9476
f 9635 9479 9632
f 9636 9634 9478
f 9636 9478 9480
f 9480 9481 9636
f 9636 9481 9637
f 9635 9482 9479
f 9638 9482 9635
f 9483 9637 9481
f 9483 9639 9637
f 9638 9484 9482
f 9640 9484 9638
f 9641 9639 9483
f 9641 9483 9485
f 9485 9486 9641
f 9641 9486 9642
f 9640 9487 9484
f 9643 9487 9640
f 9644 9642 9486
f 9644 9486 9488
f 9488 9489 9644
f 9644 9489 9645
f 9643 9490 9487
f 9646 9490 9643
f 9647 9645 9489
f 9647 9489 9491
f 9648 9491 9492
f 9648 9647 9491
f 9649 9492 9493
f 9649 9648 9492
f 9650 9493 9494
f 9650 9649 9493
f 9494 9490 9646
f 9494 9646 9650
f 9496 9651 9495
f 9495 9651 9652
f 9653 9495 9652
f 9497 9495 9653
f 9497 9654 9498
f 9653 9654 9497
f 9498 9655 9499
f 9654 9655 9498
f 9499 9656 9500
f 9655 9656 9499
f 9500 9657 9501
f 9656 9657 9500
f 9501 9658 9502
f 9657 9658 9501
f 9658 9660 9659
f 9503 9658 9659
f 9502 9658 9503
f 9659 9505 9503
f 9506 9661 9651
f 9506 9651 9496
f 9652 9651 9662
f 9662 9651 9661
f 9659 9660 9663
f 9663 9660 9664
f 9663 9508 9505
f 9663 9505 9659
f 9509 9665 9661
f 9509 9661 9506
f 9662 9661 9666
f 9666 9661 9665
f 9663 9664 9667
f 9667 9664 9668
f 9667 9511 9508
f 9667 9508 9663
f 9512 9665 9509
f 9669 9666 9665
f 9512 9669 9665
f 9513 9669 9512
f 9670 9513 9514
f 9670 9669 9513
f 9671 9514 9515
f 9671 9670 9514
f 9672 9515 9516
f 9672 9671 9515
f 9673 9516 9517
f 9673 9672 9516
f 9674 9517 9518
f 9674 9673 9517
f 9519 9667 9668
f 9674 9519 9668
f 9518 9519 9674
f 9667 9519 9511
f 9676 9675 9520
f 9676 9520 9521
f 9520 9677 9522
f 9675 9677 9520
f 9522 9678 9523
f 9677 9678 9522
f 9523 9679 9524
f 9678 9679 9523
f 9524 9680 9525
f 9679 9680 9524
f 9526 9525 9680
f 9526 9680 9681
f 9527 9676 9521
f 9527 9682 9676
f 9681 9528 9526
f 9683 9528 9681
f 9685 9684 9529
f 9685 9529 9530
f 9527 9529 9682
f 9682 9529 9684
f 9683 9531 9528
f 9686 9531 9683
f 9688 9687 9532
f 9688 9532 9533
f 9530 9532 9685
f 9685 9532 9687
f 9686 9534 9531
f 9689 9534 9686
f 9535 9688 9533
f 9535 9690 9688
f 9689 9536 9534
f 9691 9536 9689
f 9693 9692 9537
f 9693 9537 9538
f 9535 9537 9690
f 9690 9537 9692
f 9691 9539 9536
f 9694 9539 9691
f 9696 9695 9540
f 9696 9540 9541
f 9538 9540 9693
f 9693 9540 9695
f 9694 9542 9539
f 9697 9542 9694
f 9543 9696 9541
f 9543 9698 9696
f 9697 9544 9542
f 9699 9544 9697
f 9546 9698 9543
f 9546 9700 9698
f 9699 9547 9544
f 9701 9547 9699
f 9549 9700 9546
f 9549 9702 9700
f 9701 9550 9547
f 9703 9550 9701
f 9552 9702 9549
f 9552 9704 9702
f 9703 9553 9550
f 9705 9553 9703
f 9555 9704 9552
f 9555 9706 9704
f 9705 9556 9553
f 9707 9556 9705
f 9558 9706 9555
f 9558 9708 9706
f 9707 9559 9556
f 9709 9559 9707
f 9561 9708 9558
f 9561 9710 9708
f 9709 9562 9559
f 9711 9562 9709
f 9564 9710 9561
f 9564 9712 9710
f 9711 9565 9562
f 9713 9565 9711
f 9567 9712 9564
f 9567 9714 9712
f 9713 9568 9565
f 9715 9568 9713
f 9570 9714 9567
f 9570 9716 9714
f 9715 9571 9568
f 9717 9571 9715
f 9573 9716 9570
f 9573 9718 9716
f 9717 9574 9571
f 9719 9574 9717
f 9576 9718 9573
f 9576 9720 9718
f 9719 9577 9574
f 9721 9577 9719
f 9579 9720 9576
f 9579 9722 9720
f 9721 9580 9577
f 9723 9580 9721
f 9582 9722 9579
f 9582 9724 9722
f 9723 9583 9580
f 9725 9583 9723
f 9585 9724 9582
f 9585 9726 9724
f 9725 9586 9583
f 9727 9586 9725
f 9588 9726 9585
f 9588 9728 9726
f 9727 9589 9586
f 9729 9589 9727
f 9591 9728 9588
f 9591 9730 9728
f 9729 9592 9589
f 9731 9592 9729
f 9594 9730 9591
f 9594 9732 9730
f 9731 9595 9592
f 9733 9595 9731
f 9597 9732 9594
f 9597 9734 9732
f 9733 9598 9595
f 9735 9598 9733
f 9600 9734 9597
f 9600 9736 9734
f 9735 9601 9598
f 9737 9601 9735
f 9603 9736 9600
f 9603 9738 9736
f 9737 9604 9601
f 9739 9604 9737
f 9606 9738 9603
f 9606 9740 9738
f 9739 9607 9604
f 9741 9607 9739
f 9609 9740 9606
f 9609 9742 9740
f 9741 9610 9607
f 9743 9610 9741
f 9612 9742 9609
f 9612 9744 9742
f 9743 9613 9610
f 9745 9613 9743
f 9615 9744 9612
f 9615 9746 9744
f 9745 9616 9613
f 9747 9616 9745
f 9618 9746 9615
f 9618 9748 9746
f 9747 9619 9616
f 9749 9619 9747
f 9621 9748 9618
f 9621 9750 9748
f 9749 9622 9619
f 9751 9622 9749
f 9624 9750 9621
f 9624 9752 9750
f 9751 9625 9622
f 9753 9625 9751
f 9626 9752 9624
f 9626 9754 9752
f 9753 9627 9625
f 9755 9627 9753
f 9756 9754 9626
f 9756 9626 9628
f 9628 9629 9756
f 9756 9629 9757
f 9755 9630 9627
f 9758 9630 9755
f 9631 9757 9629
f 9631 9759 9757
f 9758 9632 9630
f 9760 9632 9758
f 9761 9759 9631
f 9761 9631 9633
f 9633 9634 9761
f 9761 9634 9762
f 9760 9635 9632
f 9763 9635 9760
f 9764 9762 9634
f 9764 9634 9636
f 9636 9637 9764
f 9764 9637 9765
f 9763 9638 9635
f 9766 9638 9763
f 9639 9765 9637
f 9639 9767 9765
f 9766 9640 9638
f 9768 9640 9766
f 9769 9767 9639
f 9769 9639 9641
f 9641 9642 9769
f 9769 9642 9770
f 9768 9643 9640
f 9771 9643 9768
f 9772 9770 9642
f 9772 9642 9644
f 9644 9645 9772
f 9772 9645 9773
f 9771 9646 9643
f 9774 9646 9771
f 9775 9773 9645
f 9775 9645 9647
f 9776 9647 9648
f 9776 9775 9647
f 9777 9648 9649
f 9777 9776 9648
f 9778 9649 9650
f 9778 9777 9649
f 9650 9646 9774
f 9650 9774 9778
f 9652 9779 9653
f 9653 9779 9780
f 9781 9653 9780
f 9654 9653 9781
f 9654 9782 9655
f 9781 9782 9654
f 9655 9783 9656
f 9782 9783 9655
f 9656 9784 9657
f 9783 9784 9656
f 9784 9786 9785
f 9658 9784 9785
f 9657 9784 9658
f 9785 9660 9658
f 9662 9787 9779
f 9662 9779 9652
f 9780 9779 9788
f 9788 9779 9787
f 9785 9786 9789
f 9789 9786 9790
f 9789 9664 9660
f 9789 9660 9785
f 9666 9791 9787
f 9666 9787 9662
f 9788 9787 9792
f 9792 9787 9791
f 9789 9790 9793
f 9793 9790 9794
f 9793 9668 9664
f 9793 9664 9789
f 9669 9791 9666
f 9795 9792 9791
f 9669 9795 9791
f 9670 9795 9669
f 9796 9670 9671
f 9796 9795 9670
f 9797 9671 9672
f 9797 9796 9671
f 9798 9672 9673
f 9798 9797 9672
f 9674 9793 9794
f 9798 9674 9794
f 9673 9674 9798
f 9793 9674 9668
f 9800 9799 9675
f 9800 9675 9676
f 9675 9801 9677
f 9799 9801 9675
f 9677 9802 9678
f 9801 9802 9677
f 9678 9803 9679
f 9802 9803 9678
f 9679 9804 9680
f 9803 9804 9679
f 9681 9680 9804
f 9681 9804 9805
f 9682 9800 9676
f 9682 9806 9800
f 9805 9683 9681
f 9807 9683 9805
f 9809 9808 9684
f 9809 9684 9685
f 9682 9684 9806
f 9806 9684 9808
f 9807 9686 9683
f 9810 9686 9807
f 9812 9811 9687
f 9812 9687 9688
f 9685 9687 9809
f 9809 9687 9811
f 9810 9689 9686
f 9813 9689 9810
f 9690 9812 9688
f 9690 9814 9812
f 9813 9691 9689
f 9815 9691 9813
f 9817 9816 9692
f 9817 9692 9693
f 9690 9692 9814
f 9814 9692 9816
f 9815 9694 9691
f 9818 9694 9815
f 9696 9819 9695
f 9819 9820 9695
f 9820 9693 9695
f 9820 9817 9693
f 9818 9697 9694
f 9821 9697 9818
f 9698 9822 9819
f 9698 9819 9696
f 9820 9819 9823
f 9823 9819 9822
f 9821 9699 9697
f 9824 9699 9821
f 9700 9825 9822
f 9700 9822 9698
f 9823 9822 9826
f 9826 9822 9825
f 9824 9701 9699
f 9827 9701 9824
f 9702 9828 9825
f 9702 9825 9700
f 9826 9825 9829
f 9829 9825 9828
f 9827 9703 9701
f 9830 9703 9827
f 9704 9831 9828
f 9704 9828 9702
f 9829 9828 9832
f 9832 9828 9831
f 9830 9705 9703
f 9833 9705 9830
f 9706 9834 9831
f 9706 9831 9704
f 9832 9831 9835
f 9835 9831 9834
f 9833 9707 9705
f 9836 9707 9833
f 9708 9837 9834
f 9708 9834 9706
f 9835 9834 9838
f 9838 9834 9837
f 9836 9709 9707
f 9839 9709 9836
f 9710 9840 9837
f 9710 9837 9708
f 9838 9837 9841
f 9841 9837 9840
f 9839 9711 9709
f 9842 9711 9839
f 9712 9843 9840
f 9712 9840 9710
f 9841 9840 9844
f 9844 9840 9843
f 9842 9713 9711
f 9845 9713 9842
f 9714 9846 9843
f 9714 9843 9712
f 9844 9843 9847
f 9847 9843 9846
f 9845 9715 9713
f 9848 9715 9845
f 9716 9849 9846
f 9716 9846 9714
f 9847 9846 9850
f 9850 9846 9849
f 9848 9717 9715
f 9851 9717 9848
f 9718 9852 9849
f 9718 9849 9716
f 9850 9849 9853
f 9853 9849 9852
f 9851 9719 9717
f 9854 9719 9851
f 9720 9855 9852
f 9720 9852 9718
f 9853 9852 9856
f 9856 9852 9855
f 9854 9721 9719
f 9857 9721 9854
f 9722 9858 9855
f 9722 9855 9720
f 9856 9855 9859
f 9859 9855 9858
f 9857 9723 9721
f 9860 9723 9857
f 9724 9861 9858
f 9724 9858 9722
f 9859 9858 9862
f 9862 9858 9861
f 9860 9725 9723
f 9863 9725 9860
f 9726 9864 9861
f 9726 9861 9724
f 9862 9861 9865
f 9865 9861 9864
f 9863 9727 9725
f 9866 9727 9863
f 9728 9867 9864
f 9728 9864 9726
f 9865 9864 9868
f 9868 9864 9867
f 9866 9729 9727
f 9869 9729 9866
f 9730 9870 9867
f 9730 9867 9728
f 9868 9867 9871
f 9871 9867 9870
f 9869 9731 9729
f 9872 9731 9869
f 9732 9873 9870
f 9732 9870 9730
f 9871 9870 9874
f 9874 9870 9873
f 9872 9733 9731
f 9875 9733 9872
f 9734 9876 9873
f 9734 9873 9732
f 9874 9873 9877
f 9877 9873 9876
f 9875 9735 9733
f 9878 9735 9875
f 9736 9879 9876
f 9736 9876 9734
f 9877 9876 9880
f 9880 9876 9879
f 9878 9737 9735
f 9881 9737 9878
f 9738 9882 9879
f 9738 9879 9736
f 9880 9879 9883
f 9883 9879 9882
f 9881 9739 9737
f 9884 9739 9881
f 9740 9885 9882
f 9740 9882 9738
f 9883 9882 9886
f 9886 9882 9885
f 9884 9741 9739
f 9887 9741 9884
f 9742 9888 9885
f 9742 9885 9740
f 9886 9885 9889
f 9889 9885 9888
f 9887 9743 9741
f 9890 9743 9887
f 9744 9891 9888
f 9744 9888 9742
f 9889 9888 9892
f 9892 9888 9891
f 9890 9745 9743
f 9893 9745 9890
f 9746 9894 9891
f 9746 9891 9744
f 9892 9891 9895
f 9895 9891 9894
f 9893 9747 9745
f 9896 9747 9893
f 9748 9897 9894
f 9748 9894 9746
f 9895 9894 9898
f 9898 9894 9897
f 9896 9749 9747
f 9899 9749 9896
f 9750 9900 9897
f 9750 9897 9748
f 9898 9897 9901
f 9901 9897 9900
f 9899 9751 9749
f 9902 9751 9899
f 9752 9903 9900
f 9752 9900 9750
f 9901 9900 9904
f 9904 9900 9903
f 9902 9753 9751
f 9905 9753 9902
f 9754 9906 9903
f 9754 9903 9752
f 9904 9903 9907
f 9907 9903 9906
f 9905 9755 9753
f 9908 9755 9905
f 9756 9906 9754
f 9756 9757 9906
f 9757 9907 9906
f 9757 9909 9907
f 9908 9758 9755
f 9910 9758 9908
f 9759 9909 9757
f 9759 9911 9909
f 9910 9760 9758
f 9912 9760 9910
f 9913 9911 9759
f 9913 9759 9761
f 9761 9762 9913
f 9913 9762 9914
f 9912 9763 9760
f 9915 9763 9912
f 9916 9914 9762
f 9916 9762 9764
f 9764 9765 9916
f 9916 9765 9917
f 9915 9766 9763
f 9918 9766 9915
f 9767 9917 9765
f 9767 9919 9917
f 9918 9768 9766
f 9920 9768 9918
f 9921 9919 9767
f 9921 9767 9769
f 9769 9770 9921
f 9921 9770 9922
f 9920 9771 9768
f 9923 9771 9920
f 9924 9922 9770
f 9924 9770 9772
f 9772 9773 9924
f 9924 9773 9925
f 9923 9774 9771
f 9926 9774 9923
f 9927 9925 9773
f 9927 9773 9775
f 9928 9775 9776
f 9928 9927 9775
f 9929 9776 9777
f 9929 9928 9776
f 9930 9777 9778
f 9930 9929 9777
f 9778 9774 9926
f 9778 9926 9930
f 9780 9931 9781
f 9781 9931 9932
f 9933 9781 9932
f 9782 9781 9933
f 9782 9934 9783
f 9933 9934 9782
f 9783 9935 9784
f 9934 9935 9783
f 9786 9784 9935
f 9786 9935 9936
f 9788 9937 9931
f 9788 9931 9780
f 9932 9931 9938
f 9938 9931 9937
f 9941 9940 9939
f 9936 9941 9939
f 9790 9936 9939
f 9786 9936 9790
f 9792 9942 9937
f 9792 9937 9788
f 9938 9937 9943
f 9943 9937 9942
f 9939 9940 9944
f 9944 9940 9945
f 9944 9794 9790
f 9944 9790 9939
f 9795 9942 9792
f 9946 9943 9942
f 9795 9946 9942
f 9796 9946 9795
f 9947 9796 9797
f 9947 9946 9796
f 9798 9944 9945
f 9947 9798 9945
f 9797 9798 9947
f 9944 9798 9794
f 9949 9948 9799
f 9949 9799 9800
f 9799 9950 9801
f 9948 9950 9799
f 9801 9951 9802
f 9950 9951 9801
f 9802 9952 9803
f 9951 9952 9802
f 9803 9953 9804
f 9952 9953 9803
f 9805 9804 9953
f 9805 9953 9954
f 9806 9949 9800
f 9806 9955 9949
f 9954 9807 9805
f 9956 9807 9954
f 9958 9957 9808
f 9958 9808 9809
f 9806 9808 9955
f 9955 9808 9957
f 9956 9810 9807
f 9959 9810 9956
f 9961 9960 9811
f 9961 9811 9812
f 9809 9811 9958
f 9958 9811 9960
f 9959 9813 9810
f 9962 9813 9959
f 9814 9961 9812
f 9814 9963 9961
f 9962 9815 9813
f 9964 9815 9962
f 9966 9965 9816
f 9966 9816 9817
f 9814 9816 9963
f 9963 9816 9965
f 9964 9818 9815
f 9967 9818 9964
f 9820 9966 9817
f 9820 9968 9966
f 9967 9821 9818
f 9969 9821 9967
f 9823 9968 9820
f 9823 9970 9968
f 9969 9824 9821
f 9971 9824 9969
f 9826 9970 9823
f 9826 9972 9970
f 9971 9827 9824
f 9973 9827 9971
f 9829 9972 9826
f 9829 9974 9972
f 9973 9830 9827
f 9975 9830 9973
f 9832 9974 9829
f 9832 9976 9974
f 9975 9833 9830
f 9977 9833 9975
f 9835 9976 9832
f 9835 9978 9976
f 9977 9836 9833
f 9979 9836 9977
f 9838 9978 9835
f 9838 9980 9978
f 9979 9839 9836
f 9981 9839 9979
f 9841 9980 9838
f 9841 9982 9980
f 9981 9842 9839
f 9983 9842 9981
f 9844 9982 9841
f 9844 9984 9982
f 9983 9845 9842
f 9985 9845 9983
f 9847 9984 9844
f 9847 9986 9984
f 9985 9848 9845
f 9987 9848 9985
f 9850 9986 9847
f 9850 9988 9986
f 9987 9851 9848
f 9989 9851 9987
f 9853 9988 9850
f 9853 9990 9988
f 9989 9854 9851
f 9991 9854 9989
f 9856 9990 9853
f 9856 9992 9990
f 9991 9857 9854
f 9993 9857 9991
f 9859 9992 9856
f 9859 9994 9992
f 9993 9860 9857
f 9995 9860 9993
f 9862 9994 9859
f 9862 9996 9994
f 9995 9863 9860
f 9997 9863 9995
f 9865 9996 9862
f 9865 9998 9996
f 9997 9866 9863
f 9999 9866 9997
f 9868 9998 9865
f 9868 10000 9998
f 9999 9869 9866
f 10001 9869 9999
f 9871 10000 9868
f 9871 10002 10000
f 10001 9872 9869
f 10003 9872 10001
f 9874 10002 9871
f 9874 10004 10002
f 10003 9875 9872
f 10005 9875 10003
f 9877 10004 9874
f 9877 10006 10004
f 10005 9878 9875
f 10007 9878 10005
f 9880 10006 9877
f 9880 10008 10006
f 10007 9881 9878
f 10009 9881 10007
f 9883 10008 9880
f 9883 10010 10008
f 10009 9884 9881
f 10011 9884 10009
f 9886 10010 9883
f 9886 10012 10010
f 10011 9887 9884
f 10013 9887 10011
f 9889 10012 9886
f 9889 10014 10012
f 10013 9890 9887
f 10015 9890 10013
f 9892 10014 9889
f 9892 10016 10014
f 10015 9893 9890
f 10017 9893 10015
f 9895 10016 9892
f 9895 10018 10016
f 10017 9896 9893
f 10019 9896 10017
f 9898 10018 9895
f 9898 10020 10018
f 10019 9899 9896
f 10021 9899 10019
f 9901 10020 9898
f 9901 10022 10020
f 10021 9902 9899
f 10023 9902 10021
f 9904 10022 9901
f 9904 10024 10022
f 10023 9905 9902
f 10025 9905 10023
f 9907 10024 9904
f 9907 10026 10024
f 10025 9908 9905
f 10027 9908 10025
f 9909 10026 9907
f 9909 10028 10026
f 10027 9910 9908
f 10029 9910 10027
f 9911 10028 9909
f 9911 10030 10028
f 10029 9912 9910
f 10031 9912 10029
f 10032 10030 9911
f 10032 9911 9913
f 9913 9914 10032
f 10032 9914 10033
f 10031 9915 9912
f 10034 9915 10031
f 10035 10033 9914
f 10035 9914 9916
f 9916 9917 10035
f 10035 9917 10036
f 10034 9918 9915
f 10037 9918 10034
f 9919 10036 9917
f 9919 10038 10036
f 10037 9920 9918
f 10039 9920 10037
f 10040 10038 9919
f 10040 9919 9921
f 9921 9922 10040
f 10040 9922 10041
f 10039 9923 9920
f 10042 9923 10039
f 10043 10041 9922
f 10043 9922 9924
f 9924 9925 10043
f 10043 9925 10044
f 10042 9926 9923
f 10045 9926 10042
f 10046 10044 9925
f 10046 9925 9927
f 10047 9927 9928
f 10047 10046 9927
f 10048 9928 9929
f 10048 10047 9928
f 10049 9929 9930
f 10049 10048 9929
f 9930 9926 10045
f 9930 10045 10049
f 9932 10050 9933
f 10051 9934 9933
f 10051 9933 10050
f 10052 9935 9934
f 10052 9934 10051
f 10052 9936 9935
f 9938 10053 10050
f 9938 10050 9932
f 10050 10054 10051
f 10050 10053 10054
f 10054 9940 9941
f 10052 10054 9941
f 10051 10054 10052
f 10052 9941 9936
f 9943 10055 10053
f 9943 10053 9938
f 10053 10056 10054
f 10053 10055 10056
f 10056 9945 9940
f 10056 9940 10054
f 9946 10055 9943
f 10055 9946 9947
f 10055 9947 10056
f 10056 9947 9945
f 10058 10057 9948
f 10058 9948 9949
f 9948 10059 9950
f 10057 10059 9948
f 9950 10060 9951
f 10059 10060 9950
f 9951 10061 9952
f 10060 10061 9951
f 9952 10062 9953
f 10061 10062 9952
f 9954 9953 10062
f 9954 10062 10063
f 9955 10058 9949
f 9955 10064 10058
f 10063 9956 9954
f 10065 9956 10063
f 10067 10066 9957
f 10067 9957 9958
f 9955 9957 10064
f 10064 9957 10066
f 10065 9959 9956
f 10068 9959 10065
f 10070 10069 9960
f 10070 9960 9961
f 9958 9960 10067
f 10067 9960 10069
f 10068 9962 9959
f 10071 9962 10068
f 9963 10070 9961
f 9963 10072 10070
f 10071 9964 9962
f 10073 9964 10071
f 9966 10074 9965
f 10074 10075 9965
f 10075 9963 9965
f 10075 10072 9963
f 10073 9967 9964
f 10076 9967 10073
f 9968 10077 10074
f 9968 10074 9966
f 10075 10074 10078
f 10078 10074 10077
f 10076 9969 9967
f 10079 9969 10076
f 9970 10080 10077
f 9970 10077 9968
f 10078 10077 10081
f 10081 10077 10080
f 10079 9971 9969
f 10082 9971 10079
f 9972 10083 10080
f 9972 10080 9970
f 10081 10080 10084
f 10084 10080 10083
f 10082 9973 9971
f 10085 9973 10082
f 9974 10086 10083
f 9974 10083 9972
f 10084 10083 10087
f 10087 10083 10086
f 10085 9975 9973
f 10088 9975 10085
f 9976 10089 10086
f 9976 10086 9974
f 10087 10086 10090
f 10090 10086 10089
f 10088 9977 9975
f 10091 9977 10088
f 9978 10092 10089
f 9978 10089 9976
f 10090 10089 10093
f 10093 10089 10092
f 10091 9979 9977
f 10094 9979 10091
f 9980 10095 10092
f 9980 10092 9978
f 10093 10092 10096
f 10096 10092 10095
f 10094 9981 9979
f 10097 9981 10094
f 9982 10098 10095
f 9982 10095 9980
f 10096 10095 10099
f 10099 10095 10098
f 10097 9983 9981
f 10100 9983 10097
f 9984 10101 10098
f 9984 10098 9982
f 10099 10098 10102
f 10102 10098 10101
f 10100 9985 9983
f 10103 9985 10100
f 9986 10104 10101
f 9986 10101 9984
f 10102 10101 10105
f 10105 10101 10104
f 10103 9987 9985
f 10106 9987 10103
f 9988 10107 10104
f 9988 10104 9986
f 10105 10104 10108
f 10108 10104 10107
f 10106 9989 9987
f 10109 9989 10106
f 9990 10110 10107
f 9990 10107 9988
f 10108 10107 10111
f 10111 10107 10110
f 10109 9991 9989
f 10112 9991 10109
f 9992 10113 10110
f 9992 10110 9990
f 10111 10110 10114
f 10114 10110 10113
f 10112 9993 9991
f 10115 9993 10112
f 9994 10116 10113
f 9994 10113 9992
f 10114 10113 10117
f 10117 10113 10116
f 10115 9995 9993
f 10118 9995 10115
f 9996 10119 10116
f 9996 10116 9994
f 10117 10116 10120
f 10120 10116 10119
f 10118 9997 9995
f 10121 9997 10118
f 9998 10122 10119
f 9998 10119 9996
f 10120 10119 10123
f 10123 10119 10122
f 10121 9999 9997
f 10124 9999 10121
f 10000 10125 10122
f 10000 10122 9998
f 10123 10122 10126
f 10126 10122 10125
f 10124 10001 9999
f 10127 10001 10124
f 10002 10128 10125
f 10002 10125 10000
f 10126 10125 10129
f 10129 10125 10128
f 10127 10003 10001
f 10130 10003 10127
f 10004 10131 10128
f 10004 10128 10002
f 10129 10128 10132
f 10132 10128 10131
f 10130 10005 10003
f 10133 10005 10130
f 10006 10134 10131
f 10006 10131 10004
f 10132 10131 10135
f 10135 10131 10134
f 10133 10007 10005
f 10136 10007 10133
f 10008 10137 10134
f 10008 10134 10006
f 10135 10134 10138
f 10138 10134 10137
f 10136 10009 10007
f 10139 10009 10136
f 10010 10140 10137
f 10010 10137 10008
f 10138 10137 10141
f 10141 10137 10140
f 10139 10011 10009
f 10142 10011 10139
f 10012 10143 10140
f 10012 10140 10010
f 10141 10140 10144
f 10144 10140 10143
f 10142 10013 10011
f 10145 10013 10142
f 10014 10146 10143
f 10014 10143 10012
f 10144 10143 10147
f 10147 10143 10146
f 10145 10015 10013
f 10148 10015 10145
f 10016 10149 10146
f 10016 10146 10014
f 10147 10146 10150
f 10150 10146 10149
f 10148 10017 10015
f 10151 10017 10148
f 10018 10152 10149
f 10018 10149 10016
f 10150 10149 10153
f 10153 10149 10152
f 10151 10019 10017
f 10154 10019 10151
f 10020 10155 10152
f 10020 10152 10018
f 10153 10152 10156
f 10156 10152 10155
f 10154 10021 10019
f 10157 10021 10154
f 10022 10158 10155
f 10022 10155 10020
f 10156 10155 10159
f 10159 10155 10158
f 10157 10023 10021
f 10160 10023 10157
f 10024 10161 10158
f 10024 10158 10022
f 10159 10158 10162
f 10162 10158 10161
f 10160 10025 10023
f 10163 10025 10160
f 10026 10164 10161
f 10026 10161 10024
f 10162 10161 10165
f 10165 10161 10164
f 10163 10027 10025
f 10166 10027 10163
f 10028 10167 10164
f 10028 10164 10026
f 10165 10164 10168
f 10168 10164 10167
f 10166 10029 10027
f 10169 10029 10166
f 10030 10170 10167
f 10030 10167 10028
f 10168 10167 10171
f 10171 10167 10170
f 10169 10031 10029
f 10172 10031 10169
f 10032 10170 10030
f 10032 10033 10170
f 10033 10171 10170
f 10033 10173 10171
f 10172 10034 10031
f 10174 10034 10172
f 10175 10173 10033
f 10175 10033 10035
f 10035 10036 10175
f 10175 10036 10176
f 10174 10037 10034
f 10177 10037 10174
f 10038 10176 10036
f 10038 10178 10176
f 10177 10039 10037
f 10179 10039 10177
f 10180 10178 10038
f 10180 10038 10040
f 10040 10041 10180
f 10180 10041 10181
f 10179 10042 10039
f 10182 10042 10179
f 10183 10181 10041
f 10183 10041 10043
f 10043 10044 10183
f 10183 10044 10184
f 10182 10045 10042
f 10185 10045 10182
f 10186 10184 10044
f 10186 10044 10046
f 10187 10046 10047
f 10187 10186 10046
f 10188 10047 10048
f 10188 10187 10047
f 10189 10048 10049
f 10189 10188 10048
f 10049 10045 10185
f 10049 10185 10189
f 10191 10190 10057
f 10191 10057 10058
f 10057 10192 10059
f 10190 10192 10057
f 10059 10193 10060
f 10192 10193 10059
f 10060 10194 10061
f 10193 10194 10060
f 10061 10195 10062
f 10194 10195 10061
f 10063 10062 10195
f 10063 10195 10196
f 10064 10191 10058
f 10064 10197 10191
f 10196 10065 10063
f 10198 10065 10196
f 10200 10199 10066
f 10200 10066 10067
f 10064 10066 10197
f 10197 10066 10199
f 10198 10068 10065
f 10201 10068 10198
f 10203 10202 10069
f 10203 10069 10070
f 10067 10069 10200
f 10200 10069 10202
f 10201 10071 10068
f 10204 10071 10201
f 10072 10203 10070
f 10072 10205 10203
f 10204 10073 10071
f 10206 10073 10204
f 10075 10205 10072
f 10075 10207 10205
f 10206 10076 10073
f 10208 10076 10206
f 10078 10207 10075
f 10078 10209 10207
f 10208 10079 10076
f 10210 10079 10208
f 10081 10209 10078
f 10081 10211 10209
f 10210 10082 10079
f 10212 10082 10210
f 10084 10211 10081
f 10084 10213 10211
f 10212 10085 10082
f 10214 10085 10212
f 10087 10213 10084
f 10087 10215 10213
f 10214 10088 10085
f 10216 10088 10214
f 10090 10215 10087
f 10090 10217 10215
f 10216 10091 10088
f 10218 10091 10216
f 10093 10217 10090
f 10093 10219 10217
f 10218 10094 10091
f 10220 10094 10218
f 10096 10219 10093
f 10096 10221 10219
f 10220 10097 10094
f 10222 10097 10220
f 10099 10221 10096
f 10099 10223 10221
f 10222 10100 10097
f 10224 10100 10222
f 10102 10223 10099
f 10102 10225 10223
f 10224 10103 10100
f 10226 10103 10224
f 10105 10225 10102
f 10105 10227 10225
f 10226 10106 10103
f 10228 10106 10226
f 10108 10227 10105
f 10108 10229 10227
f 10228 10109 10106
f 10230 10109 10228
f 10111 10229 10108
f 10111 10231 10229
f 10230 10112 10109
f 10232 10112 10230
f 10114 10231 10111
f 10114 10233 10231
f 10232 10115 10112
f 10234 10115 10232
f 10117 10233 10114
f 10117 10235 10233
f 10234 10118 10115
f 10236 10118 10234
f 10120 10235 10117
f 10120 10237 10235
f 10236 10121 10118
f 10238 10121 10236
f 10123 10237 10120
f 10123 10239 10237
f 10238 10124 10121
f 10240 10124 10238
f 10126 10239 10123
f 10126 10241 10239
f 10240 10127 10124
f 10242 10127 10240
f 10129 10241 10126
f 10129 10243 10241
f 10242 10130 10127
f 10244 10130 10242
f 10132 10243 10129
f 10132 10245 10243
f 10244 10133 10130
f 10246 10133 10244
f 10135 10245 10132
f 10135 10247 10245
f 10246 10136 10133
f 10248 10136 10246
f 10138 10247 10135
f 10138 10249 10247
f 10248 10139 10136
f 10250 10139 10248
f 10141 10249 10138
f 10141 10251 10249
f 10250 10142 10139
f 10252 10142 10250
f 10144 10251 10141
f 10144 10253 10251
f 10252 10145 10142
f 10254 10145 10252
f 10147 10253 10144
f 10147 10255 10253
f 10254 10148 10145
f 10256 10148 10254
f 10150 10255 10147
f 10150 10257 10255
f 10256 10151 10148
f 10258 10151 10256
f 10153 10257 10150
f 10153 10259 10257
f 10258 10154 10151
f 10260 10154 10258
f 10156 10259 10153
f 10156 10261 10259
f 10260 10157 10154
f 10262 10157 10260
f 10159 10261 10156
f 10159 10263 10261
f 10262 10160 10157
f 10264 10160 10262
f 10162 10263 10159
f 10162 10265 10263
f 10264 10163 10160
f 10266 10163 10264
f 10165 10265 10162
f 10165 10267 10265
f 10266 10166 10163
f 10268 10166 10266
f 10168 10267 10165
f 10168 10269 10267
f 10268 10169 10166
f 10270 10169 10268
f 10171 10269 10168
f 10171 10271 10269
f 10270 10172 10169
f 10272 10172 10270
f 10173 10271 10171
f 10173 10273 10271
f 10272 10174 10172
f 10274 10174 10272
f 10275 10273 10173
f 10275 10173 10175
f 10175 10176 10275
f 10275 10176 10276
f 10274 10177 10174
f 10277 10177 10274
f 10178 10276 10176
f 10178 10278 10276
f 10277 10179 10177
f 10279 10179 10277
f 10280 10278 10178
f 10280 10178 10180
f 10180 10181 10280
f 10280 10181 10281
f 10279 10182 10179
f 10282 10182 10279
f 10283 10281 10181
f 10283 10181 10183
f 10183 10184 10283
f 10283 10184 10284
f 10282 10185 10182
f 10285 10185 10282
f 10286 10284 10184
f 10286 10184 10186
f 10287 10186 10187
f 10287 10286 10186
f 10288 10187 10188
f 10288 10287 10187
f 10289 10188 10189
f 10289 10288 10188
f 10189 10185 10285
f 10189 10285 10289
f 10291 10290 10190
f 10291 10190 10191
f 10190 10292 10192
f 10290 10292 10190
f 10192 10293 10193
f 10292 10293 10192
f 10193 10294 10194
f 10293 10294 10193
f 10194 10295 10195
f 10294 10295 10194
f 10196 10195 10295
f 10196 10295 10296
f 10197 10291 10191
f 10197 10297 10291
f 10296 10198 10196
f 10298 10198 10296
f 10300 10299 10199
f 10300 10199 10200
f 10197 10199 10297
f 10297 10199 10299
f 10298 10201 10198
f 10301 10201 10298
f 10203 10302 10202
f 10302 10303 10202
f 10303 10200 10202
f 10303 10300 10200
f 10301 10204 10201
f 10304 10204 10301
f 10205 10305 10302
f 10205 10302 10203
f 10303 10302 10306
f 10306 10302 10305
f 10304 10206 10204
f 10307 10206 10304
f 10207 10308 10305
f 10207 10305 10205
f 10306 10305 10309
f 10309 10305 10308
f 10307 10208 10206
f 10310 10208 10307
f 10209 10311 10308
f 10209 10308 10207
f 10309 10308 10312
f 10312 10308 10311
f 10310 10210 10208
f 10313 10210 10310
f 10211 10314 10311
f 10211 10311 10209
f 10312 10311 10315
f 10315 10311 10314
f 10313 10212 10210
f 10316 10212 10313
f 10213 10317 10314
f 10213 10314 10211
f 10315 10314 10318
f 10318 10314 10317
f 10316 10214 10212
f 10319 10214 10316
f 10215 10320 10317
f 10215 10317 10213
f 10318 10317 10321
f 10321 10317 10320
f 10319 10216 10214
f 10322 10216 10319
f 10217 10323 10320
f 10217 10320 10215
f 10321 10320 10324
f 10324 10320 10323
f 10322 10218 10216
f 10325 10218 10322
f 10219 10326 10323
f 10219 10323 10217
f 10324 10323 10327
f 10327 10323 10326
f 10325 10220 10218
f 10328 10220 10325
f 10221 10329 10326
f 10221 10326 10219
f 10327 10326 10330
f 10330 10326 10329
f 10328 10222 10220
f 10331 10222 10328
f 10223 10332 10329
f 10223 10329 10221
f 10330 10329 10333
f 10333 10329 10332
f 10331 10224 10222
f 10334 10224 10331
f 10225 10335 10332
f 10225 10332 10223
f 10333 10332 10336
f 10336 10332 10335
f 10334 10226 10224
f 10337 10226 10334
f 10227 10338 10335
f 10227 10335 10225
f 10336 10335 10339
f 10339 10335 10338
f 10337 10228 10226
f 10340 10228 10337
f 10229 10341 10338
f 10229 10338 10227
f 10339 10338 10342
f 10342 10338 10341
f 10340 10230 10228
f 10343 10230 10340
f 10231 10344 10341
f 10231 10341 10229
f 10342 10341 10345
f 10345 10341 10344
f 10343 10232 10230
f 10346 10232 10343
f 10233 10347 10344
f 10233 10344 10231
f 10345 10344 10348
f 10348 10344 10347
f 10346 10234 10232
f 10349 10234 10346
f 10235 10350 10347
f 10235 10347 10233
f 10348 10347 10351
f 10351 10347 10350
f 10349 10236 10234
f 10352 10236 10349
f 10237 10353 10350
f 10237 10350 10235
f 10351 10350 10354
f 10354 10350 10353
f 10352 10238 10236
f 10355 10238 10352
f 10239 10356 10353
f 10239 10353 10237
f 10354 10353 10357
f 10357 10353 10356
f 10355 10240 10238
f 10358 10240 10355
f 10241 10359 10356
f 10241 10356 10239
f 10357 10356 10360
f 10360 10356 10359
f 10358 10242 10240
f 10361 10242 10358
f 10243 10362 10359
f 10243 10359 10241
f 10360 10359 10363
f 10363 10359 10362
f 10361 10244 10242
f 10364 10244 10361
f 10245 10365 10362
f 10245 10362 10243
f 10363 10362 10366
f 10366 10362 10365
f 10364 10246 10244
f 10367 10246 10364
f 10247 10368 10365
f 10247 10365 10245
f 10366 10365 10369
f 10369 10365 10368
f 10367 10248 10246
f 10370 10248 10367
f 10249 10371 10368
f 10249 10368 10247
f 10369 10368 10372
f 10372 10368 10371
f 10370 10250 10248
f 10373 10250 10370
f 10251 10374 10371
f 10251 10371 10249
f 10372 10371 10375
f 10375 10371 10374
f 10373 10252 10250
f 10376 10252 10373
f 10253 10377 10374
f 10253 10374 10251
f 10375 10374 10378
f 10378 10374 10377
f 10376 10254 10252
f 10379 10254 10376
f 10255 10380 10377
f 10255 10377 10253
f 10378 10377 10381
f 10381 10377 10380
f 10379 10256 10254
f 10382 10256 10379
f 10257 10383 10380
f 10257 10380 10255
f 10381 10380 10384
f 10384 10380 10383
f 10382 10258 10256
f 10385 10258 10382
f 10259 10386 10383
f 10259 10383 10257
f 10384 10383 10387
f 10387 10383 10386
f 10385 10260 10258
f 10388 10260 10385
f 10261 10389 10386
f 10261 10386 10259
f 10387 10386 10390
f 10390 10386 10389
f 10388 10262 10260
f 10391 10262 10388
f 10263 10392 10389
f 10263 10389 10261
f 10390 10389 10393
f 10393 10389 10392
f 10391 10264 10262
f 10394 10264 10391
f 10265 10395 10392
f 10265 10392 10263
f 10393 10392 10396
f 10396 10392 10395
f 10394 10266 10264
f 10397 10266 10394
f 10267 10398 10395
f 10267 10395 10265
f 10396 10395 10399
f 10399 10395 10398
f 10397 10268 10266
f 10400 10268 10397
f 10269 10401 10398
f 10269 10398 10267
f 10399 10398 10402
f 10402 10398 10401
f 10400 10270 10268
f 10403 10270 10400
f 10271 10404 10401
f 10271 10401 10269
f 10402 10401 10405
f 10405 10401 10404
f 10403 10272 10270
f 10406 10272 10403
f 10273 10407 10404
f 10273 10404 10271
f 10405 10404 10408
f 10408 10404 10407
f 10406 10274 10272
f 10409 10274 10406
f 10275 10407 10273
f 10275 10276 10407
f 10276 10408 10407
f 10276 10410 10408
f 10409 10277 10274
f 10411 10277 10409
f 10278 10410 10276
f 10278 10412 10410
f 10411 10279 10277
f 10413 10279 10411
f 10414 10412 10278
f 10414 10278 10280
f 10280 10281 10414
f 10414 10281 10415
f 10413 10282 10279
f 10416 10282 10413
f 10417 10415 10281
f 10417 10281 10283
f 10283 10284 10417
f 10417 10284 10418
f 10416 10285 10282
f 10419 10285 10416
f 10420 10418 10284
f 10420 10284 10286
f 10421 10286 10287
f 10421 10420 10286
f 10422 10287 10288
f 10422 10421 10287
f 10423 10288 10289
f 10423 10422 10288
f 10289 10285 10419
f 10289 10419 10423
f 10425 10424 10290
f 10425 10290 10291
f 10290 10426 10292
f 10424 10426 10290
f 10292 10427 10293
f 10426 10427 10292
f 10293 10428 10294
f 10427 10428 10293
f 10294 10429 10295
f 10428 10429 10294
f 10296 10295 10429
f 10296 10429 10430
f 10297 10425 10291
f 10297 10431 10425
f 10430 10298 10296
f 10432 10298 10430
f 10434 10433 10299
f 10434 10299 10300
f 10297 10299 10431
f 10431 10299 10433
f 10432 10301 10298
f 10435 10301 10432
f 10303 10434 10300
f 10303 10436 10434
f 10435 10304 10301
f 10437 10304 10435
f 10306 10436 10303
f 10306 10438 10436
f 10437 10307 10304
f 10439 10307 10437
f 10309 10438 10306
f 10309 10440 10438
f 10439 10310 10307
f 10441 10310 10439
f 10312 10440 10309
f 10312 10442 10440
f 10441 10313 10310
f 10443 10313 10441
f 10315 10442 10312
f 10315 10444 10442
f 10443 10316 10313
f 10445 10316 10443
f 10318 10444 10315
f 10318 10446 10444
f 10445 10319 10316
f 10447 10319 10445
f 10321 10446 10318
f 10321 10448 10446
f 10447 10322 10319
f 10449 10322 10447
f 10324 10448 10321
f 10324 10450 10448
f 10449 10325 10322
f 10451 10325 10449
f 10327 10450 10324
f 10327 10452 10450
f 10451 10328 10325
f 10453 10328 10451
f 10330 10452 10327
f 10330 10454 10452
f 10453 10331 10328
f 10455 10331 10453
f 10333 10454 10330
f 10333 10456 10454
f 10455 10334 10331
f 10457 10334 10455
f 10336 10456 10333
f 10336 10458 10456
f 10457 10337 10334
f 10459 10337 10457
f 10339 10458 10336
f 10339 10460 10458
f 10459 10340 10337
f 10461 10340 10459
f 10342 10460 10339
f 10342 10462 10460
f 10461 10343 10340
f 10463 10343 10461
f 10345 10462 10342
f 10345 10464 10462
f 10463 10346 10343
f 10465 10346 10463
f 10348 10464 10345
f 10348 10466 10464
f 10465 10349 10346
f 10467 10349 10465
f 10351 10466 10348
f 10351 10468 10466
f 10467 10352 10349
f 10469 10352 10467
f 10354 10468 10351
f 10354 10470 10468
f 10469 10355 10352
f 10471 10355 10469
f 10357 10470 10354
f 10357 10472 10470
f 10471 10358 10355
f 10473 10358 10471
f 10360 10472 10357
f 10360 10474 10472
f 10473 10361 10358
f 10475 10361 10473
f 10363 10474 10360
f 10363 10476 10474
f 10475 10364 10361
f 10477 10364 10475
f 10366 10476 10363
f 10366 10478 10476
f 10477 10367 10364
f 10479 10367 10477
f 10369 10478 10366
f 10369 10480 10478
f 10479 10370 10367
f 10481 10370 10479
f 10372 10480 10369
f 10372 10482 10480
f 10481 10373 10370
f 10483 10373 10481
f 10375 10482 10372
f 10375 10484 10482
f 10483 10376 10373
f 10485 10376 10483
f 10378 10484 10375
f 10378 10486 10484
f 10485 10379 10376
f 10487 10379 10485
f 10381 10486 10378
f 10381 10488 10486
f 10487 10382 10379
f 10489 10382 10487
f 10384 10488 10381
f 10384 10490 10488
f 10489 10385 10382
f 10491 10385 10489
f 10387 10490 10384
f 10387 10492 10490
f 10491 10388 10385
f 10493 10388 10491
f 10390 10492 10387
f 10390 10494 10492
f 10493 10391 10388
f 10495 10391 10493
f 10393 10494 10390
f 10393 10496 10494
f 10495 10394 10391
f 10497 10394 10495
f 10396 10496 10393
f 10396 10498 10496
f 10497 10397 10394
f 10499 10397 10497
f 10399 10498 10396
f 10399 10500 10498
f 10499 10400 10397
f 10501 10400 10499
f 10402 10500 10399
f 10402 10502 10500
f 10501 10403 10400
f 10503 10403 10501
f 10405 10502 10402
f 10405 10504 10502
f 10503 10406 10403
f 10505 10406 10503
f 10408 10504 10405
f 10408 10506 10504
f 10505 10409 10406
f 10507 10409 10505
f 10410 10506 10408
f 10410 10508 10506
f 10507 10411 10409
f 10509 10411 10507
f 10412 10508 10410
f 10412 10510 10508
f 10509 10413 10411
f 10511 10413 10509
f 10512 10510 10412
f 10512 10412 10414
f 10414 10415 10512
f 10512 10415 10513
f 10511 10416 10413
f 10514 10416 10511
f 10515 10513 10415
f 10515 10415 10417
f 10417 10418 10515
f 10515 10418 10516
f 10514 10419 10416
f 10517 10419 10514
f 10518 10516 10418
f 10518 10418 10420
f 10519 10420 10421
f 10519 10518 10420
f 10520 10421 10422
f 10520 10519 10421
f 10521 10422 10423
f 10521 10520 10422
f 10423 10419 10517
f 10423 10517 10521
f 10523 10522 10424
f 10523 10424 10425
f 10424 10524 10426
f 10522 10524 10424
f 10426 10525 10427
f 10524 10525 10426
f 10427 10526 10428
f 10525 10526 10427
f 10428 10527 10429
f 10526 10527 10428
f 10430 10429 10527
f 10430 10527 10528
f 10431 10523 10425
f 10431 10529 10523
f 10528 10432 10430
f 10530 10432 10528
f 10434 10531 10433
f 10531 10532 10433
f 10532 10431 10433
f 10532 10529 10431
f 10530 10435 10432
f 10533 10435 10530
f 10436 10534 10531
f 10436 10531 10434
f 10532 10531 10535
f 10535 10531 10534
f 10533 10437 10435
f 10536 10437 10533
f 10438 10537 10534
f 10438 10534 10436
f 10535 10534 10538
f 10538 10534 10537
f 10536 10439 10437
f 10539 10439 10536
f 10440 10540 10537
f 10440 10537 10438
f 10538 10537 10541
f 10541 10537 10540
f 10539 10441 10439
f 10542 10441 10539
f 10442 10543 10540
f 10442 10540 10440
f 10541 10540 10544
f 10544 10540 10543
f 10542 10443 10441
f 10545 10443 10542
f 10444 10546 10543
f 10444 10543 10442
f 10544 10543 10547
f 10547 10543 10546
f 10545 10445 10443
f 10548 10445 10545
f 10446 10549 10546
f 10446 10546 10444
f 10547 10546 10550
f 10550 10546 10549
f 10548 10447 10445
f 10551 10447 10548
f 10448 10552 10549
f 10448 10549 10446
f 10550 10549 10553
f 10553 10549 10552
f 10551 10449 10447
f 10554 10449 10551
f 10450 10555 10552
f 10450 10552 10448
f 10553 10552 10556
f 10556 10552 10555
f 10554 10451 10449
f 10557 10451 10554
f 10452 10558 10555
f 10452 10555 10450
f 10556 10555 10559
f 10559 10555 10558
f 10557 10453 10451
f 10560 10453 10557
f 10454 10561 10558
f 10454 10558 10452
f 10559 10558 10562
f 10562 10558 10561
f 10560 10455 10453
f 10563 10455 10560
f 10456 10564 10561
f 10456 10561 10454
f 10562 10561 10565
f 10565 10561 10564
f 10563 10457 10455
f 10566 10457 10563
f 10458 10567 10564
f 10458 10564 10456
f 10565 10564 10568
f 10568 10564 10567
f 10566 10459 10457
f 10569 10459 10566
f 10460 10570 10567
f 10460 10567 10458
f 10568 10567 10571
f 10571 10567 10570
f 10569 10461 10459
f 10572 10461 10569
f 10462 10573 10570
f 10462 10570 10460
f 10571 10570 10574
f 10574 10570 10573
f 10572 10463 10461
f 10575 10463 10572
f 10464 10576 10573
f 10464 10573 10462
f 10574 10573 10577
f 10577 10573 10576
f 10575 10465 10463
f 10578 10465 10575
f 10466 10579 10576
f 10466 10576 10464
f 10577 10576 10580
f 10580 10576 10579
f 10578 10467 10465
f 10581 10467 10578
f 10468 10582 10579
f 10468 10579 10466
f 10580 10579 10583
f 10583 10579 10582
f 10581 10469 10467
f 10584 10469 10581
f 10470 10585 10582
f 10470 10582 10468
f 10583 10582 10586
f 10586 10582 10585
f 10584 10471 10469
f 10587 10471 10584
f 10472 10588 10585
f 10472 10585 10470
f 10586 10585 10589
f 10589 10585 10588
f 10587 10473 10471
f 10590 10473 10587
f 10474 10591 10588
f 10474 10588 10472
f 10589 10588 10592
f 10592 10588 10591
f 10590 10475 10473
f 10593 10475 10590
f 10476 10594 10591
f 10476 10591 10474
f 10592 10591 10595
f 10595 10591 10594
f 10593 10477 10475
f 10596 10477 10593
f 10478 10597 10594
f 10478 10594 10476
f 10595 10594 10598
f 10598 10594 10597
f 10596 10479 10477
f 10599 10479 10596
f 10480 10600 10597
f 10480 10597 10478
f 10598 10597 10601
f 10601 10597 10600
f 10599 10481 10479
f 10602 10481 10599
f 10482 10603 10600
f 10482 10600 10480
f 10601 10600 10604
f 10604 10600 10603
f 10602 10483 10481
f 10605 10483 10602
f 10484 10606 10603
f 10484 10603 10482
f 10604 10603 10607
f 10607 10603 10606
f 10605 10485 10483
f 10608 10485 10605
f 10486 10609 10606
f 10486 10606 10484
f 10607 10606 10610
f 10610 10606 10609
f 10608 10487 10485
f 10611 10487 10608
f 10488 10612 10609
f 10488 10609 10486
f 10610 10609 10613
f 10613 10609 10612
f 10611 10489 10487
f 10614 10489 10611
f 10490 10615 10612
f 10490 10612 10488
f 10613 10612 10616
f 10616 10612 10615
f 10614 10491 10489
f 10617 10491 10614
f 10492 10618 10615
f 10492 10615 10490
f 10616 10615 10619
f 10619 10615 10618
f 10617 10493 10491
f 10620 10493 10617
f 10494 10621 10618
f 10494 10618 10492
f 10619 10618 10622
f 10622 10618 10621
f 10620 10495 10493
f 10623 10495 10620
f 10496 10624 10621
f 10496 10621 10494
f 10622 10621 10625
f 10625 10621 10624
f 10623 10497 10495
f 10626 10497 10623
f 10498 10627 10624
f 10498 10624 10496
f 10625 10624 10628
f 10628 10624 10627
f 10626 10499 10497
f 10629 10499 10626
f 10500 10630 10627
f 10500 10627 10498
f 10628 10627 10631
f 10631 10627 10630
f 10629 10501 10499
f 10632 10501 10629
f 10502 10633 10630
f 10502 10630 10500
f 10631 10630 10634
f 10634 10630 10633
f 10632 10503 10501
f 10635 10503 10632
f 10504 10636 10633
f 10504 10633 10502
f 10634 10633 10637
f 10637 10633 10636
f 10635 10505 10503
f 10638 10505 10635
f 10506 10639 10636
f 10506 10636 10504
f 10637 10636 10640
f 10640 10636 10639
f 10638 10507 10505
f 10641 10507 10638
f 10508 10642 10639
f 10508 10639 10506
f 10640 10639 10643
f 10643 10639 10642
f 10641 10509 10507
f 10644 10509 10641
f 10510 10645 10642
f 10510 10642 10508
f 10643 10642 10646
f 10646 10642 10645
f 10644 10511 10509
f 10647 10511 10644
f 10512 10645 10510
f 10512 10513 10645
f 10513 10646 10645
f 10513 10648 10646
f 10647 10514 10511
f 10649 10514 10647
f 10650 10648 10513
f 10650 10513 10515
f 10515 10516 10650
f 10650 10516 10651
f 10649 10517 10514
f 10652 10517 10649
f 10653 10651 10516
f 10653 10516 10518
f 10654 10518 10519
f 10654 10653 10518
f 10655 10519 10520
f 10655 10654 10519
f 10656 10520 10521
f 10656 10655 10520
f 10521 10517 10652
f 10521 10652 10656
f 10658 10657 10522
f 10658 10522 10523
f 10522 10659 10524
f 10657 10659 10522
f 10524 10660 10525
f 10659 10660 10524
f 10525 10661 10526
f 10660 10661 10525
f 10526 10662 10527
f 10661 10662 10526
f 10528 10527 10662
f 10528 10662 10663
f 10529 10658 10523
f 10529 10664 10658
f 10663 10530 10528
f 10665 10530 10663
f 10532 10664 10529
f 10532 10666 10664
f 10665 10533 10530
f 10667 10533 10665
f 10535 10666 10532
f 10535 10668 10666
f 10667 10536 10533
f 10669 10536 10667
f 10538 10668 10535
f 10538 10670 10668
f 10669 10539 10536
f 10671 10539 10669
f 10541 10670 10538
f 10541 10672 10670
f 10671 10542 10539
f 10673 10542 10671
f 10544 10672 10541
f 10544 10674 10672
f 10673 10545 10542
f 10675 10545 10673
f 10547 10674 10544
f 10547 10676 10674
f 10675 10548 10545
f 10677 10548 10675
f 10550 10676 10547
f 10550 10678 10676
f 10677 10551 10548
f 10679 10551 10677
f 10553 10678 10550
f 10553 10680 10678
f 10679 10554 10551
f 10681 10554 10679
f 10556 10680 10553
f 10556 10682 10680
f 10681 10557 10554
f 10683 10557 10681
f 10559 10682 10556
f 10559 10684 10682
f 10683 10560 10557
f 10685 10560 10683
f 10562 10684 10559
f 10562 10686 10684
f 10685 10563 10560
f 10687 10563 10685
f 10565 10686 10562
f 10565 10688 10686
f 10687 10566 10563
f 10689 10566 10687
f 10568 10688 10565
f 10568 10690 10688
f 10689 10569 10566
f 10691 10569 10689
f 10571 10690 10568
f 10571 10692 10690
f 10691 10572 10569
f 10693 10572 10691
f 10574 10692 10571
f 10574 10694 10692
f 10693 10575 10572
f 10695 10575 10693
f 10577 10694 10574
f 10577 10696 10694
f 10695 10578 10575
f 10697 10578 10695
f 10580 10696 10577
f 10580 10698 10696
f 10697 10581 10578
f 10699 10581 10697
f 10583 10698 10580
f 10583 10700 10698
f 10699 10584 10581
f 10701 10584 10699
f 10586 10700 10583
f 10586 10702 10700
f 10701 10587 10584
f 10703 10587 10701
f 10589 10702 10586
f 10589 10704 10702
f 10703 10590 10587
f 10705 10590 10703
f 10592 10704 10589
f 10592 10706 10704
f 10705 10593 10590
f 10707 10593 10705
f 10595 10706 10592
f 10595 10708 10706
f 10707 10596 10593
f 10709 10596 10707
f 10598 10708 10595
f 10598 10710 10708
f 10709 10599 10596
f 10711 10599 10709
f 10601 10710 10598
f 10601 10712 10710
f 10711 10602 10599
f 10713 10602 10711
f 10604 10712 10601
f 10604 10714 10712
f 10713 10605 10602
f 10715 10605 10713
f 10607 10714 10604
f 10607 10716 10714
f 10715 10608 10605
f 10717 10608 10715
f 10610 10716 10607
f 10610 10718 10716
f 10717 10611 10608
f 10719 10611 10717
f 10613 10718 10610
f 10613 10720 10718
f 10719 10614 10611
f 10721 10614 10719
f 10616 10720 10613
f 10616 10722 10720
f 10721 10617 10614
f 10723 10617 10721
f 10619 10722 10616
f 10619 10724 10722
f 10723 10620 10617
f 10725 10620 10723
f 10622 10724 10619
f 10622 10726 10724
f 10725 10623 10620
f 10727 10623 10725
f 10625 10726 10622
f 10625 10728 10726
f 10727 10626 10623
f 10729 10626 10727
f 10628 10728 10625
f 10628 10730 10728
f 10729 10629 10626
f 10731 10629 10729
f 10631 10730 10628
f 10631 10732 10730
f 10731 10632 10629
f 10733 10632 10731
f 10634 10732 10631
f 10634 10734 10732
f 10733 10635 10632
f 10735 10635 10733
f 10637 10734 10634
f 10637 10736 10734
f 10735 10638 10635
f 10737 10638 10735
f 10640 10736 10637
f 10640 10738 10736
f 10737 10641 10638
f 10739 10641 10737
f 10643 10738 10640
f 10643 10740 10738
f 10739 10644 10641
f 10741 10644 10739
f 10646 10740 10643
f 10646 10742 10740
f 10741 10647 10644
f 10743 10647 10741
f 10648 10742 10646
f 10648 10744 10742
f 10743 10649 10647
f 10745 10649 10743
f 10746 10744 10648
f 10746 10648 10650
f 10650 10651 10746
f 10746 10651 10747
f 10745 10652 10649
f 10748 10652 10745
f 10749 10747 10651
f 10749 10651 10653
f 10750 10653 10654
f 10750 10749 10653
f 10751 10654 10655
f 10751 10750 10654
f 10752 10655 10656
f 10752 10751 10655
f 10656 10652 10748
f 10656 10748 10752
f 10658 10753 10657
f 10754 10659 10657
f 10754 10657 10753
f 10755 10660 10659
f 10755 10659 10754
f 10756 10661 10660
f 10756 10660 10755
f 10757 10662 10661
f 10757 10661 10756
f 10757 10663 10662
f 10664 10758 10753
f 10664 10753 10658
f 10753 10759 10754
f 10753 10758 10759
f 10754 10760 10755
f 10754 10759 10760
f 10755 10761 10756
f 10755 10760 10761
f 10756 10762 10757
f 10756 10761 10762
f 10762 10665 10663
f 10762 10663 10757
f 10666 10763 10758
f 10666 10758 10664
f 10758 10764 10759
f 10758 10763 10764
f 10759 10765 10760
f 10759 10764 10765
f 10760 10766 10761
f 10760 10765 10766
f 10761 10767 10762
f 10761 10766 10767
f 10767 10667 10665
f 10767 10665 10762
f 10668 10768 10763
f 10668 10763 10666
f 10763 10769 10764
f 10763 10768 10769
f 10764 10770 10765
f 10764 10769 10770
f 10765 10771 10766
f 10765 10770 10771
f 10766 10772 10767
f 10766 10771 10772
f 10772 10669 10667
f 10772 10667 10767
f 10670 10773 10768
f 10670 10768 10668
f 10768 10774 10769
f 10768 10773 10774
f 10769 10775 10770
f 10769 10774 10775
f 10770 10776 10771
f 10770 10775 10776
f 10771 10777 10772
f 10771 10776 10777
f 10777 10671 10669
f 10777 10669 10772
f 10672 10778 10773
f 10672 10773 10670
f 10773 10779 10774
f 10773 10778 10779
f 10774 10780 10775
f 10774 10779 10780
f 10775 10781 10776
f 10775 10780 10781
f 10776 10782 10777
f 10776 10781 10782
f 10782 10673 10671
f 10782 10671 10777
f 10674 10783 10778
f 10674 10778 10672
f 10778 10784 10779
f 10778 10783 10784
f 10779 10785 10780
f 10779 10784 10785
f 10780 10786 10781
f 10780 10785 10786
f 10781 10787 10782
f 10781 10786 10787
f 10787 10675 10673
f 10787 10673 10782
f 10676 10788 10783
f 10676 10783 10674
f 10783 10789 10784
f 10783 10788 10789
f 10784 10790 10785
f 10784 10789 10790
f 10785 10791 10786
f 10785 10790 10791
f 10786 10792 10787
f 10786 10791 10792
f 10792 10677 10675
f 10792 10675 10787
f 10678 10793 10788
f 10678 10788 10676
f 10788 10794 10789
f 10788 10793 10794
f 10789 10795 10790
f 10789 10794 10795
f 10790 10796 10791
f 10790 10795 10796
f 10791 10797 10792
f 10791 10796 10797
f 10797 10679 10677
f 10797 10677 10792
f 10680 10798 10793
f 10680 10793 10678
f 10793 10799 10794
f 10793 10798 10799
f 10794 10800 10795
f 10794 10799 10800
f 10795 10801 10796
f 10795 10800 10801
f 10796 10802 10797
f 10796 10801 10802
f 10802 10681 10679
f 10802 10679 10797
f 10682 10803 10798
f 10682 10798 10680
f 10798 10804 10799
f 10798 10803 10804
f 10799 10805 10800
f 10799 10804 10805
f 10800 10806 10801
f 10800 10805 10806
f 10801 10807 10802
f 10801 10806 10807
f 10807 10683 10681
f 10807 10681 10802
f 10684 10808 10803
f 10684 10803 10682
f 10803 10809 10804
f 10803 10808 10809
f 10804 10810 10805
f 10804 10809 10810
f 10805 10811 10806
f 10805 10810 10811
f 10806 10812 10807
f 10806 10811 10812
f 10812 10685 10683
f 10812 10683 10807
f 10686 10813 10808
f 10686 10808 10684
f 10808 10814 10809
f 10808 10813 10814
f 10809 10815 10810
f 10809 10814 10815
f 10810 10816 10811
f 10810 10815 10816
f 10811 10817 10812
f 10811 10816 10817
f 10817 10687 10685
f 10817 10685 10812
f 10688 10818 10813
f 10688 10813 10686
f 10813 10819 10814
f 10813 10818 10819
f 10814 10820 10815
f 10814 10819 10820
f 10815 10821 10816
f 10815 10820 10821
f 10816 10822 10817
f 10816 10821 10822
f 10822 10689 10687
f 10822 10687 10817
f 10690 10823 10818
f 10690 10818 10688
f 10818 10824 10819
f 10818 10823 10824
f 10819 10825 10820
f 10819 10824 10825
f 10820 10826 10821
f 10820 10825 10826
f 10821 10827 10822
f 10821 10826 10827
f 10827 10691 10689
f 10827 10689 10822
f 10692 10828 10823
f 10692 10823 10690
f 10823 10829 10824
f 10823 10828 10829
f 10824 10830 10825
f 10824 10829 10830
f 10825 10831 10826
f 10825 10830 10831
f 10826 10832 10827
f 10826 10831 10832
f 10832 10693 10691
f 10832 10691 10827
f 10694 10833 10828
f 10694 10828 10692
f 10828 10834 10829
f 10828 10833 10834
f 10829 10835 10830
f 10829 10834 10835
f 10830 10836 10831
f 10830 10835 10836
f 10831 10837 10832
f 10831 10836 10837
f 10837 10695 10693
f 10837 10693 10832
f 10696 10838 10833
f 10696 10833 10694
f 10833 10839 10834
f 10833 10838 10839
f 10834 10840 10835
f 10834 10839 10840
f 10835 10841 10836
f 10835 10840 10841
f 10836 10842 10837
f 10836 10841 10842
f 10842 10697 10695
f 10842 10695 10837
f 10698 10843 10838
f 10698 10838 10696
f 10838 10844 10839
f 10838 10843 10844
f 10839 10845 10840
f 10839 10844 10845
f 10840 10846 10841
f 10840 10845 10846
f 10841 10847 10842
f 10841 10846 10847
f 10847 10699 10697
f 10847 10697 10842
f 10700 10848 10843
f 10700 10843 10698
f 10843 10849 10844
f 10843 10848 10849
f 10844 10850 10845
f 10844 10849 10850
f 10845 10851 10846
f 10845 10850 10851
f 10846 10852 10847
f 10846 10851 10852
f 10852 10701 10699
f 10852 10699 10847
f 10702 10853 10848
f 10702 10848 10700
f 10848 10854 10849
f 10848 10853 10854
f 10849 10855 10850
f 10849 10854 10855
f 10850 10856 10851
f 10850 10855 10856
f 10851 10857 10852
f 10851 10856 10857
f 10857 10703 10701
f 10857 10701 10852
f 10704 10858 10853
f 10704 10853 10702
f 10853 10859 10854
f 10853 10858 10859
f 10854 10860 10855
f 10854 10859 10860
f 10855 10861 10856
f 10855 10860 10861
f 10856 10862 10857
f 10856 10861 10862
f 10862 10705 10703
f 10862 10703 10857
f 10706 10863 10858
f 10706 10858 10704
f 10858 10864 10859
f 10858 10863 10864
f 10859 10865 10860
f 10859 10864 10865
f 10860 10866 10861
f 10860 10865 10866
f 10861 10867 10862
f 10861 10866 10867
f 10867 10707 10705
f 10867 10705 10862
f 10708 10868 10863
f 10708 10863 10706
f 10863 10869 10864
f 10863 10868 10869
f 10864 10870 10865
f 10864 10869 10870
f 10865 10871 10866
f 10865 10870 10871
f 10866 10872 10867
f 10866 10871 10872
f 10872 10709 10707
f 10872 10707 10867
f 10710 10873 10868
f 10710 10868 10708
f 10868 10874 10869
f 10868 10873 10874
f 10869 10875 10870
f 10869 10874 10875
f 10870 10876 10871
f 10870 10875 10876
f 10871 10877 10872
f 10871 10876 10877
f 10877 10711 10709
f 10877 10709 10872
f 10712 10878 10873
f 10712 10873 10710
f 10873 10879 10874
f 10873 10878 10879
f 10874 10880 10875
f 10874 10879 10880
f 10875 10881 10876
f 10875 10880 10881
f 10876 10882 10877
f 10876 10881 10882
f 10882 10713 10711
f 10882 10711 10877
f 10714 10883 10878
f 10714 10878 10712
f 10878 10884 10879
f 10878 10883 10884
f 10879 10885 10880
f 10879 10884 10885
f 10880 10886 10881
f 10880 10885 10886
f 10881 10887 10882
f 10881 10886 10887
f 10887 10715 10713
f 10887 10713 10882
f 10716 10888 10883
f 10716 10883 10714
f 10883 10889 10884
f 10883 10888 10889
f 10884 10890 10885
f 10884 10889 10890
f 10885 10891 10886
f 10885 10890 10891
f 10886 10892 10887
f 10886 10891 10892
f 10892 10717 10715
f 10892 10715 10887
f 10718 10893 10888
f 10718 10888 10716
f 10888 10894 10889
f 10888 10893 10894
f 10889 10895 10890
f 10889 10894 10895
f 10890 10896 10891
f 10890 10895 10896
f 10891 10897 10892
f 10891 10896 10897
f 10897 10719 10717
f 10897 10717 10892
f 10720 10898 10893
f 10720 10893 10718
f 10893 10899 10894
f 10893 10898 10899
f 10894 10900 10895
f 10894 10899 10900
f 10895 10901 10896
f 10895 10900 10901
f 10896 10902 10897
f 10896 10901 10902
f 10902 10721 10719
f 10902 10719 10897
f 10722 10903 10898
f 10722 10898 10720
f 10898 10904 10899
f 10898 10903 10904
f 10899 10905 10900
f 10899 10904 10905
f 10900 10906 10901
f 10900 10905 10906
f 10901 10907 10902
f 10901 10906 10907
f 10907 10723 10721
f 10907 10721 10902
f 10724 10908 10903
f 10724 10903 10722
f 10903 10909 10904
f 10903 10908 10909
f 10904 10910 10905
f 10904 10909 10910
f 10905 10911 10906
f 10905 10910 10911
f 10906 10912 10907
f 10906 10911 10912
f 10912 10725 10723
f 10912 10723 10907
f 10726 10913 10908
f 10726 10908 10724
f 10908 10914 10909
f 10908 10913 10914
f 10909 10915 10910
f 10909 10914 10915
f 10910 10916 10911
f 10910 10915 10916
f 10911 10917 10912
f 10911 10916 10917
f 10917 10727 10725
f 10917 10725 10912
f 10728 10918 10913
f 10728 10913 10726
f 10913 10919 10914
f 10913 10918 10919
f 10914 10920 10915
f 10914 10919 10920
f 10915 10921 10916
f 10915 10920 10921
f 10916 10922 10917
f 10916 10921 10922
f 10922 10729 10727
f 10922 10727 10917
f 10730 10923 10918
f 10730 10918 10728
f 10918 10924 10919
f 10918 10923 10924
f 10919 10925 10920
f 10919 10924 10925
f 10920 10926 10921
f 10920 10925 10926
f 10921 10927 10922
f 10921 10926 10927
f 10927 10731 10729
f 10927 10729 10922
f 10732 10928 10923
f 10732 10923 10730
f 10923 10929 10924
f 10923 10928 10929
f 10924 10930 10925
f 10924 10929 10930
f 10925 10931 10926
f 10925 10930 10931
f 10926 10932 10927
f 10926 10931 10932
f 10932 10733 10731
f 10932 10731 10927
f 10734 10933 10928
f 10734 10928 10732
f 10928 10934 10929
f 10928 10933 10934
f 10929 10935 10930
f 10929 10934 10935
f 10930 10936 10931
f 10930 10935 10936
f 10931 10937 10932
f 10931 10936 10937
f 10937 10735 10733
f 10937 10733 10932
f 10736 10938 10933
f 10736 10933 10734
f 10933 10939 10934
f 10933 10938 10939
f 10934 10940 10935
f 10934 10939 10940
f 10935 10941 10936
f 10935 10940 10941
f 10936 10942 10937
f 10936 10941 10942
f 10942 10737 10735
f 10942 10735 10937
f 10738 10943 10938
f 10738 10938 10736
f 10938 10944 10939
f 10938 10943 10944
f 10939 10945 10940
f 10939 10944 10945
f 10940 10946 10941
f 10940 10945 10946
f 10941 10947 10942
f 10941 10946 10947
f 10947 10739 10737
f 10947 10737 10942
f 10740 10948 10943
f 10740 10943 10738
f 10943 10949 10944
f 10943 10948 10949
f 10944 10950 10945
f 10944 10949 10950
f 10945 10951 10946
f 10945 10950 10951
f 10946 10952 10947
f 10946 10951 10952
f 10952 10741 10739
f 10952 10739 10947
f 10742 10953 10948
f 10742 10948 10740
f 10948 10954 10949
f 10948 10953 10954
f 10949 10955 10950
f 10949 10954 10955
f 10950 10956 10951
f 10950 10955 10956
f 10951 10957 10952
f 10951 10956 10957
f 10957 10743 10741
f 10957 10741 10952
f 10744 10958 10953
f 10744 10953 10742
f 10953 10959 10954
f 10953 10958 10959
f 10954 10960 10955
f 10954 10959 10960
f 10955 10961 10956
f 10955 10960 10961
f 10956 10962 10957
f 10956 10961 10962
f 10962 10745 10743
f 10962 10743 10957
f 10746 10958 10744
f 10958 10746 10747
f 10963 10958 10747
f 10959 10958 10963
f 10959 10964 10960
f 10959 10963 10964
f 10960 10965 10961
f 10960 10964 10965
f 10961 10966 10962
f 10961 10965 10966
f 10966 10748 10745
f 10966 10745 10962
f 10749 10963 10747
f 10963 10749 10750
f 10963 10750 10964
f 10964 10750 10751
f 10964 10751 10965
f 10965 10751 10752
f 10965 10752 10966
f 10966 10752 10748

