#VRML V2.0 utf8

# Vertices: 2298
# Triangles: 4592

Group {
    children [
        Shape {
            appearance Appearance {
                material Material {
                    diffuseColor 0.830000 0.860000 0.770000
                    ambientIntensity 0.400000
                    specularColor 0.500000 0.500000 0.500000
                    emissiveColor 0.000000 0.000000 0.000000
                    shininess 0.400000
                    transparency 0.500000
                }
            }
            geometry IndexedFaceSet {
                ccw TRUE
                solid TRUE
                convex TRUE
                coord DEF co Coordinate {
                    point [
                        0.347862 -0.616748 -0.007366,
                        0.345229 -0.631414 -0.007366,
                        0.345229 -0.631388 -0.022282,
                        0.345229 -0.631335 -0.037131,
                        0.347796 -0.616748 -0.022282,
                        0.344373 -0.605384 -0.022282,
                        0.344373 -0.605384 -0.007366,
                        0.347796 -0.616748 0.007414,
                        0.345229 -0.631427 0.007414,
                        0.341673 -0.638845 -0.007366,
                        0.341607 -0.638767 -0.037131,
                        0.345097 -0.631191 -0.051979,
                        0.347599 -0.616748 -0.051979,
                        0.347730 -0.616748 -0.037131,
                        0.344307 -0.605411 -0.037131,
                        0.338118 -0.597979 -0.037131,
                        0.338118 -0.597953 -0.022282,
                        0.338118 -0.597953 -0.007366,
                        0.344307 -0.605437 0.007414,
                        0.344241 -0.605529 0.022262,
                        0.347665 -0.616748 0.022262,
                        0.345097 -0.631375 0.037110,
                        0.345163 -0.631414 0.022262,
                        0.341673 -0.638858 0.007414,
                        0.341673 -0.638845 0.022262,
                        0.334233 -0.644521 -0.022282,
                        0.334167 -0.644494 -0.037131,
                        0.334101 -0.644455 -0.051979,
                        0.333904 -0.644389 -0.066827,
                        0.341476 -0.638623 -0.051979,
                        0.344965 -0.630942 -0.066827,
                        0.347335 -0.616748 -0.066827,
                        0.344109 -0.605660 -0.066827,
                        0.344241 -0.605502 -0.051979,
                        0.338052 -0.598071 -0.051979,
                        0.330546 -0.592055 -0.066827,
                        0.330612 -0.591990 -0.051979,
                        0.330678 -0.591977 -0.037131,
                        0.330678 -0.591977 -0.022282,
                        0.330678 -0.591990 -0.007366,
                        0.330612 -0.592016 0.007414,
                        0.330546 -0.592068 0.022262,
                        0.338052 -0.598006 0.007414,
                        0.337920 -0.598110 0.022262,
                        0.337788 -0.598320 0.037110,
                        0.344109 -0.605751 0.037110,
                        0.347467 -0.616748 0.037110,
                        0.344965 -0.631270 0.051958,
                        0.341541 -0.638701 0.051958,
                        0.341607 -0.638806 0.037110,
                        0.334233 -0.644560 0.037110,
                        0.321921 -0.651926 -0.037131,
                        0.322052 -0.651991 0.037110,
                        0.322052 -0.651978 0.022262,
                        0.321855 -0.651886 -0.051979,
                        0.321723 -0.651821 -0.066827,
                        0.333640 -0.644232 -0.081675,
                        0.341344 -0.638374 -0.066827,
                        0.344702 -0.630457 -0.081675,
                        0.346809 -0.616748 -0.081675,
                        0.343912 -0.605987 -0.081675,
                        0.337986 -0.598228 -0.066827,
                        0.330283 -0.592186 -0.081675,
                        0.319485 -0.587009 -0.081675,
                        0.319485 -0.586773 -0.066827,
                        0.319485 -0.586682 -0.051979,
                        0.319485 -0.586655 -0.037131,
                        0.319485 -0.586642 -0.022282,
                        0.319485 -0.586668 -0.007366,
                        0.319485 -0.586708 0.007414,
                        0.319485 -0.586799 0.022262,
                        0.319485 -0.586983 0.037110,
                        0.330348 -0.592186 0.037110,
                        0.329953 -0.592396 0.051958,
                        0.337393 -0.598700 0.051958,
                        0.343846 -0.606132 0.051958,
                        0.347072 -0.616748 0.051958,
                        0.344636 -0.630968 0.066874,
                        0.341410 -0.638400 0.066874,
                        0.333970 -0.644350 0.066874,
                        0.334167 -0.644521 0.051958,
                        0.314481 -0.654770 -0.037131,
                        0.314415 -0.654757 -0.051979,
                        0.321921 -0.651952 -0.022282,
                        0.314612 -0.654822 0.037110,
                        0.314612 -0.654822 0.022262,
                        0.321921 -0.651952 0.051958,
                        0.314283 -0.654717 -0.066827,
                        0.314020 -0.654639 -0.081675,
                        0.321460 -0.651664 -0.081675,
                        0.333114 -0.643944 -0.096591,
                        0.341015 -0.637889 -0.081675,
                        0.344241 -0.629618 -0.096591,
                        0.343648 -0.628321 -0.111439,
                        0.345953 -0.616748 -0.096591,
                        0.343517 -0.606577 -0.096591,
                        0.337723 -0.598556 -0.081675,
                        0.329887 -0.592475 -0.096591,
                        0.156132 -0.528646 -0.037131,
                        0.157054 -0.528646 -0.022282,
                        0.319485 -0.587520 -0.096591,
                        0.319485 -0.587324 0.051958,
                        0.156988 -0.528646 -0.021062,
                        0.319485 -0.587874 0.066874,
                        0.329427 -0.592737 0.066874,
                        0.336867 -0.599369 0.066874,
                        0.343451 -0.606800 0.066874,
                        0.346282 -0.616748 0.066874,
                        0.344175 -0.630274 0.081723,
                        0.341015 -0.637705 0.081723,
                        0.333575 -0.643996 0.081723,
                        0.321591 -0.651782 0.066874,
                        0.304604 -0.657286 -0.037131,
                        0.304604 -0.657247 -0.051979,
                        0.304604 -0.657195 -0.066827,
                        0.304604 -0.657312 0.037110,
                        0.304604 -0.657326 0.022262,
                        0.314481 -0.654770 0.051958,
                        0.304604 -0.657326 0.007414,
                        0.314151 -0.654652 0.066874,
                        0.304604 -0.657077 -0.081675,
                        0.304604 -0.656788 -0.096591,
                        0.313493 -0.654455 -0.096591,
                        0.320933 -0.651375 -0.096591,
                        0.332324 -0.643380 -0.111439,
                        0.340554 -0.637050 -0.096591,
                        0.339764 -0.635752 -0.111439,
                        0.342661 -0.626237 -0.126287,
                        0.344636 -0.616748 -0.111439,
                        0.342727 -0.607717 -0.111439,
                        0.337262 -0.599146 -0.096591,
                        0.328834 -0.593182 -0.111439,
                        0.319485 -0.588687 -0.111439,
                        0.304604 -0.583562 -0.111439,
                        0.152511 -0.528646 -0.052589,
                        0.155474 -0.528646 -0.007366,
                        0.304604 -0.583575 0.081723,
                        0.319485 -0.588792 0.081723,
                        0.328505 -0.593300 0.081723,
                        0.335945 -0.600391 0.081723,
                        0.342792 -0.607822 0.081723,
                        0.345163 -0.616748 0.081723,
                        0.343385 -0.628321 0.096571,
                        0.339895 -0.635752 0.096571,
                        0.332455 -0.643157 0.096571,
                        0.320867 -0.651428 0.081723,
                        0.313427 -0.654390 0.081723,
                        0.289790 -0.659685 -0.051979,
                        0.289790 -0.659645 -0.066827,
                        0.289790 -0.659593 -0.081675,
                        0.289790 -0.659659 0.037110,
                        0.289790 -0.659698 0.022262,
                        0.304604 -0.657208 0.051958,
                        0.289790 -0.659711 0.007414,
                        0.289790 -0.659711 -0.007366,
                        0.289790 -0.659698 -0.037131,
                        0.304604 -0.656932 0.066874,
                        0.289790 -0.659436 -0.096591,
                        0.289790 -0.659134 -0.111439,
                        0.304604 -0.656277 -0.111439,
                        0.312637 -0.654141 -0.111439,
                        0.312110 -0.653931 -0.119168,
                        0.320077 -0.650812 -0.111439,
                        0.331073 -0.642450 -0.126287,
                        0.338513 -0.633668 -0.126287,
                        0.342002 -0.624690 -0.134220,
                        0.342727 -0.617600 -0.125609,
                        0.342134 -0.608766 -0.120185,
                        0.342002 -0.623118 -0.134220,
                        0.336274 -0.600299 -0.111439,
                        0.327715 -0.593943 -0.121406,
                        0.320406 -0.591243 -0.126355,
                        0.304604 -0.587009 -0.141136,
                        0.304604 -0.584925 -0.126287,
                        0.149285 -0.528646 -0.060589,
                        0.151458 -0.528646 0.005448,
                        0.304604 -0.584558 0.096571,
                        0.320801 -0.590994 0.097452,
                        0.327649 -0.593943 0.093045,
                        0.334562 -0.601662 0.097656,
                        0.342200 -0.608714 0.092367,
                        0.343319 -0.615961 0.096978,
                        0.342463 -0.620391 0.106131,
                        0.342463 -0.625962 0.106131,
                        0.337788 -0.631191 0.111215,
                        0.326200 -0.638177 0.132030,
                        0.328044 -0.639999 0.122131,
                        0.330085 -0.641532 0.111419,
                        0.318365 -0.651061 0.096367,
                        0.319485 -0.647889 0.111419,
                        0.312637 -0.654114 0.091282,
                        0.304604 -0.656461 0.081723,
                        0.274910 -0.660956 -0.066827,
                        0.274910 -0.660930 -0.081675,
                        0.274910 -0.660851 -0.096591,
                        0.289790 -0.659541 0.051958,
                        0.274910 -0.660838 0.051958,
                        0.274910 -0.660930 0.037110,
                        0.274910 -0.660969 0.022262,
                        0.289790 -0.659305 0.066874,
                        0.274910 -0.660982 0.007414,
                        0.274910 -0.660982 -0.037131,
                        0.289790 -0.658911 0.081723,
                        0.274910 -0.660694 -0.111439,
                        0.274910 -0.660379 -0.126287,
                        0.289790 -0.658584 -0.126287,
                        0.305131 -0.655346 -0.124999,
                        0.300522 -0.654980 -0.141136,
                        0.310398 -0.653367 -0.129067,
                        0.318036 -0.650366 -0.124999,
                        0.319485 -0.646578 -0.141136,
                        0.328900 -0.640693 -0.141136,
                        0.327254 -0.639357 -0.149136,
                        0.329295 -0.631611 -0.152662,
                        0.314086 -0.628177 -0.181544,
                        0.298284 -0.626329 -0.209681,
                        0.321262 -0.616748 -0.170900,
                        0.340751 -0.613209 -0.130152,
                        0.328571 -0.607259 -0.151780,
                        0.331073 -0.604493 -0.141136,
                        0.334233 -0.601911 -0.125745,
                        0.326200 -0.616748 -0.162086,
                        0.330217 -0.616748 -0.154628,
                        0.337854 -0.617600 -0.139983,
                        0.326003 -0.595057 -0.131372,
                        0.316390 -0.592108 -0.141136,
                        0.289790 -0.584453 -0.155984,
                        0.305724 -0.590627 -0.156865,
                        0.289790 -0.587009 -0.170900,
                        0.145466 -0.528646 -0.066624,
                        0.274910 -0.584951 -0.185748,
                        0.147573 -0.528646 0.013041,
                        0.289790 -0.586301 0.141183,
                        0.304604 -0.586301 0.111419,
                        0.317773 -0.591505 0.111419,
                        0.326661 -0.594624 0.102944,
                        0.332785 -0.603065 0.111419,
                        0.341476 -0.610483 0.102266,
                        0.339961 -0.615961 0.111215,
                        0.334628 -0.616748 0.126267,
                        0.329295 -0.616748 0.139285,
                        0.328966 -0.628268 0.138607,
                        0.331204 -0.632580 0.126742,
                        0.324554 -0.632580 0.142607,
                        0.310662 -0.637495 0.161523,
                        0.313822 -0.640431 0.151624,
                        0.316588 -0.642148 0.141183,
                        0.320538 -0.643577 0.126742,
                        0.310859 -0.653577 0.101181,
                        0.308292 -0.652830 0.111419,
                        0.304604 -0.648295 0.141183,
                        0.305395 -0.655360 0.096367,
                        0.289790 -0.658191 0.096571,
                        0.260030 -0.661756 -0.081675,
                        0.260030 -0.661716 -0.096591,
                        0.260030 -0.661638 -0.111439,
                        0.274910 -0.660655 0.066874,
                        0.260030 -0.661638 0.051958,
                        0.260030 -0.661493 0.066874,
                        0.260030 -0.661716 0.037110,
                        0.260030 -0.661756 0.022262,
                        0.274910 -0.660353 0.081723,
                        0.260030 -0.661769 0.007414,
                        0.260030 -0.661769 -0.066827,
                        0.274910 -0.659829 0.096571,
                        0.260030 -0.661480 -0.126287,
                        0.260030 -0.661166 -0.141136,
                        0.260030 -0.660628 -0.155984,
                        0.274910 -0.659816 -0.141136,
                        0.274910 -0.658793 -0.155984,
                        0.289790 -0.657522 -0.141136,
                        0.290317 -0.655635 -0.155984,
                        0.298350 -0.654311 -0.151034,
                        0.307962 -0.652345 -0.141136,
                        0.303814 -0.650838 -0.155984,
                        0.319353 -0.642397 -0.154899,
                        0.314283 -0.640890 -0.167374,
                        0.298415 -0.640117 -0.195240,
                        0.311386 -0.638085 -0.177273,
                        0.295189 -0.636237 -0.205139,
                        0.290053 -0.632305 -0.215851,
                        0.284852 -0.628360 -0.226089,
                        0.285774 -0.616748 -0.227174,
                        0.293214 -0.616748 -0.217343,
                        0.298415 -0.616748 -0.209885,
                        0.303880 -0.616748 -0.200596,
                        0.314546 -0.616748 -0.182426,
                        0.297757 -0.608464 -0.208868,
                        0.313361 -0.607468 -0.180527,
                        0.316061 -0.604519 -0.170900,
                        0.311452 -0.594860 -0.162357,
                        0.323830 -0.597062 -0.141136,
                        0.313756 -0.593392 -0.152458,
                        0.301642 -0.592068 -0.170900,
                        0.290449 -0.590967 -0.185951,
                        0.274910 -0.588176 -0.200596,
                        0.144939 -0.528646 -0.067369,
                        0.260030 -0.583497 -0.200596,
                        0.147178 -0.528646 0.013651,
                        0.274910 -0.584742 0.156031,
                        0.304604 -0.588779 0.126267,
                        0.274910 -0.587455 0.170879,
                        0.289790 -0.589263 0.156031,
                        0.314744 -0.592960 0.126267,
                        0.325147 -0.595633 0.111419,
                        0.330151 -0.605607 0.126267,
                        0.328044 -0.607914 0.136234,
                        0.326003 -0.616748 0.146675,
                        0.314086 -0.627600 0.166879,
                        0.317312 -0.632174 0.156370,
                        0.307896 -0.632174 0.171490,
                        0.267733 -0.639239 0.223221,
                        0.297494 -0.639278 0.178744,
                        0.300127 -0.640942 0.170879,
                        0.305263 -0.643393 0.156370,
                        0.295848 -0.653564 0.131149,
                        0.298350 -0.654206 0.121250,
                        0.300851 -0.654822 0.111419,
                        0.303814 -0.651716 0.126267,
                        0.289790 -0.646237 0.170879,
                        0.288803 -0.651021 0.155353,
                        0.293082 -0.652620 0.141183,
                        0.289790 -0.656985 0.111419,
                        0.274910 -0.658151 0.126267,
                        0.274910 -0.659082 0.111419,
                        0.245150 -0.662162 -0.096591,
                        0.245150 -0.662123 -0.111439,
                        0.245150 -0.662044 -0.126287,
                        0.245150 -0.661900 -0.141136,
                        0.260030 -0.661284 0.081723,
                        0.245150 -0.661965 0.066874,
                        0.245150 -0.662057 0.051958,
                        0.245150 -0.661808 0.081723,
                        0.245150 -0.662123 0.037110,
                        0.245150 -0.662162 0.022262,
                        0.260030 -0.660471 0.111419,
                        0.260030 -0.660930 0.096571,
                        0.245150 -0.662175 0.007414,
                        0.245150 -0.662175 -0.081675,
                        0.260030 -0.659842 0.126267,
                        0.245150 -0.661611 -0.155984,
                        0.245150 -0.661100 -0.170900,
                        0.245150 -0.660209 -0.185748,
                        0.260030 -0.659672 -0.170900,
                        0.260030 -0.658178 -0.185748,
                        0.274910 -0.657168 -0.170900,
                        0.285313 -0.654770 -0.170900,
                        0.295650 -0.653433 -0.160933,
                        0.292687 -0.652109 -0.170900,
                        0.305724 -0.644665 -0.171713,
                        0.301378 -0.642122 -0.185748,
                        0.290053 -0.643328 -0.200325,
                        0.285313 -0.641205 -0.212122,
                        0.281692 -0.638269 -0.222021,
                        0.278202 -0.632633 -0.230767,
                        0.270235 -0.631611 -0.240666,
                        0.272211 -0.616748 -0.242768,
                        0.279651 -0.616748 -0.234632,
                        0.284391 -0.606734 -0.225479,
                        0.288671 -0.602645 -0.213885,
                        0.293016 -0.598215 -0.200596,
                        0.300127 -0.605647 -0.200596,
                        0.309082 -0.597088 -0.170900,
                        0.295848 -0.595371 -0.191036,
                        0.298745 -0.593497 -0.181138,
                        0.285576 -0.592763 -0.200596,
                        0.283008 -0.594060 -0.209003,
                        0.274449 -0.592160 -0.214563,
                        0.260030 -0.586826 -0.215444,
                        0.137631 -0.528646 -0.076455,
                        0.245150 -0.582841 -0.215444,
                        0.139211 -0.528646 0.023550,
                        0.245150 -0.585397 0.200576,
                        0.260030 -0.586157 0.185728,
                        0.304934 -0.591832 0.140573,
                        0.260030 -0.589552 0.200576,
                        0.275503 -0.591282 0.185999,
                        0.289395 -0.592514 0.169659,
                        0.299732 -0.593195 0.156031,
                        0.312769 -0.594021 0.135284,
                        0.322184 -0.598176 0.126267,
                        0.319221 -0.601793 0.140708,
                        0.315666 -0.605463 0.156031,
                        0.313164 -0.607927 0.165320,
                        0.320933 -0.616748 0.156031,
                        0.314481 -0.616748 0.167422,
                        0.309938 -0.616748 0.174880,
                        0.297362 -0.624441 0.193389,
                        0.284128 -0.627403 0.210949,
                        0.277873 -0.632056 0.215695,
                        0.270433 -0.631611 0.226543,
                        0.264244 -0.631611 0.234001,
                        0.253643 -0.639684 0.238815,
                        0.259174 -0.641231 0.229052,
                        0.260030 -0.645962 0.215424,
                        0.270301 -0.640798 0.215424,
                        0.283206 -0.654167 0.149929,
                        0.285642 -0.654744 0.141183,
                        0.290449 -0.655360 0.126267,
                        0.274910 -0.648269 0.185728,
                        0.244821 -0.651886 0.215899,
                        0.263190 -0.652725 0.185728,
                        0.266482 -0.653669 0.176981,
                        0.279651 -0.653131 0.159828,
                        0.274910 -0.656854 0.141183,
                        0.260030 -0.658911 0.141183,
                        0.230335 -0.662358 -0.096591,
                        0.230335 -0.662345 -0.111439,
                        0.230335 -0.662306 -0.126287,
                        0.230335 -0.662240 -0.141136,
                        0.230335 -0.662096 -0.155984,
                        0.230335 -0.661821 -0.170900,
                        0.245150 -0.661258 0.111419,
                        0.245150 -0.661585 0.096571,
                        0.230335 -0.662201 0.066874,
                        0.230335 -0.662109 0.081723,
                        0.230335 -0.661742 0.111419,
                        0.215455 -0.661887 0.126267,
                        0.230335 -0.661939 0.096571,
                        0.230335 -0.662267 0.051958,
                        0.230335 -0.662319 0.037110,
                        0.230335 -0.662345 0.022262,
                        0.245150 -0.660825 0.126267,
                        0.230335 -0.662358 0.007414,
                        0.230335 -0.659724 0.170879,
                        0.215455 -0.660104 0.185728,
                        0.245150 -0.660183 0.141183,
                        0.230335 -0.661336 -0.185748,
                        0.230335 -0.660458 -0.200596,
                        0.245150 -0.658793 -0.200596,
                        0.274581 -0.655202 -0.184731,
                        0.260557 -0.655831 -0.200800,
                        0.282811 -0.654101 -0.179104,
                        0.279387 -0.652843 -0.189070,
                        0.288605 -0.649776 -0.184731,
                        0.274581 -0.651283 -0.200800,
                        0.275963 -0.644638 -0.216461,
                        0.270828 -0.641205 -0.230292,
                        0.267667 -0.639199 -0.237954,
                        0.263190 -0.631611 -0.248124,
                        0.270301 -0.606132 -0.240801,
                        0.265166 -0.616748 -0.250226,
                        0.274712 -0.601479 -0.230157,
                        0.279124 -0.596826 -0.218902,
                        0.269182 -0.593562 -0.224936,
                        0.259898 -0.591583 -0.230089,
                        0.245150 -0.586354 -0.230292,
                        0.136841 -0.528646 -0.077336,
                        0.230335 -0.582710 -0.230292,
                        0.138487 -0.528646 0.024160,
                        0.230335 -0.584912 0.215424,
                        0.245150 -0.588503 0.215424,
                        0.259240 -0.592946 0.214068,
                        0.270169 -0.593222 0.200576,
                        0.284194 -0.593458 0.181253,
                        0.297494 -0.594283 0.163896,
                        0.310135 -0.595673 0.145183,
                        0.307106 -0.598032 0.156031,
                        0.303814 -0.602160 0.169591,
                        0.300259 -0.606302 0.182812,
                        0.283206 -0.608242 0.209390,
                        0.296901 -0.612541 0.192711,
                        0.297362 -0.622449 0.193389,
                        0.279651 -0.616748 0.218678,
                        0.272211 -0.616748 0.228848,
                        0.252721 -0.624337 0.252714,
                        0.256014 -0.630221 0.244307,
                        0.248113 -0.634245 0.248714,
                        0.222895 -0.639029 0.267494,
                        0.230335 -0.641257 0.256646,
                        0.243965 -0.641349 0.244307,
                        0.245150 -0.647312 0.230340,
                        0.236261 -0.653577 0.221119,
                        0.239619 -0.654416 0.211153,
                        0.269709 -0.654508 0.167083,
                        0.274778 -0.655137 0.155353,
                        0.260952 -0.655635 0.171557,
                        0.230335 -0.657404 0.200576,
                        0.260030 -0.657614 0.156031,
                        0.245150 -0.658204 0.170879,
                        0.215455 -0.659200 0.200576,
                        0.215455 -0.662463 -0.111439,
                        0.215455 -0.662411 -0.141136,
                        0.215455 -0.662345 -0.155984,
                        0.215455 -0.662214 -0.170900,
                        0.215455 -0.661939 -0.185748,
                        0.230335 -0.661454 0.126267,
                        0.215455 -0.661271 0.156031,
                        0.215455 -0.662358 0.066874,
                        0.215455 -0.662293 0.081723,
                        0.215455 -0.662070 0.111419,
                        0.215455 -0.662201 0.096571,
                        0.215455 -0.661611 0.141183,
                        0.200575 -0.661742 0.156031,
                        0.200575 -0.661965 0.141183,
                        0.215455 -0.662437 0.037110,
                        0.215455 -0.660786 0.170879,
                        0.215455 -0.662463 0.007414,
                        0.200575 -0.660235 0.200576,
                        0.200575 -0.660930 0.185728,
                        0.215455 -0.661454 -0.200596,
                        0.215455 -0.660537 -0.215444,
                        0.230335 -0.659029 -0.215444,
                        0.246203 -0.656159 -0.216461,
                        0.269445 -0.654547 -0.195986,
                        0.255948 -0.654862 -0.212190,
                        0.265824 -0.653381 -0.205885,
                        0.260557 -0.652135 -0.216461,
                        0.260030 -0.647011 -0.230292,
                        0.258845 -0.641126 -0.243852,
                        0.253051 -0.639370 -0.253073,
                        0.255750 -0.631611 -0.255853,
                        0.264770 -0.596223 -0.234835,
                        0.257725 -0.616748 -0.257887,
                        0.255684 -0.605987 -0.255785,
                        0.260227 -0.601112 -0.245412,
                        0.254894 -0.593366 -0.240123,
                        0.245084 -0.591452 -0.245073,
                        0.230335 -0.586432 -0.245208,
                        0.127228 -0.528646 -0.084591,
                        0.215455 -0.582972 -0.245208,
                        0.200575 -0.583785 -0.260057,
                        0.128018 -0.528646 0.032974,
                        0.215455 -0.585541 0.230340,
                        0.230335 -0.588569 0.230340,
                        0.244491 -0.592475 0.229662,
                        0.253775 -0.593890 0.224238,
                        0.267602 -0.594401 0.208169,
                        0.280902 -0.595279 0.191152,
                        0.294136 -0.596393 0.173795,
                        0.290580 -0.600784 0.187016,
                        0.277610 -0.597966 0.200576,
                        0.270104 -0.606682 0.226340,
                        0.266285 -0.616748 0.236306,
                        0.252721 -0.623747 0.252714,
                        0.227833 -0.616748 0.271155,
                        0.227241 -0.629120 0.270884,
                        0.216245 -0.632449 0.275495,
                        0.204328 -0.635778 0.280105,
                        0.194452 -0.639553 0.282953,
                        0.212953 -0.640929 0.270206,
                        0.216904 -0.644193 0.261528,
                        0.230335 -0.646749 0.245188,
                        0.230928 -0.652162 0.230475,
                        0.220328 -0.653341 0.235560,
                        0.226319 -0.654573 0.225662,
                        0.230928 -0.655425 0.215899,
                        0.215455 -0.657771 0.215424,
                        0.200575 -0.659147 0.215424,
                        0.200575 -0.662503 -0.126287,
                        0.200575 -0.662490 -0.141136,
                        0.200575 -0.662463 -0.155984,
                        0.200575 -0.662398 -0.170900,
                        0.200575 -0.662254 -0.185748,
                        0.200575 -0.661965 -0.200596,
                        0.200575 -0.661415 0.170879,
                        0.200575 -0.662437 0.066874,
                        0.200575 -0.662345 0.096571,
                        0.200575 -0.662398 0.081723,
                        0.200575 -0.662149 0.126267,
                        0.200575 -0.662254 0.111419,
                        0.185761 -0.661808 0.170879,
                        0.185761 -0.662031 0.156031,
                        0.185761 -0.662463 0.081723,
                        0.185761 -0.662490 0.066874,
                        0.200575 -0.662490 0.037110,
                        0.200575 -0.662503 0.007414,
                        0.185761 -0.660956 0.200576,
                        0.185761 -0.660104 0.215424,
                        0.185761 -0.661454 0.185728,
                        0.200575 -0.661428 -0.215444,
                        0.200575 -0.660366 -0.230292,
                        0.215455 -0.658964 -0.230292,
                        0.231455 -0.656225 -0.231445,
                        0.241989 -0.654966 -0.227241,
                        0.251866 -0.653695 -0.222089,
                        0.246203 -0.652502 -0.231445,
                        0.245150 -0.647352 -0.245208,
                        0.243767 -0.641087 -0.258836,
                        0.237907 -0.639134 -0.267582,
                        0.248113 -0.631611 -0.263311,
                        0.250351 -0.616748 -0.265345,
                        0.249956 -0.596079 -0.250022,
                        0.240870 -0.606223 -0.270294,
                        0.245413 -0.601151 -0.260192,
                        0.240080 -0.593405 -0.254768,
                        0.229940 -0.591688 -0.259853,
                        0.215455 -0.587088 -0.260057,
                        0.126570 -0.528646 -0.085065,
                        0.185761 -0.585410 -0.274905,
                        0.170881 -0.583103 -0.274905,
                        0.119195 -0.528646 -0.089540,
                        0.124792 -0.528646 -0.086150,
                        0.126899 -0.528646 0.033788,
                        0.185761 -0.584139 0.245188,
                        0.170881 -0.585109 0.260036,
                        0.200575 -0.586682 0.245188,
                        0.185761 -0.587940 0.260036,
                        0.216640 -0.590745 0.246476,
                        0.230335 -0.592606 0.242137,
                        0.239092 -0.593903 0.239018,
                        0.249034 -0.596210 0.234137,
                        0.263651 -0.596774 0.218068,
                        0.259964 -0.601453 0.230204,
                        0.256277 -0.606118 0.241595,
                        0.251273 -0.613851 0.251493,
                        0.257660 -0.617980 0.246002,
                        0.245874 -0.617980 0.257053,
                        0.235208 -0.616748 0.265528,
                        0.225068 -0.607796 0.268986,
                        0.207357 -0.610968 0.281868,
                        0.214929 -0.616250 0.279020,
                        0.209661 -0.620876 0.283088,
                        0.209661 -0.625870 0.283088,
                        0.199851 -0.631139 0.285461,
                        0.185827 -0.631519 0.292716,
                        0.185761 -0.641074 0.285054,
                        0.199851 -0.642463 0.275088,
                        0.174239 -0.636421 0.295224,
                        0.164362 -0.639383 0.297597,
                        0.199258 -0.650510 0.258680,
                        0.215389 -0.651637 0.244713,
                        0.185761 -0.646840 0.274884,
                        0.203341 -0.652961 0.249392,
                        0.210386 -0.654377 0.239493,
                        0.215389 -0.655373 0.230475,
                        0.200575 -0.657312 0.230340,
                        0.185761 -0.658636 0.230340,
                        0.185761 -0.662529 -0.111439,
                        0.185761 -0.662516 -0.141136,
                        0.185761 -0.662503 -0.155984,
                        0.185761 -0.662476 -0.170900,
                        0.185761 -0.662398 -0.185748,
                        0.185761 -0.662240 -0.200596,
                        0.185761 -0.661900 -0.215444,
                        0.185761 -0.662293 0.126267,
                        0.170881 -0.662332 0.141183,
                        0.185761 -0.662372 0.111419,
                        0.185761 -0.662424 0.096571,
                        0.170881 -0.662227 0.156031,
                        0.170881 -0.662070 0.170879,
                        0.170881 -0.661808 0.185728,
                        0.170881 -0.662450 0.111419,
                        0.170881 -0.662516 0.066874,
                        0.185761 -0.662516 0.037110,
                        0.170881 -0.662503 0.081723,
                        0.185761 -0.662529 -0.007366,
                        0.170881 -0.661428 0.200576,
                        0.170881 -0.660746 0.215424,
                        0.170881 -0.659567 0.230340,
                        0.141121 -0.659724 0.245188,
                        0.156001 -0.660235 0.230340,
                        0.170881 -0.661716 -0.230292,
                        0.185761 -0.661218 -0.230292,
                        0.170881 -0.660877 -0.245208,
                        0.185761 -0.659986 -0.245208,
                        0.200575 -0.658610 -0.245208,
                        0.216311 -0.656080 -0.246090,
                        0.227241 -0.654940 -0.241751,
                        0.237117 -0.653748 -0.237140,
                        0.231455 -0.652450 -0.246090,
                        0.230335 -0.646853 -0.260057,
                        0.230335 -0.641113 -0.270769,
                        0.221974 -0.638229 -0.281617,
                        0.230731 -0.632607 -0.278091,
                        0.240738 -0.631611 -0.270091,
                        0.225990 -0.628321 -0.284736,
                        0.242911 -0.616748 -0.272125,
                        0.234615 -0.596315 -0.264667,
                        0.225397 -0.606879 -0.284329,
                        0.230006 -0.601597 -0.274566,
                        0.224673 -0.593667 -0.268938,
                        0.214204 -0.592461 -0.274295,
                        0.200575 -0.588700 -0.274905,
                        0.170881 -0.587678 -0.289753,
                        0.156001 -0.585017 -0.289753,
                        0.141121 -0.583077 -0.289753,
                        0.111492 -0.528646 -0.092727,
                        0.110373 -0.528646 0.041246,
                        0.126306 -0.583038 0.274884,
                        0.141121 -0.584729 0.274884,
                        0.156001 -0.583169 0.260036,
                        0.156001 -0.586904 0.274884,
                        0.170881 -0.589670 0.274884,
                        0.184312 -0.592697 0.274410,
                        0.195440 -0.593641 0.269054,
                        0.222435 -0.594624 0.252239,
                        0.230335 -0.596184 0.249595,
                        0.245216 -0.601361 0.245256,
                        0.241397 -0.606512 0.255494,
                        0.188329 -0.596603 0.278952,
                        0.197415 -0.606512 0.284987,
                        0.179308 -0.608543 0.297801,
                        0.230138 -0.603838 0.260307,
                        0.188460 -0.616748 0.294614,
                        0.180954 -0.626512 0.298411,
                        0.156001 -0.640693 0.299428,
                        0.169959 -0.642541 0.290072,
                        0.150799 -0.626145 0.313056,
                        0.155869 -0.631296 0.307157,
                        0.141121 -0.636565 0.310073,
                        0.132627 -0.638727 0.311768,
                        0.185761 -0.652227 0.262274,
                        0.193464 -0.653957 0.252782,
                        0.156001 -0.646329 0.289733,
                        0.170354 -0.650903 0.273867,
                        0.199258 -0.654848 0.244713,
                        0.185761 -0.656395 0.245188,
                        0.170881 -0.657837 0.245188,
                        0.156001 -0.658911 0.245188,
                        0.170881 -0.662529 -0.155984,
                        0.156001 -0.662529 -0.170900,
                        0.156001 -0.662503 -0.185748,
                        0.170881 -0.662463 -0.185748,
                        0.170881 -0.662372 -0.200596,
                        0.156001 -0.662306 -0.215444,
                        0.170881 -0.662162 -0.215444,
                        0.156001 -0.661991 -0.230292,
                        0.156001 -0.662411 0.141183,
                        0.170881 -0.662398 0.126267,
                        0.156001 -0.662345 0.156031,
                        0.156001 -0.662227 0.170879,
                        0.156001 -0.662018 0.185728,
                        0.156001 -0.661716 0.200576,
                        0.141121 -0.661939 0.200576,
                        0.156001 -0.662463 0.126267,
                        0.156001 -0.662529 0.066874,
                        0.126306 -0.662516 0.126267,
                        0.170881 -0.662529 0.037110,
                        0.156001 -0.662490 0.111419,
                        0.156001 -0.661179 0.215424,
                        0.141121 -0.661507 0.215424,
                        0.126306 -0.660288 0.245188,
                        0.141121 -0.660773 0.230340,
                        0.126306 -0.658767 0.260036,
                        0.111426 -0.659462 0.260036,
                        0.141121 -0.661742 -0.245208,
                        0.156001 -0.661402 -0.245208,
                        0.141121 -0.660864 -0.260057,
                        0.156001 -0.660248 -0.260057,
                        0.170881 -0.659265 -0.260057,
                        0.185761 -0.657811 -0.260057,
                        0.200509 -0.655661 -0.260396,
                        0.211900 -0.654796 -0.255650,
                        0.221776 -0.653630 -0.251649,
                        0.216311 -0.652004 -0.260396,
                        0.216377 -0.644442 -0.275990,
                        0.212032 -0.641034 -0.284939,
                        0.194254 -0.639592 -0.297821,
                        0.204131 -0.635503 -0.294906,
                        0.215521 -0.631912 -0.289821,
                        0.227109 -0.616748 -0.285617,
                        0.234549 -0.616748 -0.279583,
                        0.209135 -0.625595 -0.297889,
                        0.218286 -0.596970 -0.278905,
                        0.213612 -0.602750 -0.288397,
                        0.208871 -0.608543 -0.297686,
                        0.208410 -0.594310 -0.282566,
                        0.200575 -0.593104 -0.284871,
                        0.185432 -0.591361 -0.290160,
                        0.170881 -0.592475 -0.300804,
                        0.156001 -0.591164 -0.305347,
                        0.141121 -0.587874 -0.304601,
                        0.126306 -0.585620 -0.304601,
                        0.111426 -0.584139 -0.304601,
                        0.097665 -0.528646 -0.096523,
                        0.096546 -0.528646 0.045043,
                        0.096546 -0.584296 0.289733,
                        0.111426 -0.581963 0.274884,
                        0.111426 -0.585384 0.289733,
                        0.126306 -0.587009 0.289733,
                        0.141121 -0.589539 0.289733,
                        0.170881 -0.593471 0.284309,
                        0.178453 -0.594414 0.282410,
                        0.183852 -0.602580 0.288648,
                        0.170881 -0.606236 0.299767,
                        0.149219 -0.608871 0.312378,
                        0.181086 -0.616748 0.298547,
                        0.170881 -0.598805 0.291699,
                        0.141121 -0.642712 0.302615,
                        0.141121 -0.616748 0.316717,
                        0.126306 -0.616748 0.321327,
                        0.103986 -0.624179 0.326887,
                        0.141121 -0.629133 0.314751,
                        0.158173 -0.616748 0.309530,
                        0.150733 -0.616748 0.313056,
                        0.127096 -0.643603 0.305937,
                        0.127096 -0.632908 0.316446,
                        0.046243 -0.625070 0.342142,
                        0.074423 -0.639068 0.326955,
                        0.096546 -0.642384 0.316378,
                        0.174963 -0.653315 0.265257,
                        0.165087 -0.654167 0.268172,
                        0.170354 -0.655229 0.260240,
                        0.141121 -0.649501 0.289733,
                        0.156001 -0.652096 0.277325,
                        0.156001 -0.656749 0.260036,
                        0.141121 -0.657863 0.260036,
                        0.096546 -0.662529 -0.185748,
                        0.141121 -0.662516 -0.185748,
                        0.126306 -0.662490 -0.200596,
                        0.141121 -0.662476 -0.200596,
                        0.156001 -0.662437 -0.200596,
                        0.141121 -0.662385 -0.215444,
                        0.126306 -0.662254 -0.230292,
                        0.141121 -0.662162 -0.230292,
                        0.126306 -0.661939 -0.245208,
                        0.141121 -0.662463 0.141183,
                        0.141121 -0.662411 0.156031,
                        0.126306 -0.662463 0.156031,
                        0.141121 -0.662332 0.170879,
                        0.126306 -0.662398 0.170879,
                        0.126306 -0.662267 0.185728,
                        0.126306 -0.662096 0.200576,
                        0.126306 -0.661756 0.215424,
                        0.111426 -0.661926 0.215424,
                        0.081732 -0.662529 0.141183,
                        0.126306 -0.662490 0.141183,
                        0.096546 -0.662503 0.156031,
                        0.081732 -0.662516 0.156031,
                        0.126306 -0.661153 0.230340,
                        0.111426 -0.661428 0.230340,
                        0.111426 -0.660720 0.245188,
                        0.096546 -0.659973 0.260036,
                        0.111426 -0.657312 0.274884,
                        0.096546 -0.658033 0.274884,
                        0.022277 -0.658728 0.289733,
                        0.111426 -0.661480 -0.260057,
                        0.126306 -0.661244 -0.260057,
                        0.111426 -0.660340 -0.274905,
                        0.126306 -0.659894 -0.274905,
                        0.141121 -0.659187 -0.274905,
                        0.156001 -0.658046 -0.274905,
                        0.172000 -0.655989 -0.276193,
                        0.185761 -0.655163 -0.271989,
                        0.195505 -0.654416 -0.268938,
                        0.205447 -0.653289 -0.265548,
                        0.200509 -0.650943 -0.274295,
                        0.185761 -0.647745 -0.289753,
                        0.199719 -0.642725 -0.289889,
                        0.185761 -0.641401 -0.300262,
                        0.165679 -0.639999 -0.313076,
                        0.175621 -0.636814 -0.310635,
                        0.216904 -0.616748 -0.293075,
                        0.185695 -0.631755 -0.307788,
                        0.180757 -0.626905 -0.313280,
                        0.200575 -0.616748 -0.302974,
                        0.209464 -0.616748 -0.298092,
                        0.200575 -0.598582 -0.292329,
                        0.181152 -0.616748 -0.313551,
                        0.179638 -0.608202 -0.312805,
                        0.170881 -0.605411 -0.315110,
                        0.200575 -0.606014 -0.299787,
                        0.190238 -0.595777 -0.295380,
                        0.180296 -0.593785 -0.298296,
                        0.161005 -0.595319 -0.310839,
                        0.151063 -0.593798 -0.313008,
                        0.141121 -0.592697 -0.315042,
                        0.125187 -0.591832 -0.319856,
                        0.111426 -0.589644 -0.319517,
                        0.096546 -0.588451 -0.319517,
                        0.096546 -0.583339 -0.304601,
                        0.096546 -0.528646 -0.096795,
                        0.082785 -0.528646 0.047416,
                        0.022277 -0.583536 0.304649,
                        0.037091 -0.584480 0.304649,
                        0.022277 -0.588359 0.319497,
                        0.081732 -0.588136 0.304649,
                        0.096546 -0.589434 0.304649,
                        0.111163 -0.591518 0.305598,
                        0.126306 -0.591990 0.302004,
                        0.141121 -0.593458 0.298953,
                        0.154618 -0.592357 0.289800,
                        0.148758 -0.594414 0.297258,
                        0.158634 -0.596079 0.294750,
                        0.141121 -0.599382 0.306344,
                        0.141121 -0.606813 0.314005,
                        0.043873 -0.610562 0.341599,
                        0.046243 -0.620470 0.342142,
                        0.111426 -0.647142 0.304649,
                        0.022277 -0.616748 0.345396,
                        0.037091 -0.626617 0.342955,
                        0.037091 -0.634048 0.338616,
                        0.051511 -0.630654 0.337531,
                        0.051971 -0.641336 0.329667,
                        0.066852 -0.645281 0.319497,
                        0.122948 -0.654442 0.284037,
                        0.156001 -0.654613 0.269867,
                        0.127294 -0.651991 0.289326,
                        0.111426 -0.652647 0.293394,
                        0.127294 -0.655766 0.276105,
                        0.051971 -0.662529 -0.185748,
                        0.111426 -0.662503 -0.200596,
                        0.126306 -0.662424 -0.215444,
                        0.111426 -0.662306 -0.230292,
                        0.111426 -0.662044 -0.245208,
                        0.096546 -0.661598 -0.260057,
                        0.111426 -0.662437 0.170879,
                        0.081732 -0.662490 0.170879,
                        0.096546 -0.662280 0.200576,
                        0.096546 -0.662398 0.185728,
                        0.081732 -0.662345 0.200576,
                        0.111426 -0.662201 0.200576,
                        0.096546 -0.662057 0.215424,
                        0.081732 -0.662162 0.215424,
                        0.096546 -0.661664 0.230340,
                        0.081732 -0.661834 0.230340,
                        0.051971 -0.662529 0.156031,
                        0.066852 -0.662503 0.170879,
                        0.096546 -0.661074 0.245188,
                        0.081732 -0.661310 0.245188,
                        0.022277 -0.660248 0.274884,
                        0.081732 -0.660314 0.260036,
                        0.007463 -0.659095 0.289733,
                        0.111426 -0.654953 0.286004,
                        0.096546 -0.655360 0.288173,
                        0.022277 -0.656107 0.304649,
                        0.037091 -0.658112 0.289733,
                        0.081732 -0.660746 -0.274905,
                        0.096546 -0.660615 -0.274905,
                        0.081732 -0.659226 -0.289753,
                        0.096546 -0.658938 -0.289753,
                        0.111426 -0.658453 -0.289753,
                        0.126306 -0.657640 -0.289753,
                        0.142174 -0.655910 -0.291041,
                        0.156001 -0.655268 -0.287312,
                        0.167786 -0.654521 -0.284397,
                        0.177662 -0.653800 -0.281956,
                        0.185761 -0.652804 -0.279447,
                        0.172000 -0.651834 -0.289482,
                        0.156001 -0.648230 -0.304601,
                        0.170749 -0.643551 -0.305211,
                        0.156001 -0.641624 -0.315314,
                        0.134866 -0.639461 -0.327382,
                        0.144808 -0.636381 -0.325212,
                        0.155869 -0.631493 -0.322839,
                        0.150865 -0.626473 -0.327992,
                        0.170749 -0.631755 -0.315653,
                        0.170881 -0.616748 -0.318839,
                        0.149812 -0.608543 -0.327450,
                        0.170881 -0.597979 -0.308195,
                        0.141121 -0.606079 -0.329348,
                        0.129401 -0.595856 -0.325077,
                        0.119525 -0.594310 -0.327111,
                        0.111426 -0.593772 -0.327924,
                        0.081732 -0.587782 -0.319517,
                        0.096546 -0.593064 -0.328874,
                        0.081732 -0.582881 -0.304601,
                        0.081732 -0.528646 -0.098964,
                        0.066852 -0.528646 0.048568,
                        0.007463 -0.583025 0.304649,
                        0.007463 -0.587704 0.319497,
                        0.022277 -0.592907 0.329328,
                        0.037091 -0.589762 0.319497,
                        0.037091 -0.593772 0.328040,
                        0.106027 -0.594178 0.312446,
                        0.115903 -0.594965 0.311225,
                        0.126306 -0.596380 0.309462,
                        0.126306 -0.603812 0.316378,
                        0.033931 -0.608006 0.342549,
                        0.038211 -0.616001 0.343159,
                        0.096546 -0.649370 0.304649,
                        0.051971 -0.647535 0.319497,
                        0.007463 -0.616748 0.346345,
                        0.022277 -0.628544 0.343905,
                        0.022277 -0.606905 0.343294,
                        0.022277 -0.635962 0.339769,
                        0.037091 -0.642528 0.331158,
                        0.096546 -0.653446 0.295631,
                        -0.007417 -0.662529 -0.170900,
                        -0.007417 -0.662516 -0.185748,
                        0.022277 -0.662503 -0.200596,
                        0.066852 -0.662463 -0.215444,
                        0.096546 -0.662450 -0.215444,
                        0.081732 -0.662345 -0.230292,
                        0.096546 -0.662332 -0.230292,
                        0.081732 -0.662136 -0.245208,
                        0.096546 -0.662096 -0.245208,
                        0.081732 -0.661664 -0.260057,
                        0.081732 -0.662424 0.185728,
                        0.051971 -0.662476 0.185728,
                        0.066852 -0.662385 0.200576,
                        0.066852 -0.662227 0.215424,
                        0.051971 -0.662280 0.215424,
                        0.051971 -0.662018 0.230340,
                        0.037091 -0.662096 0.230340,
                        0.022277 -0.662162 0.230340,
                        0.066852 -0.661467 0.245188,
                        0.051971 -0.661611 0.245188,
                        0.022277 -0.661847 0.245188,
                        0.007463 -0.661952 0.245188,
                        0.037091 -0.662516 0.170879,
                        -0.022232 -0.662516 0.185728,
                        -0.007417 -0.662529 0.170879,
                        0.037091 -0.662490 0.185728,
                        -0.022232 -0.662490 0.200576,
                        0.051971 -0.660812 0.260036,
                        0.037091 -0.661048 0.260036,
                        0.022277 -0.661258 0.260036,
                        0.007463 -0.661428 0.260036,
                        0.007463 -0.660524 0.274884,
                        0.007463 -0.656461 0.304649,
                        -0.007417 -0.659147 0.289733,
                        -0.007417 -0.660628 0.274884,
                        0.088184 -0.653813 0.296852,
                        0.030310 -0.653983 0.312242,
                        0.022277 -0.654141 0.312649,
                        0.066852 -0.660812 -0.274905,
                        0.066852 -0.659357 -0.289753,
                        0.066852 -0.656749 -0.304601,
                        0.081732 -0.656487 -0.304601,
                        0.097270 -0.655609 -0.305957,
                        0.111426 -0.655595 -0.303177,
                        0.126306 -0.655071 -0.300804,
                        0.137894 -0.654442 -0.298703,
                        0.147770 -0.653787 -0.296804,
                        0.156001 -0.653066 -0.294702,
                        0.142174 -0.651546 -0.304059,
                        0.126306 -0.646631 -0.319517,
                        0.140330 -0.642948 -0.319924,
                        0.126306 -0.640628 -0.328670,
                        0.112084 -0.630955 -0.338569,
                        0.126306 -0.631611 -0.334501,
                        0.140330 -0.631493 -0.329687,
                        0.151260 -0.616748 -0.328128,
                        0.158634 -0.616748 -0.324738,
                        0.107541 -0.625582 -0.342433,
                        0.126306 -0.616748 -0.338298,
                        0.141121 -0.616748 -0.332467,
                        0.106949 -0.608596 -0.342230,
                        0.125187 -0.601243 -0.331450,
                        0.111689 -0.602947 -0.336399,
                        0.096546 -0.600391 -0.336331,
                        0.066852 -0.587442 -0.319517,
                        0.081732 -0.592684 -0.329416,
                        0.066852 -0.592488 -0.329755,
                        0.081732 -0.599722 -0.336874,
                        0.066852 -0.582658 -0.304601,
                        0.066852 -0.528646 -0.100185,
                        0.065798 -0.528646 0.048636,
                        -0.007417 -0.583051 0.304649,
                        0.051971 -0.528646 0.049246,
                        0.037091 -0.528646 0.049518,
                        0.022277 -0.528646 0.049653,
                        0.006409 -0.528646 0.049653,
                        -0.007417 -0.587940 0.319497,
                        0.007463 -0.592553 0.329802,
                        0.007463 -0.598949 0.337192,
                        0.022277 -0.599473 0.336786,
                        0.045058 -0.594349 0.327090,
                        0.038211 -0.602580 0.336582,
                        0.036038 -0.650392 0.318141,
                        -0.007417 -0.616748 0.346210,
                        -0.007417 -0.630195 0.344447,
                        0.007463 -0.629841 0.344447,
                        0.007463 -0.606381 0.343633,
                        0.007463 -0.637273 0.340582,
                        0.022277 -0.643315 0.332311,
                        0.022277 -0.650746 0.320107,
                        -0.037112 -0.662516 -0.170900,
                        -0.066872 -0.662529 -0.141136,
                        -0.007417 -0.662490 -0.200596,
                        -0.066872 -0.662490 -0.170900,
                        0.007463 -0.662450 -0.215444,
                        0.051971 -0.662463 -0.215444,
                        0.037091 -0.662345 -0.230292,
                        0.066852 -0.662149 -0.245208,
                        0.066852 -0.661703 -0.260057,
                        0.037091 -0.662437 0.200576,
                        0.007463 -0.662463 0.200576,
                        0.037091 -0.662319 0.215424,
                        0.007463 -0.662385 0.215424,
                        0.007463 -0.662214 0.230340,
                        -0.007417 -0.662267 0.230340,
                        -0.007417 -0.662018 0.245188,
                        -0.007417 -0.661533 0.260036,
                        -0.081686 -0.662516 0.185728,
                        -0.111447 -0.662529 0.170879,
                        -0.066872 -0.662490 0.200576,
                        -0.022232 -0.662424 0.215424,
                        0.007463 -0.654298 0.313124,
                        -0.007417 -0.656474 0.304649,
                        -0.022232 -0.658990 0.289733,
                        -0.022232 -0.660576 0.274884,
                        -0.022232 -0.661533 0.260036,
                        0.007463 -0.651218 0.320514,
                        0.051971 -0.660851 -0.274905,
                        0.051971 -0.659423 -0.289753,
                        0.051971 -0.656880 -0.304601,
                        0.066852 -0.654468 -0.313483,
                        0.081732 -0.654285 -0.313008,
                        0.092793 -0.654075 -0.312466,
                        0.102669 -0.653826 -0.311788,
                        0.111426 -0.653433 -0.310568,
                        0.126306 -0.652463 -0.308195,
                        0.111426 -0.649121 -0.319517,
                        0.111426 -0.642161 -0.330501,
                        0.096546 -0.634612 -0.339179,
                        0.096546 -0.627181 -0.343111,
                        0.096546 -0.616748 -0.344061,
                        0.108924 -0.616748 -0.342569,
                        0.116364 -0.616748 -0.341349,
                        0.081732 -0.616748 -0.345078,
                        0.096546 -0.607822 -0.342705,
                        0.051971 -0.587298 -0.319517,
                        0.051971 -0.592396 -0.329891,
                        0.066852 -0.599342 -0.337145,
                        0.051971 -0.599133 -0.337281,
                        0.081732 -0.607154 -0.343111,
                        0.051971 -0.582566 -0.304601,
                        0.051971 -0.528646 -0.100795,
                        0.053881 -0.528646 -0.100727,
                        -0.022232 -0.583497 0.304649,
                        -0.007417 -0.528646 0.049518,
                        -0.022232 -0.528646 0.049179,
                        -0.037112 -0.528646 0.048568,
                        -0.038165 -0.528646 0.048501,
                        -0.051992 -0.528646 0.047348,
                        -0.022232 -0.588818 0.319497,
                        -0.007417 -0.592750 0.329463,
                        -0.007417 -0.599224 0.336853,
                        -0.007417 -0.606656 0.343498,
                        -0.022232 -0.607966 0.342616,
                        -0.030264 -0.609054 0.341938,
                        -0.022232 -0.616748 0.344515,
                        -0.022232 -0.628635 0.343633,
                        -0.007417 -0.637627 0.340854,
                        0.007463 -0.643787 0.333192,
                        -0.066872 -0.662516 -0.155984,
                        -0.111447 -0.662529 -0.096591,
                        -0.037112 -0.662450 -0.200596,
                        -0.051992 -0.662476 -0.185748,
                        -0.081686 -0.662476 -0.170900,
                        -0.007417 -0.662424 -0.215444,
                        0.007463 -0.662332 -0.230292,
                        0.037091 -0.662149 -0.245208,
                        0.051971 -0.661716 -0.260057,
                        -0.007417 -0.662411 0.215424,
                        -0.022232 -0.662280 0.230340,
                        -0.022232 -0.662044 0.245188,
                        -0.111447 -0.662503 0.185728,
                        -0.141141 -0.662529 0.156031,
                        -0.096567 -0.662463 0.200576,
                        -0.051992 -0.662424 0.215424,
                        -0.066872 -0.662411 0.215424,
                        -0.037112 -0.662293 0.230340,
                        -0.007417 -0.651336 0.320582,
                        -0.007417 -0.654311 0.313124,
                        -0.018676 -0.654154 0.312717,
                        -0.023088 -0.655687 0.305937,
                        -0.037112 -0.658558 0.289733,
                        -0.051992 -0.660065 0.274884,
                        -0.037112 -0.660379 0.274884,
                        -0.051992 -0.661310 0.260036,
                        -0.037112 -0.661454 0.260036,
                        -0.051992 -0.661965 0.245188,
                        -0.037112 -0.662031 0.245188,
                        -0.007417 -0.643905 0.333463,
                        0.022277 -0.660851 -0.274905,
                        0.037091 -0.659449 -0.289753,
                        0.037091 -0.656932 -0.304601,
                        0.037091 -0.654586 -0.313822,
                        0.051971 -0.654547 -0.313686,
                        0.051971 -0.651454 -0.321144,
                        0.066852 -0.651310 -0.320941,
                        0.081732 -0.651008 -0.320466,
                        0.097270 -0.651126 -0.318297,
                        0.096546 -0.643053 -0.331721,
                        0.081732 -0.636001 -0.339925,
                        0.081732 -0.628570 -0.343789,
                        0.066852 -0.616748 -0.345688,
                        0.037091 -0.587232 -0.319517,
                        0.037091 -0.592357 -0.329958,
                        0.037091 -0.599041 -0.337348,
                        0.066852 -0.606774 -0.343383,
                        0.051971 -0.606564 -0.343518,
                        0.037091 -0.582527 -0.304601,
                        0.039132 -0.528646 -0.101066,
                        -0.051992 -0.581531 0.289733,
                        -0.066872 -0.582265 0.289733,
                        -0.081686 -0.583117 0.289733,
                        -0.037112 -0.584388 0.304649,
                        -0.065621 -0.528646 0.045314,
                        -0.071876 -0.528646 0.044161,
                        -0.037573 -0.591033 0.320649,
                        -0.032898 -0.593943 0.327701,
                        -0.022232 -0.593313 0.328582,
                        -0.051992 -0.585502 0.304649,
                        -0.066872 -0.586708 0.304649,
                        -0.081686 -0.588176 0.304649,
                        -0.022232 -0.600535 0.336040,
                        -0.032371 -0.616748 0.342481,
                        -0.042774 -0.594808 0.326412,
                        -0.051992 -0.595869 0.325192,
                        -0.111447 -0.603353 0.316853,
                        -0.089522 -0.609185 0.327023,
                        -0.099595 -0.616748 0.325870,
                        -0.032701 -0.626185 0.342549,
                        -0.022232 -0.636067 0.340040,
                        -0.022232 -0.643420 0.332650,
                        -0.111447 -0.662490 -0.141136,
                        -0.081686 -0.662503 -0.155984,
                        -0.141141 -0.662503 -0.096591,
                        -0.126261 -0.662529 -0.081675,
                        -0.141141 -0.662516 -0.081675,
                        -0.051992 -0.662424 -0.200596,
                        -0.066872 -0.662450 -0.185748,
                        -0.096567 -0.662437 -0.170900,
                        -0.111447 -0.662450 -0.155984,
                        -0.037112 -0.662372 -0.215444,
                        -0.007417 -0.662306 -0.230292,
                        0.007463 -0.662123 -0.245208,
                        0.037091 -0.661716 -0.260057,
                        -0.141141 -0.662450 0.185728,
                        -0.156021 -0.662476 0.170879,
                        -0.141141 -0.662503 0.170879,
                        -0.111447 -0.662437 0.200576,
                        -0.170901 -0.662503 0.141183,
                        -0.170901 -0.662516 0.126267,
                        -0.156021 -0.662529 0.126267,
                        -0.081686 -0.662385 0.215424,
                        -0.051992 -0.662267 0.230340,
                        -0.023088 -0.651415 0.318412,
                        -0.028618 -0.653826 0.311835,
                        -0.037112 -0.655661 0.303225,
                        -0.051992 -0.657928 0.289733,
                        -0.096567 -0.658676 0.274884,
                        -0.081686 -0.659160 0.274884,
                        -0.066872 -0.659619 0.274884,
                        -0.111447 -0.660157 0.260036,
                        -0.096567 -0.660550 0.260036,
                        -0.081686 -0.660838 0.260036,
                        -0.066872 -0.661100 0.260036,
                        -0.096567 -0.661572 0.245188,
                        -0.081686 -0.661742 0.245188,
                        -0.066872 -0.661860 0.245188,
                        -0.096567 -0.662070 0.230340,
                        -0.081686 -0.662162 0.230340,
                        -0.066872 -0.662227 0.230340,
                        0.007463 -0.661690 -0.260057,
                        -0.007417 -0.661664 -0.260057,
                        0.007463 -0.660825 -0.274905,
                        0.022277 -0.659449 -0.289753,
                        0.022277 -0.656945 -0.304601,
                        0.022277 -0.654599 -0.313890,
                        0.037091 -0.651532 -0.321280,
                        0.051971 -0.644022 -0.333213,
                        0.066852 -0.643878 -0.332941,
                        0.081732 -0.643577 -0.332535,
                        0.066852 -0.636775 -0.340399,
                        0.066852 -0.629343 -0.344128,
                        0.051971 -0.616748 -0.346027,
                        0.022277 -0.587219 -0.319517,
                        0.022277 -0.599015 -0.337416,
                        0.022277 -0.592357 -0.329958,
                        0.037091 -0.606472 -0.343586,
                        0.037091 -0.616748 -0.346230,
                        0.022277 -0.582527 -0.304601,
                        0.024318 -0.528646 -0.101202,
                        -0.096567 -0.584231 0.289733,
                        -0.080435 -0.528646 0.041856,
                        -0.111447 -0.581832 0.274884,
                        -0.066872 -0.592029 0.315903,
                        -0.081686 -0.592960 0.314141,
                        -0.092814 -0.593811 0.312920,
                        -0.111447 -0.585777 0.289733,
                        -0.111447 -0.591361 0.302750,
                        -0.097291 -0.590823 0.305869,
                        -0.102690 -0.594768 0.311632,
                        -0.126261 -0.606118 0.314480,
                        -0.111447 -0.595922 0.310208,
                        -0.135215 -0.608347 0.312717,
                        -0.111447 -0.616748 0.322819,
                        -0.092748 -0.626093 0.327633,
                        -0.111447 -0.631611 0.320582,
                        -0.037112 -0.642253 0.330752,
                        -0.121718 -0.640130 0.313191,
                        -0.111447 -0.641440 0.314615,
                        -0.096567 -0.642672 0.316310,
                        -0.111447 -0.648033 0.304649,
                        -0.037112 -0.649226 0.319497,
                        -0.126261 -0.662490 -0.126287,
                        -0.141141 -0.662450 -0.126287,
                        -0.156021 -0.662463 -0.096591,
                        -0.156021 -0.662516 -0.051979,
                        -0.170901 -0.662503 -0.037131,
                        -0.170901 -0.662490 -0.051979,
                        -0.156021 -0.662490 -0.081675,
                        -0.156021 -0.662529 -0.022282,
                        -0.066872 -0.662372 -0.200596,
                        -0.081686 -0.662411 -0.185748,
                        -0.111447 -0.662385 -0.170900,
                        -0.141141 -0.662398 -0.141136,
                        -0.126261 -0.662398 -0.155984,
                        -0.051992 -0.662319 -0.215444,
                        -0.022232 -0.662267 -0.230292,
                        -0.007417 -0.662096 -0.245208,
                        -0.156021 -0.662398 0.185728,
                        -0.126261 -0.662398 0.200576,
                        -0.170901 -0.662411 0.170879,
                        -0.170901 -0.662476 0.156031,
                        -0.096567 -0.662345 0.215424,
                        -0.185716 -0.662437 0.141183,
                        -0.185716 -0.662463 0.126267,
                        -0.185716 -0.662490 0.096571,
                        -0.170901 -0.662516 -0.007366,
                        -0.096172 -0.650707 0.303360,
                        -0.100912 -0.653643 0.296309,
                        -0.091036 -0.654036 0.297530,
                        -0.096172 -0.655425 0.290682,
                        -0.081686 -0.656461 0.289733,
                        -0.066872 -0.657208 0.289733,
                        -0.111447 -0.657968 0.274884,
                        -0.126261 -0.659554 0.260036,
                        -0.141141 -0.660537 0.245188,
                        -0.126261 -0.661048 0.245188,
                        -0.111447 -0.661362 0.245188,
                        -0.126261 -0.661795 0.230340,
                        -0.111447 -0.661965 0.230340,
                        -0.126261 -0.662201 0.215424,
                        -0.111447 -0.662293 0.215424,
                        -0.022232 -0.661585 -0.260057,
                        -0.007417 -0.660786 -0.274905,
                        -0.022232 -0.662044 -0.245208,
                        -0.037112 -0.661965 -0.245208,
                        0.007463 -0.659423 -0.289753,
                        0.007463 -0.656919 -0.304601,
                        0.007463 -0.654586 -0.313822,
                        0.007463 -0.651546 -0.321280,
                        0.022277 -0.651559 -0.321280,
                        0.022277 -0.644127 -0.333416,
                        0.037091 -0.644101 -0.333348,
                        0.037091 -0.637430 -0.340806,
                        0.051971 -0.637220 -0.340671,
                        0.051971 -0.629789 -0.344332,
                        0.007463 -0.587271 -0.319517,
                        0.007463 -0.599067 -0.337348,
                        0.007463 -0.592383 -0.329891,
                        0.022277 -0.606446 -0.343586,
                        0.007463 -0.606499 -0.343586,
                        0.022277 -0.616748 -0.346298,
                        0.037091 -0.629999 -0.344400,
                        0.022277 -0.630077 -0.344467,
                        0.007463 -0.582579 -0.304601,
                        -0.022232 -0.528646 -0.100998,
                        -0.007417 -0.528646 -0.101134,
                        0.007463 -0.528646 -0.101202,
                        -0.126261 -0.583156 0.274884,
                        -0.096501 -0.528646 0.035347,
                        -0.126261 -0.587900 0.289733,
                        -0.141141 -0.585004 0.274884,
                        -0.126261 -0.592658 0.300106,
                        -0.136203 -0.593772 0.298208,
                        -0.126261 -0.598687 0.307564,
                        -0.140680 -0.601859 0.304310,
                        -0.156021 -0.605214 0.300445,
                        -0.165173 -0.607875 0.298208,
                        -0.156021 -0.616748 0.305055,
                        -0.144828 -0.616748 0.310344,
                        -0.137388 -0.616748 0.313598,
                        -0.126261 -0.616748 0.318005,
                        -0.137125 -0.627521 0.313463,
                        -0.126524 -0.632122 0.315564,
                        -0.131594 -0.637430 0.311090,
                        -0.162935 -0.638609 0.296919,
                        -0.152993 -0.640707 0.299021,
                        -0.141141 -0.642620 0.301598,
                        -0.126524 -0.644022 0.305530,
                        -0.126261 -0.651873 0.292038,
                        -0.111447 -0.653066 0.294614,
                        -0.156021 -0.662385 -0.126287,
                        -0.170901 -0.662398 -0.096591,
                        -0.170901 -0.662437 -0.081675,
                        -0.185716 -0.662490 0.022262,
                        -0.185716 -0.662476 -0.007366,
                        -0.185716 -0.662463 -0.022282,
                        -0.185716 -0.662450 -0.037131,
                        -0.081686 -0.662319 -0.200596,
                        -0.096567 -0.662358 -0.185748,
                        -0.126261 -0.662319 -0.170900,
                        -0.141141 -0.662319 -0.155984,
                        -0.066872 -0.662240 -0.215444,
                        -0.037112 -0.662214 -0.230292,
                        -0.170901 -0.662280 0.185728,
                        -0.141141 -0.662345 0.200576,
                        -0.185716 -0.662267 0.170879,
                        -0.185716 -0.662385 0.156031,
                        -0.200596 -0.662372 0.126267,
                        -0.200596 -0.662398 0.111419,
                        -0.200596 -0.662424 0.081723,
                        -0.126261 -0.654626 0.284580,
                        -0.111447 -0.655255 0.287156,
                        -0.126261 -0.656945 0.274884,
                        -0.141141 -0.658689 0.260036,
                        -0.156021 -0.659790 0.245188,
                        -0.170901 -0.660419 0.230340,
                        -0.156021 -0.661100 0.230340,
                        -0.141141 -0.661546 0.230340,
                        -0.156021 -0.661860 0.215424,
                        -0.141141 -0.662083 0.215424,
                        -0.037112 -0.661480 -0.260057,
                        -0.022232 -0.660707 -0.274905,
                        -0.007417 -0.659370 -0.289753,
                        -0.051992 -0.661821 -0.245208,
                        -0.051992 -0.662123 -0.230292,
                        -0.081686 -0.662149 -0.215444,
                        -0.066872 -0.661991 -0.230292,
                        -0.007417 -0.656854 -0.304601,
                        -0.007417 -0.654560 -0.313754,
                        -0.007417 -0.651493 -0.321212,
                        0.007463 -0.644114 -0.333416,
                        0.022277 -0.637509 -0.340874,
                        -0.007417 -0.587389 -0.319517,
                        -0.007417 -0.582671 -0.304601,
                        -0.007417 -0.592461 -0.329823,
                        -0.007417 -0.599211 -0.337213,
                        -0.007417 -0.606643 -0.343450,
                        0.007463 -0.616748 -0.346230,
                        0.007463 -0.630064 -0.344467,
                        -0.037112 -0.528646 -0.100591,
                        -0.140022 -0.581033 0.258680,
                        -0.156021 -0.582999 0.260036,
                        -0.105126 -0.528646 0.030534,
                        -0.141141 -0.591164 0.290478,
                        -0.156021 -0.587730 0.274884,
                        -0.170901 -0.585502 0.260036,
                        -0.156021 -0.592553 0.285800,
                        -0.165239 -0.593851 0.283359,
                        -0.146079 -0.595397 0.295902,
                        -0.156021 -0.597783 0.293258,
                        -0.167280 -0.616748 0.299360,
                        -0.170177 -0.601833 0.289326,
                        -0.185716 -0.606485 0.284715,
                        -0.193353 -0.609159 0.282410,
                        -0.166753 -0.628701 0.299089,
                        -0.157206 -0.632843 0.302004,
                        -0.191773 -0.637482 0.281461,
                        -0.181897 -0.640746 0.284241,
                        -0.170901 -0.642817 0.287292,
                        -0.157206 -0.644625 0.291089,
                        -0.140483 -0.650445 0.288648,
                        -0.156021 -0.652201 0.277868,
                        -0.135150 -0.654141 0.282953,
                        -0.156021 -0.662306 -0.141136,
                        -0.170901 -0.662345 -0.111439,
                        -0.185716 -0.662398 -0.066827,
                        -0.185716 -0.662358 -0.081675,
                        -0.200596 -0.662424 0.007414,
                        -0.200596 -0.662398 -0.022282,
                        -0.096567 -0.662227 -0.200596,
                        -0.111447 -0.662280 -0.185748,
                        -0.141141 -0.662201 -0.170900,
                        -0.126261 -0.662175 -0.185748,
                        -0.156021 -0.662227 0.200576,
                        -0.170901 -0.662018 0.200576,
                        -0.185716 -0.662044 0.185728,
                        -0.200596 -0.661991 0.170879,
                        -0.200596 -0.662201 0.156031,
                        -0.200596 -0.662306 0.141183,
                        -0.215476 -0.662214 0.111419,
                        -0.215476 -0.662254 0.096571,
                        -0.215476 -0.662280 0.066874,
                        -0.140483 -0.655464 0.275291,
                        -0.156021 -0.657391 0.260036,
                        -0.170901 -0.658636 0.245188,
                        -0.185716 -0.659331 0.230340,
                        -0.185716 -0.660799 0.215424,
                        -0.170901 -0.661454 0.215424,
                        -0.051992 -0.661284 -0.260057,
                        -0.037112 -0.660563 -0.274905,
                        -0.022232 -0.659265 -0.289753,
                        -0.066872 -0.661611 -0.245208,
                        -0.096567 -0.662005 -0.215444,
                        -0.081686 -0.661834 -0.230292,
                        -0.111447 -0.662096 -0.200596,
                        -0.022232 -0.656736 -0.304601,
                        -0.022232 -0.654495 -0.313551,
                        -0.022232 -0.651388 -0.321009,
                        -0.007417 -0.644062 -0.333348,
                        0.007463 -0.637495 -0.340806,
                        -0.022232 -0.587651 -0.319517,
                        -0.022232 -0.582868 -0.304601,
                        -0.022232 -0.592606 -0.329552,
                        -0.022232 -0.606918 -0.343315,
                        -0.022232 -0.599487 -0.337009,
                        -0.007417 -0.616748 -0.346027,
                        -0.007417 -0.629946 -0.344400,
                        -0.051992 -0.528646 -0.099846,
                        -0.170901 -0.581688 0.245188,
                        -0.185716 -0.583955 0.245188,
                        -0.105653 -0.528646 0.030127,
                        -0.200596 -0.582985 0.230340,
                        -0.170506 -0.591492 0.275223,
                        -0.185716 -0.588975 0.260036,
                        -0.200596 -0.587127 0.245188,
                        -0.185716 -0.593261 0.269799,
                        -0.193222 -0.594427 0.267494,
                        -0.175181 -0.595791 0.280376,
                        -0.194999 -0.616748 0.283359,
                        -0.195394 -0.627574 0.283631,
                        -0.185716 -0.599054 0.277190,
                        -0.198226 -0.603222 0.273393,
                        -0.210670 -0.607193 0.269325,
                        -0.202439 -0.616748 0.278749,
                        -0.237664 -0.609513 0.252578,
                        -0.200464 -0.632161 0.278410,
                        -0.209287 -0.639841 0.268376,
                        -0.200596 -0.641807 0.271223,
                        -0.186374 -0.644389 0.275901,
                        -0.170375 -0.650589 0.273935,
                        -0.145026 -0.653263 0.280444,
                        -0.174984 -0.653263 0.265528,
                        -0.165107 -0.654193 0.268308,
                        -0.156021 -0.654848 0.270410,
                        -0.156021 -0.662188 -0.155984,
                        -0.170901 -0.662267 -0.126287,
                        -0.200596 -0.662214 -0.081675,
                        -0.200596 -0.662372 -0.037131,
                        -0.200596 -0.662332 -0.051979,
                        -0.200596 -0.662280 -0.066827,
                        -0.215476 -0.662280 0.022262,
                        -0.215476 -0.662240 -0.022282,
                        -0.156021 -0.662018 -0.170900,
                        -0.126261 -0.661939 -0.200596,
                        -0.185716 -0.661598 0.200576,
                        -0.200596 -0.661585 0.185728,
                        -0.215476 -0.661795 0.156031,
                        -0.215476 -0.662018 0.141183,
                        -0.215476 -0.662149 0.126267,
                        -0.230290 -0.661900 0.096571,
                        -0.230290 -0.661939 0.081723,
                        -0.230290 -0.661952 0.066874,
                        -0.230290 -0.661965 0.051958,
                        -0.170375 -0.655517 0.260375,
                        -0.185716 -0.656841 0.245188,
                        -0.200596 -0.657548 0.230340,
                        -0.200596 -0.659685 0.215424,
                        -0.200596 -0.660904 0.200576,
                        -0.066872 -0.660969 -0.260057,
                        -0.051992 -0.660314 -0.274905,
                        -0.081686 -0.661375 -0.245208,
                        -0.037112 -0.659082 -0.289753,
                        -0.096567 -0.661611 -0.230292,
                        -0.111447 -0.661808 -0.215444,
                        -0.037112 -0.656513 -0.304601,
                        -0.037112 -0.654377 -0.313280,
                        -0.037112 -0.651179 -0.320670,
                        -0.037112 -0.643747 -0.332874,
                        -0.022232 -0.643957 -0.333145,
                        -0.007417 -0.637377 -0.340738,
                        -0.037112 -0.588123 -0.319517,
                        -0.037112 -0.583195 -0.304601,
                        -0.037112 -0.592881 -0.329145,
                        -0.037112 -0.607468 -0.342908,
                        -0.022232 -0.616748 -0.345688,
                        -0.037112 -0.600037 -0.336603,
                        -0.022232 -0.629671 -0.344196,
                        -0.037112 -0.629160 -0.343925,
                        -0.022232 -0.637102 -0.340603,
                        -0.066872 -0.528646 -0.098422,
                        -0.215476 -0.585974 0.230340,
                        -0.112566 -0.528646 0.023754,
                        -0.215476 -0.582422 0.215424,
                        -0.215410 -0.591387 0.245459,
                        -0.199147 -0.592527 0.259426,
                        -0.203164 -0.597285 0.264036,
                        -0.210406 -0.593589 0.254138,
                        -0.220282 -0.595751 0.250612,
                        -0.213369 -0.616748 0.271291,
                        -0.238784 -0.625804 0.253527,
                        -0.212316 -0.631611 0.270613,
                        -0.227788 -0.605647 0.255968,
                        -0.232134 -0.600365 0.246612,
                        -0.245170 -0.605607 0.241866,
                        -0.253137 -0.608687 0.238272,
                        -0.244314 -0.615385 0.247832,
                        -0.238784 -0.619422 0.253527,
                        -0.231739 -0.615385 0.257934,
                        -0.220809 -0.616748 0.266003,
                        -0.219756 -0.631611 0.264986,
                        -0.230224 -0.631099 0.257121,
                        -0.235162 -0.635713 0.250205,
                        -0.225220 -0.640562 0.254612,
                        -0.214752 -0.642646 0.259765,
                        -0.199213 -0.649409 0.258612,
                        -0.185716 -0.651873 0.262341,
                        -0.193353 -0.653931 0.252714,
                        -0.185716 -0.654599 0.254951,
                        -0.170901 -0.662149 -0.141136,
                        -0.185716 -0.662188 -0.111439,
                        -0.215476 -0.662149 -0.051979,
                        -0.215476 -0.662057 -0.066827,
                        -0.215476 -0.661952 -0.081675,
                        -0.200596 -0.662096 -0.096591,
                        -0.215476 -0.662214 -0.037131,
                        -0.230290 -0.661965 0.037110,
                        -0.230290 -0.661952 0.007414,
                        -0.230290 -0.661939 -0.007366,
                        -0.230290 -0.661913 -0.022282,
                        -0.170901 -0.661729 -0.170900,
                        -0.156021 -0.661716 -0.185748,
                        -0.170901 -0.661978 -0.155984,
                        -0.141141 -0.661677 -0.200596,
                        -0.126261 -0.661559 -0.215444,
                        -0.215476 -0.660720 0.185728,
                        -0.215476 -0.661389 0.170879,
                        -0.230290 -0.661415 0.141183,
                        -0.230290 -0.661664 0.126267,
                        -0.230290 -0.661821 0.111419,
                        -0.245170 -0.661375 0.081723,
                        -0.245170 -0.661415 0.066874,
                        -0.245170 -0.661441 0.037110,
                        -0.199213 -0.654835 0.244374,
                        -0.209353 -0.654246 0.238883,
                        -0.214752 -0.655176 0.229797,
                        -0.215476 -0.657758 0.215424,
                        -0.215476 -0.659632 0.200576,
                        -0.081686 -0.660589 -0.260057,
                        -0.096567 -0.661022 -0.245208,
                        -0.066872 -0.659829 -0.274905,
                        -0.051992 -0.658754 -0.289753,
                        -0.051992 -0.656133 -0.304601,
                        -0.051992 -0.654180 -0.312737,
                        -0.051992 -0.650812 -0.320195,
                        -0.051992 -0.643380 -0.332399,
                        -0.037112 -0.636591 -0.340332,
                        -0.051992 -0.588844 -0.319517,
                        -0.051992 -0.583706 -0.304601,
                        -0.051992 -0.593300 -0.328535,
                        -0.037112 -0.616748 -0.345078,
                        -0.051992 -0.608399 -0.342366,
                        -0.051992 -0.628255 -0.343518,
                        -0.051992 -0.600968 -0.335925,
                        -0.081686 -0.528646 -0.095845,
                        -0.230290 -0.585554 0.215424,
                        -0.231014 -0.590784 0.231086,
                        -0.120072 -0.528646 0.016363,
                        -0.230290 -0.582501 0.200576,
                        -0.226537 -0.593012 0.240713,
                        -0.236413 -0.595096 0.236510,
                        -0.253993 -0.616748 0.239222,
                        -0.253993 -0.626604 0.239154,
                        -0.244644 -0.631152 0.244713,
                        -0.245895 -0.597822 0.231086,
                        -0.251359 -0.595135 0.221458,
                        -0.256561 -0.605634 0.230340,
                        -0.267227 -0.610470 0.222543,
                        -0.262487 -0.615948 0.229323,
                        -0.250569 -0.636512 0.235628,
                        -0.240627 -0.640824 0.240306,
                        -0.230224 -0.643393 0.245256,
                        -0.214752 -0.650471 0.244374,
                        -0.203229 -0.652620 0.248781,
                        -0.185716 -0.662057 -0.126287,
                        -0.230290 -0.661795 -0.051979,
                        -0.230290 -0.661874 -0.037131,
                        -0.230290 -0.661651 -0.066827,
                        -0.215476 -0.661769 -0.096591,
                        -0.200596 -0.661939 -0.111439,
                        -0.245170 -0.661441 0.022262,
                        -0.245170 -0.661428 0.007414,
                        -0.245170 -0.661415 -0.007366,
                        -0.245170 -0.661375 -0.022282,
                        -0.185716 -0.661258 -0.170900,
                        -0.170901 -0.661323 -0.185748,
                        -0.185716 -0.661874 -0.141136,
                        -0.200596 -0.661756 -0.126287,
                        -0.185716 -0.661611 -0.155984,
                        -0.156021 -0.661284 -0.200596,
                        -0.141141 -0.661192 -0.215444,
                        -0.230290 -0.660248 0.170879,
                        -0.230290 -0.660956 0.156031,
                        -0.245170 -0.660825 0.126267,
                        -0.245170 -0.661126 0.111419,
                        -0.245170 -0.661284 0.096571,
                        -0.260050 -0.660327 0.066874,
                        -0.260050 -0.660366 0.051958,
                        -0.260050 -0.660379 0.037110,
                        -0.219295 -0.652882 0.234340,
                        -0.224430 -0.654324 0.224441,
                        -0.229763 -0.655124 0.214678,
                        -0.230290 -0.657391 0.200576,
                        -0.230290 -0.659147 0.185728,
                        -0.096567 -0.660078 -0.260057,
                        -0.111447 -0.660524 -0.245208,
                        -0.126261 -0.660917 -0.230292,
                        -0.081686 -0.659213 -0.274905,
                        -0.066872 -0.658125 -0.289753,
                        -0.066148 -0.655255 -0.305415,
                        -0.060749 -0.654010 -0.312330,
                        -0.066872 -0.642751 -0.331585,
                        -0.066148 -0.650733 -0.318161,
                        -0.051992 -0.635687 -0.339857,
                        -0.081686 -0.585974 -0.304601,
                        -0.066872 -0.584584 -0.304601,
                        -0.063909 -0.593851 -0.327721,
                        -0.068057 -0.590941 -0.320873,
                        -0.051992 -0.616748 -0.344061,
                        -0.066872 -0.626669 -0.342772,
                        -0.060420 -0.609094 -0.341891,
                        -0.067136 -0.601806 -0.334433,
                        -0.095118 -0.528646 -0.091574,
                        -0.245895 -0.590810 0.216102,
                        -0.245170 -0.586079 0.200576,
                        -0.241417 -0.592855 0.226611,
                        -0.120599 -0.528646 0.015482,
                        -0.245170 -0.583221 0.185728,
                        -0.268149 -0.620378 0.223695,
                        -0.268149 -0.625686 0.223695,
                        -0.259590 -0.631099 0.229662,
                        -0.261301 -0.600496 0.217051,
                        -0.255376 -0.593051 0.211559,
                        -0.265318 -0.595974 0.204983,
                        -0.270322 -0.605883 0.212644,
                        -0.271902 -0.615948 0.216712,
                        -0.283292 -0.608032 0.194745,
                        -0.279935 -0.616748 0.203898,
                        -0.265186 -0.635595 0.219831,
                        -0.255244 -0.640733 0.225729,
                        -0.245434 -0.643498 0.230543,
                        -0.229763 -0.650785 0.229797,
                        -0.245170 -0.661310 -0.037131,
                        -0.245170 -0.661205 -0.051979,
                        -0.230290 -0.661467 -0.081675,
                        -0.215476 -0.661533 -0.111439,
                        -0.260050 -0.660379 0.022262,
                        -0.260050 -0.660366 0.007414,
                        -0.260050 -0.660340 -0.007366,
                        -0.260050 -0.660301 -0.022282,
                        -0.200596 -0.660550 -0.170900,
                        -0.185716 -0.660681 -0.185748,
                        -0.200596 -0.661467 -0.141136,
                        -0.200596 -0.661074 -0.155984,
                        -0.170901 -0.660733 -0.200596,
                        -0.156021 -0.660655 -0.215444,
                        -0.245170 -0.659514 0.156031,
                        -0.245170 -0.660314 0.141183,
                        -0.260050 -0.659763 0.111419,
                        -0.260050 -0.660078 0.096571,
                        -0.260050 -0.660235 0.081723,
                        -0.274931 -0.658282 0.066874,
                        -0.274931 -0.658361 0.051958,
                        -0.274931 -0.658387 0.037110,
                        -0.234372 -0.652896 0.219085,
                        -0.238718 -0.654180 0.209186,
                        -0.241878 -0.654940 0.200576,
                        -0.246421 -0.656041 0.186880,
                        -0.245170 -0.658322 0.170879,
                        -0.111447 -0.659344 -0.260057,
                        -0.126261 -0.659934 -0.245208,
                        -0.141141 -0.660366 -0.230292,
                        -0.096567 -0.658413 -0.274905,
                        -0.081686 -0.657103 -0.289753,
                        -0.070625 -0.653577 -0.310839,
                        -0.081686 -0.654875 -0.301008,
                        -0.081686 -0.648099 -0.319517,
                        -0.081686 -0.641703 -0.330297,
                        -0.066872 -0.634101 -0.339043,
                        -0.081686 -0.591347 -0.318093,
                        -0.096567 -0.587992 -0.304601,
                        -0.111447 -0.585476 -0.289753,
                        -0.095513 -0.528646 -0.091438,
                        -0.073851 -0.594532 -0.326772,
                        -0.076222 -0.625162 -0.342162,
                        -0.076222 -0.622121 -0.342162,
                        -0.065950 -0.616997 -0.342637,
                        -0.070362 -0.612226 -0.341145,
                        -0.096567 -0.604913 -0.330501,
                        -0.081686 -0.602842 -0.332602,
                        -0.260248 -0.591557 0.200237,
                        -0.260050 -0.584689 0.170879,
                        -0.260050 -0.587625 0.185728,
                        -0.125208 -0.528646 0.007346,
                        -0.270848 -0.631021 0.215153,
                        -0.290272 -0.616748 0.185728,
                        -0.283753 -0.627010 0.195965,
                        -0.268544 -0.593772 0.195084,
                        -0.281383 -0.595096 0.176507,
                        -0.278749 -0.597678 0.185728,
                        -0.274404 -0.602003 0.199898,
                        -0.285860 -0.605109 0.185728,
                        -0.298304 -0.607639 0.165930,
                        -0.295934 -0.616748 0.175693,
                        -0.268610 -0.639999 0.209932,
                        -0.260116 -0.642804 0.215153,
                        -0.244249 -0.650536 0.214678,
                        -0.260050 -0.660209 -0.037131,
                        -0.260050 -0.660078 -0.051979,
                        -0.245170 -0.661009 -0.066827,
                        -0.230290 -0.661192 -0.096591,
                        -0.215476 -0.661244 -0.126287,
                        -0.274931 -0.658387 0.007414,
                        -0.274931 -0.658348 -0.007366,
                        -0.274931 -0.658282 -0.022282,
                        -0.215476 -0.659488 -0.170900,
                        -0.200596 -0.659724 -0.185748,
                        -0.215476 -0.660812 -0.141136,
                        -0.215476 -0.660222 -0.155984,
                        -0.185716 -0.659842 -0.200596,
                        -0.170901 -0.659908 -0.215444,
                        -0.260050 -0.658269 0.141183,
                        -0.260050 -0.659174 0.126267,
                        -0.274931 -0.657850 0.096571,
                        -0.274931 -0.658138 0.081723,
                        -0.287967 -0.655451 0.066874,
                        -0.288231 -0.655504 0.051958,
                        -0.288362 -0.655530 0.022262,
                        -0.249318 -0.652817 0.200576,
                        -0.252215 -0.653787 0.192575,
                        -0.254915 -0.654639 0.182677,
                        -0.259919 -0.655215 0.169591,
                        -0.260050 -0.656906 0.156031,
                        -0.126261 -0.658413 -0.260057,
                        -0.141141 -0.659108 -0.245208,
                        -0.156021 -0.659580 -0.230292,
                        -0.111447 -0.657352 -0.274905,
                        -0.111447 -0.655019 -0.286770,
                        -0.097093 -0.655517 -0.290770,
                        -0.092550 -0.654285 -0.298567,
                        -0.102426 -0.653708 -0.296465,
                        -0.081686 -0.652869 -0.308466,
                        -0.097093 -0.651873 -0.303991,
                        -0.111447 -0.648819 -0.304601,
                        -0.097818 -0.643891 -0.320873,
                        -0.093735 -0.640392 -0.328670,
                        -0.081423 -0.630719 -0.338230,
                        -0.096567 -0.592527 -0.315585,
                        -0.107167 -0.593628 -0.313483,
                        -0.111842 -0.591216 -0.305483,
                        -0.126261 -0.587573 -0.289753,
                        -0.141141 -0.585449 -0.274905,
                        -0.095974 -0.528646 -0.091235,
                        -0.081686 -0.595424 -0.325551,
                        -0.097818 -0.632987 -0.332196,
                        -0.111447 -0.627915 -0.328941,
                        -0.119084 -0.624402 -0.327043,
                        -0.096567 -0.616748 -0.335789,
                        -0.081423 -0.616997 -0.339993,
                        -0.107825 -0.607206 -0.328535,
                        -0.096567 -0.597481 -0.323043,
                        -0.271309 -0.592422 0.185728,
                        -0.260050 -0.582632 0.156031,
                        -0.274931 -0.584965 0.141183,
                        -0.274931 -0.587284 0.156031,
                        -0.275787 -0.590902 0.171286,
                        -0.125668 -0.528646 0.006193,
                        -0.278552 -0.631820 0.200779,
                        -0.299029 -0.627967 0.167422,
                        -0.294420 -0.632397 0.171761,
                        -0.286914 -0.631820 0.185863,
                        -0.283688 -0.593576 0.166608,
                        -0.295868 -0.595358 0.145658,
                        -0.293564 -0.597586 0.156031,
                        -0.289877 -0.601361 0.171218,
                        -0.299424 -0.616748 0.168303,
                        -0.300543 -0.605017 0.156031,
                        -0.312526 -0.608556 0.134878,
                        -0.296395 -0.637876 0.161591,
                        -0.284017 -0.640392 0.180982,
                        -0.286716 -0.642279 0.170879,
                        -0.270980 -0.641781 0.200576,
                        -0.260050 -0.648138 0.200576,
                        -0.274931 -0.658164 -0.037131,
                        -0.274931 -0.657968 -0.051979,
                        -0.260050 -0.659842 -0.066827,
                        -0.245170 -0.660733 -0.081675,
                        -0.230290 -0.660799 -0.111439,
                        -0.288362 -0.655517 0.007414,
                        -0.288231 -0.655504 -0.007366,
                        -0.288099 -0.655464 -0.022282,
                        -0.230290 -0.657653 -0.170900,
                        -0.215476 -0.658335 -0.185748,
                        -0.230290 -0.659685 -0.141136,
                        -0.245170 -0.659003 -0.126287,
                        -0.245170 -0.658020 -0.141136,
                        -0.185716 -0.658689 -0.215444,
                        -0.230290 -0.660353 -0.126287,
                        -0.170901 -0.658518 -0.230292,
                        -0.272890 -0.655412 0.141183,
                        -0.276313 -0.655818 0.127623,
                        -0.274931 -0.657260 0.111419,
                        -0.286650 -0.655176 0.096571,
                        -0.287506 -0.655360 0.081723,
                        -0.295407 -0.653367 0.066874,
                        -0.295671 -0.653446 0.051958,
                        -0.295736 -0.653472 0.037110,
                        -0.295802 -0.653485 0.022262,
                        -0.259919 -0.651926 0.186880,
                        -0.264857 -0.652974 0.173659,
                        -0.267622 -0.653957 0.163760,
                        -0.269400 -0.654534 0.156031,
                        -0.156021 -0.657955 -0.245208,
                        -0.141141 -0.657195 -0.260057,
                        -0.126854 -0.655635 -0.275786,
                        -0.122310 -0.654429 -0.284058,
                        -0.111447 -0.652987 -0.294228,
                        -0.126854 -0.651952 -0.289346,
                        -0.126261 -0.645386 -0.304601,
                        -0.141141 -0.648780 -0.289753,
                        -0.103612 -0.638858 -0.326772,
                        -0.133767 -0.639068 -0.312127,
                        -0.117043 -0.595017 -0.311042,
                        -0.137256 -0.593471 -0.298838,
                        -0.126261 -0.592317 -0.301415,
                        -0.141800 -0.591059 -0.290702,
                        -0.156021 -0.588176 -0.274905,
                        -0.170901 -0.586616 -0.260057,
                        -0.111249 -0.528646 -0.082285,
                        -0.149766 -0.625647 -0.312805,
                        -0.119084 -0.623327 -0.327043,
                        -0.112237 -0.617718 -0.329552,
                        -0.117702 -0.613419 -0.326365,
                        -0.148252 -0.610142 -0.311856,
                        -0.138376 -0.606787 -0.314229,
                        -0.126261 -0.604113 -0.317009,
                        -0.112434 -0.601099 -0.319924,
                        -0.126261 -0.596682 -0.308873,
                        -0.274931 -0.583366 0.126267,
                        -0.289745 -0.586642 0.111419,
                        -0.289745 -0.588372 0.126267,
                        -0.290469 -0.591282 0.140912,
                        -0.286124 -0.592317 0.156031,
                        -0.131133 -0.528646 -0.008519,
                        -0.313382 -0.627469 0.136437,
                        -0.311012 -0.637377 0.130810,
                        -0.297975 -0.593929 0.135759,
                        -0.306995 -0.599329 0.126267,
                        -0.304230 -0.601951 0.140302,
                        -0.313382 -0.616748 0.136640,
                        -0.313777 -0.606761 0.126267,
                        -0.320427 -0.616748 0.111419,
                        -0.317003 -0.616748 0.126267,
                        -0.298436 -0.640169 0.151692,
                        -0.301070 -0.641925 0.141183,
                        -0.290733 -0.643918 0.156370,
                        -0.289745 -0.648649 0.141183,
                        -0.273482 -0.649986 0.169591,
                        -0.287704 -0.655386 -0.037131,
                        -0.287177 -0.655268 -0.051979,
                        -0.274931 -0.657640 -0.066827,
                        -0.260050 -0.659475 -0.081675,
                        -0.245170 -0.660314 -0.096591,
                        -0.295736 -0.653485 0.007414,
                        -0.295671 -0.653459 -0.007366,
                        -0.295473 -0.653394 -0.022282,
                        -0.231673 -0.655713 -0.186968,
                        -0.260577 -0.655346 -0.141000,
                        -0.215476 -0.656513 -0.200596,
                        -0.200596 -0.656775 -0.215444,
                        -0.245170 -0.659711 -0.111439,
                        -0.260050 -0.658859 -0.096591,
                        -0.260050 -0.657955 -0.111439,
                        -0.260050 -0.656867 -0.126287,
                        -0.185716 -0.656906 -0.230292,
                        -0.282239 -0.653865 0.133454,
                        -0.283753 -0.654337 0.123555,
                        -0.285268 -0.654809 0.111419,
                        -0.294090 -0.652896 0.096571,
                        -0.294946 -0.653223 0.081723,
                        -0.304625 -0.648675 0.066874,
                        -0.304625 -0.648859 0.051958,
                        -0.304625 -0.648937 0.037110,
                        -0.304625 -0.648977 0.022262,
                        -0.304625 -0.648964 0.007414,
                        -0.276840 -0.651716 0.156031,
                        -0.280330 -0.653197 0.141183,
                        -0.172218 -0.655858 -0.246564,
                        -0.156219 -0.655399 -0.260667,
                        -0.141141 -0.654953 -0.271583,
                        -0.151412 -0.654324 -0.268938,
                        -0.132187 -0.653656 -0.281414,
                        -0.141141 -0.652882 -0.278973,
                        -0.156219 -0.651664 -0.274295,
                        -0.139693 -0.641716 -0.304398,
                        -0.170901 -0.641952 -0.286770,
                        -0.170901 -0.647994 -0.274905,
                        -0.139693 -0.631008 -0.314364,
                        -0.170901 -0.634900 -0.294228,
                        -0.143709 -0.635556 -0.309212,
                        -0.181173 -0.640235 -0.284058,
                        -0.191115 -0.637495 -0.280668,
                        -0.147133 -0.594925 -0.296330,
                        -0.165502 -0.593785 -0.283515,
                        -0.156021 -0.592566 -0.286295,
                        -0.170638 -0.591754 -0.275108,
                        -0.186703 -0.590928 -0.261074,
                        -0.200596 -0.589499 -0.245208,
                        -0.185716 -0.585751 -0.245208,
                        -0.111578 -0.528646 -0.082014,
                        -0.184794 -0.630982 -0.289211,
                        -0.178539 -0.624454 -0.297347,
                        -0.149766 -0.620051 -0.312805,
                        -0.142458 -0.615752 -0.315653,
                        -0.178539 -0.623563 -0.297347,
                        -0.176630 -0.613655 -0.296126,
                        -0.194275 -0.608360 -0.283176,
                        -0.166688 -0.607141 -0.299109,
                        -0.156021 -0.604310 -0.302228,
                        -0.142721 -0.600850 -0.305347,
                        -0.289745 -0.585581 0.096571,
                        -0.302913 -0.591229 0.096571,
                        -0.301531 -0.591898 0.111419,
                        -0.299555 -0.592986 0.126267,
                        -0.133043 -0.528646 -0.019231,
                        -0.318386 -0.631611 0.111419,
                        -0.314962 -0.632096 0.126064,
                        -0.312658 -0.639606 0.120911,
                        -0.308971 -0.597049 0.111419,
                        -0.315489 -0.604480 0.111419,
                        -0.322402 -0.616748 0.096571,
                        -0.305481 -0.643236 0.126064,
                        -0.289152 -0.651808 0.127623,
                        -0.295144 -0.653289 -0.037131,
                        -0.294551 -0.653092 -0.051979,
                        -0.286255 -0.655071 -0.066827,
                        -0.274931 -0.657155 -0.081675,
                        -0.304625 -0.648911 -0.007366,
                        -0.304625 -0.648780 -0.022282,
                        -0.240035 -0.654508 -0.182833,
                        -0.237467 -0.653839 -0.192731,
                        -0.226471 -0.654613 -0.200596,
                        -0.268346 -0.654206 -0.135915,
                        -0.265910 -0.653485 -0.145814,
                        -0.214422 -0.654626 -0.214088,
                        -0.199674 -0.654809 -0.229208,
                        -0.274931 -0.656382 -0.096591,
                        -0.274996 -0.655163 -0.110490,
                        -0.194078 -0.654167 -0.238700,
                        -0.185716 -0.654848 -0.242022,
                        -0.292708 -0.652371 0.111419,
                        -0.304625 -0.647548 0.096571,
                        -0.304625 -0.648282 0.081723,
                        -0.314962 -0.641768 0.066874,
                        -0.315094 -0.641873 0.051958,
                        -0.315160 -0.641925 0.037110,
                        -0.315225 -0.641952 0.022262,
                        -0.315225 -0.641952 0.007414,
                        -0.168136 -0.654678 -0.256124,
                        -0.161289 -0.653551 -0.266023,
                        -0.185979 -0.642895 -0.275379,
                        -0.172218 -0.652765 -0.260667,
                        -0.185716 -0.649475 -0.260057,
                        -0.197040 -0.640811 -0.270769,
                        -0.201254 -0.632934 -0.275515,
                        -0.195658 -0.627587 -0.284397,
                        -0.206917 -0.638269 -0.266498,
                        -0.156021 -0.596878 -0.293753,
                        -0.175379 -0.595659 -0.280261,
                        -0.192300 -0.594794 -0.266701,
                        -0.182358 -0.593117 -0.270362,
                        -0.200596 -0.593222 -0.255853,
                        -0.208102 -0.594427 -0.252666,
                        -0.214027 -0.593261 -0.243852,
                        -0.215476 -0.589263 -0.230292,
                        -0.200596 -0.585384 -0.230292,
                        -0.112764 -0.528646 -0.080862,
                        -0.195855 -0.616748 -0.284465,
                        -0.184399 -0.617862 -0.292329,
                        -0.203295 -0.616748 -0.278566,
                        -0.212250 -0.616748 -0.271108,
                        -0.210274 -0.607468 -0.269481,
                        -0.199806 -0.604860 -0.274634,
                        -0.186703 -0.597783 -0.275108,
                        -0.185716 -0.605791 -0.285821,
                        -0.171033 -0.601400 -0.289821,
                        -0.289745 -0.584978 0.081723,
                        -0.303835 -0.590849 0.081723,
                        -0.133438 -0.528646 -0.022282,
                        -0.310353 -0.595751 0.096571,
                        -0.311209 -0.595057 0.081723,
                        -0.313448 -0.640366 0.111419,
                        -0.320098 -0.631611 0.096571,
                        -0.304625 -0.646277 0.111419,
                        -0.316608 -0.603169 0.096571,
                        -0.323521 -0.616748 0.081723,
                        -0.304625 -0.648505 -0.037131,
                        -0.304625 -0.648020 -0.051979,
                        -0.293695 -0.652751 -0.066827,
                        -0.285004 -0.654770 -0.081675,
                        -0.283688 -0.654377 -0.096591,
                        -0.315160 -0.641925 -0.007366,
                        -0.315094 -0.641847 -0.022282,
                        -0.262684 -0.652529 -0.155984,
                        -0.245039 -0.652214 -0.186968,
                        -0.245170 -0.648675 -0.200596,
                        -0.233911 -0.652830 -0.200596,
                        -0.218636 -0.652751 -0.218089,
                        -0.208760 -0.654075 -0.223580,
                        -0.282700 -0.654049 -0.104863,
                        -0.273943 -0.651205 -0.141000,
                        -0.274931 -0.647522 -0.155984,
                        -0.199674 -0.650759 -0.244259,
                        -0.185716 -0.652987 -0.249480,
                        -0.178012 -0.653852 -0.252395,
                        -0.204020 -0.652725 -0.233479,
                        -0.314238 -0.641113 0.096571,
                        -0.314699 -0.641532 0.081723,
                        -0.321546 -0.631611 0.066874,
                        -0.321810 -0.631611 0.051958,
                        -0.321941 -0.631611 0.037110,
                        -0.322007 -0.631611 0.022262,
                        -0.322007 -0.631611 0.007414,
                        -0.321941 -0.631611 -0.007366,
                        -0.201452 -0.643616 -0.260938,
                        -0.211723 -0.641113 -0.256599,
                        -0.211328 -0.628360 -0.270362,
                        -0.231607 -0.633183 -0.246293,
                        -0.226340 -0.628072 -0.255921,
                        -0.226932 -0.641113 -0.241479,
                        -0.236808 -0.638295 -0.236666,
                        -0.200596 -0.597023 -0.263243,
                        -0.218044 -0.597245 -0.247920,
                        -0.223114 -0.594349 -0.238022,
                        -0.228973 -0.593248 -0.228869,
                        -0.230290 -0.589473 -0.215444,
                        -0.215476 -0.585397 -0.215444,
                        -0.122771 -0.528646 -0.069878,
                        -0.219624 -0.616748 -0.264260,
                        -0.225220 -0.607154 -0.254904,
                        -0.214159 -0.602357 -0.258768,
                        -0.289745 -0.584650 0.066874,
                        -0.304362 -0.590627 0.066874,
                        -0.312065 -0.594467 0.059010,
                        -0.311802 -0.594624 0.066874,
                        -0.133701 -0.528646 -0.037131,
                        -0.289745 -0.584493 0.051958,
                        -0.317201 -0.602475 0.081723,
                        -0.321020 -0.631611 0.081723,
                        -0.324114 -0.616748 0.066874,
                        -0.314896 -0.641690 -0.037131,
                        -0.314567 -0.641401 -0.051979,
                        -0.304625 -0.647168 -0.066827,
                        -0.292444 -0.652188 -0.081675,
                        -0.291128 -0.651415 -0.096591,
                        -0.321810 -0.631611 -0.022282,
                        -0.258668 -0.650877 -0.169544,
                        -0.260050 -0.646211 -0.185748,
                        -0.254586 -0.640431 -0.211037,
                        -0.245631 -0.643105 -0.215783,
                        -0.231278 -0.643655 -0.231174,
                        -0.228908 -0.650510 -0.214088,
                        -0.259721 -0.641847 -0.199444,
                        -0.214422 -0.650785 -0.229208,
                        -0.288494 -0.650550 -0.110490,
                        -0.289745 -0.646814 -0.126287,
                        -0.290337 -0.642908 -0.140729,
                        -0.285729 -0.641454 -0.155984,
                        -0.275457 -0.642948 -0.170832,
                        -0.216200 -0.643800 -0.245886,
                        -0.324443 -0.616748 0.051958,
                        -0.324641 -0.616748 0.037110,
                        -0.324772 -0.616748 0.007414,
                        -0.324707 -0.616748 -0.007366,
                        -0.240825 -0.628386 -0.241208,
                        -0.234636 -0.616748 -0.249548,
                        -0.241022 -0.640851 -0.226767,
                        -0.250964 -0.637666 -0.220936,
                        -0.255310 -0.627757 -0.225750,
                        -0.229105 -0.602186 -0.243988,
                        -0.233056 -0.597232 -0.232869,
                        -0.237796 -0.594427 -0.222970,
                        -0.240891 -0.593209 -0.215444,
                        -0.246224 -0.591020 -0.201478,
                        -0.230290 -0.585777 -0.200596,
                        -0.123825 -0.528646 -0.068522,
                        -0.240035 -0.607141 -0.240123,
                        -0.304625 -0.590351 0.037110,
                        -0.306074 -0.591282 0.053179,
                        -0.312131 -0.594401 0.049043,
                        -0.318057 -0.601885 0.037110,
                        -0.316674 -0.600404 0.053179,
                        -0.317596 -0.602042 0.066874,
                        -0.131265 -0.528646 -0.051233,
                        -0.289745 -0.585895 -0.081675,
                        -0.289745 -0.585187 -0.066827,
                        -0.289745 -0.584781 -0.051979,
                        -0.289745 -0.584571 -0.037131,
                        -0.289745 -0.584453 -0.022282,
                        -0.289745 -0.584401 -0.007366,
                        -0.289745 -0.584388 0.007414,
                        -0.289745 -0.584388 0.022262,
                        -0.289745 -0.584414 0.037110,
                        -0.321480 -0.631611 -0.037131,
                        -0.320888 -0.631611 -0.051979,
                        -0.313975 -0.640877 -0.066827,
                        -0.304625 -0.645739 -0.081675,
                        -0.305613 -0.643171 -0.095845,
                        -0.302255 -0.642817 -0.111439,
                        -0.324575 -0.616748 -0.022282,
                        -0.324312 -0.616748 -0.037131,
                        -0.270322 -0.640838 -0.185748,
                        -0.267886 -0.639343 -0.193748,
                        -0.299753 -0.641047 -0.126287,
                        -0.297975 -0.639658 -0.135508,
                        -0.283424 -0.639907 -0.165815,
                        -0.318122 -0.601885 0.022262,
                        -0.318122 -0.601885 -0.007366,
                        -0.241747 -0.616748 -0.242157,
                        -0.264528 -0.635582 -0.203647,
                        -0.259919 -0.631663 -0.215241,
                        -0.268412 -0.625673 -0.209614,
                        -0.255968 -0.616748 -0.226631,
                        -0.249187 -0.616748 -0.234089,
                        -0.243854 -0.602370 -0.228936,
                        -0.248331 -0.597075 -0.215444,
                        -0.251820 -0.594821 -0.206969,
                        -0.254981 -0.593248 -0.197071,
                        -0.245170 -0.586996 -0.185748,
                        -0.124483 -0.528646 -0.067302,
                        -0.260050 -0.586223 -0.155984,
                        -0.254454 -0.607508 -0.225072,
                        -0.312197 -0.594336 0.037110,
                        -0.304625 -0.590286 0.022262,
                        -0.312263 -0.594296 0.022262,
                        -0.131067 -0.528646 -0.052047,
                        -0.289745 -0.587101 -0.096591,
                        -0.302716 -0.591374 -0.081675,
                        -0.303703 -0.590941 -0.066827,
                        -0.304296 -0.590692 -0.051979,
                        -0.304625 -0.590391 -0.022282,
                        -0.304625 -0.590312 -0.007366,
                        -0.304625 -0.590273 0.007414,
                        -0.323851 -0.616748 -0.051979,
                        -0.323061 -0.616748 -0.066827,
                        -0.319900 -0.631611 -0.066827,
                        -0.313053 -0.640012 -0.081675,
                        -0.312328 -0.639330 -0.090489,
                        -0.311143 -0.637980 -0.100388,
                        -0.317991 -0.601885 -0.022282,
                        -0.317530 -0.602121 -0.051979,
                        -0.280791 -0.637495 -0.175714,
                        -0.309695 -0.635896 -0.111439,
                        -0.307654 -0.631204 -0.126423,
                        -0.295736 -0.637181 -0.145475,
                        -0.312263 -0.594283 0.007414,
                        -0.312263 -0.594310 -0.007366,
                        -0.312197 -0.594349 -0.022282,
                        -0.278157 -0.632174 -0.186290,
                        -0.284214 -0.627600 -0.181748,
                        -0.280330 -0.616748 -0.189680,
                        -0.274009 -0.616748 -0.200596,
                        -0.268610 -0.616748 -0.209817,
                        -0.263408 -0.616748 -0.217275,
                        -0.268017 -0.608556 -0.208868,
                        -0.259655 -0.605017 -0.214495,
                        -0.259985 -0.598097 -0.201478,
                        -0.264923 -0.595974 -0.188935,
                        -0.267820 -0.594244 -0.178968,
                        -0.270190 -0.593117 -0.170900,
                        -0.259985 -0.592265 -0.184663,
                        -0.260050 -0.589159 -0.170900,
                        -0.130936 -0.528646 -0.052453,
                        -0.274931 -0.588530 -0.141136,
                        -0.274931 -0.586354 -0.126287,
                        -0.289745 -0.589211 -0.111439,
                        -0.299292 -0.593248 -0.111439,
                        -0.301333 -0.592068 -0.096591,
                        -0.310156 -0.595830 -0.081675,
                        -0.311077 -0.595122 -0.066827,
                        -0.311670 -0.594703 -0.051979,
                        -0.311933 -0.594532 -0.041944,
                        -0.312131 -0.594414 -0.032046,
                        -0.306074 -0.591321 -0.037063,
                        -0.317201 -0.602540 -0.066827,
                        -0.316608 -0.603261 -0.081675,
                        -0.321810 -0.616748 -0.081675,
                        -0.318254 -0.631611 -0.081675,
                        -0.315489 -0.632463 -0.095845,
                        -0.314501 -0.628465 -0.111439,
                        -0.316674 -0.600430 -0.037063,
                        -0.286650 -0.632174 -0.170832,
                        -0.312987 -0.625988 -0.121541,
                        -0.301201 -0.631978 -0.140729,
                        -0.298963 -0.627272 -0.152119,
                        -0.295868 -0.616748 -0.160730,
                        -0.290667 -0.616748 -0.170900,
                        -0.284543 -0.616748 -0.182222,
                        -0.283358 -0.608071 -0.180121,
                        -0.285992 -0.605450 -0.170900,
                        -0.270322 -0.606171 -0.200596,
                        -0.280659 -0.595502 -0.160459,
                        -0.283227 -0.593890 -0.150560,
                        -0.275392 -0.591636 -0.155713,
                        -0.297712 -0.594152 -0.119779,
                        -0.306732 -0.598910 -0.111439,
                        -0.308773 -0.596905 -0.096591,
                        -0.315752 -0.604336 -0.096591,
                        -0.319834 -0.616748 -0.096591,
                        -0.316608 -0.616748 -0.111439,
                        -0.313250 -0.616748 -0.122084,
                        -0.310222 -0.616748 -0.129474,
                        -0.304954 -0.616748 -0.141136,
                        -0.299358 -0.616748 -0.153272,
                        -0.298370 -0.607770 -0.151373,
                        -0.289679 -0.601636 -0.155916,
                        -0.292510 -0.598110 -0.141136,
                        -0.312724 -0.608242 -0.120389,
                        -0.314172 -0.606341 -0.111439,
                    ]
                }
                coordIndex [ 
                        0, 1, 2, -1,
                        0, 2, 3, -1,
                        0, 3, 4, -1,
                        0, 4, 5, -1,
                        0, 5, 6, -1,
                        0, 6, 7, -1,
                        0, 7, 8, -1,
                        0, 8, 1, -1,
                        1, 9, 2, -1,
                        1, 8, 23, -1,
                        1, 23, 9, -1,
                        2, 9, 3, -1,
                        3, 10, 29, -1,
                        3, 29, 11, -1,
                        3, 11, 12, -1,
                        3, 12, 13, -1,
                        3, 13, 4, -1,
                        3, 9, 10, -1,
                        4, 13, 5, -1,
                        5, 13, 14, -1,
                        5, 14, 15, -1,
                        5, 15, 16, -1,
                        5, 16, 17, -1,
                        5, 17, 6, -1,
                        6, 17, 42, -1,
                        6, 42, 18, -1,
                        6, 18, 7, -1,
                        7, 18, 19, -1,
                        7, 19, 20, -1,
                        7, 20, 21, -1,
                        7, 21, 22, -1,
                        7, 22, 8, -1,
                        8, 22, 24, -1,
                        8, 24, 23, -1,
                        9, 23, 25, -1,
                        9, 25, 10, -1,
                        10, 25, 26, -1,
                        10, 26, 27, -1,
                        10, 27, 28, -1,
                        10, 28, 29, -1,
                        11, 29, 57, -1,
                        11, 57, 30, -1,
                        11, 30, 12, -1,
                        12, 30, 31, -1,
                        12, 31, 32, -1,
                        12, 32, 33, -1,
                        12, 33, 13, -1,
                        13, 33, 14, -1,
                        14, 33, 34, -1,
                        14, 34, 15, -1,
                        15, 34, 35, -1,
                        15, 35, 36, -1,
                        15, 36, 37, -1,
                        15, 37, 16, -1,
                        16, 37, 38, -1,
                        16, 38, 17, -1,
                        17, 38, 39, -1,
                        17, 39, 40, -1,
                        17, 40, 41, -1,
                        17, 41, 42, -1,
                        18, 42, 19, -1,
                        19, 42, 43, -1,
                        19, 43, 44, -1,
                        19, 44, 45, -1,
                        19, 45, 46, -1,
                        19, 46, 20, -1,
                        20, 46, 47, -1,
                        20, 47, 21, -1,
                        21, 47, 48, -1,
                        21, 48, 49, -1,
                        21, 49, 24, -1,
                        21, 24, 22, -1,
                        23, 24, 50, -1,
                        23, 50, 25, -1,
                        24, 49, 80, -1,
                        24, 80, 50, -1,
                        25, 51, 26, -1,
                        25, 50, 52, -1,
                        25, 52, 53, -1,
                        25, 53, 51, -1,
                        26, 51, 54, -1,
                        26, 54, 27, -1,
                        27, 54, 55, -1,
                        27, 55, 28, -1,
                        28, 55, 89, -1,
                        28, 89, 56, -1,
                        28, 56, 57, -1,
                        28, 57, 29, -1,
                        30, 57, 58, -1,
                        30, 58, 31, -1,
                        31, 58, 59, -1,
                        31, 59, 60, -1,
                        31, 60, 32, -1,
                        32, 60, 61, -1,
                        32, 61, 33, -1,
                        33, 61, 34, -1,
                        34, 61, 35, -1,
                        35, 61, 62, -1,
                        35, 62, 63, -1,
                        35, 63, 64, -1,
                        35, 64, 36, -1,
                        36, 65, 37, -1,
                        36, 64, 65, -1,
                        37, 65, 66, -1,
                        37, 66, 67, -1,
                        37, 67, 38, -1,
                        38, 67, 39, -1,
                        39, 67, 68, -1,
                        39, 68, 69, -1,
                        39, 69, 40, -1,
                        40, 69, 41, -1,
                        41, 43, 42, -1,
                        41, 69, 70, -1,
                        41, 70, 71, -1,
                        41, 71, 72, -1,
                        41, 72, 43, -1,
                        43, 72, 44, -1,
                        44, 72, 73, -1,
                        44, 73, 74, -1,
                        44, 74, 75, -1,
                        44, 75, 45, -1,
                        45, 75, 46, -1,
                        46, 75, 76, -1,
                        46, 76, 77, -1,
                        46, 77, 47, -1,
                        47, 77, 78, -1,
                        47, 78, 48, -1,
                        48, 78, 79, -1,
                        48, 79, 80, -1,
                        48, 80, 49, -1,
                        50, 80, 52, -1,
                        51, 81, 82, -1,
                        51, 82, 54, -1,
                        51, 53, 83, -1,
                        51, 83, 81, -1,
                        52, 84, 85, -1,
                        52, 85, 53, -1,
                        52, 80, 86, -1,
                        52, 86, 84, -1,
                        53, 85, 83, -1,
                        54, 82, 87, -1,
                        54, 87, 55, -1,
                        55, 87, 88, -1,
                        55, 88, 89, -1,
                        56, 89, 123, -1,
                        56, 123, 90, -1,
                        56, 90, 57, -1,
                        57, 90, 91, -1,
                        57, 91, 58, -1,
                        58, 91, 125, -1,
                        58, 125, 92, -1,
                        58, 92, 59, -1,
                        59, 92, 93, -1,
                        59, 93, 94, -1,
                        59, 94, 95, -1,
                        59, 95, 60, -1,
                        60, 96, 61, -1,
                        60, 95, 96, -1,
                        61, 96, 62, -1,
                        62, 96, 97, -1,
                        62, 97, 63, -1,
                        63, 98, 99, -1,
                        63, 99, 64, -1,
                        63, 97, 100, -1,
                        63, 100, 98, -1,
                        64, 99, 65, -1,
                        65, 99, 66, -1,
                        66, 99, 67, -1,
                        67, 99, 68, -1,
                        68, 99, 69, -1,
                        69, 99, 70, -1,
                        70, 99, 71, -1,
                        71, 101, 72, -1,
                        71, 99, 102, -1,
                        71, 102, 101, -1,
                        72, 101, 73, -1,
                        73, 101, 103, -1,
                        73, 103, 104, -1,
                        73, 104, 74, -1,
                        74, 104, 105, -1,
                        74, 105, 106, -1,
                        74, 106, 75, -1,
                        75, 106, 76, -1,
                        76, 106, 107, -1,
                        76, 107, 108, -1,
                        76, 108, 77, -1,
                        77, 108, 109, -1,
                        77, 109, 78, -1,
                        78, 109, 110, -1,
                        78, 110, 79, -1,
                        79, 111, 86, -1,
                        79, 86, 80, -1,
                        79, 110, 111, -1,
                        81, 112, 82, -1,
                        81, 83, 85, -1,
                        81, 85, 112, -1,
                        82, 113, 114, -1,
                        82, 114, 87, -1,
                        82, 112, 113, -1,
                        84, 115, 116, -1,
                        84, 116, 118, -1,
                        84, 118, 85, -1,
                        84, 86, 117, -1,
                        84, 117, 115, -1,
                        85, 118, 112, -1,
                        86, 111, 119, -1,
                        86, 119, 117, -1,
                        87, 114, 120, -1,
                        87, 120, 88, -1,
                        88, 120, 121, -1,
                        88, 121, 122, -1,
                        88, 122, 89, -1,
                        89, 122, 123, -1,
                        90, 123, 124, -1,
                        90, 124, 125, -1,
                        90, 125, 91, -1,
                        92, 125, 93, -1,
                        93, 125, 126, -1,
                        93, 126, 127, -1,
                        93, 127, 94, -1,
                        94, 127, 128, -1,
                        94, 128, 129, -1,
                        94, 129, 95, -1,
                        95, 129, 130, -1,
                        95, 130, 96, -1,
                        96, 130, 97, -1,
                        97, 130, 131, -1,
                        97, 131, 132, -1,
                        97, 132, 100, -1,
                        98, 100, 133, -1,
                        98, 133, 134, -1,
                        98, 134, 174, -1,
                        98, 174, 229, -1,
                        98, 229, 296, -1,
                        98, 296, 369, -1,
                        98, 369, 447, -1,
                        98, 447, 519, -1,
                        98, 519, 588, -1,
                        98, 588, 592, -1,
                        98, 592, 591, -1,
                        98, 591, 677, -1,
                        98, 677, 765, -1,
                        98, 765, 862, -1,
                        98, 862, 948, -1,
                        98, 948, 1038, -1,
                        98, 1038, 1111, -1,
                        98, 1111, 1110, -1,
                        98, 1110, 1177, -1,
                        98, 1177, 1258, -1,
                        98, 1258, 1346, -1,
                        98, 1346, 1345, -1,
                        98, 1345, 1344, -1,
                        98, 1344, 1419, -1,
                        98, 1419, 1487, -1,
                        98, 1487, 1559, -1,
                        98, 1559, 1633, -1,
                        98, 1633, 1701, -1,
                        98, 1701, 1761, -1,
                        98, 1761, 1831, -1,
                        98, 1831, 1907, -1,
                        98, 1907, 1988, -1,
                        98, 1988, 2055, -1,
                        98, 2055, 2116, -1,
                        98, 2116, 2164, -1,
                        98, 2164, 2208, -1,
                        98, 2208, 2251, -1,
                        98, 2251, 2214, -1,
                        98, 2214, 2172, -1,
                        98, 2172, 2124, -1,
                        98, 2124, 2067, -1,
                        98, 2067, 2003, -1,
                        98, 2003, 1922, -1,
                        98, 1922, 1845, -1,
                        98, 1845, 1772, -1,
                        98, 1772, 1705, -1,
                        98, 1705, 1636, -1,
                        98, 1636, 1561, -1,
                        98, 1561, 1490, -1,
                        98, 1490, 1422, -1,
                        98, 1422, 1348, -1,
                        98, 1348, 1260, -1,
                        98, 1260, 1183, -1,
                        98, 1183, 1182, -1,
                        98, 1182, 1117, -1,
                        98, 1117, 1116, -1,
                        98, 1116, 1115, -1,
                        98, 1115, 1114, -1,
                        98, 1114, 1113, -1,
                        98, 1113, 1044, -1,
                        98, 1044, 1043, -1,
                        98, 1043, 1042, -1,
                        98, 1042, 1041, -1,
                        98, 1041, 1039, -1,
                        98, 1039, 949, -1,
                        98, 949, 863, -1,
                        98, 863, 766, -1,
                        98, 766, 678, -1,
                        98, 678, 593, -1,
                        98, 593, 522, -1,
                        98, 522, 449, -1,
                        98, 449, 371, -1,
                        98, 371, 298, -1,
                        98, 298, 231, -1,
                        98, 231, 175, -1,
                        98, 175, 135, -1,
                        98, 135, 102, -1,
                        98, 102, 99, -1,
                        100, 132, 133, -1,
                        101, 102, 103, -1,
                        102, 135, 103, -1,
                        103, 136, 137, -1,
                        103, 137, 104, -1,
                        103, 135, 136, -1,
                        104, 137, 138, -1,
                        104, 138, 105, -1,
                        105, 138, 139, -1,
                        105, 139, 140, -1,
                        105, 140, 106, -1,
                        106, 140, 107, -1,
                        107, 140, 141, -1,
                        107, 141, 142, -1,
                        107, 142, 108, -1,
                        108, 142, 109, -1,
                        109, 142, 143, -1,
                        109, 143, 144, -1,
                        109, 144, 110, -1,
                        110, 144, 145, -1,
                        110, 145, 111, -1,
                        111, 145, 146, -1,
                        111, 146, 119, -1,
                        112, 147, 148, -1,
                        112, 148, 113, -1,
                        112, 118, 155, -1,
                        112, 155, 147, -1,
                        113, 148, 149, -1,
                        113, 149, 114, -1,
                        114, 149, 120, -1,
                        115, 150, 151, -1,
                        115, 151, 153, -1,
                        115, 153, 116, -1,
                        115, 117, 152, -1,
                        115, 152, 150, -1,
                        116, 153, 154, -1,
                        116, 154, 118, -1,
                        117, 119, 152, -1,
                        118, 154, 155, -1,
                        119, 156, 152, -1,
                        119, 146, 156, -1,
                        120, 149, 157, -1,
                        120, 157, 121, -1,
                        121, 157, 158, -1,
                        121, 158, 159, -1,
                        121, 159, 122, -1,
                        122, 159, 160, -1,
                        122, 160, 123, -1,
                        123, 160, 161, -1,
                        123, 161, 162, -1,
                        123, 162, 124, -1,
                        124, 126, 125, -1,
                        124, 162, 163, -1,
                        124, 163, 126, -1,
                        126, 163, 164, -1,
                        126, 164, 127, -1,
                        127, 164, 165, -1,
                        127, 165, 128, -1,
                        128, 166, 167, -1,
                        128, 167, 129, -1,
                        128, 165, 168, -1,
                        128, 168, 166, -1,
                        129, 167, 169, -1,
                        129, 169, 130, -1,
                        130, 169, 131, -1,
                        131, 169, 170, -1,
                        131, 170, 132, -1,
                        132, 170, 171, -1,
                        132, 171, 172, -1,
                        132, 172, 173, -1,
                        132, 173, 133, -1,
                        133, 173, 134, -1,
                        134, 173, 174, -1,
                        135, 175, 176, -1,
                        135, 176, 136, -1,
                        136, 176, 137, -1,
                        137, 176, 177, -1,
                        137, 177, 178, -1,
                        137, 178, 138, -1,
                        138, 178, 139, -1,
                        139, 178, 179, -1,
                        139, 179, 180, -1,
                        139, 180, 140, -1,
                        140, 180, 141, -1,
                        141, 180, 181, -1,
                        141, 181, 182, -1,
                        141, 182, 183, -1,
                        141, 183, 142, -1,
                        142, 183, 143, -1,
                        143, 183, 184, -1,
                        143, 184, 185, -1,
                        143, 185, 186, -1,
                        143, 186, 187, -1,
                        143, 187, 144, -1,
                        144, 188, 145, -1,
                        144, 187, 189, -1,
                        144, 189, 188, -1,
                        145, 188, 190, -1,
                        145, 190, 146, -1,
                        146, 190, 191, -1,
                        146, 191, 156, -1,
                        147, 192, 193, -1,
                        147, 193, 148, -1,
                        147, 155, 201, -1,
                        147, 201, 192, -1,
                        148, 193, 149, -1,
                        149, 193, 194, -1,
                        149, 194, 157, -1,
                        150, 152, 195, -1,
                        150, 195, 196, -1,
                        150, 196, 197, -1,
                        150, 197, 198, -1,
                        150, 198, 151, -1,
                        151, 198, 200, -1,
                        151, 200, 153, -1,
                        152, 156, 199, -1,
                        152, 199, 195, -1,
                        153, 200, 201, -1,
                        153, 201, 154, -1,
                        154, 201, 155, -1,
                        156, 191, 202, -1,
                        156, 202, 199, -1,
                        157, 194, 203, -1,
                        157, 203, 158, -1,
                        158, 203, 204, -1,
                        158, 204, 205, -1,
                        158, 205, 159, -1,
                        159, 205, 206, -1,
                        159, 206, 161, -1,
                        159, 161, 160, -1,
                        161, 206, 207, -1,
                        161, 207, 208, -1,
                        161, 208, 209, -1,
                        161, 209, 162, -1,
                        162, 209, 163, -1,
                        163, 210, 211, -1,
                        163, 211, 164, -1,
                        163, 209, 210, -1,
                        164, 211, 212, -1,
                        164, 212, 165, -1,
                        165, 212, 213, -1,
                        165, 213, 214, -1,
                        165, 214, 215, -1,
                        165, 215, 216, -1,
                        165, 216, 168, -1,
                        166, 168, 167, -1,
                        167, 168, 217, -1,
                        167, 217, 218, -1,
                        167, 218, 219, -1,
                        167, 219, 220, -1,
                        167, 220, 169, -1,
                        168, 216, 221, -1,
                        168, 221, 222, -1,
                        168, 222, 223, -1,
                        168, 223, 217, -1,
                        169, 220, 170, -1,
                        170, 220, 224, -1,
                        170, 224, 225, -1,
                        170, 225, 171, -1,
                        171, 225, 172, -1,
                        172, 226, 173, -1,
                        172, 225, 227, -1,
                        172, 227, 228, -1,
                        172, 228, 226, -1,
                        173, 226, 174, -1,
                        174, 226, 230, -1,
                        174, 230, 229, -1,
                        175, 231, 232, -1,
                        175, 232, 233, -1,
                        175, 233, 176, -1,
                        176, 233, 177, -1,
                        177, 233, 234, -1,
                        177, 234, 235, -1,
                        177, 235, 178, -1,
                        178, 235, 179, -1,
                        179, 235, 236, -1,
                        179, 236, 180, -1,
                        180, 236, 237, -1,
                        180, 237, 181, -1,
                        181, 237, 182, -1,
                        182, 237, 238, -1,
                        182, 238, 239, -1,
                        182, 239, 183, -1,
                        183, 239, 240, -1,
                        183, 240, 241, -1,
                        183, 241, 242, -1,
                        183, 242, 184, -1,
                        184, 242, 185, -1,
                        185, 242, 241, -1,
                        185, 241, 243, -1,
                        185, 243, 244, -1,
                        185, 244, 245, -1,
                        185, 245, 246, -1,
                        185, 246, 186, -1,
                        186, 246, 247, -1,
                        186, 247, 187, -1,
                        187, 247, 189, -1,
                        188, 189, 248, -1,
                        188, 248, 190, -1,
                        189, 249, 248, -1,
                        189, 247, 246, -1,
                        189, 246, 250, -1,
                        189, 250, 249, -1,
                        190, 248, 251, -1,
                        190, 251, 191, -1,
                        191, 251, 252, -1,
                        191, 252, 202, -1,
                        192, 253, 193, -1,
                        192, 201, 263, -1,
                        192, 263, 253, -1,
                        193, 253, 254, -1,
                        193, 254, 194, -1,
                        194, 254, 255, -1,
                        194, 255, 265, -1,
                        194, 265, 203, -1,
                        195, 199, 256, -1,
                        195, 256, 196, -1,
                        196, 257, 197, -1,
                        196, 256, 258, -1,
                        196, 258, 257, -1,
                        197, 259, 260, -1,
                        197, 260, 198, -1,
                        197, 257, 259, -1,
                        198, 260, 262, -1,
                        198, 262, 200, -1,
                        199, 202, 261, -1,
                        199, 261, 256, -1,
                        200, 262, 263, -1,
                        200, 263, 201, -1,
                        202, 252, 264, -1,
                        202, 264, 261, -1,
                        203, 265, 266, -1,
                        203, 266, 204, -1,
                        204, 266, 267, -1,
                        204, 267, 268, -1,
                        204, 268, 205, -1,
                        205, 268, 269, -1,
                        205, 269, 270, -1,
                        205, 270, 206, -1,
                        206, 270, 207, -1,
                        207, 270, 271, -1,
                        207, 271, 272, -1,
                        207, 272, 208, -1,
                        208, 272, 273, -1,
                        208, 273, 209, -1,
                        209, 273, 210, -1,
                        210, 273, 274, -1,
                        210, 274, 275, -1,
                        210, 275, 212, -1,
                        210, 212, 211, -1,
                        212, 275, 276, -1,
                        212, 276, 277, -1,
                        212, 277, 278, -1,
                        212, 278, 213, -1,
                        213, 278, 214, -1,
                        214, 278, 215, -1,
                        215, 279, 280, -1,
                        215, 280, 281, -1,
                        215, 281, 282, -1,
                        215, 282, 283, -1,
                        215, 283, 284, -1,
                        215, 284, 285, -1,
                        215, 285, 286, -1,
                        215, 286, 216, -1,
                        215, 278, 279, -1,
                        216, 286, 287, -1,
                        216, 287, 221, -1,
                        217, 223, 218, -1,
                        218, 223, 222, -1,
                        218, 222, 288, -1,
                        218, 288, 289, -1,
                        218, 289, 290, -1,
                        218, 290, 219, -1,
                        219, 290, 291, -1,
                        219, 291, 224, -1,
                        219, 224, 220, -1,
                        221, 287, 288, -1,
                        221, 288, 222, -1,
                        224, 291, 290, -1,
                        224, 290, 292, -1,
                        224, 292, 225, -1,
                        225, 292, 227, -1,
                        226, 228, 230, -1,
                        227, 293, 228, -1,
                        227, 292, 293, -1,
                        228, 293, 294, -1,
                        228, 294, 295, -1,
                        228, 295, 230, -1,
                        229, 230, 297, -1,
                        229, 297, 296, -1,
                        230, 295, 297, -1,
                        231, 298, 299, -1,
                        231, 299, 232, -1,
                        232, 300, 233, -1,
                        232, 299, 301, -1,
                        232, 301, 302, -1,
                        232, 302, 300, -1,
                        233, 300, 234, -1,
                        234, 300, 303, -1,
                        234, 303, 235, -1,
                        235, 303, 304, -1,
                        235, 304, 236, -1,
                        236, 304, 305, -1,
                        236, 305, 237, -1,
                        237, 305, 306, -1,
                        237, 306, 238, -1,
                        238, 306, 239, -1,
                        239, 306, 240, -1,
                        240, 307, 241, -1,
                        240, 306, 307, -1,
                        241, 307, 308, -1,
                        241, 308, 243, -1,
                        243, 308, 309, -1,
                        243, 309, 244, -1,
                        244, 309, 308, -1,
                        244, 308, 310, -1,
                        244, 310, 311, -1,
                        244, 311, 312, -1,
                        244, 312, 245, -1,
                        245, 250, 246, -1,
                        245, 312, 313, -1,
                        245, 313, 314, -1,
                        245, 314, 250, -1,
                        248, 249, 315, -1,
                        248, 315, 316, -1,
                        248, 316, 317, -1,
                        248, 317, 251, -1,
                        249, 250, 318, -1,
                        249, 318, 315, -1,
                        250, 314, 319, -1,
                        250, 319, 320, -1,
                        250, 320, 321, -1,
                        250, 321, 318, -1,
                        251, 317, 322, -1,
                        251, 322, 252, -1,
                        252, 322, 323, -1,
                        252, 323, 324, -1,
                        252, 324, 264, -1,
                        253, 263, 325, -1,
                        253, 325, 254, -1,
                        254, 325, 326, -1,
                        254, 326, 327, -1,
                        254, 327, 255, -1,
                        255, 327, 328, -1,
                        255, 328, 265, -1,
                        256, 261, 329, -1,
                        256, 329, 258, -1,
                        257, 258, 330, -1,
                        257, 330, 331, -1,
                        257, 331, 259, -1,
                        258, 329, 332, -1,
                        258, 332, 330, -1,
                        259, 331, 333, -1,
                        259, 333, 334, -1,
                        259, 334, 260, -1,
                        260, 334, 337, -1,
                        260, 337, 262, -1,
                        261, 264, 335, -1,
                        261, 335, 336, -1,
                        261, 336, 329, -1,
                        262, 337, 338, -1,
                        262, 338, 263, -1,
                        263, 338, 325, -1,
                        264, 324, 339, -1,
                        264, 339, 335, -1,
                        265, 328, 340, -1,
                        265, 340, 266, -1,
                        266, 340, 341, -1,
                        266, 341, 267, -1,
                        267, 341, 342, -1,
                        267, 342, 343, -1,
                        267, 343, 268, -1,
                        268, 343, 269, -1,
                        269, 343, 344, -1,
                        269, 344, 345, -1,
                        269, 345, 270, -1,
                        270, 345, 271, -1,
                        271, 345, 346, -1,
                        271, 346, 272, -1,
                        272, 346, 347, -1,
                        272, 347, 273, -1,
                        273, 347, 274, -1,
                        274, 347, 348, -1,
                        274, 348, 349, -1,
                        274, 349, 275, -1,
                        275, 349, 350, -1,
                        275, 350, 276, -1,
                        276, 350, 277, -1,
                        277, 350, 351, -1,
                        277, 351, 352, -1,
                        277, 352, 353, -1,
                        277, 353, 279, -1,
                        277, 279, 278, -1,
                        279, 353, 280, -1,
                        280, 353, 281, -1,
                        281, 353, 354, -1,
                        281, 354, 355, -1,
                        281, 355, 356, -1,
                        281, 356, 357, -1,
                        281, 357, 282, -1,
                        282, 358, 287, -1,
                        282, 287, 283, -1,
                        282, 357, 358, -1,
                        283, 287, 284, -1,
                        284, 287, 285, -1,
                        285, 287, 286, -1,
                        287, 358, 359, -1,
                        287, 359, 360, -1,
                        287, 360, 361, -1,
                        287, 361, 288, -1,
                        288, 361, 362, -1,
                        288, 362, 289, -1,
                        289, 362, 290, -1,
                        290, 362, 363, -1,
                        290, 363, 364, -1,
                        290, 364, 293, -1,
                        290, 293, 292, -1,
                        293, 364, 294, -1,
                        294, 365, 295, -1,
                        294, 364, 365, -1,
                        295, 365, 366, -1,
                        295, 366, 367, -1,
                        295, 367, 368, -1,
                        295, 368, 297, -1,
                        296, 297, 369, -1,
                        297, 368, 370, -1,
                        297, 370, 369, -1,
                        298, 371, 372, -1,
                        298, 372, 373, -1,
                        298, 373, 299, -1,
                        299, 373, 301, -1,
                        300, 302, 374, -1,
                        300, 374, 303, -1,
                        301, 373, 375, -1,
                        301, 375, 376, -1,
                        301, 376, 302, -1,
                        302, 376, 377, -1,
                        302, 377, 378, -1,
                        302, 378, 374, -1,
                        303, 374, 379, -1,
                        303, 379, 304, -1,
                        304, 379, 380, -1,
                        304, 380, 305, -1,
                        305, 380, 306, -1,
                        306, 380, 381, -1,
                        306, 381, 382, -1,
                        306, 382, 383, -1,
                        306, 383, 307, -1,
                        307, 383, 384, -1,
                        307, 384, 308, -1,
                        308, 384, 385, -1,
                        308, 385, 386, -1,
                        308, 386, 387, -1,
                        308, 387, 388, -1,
                        308, 388, 389, -1,
                        308, 389, 310, -1,
                        310, 389, 311, -1,
                        311, 389, 390, -1,
                        311, 390, 391, -1,
                        311, 391, 392, -1,
                        311, 392, 393, -1,
                        311, 393, 394, -1,
                        311, 394, 395, -1,
                        311, 395, 313, -1,
                        311, 313, 312, -1,
                        313, 395, 314, -1,
                        314, 395, 319, -1,
                        315, 318, 321, -1,
                        315, 321, 396, -1,
                        315, 396, 397, -1,
                        315, 397, 316, -1,
                        316, 397, 317, -1,
                        317, 397, 398, -1,
                        317, 398, 322, -1,
                        319, 395, 394, -1,
                        319, 394, 399, -1,
                        319, 399, 320, -1,
                        320, 396, 321, -1,
                        320, 399, 400, -1,
                        320, 400, 401, -1,
                        320, 401, 402, -1,
                        320, 402, 403, -1,
                        320, 403, 396, -1,
                        322, 398, 404, -1,
                        322, 404, 323, -1,
                        323, 404, 405, -1,
                        323, 405, 324, -1,
                        324, 405, 339, -1,
                        325, 406, 407, -1,
                        325, 407, 408, -1,
                        325, 408, 326, -1,
                        325, 338, 406, -1,
                        326, 408, 409, -1,
                        326, 409, 327, -1,
                        327, 409, 410, -1,
                        327, 410, 328, -1,
                        328, 410, 411, -1,
                        328, 411, 340, -1,
                        329, 336, 412, -1,
                        329, 412, 413, -1,
                        329, 413, 332, -1,
                        330, 414, 331, -1,
                        330, 332, 415, -1,
                        330, 415, 414, -1,
                        331, 414, 333, -1,
                        332, 413, 416, -1,
                        332, 416, 417, -1,
                        332, 417, 418, -1,
                        332, 418, 415, -1,
                        333, 414, 419, -1,
                        333, 419, 420, -1,
                        333, 420, 334, -1,
                        334, 421, 423, -1,
                        334, 423, 337, -1,
                        334, 420, 421, -1,
                        335, 339, 422, -1,
                        335, 422, 336, -1,
                        336, 422, 412, -1,
                        337, 423, 406, -1,
                        337, 406, 338, -1,
                        339, 405, 424, -1,
                        339, 424, 425, -1,
                        339, 425, 426, -1,
                        339, 426, 422, -1,
                        340, 411, 427, -1,
                        340, 427, 341, -1,
                        341, 427, 428, -1,
                        341, 428, 342, -1,
                        342, 428, 429, -1,
                        342, 429, 343, -1,
                        343, 429, 344, -1,
                        344, 430, 345, -1,
                        344, 429, 431, -1,
                        344, 431, 430, -1,
                        345, 430, 346, -1,
                        346, 430, 432, -1,
                        346, 432, 347, -1,
                        347, 432, 348, -1,
                        348, 432, 433, -1,
                        348, 433, 434, -1,
                        348, 434, 349, -1,
                        349, 434, 350, -1,
                        350, 434, 351, -1,
                        351, 434, 435, -1,
                        351, 435, 436, -1,
                        351, 436, 352, -1,
                        352, 436, 437, -1,
                        352, 437, 438, -1,
                        352, 438, 353, -1,
                        353, 438, 354, -1,
                        354, 438, 355, -1,
                        355, 438, 439, -1,
                        355, 439, 441, -1,
                        355, 441, 356, -1,
                        356, 440, 357, -1,
                        356, 441, 440, -1,
                        357, 440, 358, -1,
                        358, 440, 442, -1,
                        358, 442, 443, -1,
                        358, 443, 359, -1,
                        359, 366, 360, -1,
                        359, 443, 366, -1,
                        360, 363, 361, -1,
                        360, 366, 363, -1,
                        361, 363, 362, -1,
                        363, 366, 364, -1,
                        364, 366, 365, -1,
                        366, 443, 444, -1,
                        366, 444, 367, -1,
                        367, 444, 445, -1,
                        367, 445, 368, -1,
                        368, 445, 446, -1,
                        368, 446, 370, -1,
                        369, 370, 447, -1,
                        370, 446, 448, -1,
                        370, 448, 447, -1,
                        371, 449, 450, -1,
                        371, 450, 372, -1,
                        372, 450, 451, -1,
                        372, 451, 373, -1,
                        373, 451, 375, -1,
                        374, 378, 379, -1,
                        375, 451, 452, -1,
                        375, 452, 453, -1,
                        375, 453, 376, -1,
                        376, 454, 377, -1,
                        376, 453, 454, -1,
                        377, 455, 378, -1,
                        377, 454, 455, -1,
                        378, 455, 379, -1,
                        379, 455, 456, -1,
                        379, 456, 380, -1,
                        380, 456, 381, -1,
                        381, 456, 382, -1,
                        382, 457, 383, -1,
                        382, 456, 457, -1,
                        383, 458, 459, -1,
                        383, 459, 460, -1,
                        383, 460, 461, -1,
                        383, 461, 386, -1,
                        383, 386, 385, -1,
                        383, 385, 384, -1,
                        383, 457, 458, -1,
                        386, 462, 387, -1,
                        386, 461, 463, -1,
                        386, 463, 462, -1,
                        387, 462, 463, -1,
                        387, 463, 464, -1,
                        387, 464, 388, -1,
                        388, 390, 389, -1,
                        388, 464, 465, -1,
                        388, 465, 390, -1,
                        390, 465, 391, -1,
                        391, 466, 392, -1,
                        391, 465, 466, -1,
                        392, 466, 465, -1,
                        392, 465, 467, -1,
                        392, 467, 468, -1,
                        392, 468, 469, -1,
                        392, 469, 470, -1,
                        392, 470, 471, -1,
                        392, 471, 393, -1,
                        393, 471, 394, -1,
                        394, 471, 400, -1,
                        394, 400, 399, -1,
                        396, 403, 402, -1,
                        396, 402, 472, -1,
                        396, 472, 473, -1,
                        396, 473, 474, -1,
                        396, 474, 475, -1,
                        396, 475, 404, -1,
                        396, 404, 397, -1,
                        397, 404, 398, -1,
                        400, 471, 472, -1,
                        400, 472, 402, -1,
                        400, 402, 401, -1,
                        404, 475, 476, -1,
                        404, 476, 477, -1,
                        404, 477, 478, -1,
                        404, 478, 405, -1,
                        405, 478, 479, -1,
                        405, 479, 480, -1,
                        405, 480, 424, -1,
                        406, 481, 407, -1,
                        406, 423, 497, -1,
                        406, 497, 481, -1,
                        407, 481, 482, -1,
                        407, 482, 408, -1,
                        408, 482, 483, -1,
                        408, 483, 409, -1,
                        409, 483, 484, -1,
                        409, 484, 410, -1,
                        410, 484, 411, -1,
                        411, 484, 485, -1,
                        411, 485, 500, -1,
                        411, 500, 427, -1,
                        412, 486, 413, -1,
                        412, 422, 487, -1,
                        412, 487, 486, -1,
                        413, 486, 416, -1,
                        414, 488, 419, -1,
                        414, 415, 491, -1,
                        414, 491, 489, -1,
                        414, 489, 488, -1,
                        415, 418, 490, -1,
                        415, 490, 491, -1,
                        416, 486, 492, -1,
                        416, 492, 417, -1,
                        417, 490, 418, -1,
                        417, 492, 493, -1,
                        417, 493, 494, -1,
                        417, 494, 490, -1,
                        419, 488, 420, -1,
                        420, 488, 495, -1,
                        420, 495, 421, -1,
                        421, 495, 497, -1,
                        421, 497, 423, -1,
                        422, 426, 496, -1,
                        422, 496, 487, -1,
                        424, 480, 425, -1,
                        425, 480, 498, -1,
                        425, 498, 499, -1,
                        425, 499, 496, -1,
                        425, 496, 426, -1,
                        427, 500, 428, -1,
                        428, 500, 501, -1,
                        428, 501, 502, -1,
                        428, 502, 429, -1,
                        429, 502, 503, -1,
                        429, 503, 431, -1,
                        430, 431, 504, -1,
                        430, 504, 432, -1,
                        431, 503, 505, -1,
                        431, 505, 504, -1,
                        432, 504, 506, -1,
                        432, 506, 433, -1,
                        433, 506, 435, -1,
                        433, 435, 434, -1,
                        435, 506, 507, -1,
                        435, 507, 436, -1,
                        436, 507, 508, -1,
                        436, 508, 437, -1,
                        437, 508, 509, -1,
                        437, 509, 438, -1,
                        438, 509, 510, -1,
                        438, 510, 439, -1,
                        439, 510, 511, -1,
                        439, 511, 441, -1,
                        440, 512, 442, -1,
                        440, 441, 513, -1,
                        440, 513, 514, -1,
                        440, 514, 515, -1,
                        440, 515, 512, -1,
                        441, 511, 513, -1,
                        442, 512, 443, -1,
                        443, 512, 444, -1,
                        444, 512, 516, -1,
                        444, 516, 445, -1,
                        445, 516, 517, -1,
                        445, 517, 446, -1,
                        446, 517, 518, -1,
                        446, 518, 448, -1,
                        447, 448, 520, -1,
                        447, 520, 521, -1,
                        447, 521, 519, -1,
                        448, 518, 520, -1,
                        449, 522, 450, -1,
                        450, 523, 524, -1,
                        450, 524, 451, -1,
                        450, 522, 523, -1,
                        451, 524, 525, -1,
                        451, 525, 526, -1,
                        451, 526, 452, -1,
                        452, 527, 453, -1,
                        452, 526, 527, -1,
                        453, 527, 454, -1,
                        454, 527, 528, -1,
                        454, 528, 455, -1,
                        455, 457, 456, -1,
                        455, 528, 529, -1,
                        455, 529, 457, -1,
                        457, 529, 458, -1,
                        458, 529, 459, -1,
                        459, 529, 530, -1,
                        459, 530, 531, -1,
                        459, 531, 532, -1,
                        459, 532, 460, -1,
                        460, 532, 464, -1,
                        460, 464, 463, -1,
                        460, 463, 461, -1,
                        464, 532, 533, -1,
                        464, 533, 465, -1,
                        465, 534, 535, -1,
                        465, 535, 536, -1,
                        465, 536, 468, -1,
                        465, 468, 467, -1,
                        465, 533, 534, -1,
                        468, 536, 537, -1,
                        468, 537, 538, -1,
                        468, 538, 539, -1,
                        468, 539, 540, -1,
                        468, 540, 541, -1,
                        468, 541, 542, -1,
                        468, 542, 469, -1,
                        469, 542, 470, -1,
                        470, 542, 471, -1,
                        471, 543, 472, -1,
                        471, 542, 543, -1,
                        472, 543, 544, -1,
                        472, 544, 545, -1,
                        472, 545, 546, -1,
                        472, 546, 473, -1,
                        473, 546, 476, -1,
                        473, 476, 475, -1,
                        473, 475, 474, -1,
                        476, 546, 477, -1,
                        477, 546, 547, -1,
                        477, 547, 480, -1,
                        477, 480, 479, -1,
                        477, 479, 478, -1,
                        480, 547, 548, -1,
                        480, 548, 498, -1,
                        481, 549, 550, -1,
                        481, 550, 551, -1,
                        481, 551, 482, -1,
                        481, 497, 566, -1,
                        481, 566, 549, -1,
                        482, 551, 552, -1,
                        482, 552, 483, -1,
                        483, 552, 484, -1,
                        484, 552, 553, -1,
                        484, 553, 485, -1,
                        485, 553, 554, -1,
                        485, 554, 500, -1,
                        486, 487, 492, -1,
                        487, 496, 499, -1,
                        487, 499, 555, -1,
                        487, 555, 492, -1,
                        488, 556, 495, -1,
                        488, 489, 557, -1,
                        488, 557, 558, -1,
                        488, 558, 556, -1,
                        489, 491, 560, -1,
                        489, 560, 557, -1,
                        490, 494, 559, -1,
                        490, 559, 491, -1,
                        491, 559, 560, -1,
                        492, 555, 493, -1,
                        493, 555, 561, -1,
                        493, 561, 562, -1,
                        493, 562, 494, -1,
                        494, 562, 559, -1,
                        495, 556, 563, -1,
                        495, 563, 564, -1,
                        495, 564, 565, -1,
                        495, 565, 497, -1,
                        497, 565, 566, -1,
                        498, 567, 499, -1,
                        498, 548, 568, -1,
                        498, 568, 567, -1,
                        499, 569, 555, -1,
                        499, 567, 569, -1,
                        500, 554, 570, -1,
                        500, 570, 501, -1,
                        501, 570, 571, -1,
                        501, 571, 572, -1,
                        501, 572, 502, -1,
                        502, 572, 573, -1,
                        502, 573, 503, -1,
                        503, 574, 505, -1,
                        503, 573, 574, -1,
                        504, 505, 506, -1,
                        505, 574, 575, -1,
                        505, 575, 506, -1,
                        506, 575, 507, -1,
                        507, 575, 508, -1,
                        508, 576, 577, -1,
                        508, 577, 509, -1,
                        508, 575, 576, -1,
                        509, 577, 510, -1,
                        510, 578, 579, -1,
                        510, 579, 580, -1,
                        510, 580, 511, -1,
                        510, 577, 578, -1,
                        511, 580, 581, -1,
                        511, 581, 513, -1,
                        512, 515, 582, -1,
                        512, 582, 516, -1,
                        513, 581, 514, -1,
                        514, 581, 583, -1,
                        514, 583, 584, -1,
                        514, 584, 582, -1,
                        514, 582, 515, -1,
                        516, 582, 585, -1,
                        516, 585, 517, -1,
                        517, 585, 586, -1,
                        517, 586, 518, -1,
                        518, 586, 587, -1,
                        518, 587, 520, -1,
                        519, 521, 588, -1,
                        520, 587, 521, -1,
                        521, 587, 589, -1,
                        521, 589, 590, -1,
                        521, 590, 591, -1,
                        521, 591, 592, -1,
                        521, 592, 588, -1,
                        522, 593, 523, -1,
                        523, 594, 595, -1,
                        523, 595, 596, -1,
                        523, 596, 524, -1,
                        523, 593, 594, -1,
                        524, 596, 597, -1,
                        524, 597, 598, -1,
                        524, 598, 599, -1,
                        524, 599, 600, -1,
                        524, 600, 525, -1,
                        525, 600, 526, -1,
                        526, 600, 601, -1,
                        526, 601, 602, -1,
                        526, 602, 527, -1,
                        527, 602, 528, -1,
                        528, 530, 529, -1,
                        528, 602, 531, -1,
                        528, 531, 530, -1,
                        531, 602, 532, -1,
                        532, 602, 603, -1,
                        532, 603, 604, -1,
                        532, 604, 533, -1,
                        533, 604, 605, -1,
                        533, 605, 606, -1,
                        533, 606, 534, -1,
                        534, 606, 605, -1,
                        534, 605, 607, -1,
                        534, 607, 608, -1,
                        534, 608, 535, -1,
                        535, 608, 609, -1,
                        535, 609, 610, -1,
                        535, 610, 611, -1,
                        535, 611, 612, -1,
                        535, 612, 613, -1,
                        535, 613, 536, -1,
                        536, 613, 537, -1,
                        537, 613, 614, -1,
                        537, 614, 538, -1,
                        538, 614, 615, -1,
                        538, 615, 539, -1,
                        539, 616, 617, -1,
                        539, 617, 540, -1,
                        539, 615, 618, -1,
                        539, 618, 619, -1,
                        539, 619, 616, -1,
                        540, 617, 541, -1,
                        541, 620, 621, -1,
                        541, 621, 542, -1,
                        541, 617, 622, -1,
                        541, 622, 620, -1,
                        542, 621, 543, -1,
                        543, 621, 544, -1,
                        544, 621, 623, -1,
                        544, 623, 624, -1,
                        544, 624, 545, -1,
                        545, 624, 625, -1,
                        545, 625, 547, -1,
                        545, 547, 546, -1,
                        547, 625, 626, -1,
                        547, 626, 548, -1,
                        548, 626, 627, -1,
                        548, 627, 568, -1,
                        549, 628, 629, -1,
                        549, 629, 630, -1,
                        549, 630, 550, -1,
                        549, 566, 646, -1,
                        549, 646, 628, -1,
                        550, 630, 631, -1,
                        550, 631, 551, -1,
                        551, 631, 552, -1,
                        552, 631, 632, -1,
                        552, 632, 553, -1,
                        553, 632, 633, -1,
                        553, 633, 554, -1,
                        554, 633, 634, -1,
                        554, 634, 570, -1,
                        555, 569, 561, -1,
                        556, 558, 638, -1,
                        556, 638, 563, -1,
                        557, 560, 635, -1,
                        557, 635, 636, -1,
                        557, 636, 637, -1,
                        557, 637, 638, -1,
                        557, 638, 558, -1,
                        559, 635, 560, -1,
                        559, 562, 639, -1,
                        559, 639, 635, -1,
                        561, 640, 562, -1,
                        561, 569, 641, -1,
                        561, 641, 640, -1,
                        562, 640, 639, -1,
                        563, 638, 642, -1,
                        563, 642, 725, -1,
                        563, 725, 729, -1,
                        563, 729, 645, -1,
                        563, 645, 564, -1,
                        564, 643, 644, -1,
                        564, 644, 565, -1,
                        564, 645, 643, -1,
                        565, 644, 566, -1,
                        566, 644, 646, -1,
                        567, 647, 569, -1,
                        567, 568, 648, -1,
                        567, 648, 647, -1,
                        568, 627, 649, -1,
                        568, 649, 650, -1,
                        568, 650, 651, -1,
                        568, 651, 648, -1,
                        569, 647, 641, -1,
                        570, 634, 652, -1,
                        570, 652, 653, -1,
                        570, 653, 571, -1,
                        571, 653, 654, -1,
                        571, 654, 655, -1,
                        571, 655, 656, -1,
                        571, 656, 572, -1,
                        572, 656, 657, -1,
                        572, 657, 573, -1,
                        573, 658, 574, -1,
                        573, 657, 658, -1,
                        574, 658, 659, -1,
                        574, 659, 575, -1,
                        575, 659, 576, -1,
                        576, 659, 660, -1,
                        576, 660, 577, -1,
                        577, 660, 661, -1,
                        577, 661, 578, -1,
                        578, 661, 662, -1,
                        578, 662, 579, -1,
                        579, 662, 663, -1,
                        579, 663, 664, -1,
                        579, 664, 665, -1,
                        579, 665, 580, -1,
                        580, 665, 666, -1,
                        580, 666, 581, -1,
                        581, 667, 583, -1,
                        581, 666, 667, -1,
                        582, 584, 668, -1,
                        582, 668, 585, -1,
                        583, 667, 669, -1,
                        583, 669, 670, -1,
                        583, 670, 668, -1,
                        583, 668, 584, -1,
                        585, 668, 671, -1,
                        585, 671, 586, -1,
                        586, 671, 587, -1,
                        587, 671, 672, -1,
                        587, 672, 673, -1,
                        587, 673, 589, -1,
                        589, 674, 675, -1,
                        589, 675, 590, -1,
                        589, 673, 674, -1,
                        590, 675, 676, -1,
                        590, 676, 591, -1,
                        591, 676, 677, -1,
                        593, 678, 679, -1,
                        593, 679, 680, -1,
                        593, 680, 681, -1,
                        593, 681, 595, -1,
                        593, 595, 594, -1,
                        595, 597, 596, -1,
                        595, 681, 680, -1,
                        595, 680, 682, -1,
                        595, 682, 683, -1,
                        595, 683, 597, -1,
                        597, 683, 684, -1,
                        597, 684, 598, -1,
                        598, 684, 599, -1,
                        599, 684, 685, -1,
                        599, 685, 600, -1,
                        600, 685, 686, -1,
                        600, 686, 687, -1,
                        600, 687, 688, -1,
                        600, 688, 601, -1,
                        601, 688, 604, -1,
                        601, 604, 603, -1,
                        601, 603, 602, -1,
                        604, 688, 689, -1,
                        604, 689, 605, -1,
                        605, 689, 609, -1,
                        605, 609, 608, -1,
                        605, 608, 607, -1,
                        609, 690, 691, -1,
                        609, 691, 692, -1,
                        609, 692, 610, -1,
                        609, 689, 693, -1,
                        609, 693, 690, -1,
                        610, 692, 611, -1,
                        611, 692, 694, -1,
                        611, 694, 612, -1,
                        612, 694, 613, -1,
                        613, 694, 695, -1,
                        613, 695, 614, -1,
                        614, 695, 615, -1,
                        615, 695, 618, -1,
                        616, 622, 617, -1,
                        616, 619, 696, -1,
                        616, 696, 697, -1,
                        616, 697, 622, -1,
                        618, 695, 698, -1,
                        618, 698, 699, -1,
                        618, 699, 619, -1,
                        619, 699, 700, -1,
                        619, 700, 701, -1,
                        619, 701, 696, -1,
                        620, 622, 702, -1,
                        620, 702, 703, -1,
                        620, 703, 623, -1,
                        620, 623, 621, -1,
                        622, 697, 704, -1,
                        622, 704, 705, -1,
                        622, 705, 702, -1,
                        623, 703, 624, -1,
                        624, 706, 626, -1,
                        624, 626, 625, -1,
                        624, 703, 706, -1,
                        626, 706, 707, -1,
                        626, 707, 708, -1,
                        626, 708, 627, -1,
                        627, 708, 709, -1,
                        627, 709, 649, -1,
                        628, 710, 629, -1,
                        628, 646, 728, -1,
                        628, 728, 726, -1,
                        628, 726, 816, -1,
                        628, 816, 907, -1,
                        628, 907, 993, -1,
                        628, 993, 1077, -1,
                        628, 1077, 1141, -1,
                        628, 1141, 1219, -1,
                        628, 1219, 1288, -1,
                        628, 1288, 1203, -1,
                        628, 1203, 1129, -1,
                        628, 1129, 1060, -1,
                        628, 1060, 969, -1,
                        628, 969, 891, -1,
                        628, 891, 798, -1,
                        628, 798, 711, -1,
                        628, 711, 710, -1,
                        629, 710, 630, -1,
                        630, 710, 711, -1,
                        630, 711, 631, -1,
                        631, 711, 712, -1,
                        631, 712, 713, -1,
                        631, 713, 632, -1,
                        632, 713, 802, -1,
                        632, 802, 714, -1,
                        632, 714, 633, -1,
                        633, 714, 715, -1,
                        633, 715, 716, -1,
                        633, 716, 634, -1,
                        634, 716, 717, -1,
                        634, 717, 652, -1,
                        635, 639, 636, -1,
                        636, 718, 719, -1,
                        636, 719, 637, -1,
                        636, 639, 720, -1,
                        636, 720, 718, -1,
                        637, 719, 642, -1,
                        637, 642, 638, -1,
                        639, 640, 721, -1,
                        639, 721, 720, -1,
                        640, 641, 722, -1,
                        640, 722, 721, -1,
                        641, 647, 723, -1,
                        641, 723, 724, -1,
                        641, 724, 722, -1,
                        642, 719, 718, -1,
                        642, 718, 725, -1,
                        643, 726, 728, -1,
                        643, 728, 644, -1,
                        643, 645, 727, -1,
                        643, 727, 726, -1,
                        644, 728, 646, -1,
                        645, 729, 727, -1,
                        647, 648, 730, -1,
                        647, 730, 731, -1,
                        647, 731, 723, -1,
                        648, 651, 732, -1,
                        648, 732, 733, -1,
                        648, 733, 730, -1,
                        649, 709, 650, -1,
                        650, 732, 651, -1,
                        650, 709, 734, -1,
                        650, 734, 735, -1,
                        650, 735, 732, -1,
                        652, 717, 736, -1,
                        652, 736, 737, -1,
                        652, 737, 653, -1,
                        653, 737, 654, -1,
                        654, 737, 738, -1,
                        654, 738, 739, -1,
                        654, 739, 655, -1,
                        655, 739, 740, -1,
                        655, 740, 656, -1,
                        656, 740, 741, -1,
                        656, 741, 742, -1,
                        656, 742, 657, -1,
                        657, 742, 743, -1,
                        657, 743, 658, -1,
                        658, 743, 744, -1,
                        658, 744, 659, -1,
                        659, 744, 660, -1,
                        660, 744, 745, -1,
                        660, 745, 661, -1,
                        661, 745, 746, -1,
                        661, 746, 662, -1,
                        662, 746, 747, -1,
                        662, 747, 663, -1,
                        663, 747, 748, -1,
                        663, 748, 749, -1,
                        663, 749, 750, -1,
                        663, 750, 666, -1,
                        663, 666, 664, -1,
                        664, 666, 665, -1,
                        666, 751, 752, -1,
                        666, 752, 667, -1,
                        666, 750, 753, -1,
                        666, 753, 751, -1,
                        667, 752, 669, -1,
                        668, 670, 754, -1,
                        668, 754, 671, -1,
                        669, 755, 754, -1,
                        669, 754, 670, -1,
                        669, 752, 751, -1,
                        669, 751, 756, -1,
                        669, 756, 755, -1,
                        671, 754, 757, -1,
                        671, 757, 672, -1,
                        672, 757, 673, -1,
                        673, 757, 758, -1,
                        673, 758, 759, -1,
                        673, 759, 674, -1,
                        674, 759, 760, -1,
                        674, 760, 761, -1,
                        674, 761, 762, -1,
                        674, 762, 675, -1,
                        675, 762, 763, -1,
                        675, 763, 676, -1,
                        676, 763, 764, -1,
                        676, 764, 677, -1,
                        677, 764, 765, -1,
                        678, 766, 767, -1,
                        678, 767, 768, -1,
                        678, 768, 679, -1,
                        679, 768, 767, -1,
                        679, 767, 769, -1,
                        679, 769, 770, -1,
                        679, 770, 680, -1,
                        680, 770, 682, -1,
                        682, 770, 771, -1,
                        682, 771, 683, -1,
                        683, 771, 772, -1,
                        683, 772, 773, -1,
                        683, 773, 684, -1,
                        684, 773, 685, -1,
                        685, 773, 686, -1,
                        686, 773, 687, -1,
                        687, 773, 690, -1,
                        687, 690, 693, -1,
                        687, 693, 689, -1,
                        687, 689, 688, -1,
                        690, 773, 691, -1,
                        691, 773, 774, -1,
                        691, 774, 692, -1,
                        692, 775, 776, -1,
                        692, 776, 777, -1,
                        692, 777, 694, -1,
                        692, 774, 778, -1,
                        692, 778, 775, -1,
                        694, 777, 695, -1,
                        695, 777, 698, -1,
                        696, 701, 779, -1,
                        696, 779, 697, -1,
                        697, 779, 704, -1,
                        698, 780, 781, -1,
                        698, 781, 782, -1,
                        698, 782, 783, -1,
                        698, 783, 700, -1,
                        698, 700, 699, -1,
                        698, 777, 784, -1,
                        698, 784, 785, -1,
                        698, 785, 780, -1,
                        700, 783, 701, -1,
                        701, 786, 779, -1,
                        701, 783, 787, -1,
                        701, 787, 788, -1,
                        701, 788, 789, -1,
                        701, 789, 790, -1,
                        701, 790, 786, -1,
                        702, 705, 791, -1,
                        702, 791, 703, -1,
                        703, 707, 706, -1,
                        703, 791, 792, -1,
                        703, 792, 793, -1,
                        703, 793, 707, -1,
                        704, 779, 794, -1,
                        704, 794, 705, -1,
                        705, 795, 792, -1,
                        705, 792, 791, -1,
                        705, 794, 795, -1,
                        707, 793, 796, -1,
                        707, 796, 708, -1,
                        708, 796, 797, -1,
                        708, 797, 709, -1,
                        709, 797, 734, -1,
                        711, 798, 799, -1,
                        711, 799, 712, -1,
                        712, 799, 892, -1,
                        712, 892, 800, -1,
                        712, 800, 801, -1,
                        712, 801, 802, -1,
                        712, 802, 713, -1,
                        714, 802, 803, -1,
                        714, 803, 715, -1,
                        715, 803, 804, -1,
                        715, 804, 805, -1,
                        715, 805, 716, -1,
                        716, 805, 717, -1,
                        717, 805, 806, -1,
                        717, 806, 736, -1,
                        718, 807, 725, -1,
                        718, 720, 808, -1,
                        718, 808, 809, -1,
                        718, 809, 807, -1,
                        720, 721, 810, -1,
                        720, 810, 811, -1,
                        720, 811, 808, -1,
                        721, 812, 810, -1,
                        721, 722, 813, -1,
                        721, 813, 812, -1,
                        722, 724, 813, -1,
                        723, 731, 814, -1,
                        723, 814, 724, -1,
                        724, 814, 815, -1,
                        724, 815, 813, -1,
                        725, 807, 729, -1,
                        726, 727, 816, -1,
                        727, 729, 817, -1,
                        727, 817, 818, -1,
                        727, 818, 819, -1,
                        727, 819, 816, -1,
                        729, 807, 817, -1,
                        730, 733, 820, -1,
                        730, 820, 731, -1,
                        731, 820, 821, -1,
                        731, 821, 814, -1,
                        732, 822, 733, -1,
                        732, 735, 823, -1,
                        732, 823, 822, -1,
                        733, 822, 820, -1,
                        734, 797, 824, -1,
                        734, 824, 825, -1,
                        734, 825, 735, -1,
                        735, 825, 826, -1,
                        735, 826, 823, -1,
                        736, 806, 827, -1,
                        736, 827, 828, -1,
                        736, 828, 737, -1,
                        737, 828, 738, -1,
                        738, 828, 829, -1,
                        738, 829, 830, -1,
                        738, 830, 739, -1,
                        739, 830, 831, -1,
                        739, 831, 740, -1,
                        740, 831, 832, -1,
                        740, 832, 741, -1,
                        741, 832, 833, -1,
                        741, 833, 834, -1,
                        741, 834, 742, -1,
                        742, 834, 835, -1,
                        742, 835, 743, -1,
                        743, 835, 836, -1,
                        743, 836, 744, -1,
                        744, 836, 745, -1,
                        745, 836, 837, -1,
                        745, 837, 746, -1,
                        746, 838, 839, -1,
                        746, 839, 747, -1,
                        746, 837, 838, -1,
                        747, 839, 748, -1,
                        748, 840, 841, -1,
                        748, 841, 842, -1,
                        748, 842, 749, -1,
                        748, 839, 840, -1,
                        749, 842, 753, -1,
                        749, 753, 750, -1,
                        751, 753, 843, -1,
                        751, 843, 756, -1,
                        753, 842, 844, -1,
                        753, 844, 845, -1,
                        753, 845, 846, -1,
                        753, 846, 847, -1,
                        753, 847, 843, -1,
                        754, 755, 757, -1,
                        755, 848, 757, -1,
                        755, 756, 848, -1,
                        756, 847, 846, -1,
                        756, 846, 849, -1,
                        756, 849, 850, -1,
                        756, 850, 851, -1,
                        756, 851, 852, -1,
                        756, 852, 853, -1,
                        756, 853, 848, -1,
                        756, 843, 847, -1,
                        757, 848, 853, -1,
                        757, 853, 854, -1,
                        757, 854, 758, -1,
                        758, 854, 759, -1,
                        759, 854, 760, -1,
                        760, 854, 855, -1,
                        760, 855, 856, -1,
                        760, 856, 761, -1,
                        761, 856, 857, -1,
                        761, 857, 762, -1,
                        762, 857, 858, -1,
                        762, 858, 763, -1,
                        763, 858, 859, -1,
                        763, 859, 764, -1,
                        764, 859, 860, -1,
                        764, 860, 861, -1,
                        764, 861, 862, -1,
                        764, 862, 765, -1,
                        766, 863, 864, -1,
                        766, 864, 767, -1,
                        767, 864, 865, -1,
                        767, 865, 769, -1,
                        769, 865, 866, -1,
                        769, 866, 867, -1,
                        769, 867, 868, -1,
                        769, 868, 770, -1,
                        770, 868, 869, -1,
                        770, 869, 870, -1,
                        770, 870, 771, -1,
                        771, 870, 871, -1,
                        771, 871, 872, -1,
                        771, 872, 772, -1,
                        772, 872, 871, -1,
                        772, 871, 873, -1,
                        772, 873, 773, -1,
                        773, 873, 874, -1,
                        773, 874, 778, -1,
                        773, 778, 774, -1,
                        775, 778, 874, -1,
                        775, 874, 875, -1,
                        775, 875, 876, -1,
                        775, 876, 776, -1,
                        776, 785, 784, -1,
                        776, 784, 777, -1,
                        776, 876, 781, -1,
                        776, 781, 780, -1,
                        776, 780, 785, -1,
                        779, 786, 794, -1,
                        781, 876, 877, -1,
                        781, 877, 878, -1,
                        781, 878, 788, -1,
                        781, 788, 782, -1,
                        782, 788, 783, -1,
                        783, 788, 787, -1,
                        786, 879, 794, -1,
                        786, 790, 879, -1,
                        788, 878, 880, -1,
                        788, 880, 881, -1,
                        788, 881, 882, -1,
                        788, 882, 883, -1,
                        788, 883, 789, -1,
                        789, 883, 882, -1,
                        789, 882, 884, -1,
                        789, 884, 790, -1,
                        790, 884, 885, -1,
                        790, 885, 879, -1,
                        792, 886, 887, -1,
                        792, 887, 796, -1,
                        792, 796, 793, -1,
                        792, 795, 888, -1,
                        792, 888, 886, -1,
                        794, 889, 888, -1,
                        794, 888, 795, -1,
                        794, 879, 889, -1,
                        796, 887, 886, -1,
                        796, 886, 890, -1,
                        796, 890, 824, -1,
                        796, 824, 797, -1,
                        798, 891, 971, -1,
                        798, 971, 892, -1,
                        798, 892, 799, -1,
                        800, 892, 973, -1,
                        800, 973, 893, -1,
                        800, 893, 801, -1,
                        801, 893, 802, -1,
                        802, 893, 803, -1,
                        803, 893, 894, -1,
                        803, 894, 804, -1,
                        804, 894, 977, -1,
                        804, 977, 895, -1,
                        804, 895, 805, -1,
                        805, 895, 806, -1,
                        806, 895, 896, -1,
                        806, 896, 827, -1,
                        807, 809, 817, -1,
                        808, 811, 809, -1,
                        809, 818, 817, -1,
                        809, 811, 897, -1,
                        809, 897, 898, -1,
                        809, 898, 818, -1,
                        810, 812, 899, -1,
                        810, 899, 901, -1,
                        810, 901, 811, -1,
                        811, 900, 897, -1,
                        811, 901, 900, -1,
                        812, 813, 902, -1,
                        812, 902, 899, -1,
                        813, 815, 903, -1,
                        813, 903, 904, -1,
                        813, 904, 902, -1,
                        814, 821, 905, -1,
                        814, 905, 906, -1,
                        814, 906, 815, -1,
                        815, 906, 903, -1,
                        816, 819, 907, -1,
                        818, 898, 819, -1,
                        819, 898, 908, -1,
                        819, 908, 991, -1,
                        819, 991, 907, -1,
                        820, 822, 909, -1,
                        820, 909, 821, -1,
                        821, 909, 910, -1,
                        821, 910, 905, -1,
                        822, 823, 909, -1,
                        823, 911, 912, -1,
                        823, 912, 909, -1,
                        823, 826, 913, -1,
                        823, 913, 911, -1,
                        824, 890, 886, -1,
                        824, 886, 914, -1,
                        824, 914, 915, -1,
                        824, 915, 916, -1,
                        824, 916, 825, -1,
                        825, 916, 917, -1,
                        825, 917, 826, -1,
                        826, 917, 916, -1,
                        826, 916, 913, -1,
                        827, 896, 918, -1,
                        827, 918, 919, -1,
                        827, 919, 828, -1,
                        828, 919, 829, -1,
                        829, 919, 920, -1,
                        829, 920, 921, -1,
                        829, 921, 830, -1,
                        830, 921, 922, -1,
                        830, 922, 831, -1,
                        831, 922, 923, -1,
                        831, 923, 832, -1,
                        832, 923, 924, -1,
                        832, 924, 925, -1,
                        832, 925, 833, -1,
                        833, 925, 926, -1,
                        833, 926, 927, -1,
                        833, 927, 834, -1,
                        834, 927, 835, -1,
                        835, 927, 928, -1,
                        835, 928, 836, -1,
                        836, 928, 837, -1,
                        837, 928, 838, -1,
                        838, 928, 929, -1,
                        838, 929, 930, -1,
                        838, 930, 931, -1,
                        838, 931, 840, -1,
                        838, 840, 839, -1,
                        840, 931, 841, -1,
                        841, 931, 932, -1,
                        841, 932, 933, -1,
                        841, 933, 934, -1,
                        841, 934, 842, -1,
                        842, 934, 935, -1,
                        842, 935, 936, -1,
                        842, 936, 937, -1,
                        842, 937, 845, -1,
                        842, 845, 844, -1,
                        845, 937, 936, -1,
                        845, 936, 938, -1,
                        845, 938, 849, -1,
                        845, 849, 846, -1,
                        849, 938, 850, -1,
                        850, 938, 939, -1,
                        850, 939, 851, -1,
                        851, 855, 940, -1,
                        851, 940, 852, -1,
                        851, 939, 941, -1,
                        851, 941, 855, -1,
                        852, 940, 853, -1,
                        853, 940, 855, -1,
                        853, 855, 854, -1,
                        855, 941, 942, -1,
                        855, 942, 856, -1,
                        856, 942, 943, -1,
                        856, 943, 857, -1,
                        857, 943, 858, -1,
                        858, 943, 859, -1,
                        859, 943, 944, -1,
                        859, 944, 860, -1,
                        860, 945, 861, -1,
                        860, 944, 946, -1,
                        860, 946, 945, -1,
                        861, 945, 947, -1,
                        861, 947, 948, -1,
                        861, 948, 862, -1,
                        863, 949, 950, -1,
                        863, 950, 864, -1,
                        864, 950, 951, -1,
                        864, 951, 866, -1,
                        864, 866, 865, -1,
                        866, 951, 952, -1,
                        866, 952, 953, -1,
                        866, 953, 868, -1,
                        866, 868, 867, -1,
                        868, 953, 954, -1,
                        868, 954, 869, -1,
                        869, 955, 956, -1,
                        869, 956, 870, -1,
                        869, 954, 955, -1,
                        870, 956, 871, -1,
                        871, 956, 957, -1,
                        871, 957, 873, -1,
                        873, 957, 875, -1,
                        873, 875, 874, -1,
                        875, 957, 876, -1,
                        876, 958, 877, -1,
                        876, 957, 958, -1,
                        877, 959, 880, -1,
                        877, 880, 960, -1,
                        877, 960, 878, -1,
                        877, 958, 959, -1,
                        878, 960, 880, -1,
                        879, 961, 889, -1,
                        879, 885, 962, -1,
                        879, 962, 961, -1,
                        880, 963, 964, -1,
                        880, 964, 881, -1,
                        880, 959, 965, -1,
                        880, 965, 963, -1,
                        881, 964, 966, -1,
                        881, 966, 882, -1,
                        882, 966, 884, -1,
                        884, 966, 967, -1,
                        884, 967, 962, -1,
                        884, 962, 885, -1,
                        886, 888, 889, -1,
                        886, 889, 968, -1,
                        886, 968, 914, -1,
                        889, 961, 968, -1,
                        891, 969, 970, -1,
                        891, 970, 971, -1,
                        892, 971, 1064, -1,
                        892, 1064, 972, -1,
                        892, 972, 973, -1,
                        893, 973, 974, -1,
                        893, 974, 975, -1,
                        893, 975, 894, -1,
                        894, 975, 976, -1,
                        894, 976, 977, -1,
                        895, 977, 978, -1,
                        895, 978, 896, -1,
                        896, 978, 918, -1,
                        897, 900, 981, -1,
                        897, 981, 979, -1,
                        897, 979, 898, -1,
                        898, 979, 981, -1,
                        898, 981, 1068, -1,
                        898, 1068, 980, -1,
                        898, 980, 994, -1,
                        898, 994, 908, -1,
                        899, 902, 904, -1,
                        899, 904, 901, -1,
                        900, 901, 981, -1,
                        901, 904, 982, -1,
                        901, 982, 983, -1,
                        901, 983, 1070, -1,
                        901, 1070, 981, -1,
                        903, 906, 904, -1,
                        904, 906, 984, -1,
                        904, 984, 985, -1,
                        904, 985, 986, -1,
                        904, 986, 982, -1,
                        905, 910, 906, -1,
                        906, 910, 987, -1,
                        906, 987, 988, -1,
                        906, 988, 989, -1,
                        906, 989, 990, -1,
                        906, 990, 984, -1,
                        907, 991, 992, -1,
                        907, 992, 993, -1,
                        908, 992, 991, -1,
                        908, 994, 995, -1,
                        908, 995, 992, -1,
                        909, 912, 996, -1,
                        909, 996, 910, -1,
                        910, 996, 997, -1,
                        910, 997, 998, -1,
                        910, 998, 999, -1,
                        910, 999, 987, -1,
                        911, 1000, 912, -1,
                        911, 913, 1000, -1,
                        912, 1000, 996, -1,
                        913, 916, 1001, -1,
                        913, 1001, 1002, -1,
                        913, 1002, 1003, -1,
                        913, 1003, 1000, -1,
                        914, 968, 1004, -1,
                        914, 1004, 1005, -1,
                        914, 1005, 915, -1,
                        915, 1005, 916, -1,
                        916, 1005, 1006, -1,
                        916, 1006, 1001, -1,
                        918, 978, 1007, -1,
                        918, 1007, 1087, -1,
                        918, 1087, 1008, -1,
                        918, 1008, 920, -1,
                        918, 920, 919, -1,
                        920, 1008, 1088, -1,
                        920, 1088, 1009, -1,
                        920, 1009, 1010, -1,
                        920, 1010, 921, -1,
                        921, 1010, 922, -1,
                        922, 1010, 1011, -1,
                        922, 1011, 1012, -1,
                        922, 1012, 923, -1,
                        923, 1012, 1013, -1,
                        923, 1013, 924, -1,
                        924, 1013, 1014, -1,
                        924, 1014, 925, -1,
                        925, 1014, 1015, -1,
                        925, 1015, 926, -1,
                        926, 1015, 927, -1,
                        927, 1015, 1016, -1,
                        927, 1016, 929, -1,
                        927, 929, 928, -1,
                        929, 1016, 930, -1,
                        930, 1016, 1017, -1,
                        930, 1017, 1018, -1,
                        930, 1018, 1019, -1,
                        930, 1019, 932, -1,
                        930, 932, 931, -1,
                        932, 1019, 933, -1,
                        933, 1020, 1021, -1,
                        933, 1021, 1022, -1,
                        933, 1022, 1023, -1,
                        933, 1023, 934, -1,
                        933, 1019, 1018, -1,
                        933, 1018, 1020, -1,
                        934, 1023, 936, -1,
                        934, 936, 935, -1,
                        936, 1024, 1025, -1,
                        936, 1025, 938, -1,
                        936, 1023, 1022, -1,
                        936, 1022, 1026, -1,
                        936, 1026, 1027, -1,
                        936, 1027, 1028, -1,
                        936, 1028, 1024, -1,
                        938, 1025, 939, -1,
                        939, 1025, 1024, -1,
                        939, 1024, 1028, -1,
                        939, 1028, 1027, -1,
                        939, 1027, 1029, -1,
                        939, 1029, 941, -1,
                        941, 1029, 1030, -1,
                        941, 1030, 942, -1,
                        942, 1030, 943, -1,
                        943, 1030, 1031, -1,
                        943, 1031, 944, -1,
                        944, 1031, 1032, -1,
                        944, 1032, 946, -1,
                        945, 1033, 947, -1,
                        945, 946, 1034, -1,
                        945, 1034, 1035, -1,
                        945, 1035, 1033, -1,
                        946, 1032, 1036, -1,
                        946, 1036, 1034, -1,
                        947, 1033, 1037, -1,
                        947, 1037, 1038, -1,
                        947, 1038, 948, -1,
                        949, 1039, 950, -1,
                        950, 1040, 951, -1,
                        950, 1039, 1041, -1,
                        950, 1041, 1042, -1,
                        950, 1042, 1043, -1,
                        950, 1043, 1044, -1,
                        950, 1044, 1040, -1,
                        951, 1045, 1046, -1,
                        951, 1046, 952, -1,
                        951, 1040, 1045, -1,
                        952, 954, 953, -1,
                        952, 1046, 1047, -1,
                        952, 1047, 1048, -1,
                        952, 1048, 954, -1,
                        954, 1048, 1049, -1,
                        954, 1049, 955, -1,
                        955, 1049, 956, -1,
                        956, 1049, 1050, -1,
                        956, 1050, 959, -1,
                        956, 959, 958, -1,
                        956, 958, 957, -1,
                        959, 1050, 1048, -1,
                        959, 1048, 965, -1,
                        961, 1005, 968, -1,
                        961, 962, 1051, -1,
                        961, 1051, 1005, -1,
                        962, 967, 1051, -1,
                        963, 1052, 1053, -1,
                        963, 1053, 1054, -1,
                        963, 1054, 964, -1,
                        963, 965, 1055, -1,
                        963, 1055, 1052, -1,
                        964, 1054, 1056, -1,
                        964, 1056, 966, -1,
                        965, 1048, 1047, -1,
                        965, 1047, 1055, -1,
                        966, 1056, 967, -1,
                        967, 1056, 1057, -1,
                        967, 1057, 1058, -1,
                        967, 1058, 1051, -1,
                        968, 1005, 1004, -1,
                        969, 1059, 970, -1,
                        969, 1060, 1059, -1,
                        970, 1061, 971, -1,
                        970, 1059, 1062, -1,
                        970, 1062, 1061, -1,
                        971, 1061, 1063, -1,
                        971, 1063, 1064, -1,
                        972, 1064, 1065, -1,
                        972, 1065, 974, -1,
                        972, 974, 973, -1,
                        974, 1065, 1135, -1,
                        974, 1135, 1066, -1,
                        974, 1066, 976, -1,
                        974, 976, 975, -1,
                        976, 1066, 1136, -1,
                        976, 1136, 1067, -1,
                        976, 1067, 978, -1,
                        976, 978, 977, -1,
                        978, 1067, 1086, -1,
                        978, 1086, 1007, -1,
                        980, 1068, 1069, -1,
                        980, 1069, 995, -1,
                        980, 995, 994, -1,
                        981, 1070, 1071, -1,
                        981, 1071, 1137, -1,
                        981, 1137, 1068, -1,
                        982, 986, 1072, -1,
                        982, 1072, 1073, -1,
                        982, 1073, 983, -1,
                        983, 1073, 1070, -1,
                        984, 990, 985, -1,
                        985, 990, 986, -1,
                        986, 990, 1074, -1,
                        986, 1074, 1072, -1,
                        987, 999, 988, -1,
                        988, 999, 989, -1,
                        989, 999, 990, -1,
                        990, 999, 1075, -1,
                        990, 1075, 1074, -1,
                        992, 1076, 1077, -1,
                        992, 1077, 993, -1,
                        992, 995, 1078, -1,
                        992, 1078, 1076, -1,
                        995, 1069, 1079, -1,
                        995, 1079, 1143, -1,
                        995, 1143, 1078, -1,
                        996, 1000, 997, -1,
                        997, 1000, 998, -1,
                        998, 1000, 999, -1,
                        999, 1000, 1003, -1,
                        999, 1003, 1075, -1,
                        1001, 1006, 1080, -1,
                        1001, 1080, 1147, -1,
                        1001, 1147, 1081, -1,
                        1001, 1081, 1002, -1,
                        1002, 1081, 1082, -1,
                        1002, 1082, 1083, -1,
                        1002, 1083, 1003, -1,
                        1003, 1083, 1084, -1,
                        1003, 1084, 1075, -1,
                        1005, 1051, 1058, -1,
                        1005, 1058, 1085, -1,
                        1005, 1085, 1006, -1,
                        1006, 1085, 1080, -1,
                        1007, 1086, 1087, -1,
                        1008, 1087, 1088, -1,
                        1009, 1088, 1089, -1,
                        1009, 1089, 1010, -1,
                        1010, 1089, 1090, -1,
                        1010, 1090, 1091, -1,
                        1010, 1091, 1011, -1,
                        1011, 1091, 1092, -1,
                        1011, 1092, 1012, -1,
                        1012, 1092, 1013, -1,
                        1013, 1092, 1093, -1,
                        1013, 1093, 1014, -1,
                        1014, 1093, 1094, -1,
                        1014, 1094, 1015, -1,
                        1015, 1094, 1017, -1,
                        1015, 1017, 1016, -1,
                        1017, 1094, 1018, -1,
                        1018, 1094, 1095, -1,
                        1018, 1095, 1096, -1,
                        1018, 1096, 1020, -1,
                        1020, 1096, 1097, -1,
                        1020, 1097, 1021, -1,
                        1021, 1097, 1026, -1,
                        1021, 1026, 1022, -1,
                        1026, 1098, 1099, -1,
                        1026, 1099, 1100, -1,
                        1026, 1100, 1101, -1,
                        1026, 1101, 1027, -1,
                        1026, 1097, 1098, -1,
                        1027, 1101, 1029, -1,
                        1029, 1032, 1031, -1,
                        1029, 1031, 1030, -1,
                        1029, 1101, 1100, -1,
                        1029, 1100, 1099, -1,
                        1029, 1099, 1102, -1,
                        1029, 1102, 1103, -1,
                        1029, 1103, 1032, -1,
                        1032, 1103, 1036, -1,
                        1033, 1104, 1037, -1,
                        1033, 1035, 1105, -1,
                        1033, 1105, 1104, -1,
                        1034, 1036, 1106, -1,
                        1034, 1106, 1035, -1,
                        1035, 1106, 1107, -1,
                        1035, 1107, 1105, -1,
                        1036, 1103, 1108, -1,
                        1036, 1108, 1174, -1,
                        1036, 1174, 1106, -1,
                        1037, 1104, 1109, -1,
                        1037, 1109, 1110, -1,
                        1037, 1110, 1111, -1,
                        1037, 1111, 1038, -1,
                        1040, 1112, 1045, -1,
                        1040, 1044, 1113, -1,
                        1040, 1113, 1114, -1,
                        1040, 1114, 1115, -1,
                        1040, 1115, 1116, -1,
                        1040, 1116, 1117, -1,
                        1040, 1117, 1112, -1,
                        1045, 1118, 1119, -1,
                        1045, 1119, 1046, -1,
                        1045, 1112, 1118, -1,
                        1046, 1119, 1047, -1,
                        1047, 1119, 1120, -1,
                        1047, 1120, 1121, -1,
                        1047, 1121, 1055, -1,
                        1048, 1050, 1049, -1,
                        1052, 1055, 1121, -1,
                        1052, 1121, 1122, -1,
                        1052, 1122, 1123, -1,
                        1052, 1123, 1124, -1,
                        1052, 1124, 1125, -1,
                        1052, 1125, 1053, -1,
                        1053, 1125, 1198, -1,
                        1053, 1198, 1126, -1,
                        1053, 1126, 1054, -1,
                        1054, 1126, 1056, -1,
                        1056, 1126, 1127, -1,
                        1056, 1127, 1057, -1,
                        1057, 1127, 1058, -1,
                        1058, 1127, 1085, -1,
                        1059, 1060, 1128, -1,
                        1059, 1128, 1062, -1,
                        1060, 1129, 1200, -1,
                        1060, 1200, 1128, -1,
                        1061, 1130, 1063, -1,
                        1061, 1062, 1131, -1,
                        1061, 1131, 1130, -1,
                        1062, 1132, 1131, -1,
                        1062, 1128, 1201, -1,
                        1062, 1201, 1132, -1,
                        1063, 1133, 1210, -1,
                        1063, 1210, 1134, -1,
                        1063, 1134, 1065, -1,
                        1063, 1065, 1064, -1,
                        1063, 1130, 1205, -1,
                        1063, 1205, 1133, -1,
                        1065, 1134, 1135, -1,
                        1066, 1135, 1212, -1,
                        1066, 1212, 1136, -1,
                        1067, 1136, 1086, -1,
                        1068, 1137, 1079, -1,
                        1068, 1079, 1069, -1,
                        1070, 1073, 1071, -1,
                        1071, 1073, 1137, -1,
                        1072, 1074, 1073, -1,
                        1073, 1138, 1079, -1,
                        1073, 1079, 1137, -1,
                        1073, 1074, 1139, -1,
                        1073, 1139, 1138, -1,
                        1074, 1075, 1139, -1,
                        1075, 1084, 1139, -1,
                        1076, 1140, 1077, -1,
                        1076, 1078, 1140, -1,
                        1077, 1140, 1215, -1,
                        1077, 1215, 1141, -1,
                        1078, 1142, 1140, -1,
                        1078, 1143, 1144, -1,
                        1078, 1144, 1142, -1,
                        1079, 1138, 1145, -1,
                        1079, 1145, 1143, -1,
                        1080, 1085, 1146, -1,
                        1080, 1146, 1147, -1,
                        1081, 1148, 1149, -1,
                        1081, 1149, 1150, -1,
                        1081, 1150, 1082, -1,
                        1081, 1147, 1148, -1,
                        1082, 1150, 1151, -1,
                        1082, 1151, 1152, -1,
                        1082, 1152, 1083, -1,
                        1083, 1152, 1153, -1,
                        1083, 1153, 1154, -1,
                        1083, 1154, 1084, -1,
                        1084, 1154, 1155, -1,
                        1084, 1155, 1156, -1,
                        1084, 1156, 1139, -1,
                        1085, 1127, 1157, -1,
                        1085, 1157, 1146, -1,
                        1086, 1136, 1212, -1,
                        1086, 1212, 1158, -1,
                        1086, 1158, 1242, -1,
                        1086, 1242, 1159, -1,
                        1086, 1159, 1087, -1,
                        1087, 1159, 1160, -1,
                        1087, 1160, 1088, -1,
                        1088, 1160, 1161, -1,
                        1088, 1161, 1162, -1,
                        1088, 1162, 1089, -1,
                        1089, 1162, 1163, -1,
                        1089, 1163, 1164, -1,
                        1089, 1164, 1090, -1,
                        1090, 1164, 1165, -1,
                        1090, 1165, 1091, -1,
                        1091, 1165, 1166, -1,
                        1091, 1166, 1092, -1,
                        1092, 1166, 1095, -1,
                        1092, 1095, 1093, -1,
                        1093, 1095, 1094, -1,
                        1095, 1166, 1167, -1,
                        1095, 1167, 1096, -1,
                        1096, 1167, 1097, -1,
                        1097, 1168, 1098, -1,
                        1097, 1167, 1168, -1,
                        1098, 1169, 1102, -1,
                        1098, 1102, 1099, -1,
                        1098, 1168, 1169, -1,
                        1102, 1170, 1103, -1,
                        1102, 1169, 1170, -1,
                        1103, 1170, 1108, -1,
                        1104, 1171, 1109, -1,
                        1104, 1105, 1172, -1,
                        1104, 1172, 1171, -1,
                        1105, 1107, 1173, -1,
                        1105, 1173, 1172, -1,
                        1106, 1174, 1175, -1,
                        1106, 1175, 1107, -1,
                        1107, 1175, 1255, -1,
                        1107, 1255, 1173, -1,
                        1108, 1170, 1174, -1,
                        1109, 1171, 1176, -1,
                        1109, 1176, 1177, -1,
                        1109, 1177, 1110, -1,
                        1112, 1178, 1179, -1,
                        1112, 1179, 1180, -1,
                        1112, 1180, 1181, -1,
                        1112, 1181, 1118, -1,
                        1112, 1117, 1182, -1,
                        1112, 1182, 1183, -1,
                        1112, 1183, 1178, -1,
                        1118, 1184, 1185, -1,
                        1118, 1185, 1186, -1,
                        1118, 1186, 1119, -1,
                        1118, 1181, 1187, -1,
                        1118, 1187, 1188, -1,
                        1118, 1188, 1189, -1,
                        1118, 1189, 1184, -1,
                        1119, 1186, 1120, -1,
                        1120, 1190, 1121, -1,
                        1120, 1186, 1185, -1,
                        1120, 1185, 1190, -1,
                        1121, 1190, 1122, -1,
                        1122, 1190, 1123, -1,
                        1123, 1191, 1124, -1,
                        1123, 1190, 1192, -1,
                        1123, 1192, 1193, -1,
                        1123, 1193, 1194, -1,
                        1123, 1194, 1195, -1,
                        1123, 1195, 1196, -1,
                        1123, 1196, 1191, -1,
                        1124, 1191, 1197, -1,
                        1124, 1197, 1125, -1,
                        1125, 1197, 1198, -1,
                        1126, 1198, 1199, -1,
                        1126, 1199, 1157, -1,
                        1126, 1157, 1127, -1,
                        1128, 1200, 1201, -1,
                        1129, 1202, 1200, -1,
                        1129, 1203, 1204, -1,
                        1129, 1204, 1202, -1,
                        1130, 1131, 1206, -1,
                        1130, 1206, 1205, -1,
                        1131, 1132, 1206, -1,
                        1132, 1207, 1206, -1,
                        1132, 1201, 1200, -1,
                        1132, 1200, 1208, -1,
                        1132, 1208, 1207, -1,
                        1133, 1209, 1210, -1,
                        1133, 1205, 1209, -1,
                        1134, 1210, 1296, -1,
                        1134, 1296, 1211, -1,
                        1134, 1211, 1135, -1,
                        1135, 1211, 1239, -1,
                        1135, 1239, 1212, -1,
                        1138, 1139, 1145, -1,
                        1139, 1156, 1145, -1,
                        1140, 1213, 1214, -1,
                        1140, 1214, 1215, -1,
                        1140, 1142, 1216, -1,
                        1140, 1216, 1213, -1,
                        1141, 1217, 1218, -1,
                        1141, 1218, 1219, -1,
                        1141, 1215, 1214, -1,
                        1141, 1214, 1300, -1,
                        1141, 1300, 1217, -1,
                        1142, 1144, 1216, -1,
                        1143, 1145, 1144, -1,
                        1144, 1220, 1216, -1,
                        1144, 1145, 1221, -1,
                        1144, 1221, 1220, -1,
                        1145, 1156, 1221, -1,
                        1146, 1222, 1148, -1,
                        1146, 1148, 1147, -1,
                        1146, 1157, 1199, -1,
                        1146, 1199, 1222, -1,
                        1148, 1223, 1224, -1,
                        1148, 1224, 1149, -1,
                        1148, 1222, 1223, -1,
                        1149, 1224, 1225, -1,
                        1149, 1225, 1150, -1,
                        1150, 1225, 1226, -1,
                        1150, 1226, 1227, -1,
                        1150, 1227, 1228, -1,
                        1150, 1228, 1151, -1,
                        1151, 1228, 1229, -1,
                        1151, 1229, 1230, -1,
                        1151, 1230, 1152, -1,
                        1152, 1230, 1231, -1,
                        1152, 1231, 1232, -1,
                        1152, 1232, 1153, -1,
                        1153, 1232, 1316, -1,
                        1153, 1316, 1233, -1,
                        1153, 1233, 1234, -1,
                        1153, 1234, 1154, -1,
                        1154, 1234, 1235, -1,
                        1154, 1235, 1155, -1,
                        1155, 1235, 1318, -1,
                        1155, 1318, 1236, -1,
                        1155, 1236, 1237, -1,
                        1155, 1237, 1238, -1,
                        1155, 1238, 1156, -1,
                        1156, 1238, 1221, -1,
                        1158, 1212, 1239, -1,
                        1158, 1239, 1240, -1,
                        1158, 1240, 1241, -1,
                        1158, 1241, 1325, -1,
                        1158, 1325, 1242, -1,
                        1159, 1242, 1243, -1,
                        1159, 1243, 1160, -1,
                        1160, 1243, 1244, -1,
                        1160, 1244, 1161, -1,
                        1161, 1244, 1245, -1,
                        1161, 1245, 1162, -1,
                        1162, 1245, 1163, -1,
                        1163, 1245, 1331, -1,
                        1163, 1331, 1246, -1,
                        1163, 1246, 1164, -1,
                        1164, 1246, 1247, -1,
                        1164, 1247, 1248, -1,
                        1164, 1248, 1165, -1,
                        1165, 1248, 1167, -1,
                        1165, 1167, 1166, -1,
                        1167, 1248, 1168, -1,
                        1168, 1249, 1169, -1,
                        1168, 1248, 1249, -1,
                        1169, 1249, 1250, -1,
                        1169, 1250, 1170, -1,
                        1170, 1251, 1174, -1,
                        1170, 1250, 1251, -1,
                        1171, 1252, 1176, -1,
                        1171, 1172, 1252, -1,
                        1172, 1173, 1253, -1,
                        1172, 1253, 1254, -1,
                        1172, 1254, 1252, -1,
                        1173, 1255, 1253, -1,
                        1174, 1251, 1256, -1,
                        1174, 1256, 1175, -1,
                        1175, 1256, 1255, -1,
                        1176, 1252, 1257, -1,
                        1176, 1257, 1346, -1,
                        1176, 1346, 1258, -1,
                        1176, 1258, 1177, -1,
                        1178, 1183, 1179, -1,
                        1179, 1183, 1180, -1,
                        1180, 1259, 1187, -1,
                        1180, 1187, 1181, -1,
                        1180, 1183, 1260, -1,
                        1180, 1260, 1261, -1,
                        1180, 1261, 1259, -1,
                        1184, 1189, 1185, -1,
                        1185, 1189, 1262, -1,
                        1185, 1262, 1263, -1,
                        1185, 1263, 1264, -1,
                        1185, 1264, 1192, -1,
                        1185, 1192, 1190, -1,
                        1187, 1259, 1188, -1,
                        1188, 1259, 1189, -1,
                        1189, 1259, 1265, -1,
                        1189, 1265, 1266, -1,
                        1189, 1266, 1267, -1,
                        1189, 1267, 1263, -1,
                        1189, 1263, 1262, -1,
                        1191, 1196, 1197, -1,
                        1192, 1264, 1268, -1,
                        1192, 1268, 1193, -1,
                        1193, 1268, 1194, -1,
                        1194, 1269, 1195, -1,
                        1194, 1268, 1270, -1,
                        1194, 1270, 1269, -1,
                        1195, 1269, 1271, -1,
                        1195, 1271, 1272, -1,
                        1195, 1272, 1196, -1,
                        1196, 1273, 1197, -1,
                        1196, 1272, 1273, -1,
                        1197, 1273, 1274, -1,
                        1197, 1274, 1198, -1,
                        1198, 1275, 1199, -1,
                        1198, 1274, 1276, -1,
                        1198, 1276, 1277, -1,
                        1198, 1277, 1275, -1,
                        1199, 1275, 1277, -1,
                        1199, 1277, 1278, -1,
                        1199, 1278, 1279, -1,
                        1199, 1279, 1280, -1,
                        1199, 1280, 1222, -1,
                        1200, 1281, 1282, -1,
                        1200, 1282, 1208, -1,
                        1200, 1202, 1281, -1,
                        1202, 1283, 1282, -1,
                        1202, 1282, 1281, -1,
                        1202, 1204, 1284, -1,
                        1202, 1284, 1285, -1,
                        1202, 1285, 1286, -1,
                        1202, 1286, 1287, -1,
                        1202, 1287, 1283, -1,
                        1203, 1288, 1284, -1,
                        1203, 1284, 1204, -1,
                        1205, 1289, 1294, -1,
                        1205, 1294, 1209, -1,
                        1205, 1206, 1207, -1,
                        1205, 1207, 1290, -1,
                        1205, 1290, 1378, -1,
                        1205, 1378, 1289, -1,
                        1207, 1291, 1378, -1,
                        1207, 1378, 1290, -1,
                        1207, 1208, 1291, -1,
                        1208, 1282, 1292, -1,
                        1208, 1292, 1293, -1,
                        1208, 1293, 1291, -1,
                        1209, 1294, 1382, -1,
                        1209, 1382, 1295, -1,
                        1209, 1295, 1210, -1,
                        1210, 1295, 1296, -1,
                        1211, 1296, 1240, -1,
                        1211, 1240, 1239, -1,
                        1213, 1297, 1214, -1,
                        1213, 1216, 1298, -1,
                        1213, 1298, 1384, -1,
                        1213, 1384, 1297, -1,
                        1214, 1297, 1299, -1,
                        1214, 1299, 1300, -1,
                        1216, 1220, 1301, -1,
                        1216, 1301, 1298, -1,
                        1217, 1300, 1302, -1,
                        1217, 1302, 1303, -1,
                        1217, 1303, 1304, -1,
                        1217, 1304, 1218, -1,
                        1218, 1304, 1373, -1,
                        1218, 1373, 1305, -1,
                        1218, 1305, 1288, -1,
                        1218, 1288, 1219, -1,
                        1220, 1221, 1238, -1,
                        1220, 1238, 1301, -1,
                        1222, 1280, 1306, -1,
                        1222, 1306, 1307, -1,
                        1222, 1307, 1223, -1,
                        1223, 1307, 1308, -1,
                        1223, 1308, 1224, -1,
                        1224, 1308, 1309, -1,
                        1224, 1309, 1310, -1,
                        1224, 1310, 1311, -1,
                        1224, 1311, 1225, -1,
                        1225, 1311, 1312, -1,
                        1225, 1312, 1226, -1,
                        1226, 1312, 1313, -1,
                        1226, 1313, 1229, -1,
                        1226, 1229, 1227, -1,
                        1227, 1229, 1228, -1,
                        1229, 1313, 1314, -1,
                        1229, 1314, 1315, -1,
                        1229, 1315, 1230, -1,
                        1230, 1315, 1316, -1,
                        1230, 1316, 1231, -1,
                        1231, 1316, 1232, -1,
                        1233, 1316, 1317, -1,
                        1233, 1317, 1318, -1,
                        1233, 1318, 1234, -1,
                        1234, 1318, 1235, -1,
                        1236, 1318, 1319, -1,
                        1236, 1319, 1320, -1,
                        1236, 1320, 1237, -1,
                        1237, 1320, 1238, -1,
                        1238, 1320, 1301, -1,
                        1240, 1321, 1401, -1,
                        1240, 1401, 1322, -1,
                        1240, 1322, 1241, -1,
                        1240, 1296, 1323, -1,
                        1240, 1323, 1324, -1,
                        1240, 1324, 1321, -1,
                        1241, 1322, 1325, -1,
                        1242, 1325, 1326, -1,
                        1242, 1326, 1243, -1,
                        1243, 1326, 1244, -1,
                        1244, 1326, 1327, -1,
                        1244, 1327, 1328, -1,
                        1244, 1328, 1329, -1,
                        1244, 1329, 1245, -1,
                        1245, 1329, 1330, -1,
                        1245, 1330, 1331, -1,
                        1246, 1331, 1332, -1,
                        1246, 1332, 1333, -1,
                        1246, 1333, 1247, -1,
                        1247, 1333, 1248, -1,
                        1248, 1333, 1249, -1,
                        1249, 1333, 1250, -1,
                        1250, 1334, 1251, -1,
                        1250, 1333, 1334, -1,
                        1251, 1334, 1256, -1,
                        1252, 1335, 1343, -1,
                        1252, 1343, 1257, -1,
                        1252, 1254, 1335, -1,
                        1253, 1336, 1337, -1,
                        1253, 1337, 1254, -1,
                        1253, 1255, 1338, -1,
                        1253, 1338, 1339, -1,
                        1253, 1339, 1336, -1,
                        1254, 1337, 1335, -1,
                        1255, 1256, 1340, -1,
                        1255, 1340, 1338, -1,
                        1256, 1334, 1341, -1,
                        1256, 1341, 1342, -1,
                        1256, 1342, 1340, -1,
                        1257, 1343, 1344, -1,
                        1257, 1344, 1345, -1,
                        1257, 1345, 1346, -1,
                        1259, 1261, 1347, -1,
                        1259, 1347, 1265, -1,
                        1260, 1348, 1261, -1,
                        1261, 1348, 1347, -1,
                        1263, 1267, 1264, -1,
                        1264, 1267, 1266, -1,
                        1264, 1266, 1268, -1,
                        1265, 1349, 1266, -1,
                        1265, 1347, 1350, -1,
                        1265, 1350, 1349, -1,
                        1266, 1349, 1351, -1,
                        1266, 1351, 1268, -1,
                        1268, 1351, 1352, -1,
                        1268, 1352, 1270, -1,
                        1269, 1270, 1353, -1,
                        1269, 1353, 1271, -1,
                        1270, 1352, 1353, -1,
                        1271, 1353, 1354, -1,
                        1271, 1354, 1355, -1,
                        1271, 1355, 1356, -1,
                        1271, 1356, 1357, -1,
                        1271, 1357, 1358, -1,
                        1271, 1358, 1359, -1,
                        1271, 1359, 1360, -1,
                        1271, 1360, 1272, -1,
                        1272, 1360, 1361, -1,
                        1272, 1361, 1273, -1,
                        1273, 1361, 1274, -1,
                        1274, 1361, 1362, -1,
                        1274, 1362, 1276, -1,
                        1276, 1362, 1363, -1,
                        1276, 1363, 1364, -1,
                        1276, 1364, 1365, -1,
                        1276, 1365, 1366, -1,
                        1276, 1366, 1367, -1,
                        1276, 1367, 1279, -1,
                        1276, 1279, 1277, -1,
                        1277, 1279, 1278, -1,
                        1279, 1367, 1368, -1,
                        1279, 1368, 1369, -1,
                        1279, 1369, 1307, -1,
                        1279, 1307, 1306, -1,
                        1279, 1306, 1280, -1,
                        1282, 1370, 1292, -1,
                        1282, 1283, 1371, -1,
                        1282, 1371, 1370, -1,
                        1283, 1287, 1286, -1,
                        1283, 1286, 1372, -1,
                        1283, 1372, 1371, -1,
                        1284, 1288, 1285, -1,
                        1285, 1288, 1305, -1,
                        1285, 1305, 1373, -1,
                        1285, 1373, 1374, -1,
                        1285, 1374, 1375, -1,
                        1285, 1375, 1376, -1,
                        1285, 1376, 1286, -1,
                        1286, 1376, 1445, -1,
                        1286, 1445, 1372, -1,
                        1289, 1377, 1294, -1,
                        1289, 1378, 1377, -1,
                        1291, 1379, 1378, -1,
                        1291, 1293, 1379, -1,
                        1292, 1380, 1379, -1,
                        1292, 1379, 1293, -1,
                        1292, 1370, 1443, -1,
                        1292, 1443, 1380, -1,
                        1294, 1381, 1382, -1,
                        1294, 1377, 1381, -1,
                        1295, 1382, 1296, -1,
                        1296, 1382, 1323, -1,
                        1297, 1383, 1299, -1,
                        1297, 1384, 1453, -1,
                        1297, 1453, 1383, -1,
                        1298, 1301, 1320, -1,
                        1298, 1320, 1384, -1,
                        1299, 1383, 1385, -1,
                        1299, 1385, 1386, -1,
                        1299, 1386, 1300, -1,
                        1300, 1386, 1302, -1,
                        1302, 1386, 1387, -1,
                        1302, 1387, 1388, -1,
                        1302, 1388, 1303, -1,
                        1303, 1388, 1389, -1,
                        1303, 1389, 1304, -1,
                        1304, 1389, 1447, -1,
                        1304, 1447, 1373, -1,
                        1307, 1369, 1390, -1,
                        1307, 1390, 1391, -1,
                        1307, 1391, 1308, -1,
                        1308, 1391, 1309, -1,
                        1309, 1391, 1312, -1,
                        1309, 1312, 1310, -1,
                        1310, 1312, 1311, -1,
                        1312, 1391, 1392, -1,
                        1312, 1392, 1393, -1,
                        1312, 1393, 1313, -1,
                        1313, 1393, 1394, -1,
                        1313, 1394, 1314, -1,
                        1314, 1394, 1395, -1,
                        1314, 1395, 1396, -1,
                        1314, 1396, 1315, -1,
                        1315, 1396, 1397, -1,
                        1315, 1397, 1316, -1,
                        1316, 1397, 1317, -1,
                        1317, 1397, 1398, -1,
                        1317, 1398, 1399, -1,
                        1317, 1399, 1318, -1,
                        1318, 1399, 1319, -1,
                        1319, 1399, 1453, -1,
                        1319, 1453, 1384, -1,
                        1319, 1384, 1320, -1,
                        1321, 1400, 1401, -1,
                        1321, 1324, 1400, -1,
                        1322, 1401, 1402, -1,
                        1322, 1402, 1325, -1,
                        1323, 1382, 1324, -1,
                        1324, 1403, 1400, -1,
                        1324, 1382, 1404, -1,
                        1324, 1404, 1405, -1,
                        1324, 1405, 1406, -1,
                        1324, 1406, 1403, -1,
                        1325, 1402, 1326, -1,
                        1326, 1407, 1408, -1,
                        1326, 1408, 1327, -1,
                        1326, 1402, 1407, -1,
                        1327, 1408, 1328, -1,
                        1328, 1409, 1478, -1,
                        1328, 1478, 1410, -1,
                        1328, 1410, 1330, -1,
                        1328, 1330, 1329, -1,
                        1328, 1408, 1409, -1,
                        1330, 1410, 1411, -1,
                        1330, 1411, 1331, -1,
                        1331, 1411, 1332, -1,
                        1332, 1411, 1342, -1,
                        1332, 1342, 1341, -1,
                        1332, 1341, 1334, -1,
                        1332, 1334, 1333, -1,
                        1335, 1412, 1413, -1,
                        1335, 1413, 1343, -1,
                        1335, 1337, 1414, -1,
                        1335, 1414, 1412, -1,
                        1336, 1339, 1416, -1,
                        1336, 1416, 1415, -1,
                        1336, 1415, 1414, -1,
                        1336, 1414, 1337, -1,
                        1338, 1340, 1339, -1,
                        1339, 1340, 1417, -1,
                        1339, 1417, 1416, -1,
                        1340, 1342, 1418, -1,
                        1340, 1418, 1417, -1,
                        1342, 1411, 1418, -1,
                        1343, 1413, 1344, -1,
                        1344, 1413, 1419, -1,
                        1347, 1348, 1420, -1,
                        1347, 1420, 1421, -1,
                        1347, 1421, 1350, -1,
                        1348, 1422, 1421, -1,
                        1348, 1421, 1420, -1,
                        1349, 1423, 1351, -1,
                        1349, 1350, 1424, -1,
                        1349, 1424, 1423, -1,
                        1350, 1421, 1425, -1,
                        1350, 1425, 1424, -1,
                        1351, 1423, 1352, -1,
                        1352, 1423, 1426, -1,
                        1352, 1426, 1427, -1,
                        1352, 1427, 1428, -1,
                        1352, 1428, 1353, -1,
                        1353, 1428, 1354, -1,
                        1354, 1428, 1355, -1,
                        1355, 1428, 1429, -1,
                        1355, 1429, 1356, -1,
                        1356, 1430, 1357, -1,
                        1356, 1429, 1431, -1,
                        1356, 1431, 1432, -1,
                        1356, 1432, 1433, -1,
                        1356, 1433, 1430, -1,
                        1357, 1430, 1434, -1,
                        1357, 1434, 1361, -1,
                        1357, 1361, 1358, -1,
                        1358, 1361, 1359, -1,
                        1359, 1361, 1360, -1,
                        1361, 1434, 1435, -1,
                        1361, 1435, 1364, -1,
                        1361, 1364, 1363, -1,
                        1361, 1363, 1362, -1,
                        1364, 1435, 1434, -1,
                        1364, 1434, 1436, -1,
                        1364, 1436, 1437, -1,
                        1364, 1437, 1438, -1,
                        1364, 1438, 1365, -1,
                        1365, 1438, 1439, -1,
                        1365, 1439, 1366, -1,
                        1366, 1439, 1440, -1,
                        1366, 1440, 1367, -1,
                        1367, 1440, 1368, -1,
                        1368, 1440, 1441, -1,
                        1368, 1441, 1442, -1,
                        1368, 1442, 1369, -1,
                        1369, 1442, 1390, -1,
                        1370, 1371, 1444, -1,
                        1370, 1444, 1515, -1,
                        1370, 1515, 1443, -1,
                        1371, 1372, 1445, -1,
                        1371, 1445, 1446, -1,
                        1371, 1446, 1444, -1,
                        1373, 1447, 1374, -1,
                        1374, 1447, 1375, -1,
                        1375, 1447, 1448, -1,
                        1375, 1448, 1376, -1,
                        1376, 1448, 1517, -1,
                        1376, 1517, 1445, -1,
                        1377, 1449, 1381, -1,
                        1377, 1378, 1450, -1,
                        1377, 1450, 1449, -1,
                        1378, 1379, 1450, -1,
                        1379, 1451, 1452, -1,
                        1379, 1452, 1450, -1,
                        1379, 1380, 1451, -1,
                        1380, 1443, 1451, -1,
                        1381, 1405, 1404, -1,
                        1381, 1404, 1382, -1,
                        1381, 1449, 1405, -1,
                        1383, 1453, 1454, -1,
                        1383, 1454, 1455, -1,
                        1383, 1455, 1385, -1,
                        1385, 1455, 1456, -1,
                        1385, 1456, 1457, -1,
                        1385, 1457, 1386, -1,
                        1386, 1457, 1458, -1,
                        1386, 1458, 1387, -1,
                        1387, 1458, 1459, -1,
                        1387, 1459, 1460, -1,
                        1387, 1460, 1388, -1,
                        1388, 1460, 1461, -1,
                        1388, 1461, 1389, -1,
                        1389, 1461, 1520, -1,
                        1389, 1520, 1447, -1,
                        1390, 1442, 1462, -1,
                        1390, 1462, 1392, -1,
                        1390, 1392, 1391, -1,
                        1392, 1462, 1463, -1,
                        1392, 1463, 1393, -1,
                        1393, 1463, 1464, -1,
                        1393, 1464, 1394, -1,
                        1394, 1464, 1465, -1,
                        1394, 1465, 1395, -1,
                        1395, 1465, 1466, -1,
                        1395, 1466, 1396, -1,
                        1396, 1466, 1467, -1,
                        1396, 1467, 1397, -1,
                        1397, 1467, 1398, -1,
                        1398, 1467, 1454, -1,
                        1398, 1454, 1399, -1,
                        1399, 1454, 1453, -1,
                        1400, 1468, 1469, -1,
                        1400, 1469, 1401, -1,
                        1400, 1403, 1468, -1,
                        1401, 1469, 1470, -1,
                        1401, 1470, 1402, -1,
                        1402, 1470, 1407, -1,
                        1403, 1471, 1468, -1,
                        1403, 1406, 1472, -1,
                        1403, 1472, 1473, -1,
                        1403, 1473, 1471, -1,
                        1405, 1472, 1406, -1,
                        1405, 1449, 1474, -1,
                        1405, 1474, 1472, -1,
                        1407, 1475, 1476, -1,
                        1407, 1476, 1408, -1,
                        1407, 1470, 1475, -1,
                        1408, 1476, 1409, -1,
                        1409, 1476, 1477, -1,
                        1409, 1477, 1548, -1,
                        1409, 1548, 1478, -1,
                        1410, 1478, 1479, -1,
                        1410, 1479, 1411, -1,
                        1411, 1479, 1418, -1,
                        1412, 1480, 1481, -1,
                        1412, 1481, 1413, -1,
                        1412, 1414, 1480, -1,
                        1413, 1481, 1419, -1,
                        1414, 1415, 1482, -1,
                        1414, 1482, 1480, -1,
                        1415, 1416, 1483, -1,
                        1415, 1483, 1484, -1,
                        1415, 1484, 1482, -1,
                        1416, 1417, 1485, -1,
                        1416, 1485, 1483, -1,
                        1417, 1418, 1486, -1,
                        1417, 1486, 1485, -1,
                        1418, 1479, 1549, -1,
                        1418, 1549, 1486, -1,
                        1419, 1481, 1487, -1,
                        1421, 1422, 1488, -1,
                        1421, 1488, 1489, -1,
                        1421, 1489, 1425, -1,
                        1422, 1490, 1491, -1,
                        1422, 1491, 1488, -1,
                        1423, 1424, 1426, -1,
                        1424, 1492, 1426, -1,
                        1424, 1425, 1493, -1,
                        1424, 1493, 1492, -1,
                        1425, 1489, 1494, -1,
                        1425, 1494, 1493, -1,
                        1426, 1492, 1427, -1,
                        1427, 1492, 1495, -1,
                        1427, 1495, 1496, -1,
                        1427, 1496, 1497, -1,
                        1427, 1497, 1428, -1,
                        1428, 1497, 1429, -1,
                        1429, 1497, 1431, -1,
                        1430, 1433, 1498, -1,
                        1430, 1498, 1499, -1,
                        1430, 1499, 1434, -1,
                        1431, 1497, 1432, -1,
                        1432, 1497, 1500, -1,
                        1432, 1500, 1501, -1,
                        1432, 1501, 1502, -1,
                        1432, 1502, 1433, -1,
                        1433, 1503, 1498, -1,
                        1433, 1502, 1504, -1,
                        1433, 1504, 1503, -1,
                        1434, 1499, 1436, -1,
                        1436, 1499, 1505, -1,
                        1436, 1505, 1506, -1,
                        1436, 1506, 1437, -1,
                        1437, 1506, 1507, -1,
                        1437, 1507, 1508, -1,
                        1437, 1508, 1438, -1,
                        1438, 1508, 1509, -1,
                        1438, 1509, 1439, -1,
                        1439, 1509, 1440, -1,
                        1440, 1509, 1441, -1,
                        1441, 1510, 1442, -1,
                        1441, 1509, 1511, -1,
                        1441, 1511, 1512, -1,
                        1441, 1512, 1510, -1,
                        1442, 1510, 1512, -1,
                        1442, 1512, 1513, -1,
                        1442, 1513, 1462, -1,
                        1443, 1514, 1451, -1,
                        1443, 1515, 1588, -1,
                        1443, 1588, 1514, -1,
                        1444, 1446, 1516, -1,
                        1444, 1516, 1515, -1,
                        1445, 1517, 1518, -1,
                        1445, 1518, 1446, -1,
                        1446, 1518, 1519, -1,
                        1446, 1519, 1516, -1,
                        1447, 1520, 1521, -1,
                        1447, 1521, 1448, -1,
                        1448, 1521, 1594, -1,
                        1448, 1594, 1517, -1,
                        1449, 1450, 1452, -1,
                        1449, 1452, 1474, -1,
                        1451, 1522, 1452, -1,
                        1451, 1514, 1522, -1,
                        1452, 1523, 1474, -1,
                        1452, 1522, 1523, -1,
                        1454, 1467, 1524, -1,
                        1454, 1524, 1455, -1,
                        1455, 1524, 1525, -1,
                        1455, 1525, 1456, -1,
                        1456, 1525, 1605, -1,
                        1456, 1605, 1526, -1,
                        1456, 1526, 1527, -1,
                        1456, 1527, 1457, -1,
                        1457, 1527, 1528, -1,
                        1457, 1528, 1458, -1,
                        1458, 1528, 1459, -1,
                        1459, 1529, 1530, -1,
                        1459, 1530, 1460, -1,
                        1459, 1528, 1529, -1,
                        1460, 1530, 1531, -1,
                        1460, 1531, 1461, -1,
                        1461, 1531, 1532, -1,
                        1461, 1532, 1595, -1,
                        1461, 1595, 1520, -1,
                        1462, 1513, 1463, -1,
                        1463, 1513, 1533, -1,
                        1463, 1533, 1534, -1,
                        1463, 1534, 1464, -1,
                        1464, 1534, 1535, -1,
                        1464, 1535, 1465, -1,
                        1465, 1535, 1536, -1,
                        1465, 1536, 1466, -1,
                        1466, 1536, 1537, -1,
                        1466, 1537, 1524, -1,
                        1466, 1524, 1467, -1,
                        1468, 1538, 1539, -1,
                        1468, 1539, 1469, -1,
                        1468, 1471, 1540, -1,
                        1468, 1540, 1538, -1,
                        1469, 1539, 1541, -1,
                        1469, 1541, 1470, -1,
                        1470, 1541, 1475, -1,
                        1471, 1473, 1542, -1,
                        1471, 1542, 1540, -1,
                        1472, 1543, 1473, -1,
                        1472, 1474, 1523, -1,
                        1472, 1523, 1543, -1,
                        1473, 1543, 1542, -1,
                        1475, 1544, 1545, -1,
                        1475, 1545, 1476, -1,
                        1475, 1541, 1544, -1,
                        1476, 1545, 1477, -1,
                        1477, 1546, 1547, -1,
                        1477, 1547, 1548, -1,
                        1477, 1545, 1546, -1,
                        1478, 1548, 1549, -1,
                        1478, 1549, 1479, -1,
                        1480, 1550, 1551, -1,
                        1480, 1551, 1481, -1,
                        1480, 1482, 1550, -1,
                        1481, 1551, 1487, -1,
                        1482, 1484, 1552, -1,
                        1482, 1552, 1550, -1,
                        1483, 1553, 1555, -1,
                        1483, 1555, 1484, -1,
                        1483, 1485, 1554, -1,
                        1483, 1554, 1553, -1,
                        1484, 1555, 1552, -1,
                        1485, 1486, 1556, -1,
                        1485, 1556, 1557, -1,
                        1485, 1557, 1554, -1,
                        1486, 1549, 1558, -1,
                        1486, 1558, 1556, -1,
                        1487, 1551, 1559, -1,
                        1488, 1491, 1489, -1,
                        1489, 1491, 1560, -1,
                        1489, 1560, 1494, -1,
                        1490, 1561, 1562, -1,
                        1490, 1562, 1491, -1,
                        1491, 1562, 1560, -1,
                        1492, 1493, 1495, -1,
                        1493, 1494, 1563, -1,
                        1493, 1563, 1564, -1,
                        1493, 1564, 1495, -1,
                        1494, 1560, 1563, -1,
                        1495, 1564, 1496, -1,
                        1496, 1565, 1500, -1,
                        1496, 1500, 1497, -1,
                        1496, 1564, 1566, -1,
                        1496, 1566, 1567, -1,
                        1496, 1567, 1565, -1,
                        1498, 1503, 1499, -1,
                        1499, 1503, 1568, -1,
                        1499, 1568, 1569, -1,
                        1499, 1569, 1570, -1,
                        1499, 1570, 1505, -1,
                        1500, 1565, 1501, -1,
                        1501, 1565, 1502, -1,
                        1502, 1565, 1571, -1,
                        1502, 1571, 1504, -1,
                        1503, 1504, 1568, -1,
                        1504, 1572, 1573, -1,
                        1504, 1573, 1574, -1,
                        1504, 1574, 1575, -1,
                        1504, 1575, 1576, -1,
                        1504, 1576, 1577, -1,
                        1504, 1577, 1578, -1,
                        1504, 1578, 1568, -1,
                        1504, 1571, 1572, -1,
                        1505, 1570, 1506, -1,
                        1506, 1570, 1579, -1,
                        1506, 1579, 1569, -1,
                        1506, 1569, 1580, -1,
                        1506, 1580, 1581, -1,
                        1506, 1581, 1582, -1,
                        1506, 1582, 1583, -1,
                        1506, 1583, 1507, -1,
                        1507, 1583, 1584, -1,
                        1507, 1584, 1508, -1,
                        1508, 1584, 1585, -1,
                        1508, 1585, 1509, -1,
                        1509, 1585, 1511, -1,
                        1511, 1585, 1586, -1,
                        1511, 1586, 1512, -1,
                        1512, 1586, 1587, -1,
                        1512, 1587, 1533, -1,
                        1512, 1533, 1513, -1,
                        1514, 1588, 1522, -1,
                        1515, 1589, 1588, -1,
                        1515, 1516, 1589, -1,
                        1516, 1519, 1594, -1,
                        1516, 1594, 1590, -1,
                        1516, 1590, 1591, -1,
                        1516, 1591, 1592, -1,
                        1516, 1592, 1593, -1,
                        1516, 1593, 1589, -1,
                        1517, 1594, 1518, -1,
                        1518, 1594, 1519, -1,
                        1520, 1595, 1596, -1,
                        1520, 1596, 1521, -1,
                        1521, 1597, 1598, -1,
                        1521, 1598, 1594, -1,
                        1521, 1596, 1597, -1,
                        1522, 1599, 1600, -1,
                        1522, 1600, 1602, -1,
                        1522, 1602, 1523, -1,
                        1522, 1588, 1601, -1,
                        1522, 1601, 1599, -1,
                        1523, 1602, 1603, -1,
                        1523, 1603, 1543, -1,
                        1524, 1537, 1525, -1,
                        1525, 1537, 1604, -1,
                        1525, 1604, 1605, -1,
                        1526, 1606, 1607, -1,
                        1526, 1607, 1527, -1,
                        1526, 1605, 1606, -1,
                        1527, 1607, 1608, -1,
                        1527, 1608, 1528, -1,
                        1528, 1608, 1529, -1,
                        1529, 1609, 1610, -1,
                        1529, 1610, 1530, -1,
                        1529, 1608, 1609, -1,
                        1530, 1610, 1531, -1,
                        1531, 1610, 1611, -1,
                        1531, 1611, 1532, -1,
                        1532, 1611, 1659, -1,
                        1532, 1659, 1595, -1,
                        1533, 1587, 1534, -1,
                        1534, 1612, 1535, -1,
                        1534, 1587, 1586, -1,
                        1534, 1586, 1612, -1,
                        1535, 1612, 1613, -1,
                        1535, 1613, 1614, -1,
                        1535, 1614, 1615, -1,
                        1535, 1615, 1536, -1,
                        1536, 1615, 1616, -1,
                        1536, 1616, 1537, -1,
                        1537, 1616, 1604, -1,
                        1538, 1617, 1539, -1,
                        1538, 1540, 1618, -1,
                        1538, 1618, 1617, -1,
                        1539, 1617, 1619, -1,
                        1539, 1619, 1620, -1,
                        1539, 1620, 1541, -1,
                        1540, 1542, 1603, -1,
                        1540, 1603, 1618, -1,
                        1541, 1620, 1544, -1,
                        1542, 1543, 1603, -1,
                        1544, 1621, 1622, -1,
                        1544, 1622, 1545, -1,
                        1544, 1620, 1621, -1,
                        1545, 1622, 1546, -1,
                        1546, 1623, 1624, -1,
                        1546, 1624, 1547, -1,
                        1546, 1622, 1623, -1,
                        1547, 1624, 1625, -1,
                        1547, 1625, 1558, -1,
                        1547, 1558, 1548, -1,
                        1548, 1558, 1549, -1,
                        1550, 1626, 1627, -1,
                        1550, 1627, 1551, -1,
                        1550, 1552, 1626, -1,
                        1551, 1627, 1559, -1,
                        1552, 1555, 1628, -1,
                        1552, 1628, 1626, -1,
                        1553, 1554, 1629, -1,
                        1553, 1629, 1630, -1,
                        1553, 1630, 1555, -1,
                        1554, 1557, 1631, -1,
                        1554, 1631, 1629, -1,
                        1555, 1630, 1632, -1,
                        1555, 1632, 1628, -1,
                        1556, 1558, 1625, -1,
                        1556, 1625, 1557, -1,
                        1557, 1625, 1631, -1,
                        1559, 1627, 1633, -1,
                        1560, 1562, 1634, -1,
                        1560, 1634, 1635, -1,
                        1560, 1635, 1563, -1,
                        1561, 1636, 1562, -1,
                        1562, 1637, 1634, -1,
                        1562, 1636, 1637, -1,
                        1563, 1566, 1564, -1,
                        1563, 1635, 1638, -1,
                        1563, 1638, 1566, -1,
                        1565, 1567, 1571, -1,
                        1566, 1638, 1567, -1,
                        1567, 1572, 1571, -1,
                        1567, 1638, 1639, -1,
                        1567, 1639, 1572, -1,
                        1568, 1578, 1576, -1,
                        1568, 1576, 1569, -1,
                        1569, 1581, 1580, -1,
                        1569, 1579, 1570, -1,
                        1569, 1576, 1640, -1,
                        1569, 1640, 1641, -1,
                        1569, 1641, 1642, -1,
                        1569, 1642, 1581, -1,
                        1572, 1639, 1573, -1,
                        1573, 1639, 1643, -1,
                        1573, 1643, 1574, -1,
                        1574, 1640, 1575, -1,
                        1574, 1643, 1644, -1,
                        1574, 1644, 1645, -1,
                        1574, 1645, 1646, -1,
                        1574, 1646, 1647, -1,
                        1574, 1647, 1640, -1,
                        1575, 1640, 1576, -1,
                        1576, 1578, 1577, -1,
                        1581, 1642, 1648, -1,
                        1581, 1648, 1582, -1,
                        1582, 1648, 1649, -1,
                        1582, 1649, 1650, -1,
                        1582, 1650, 1583, -1,
                        1583, 1650, 1651, -1,
                        1583, 1651, 1584, -1,
                        1584, 1651, 1652, -1,
                        1584, 1652, 1586, -1,
                        1584, 1586, 1585, -1,
                        1586, 1652, 1613, -1,
                        1586, 1613, 1612, -1,
                        1588, 1589, 1593, -1,
                        1588, 1593, 1653, -1,
                        1588, 1653, 1601, -1,
                        1590, 1654, 1591, -1,
                        1590, 1594, 1655, -1,
                        1590, 1655, 1654, -1,
                        1591, 1654, 1592, -1,
                        1592, 1654, 1656, -1,
                        1592, 1656, 1657, -1,
                        1592, 1657, 1658, -1,
                        1592, 1658, 1593, -1,
                        1593, 1658, 1653, -1,
                        1594, 1598, 1655, -1,
                        1595, 1659, 1596, -1,
                        1596, 1659, 1660, -1,
                        1596, 1660, 1661, -1,
                        1596, 1661, 1597, -1,
                        1597, 1661, 1598, -1,
                        1598, 1661, 1662, -1,
                        1598, 1662, 1655, -1,
                        1599, 1663, 1664, -1,
                        1599, 1664, 1600, -1,
                        1599, 1601, 1665, -1,
                        1599, 1665, 1666, -1,
                        1599, 1666, 1667, -1,
                        1599, 1667, 1663, -1,
                        1600, 1664, 1668, -1,
                        1600, 1668, 1602, -1,
                        1601, 1653, 1665, -1,
                        1602, 1668, 1669, -1,
                        1602, 1669, 1603, -1,
                        1603, 1669, 1618, -1,
                        1604, 1616, 1670, -1,
                        1604, 1670, 1671, -1,
                        1604, 1671, 1605, -1,
                        1605, 1671, 1606, -1,
                        1606, 1671, 1672, -1,
                        1606, 1672, 1673, -1,
                        1606, 1673, 1607, -1,
                        1607, 1673, 1674, -1,
                        1607, 1674, 1608, -1,
                        1608, 1674, 1609, -1,
                        1609, 1674, 1739, -1,
                        1609, 1739, 1675, -1,
                        1609, 1675, 1610, -1,
                        1610, 1675, 1676, -1,
                        1610, 1676, 1677, -1,
                        1610, 1677, 1611, -1,
                        1611, 1677, 1725, -1,
                        1611, 1725, 1659, -1,
                        1613, 1678, 1679, -1,
                        1613, 1679, 1614, -1,
                        1613, 1652, 1678, -1,
                        1614, 1679, 1615, -1,
                        1615, 1679, 1680, -1,
                        1615, 1680, 1681, -1,
                        1615, 1681, 1616, -1,
                        1616, 1681, 1682, -1,
                        1616, 1682, 1670, -1,
                        1617, 1683, 1619, -1,
                        1617, 1618, 1684, -1,
                        1617, 1684, 1683, -1,
                        1618, 1685, 1684, -1,
                        1618, 1669, 1685, -1,
                        1619, 1683, 1686, -1,
                        1619, 1686, 1620, -1,
                        1620, 1686, 1687, -1,
                        1620, 1687, 1621, -1,
                        1621, 1688, 1689, -1,
                        1621, 1689, 1622, -1,
                        1621, 1687, 1688, -1,
                        1622, 1689, 1623, -1,
                        1623, 1690, 1624, -1,
                        1623, 1689, 1691, -1,
                        1623, 1691, 1690, -1,
                        1624, 1690, 1692, -1,
                        1624, 1692, 1625, -1,
                        1625, 1692, 1631, -1,
                        1626, 1693, 1694, -1,
                        1626, 1694, 1627, -1,
                        1626, 1628, 1695, -1,
                        1626, 1695, 1696, -1,
                        1626, 1696, 1693, -1,
                        1627, 1694, 1633, -1,
                        1628, 1632, 1695, -1,
                        1629, 1697, 1630, -1,
                        1629, 1631, 1698, -1,
                        1629, 1698, 1697, -1,
                        1630, 1697, 1699, -1,
                        1630, 1699, 1632, -1,
                        1631, 1692, 1698, -1,
                        1632, 1699, 1700, -1,
                        1632, 1700, 1695, -1,
                        1633, 1694, 1701, -1,
                        1634, 1702, 1635, -1,
                        1634, 1637, 1703, -1,
                        1634, 1703, 1702, -1,
                        1635, 1702, 1704, -1,
                        1635, 1704, 1638, -1,
                        1636, 1705, 1706, -1,
                        1636, 1706, 1637, -1,
                        1637, 1706, 1703, -1,
                        1638, 1704, 1639, -1,
                        1639, 1704, 1644, -1,
                        1639, 1644, 1643, -1,
                        1640, 1647, 1707, -1,
                        1640, 1707, 1708, -1,
                        1640, 1708, 1641, -1,
                        1641, 1648, 1642, -1,
                        1641, 1708, 1709, -1,
                        1641, 1709, 1648, -1,
                        1644, 1710, 1645, -1,
                        1644, 1704, 1711, -1,
                        1644, 1711, 1712, -1,
                        1644, 1712, 1710, -1,
                        1645, 1710, 1713, -1,
                        1645, 1713, 1646, -1,
                        1646, 1714, 1707, -1,
                        1646, 1707, 1647, -1,
                        1646, 1713, 1715, -1,
                        1646, 1715, 1716, -1,
                        1646, 1716, 1714, -1,
                        1648, 1709, 1717, -1,
                        1648, 1717, 1718, -1,
                        1648, 1718, 1649, -1,
                        1649, 1718, 1719, -1,
                        1649, 1719, 1650, -1,
                        1650, 1719, 1720, -1,
                        1650, 1720, 1651, -1,
                        1651, 1720, 1678, -1,
                        1651, 1678, 1652, -1,
                        1653, 1658, 1666, -1,
                        1653, 1666, 1665, -1,
                        1654, 1655, 1721, -1,
                        1654, 1721, 1722, -1,
                        1654, 1722, 1656, -1,
                        1655, 1662, 1721, -1,
                        1656, 1723, 1657, -1,
                        1656, 1722, 1723, -1,
                        1657, 1724, 1666, -1,
                        1657, 1666, 1658, -1,
                        1657, 1723, 1724, -1,
                        1659, 1725, 1726, -1,
                        1659, 1726, 1660, -1,
                        1660, 1726, 1661, -1,
                        1661, 1726, 1727, -1,
                        1661, 1727, 1728, -1,
                        1661, 1728, 1662, -1,
                        1662, 1728, 1721, -1,
                        1663, 1729, 1730, -1,
                        1663, 1730, 1664, -1,
                        1663, 1667, 1731, -1,
                        1663, 1731, 1732, -1,
                        1663, 1732, 1729, -1,
                        1664, 1730, 1733, -1,
                        1664, 1733, 1668, -1,
                        1666, 1731, 1667, -1,
                        1666, 1724, 1790, -1,
                        1666, 1790, 1731, -1,
                        1668, 1733, 1734, -1,
                        1668, 1734, 1669, -1,
                        1669, 1734, 1685, -1,
                        1670, 1682, 1735, -1,
                        1670, 1735, 1736, -1,
                        1670, 1736, 1671, -1,
                        1671, 1736, 1672, -1,
                        1672, 1736, 1737, -1,
                        1672, 1737, 1738, -1,
                        1672, 1738, 1673, -1,
                        1673, 1738, 1739, -1,
                        1673, 1739, 1674, -1,
                        1675, 1740, 1741, -1,
                        1675, 1741, 1676, -1,
                        1675, 1739, 1740, -1,
                        1676, 1741, 1742, -1,
                        1676, 1742, 1677, -1,
                        1677, 1742, 1791, -1,
                        1677, 1791, 1725, -1,
                        1678, 1720, 1743, -1,
                        1678, 1743, 1679, -1,
                        1679, 1743, 1744, -1,
                        1679, 1744, 1680, -1,
                        1680, 1744, 1681, -1,
                        1681, 1744, 1745, -1,
                        1681, 1745, 1746, -1,
                        1681, 1746, 1747, -1,
                        1681, 1747, 1682, -1,
                        1682, 1747, 1735, -1,
                        1683, 1748, 1686, -1,
                        1683, 1684, 1749, -1,
                        1683, 1749, 1748, -1,
                        1684, 1685, 1750, -1,
                        1684, 1750, 1749, -1,
                        1685, 1734, 1750, -1,
                        1686, 1748, 1751, -1,
                        1686, 1751, 1687, -1,
                        1687, 1751, 1752, -1,
                        1687, 1752, 1688, -1,
                        1688, 1753, 1689, -1,
                        1688, 1752, 1754, -1,
                        1688, 1754, 1753, -1,
                        1689, 1753, 1691, -1,
                        1690, 1691, 1755, -1,
                        1690, 1755, 1756, -1,
                        1690, 1756, 1757, -1,
                        1690, 1757, 1692, -1,
                        1691, 1753, 1755, -1,
                        1692, 1757, 1698, -1,
                        1693, 1696, 1758, -1,
                        1693, 1758, 1759, -1,
                        1693, 1759, 1760, -1,
                        1693, 1760, 1761, -1,
                        1693, 1761, 1701, -1,
                        1693, 1701, 1694, -1,
                        1695, 1762, 1696, -1,
                        1695, 1700, 1762, -1,
                        1696, 1762, 1758, -1,
                        1697, 1698, 1763, -1,
                        1697, 1763, 1764, -1,
                        1697, 1764, 1765, -1,
                        1697, 1765, 1699, -1,
                        1698, 1757, 1763, -1,
                        1699, 1765, 1766, -1,
                        1699, 1766, 1767, -1,
                        1699, 1767, 1768, -1,
                        1699, 1768, 1700, -1,
                        1700, 1768, 1762, -1,
                        1702, 1703, 1769, -1,
                        1702, 1769, 1711, -1,
                        1702, 1711, 1704, -1,
                        1703, 1706, 1770, -1,
                        1703, 1770, 1771, -1,
                        1703, 1771, 1769, -1,
                        1705, 1772, 1770, -1,
                        1705, 1770, 1706, -1,
                        1707, 1714, 1716, -1,
                        1707, 1716, 1708, -1,
                        1708, 1773, 1717, -1,
                        1708, 1717, 1709, -1,
                        1708, 1716, 1774, -1,
                        1708, 1774, 1775, -1,
                        1708, 1775, 1773, -1,
                        1710, 1712, 1713, -1,
                        1711, 1769, 1776, -1,
                        1711, 1776, 1712, -1,
                        1712, 1776, 1777, -1,
                        1712, 1777, 1778, -1,
                        1712, 1778, 1779, -1,
                        1712, 1779, 1713, -1,
                        1713, 1779, 1715, -1,
                        1715, 1779, 1778, -1,
                        1715, 1778, 1780, -1,
                        1715, 1780, 1781, -1,
                        1715, 1781, 1782, -1,
                        1715, 1782, 1774, -1,
                        1715, 1774, 1716, -1,
                        1717, 1773, 1783, -1,
                        1717, 1783, 1718, -1,
                        1718, 1783, 1784, -1,
                        1718, 1784, 1719, -1,
                        1719, 1784, 1785, -1,
                        1719, 1785, 1720, -1,
                        1720, 1785, 1743, -1,
                        1721, 1728, 1786, -1,
                        1721, 1786, 1722, -1,
                        1722, 1786, 1787, -1,
                        1722, 1787, 1788, -1,
                        1722, 1788, 1723, -1,
                        1723, 1788, 1789, -1,
                        1723, 1789, 1724, -1,
                        1724, 1789, 1790, -1,
                        1725, 1791, 1726, -1,
                        1726, 1791, 1727, -1,
                        1727, 1791, 1728, -1,
                        1728, 1791, 1792, -1,
                        1728, 1792, 1793, -1,
                        1728, 1793, 1786, -1,
                        1729, 1794, 1795, -1,
                        1729, 1795, 1730, -1,
                        1729, 1732, 1796, -1,
                        1729, 1796, 1797, -1,
                        1729, 1797, 1794, -1,
                        1730, 1795, 1798, -1,
                        1730, 1798, 1799, -1,
                        1730, 1799, 1733, -1,
                        1731, 1790, 1732, -1,
                        1732, 1790, 1796, -1,
                        1733, 1799, 1734, -1,
                        1734, 1799, 1750, -1,
                        1735, 1800, 1801, -1,
                        1735, 1801, 1736, -1,
                        1735, 1747, 1800, -1,
                        1736, 1801, 1737, -1,
                        1737, 1802, 1738, -1,
                        1737, 1801, 1880, -1,
                        1737, 1880, 1802, -1,
                        1738, 1802, 1803, -1,
                        1738, 1803, 1739, -1,
                        1739, 1803, 1740, -1,
                        1740, 1804, 1805, -1,
                        1740, 1805, 1741, -1,
                        1740, 1803, 1804, -1,
                        1741, 1805, 1806, -1,
                        1741, 1806, 1742, -1,
                        1742, 1806, 1791, -1,
                        1743, 1785, 1807, -1,
                        1743, 1807, 1744, -1,
                        1744, 1807, 1808, -1,
                        1744, 1808, 1745, -1,
                        1745, 1808, 1746, -1,
                        1746, 1808, 1809, -1,
                        1746, 1809, 1810, -1,
                        1746, 1810, 1811, -1,
                        1746, 1811, 1747, -1,
                        1747, 1811, 1800, -1,
                        1748, 1812, 1751, -1,
                        1748, 1749, 1813, -1,
                        1748, 1813, 1812, -1,
                        1749, 1750, 1814, -1,
                        1749, 1814, 1813, -1,
                        1750, 1799, 1814, -1,
                        1751, 1812, 1815, -1,
                        1751, 1815, 1752, -1,
                        1752, 1816, 1817, -1,
                        1752, 1817, 1754, -1,
                        1752, 1815, 1816, -1,
                        1753, 1754, 1818, -1,
                        1753, 1818, 1819, -1,
                        1753, 1819, 1820, -1,
                        1753, 1820, 1755, -1,
                        1754, 1817, 1816, -1,
                        1754, 1816, 1818, -1,
                        1755, 1820, 1821, -1,
                        1755, 1821, 1822, -1,
                        1755, 1822, 1823, -1,
                        1755, 1823, 1824, -1,
                        1755, 1824, 1756, -1,
                        1756, 1824, 1757, -1,
                        1757, 1825, 1763, -1,
                        1757, 1824, 1825, -1,
                        1758, 1826, 1759, -1,
                        1758, 1762, 1826, -1,
                        1759, 1826, 1827, -1,
                        1759, 1827, 1828, -1,
                        1759, 1828, 1829, -1,
                        1759, 1829, 1760, -1,
                        1760, 1829, 1830, -1,
                        1760, 1830, 1831, -1,
                        1760, 1831, 1761, -1,
                        1762, 1832, 1826, -1,
                        1762, 1768, 1832, -1,
                        1763, 1825, 1833, -1,
                        1763, 1833, 1834, -1,
                        1763, 1834, 1835, -1,
                        1763, 1835, 1836, -1,
                        1763, 1836, 1764, -1,
                        1764, 1836, 1837, -1,
                        1764, 1837, 1766, -1,
                        1764, 1766, 1765, -1,
                        1766, 1837, 1836, -1,
                        1766, 1836, 1838, -1,
                        1766, 1838, 1767, -1,
                        1767, 1838, 1839, -1,
                        1767, 1839, 1832, -1,
                        1767, 1832, 1768, -1,
                        1769, 1771, 1840, -1,
                        1769, 1840, 1776, -1,
                        1770, 1772, 1841, -1,
                        1770, 1841, 1842, -1,
                        1770, 1842, 1843, -1,
                        1770, 1843, 1771, -1,
                        1771, 1843, 1844, -1,
                        1771, 1844, 1840, -1,
                        1772, 1845, 1842, -1,
                        1772, 1842, 1841, -1,
                        1773, 1846, 1783, -1,
                        1773, 1775, 1846, -1,
                        1774, 1782, 1775, -1,
                        1775, 1782, 1847, -1,
                        1775, 1847, 1848, -1,
                        1775, 1848, 1849, -1,
                        1775, 1849, 1846, -1,
                        1776, 1840, 1777, -1,
                        1777, 1780, 1778, -1,
                        1777, 1840, 1850, -1,
                        1777, 1850, 1851, -1,
                        1777, 1851, 1852, -1,
                        1777, 1852, 1853, -1,
                        1777, 1853, 1780, -1,
                        1780, 1853, 1781, -1,
                        1781, 1854, 1782, -1,
                        1781, 1853, 1852, -1,
                        1781, 1852, 1855, -1,
                        1781, 1855, 1856, -1,
                        1781, 1856, 1854, -1,
                        1782, 1854, 1847, -1,
                        1783, 1846, 1849, -1,
                        1783, 1849, 1848, -1,
                        1783, 1848, 1857, -1,
                        1783, 1857, 1858, -1,
                        1783, 1858, 1859, -1,
                        1783, 1859, 1860, -1,
                        1783, 1860, 1861, -1,
                        1783, 1861, 1784, -1,
                        1784, 1861, 1785, -1,
                        1785, 1861, 1807, -1,
                        1786, 1793, 1862, -1,
                        1786, 1862, 1787, -1,
                        1787, 1862, 1863, -1,
                        1787, 1863, 1864, -1,
                        1787, 1864, 1788, -1,
                        1788, 1864, 1865, -1,
                        1788, 1865, 1789, -1,
                        1789, 1866, 1790, -1,
                        1789, 1865, 1866, -1,
                        1790, 1866, 1796, -1,
                        1791, 1806, 1867, -1,
                        1791, 1867, 1792, -1,
                        1792, 1868, 1793, -1,
                        1792, 1867, 1868, -1,
                        1793, 1868, 1869, -1,
                        1793, 1869, 1862, -1,
                        1794, 1870, 1871, -1,
                        1794, 1871, 1795, -1,
                        1794, 1797, 1872, -1,
                        1794, 1872, 1873, -1,
                        1794, 1873, 1874, -1,
                        1794, 1874, 1870, -1,
                        1795, 1871, 1875, -1,
                        1795, 1875, 1798, -1,
                        1796, 1866, 1876, -1,
                        1796, 1876, 1797, -1,
                        1797, 1876, 1872, -1,
                        1798, 1875, 1799, -1,
                        1799, 1875, 1877, -1,
                        1799, 1877, 1814, -1,
                        1800, 1811, 1878, -1,
                        1800, 1878, 1879, -1,
                        1800, 1879, 1880, -1,
                        1800, 1880, 1801, -1,
                        1802, 1880, 1881, -1,
                        1802, 1881, 1882, -1,
                        1802, 1882, 1803, -1,
                        1803, 1882, 1804, -1,
                        1804, 1883, 1884, -1,
                        1804, 1884, 1805, -1,
                        1804, 1882, 1883, -1,
                        1805, 1884, 1885, -1,
                        1805, 1885, 1886, -1,
                        1805, 1886, 1806, -1,
                        1806, 1886, 1867, -1,
                        1807, 1861, 1808, -1,
                        1808, 1861, 1887, -1,
                        1808, 1887, 1888, -1,
                        1808, 1888, 1889, -1,
                        1808, 1889, 1809, -1,
                        1809, 1889, 1810, -1,
                        1810, 1889, 1890, -1,
                        1810, 1890, 1811, -1,
                        1811, 1890, 1878, -1,
                        1812, 1813, 1891, -1,
                        1812, 1891, 1892, -1,
                        1812, 1892, 1815, -1,
                        1813, 1814, 1877, -1,
                        1813, 1877, 1891, -1,
                        1815, 1893, 1816, -1,
                        1815, 1892, 1893, -1,
                        1816, 1893, 1894, -1,
                        1816, 1894, 1819, -1,
                        1816, 1819, 1818, -1,
                        1819, 1895, 1820, -1,
                        1819, 1894, 1895, -1,
                        1820, 1895, 1821, -1,
                        1821, 1895, 1896, -1,
                        1821, 1896, 1822, -1,
                        1822, 1897, 1823, -1,
                        1822, 1896, 1898, -1,
                        1822, 1898, 1897, -1,
                        1823, 1899, 1824, -1,
                        1823, 1897, 1900, -1,
                        1823, 1900, 1899, -1,
                        1824, 1833, 1825, -1,
                        1824, 1899, 1833, -1,
                        1826, 1832, 1827, -1,
                        1827, 1901, 1902, -1,
                        1827, 1902, 1903, -1,
                        1827, 1903, 1828, -1,
                        1827, 1832, 1839, -1,
                        1827, 1839, 1901, -1,
                        1828, 1903, 1829, -1,
                        1829, 1904, 1905, -1,
                        1829, 1905, 1830, -1,
                        1829, 1903, 1904, -1,
                        1830, 1905, 1906, -1,
                        1830, 1906, 1907, -1,
                        1830, 1907, 1831, -1,
                        1833, 1899, 1834, -1,
                        1834, 1899, 1908, -1,
                        1834, 1908, 1835, -1,
                        1835, 1909, 1836, -1,
                        1835, 1908, 1991, -1,
                        1835, 1991, 1909, -1,
                        1836, 1909, 1910, -1,
                        1836, 1910, 1911, -1,
                        1836, 1911, 1838, -1,
                        1838, 1911, 1912, -1,
                        1838, 1912, 1913, -1,
                        1838, 1913, 1914, -1,
                        1838, 1914, 1915, -1,
                        1838, 1915, 1839, -1,
                        1839, 1915, 1916, -1,
                        1839, 1916, 1901, -1,
                        1840, 1844, 1850, -1,
                        1842, 1845, 1917, -1,
                        1842, 1917, 1918, -1,
                        1842, 1918, 1919, -1,
                        1842, 1919, 1843, -1,
                        1843, 1919, 1920, -1,
                        1843, 1920, 1921, -1,
                        1843, 1921, 1844, -1,
                        1844, 1921, 1850, -1,
                        1845, 1922, 1917, -1,
                        1847, 1857, 1848, -1,
                        1847, 1854, 1923, -1,
                        1847, 1923, 1924, -1,
                        1847, 1924, 1857, -1,
                        1850, 1921, 1925, -1,
                        1850, 1925, 1851, -1,
                        1851, 1925, 1926, -1,
                        1851, 1926, 1927, -1,
                        1851, 1927, 1855, -1,
                        1851, 1855, 1852, -1,
                        1854, 1856, 1928, -1,
                        1854, 1928, 1923, -1,
                        1855, 1927, 1856, -1,
                        1856, 1927, 1926, -1,
                        1856, 1926, 1929, -1,
                        1856, 1929, 1930, -1,
                        1856, 1930, 1931, -1,
                        1856, 1931, 1928, -1,
                        1857, 1859, 1858, -1,
                        1857, 1924, 1932, -1,
                        1857, 1932, 1859, -1,
                        1859, 1932, 1933, -1,
                        1859, 1933, 1934, -1,
                        1859, 1934, 1935, -1,
                        1859, 1935, 1936, -1,
                        1859, 1936, 1861, -1,
                        1859, 1861, 1860, -1,
                        1861, 1936, 1887, -1,
                        1862, 1869, 1937, -1,
                        1862, 1937, 1863, -1,
                        1863, 1937, 1938, -1,
                        1863, 1938, 1939, -1,
                        1863, 1939, 1864, -1,
                        1864, 1939, 1940, -1,
                        1864, 1940, 1865, -1,
                        1865, 1940, 1941, -1,
                        1865, 1941, 1866, -1,
                        1866, 1941, 1876, -1,
                        1867, 1886, 1942, -1,
                        1867, 1942, 1943, -1,
                        1867, 1943, 1868, -1,
                        1868, 1943, 1869, -1,
                        1869, 1943, 1944, -1,
                        1869, 1944, 1937, -1,
                        1870, 1945, 1871, -1,
                        1870, 1874, 1946, -1,
                        1870, 1946, 1945, -1,
                        1871, 1945, 1947, -1,
                        1871, 1947, 1948, -1,
                        1871, 1948, 1875, -1,
                        1872, 1876, 1949, -1,
                        1872, 1949, 1873, -1,
                        1873, 1949, 1950, -1,
                        1873, 1950, 1951, -1,
                        1873, 1951, 1874, -1,
                        1874, 1951, 1952, -1,
                        1874, 1952, 1946, -1,
                        1875, 1948, 1953, -1,
                        1875, 1953, 1877, -1,
                        1876, 1941, 1949, -1,
                        1877, 1953, 1891, -1,
                        1878, 1890, 1954, -1,
                        1878, 1954, 1879, -1,
                        1879, 1954, 1955, -1,
                        1879, 1955, 1880, -1,
                        1880, 1956, 1881, -1,
                        1880, 1955, 1956, -1,
                        1881, 1956, 1957, -1,
                        1881, 1957, 1958, -1,
                        1881, 1958, 1882, -1,
                        1882, 1958, 1883, -1,
                        1883, 1959, 1884, -1,
                        1883, 1958, 1959, -1,
                        1884, 1959, 1960, -1,
                        1884, 1960, 1961, -1,
                        1884, 1961, 1885, -1,
                        1885, 1961, 1886, -1,
                        1886, 1961, 1962, -1,
                        1886, 1962, 1963, -1,
                        1886, 1963, 1942, -1,
                        1887, 1936, 1888, -1,
                        1888, 1936, 1964, -1,
                        1888, 1964, 1889, -1,
                        1889, 1964, 1965, -1,
                        1889, 1965, 1954, -1,
                        1889, 1954, 1890, -1,
                        1891, 1966, 1967, -1,
                        1891, 1967, 1892, -1,
                        1891, 1953, 1966, -1,
                        1892, 1967, 1968, -1,
                        1892, 1968, 1893, -1,
                        1893, 1968, 1894, -1,
                        1894, 1968, 1969, -1,
                        1894, 1969, 1970, -1,
                        1894, 1970, 1895, -1,
                        1895, 1970, 1896, -1,
                        1896, 1970, 1971, -1,
                        1896, 1971, 1972, -1,
                        1896, 1972, 1898, -1,
                        1897, 1973, 1900, -1,
                        1897, 1898, 1974, -1,
                        1897, 1974, 1973, -1,
                        1898, 1972, 1975, -1,
                        1898, 1975, 1974, -1,
                        1899, 1900, 1976, -1,
                        1899, 1976, 1908, -1,
                        1900, 1977, 1978, -1,
                        1900, 1978, 1908, -1,
                        1900, 1908, 1976, -1,
                        1900, 1973, 1979, -1,
                        1900, 1979, 1980, -1,
                        1900, 1980, 1977, -1,
                        1901, 1916, 1981, -1,
                        1901, 1981, 1902, -1,
                        1902, 1981, 1982, -1,
                        1902, 1982, 1983, -1,
                        1902, 1983, 1904, -1,
                        1902, 1904, 1903, -1,
                        1904, 1983, 1905, -1,
                        1905, 1983, 1984, -1,
                        1905, 1984, 1906, -1,
                        1906, 1984, 1985, -1,
                        1906, 1985, 1986, -1,
                        1906, 1986, 1987, -1,
                        1906, 1987, 1907, -1,
                        1907, 1987, 1988, -1,
                        1908, 1978, 1989, -1,
                        1908, 1989, 1990, -1,
                        1908, 1990, 1993, -1,
                        1908, 1993, 1991, -1,
                        1909, 1991, 1910, -1,
                        1910, 1991, 1992, -1,
                        1910, 1992, 1911, -1,
                        1911, 1992, 1912, -1,
                        1912, 1992, 1991, -1,
                        1912, 1991, 1993, -1,
                        1912, 1993, 1994, -1,
                        1912, 1994, 1995, -1,
                        1912, 1995, 1996, -1,
                        1912, 1996, 1913, -1,
                        1913, 1996, 1997, -1,
                        1913, 1997, 1998, -1,
                        1913, 1998, 1916, -1,
                        1913, 1916, 1914, -1,
                        1914, 1916, 1915, -1,
                        1916, 1998, 1981, -1,
                        1917, 1922, 1918, -1,
                        1918, 1999, 2000, -1,
                        1918, 2000, 2001, -1,
                        1918, 2001, 1919, -1,
                        1918, 1922, 1999, -1,
                        1919, 2002, 1920, -1,
                        1919, 2001, 2002, -1,
                        1920, 2002, 1925, -1,
                        1920, 1925, 1921, -1,
                        1922, 2003, 1999, -1,
                        1923, 1928, 1931, -1,
                        1923, 1931, 1930, -1,
                        1923, 1930, 2004, -1,
                        1923, 2004, 2005, -1,
                        1923, 2005, 1924, -1,
                        1924, 2005, 2006, -1,
                        1924, 2006, 1933, -1,
                        1924, 1933, 1932, -1,
                        1925, 2002, 2007, -1,
                        1925, 2007, 1926, -1,
                        1926, 2007, 1929, -1,
                        1929, 2007, 2008, -1,
                        1929, 2008, 1930, -1,
                        1930, 2008, 2009, -1,
                        1930, 2009, 2004, -1,
                        1933, 2006, 2010, -1,
                        1933, 2010, 1935, -1,
                        1933, 1935, 1934, -1,
                        1935, 1965, 1964, -1,
                        1935, 1964, 1936, -1,
                        1935, 2010, 2011, -1,
                        1935, 2011, 1965, -1,
                        1937, 1944, 2012, -1,
                        1937, 2012, 1938, -1,
                        1938, 2012, 2013, -1,
                        1938, 2013, 2014, -1,
                        1938, 2014, 1939, -1,
                        1939, 2014, 2015, -1,
                        1939, 2015, 1940, -1,
                        1940, 2015, 1950, -1,
                        1940, 1950, 1949, -1,
                        1940, 1949, 1941, -1,
                        1942, 1963, 2016, -1,
                        1942, 2016, 1943, -1,
                        1943, 2016, 2017, -1,
                        1943, 2017, 1944, -1,
                        1944, 2017, 2012, -1,
                        1945, 2018, 2019, -1,
                        1945, 2019, 2020, -1,
                        1945, 2020, 1947, -1,
                        1945, 1946, 2018, -1,
                        1946, 1952, 2021, -1,
                        1946, 2021, 2022, -1,
                        1946, 2022, 2019, -1,
                        1946, 2019, 2018, -1,
                        1947, 2020, 2023, -1,
                        1947, 2023, 1948, -1,
                        1948, 2023, 2024, -1,
                        1948, 2024, 1953, -1,
                        1950, 2025, 1951, -1,
                        1950, 2015, 2025, -1,
                        1951, 2025, 1952, -1,
                        1952, 2025, 2026, -1,
                        1952, 2026, 2021, -1,
                        1953, 2027, 2028, -1,
                        1953, 2028, 1966, -1,
                        1953, 2024, 2027, -1,
                        1954, 2011, 2029, -1,
                        1954, 2029, 1955, -1,
                        1954, 1965, 2011, -1,
                        1955, 2029, 1956, -1,
                        1956, 2029, 1957, -1,
                        1957, 2029, 2030, -1,
                        1957, 2030, 1958, -1,
                        1958, 2030, 2031, -1,
                        1958, 2031, 1959, -1,
                        1959, 2032, 2033, -1,
                        1959, 2033, 1960, -1,
                        1959, 2031, 2032, -1,
                        1960, 2033, 2034, -1,
                        1960, 2034, 1961, -1,
                        1961, 2034, 2035, -1,
                        1961, 2035, 1962, -1,
                        1962, 2035, 2036, -1,
                        1962, 2036, 1963, -1,
                        1963, 2036, 2016, -1,
                        1966, 2037, 1967, -1,
                        1966, 2028, 2037, -1,
                        1967, 2038, 1969, -1,
                        1967, 1969, 1968, -1,
                        1967, 2037, 2038, -1,
                        1969, 2038, 1970, -1,
                        1970, 2038, 1971, -1,
                        1971, 2038, 1972, -1,
                        1972, 2038, 1975, -1,
                        1973, 1974, 1979, -1,
                        1974, 1975, 1979, -1,
                        1975, 2039, 1979, -1,
                        1975, 2038, 2040, -1,
                        1975, 2040, 2041, -1,
                        1975, 2041, 2039, -1,
                        1977, 1980, 1989, -1,
                        1977, 1989, 1978, -1,
                        1979, 2039, 2042, -1,
                        1979, 2042, 1980, -1,
                        1980, 2043, 2044, -1,
                        1980, 2044, 1989, -1,
                        1980, 2042, 2045, -1,
                        1980, 2045, 2043, -1,
                        1981, 1998, 1997, -1,
                        1981, 1997, 2046, -1,
                        1981, 2046, 2047, -1,
                        1981, 2047, 1982, -1,
                        1982, 2047, 2048, -1,
                        1982, 2048, 2049, -1,
                        1982, 2049, 1984, -1,
                        1982, 1984, 1983, -1,
                        1984, 2049, 1985, -1,
                        1985, 2049, 2050, -1,
                        1985, 2050, 1986, -1,
                        1986, 2050, 2051, -1,
                        1986, 2051, 2052, -1,
                        1986, 2052, 2053, -1,
                        1986, 2053, 2054, -1,
                        1986, 2054, 1987, -1,
                        1987, 2054, 1988, -1,
                        1988, 2054, 2055, -1,
                        1989, 2044, 1990, -1,
                        1990, 2044, 2056, -1,
                        1990, 2056, 1993, -1,
                        1993, 2056, 2057, -1,
                        1993, 2057, 1994, -1,
                        1994, 2057, 1995, -1,
                        1995, 2058, 2059, -1,
                        1995, 2059, 2060, -1,
                        1995, 2060, 2061, -1,
                        1995, 2061, 2062, -1,
                        1995, 2062, 2047, -1,
                        1995, 2047, 2063, -1,
                        1995, 2063, 1996, -1,
                        1995, 2057, 2056, -1,
                        1995, 2056, 2058, -1,
                        1996, 2063, 2064, -1,
                        1996, 2064, 2046, -1,
                        1996, 2046, 1997, -1,
                        1999, 2065, 2066, -1,
                        1999, 2066, 2000, -1,
                        1999, 2003, 2067, -1,
                        1999, 2067, 2065, -1,
                        2000, 2068, 2001, -1,
                        2000, 2066, 2069, -1,
                        2000, 2069, 2068, -1,
                        2001, 2007, 2002, -1,
                        2001, 2068, 2007, -1,
                        2004, 2070, 2006, -1,
                        2004, 2006, 2005, -1,
                        2004, 2009, 2071, -1,
                        2004, 2071, 2070, -1,
                        2006, 2070, 2072, -1,
                        2006, 2072, 2010, -1,
                        2007, 2068, 2008, -1,
                        2008, 2068, 2073, -1,
                        2008, 2073, 2009, -1,
                        2009, 2073, 2074, -1,
                        2009, 2074, 2071, -1,
                        2010, 2072, 2011, -1,
                        2011, 2072, 2029, -1,
                        2012, 2017, 2075, -1,
                        2012, 2075, 2076, -1,
                        2012, 2076, 2013, -1,
                        2013, 2076, 2077, -1,
                        2013, 2077, 2014, -1,
                        2014, 2077, 2078, -1,
                        2014, 2078, 2015, -1,
                        2015, 2078, 2079, -1,
                        2015, 2079, 2025, -1,
                        2016, 2036, 2080, -1,
                        2016, 2080, 2081, -1,
                        2016, 2081, 2017, -1,
                        2017, 2081, 2075, -1,
                        2019, 2082, 2083, -1,
                        2019, 2083, 2084, -1,
                        2019, 2084, 2085, -1,
                        2019, 2085, 2086, -1,
                        2019, 2086, 2087, -1,
                        2019, 2087, 2023, -1,
                        2019, 2023, 2020, -1,
                        2019, 2022, 2082, -1,
                        2021, 2026, 2088, -1,
                        2021, 2088, 2022, -1,
                        2022, 2088, 2089, -1,
                        2022, 2089, 2090, -1,
                        2022, 2090, 2082, -1,
                        2023, 2087, 2024, -1,
                        2024, 2087, 2027, -1,
                        2025, 2079, 2088, -1,
                        2025, 2088, 2026, -1,
                        2027, 2091, 2092, -1,
                        2027, 2092, 2093, -1,
                        2027, 2093, 2028, -1,
                        2027, 2087, 2086, -1,
                        2027, 2086, 2094, -1,
                        2027, 2094, 2091, -1,
                        2028, 2093, 2037, -1,
                        2029, 2072, 2030, -1,
                        2030, 2072, 2095, -1,
                        2030, 2095, 2031, -1,
                        2031, 2095, 2096, -1,
                        2031, 2096, 2032, -1,
                        2032, 2097, 2098, -1,
                        2032, 2098, 2033, -1,
                        2032, 2096, 2097, -1,
                        2033, 2098, 2099, -1,
                        2033, 2099, 2034, -1,
                        2034, 2099, 2035, -1,
                        2035, 2099, 2100, -1,
                        2035, 2100, 2101, -1,
                        2035, 2101, 2036, -1,
                        2036, 2101, 2102, -1,
                        2036, 2102, 2080, -1,
                        2037, 2093, 2038, -1,
                        2038, 2093, 2040, -1,
                        2039, 2041, 2103, -1,
                        2039, 2103, 2042, -1,
                        2040, 2093, 2092, -1,
                        2040, 2092, 2041, -1,
                        2041, 2092, 2091, -1,
                        2041, 2091, 2103, -1,
                        2042, 2103, 2104, -1,
                        2042, 2104, 2045, -1,
                        2043, 2045, 2105, -1,
                        2043, 2105, 2044, -1,
                        2044, 2105, 2059, -1,
                        2044, 2059, 2058, -1,
                        2044, 2058, 2056, -1,
                        2045, 2106, 2107, -1,
                        2045, 2107, 2105, -1,
                        2045, 2104, 2108, -1,
                        2045, 2108, 2109, -1,
                        2045, 2109, 2106, -1,
                        2046, 2064, 2047, -1,
                        2047, 2064, 2063, -1,
                        2047, 2062, 2048, -1,
                        2048, 2062, 2061, -1,
                        2048, 2061, 2110, -1,
                        2048, 2110, 2051, -1,
                        2048, 2051, 2050, -1,
                        2048, 2050, 2049, -1,
                        2051, 2111, 2112, -1,
                        2051, 2112, 2052, -1,
                        2051, 2110, 2111, -1,
                        2052, 2112, 2113, -1,
                        2052, 2113, 2053, -1,
                        2053, 2113, 2114, -1,
                        2053, 2114, 2115, -1,
                        2053, 2115, 2054, -1,
                        2054, 2115, 2055, -1,
                        2055, 2115, 2116, -1,
                        2059, 2105, 2117, -1,
                        2059, 2117, 2060, -1,
                        2060, 2117, 2118, -1,
                        2060, 2118, 2119, -1,
                        2060, 2119, 2110, -1,
                        2060, 2110, 2061, -1,
                        2065, 2120, 2121, -1,
                        2065, 2121, 2066, -1,
                        2065, 2067, 2120, -1,
                        2066, 2121, 2122, -1,
                        2066, 2122, 2123, -1,
                        2066, 2123, 2069, -1,
                        2067, 2124, 2125, -1,
                        2067, 2125, 2120, -1,
                        2068, 2069, 2073, -1,
                        2069, 2126, 2073, -1,
                        2069, 2123, 2126, -1,
                        2070, 2071, 2095, -1,
                        2070, 2095, 2072, -1,
                        2071, 2074, 2127, -1,
                        2071, 2127, 2095, -1,
                        2073, 2126, 2074, -1,
                        2074, 2126, 2128, -1,
                        2074, 2128, 2127, -1,
                        2075, 2081, 2129, -1,
                        2075, 2129, 2076, -1,
                        2076, 2129, 2130, -1,
                        2076, 2130, 2131, -1,
                        2076, 2131, 2077, -1,
                        2077, 2131, 2132, -1,
                        2077, 2132, 2079, -1,
                        2077, 2079, 2078, -1,
                        2079, 2133, 2088, -1,
                        2079, 2132, 2133, -1,
                        2080, 2102, 2081, -1,
                        2081, 2102, 2134, -1,
                        2081, 2134, 2129, -1,
                        2082, 2090, 2135, -1,
                        2082, 2135, 2083, -1,
                        2083, 2136, 2084, -1,
                        2083, 2135, 2090, -1,
                        2083, 2090, 2136, -1,
                        2084, 2137, 2138, -1,
                        2084, 2138, 2139, -1,
                        2084, 2139, 2140, -1,
                        2084, 2140, 2085, -1,
                        2084, 2136, 2141, -1,
                        2084, 2141, 2137, -1,
                        2085, 2140, 2086, -1,
                        2086, 2140, 2142, -1,
                        2086, 2142, 2094, -1,
                        2088, 2133, 2143, -1,
                        2088, 2143, 2089, -1,
                        2089, 2143, 2144, -1,
                        2089, 2144, 2090, -1,
                        2090, 2144, 2145, -1,
                        2090, 2145, 2146, -1,
                        2090, 2146, 2147, -1,
                        2090, 2147, 2136, -1,
                        2091, 2094, 2142, -1,
                        2091, 2142, 2139, -1,
                        2091, 2139, 2148, -1,
                        2091, 2148, 2103, -1,
                        2095, 2127, 2096, -1,
                        2096, 2127, 2097, -1,
                        2097, 2128, 2149, -1,
                        2097, 2149, 2098, -1,
                        2097, 2127, 2128, -1,
                        2098, 2149, 2150, -1,
                        2098, 2150, 2099, -1,
                        2099, 2150, 2151, -1,
                        2099, 2151, 2100, -1,
                        2100, 2151, 2101, -1,
                        2101, 2151, 2152, -1,
                        2101, 2152, 2102, -1,
                        2102, 2152, 2188, -1,
                        2102, 2188, 2134, -1,
                        2103, 2148, 2104, -1,
                        2104, 2148, 2108, -1,
                        2105, 2107, 2117, -1,
                        2106, 2109, 2153, -1,
                        2106, 2153, 2107, -1,
                        2107, 2153, 2154, -1,
                        2107, 2154, 2117, -1,
                        2108, 2139, 2155, -1,
                        2108, 2155, 2109, -1,
                        2108, 2148, 2139, -1,
                        2109, 2155, 2156, -1,
                        2109, 2156, 2157, -1,
                        2109, 2157, 2153, -1,
                        2110, 2119, 2111, -1,
                        2111, 2119, 2118, -1,
                        2111, 2118, 2158, -1,
                        2111, 2158, 2159, -1,
                        2111, 2159, 2112, -1,
                        2112, 2159, 2160, -1,
                        2112, 2160, 2113, -1,
                        2113, 2160, 2114, -1,
                        2114, 2161, 2162, -1,
                        2114, 2162, 2163, -1,
                        2114, 2163, 2115, -1,
                        2114, 2160, 2161, -1,
                        2115, 2163, 2116, -1,
                        2116, 2163, 2164, -1,
                        2117, 2154, 2118, -1,
                        2118, 2154, 2165, -1,
                        2118, 2165, 2158, -1,
                        2120, 2125, 2166, -1,
                        2120, 2166, 2121, -1,
                        2121, 2166, 2167, -1,
                        2121, 2167, 2122, -1,
                        2122, 2167, 2166, -1,
                        2122, 2166, 2168, -1,
                        2122, 2168, 2169, -1,
                        2122, 2169, 2170, -1,
                        2122, 2170, 2171, -1,
                        2122, 2171, 2123, -1,
                        2123, 2171, 2126, -1,
                        2124, 2172, 2173, -1,
                        2124, 2173, 2174, -1,
                        2124, 2174, 2175, -1,
                        2124, 2175, 2176, -1,
                        2124, 2176, 2177, -1,
                        2124, 2177, 2178, -1,
                        2124, 2178, 2179, -1,
                        2124, 2179, 2180, -1,
                        2124, 2180, 2181, -1,
                        2124, 2181, 2125, -1,
                        2125, 2181, 2166, -1,
                        2126, 2171, 2128, -1,
                        2128, 2171, 2149, -1,
                        2129, 2134, 2182, -1,
                        2129, 2182, 2130, -1,
                        2130, 2182, 2183, -1,
                        2130, 2183, 2184, -1,
                        2130, 2184, 2131, -1,
                        2131, 2184, 2185, -1,
                        2131, 2185, 2132, -1,
                        2132, 2185, 2133, -1,
                        2133, 2185, 2186, -1,
                        2133, 2186, 2187, -1,
                        2133, 2187, 2143, -1,
                        2134, 2188, 2189, -1,
                        2134, 2189, 2182, -1,
                        2136, 2147, 2190, -1,
                        2136, 2190, 2141, -1,
                        2137, 2156, 2155, -1,
                        2137, 2155, 2138, -1,
                        2137, 2141, 2191, -1,
                        2137, 2191, 2156, -1,
                        2138, 2155, 2139, -1,
                        2139, 2142, 2140, -1,
                        2141, 2190, 2191, -1,
                        2143, 2187, 2144, -1,
                        2144, 2192, 2145, -1,
                        2144, 2187, 2192, -1,
                        2145, 2192, 2193, -1,
                        2145, 2193, 2146, -1,
                        2146, 2194, 2147, -1,
                        2146, 2193, 2194, -1,
                        2147, 2194, 2190, -1,
                        2149, 2171, 2169, -1,
                        2149, 2169, 2150, -1,
                        2150, 2169, 2195, -1,
                        2150, 2195, 2151, -1,
                        2151, 2195, 2196, -1,
                        2151, 2196, 2152, -1,
                        2152, 2196, 2228, -1,
                        2152, 2228, 2188, -1,
                        2153, 2157, 2197, -1,
                        2153, 2197, 2154, -1,
                        2154, 2197, 2165, -1,
                        2156, 2191, 2198, -1,
                        2156, 2198, 2199, -1,
                        2156, 2199, 2157, -1,
                        2157, 2199, 2200, -1,
                        2157, 2200, 2201, -1,
                        2157, 2201, 2202, -1,
                        2157, 2202, 2197, -1,
                        2158, 2165, 2159, -1,
                        2159, 2165, 2203, -1,
                        2159, 2203, 2204, -1,
                        2159, 2204, 2160, -1,
                        2160, 2204, 2205, -1,
                        2160, 2205, 2161, -1,
                        2161, 2205, 2162, -1,
                        2162, 2205, 2206, -1,
                        2162, 2206, 2207, -1,
                        2162, 2207, 2163, -1,
                        2163, 2207, 2164, -1,
                        2164, 2207, 2209, -1,
                        2164, 2209, 2208, -1,
                        2165, 2197, 2210, -1,
                        2165, 2210, 2203, -1,
                        2166, 2211, 2168, -1,
                        2166, 2181, 2212, -1,
                        2166, 2212, 2213, -1,
                        2166, 2213, 2211, -1,
                        2168, 2211, 2169, -1,
                        2169, 2171, 2170, -1,
                        2169, 2211, 2213, -1,
                        2169, 2213, 2195, -1,
                        2172, 2214, 2215, -1,
                        2172, 2215, 2173, -1,
                        2173, 2216, 2217, -1,
                        2173, 2217, 2174, -1,
                        2173, 2215, 2216, -1,
                        2174, 2217, 2218, -1,
                        2174, 2218, 2175, -1,
                        2175, 2218, 2219, -1,
                        2175, 2219, 2176, -1,
                        2176, 2219, 2177, -1,
                        2177, 2219, 2220, -1,
                        2177, 2220, 2178, -1,
                        2178, 2220, 2221, -1,
                        2178, 2221, 2179, -1,
                        2179, 2221, 2180, -1,
                        2180, 2221, 2212, -1,
                        2180, 2212, 2181, -1,
                        2182, 2189, 2222, -1,
                        2182, 2222, 2183, -1,
                        2183, 2222, 2223, -1,
                        2183, 2223, 2224, -1,
                        2183, 2224, 2184, -1,
                        2184, 2224, 2225, -1,
                        2184, 2225, 2185, -1,
                        2185, 2225, 2226, -1,
                        2185, 2226, 2186, -1,
                        2186, 2226, 2187, -1,
                        2187, 2226, 2227, -1,
                        2187, 2227, 2192, -1,
                        2188, 2228, 2189, -1,
                        2189, 2228, 2229, -1,
                        2189, 2229, 2222, -1,
                        2190, 2194, 2191, -1,
                        2191, 2194, 2230, -1,
                        2191, 2230, 2198, -1,
                        2192, 2227, 2231, -1,
                        2192, 2231, 2193, -1,
                        2193, 2231, 2232, -1,
                        2193, 2232, 2233, -1,
                        2193, 2233, 2194, -1,
                        2194, 2233, 2230, -1,
                        2195, 2213, 2234, -1,
                        2195, 2234, 2196, -1,
                        2196, 2234, 2235, -1,
                        2196, 2235, 2236, -1,
                        2196, 2236, 2228, -1,
                        2197, 2202, 2210, -1,
                        2198, 2200, 2199, -1,
                        2198, 2230, 2200, -1,
                        2200, 2230, 2237, -1,
                        2200, 2237, 2238, -1,
                        2200, 2238, 2239, -1,
                        2200, 2239, 2240, -1,
                        2200, 2240, 2241, -1,
                        2200, 2241, 2242, -1,
                        2200, 2242, 2201, -1,
                        2201, 2242, 2243, -1,
                        2201, 2243, 2210, -1,
                        2201, 2210, 2202, -1,
                        2203, 2210, 2204, -1,
                        2204, 2210, 2244, -1,
                        2204, 2244, 2205, -1,
                        2205, 2244, 2245, -1,
                        2205, 2245, 2246, -1,
                        2205, 2246, 2206, -1,
                        2206, 2246, 2247, -1,
                        2206, 2247, 2248, -1,
                        2206, 2248, 2249, -1,
                        2206, 2249, 2207, -1,
                        2207, 2249, 2250, -1,
                        2207, 2250, 2209, -1,
                        2208, 2209, 2252, -1,
                        2208, 2252, 2253, -1,
                        2208, 2253, 2251, -1,
                        2209, 2250, 2252, -1,
                        2210, 2243, 2244, -1,
                        2212, 2221, 2234, -1,
                        2212, 2234, 2213, -1,
                        2214, 2251, 2215, -1,
                        2215, 2253, 2254, -1,
                        2215, 2254, 2255, -1,
                        2215, 2255, 2256, -1,
                        2215, 2256, 2216, -1,
                        2215, 2251, 2253, -1,
                        2216, 2257, 2258, -1,
                        2216, 2258, 2217, -1,
                        2216, 2256, 2257, -1,
                        2217, 2258, 2259, -1,
                        2217, 2259, 2218, -1,
                        2218, 2259, 2260, -1,
                        2218, 2260, 2261, -1,
                        2218, 2261, 2262, -1,
                        2218, 2262, 2219, -1,
                        2219, 2262, 2261, -1,
                        2219, 2261, 2236, -1,
                        2219, 2236, 2220, -1,
                        2220, 2235, 2221, -1,
                        2220, 2236, 2235, -1,
                        2221, 2235, 2234, -1,
                        2222, 2229, 2263, -1,
                        2222, 2263, 2223, -1,
                        2223, 2263, 2264, -1,
                        2223, 2264, 2265, -1,
                        2223, 2265, 2224, -1,
                        2224, 2265, 2266, -1,
                        2224, 2266, 2225, -1,
                        2225, 2266, 2226, -1,
                        2226, 2266, 2267, -1,
                        2226, 2267, 2227, -1,
                        2227, 2267, 2268, -1,
                        2227, 2268, 2231, -1,
                        2228, 2236, 2261, -1,
                        2228, 2261, 2269, -1,
                        2228, 2269, 2229, -1,
                        2229, 2269, 2260, -1,
                        2229, 2260, 2259, -1,
                        2229, 2259, 2263, -1,
                        2230, 2270, 2238, -1,
                        2230, 2238, 2237, -1,
                        2230, 2233, 2270, -1,
                        2231, 2268, 2271, -1,
                        2231, 2271, 2232, -1,
                        2232, 2272, 2233, -1,
                        2232, 2271, 2272, -1,
                        2233, 2272, 2273, -1,
                        2233, 2273, 2270, -1,
                        2238, 2274, 2275, -1,
                        2238, 2275, 2276, -1,
                        2238, 2276, 2239, -1,
                        2238, 2270, 2273, -1,
                        2238, 2273, 2274, -1,
                        2239, 2276, 2243, -1,
                        2239, 2243, 2240, -1,
                        2240, 2243, 2241, -1,
                        2241, 2243, 2242, -1,
                        2243, 2276, 2275, -1,
                        2243, 2275, 2277, -1,
                        2243, 2277, 2278, -1,
                        2243, 2278, 2279, -1,
                        2243, 2279, 2245, -1,
                        2243, 2245, 2244, -1,
                        2245, 2279, 2246, -1,
                        2246, 2280, 2247, -1,
                        2246, 2279, 2280, -1,
                        2247, 2280, 2281, -1,
                        2247, 2281, 2248, -1,
                        2248, 2281, 2282, -1,
                        2248, 2282, 2249, -1,
                        2249, 2282, 2250, -1,
                        2250, 2282, 2252, -1,
                        2252, 2282, 2281, -1,
                        2252, 2281, 2283, -1,
                        2252, 2283, 2255, -1,
                        2252, 2255, 2254, -1,
                        2252, 2254, 2253, -1,
                        2255, 2283, 2284, -1,
                        2255, 2284, 2285, -1,
                        2255, 2285, 2256, -1,
                        2256, 2285, 2257, -1,
                        2257, 2264, 2258, -1,
                        2257, 2285, 2286, -1,
                        2257, 2286, 2264, -1,
                        2258, 2263, 2259, -1,
                        2258, 2264, 2263, -1,
                        2260, 2269, 2261, -1,
                        2264, 2286, 2265, -1,
                        2265, 2286, 2287, -1,
                        2265, 2287, 2266, -1,
                        2266, 2287, 2268, -1,
                        2266, 2268, 2267, -1,
                        2268, 2287, 2271, -1,
                        2271, 2287, 2288, -1,
                        2271, 2288, 2289, -1,
                        2271, 2289, 2290, -1,
                        2271, 2290, 2291, -1,
                        2271, 2291, 2273, -1,
                        2271, 2273, 2272, -1,
                        2273, 2291, 2292, -1,
                        2273, 2292, 2274, -1,
                        2274, 2292, 2293, -1,
                        2274, 2293, 2275, -1,
                        2275, 2293, 2277, -1,
                        2277, 2293, 2278, -1,
                        2278, 2280, 2279, -1,
                        2278, 2293, 2294, -1,
                        2278, 2294, 2280, -1,
                        2280, 2294, 2295, -1,
                        2280, 2295, 2283, -1,
                        2280, 2283, 2281, -1,
                        2283, 2295, 2284, -1,
                        2284, 2296, 2297, -1,
                        2284, 2297, 2285, -1,
                        2284, 2295, 2293, -1,
                        2284, 2293, 2296, -1,
                        2285, 2297, 2286, -1,
                        2286, 2297, 2287, -1,
                        2287, 2297, 2296, -1,
                        2287, 2296, 2288, -1,
                        2288, 2296, 2289, -1,
                        2289, 2296, 2290, -1,
                        2290, 2296, 2291, -1,
                        2291, 2296, 2293, -1,
                        2291, 2293, 2292, -1,
                        2293, 2295, 2294, -1,
                ]
            }
        }
    ]
}
#VRML V2.0 utf8

# Vertices: 737
# Triangles: 1470

Group {
    children [
        Shape {
            appearance Appearance {
                material Material {
                    diffuseColor 0.150000 0.930000 0.350000
                    ambientIntensity 0.400000
                    specularColor 0.500000 0.500000 0.500000
                    emissiveColor 0.000000 0.000000 0.000000
                    shininess 0.400000
                    transparency 0.500000
                }
            }
            geometry IndexedFaceSet {
                ccw TRUE
                solid TRUE
                convex TRUE
                coord DEF co Coordinate {
                    point [
                        0.482955 0.661598 0.066876,
                        0.542300 0.661060 0.081733,
                        0.616628 0.661521 0.066876,
                        0.616628 0.658755 0.052019,
                        -0.542365 0.661598 0.066876,
                        0.497791 0.656910 0.096416,
                        0.542300 0.656910 0.096379,
                        0.557283 0.656910 0.096342,
                        0.572119 0.656910 0.096280,
                        0.586956 0.660983 0.081733,
                        -0.587020 0.661060 0.081733,
                        0.616628 0.660906 0.081733,
                        0.646448 0.661367 0.066876,
                        0.646448 0.658678 0.052019,
                        0.661284 0.655143 0.042263,
                        0.646448 0.655143 0.042226,
                        0.631465 0.655143 0.042213,
                        -0.587020 0.658755 0.052019,
                        -0.601857 0.661521 0.066876,
                        0.497791 0.653760 0.103845,
                        0.527464 0.653760 0.103832,
                        -0.542365 0.656910 0.096416,
                        0.542300 0.653760 0.103807,
                        0.557283 0.653760 0.103770,
                        0.631465 0.656834 0.095847,
                        -0.616693 0.660906 0.081733,
                        -0.631529 0.656834 0.096156,
                        -0.601857 0.656910 0.096354,
                        -0.587020 0.656910 0.096391,
                        -0.572037 0.656910 0.096404,
                        0.646448 0.660752 0.081733,
                        0.661284 0.661137 0.066876,
                        0.661284 0.658524 0.052019,
                        0.676120 0.654990 0.042387,
                        0.676120 0.650303 0.034946,
                        0.661284 0.650303 0.034822,
                        0.646448 0.650303 0.034797,
                        0.631465 0.650303 0.034785,
                        -0.572037 0.655143 0.042226,
                        -0.587020 0.655143 0.042238,
                        -0.601857 0.655143 0.042263,
                        -0.616693 0.655143 0.042325,
                        -0.616693 0.658601 0.052019,
                        -0.616693 0.661444 0.066876,
                        -0.557201 0.653760 0.103845,
                        -0.661202 0.639084 0.118937,
                        0.557283 0.646307 0.111137,
                        0.572119 0.653683 0.103708,
                        0.601792 0.653606 0.103498,
                        0.586956 0.646230 0.111112,
                        0.601792 0.646153 0.111087,
                        0.616628 0.646076 0.111050,
                        0.646448 0.646000 0.110877,
                        0.646448 0.656757 0.095760,
                        -0.631529 0.660752 0.081733,
                        -0.646365 0.656680 0.095884,
                        -0.646365 0.653530 0.103312,
                        -0.631529 0.653606 0.103585,
                        -0.616693 0.653683 0.103721,
                        -0.601857 0.653760 0.103795,
                        -0.587020 0.653760 0.103820,
                        0.661284 0.656603 0.095599,
                        0.661284 0.660522 0.081733,
                        0.676120 0.660599 0.066876,
                        0.676120 0.658140 0.052019,
                        0.690957 0.654759 0.042709,
                        0.690957 0.650226 0.035280,
                        0.676120 0.642849 0.026403,
                        0.690957 0.642772 0.026539,
                        0.661284 0.642849 0.026354,
                        0.646448 0.642849 0.026341,
                        0.631465 0.642849 0.026329,
                        -0.572037 0.642849 0.026329,
                        -0.572037 0.650226 0.034797,
                        -0.587020 0.650226 0.034810,
                        -0.601857 0.650226 0.034835,
                        -0.616693 0.650226 0.034884,
                        -0.631529 0.655066 0.042461,
                        -0.631529 0.658447 0.052019,
                        -0.631529 0.661290 0.066876,
                        -0.669869 0.639084 0.118937,
                        -0.661202 0.631554 0.121846,
                        0.572119 0.630940 0.121487,
                        0.557283 0.638316 0.118565,
                        0.586956 0.638316 0.118541,
                        0.601792 0.638316 0.118516,
                        0.661284 0.645923 0.110778,
                        0.646448 0.653376 0.103188,
                        0.616628 0.638239 0.118479,
                        0.661284 0.653299 0.103040,
                        -0.646365 0.660445 0.081733,
                        -0.661202 0.656373 0.095401,
                        -0.661202 0.653299 0.102829,
                        -0.675304 0.644232 0.112821,
                        -0.661202 0.645923 0.111459,
                        0.676120 0.653069 0.102495,
                        0.676120 0.656296 0.095067,
                        0.676120 0.659907 0.081733,
                        0.690957 0.659446 0.066876,
                        0.690957 0.657448 0.052019,
                        0.705793 0.654298 0.043612,
                        0.705793 0.649918 0.036184,
                        0.705793 0.642465 0.026874,
                        0.661284 0.631554 0.019037,
                        0.631465 0.631631 0.018901,
                        0.616628 0.631708 0.018901,
                        0.690957 0.631554 0.019780,
                        0.676120 0.631554 0.019284,
                        0.557283 0.631785 0.018901,
                        -0.557201 0.631785 0.018901,
                        -0.587020 0.642849 0.026341,
                        -0.616693 0.642772 0.026379,
                        -0.631529 0.642696 0.026440,
                        -0.631529 0.650149 0.035020,
                        -0.646365 0.654836 0.042758,
                        -0.646365 0.658140 0.052019,
                        -0.646365 0.660906 0.066876,
                        -0.679710 0.638623 0.118689,
                        -0.675304 0.632860 0.121190,
                        -0.676185 0.616725 0.125536,
                        0.646448 0.616725 0.125078,
                        0.601792 0.630863 0.121500,
                        0.616628 0.630786 0.121500,
                        0.661284 0.637701 0.118219,
                        0.676120 0.645615 0.110468,
                        0.631465 0.638085 0.118404,
                        0.631465 0.630632 0.121462,
                        0.661284 0.630248 0.121351,
                        -0.661202 0.659907 0.081733,
                        -0.676185 0.655835 0.094349,
                        -0.676185 0.652915 0.101777,
                        -0.691021 0.644770 0.110753,
                        0.690957 0.644847 0.109676,
                        0.690957 0.652300 0.100898,
                        0.690957 0.655604 0.093457,
                        0.690957 0.658524 0.081733,
                        0.705793 0.657141 0.066876,
                        0.705793 0.655988 0.052019,
                        0.713578 0.653914 0.044380,
                        0.719454 0.648919 0.038524,
                        0.720776 0.641389 0.027827,
                        0.705793 0.631554 0.020931,
                        0.651295 0.624101 0.014889,
                        0.646301 0.630094 0.018121,
                        0.631465 0.624255 0.014827,
                        0.601792 0.624332 0.014790,
                        0.676120 0.622948 0.015174,
                        0.661284 0.623717 0.014976,
                        0.542300 0.624332 0.014778,
                        -0.542365 0.624332 0.014778,
                        -0.601857 0.624332 0.014790,
                        -0.601857 0.631708 0.018913,
                        -0.616693 0.631708 0.018950,
                        -0.646365 0.631554 0.019272,
                        -0.646365 0.642542 0.026589,
                        -0.646365 0.649918 0.035317,
                        -0.661202 0.654529 0.043340,
                        -0.661202 0.657448 0.052019,
                        -0.661202 0.660291 0.066876,
                        -0.691021 0.637624 0.118182,
                        -0.691021 0.630248 0.121351,
                        -0.691021 0.616725 0.124991,
                        -0.691021 0.601818 0.126378,
                        -0.676185 0.601818 0.126625,
                        0.676120 0.601818 0.126687,
                        0.661284 0.616725 0.125040,
                        0.676120 0.629710 0.121190,
                        0.676120 0.637087 0.117897,
                        0.676120 0.616725 0.124805,
                        -0.676185 0.658831 0.081733,
                        -0.691021 0.654836 0.092021,
                        -0.691021 0.652147 0.099449,
                        -0.705858 0.643233 0.109020,
                        0.690957 0.635627 0.117104,
                        0.705793 0.643310 0.108178,
                        0.706234 0.651071 0.096354,
                        0.701680 0.654682 0.091253,
                        0.706234 0.655681 0.081770,
                        0.714460 0.654375 0.076842,
                        0.715488 0.654759 0.066876,
                        0.714900 0.654452 0.052019,
                        0.722245 0.651532 0.052019,
                        0.731205 0.642311 0.037162,
                        0.729149 0.640006 0.028941,
                        0.720776 0.631554 0.023803,
                        0.705499 0.616341 0.016449,
                        0.690957 0.620951 0.015533,
                        0.661284 0.616341 0.013007,
                        0.646301 0.618185 0.013230,
                        0.631465 0.616725 0.012710,
                        0.641306 0.624178 0.014852,
                        0.616628 0.616725 0.012648,
                        0.601792 0.616725 0.012624,
                        0.572119 0.616725 0.012599,
                        0.676120 0.615495 0.013366,
                        -0.572037 0.616725 0.012599,
                        -0.587020 0.616725 0.012611,
                        -0.601857 0.616725 0.012624,
                        -0.616693 0.624255 0.014815,
                        -0.636377 0.624101 0.014889,
                        -0.631529 0.630094 0.018195,
                        -0.646365 0.623794 0.014976,
                        -0.661202 0.631554 0.019780,
                        -0.661202 0.642158 0.026861,
                        -0.661202 0.649611 0.035912,
                        -0.671925 0.654144 0.044021,
                        -0.676479 0.655988 0.050855,
                        -0.676185 0.659216 0.066876,
                        -0.705858 0.634320 0.116448,
                        -0.705858 0.626944 0.120014,
                        -0.705858 0.616725 0.122601,
                        -0.705858 0.601818 0.124434,
                        -0.705858 0.586989 0.124793,
                        -0.691021 0.586989 0.126390,
                        -0.705858 -0.123370 0.124582,
                        -0.691021 -0.123370 0.124669,
                        0.676120 0.586989 0.127195,
                        0.690957 0.586989 0.126650,
                        0.690957 0.601818 0.125895,
                        0.690957 0.628250 0.120658,
                        0.690957 0.616725 0.123852,
                        -0.691021 0.656834 0.081733,
                        -0.699541 0.654144 0.090028,
                        -0.704976 0.650687 0.095624,
                        -0.716581 0.641159 0.106469,
                        0.702121 0.626252 0.119803,
                        0.706527 0.631324 0.116064,
                        0.716663 0.641236 0.106147,
                        0.721217 0.643925 0.096775,
                        0.711522 0.653376 0.086747,
                        0.719895 0.650303 0.081770,
                        0.722979 0.651225 0.066876,
                        0.732968 0.644079 0.052019,
                        0.740754 0.630940 0.051388,
                        0.736347 0.631554 0.037162,
                        0.730471 0.631554 0.027790,
                        0.720776 0.616725 0.020956,
                        0.700211 0.611192 0.014505,
                        0.710053 0.601818 0.015583,
                        0.690957 0.613574 0.013961,
                        0.661284 0.601818 0.009962,
                        0.646448 0.601818 0.009578,
                        0.631465 0.601818 0.009380,
                        0.616628 0.601818 0.009281,
                        0.601792 0.601818 0.009231,
                        0.572119 0.601818 0.009207,
                        0.676120 0.601818 0.010766,
                        -0.587020 0.601818 0.009207,
                        -0.601857 0.601818 0.009231,
                        -0.616693 0.601818 0.009268,
                        -0.616693 0.616725 0.012673,
                        -0.631529 0.618185 0.013168,
                        -0.646365 0.616341 0.012859,
                        -0.661202 0.615572 0.013069,
                        -0.661202 0.623025 0.015211,
                        -0.676185 0.631554 0.020745,
                        -0.676185 0.641543 0.027406,
                        -0.676479 0.649841 0.038301,
                        -0.681767 0.653683 0.045123,
                        -0.691021 0.655220 0.054817,
                        -0.691021 0.657218 0.066876,
                        -0.713496 0.624332 0.118961,
                        -0.715112 0.616725 0.119779,
                        -0.717462 0.601818 0.120856,
                        -0.718490 0.586989 0.121202,
                        -0.719078 0.572159 0.121289,
                        -0.719372 0.557253 0.121351,
                        -0.719666 0.542423 0.121376,
                        -0.719812 0.527517 0.121400,
                        -0.719812 0.497858 0.121413,
                        -0.719812 -0.123370 0.121413,
                        0.690957 -0.123370 0.124669,
                        0.705793 -0.123370 0.124570,
                        0.705793 0.557253 0.125040,
                        0.705793 0.572159 0.124929,
                        0.705793 0.586989 0.124570,
                        0.705793 0.601818 0.123567,
                        0.706527 0.617339 0.121017,
                        -0.701744 0.654759 0.081733,
                        -0.709089 0.652761 0.081733,
                        -0.721134 0.643541 0.096750,
                        -0.729507 0.640467 0.091897,
                        -0.726423 0.636779 0.101802,
                        -0.719959 0.630555 0.111050,
                        0.712109 0.622718 0.118553,
                        0.721217 0.631785 0.109057,
                        0.726505 0.636933 0.101839,
                        0.729590 0.640544 0.091934,
                        0.731205 0.642311 0.081733,
                        0.732674 0.643771 0.066876,
                        0.740019 0.633245 0.066876,
                        0.743545 0.625561 0.055931,
                        0.742810 0.622103 0.046027,
                        0.739578 0.616955 0.038227,
                        0.731499 0.616725 0.026874,
                        0.720776 0.601818 0.019928,
                        0.711962 0.586989 0.015186,
                        0.702561 0.601818 0.013948,
                        0.690957 0.601818 0.012165,
                        0.704618 0.586989 0.013366,
                        0.661284 0.586989 0.008067,
                        0.646448 0.586989 0.007609,
                        0.631465 0.586989 0.007349,
                        0.616628 0.586989 0.007226,
                        0.601792 0.586989 0.007176,
                        0.586956 0.586989 0.007151,
                        0.572119 0.586989 0.007139,
                        0.676120 0.586989 0.009021,
                        -0.587020 0.586989 0.007139,
                        -0.601857 0.586989 0.007164,
                        -0.616693 0.586989 0.007201,
                        -0.631529 0.601818 0.009355,
                        -0.646365 0.601818 0.009553,
                        -0.661202 0.601818 0.009974,
                        -0.676185 0.614266 0.013441,
                        -0.676185 0.621642 0.015644,
                        -0.691021 0.631554 0.022503,
                        -0.691021 0.640467 0.028397,
                        -0.691021 0.646999 0.037162,
                        -0.691021 0.652992 0.047389,
                        -0.700569 0.654375 0.057689,
                        -0.702479 0.654913 0.066876,
                        -0.729507 0.626867 0.105714,
                        -0.722603 0.616725 0.115136,
                        -0.724807 0.601818 0.116770,
                        -0.725835 0.586989 0.117550,
                        -0.726423 0.572159 0.117983,
                        -0.726863 0.557253 0.118219,
                        -0.727010 0.542423 0.118355,
                        -0.727157 0.527517 0.118417,
                        -0.727304 0.512687 0.118442,
                        -0.727304 0.497858 0.118454,
                        -0.727304 0.468122 0.118466,
                        -0.725835 -0.123370 0.119048,
                        0.719895 -0.123370 0.121400,
                        0.719895 0.512687 0.121462,
                        0.719748 0.527517 0.121475,
                        0.719601 0.542423 0.121450,
                        0.719454 0.557253 0.121376,
                        0.719013 0.572159 0.121252,
                        0.718132 0.586989 0.120980,
                        0.716810 0.601818 0.120410,
                        0.715047 0.612806 0.119642,
                        -0.709824 0.652992 0.066876,
                        -0.720694 0.647767 0.081733,
                        -0.730536 0.641466 0.081733,
                        -0.736558 0.631554 0.081733,
                        -0.732005 0.631708 0.096750,
                        0.720335 0.617339 0.115656,
                        0.729737 0.627021 0.105665,
                        0.732381 0.631785 0.096775,
                        0.739138 0.630555 0.081151,
                        0.743251 0.624869 0.075815,
                        0.743691 0.625791 0.066876,
                        0.745748 0.616725 0.066876,
                        0.747951 0.601818 0.066876,
                        0.744426 0.616955 0.051388,
                        0.743398 0.612191 0.043897,
                        0.739138 0.601818 0.035813,
                        0.731646 0.601818 0.026651,
                        0.720776 0.586989 0.019458,
                        0.712697 0.572159 0.015013,
                        0.705352 0.572159 0.013045,
                        0.690957 0.586989 0.010766,
                        0.690957 0.572159 0.010011,
                        0.661284 0.572159 0.007065,
                        0.646448 0.572159 0.006569,
                        0.631465 0.572159 0.006272,
                        0.616628 0.572159 0.006136,
                        0.601792 0.572159 0.006074,
                        0.586956 0.572159 0.006049,
                        0.572119 0.572159 0.006037,
                        0.676120 0.572159 0.008092,
                        -0.572037 0.572159 0.006037,
                        -0.587020 0.572159 0.006049,
                        -0.601857 0.572159 0.006062,
                        -0.616693 0.572159 0.006111,
                        -0.631529 0.586989 0.007300,
                        -0.646365 0.586989 0.007523,
                        -0.661202 0.586989 0.007944,
                        -0.676185 0.601818 0.010729,
                        -0.691021 0.611807 0.014159,
                        -0.691021 0.619183 0.016400,
                        -0.705417 0.632399 0.025859,
                        -0.700276 0.639468 0.029251,
                        -0.705417 0.643310 0.036283,
                        -0.705564 0.651532 0.052452,
                        -0.737587 0.616725 0.096590,
                        -0.731270 0.616725 0.107707,
                        -0.732886 0.601818 0.109342,
                        -0.733914 0.586989 0.110122,
                        -0.734502 0.572159 0.110555,
                        -0.734796 0.557253 0.110790,
                        -0.734943 0.542423 0.110926,
                        -0.735089 0.527517 0.110988,
                        -0.735236 0.512687 0.111013,
                        -0.735236 0.497858 0.111025,
                        -0.727304 -0.123370 0.118466,
                        0.721364 -0.123370 0.120819,
                        0.727239 -0.123370 0.118442,
                        0.727239 0.453215 0.118454,
                        0.727239 0.497858 0.118454,
                        0.727239 0.512687 0.118442,
                        0.727239 0.527517 0.118417,
                        0.727092 0.542423 0.118342,
                        0.726799 0.557253 0.118219,
                        0.726358 0.572159 0.117983,
                        0.725624 0.586989 0.117513,
                        0.724155 0.601818 0.116733,
                        -0.720694 0.645769 0.052019,
                        -0.720694 0.648151 0.066876,
                        -0.730683 0.641620 0.066876,
                        -0.737293 0.631554 0.066876,
                        -0.741993 0.620336 0.066876,
                        -0.741700 0.616725 0.082822,
                        0.731646 0.616725 0.107658,
                        0.739285 0.616494 0.095834,
                        0.742223 0.621258 0.085719,
                        0.744279 0.616494 0.081151,
                        0.746923 0.601818 0.081733,
                        0.746042 0.601818 0.052019,
                        0.748245 0.586989 0.081733,
                        0.749127 0.586989 0.066876,
                        0.746776 0.586989 0.052019,
                        0.743691 0.601818 0.043253,
                        0.743838 0.586989 0.042857,
                        0.739138 0.586989 0.035429,
                        0.731793 0.586989 0.026564,
                        0.720776 0.572159 0.019235,
                        0.712991 0.557253 0.014951,
                        0.705646 0.557253 0.012896,
                        0.690957 0.557253 0.009652,
                        0.676120 0.557253 0.007647,
                        0.661284 0.557253 0.006569,
                        0.646448 0.557253 0.006049,
                        0.631465 0.557253 0.005740,
                        0.616628 0.557253 0.005591,
                        0.601792 0.557253 0.005542,
                        0.586956 0.557253 0.005505,
                        0.572119 0.557253 0.005492,
                        -0.572037 0.557253 0.005492,
                        -0.587020 0.557253 0.005505,
                        -0.601857 0.557253 0.005517,
                        -0.616693 0.557253 0.005567,
                        -0.631529 0.572159 0.006210,
                        -0.646365 0.572159 0.006458,
                        -0.661202 0.572159 0.006904,
                        -0.676185 0.586989 0.008748,
                        -0.691021 0.601818 0.012190,
                        -0.699100 0.609809 0.014704,
                        -0.704829 0.615572 0.017811,
                        -0.718197 0.627943 0.027369,
                        -0.710117 0.637855 0.030749,
                        -0.720694 0.641313 0.041260,
                        -0.742875 0.608734 0.088493,
                        -0.740818 0.602971 0.096354,
                        -0.741259 0.586989 0.100551,
                        -0.741847 0.572159 0.101864,
                        -0.742287 0.557253 0.102594,
                        -0.742434 0.542423 0.102966,
                        -0.742581 0.527517 0.103164,
                        -0.742581 0.512687 0.103288,
                        -0.742728 0.453215 0.103387,
                        -0.735236 -0.123370 0.111025,
                        0.728855 -0.123370 0.116968,
                        0.735172 0.497858 0.111025,
                        0.735025 0.527517 0.110988,
                        0.734878 0.542423 0.110902,
                        0.734731 0.557253 0.110790,
                        0.734437 0.572159 0.110543,
                        0.734143 0.586989 0.110072,
                        0.733262 0.601818 0.109305,
                        -0.728479 0.639392 0.044083,
                        -0.729654 0.640544 0.052019,
                        -0.735236 0.631554 0.052019,
                        -0.741259 0.616571 0.051945,
                        -0.743462 0.611577 0.056847,
                        -0.743903 0.612883 0.066876,
                        -0.743609 0.611807 0.078588,
                        0.740754 0.601818 0.099623,
                        0.743545 0.611346 0.090387,
                        0.744279 0.601818 0.092194,
                        0.748980 0.572159 0.081733,
                        0.745014 0.586989 0.093891,
                        0.749714 0.572159 0.066876,
                        0.747070 0.572159 0.052019,
                        0.747364 0.557253 0.052019,
                        0.743985 0.572159 0.042733,
                        0.744132 0.542423 0.042634,
                        0.739138 0.572159 0.035305,
                        0.731793 0.572159 0.026527,
                        0.720776 0.557253 0.019161,
                        0.739138 0.557253 0.035231,
                        0.713138 0.542423 0.014914,
                        0.705646 0.542423 0.012809,
                        0.690957 0.527517 0.009355,
                        0.690957 0.542423 0.009454,
                        0.676120 0.542423 0.007387,
                        0.661284 0.542423 0.006285,
                        0.646448 0.542423 0.005752,
                        0.631465 0.542423 0.005418,
                        0.616628 0.542423 0.005269,
                        0.601792 0.542423 0.005208,
                        0.586956 0.542423 0.005183,
                        0.572119 0.542423 0.005170,
                        0.542300 0.542423 0.005158,
                        -0.542365 0.542423 0.005158,
                        -0.587020 0.542423 0.005170,
                        -0.601857 0.542423 0.005208,
                        -0.616693 0.542423 0.005257,
                        -0.631529 0.557253 0.005690,
                        -0.646365 0.557253 0.005950,
                        -0.661202 0.557253 0.006421,
                        -0.676185 0.572159 0.007795,
                        -0.691021 0.586989 0.010346,
                        -0.701891 0.601818 0.014023,
                        -0.709236 0.601818 0.015805,
                        -0.722163 0.618108 0.024955,
                        -0.728038 0.624024 0.029771,
                        -0.722163 0.632399 0.033027,
                        -0.744784 0.602971 0.082822,
                        -0.743756 0.598822 0.091241,
                        -0.744637 0.586989 0.093123,
                        -0.745225 0.572159 0.094435,
                        -0.745519 0.557253 0.095166,
                        -0.745666 0.542423 0.095537,
                        -0.745813 0.527517 0.095735,
                        -0.745813 0.512687 0.095847,
                        -0.745813 0.497858 0.095909,
                        -0.745813 0.482951 0.095933,
                        -0.745813 0.468122 0.095946,
                        -0.745813 0.453215 0.095958,
                        -0.745225 -0.123370 0.097431,
                        -0.742728 -0.123370 0.103387,
                        0.735172 -0.123370 0.111013,
                        0.735172 0.468122 0.111025,
                        0.742663 0.453215 0.103312,
                        0.742663 0.468122 0.103300,
                        0.742663 0.482951 0.103275,
                        0.742516 0.512687 0.103139,
                        0.742369 0.542423 0.102817,
                        0.742223 0.557253 0.102545,
                        0.741929 0.572159 0.102087,
                        0.741488 0.586989 0.101319,
                        -0.730829 0.631554 0.040530,
                        -0.742434 0.605276 0.046931,
                        -0.733620 0.618108 0.035701,
                        -0.744197 0.600896 0.051945,
                        -0.747869 0.586989 0.066876,
                        -0.745960 0.601818 0.066876,
                        0.749567 0.542423 0.081733,
                        0.745454 0.572159 0.094658,
                        0.750008 0.557253 0.066876,
                        0.747364 -0.123370 0.052019,
                        0.746776 -0.123370 0.050150,
                        0.744132 0.512687 0.042622,
                        0.750155 0.542423 0.066876,
                        0.750302 0.408650 0.066876,
                        0.739138 0.527517 0.035194,
                        0.739138 0.542423 0.035206,
                        0.731793 0.542423 0.026502,
                        0.720776 0.542423 0.019123,
                        0.713138 0.527517 0.014902,
                        0.705793 0.512687 0.012747,
                        0.705793 0.527517 0.012772,
                        0.690957 0.512687 0.009306,
                        0.676120 0.527517 0.007263,
                        0.661284 0.527517 0.006148,
                        0.646448 0.527517 0.005604,
                        0.631465 0.527517 0.005282,
                        0.616628 0.527517 0.005133,
                        0.601792 0.527517 0.005059,
                        0.586956 0.527517 0.005034,
                        0.572119 0.527517 0.005022,
                        0.542300 0.527517 0.005009,
                        -0.542365 0.527517 0.005009,
                        -0.572037 0.527517 0.005022,
                        -0.587020 0.527517 0.005034,
                        -0.601857 0.527517 0.005059,
                        -0.616693 0.527517 0.005121,
                        -0.631529 0.542423 0.005381,
                        -0.646365 0.542423 0.005666,
                        -0.661202 0.542423 0.006161,
                        -0.676185 0.557253 0.007374,
                        -0.691021 0.572159 0.009553,
                        -0.704976 0.586989 0.013144,
                        -0.712468 0.586989 0.015087,
                        -0.720694 0.601818 0.020473,
                        -0.729801 0.614112 0.028124,
                        -0.747135 0.586989 0.081733,
                        -0.748310 0.572159 0.081733,
                        -0.749044 0.557253 0.081733,
                        -0.749485 0.542423 0.081733,
                        -0.749632 0.527517 0.081733,
                        -0.749779 0.497858 0.081733,
                        -0.745813 -0.123370 0.095958,
                        -0.749044 -0.123370 0.084555,
                        0.742663 -0.123370 0.103312,
                        0.745895 0.438386 0.095884,
                        0.745895 0.453215 0.095871,
                        0.745748 0.527517 0.095574,
                        0.745748 0.542423 0.095389,
                        0.745601 0.557253 0.095116,
                        -0.739056 0.600896 0.038499,
                        -0.743169 0.595364 0.044355,
                        -0.745666 0.586989 0.052019,
                        -0.748897 0.572159 0.066876,
                        0.749714 0.512687 0.081733,
                        0.750302 -0.123370 0.066876,
                        0.744132 -0.123370 0.042622,
                        0.749861 -0.123370 0.078774,
                        0.739138 -0.123370 0.035194,
                        0.731793 -0.123370 0.026502,
                        0.720776 0.497858 0.019099,
                        0.720776 0.527517 0.019111,
                        0.713138 -0.123370 0.014902,
                        0.705793 0.482951 0.012735,
                        0.690957 0.482951 0.009281,
                        0.690957 0.497858 0.009293,
                        0.676120 0.497858 0.007188,
                        0.676120 0.512687 0.007213,
                        0.661284 0.512687 0.006099,
                        0.646448 0.512687 0.005554,
                        0.631465 0.512687 0.005220,
                        0.616628 0.512687 0.005071,
                        0.601792 0.512687 0.004997,
                        0.037132 -0.123370 0.000775,
                        0.022149 -0.123370 0.000738,
                        -0.007377 -0.123370 0.000713,
                        -0.022507 -0.123370 0.000726,
                        -0.037490 -0.123370 0.000738,
                        -0.601857 0.512687 0.004997,
                        -0.051886 -0.123370 0.000763,
                        -0.616693 0.512687 0.005059,
                        -0.631529 0.527517 0.005257,
                        -0.646365 0.527517 0.005554,
                        -0.661202 0.527517 0.006074,
                        -0.676185 0.542423 0.007176,
                        -0.691021 0.557253 0.009244,
                        -0.707326 0.573465 0.013156,
                        -0.713202 0.579228 0.014877,
                        -0.720694 0.586989 0.019235,
                        -0.730976 0.601818 0.026960,
                        -0.749632 0.557253 0.066876,
                        -0.749926 0.542423 0.066876,
                        -0.750220 0.512687 0.066876,
                        -0.750366 0.378914 0.066876,
                        -0.749779 -0.123370 0.081733,
                        0.745895 -0.123370 0.095884,
                        -0.739056 0.586989 0.036333,
                        -0.743462 0.586989 0.043761,
                        -0.746547 0.572159 0.052019,
                        0.749714 -0.123370 0.081733,
                        0.720776 -0.123370 0.019099,
                        0.705793 -0.123370 0.012735,
                        0.690957 -0.123370 0.009281,
                        0.688019 -0.123370 0.008860,
                        0.676120 0.482951 0.007176,
                        0.661284 0.497858 0.006074,
                        0.646448 0.497858 0.005517,
                        0.631465 0.497858 0.005183,
                        0.616628 0.497858 0.005034,
                        0.051087 -0.123370 0.000850,
                        -0.067750 -0.123370 0.000837,
                        -0.616693 0.497858 0.005034,
                        -0.631529 0.512687 0.005208,
                        -0.646365 0.512687 0.005517,
                        -0.661202 0.512687 0.006049,
                        -0.676185 0.527517 0.007127,
                        -0.691021 0.542423 0.009169,
                        -0.705858 0.557253 0.012562,
                        -0.713496 0.569316 0.014790,
                        -0.719372 0.573465 0.018071,
                        -0.731858 0.572159 0.026292,
                        -0.731564 0.586989 0.026453,
                        -0.746988 0.557253 0.052019,
                        -0.747282 0.542423 0.052019,
                        -0.747429 0.527517 0.052019,
                        -0.748016 -0.123370 0.054978,
                        -0.750366 -0.123370 0.066876,
                        -0.739202 0.572159 0.035664,
                        -0.743756 0.572159 0.043105,
                        0.676120 -0.123370 0.007176,
                        0.673182 -0.123370 0.006953,
                        0.661284 0.482951 0.006062,
                        0.646448 0.482951 0.005505,
                        0.631465 0.468122 0.005170,
                        0.616628 0.482951 0.005022,
                        0.616628 -0.123370 0.005022,
                        -0.616693 -0.123370 0.005022,
                        -0.616693 0.482951 0.005022,
                        -0.631529 0.497858 0.005183,
                        -0.646365 0.497858 0.005492,
                        -0.661202 0.497858 0.006037,
                        -0.676185 0.512687 0.007127,
                        -0.676185 -0.123370 0.007164,
                        -0.691021 -0.123370 0.009268,
                        -0.705858 0.542423 0.012562,
                        -0.713496 0.557253 0.014765,
                        -0.720988 0.557253 0.018888,
                        -0.731711 -0.123370 0.026478,
                        -0.739202 -0.123370 0.035132,
                        -0.739202 0.482951 0.035132,
                        -0.739202 0.497858 0.035144,
                        -0.739202 0.512687 0.035156,
                        -0.739202 0.527517 0.035181,
                        -0.739202 0.542423 0.035231,
                        -0.739202 0.557253 0.035379,
                        -0.743903 0.557253 0.042808,
                        -0.744050 0.542423 0.042672,
                        -0.744050 0.527517 0.042610,
                        -0.744050 0.512687 0.042585,
                        -0.744050 0.497858 0.042573,
                        -0.744050 0.468122 0.042560,
                        -0.744784 -0.123370 0.044442,
                        -0.747429 -0.123370 0.052019,
                        0.661284 -0.123370 0.006062,
                        0.658346 -0.123370 0.005950,
                        0.646448 -0.123370 0.005505,
                        0.643510 -0.123370 0.005430,
                        0.631465 -0.123370 0.005170,
                        -0.619631 -0.123370 0.005047,
                        -0.631529 0.482951 0.005170,
                        -0.634467 -0.123370 0.005232,
                        -0.646365 0.453215 0.005492,
                        -0.661202 -0.123370 0.006049,
                        -0.664287 -0.123370 0.006272,
                        -0.649303 -0.123370 0.005604,
                        -0.705858 -0.123370 0.012735,
                        -0.707326 -0.123370 0.013156,
                        -0.713202 -0.123370 0.014877,
                        -0.720694 -0.123370 0.019062,
                        -0.722897 -0.123370 0.020535,
                        -0.740231 -0.123370 0.036605,
                        -0.744050 -0.123370 0.042560,
                        -0.631529 -0.123370 0.005170,
                        -0.646365 -0.123370 0.005505,
                    ]
                }
                coordIndex [ 
                        0, 1, 2, -1,
                        0, 2, 3, -1,
                        0, 3, 17, -1,
                        0, 17, 4, -1,
                        0, 4, 10, -1,
                        0, 10, 1, -1,
                        1, 5, 6, -1,
                        1, 6, 7, -1,
                        1, 7, 8, -1,
                        1, 8, 9, -1,
                        1, 9, 2, -1,
                        1, 10, 21, -1,
                        1, 21, 5, -1,
                        2, 11, 30, -1,
                        2, 30, 12, -1,
                        2, 12, 13, -1,
                        2, 13, 3, -1,
                        2, 9, 11, -1,
                        3, 13, 14, -1,
                        3, 14, 15, -1,
                        3, 15, 16, -1,
                        3, 16, 17, -1,
                        4, 17, 18, -1,
                        4, 18, 10, -1,
                        5, 19, 20, -1,
                        5, 20, 6, -1,
                        5, 21, 44, -1,
                        5, 44, 19, -1,
                        6, 20, 22, -1,
                        6, 22, 23, -1,
                        6, 23, 7, -1,
                        7, 23, 8, -1,
                        8, 23, 24, -1,
                        8, 24, 11, -1,
                        8, 11, 9, -1,
                        10, 18, 43, -1,
                        10, 43, 25, -1,
                        10, 25, 26, -1,
                        10, 26, 27, -1,
                        10, 27, 28, -1,
                        10, 28, 29, -1,
                        10, 29, 21, -1,
                        11, 24, 30, -1,
                        12, 30, 62, -1,
                        12, 62, 31, -1,
                        12, 31, 32, -1,
                        12, 32, 13, -1,
                        13, 32, 14, -1,
                        14, 32, 33, -1,
                        14, 33, 34, -1,
                        14, 34, 35, -1,
                        14, 35, 15, -1,
                        15, 36, 37, -1,
                        15, 37, 16, -1,
                        15, 35, 36, -1,
                        16, 37, 38, -1,
                        16, 38, 17, -1,
                        17, 38, 39, -1,
                        17, 39, 40, -1,
                        17, 40, 41, -1,
                        17, 41, 42, -1,
                        17, 42, 43, -1,
                        17, 43, 18, -1,
                        19, 44, 80, -1,
                        19, 80, 45, -1,
                        19, 45, 20, -1,
                        20, 46, 22, -1,
                        20, 45, 46, -1,
                        21, 29, 44, -1,
                        22, 46, 23, -1,
                        23, 47, 48, -1,
                        23, 48, 24, -1,
                        23, 46, 49, -1,
                        23, 49, 50, -1,
                        23, 50, 51, -1,
                        23, 51, 52, -1,
                        23, 52, 47, -1,
                        24, 48, 53, -1,
                        24, 53, 30, -1,
                        25, 43, 79, -1,
                        25, 79, 54, -1,
                        25, 54, 26, -1,
                        26, 54, 55, -1,
                        26, 55, 56, -1,
                        26, 56, 57, -1,
                        26, 57, 58, -1,
                        26, 58, 59, -1,
                        26, 59, 27, -1,
                        27, 59, 28, -1,
                        28, 59, 60, -1,
                        28, 60, 44, -1,
                        28, 44, 29, -1,
                        30, 53, 61, -1,
                        30, 61, 62, -1,
                        31, 62, 63, -1,
                        31, 63, 64, -1,
                        31, 64, 32, -1,
                        32, 64, 65, -1,
                        32, 65, 33, -1,
                        33, 65, 66, -1,
                        33, 66, 34, -1,
                        34, 67, 35, -1,
                        34, 66, 68, -1,
                        34, 68, 67, -1,
                        35, 67, 69, -1,
                        35, 69, 36, -1,
                        36, 70, 71, -1,
                        36, 71, 37, -1,
                        36, 69, 70, -1,
                        37, 71, 72, -1,
                        37, 72, 73, -1,
                        37, 73, 38, -1,
                        38, 73, 74, -1,
                        38, 74, 39, -1,
                        39, 74, 75, -1,
                        39, 75, 40, -1,
                        40, 75, 76, -1,
                        40, 76, 41, -1,
                        41, 76, 113, -1,
                        41, 113, 77, -1,
                        41, 77, 42, -1,
                        42, 77, 78, -1,
                        42, 78, 79, -1,
                        42, 79, 43, -1,
                        44, 60, 80, -1,
                        45, 80, 81, -1,
                        45, 81, 82, -1,
                        45, 82, 83, -1,
                        45, 83, 84, -1,
                        45, 84, 46, -1,
                        46, 84, 85, -1,
                        46, 85, 49, -1,
                        47, 52, 48, -1,
                        48, 52, 86, -1,
                        48, 86, 87, -1,
                        48, 87, 53, -1,
                        49, 85, 50, -1,
                        50, 85, 88, -1,
                        50, 88, 51, -1,
                        51, 88, 52, -1,
                        52, 88, 86, -1,
                        53, 87, 89, -1,
                        53, 89, 61, -1,
                        54, 79, 90, -1,
                        54, 90, 55, -1,
                        55, 90, 91, -1,
                        55, 91, 92, -1,
                        55, 92, 56, -1,
                        56, 92, 93, -1,
                        56, 93, 94, -1,
                        56, 94, 80, -1,
                        56, 80, 57, -1,
                        57, 80, 58, -1,
                        58, 80, 59, -1,
                        59, 80, 60, -1,
                        61, 89, 95, -1,
                        61, 95, 96, -1,
                        61, 96, 62, -1,
                        62, 96, 97, -1,
                        62, 97, 63, -1,
                        63, 97, 98, -1,
                        63, 98, 99, -1,
                        63, 99, 64, -1,
                        64, 99, 65, -1,
                        65, 99, 100, -1,
                        65, 100, 101, -1,
                        65, 101, 66, -1,
                        66, 101, 102, -1,
                        66, 102, 68, -1,
                        67, 68, 103, -1,
                        67, 103, 104, -1,
                        67, 104, 105, -1,
                        67, 105, 69, -1,
                        68, 106, 107, -1,
                        68, 107, 103, -1,
                        68, 102, 106, -1,
                        69, 105, 108, -1,
                        69, 108, 70, -1,
                        70, 108, 71, -1,
                        71, 108, 109, -1,
                        71, 109, 72, -1,
                        72, 109, 110, -1,
                        72, 110, 74, -1,
                        72, 74, 73, -1,
                        74, 110, 75, -1,
                        75, 110, 76, -1,
                        76, 111, 112, -1,
                        76, 112, 113, -1,
                        76, 110, 111, -1,
                        77, 113, 155, -1,
                        77, 155, 114, -1,
                        77, 114, 115, -1,
                        77, 115, 78, -1,
                        78, 115, 79, -1,
                        79, 115, 116, -1,
                        79, 116, 90, -1,
                        80, 93, 117, -1,
                        80, 117, 118, -1,
                        80, 118, 81, -1,
                        80, 94, 93, -1,
                        81, 118, 119, -1,
                        81, 119, 120, -1,
                        81, 120, 121, -1,
                        81, 121, 82, -1,
                        82, 121, 83, -1,
                        83, 121, 84, -1,
                        84, 121, 85, -1,
                        85, 121, 122, -1,
                        85, 122, 88, -1,
                        86, 123, 124, -1,
                        86, 124, 89, -1,
                        86, 89, 87, -1,
                        86, 88, 125, -1,
                        86, 125, 123, -1,
                        88, 122, 126, -1,
                        88, 126, 127, -1,
                        88, 127, 125, -1,
                        89, 124, 95, -1,
                        90, 116, 128, -1,
                        90, 128, 91, -1,
                        91, 128, 129, -1,
                        91, 129, 130, -1,
                        91, 130, 92, -1,
                        92, 130, 131, -1,
                        92, 131, 93, -1,
                        93, 131, 117, -1,
                        95, 124, 132, -1,
                        95, 132, 133, -1,
                        95, 133, 134, -1,
                        95, 134, 96, -1,
                        96, 134, 97, -1,
                        97, 134, 135, -1,
                        97, 135, 98, -1,
                        98, 135, 136, -1,
                        98, 136, 137, -1,
                        98, 137, 99, -1,
                        99, 137, 138, -1,
                        99, 138, 100, -1,
                        100, 138, 101, -1,
                        101, 138, 139, -1,
                        101, 139, 140, -1,
                        101, 140, 102, -1,
                        102, 141, 106, -1,
                        102, 140, 141, -1,
                        103, 107, 142, -1,
                        103, 142, 143, -1,
                        103, 143, 104, -1,
                        104, 143, 144, -1,
                        104, 144, 105, -1,
                        105, 144, 145, -1,
                        105, 145, 108, -1,
                        106, 146, 147, -1,
                        106, 147, 107, -1,
                        106, 141, 146, -1,
                        107, 147, 142, -1,
                        108, 145, 148, -1,
                        108, 148, 149, -1,
                        108, 149, 109, -1,
                        109, 149, 150, -1,
                        109, 150, 151, -1,
                        109, 151, 110, -1,
                        110, 151, 152, -1,
                        110, 152, 111, -1,
                        111, 152, 112, -1,
                        112, 152, 153, -1,
                        112, 153, 154, -1,
                        112, 154, 113, -1,
                        113, 154, 155, -1,
                        114, 155, 156, -1,
                        114, 156, 115, -1,
                        115, 156, 157, -1,
                        115, 157, 158, -1,
                        115, 158, 116, -1,
                        116, 158, 128, -1,
                        117, 131, 159, -1,
                        117, 159, 160, -1,
                        117, 160, 118, -1,
                        118, 160, 119, -1,
                        119, 160, 161, -1,
                        119, 161, 162, -1,
                        119, 162, 163, -1,
                        119, 163, 164, -1,
                        119, 164, 120, -1,
                        120, 164, 165, -1,
                        120, 165, 122, -1,
                        120, 122, 121, -1,
                        122, 165, 126, -1,
                        123, 127, 166, -1,
                        123, 166, 167, -1,
                        123, 167, 124, -1,
                        123, 125, 127, -1,
                        124, 167, 132, -1,
                        126, 165, 127, -1,
                        127, 165, 168, -1,
                        127, 168, 166, -1,
                        128, 158, 207, -1,
                        128, 207, 169, -1,
                        128, 169, 129, -1,
                        129, 169, 170, -1,
                        129, 170, 171, -1,
                        129, 171, 130, -1,
                        130, 171, 131, -1,
                        131, 171, 172, -1,
                        131, 172, 159, -1,
                        132, 167, 173, -1,
                        132, 173, 174, -1,
                        132, 174, 133, -1,
                        133, 174, 175, -1,
                        133, 175, 176, -1,
                        133, 176, 134, -1,
                        134, 176, 135, -1,
                        135, 176, 177, -1,
                        135, 177, 136, -1,
                        136, 177, 178, -1,
                        136, 178, 179, -1,
                        136, 179, 180, -1,
                        136, 180, 137, -1,
                        137, 180, 138, -1,
                        138, 180, 181, -1,
                        138, 181, 182, -1,
                        138, 182, 139, -1,
                        139, 182, 183, -1,
                        139, 183, 140, -1,
                        140, 183, 184, -1,
                        140, 184, 141, -1,
                        141, 184, 185, -1,
                        141, 185, 186, -1,
                        141, 186, 146, -1,
                        142, 147, 187, -1,
                        142, 187, 188, -1,
                        142, 188, 189, -1,
                        142, 189, 190, -1,
                        142, 190, 143, -1,
                        143, 190, 144, -1,
                        144, 190, 189, -1,
                        144, 189, 191, -1,
                        144, 191, 145, -1,
                        145, 191, 192, -1,
                        145, 192, 193, -1,
                        145, 193, 148, -1,
                        146, 186, 194, -1,
                        146, 194, 187, -1,
                        146, 187, 147, -1,
                        148, 193, 195, -1,
                        148, 195, 149, -1,
                        149, 195, 150, -1,
                        150, 195, 196, -1,
                        150, 196, 197, -1,
                        150, 197, 198, -1,
                        150, 198, 152, -1,
                        150, 152, 151, -1,
                        152, 198, 199, -1,
                        152, 199, 200, -1,
                        152, 200, 153, -1,
                        153, 200, 199, -1,
                        153, 199, 201, -1,
                        153, 201, 202, -1,
                        153, 202, 154, -1,
                        154, 202, 203, -1,
                        154, 203, 155, -1,
                        155, 203, 204, -1,
                        155, 204, 156, -1,
                        156, 204, 205, -1,
                        156, 205, 157, -1,
                        157, 205, 206, -1,
                        157, 206, 207, -1,
                        157, 207, 158, -1,
                        159, 172, 208, -1,
                        159, 208, 209, -1,
                        159, 209, 160, -1,
                        160, 209, 161, -1,
                        161, 209, 210, -1,
                        161, 210, 211, -1,
                        161, 211, 162, -1,
                        162, 211, 212, -1,
                        162, 212, 213, -1,
                        162, 213, 163, -1,
                        163, 213, 214, -1,
                        163, 214, 215, -1,
                        163, 215, 216, -1,
                        163, 216, 164, -1,
                        164, 216, 217, -1,
                        164, 217, 218, -1,
                        164, 218, 168, -1,
                        164, 168, 165, -1,
                        166, 168, 219, -1,
                        166, 219, 167, -1,
                        167, 219, 173, -1,
                        168, 218, 220, -1,
                        168, 220, 219, -1,
                        169, 207, 260, -1,
                        169, 260, 221, -1,
                        169, 221, 222, -1,
                        169, 222, 170, -1,
                        170, 222, 171, -1,
                        171, 222, 223, -1,
                        171, 223, 172, -1,
                        172, 223, 224, -1,
                        172, 224, 208, -1,
                        173, 219, 225, -1,
                        173, 225, 226, -1,
                        173, 226, 174, -1,
                        174, 226, 227, -1,
                        174, 227, 175, -1,
                        175, 227, 228, -1,
                        175, 228, 229, -1,
                        175, 229, 176, -1,
                        176, 229, 177, -1,
                        177, 229, 178, -1,
                        178, 229, 230, -1,
                        178, 230, 231, -1,
                        178, 231, 179, -1,
                        179, 231, 181, -1,
                        179, 181, 180, -1,
                        181, 231, 232, -1,
                        181, 232, 182, -1,
                        182, 232, 233, -1,
                        182, 233, 234, -1,
                        182, 234, 183, -1,
                        183, 234, 235, -1,
                        183, 235, 184, -1,
                        184, 235, 236, -1,
                        184, 236, 185, -1,
                        185, 237, 186, -1,
                        185, 236, 238, -1,
                        185, 238, 237, -1,
                        186, 237, 239, -1,
                        186, 239, 194, -1,
                        187, 240, 241, -1,
                        187, 241, 242, -1,
                        187, 242, 189, -1,
                        187, 189, 188, -1,
                        187, 194, 240, -1,
                        189, 242, 243, -1,
                        189, 243, 191, -1,
                        191, 243, 244, -1,
                        191, 244, 192, -1,
                        192, 244, 245, -1,
                        192, 245, 193, -1,
                        193, 245, 247, -1,
                        193, 247, 195, -1,
                        194, 246, 240, -1,
                        194, 239, 246, -1,
                        195, 247, 196, -1,
                        196, 247, 197, -1,
                        197, 248, 249, -1,
                        197, 249, 250, -1,
                        197, 250, 198, -1,
                        197, 247, 248, -1,
                        198, 250, 251, -1,
                        198, 251, 199, -1,
                        199, 252, 201, -1,
                        199, 251, 252, -1,
                        201, 252, 253, -1,
                        201, 253, 254, -1,
                        201, 254, 202, -1,
                        202, 254, 255, -1,
                        202, 255, 256, -1,
                        202, 256, 203, -1,
                        203, 256, 204, -1,
                        204, 256, 257, -1,
                        204, 257, 205, -1,
                        205, 257, 258, -1,
                        205, 258, 206, -1,
                        206, 258, 259, -1,
                        206, 259, 207, -1,
                        207, 259, 260, -1,
                        208, 224, 261, -1,
                        208, 261, 209, -1,
                        209, 261, 210, -1,
                        210, 261, 262, -1,
                        210, 262, 211, -1,
                        211, 262, 263, -1,
                        211, 263, 264, -1,
                        211, 264, 212, -1,
                        212, 264, 265, -1,
                        212, 265, 266, -1,
                        212, 266, 267, -1,
                        212, 267, 268, -1,
                        212, 268, 269, -1,
                        212, 269, 270, -1,
                        212, 270, 214, -1,
                        212, 214, 213, -1,
                        214, 270, 333, -1,
                        214, 333, 397, -1,
                        214, 397, 463, -1,
                        214, 463, 533, -1,
                        214, 533, 532, -1,
                        214, 532, 595, -1,
                        214, 595, 596, -1,
                        214, 596, 647, -1,
                        214, 647, 679, -1,
                        214, 679, 678, -1,
                        214, 678, 715, -1,
                        214, 715, 714, -1,
                        214, 714, 734, -1,
                        214, 734, 733, -1,
                        214, 733, 701, -1,
                        214, 701, 700, -1,
                        214, 700, 732, -1,
                        214, 732, 731, -1,
                        214, 731, 730, -1,
                        214, 730, 729, -1,
                        214, 729, 728, -1,
                        214, 728, 696, -1,
                        214, 696, 695, -1,
                        214, 695, 726, -1,
                        214, 726, 725, -1,
                        214, 725, 727, -1,
                        214, 727, 736, -1,
                        214, 736, 723, -1,
                        214, 723, 735, -1,
                        214, 735, 721, -1,
                        214, 721, 689, -1,
                        214, 689, 663, -1,
                        214, 663, 632, -1,
                        214, 632, 630, -1,
                        214, 630, 629, -1,
                        214, 629, 628, -1,
                        214, 628, 627, -1,
                        214, 627, 626, -1,
                        214, 626, 662, -1,
                        214, 662, 688, -1,
                        214, 688, 720, -1,
                        214, 720, 719, -1,
                        214, 719, 718, -1,
                        214, 718, 717, -1,
                        214, 717, 716, -1,
                        214, 716, 683, -1,
                        214, 683, 682, -1,
                        214, 682, 656, -1,
                        214, 656, 655, -1,
                        214, 655, 654, -1,
                        214, 654, 615, -1,
                        214, 615, 653, -1,
                        214, 653, 612, -1,
                        214, 612, 611, -1,
                        214, 611, 609, -1,
                        214, 609, 554, -1,
                        214, 554, 553, -1,
                        214, 553, 608, -1,
                        214, 608, 610, -1,
                        214, 610, 652, -1,
                        214, 652, 648, -1,
                        214, 648, 597, -1,
                        214, 597, 534, -1,
                        214, 534, 464, -1,
                        214, 464, 399, -1,
                        214, 399, 398, -1,
                        214, 398, 334, -1,
                        214, 334, 272, -1,
                        214, 272, 271, -1,
                        214, 271, 215, -1,
                        215, 271, 216, -1,
                        216, 271, 272, -1,
                        216, 272, 217, -1,
                        217, 272, 273, -1,
                        217, 273, 274, -1,
                        217, 274, 275, -1,
                        217, 275, 218, -1,
                        218, 275, 276, -1,
                        218, 276, 220, -1,
                        219, 220, 225, -1,
                        220, 276, 277, -1,
                        220, 277, 225, -1,
                        221, 260, 278, -1,
                        221, 278, 222, -1,
                        222, 278, 279, -1,
                        222, 279, 223, -1,
                        223, 279, 280, -1,
                        223, 280, 224, -1,
                        224, 280, 281, -1,
                        224, 281, 282, -1,
                        224, 282, 283, -1,
                        224, 283, 261, -1,
                        225, 277, 284, -1,
                        225, 284, 226, -1,
                        226, 284, 227, -1,
                        227, 284, 285, -1,
                        227, 285, 286, -1,
                        227, 286, 228, -1,
                        228, 286, 287, -1,
                        228, 287, 230, -1,
                        228, 230, 229, -1,
                        230, 287, 288, -1,
                        230, 288, 231, -1,
                        231, 288, 289, -1,
                        231, 289, 232, -1,
                        232, 289, 290, -1,
                        232, 290, 233, -1,
                        233, 290, 291, -1,
                        233, 291, 292, -1,
                        233, 292, 234, -1,
                        234, 292, 293, -1,
                        234, 293, 235, -1,
                        235, 294, 236, -1,
                        235, 293, 294, -1,
                        236, 294, 295, -1,
                        236, 295, 296, -1,
                        236, 296, 238, -1,
                        237, 238, 297, -1,
                        237, 297, 298, -1,
                        237, 298, 239, -1,
                        238, 296, 299, -1,
                        238, 299, 297, -1,
                        239, 298, 246, -1,
                        240, 246, 300, -1,
                        240, 300, 301, -1,
                        240, 301, 241, -1,
                        241, 301, 302, -1,
                        241, 302, 242, -1,
                        242, 302, 303, -1,
                        242, 303, 243, -1,
                        243, 303, 304, -1,
                        243, 304, 244, -1,
                        244, 304, 305, -1,
                        244, 305, 306, -1,
                        244, 306, 245, -1,
                        245, 306, 308, -1,
                        245, 308, 247, -1,
                        246, 307, 300, -1,
                        246, 298, 307, -1,
                        247, 308, 309, -1,
                        247, 309, 248, -1,
                        248, 309, 310, -1,
                        248, 310, 249, -1,
                        249, 310, 311, -1,
                        249, 311, 250, -1,
                        250, 311, 252, -1,
                        250, 252, 251, -1,
                        252, 311, 312, -1,
                        252, 312, 253, -1,
                        253, 313, 314, -1,
                        253, 314, 254, -1,
                        253, 312, 313, -1,
                        254, 314, 315, -1,
                        254, 315, 255, -1,
                        255, 315, 316, -1,
                        255, 316, 317, -1,
                        255, 317, 256, -1,
                        256, 317, 257, -1,
                        257, 317, 318, -1,
                        257, 318, 258, -1,
                        258, 318, 319, -1,
                        258, 319, 259, -1,
                        259, 319, 320, -1,
                        259, 320, 260, -1,
                        260, 320, 321, -1,
                        260, 321, 278, -1,
                        261, 283, 322, -1,
                        261, 322, 323, -1,
                        261, 323, 262, -1,
                        262, 323, 324, -1,
                        262, 324, 263, -1,
                        263, 324, 325, -1,
                        263, 325, 264, -1,
                        264, 325, 326, -1,
                        264, 326, 327, -1,
                        264, 327, 265, -1,
                        265, 327, 328, -1,
                        265, 328, 266, -1,
                        266, 328, 267, -1,
                        267, 328, 329, -1,
                        267, 329, 330, -1,
                        267, 330, 268, -1,
                        268, 330, 331, -1,
                        268, 331, 269, -1,
                        269, 331, 332, -1,
                        269, 332, 333, -1,
                        269, 333, 270, -1,
                        272, 334, 273, -1,
                        273, 334, 335, -1,
                        273, 335, 336, -1,
                        273, 336, 337, -1,
                        273, 337, 274, -1,
                        274, 337, 338, -1,
                        274, 338, 339, -1,
                        274, 339, 275, -1,
                        275, 339, 340, -1,
                        275, 340, 341, -1,
                        275, 341, 276, -1,
                        276, 341, 342, -1,
                        276, 342, 277, -1,
                        277, 342, 284, -1,
                        278, 321, 343, -1,
                        278, 343, 279, -1,
                        279, 343, 344, -1,
                        279, 344, 280, -1,
                        280, 344, 281, -1,
                        281, 345, 346, -1,
                        281, 346, 347, -1,
                        281, 347, 282, -1,
                        281, 344, 345, -1,
                        282, 347, 322, -1,
                        282, 322, 283, -1,
                        284, 342, 348, -1,
                        284, 348, 285, -1,
                        285, 348, 349, -1,
                        285, 349, 286, -1,
                        286, 349, 350, -1,
                        286, 350, 287, -1,
                        287, 350, 351, -1,
                        287, 351, 288, -1,
                        288, 351, 290, -1,
                        288, 290, 289, -1,
                        290, 351, 352, -1,
                        290, 352, 353, -1,
                        290, 353, 291, -1,
                        291, 353, 354, -1,
                        291, 354, 355, -1,
                        291, 355, 356, -1,
                        291, 356, 292, -1,
                        292, 356, 357, -1,
                        292, 357, 293, -1,
                        293, 358, 294, -1,
                        293, 357, 358, -1,
                        294, 359, 360, -1,
                        294, 360, 295, -1,
                        294, 358, 359, -1,
                        295, 360, 361, -1,
                        295, 361, 296, -1,
                        296, 361, 362, -1,
                        296, 362, 299, -1,
                        297, 299, 363, -1,
                        297, 363, 298, -1,
                        298, 363, 307, -1,
                        299, 362, 364, -1,
                        299, 364, 363, -1,
                        300, 307, 365, -1,
                        300, 365, 366, -1,
                        300, 366, 301, -1,
                        301, 366, 367, -1,
                        301, 367, 302, -1,
                        302, 367, 368, -1,
                        302, 368, 303, -1,
                        303, 368, 369, -1,
                        303, 369, 304, -1,
                        304, 369, 370, -1,
                        304, 370, 305, -1,
                        305, 370, 371, -1,
                        305, 371, 306, -1,
                        306, 371, 373, -1,
                        306, 373, 308, -1,
                        307, 372, 365, -1,
                        307, 363, 372, -1,
                        308, 373, 374, -1,
                        308, 374, 375, -1,
                        308, 375, 309, -1,
                        309, 375, 310, -1,
                        310, 376, 444, -1,
                        310, 444, 377, -1,
                        310, 377, 311, -1,
                        310, 375, 376, -1,
                        311, 377, 312, -1,
                        312, 377, 378, -1,
                        312, 378, 379, -1,
                        312, 379, 313, -1,
                        313, 379, 380, -1,
                        313, 380, 314, -1,
                        314, 380, 381, -1,
                        314, 381, 315, -1,
                        315, 381, 382, -1,
                        315, 382, 316, -1,
                        316, 382, 383, -1,
                        316, 383, 384, -1,
                        316, 384, 317, -1,
                        317, 384, 318, -1,
                        318, 384, 385, -1,
                        318, 385, 319, -1,
                        319, 385, 386, -1,
                        319, 386, 320, -1,
                        320, 386, 343, -1,
                        320, 343, 321, -1,
                        322, 347, 387, -1,
                        322, 387, 388, -1,
                        322, 388, 323, -1,
                        323, 388, 324, -1,
                        324, 388, 389, -1,
                        324, 389, 390, -1,
                        324, 390, 325, -1,
                        325, 390, 391, -1,
                        325, 391, 326, -1,
                        326, 391, 327, -1,
                        327, 391, 392, -1,
                        327, 392, 393, -1,
                        327, 393, 328, -1,
                        328, 393, 394, -1,
                        328, 394, 329, -1,
                        329, 394, 395, -1,
                        329, 395, 330, -1,
                        330, 395, 396, -1,
                        330, 396, 331, -1,
                        331, 396, 332, -1,
                        332, 396, 463, -1,
                        332, 463, 397, -1,
                        332, 397, 333, -1,
                        334, 398, 335, -1,
                        335, 398, 399, -1,
                        335, 399, 400, -1,
                        335, 400, 401, -1,
                        335, 401, 402, -1,
                        335, 402, 403, -1,
                        335, 403, 336, -1,
                        336, 403, 337, -1,
                        337, 403, 404, -1,
                        337, 404, 338, -1,
                        338, 404, 405, -1,
                        338, 405, 339, -1,
                        339, 405, 406, -1,
                        339, 406, 340, -1,
                        340, 406, 407, -1,
                        340, 407, 341, -1,
                        341, 407, 408, -1,
                        341, 408, 342, -1,
                        342, 408, 348, -1,
                        343, 409, 410, -1,
                        343, 410, 344, -1,
                        343, 386, 409, -1,
                        344, 410, 345, -1,
                        345, 410, 411, -1,
                        345, 411, 412, -1,
                        345, 412, 346, -1,
                        346, 412, 413, -1,
                        346, 413, 414, -1,
                        346, 414, 387, -1,
                        346, 387, 347, -1,
                        348, 408, 415, -1,
                        348, 415, 349, -1,
                        349, 415, 416, -1,
                        349, 416, 350, -1,
                        350, 416, 417, -1,
                        350, 417, 351, -1,
                        351, 417, 352, -1,
                        352, 418, 354, -1,
                        352, 354, 353, -1,
                        352, 417, 418, -1,
                        354, 419, 355, -1,
                        354, 418, 419, -1,
                        355, 420, 356, -1,
                        355, 419, 421, -1,
                        355, 421, 422, -1,
                        355, 422, 420, -1,
                        356, 420, 357, -1,
                        357, 420, 423, -1,
                        357, 423, 424, -1,
                        357, 424, 358, -1,
                        358, 424, 425, -1,
                        358, 425, 426, -1,
                        358, 426, 359, -1,
                        359, 427, 428, -1,
                        359, 428, 360, -1,
                        359, 426, 427, -1,
                        360, 428, 361, -1,
                        361, 428, 429, -1,
                        361, 429, 430, -1,
                        361, 430, 362, -1,
                        362, 430, 431, -1,
                        362, 431, 364, -1,
                        363, 364, 372, -1,
                        364, 431, 432, -1,
                        364, 432, 372, -1,
                        365, 372, 433, -1,
                        365, 433, 434, -1,
                        365, 434, 366, -1,
                        366, 434, 435, -1,
                        366, 435, 367, -1,
                        367, 435, 436, -1,
                        367, 436, 368, -1,
                        368, 436, 369, -1,
                        369, 437, 438, -1,
                        369, 438, 370, -1,
                        369, 436, 437, -1,
                        370, 438, 439, -1,
                        370, 439, 371, -1,
                        371, 439, 440, -1,
                        371, 440, 373, -1,
                        372, 432, 433, -1,
                        373, 440, 441, -1,
                        373, 441, 374, -1,
                        374, 441, 442, -1,
                        374, 442, 375, -1,
                        375, 442, 443, -1,
                        375, 443, 376, -1,
                        376, 443, 444, -1,
                        377, 444, 378, -1,
                        378, 444, 445, -1,
                        378, 445, 379, -1,
                        379, 446, 447, -1,
                        379, 447, 380, -1,
                        379, 445, 446, -1,
                        380, 447, 448, -1,
                        380, 448, 381, -1,
                        381, 448, 449, -1,
                        381, 449, 382, -1,
                        382, 449, 450, -1,
                        382, 450, 383, -1,
                        383, 450, 451, -1,
                        383, 451, 452, -1,
                        383, 452, 384, -1,
                        384, 452, 385, -1,
                        385, 452, 453, -1,
                        385, 453, 386, -1,
                        386, 453, 409, -1,
                        387, 414, 454, -1,
                        387, 454, 455, -1,
                        387, 455, 388, -1,
                        388, 455, 456, -1,
                        388, 456, 389, -1,
                        389, 456, 390, -1,
                        390, 456, 457, -1,
                        390, 457, 458, -1,
                        390, 458, 391, -1,
                        391, 458, 392, -1,
                        392, 458, 459, -1,
                        392, 459, 460, -1,
                        392, 460, 393, -1,
                        393, 460, 394, -1,
                        394, 460, 395, -1,
                        395, 460, 461, -1,
                        395, 461, 462, -1,
                        395, 462, 396, -1,
                        396, 462, 533, -1,
                        396, 533, 463, -1,
                        399, 464, 400, -1,
                        400, 464, 401, -1,
                        401, 464, 465, -1,
                        401, 465, 402, -1,
                        402, 465, 403, -1,
                        403, 465, 466, -1,
                        403, 466, 404, -1,
                        404, 466, 467, -1,
                        404, 467, 468, -1,
                        404, 468, 405, -1,
                        405, 468, 469, -1,
                        405, 469, 406, -1,
                        406, 469, 470, -1,
                        406, 470, 407, -1,
                        407, 470, 471, -1,
                        407, 471, 408, -1,
                        408, 471, 415, -1,
                        409, 453, 472, -1,
                        409, 472, 473, -1,
                        409, 473, 410, -1,
                        410, 473, 411, -1,
                        411, 473, 412, -1,
                        412, 473, 474, -1,
                        412, 474, 413, -1,
                        413, 474, 475, -1,
                        413, 475, 476, -1,
                        413, 476, 477, -1,
                        413, 477, 478, -1,
                        413, 478, 414, -1,
                        414, 478, 454, -1,
                        415, 471, 479, -1,
                        415, 479, 416, -1,
                        416, 479, 480, -1,
                        416, 480, 417, -1,
                        417, 480, 418, -1,
                        418, 480, 419, -1,
                        419, 480, 481, -1,
                        419, 481, 421, -1,
                        420, 422, 423, -1,
                        421, 482, 422, -1,
                        421, 481, 483, -1,
                        421, 483, 482, -1,
                        422, 482, 484, -1,
                        422, 484, 423, -1,
                        423, 484, 485, -1,
                        423, 485, 424, -1,
                        424, 485, 486, -1,
                        424, 486, 425, -1,
                        425, 487, 426, -1,
                        425, 486, 487, -1,
                        426, 487, 488, -1,
                        426, 488, 489, -1,
                        426, 489, 427, -1,
                        427, 490, 561, -1,
                        427, 561, 491, -1,
                        427, 491, 428, -1,
                        427, 489, 492, -1,
                        427, 492, 490, -1,
                        428, 491, 493, -1,
                        428, 493, 429, -1,
                        429, 493, 494, -1,
                        429, 494, 430, -1,
                        430, 494, 495, -1,
                        430, 495, 496, -1,
                        430, 496, 431, -1,
                        431, 496, 497, -1,
                        431, 497, 432, -1,
                        432, 497, 498, -1,
                        432, 498, 433, -1,
                        433, 498, 499, -1,
                        433, 499, 434, -1,
                        434, 499, 500, -1,
                        434, 500, 435, -1,
                        435, 500, 501, -1,
                        435, 501, 436, -1,
                        436, 501, 502, -1,
                        436, 502, 437, -1,
                        437, 502, 438, -1,
                        438, 502, 503, -1,
                        438, 503, 504, -1,
                        438, 504, 439, -1,
                        439, 504, 505, -1,
                        439, 505, 506, -1,
                        439, 506, 440, -1,
                        440, 506, 507, -1,
                        440, 507, 441, -1,
                        441, 507, 442, -1,
                        442, 508, 509, -1,
                        442, 509, 443, -1,
                        442, 507, 508, -1,
                        443, 509, 580, -1,
                        443, 580, 510, -1,
                        443, 510, 444, -1,
                        444, 510, 445, -1,
                        445, 510, 511, -1,
                        445, 511, 446, -1,
                        446, 512, 513, -1,
                        446, 513, 447, -1,
                        446, 511, 512, -1,
                        447, 513, 514, -1,
                        447, 514, 448, -1,
                        448, 514, 515, -1,
                        448, 515, 449, -1,
                        449, 515, 516, -1,
                        449, 516, 450, -1,
                        450, 516, 517, -1,
                        450, 517, 451, -1,
                        451, 517, 518, -1,
                        451, 518, 519, -1,
                        451, 519, 452, -1,
                        452, 519, 472, -1,
                        452, 472, 453, -1,
                        454, 478, 520, -1,
                        454, 520, 521, -1,
                        454, 521, 455, -1,
                        455, 521, 456, -1,
                        456, 521, 522, -1,
                        456, 522, 523, -1,
                        456, 523, 457, -1,
                        457, 523, 458, -1,
                        458, 523, 524, -1,
                        458, 524, 525, -1,
                        458, 525, 459, -1,
                        459, 525, 526, -1,
                        459, 526, 460, -1,
                        460, 526, 461, -1,
                        461, 526, 527, -1,
                        461, 527, 462, -1,
                        462, 527, 528, -1,
                        462, 528, 529, -1,
                        462, 529, 530, -1,
                        462, 530, 531, -1,
                        462, 531, 532, -1,
                        462, 532, 533, -1,
                        464, 534, 535, -1,
                        464, 535, 465, -1,
                        465, 535, 597, -1,
                        465, 597, 536, -1,
                        465, 536, 537, -1,
                        465, 537, 538, -1,
                        465, 538, 466, -1,
                        466, 538, 539, -1,
                        466, 539, 540, -1,
                        466, 540, 467, -1,
                        467, 540, 468, -1,
                        468, 540, 541, -1,
                        468, 541, 469, -1,
                        469, 541, 542, -1,
                        469, 542, 470, -1,
                        470, 542, 543, -1,
                        470, 543, 471, -1,
                        471, 543, 479, -1,
                        472, 518, 544, -1,
                        472, 544, 474, -1,
                        472, 474, 473, -1,
                        472, 519, 518, -1,
                        474, 544, 475, -1,
                        475, 545, 476, -1,
                        475, 544, 546, -1,
                        475, 546, 545, -1,
                        476, 547, 548, -1,
                        476, 548, 549, -1,
                        476, 549, 477, -1,
                        476, 545, 547, -1,
                        477, 549, 478, -1,
                        478, 549, 520, -1,
                        479, 543, 483, -1,
                        479, 483, 481, -1,
                        479, 481, 480, -1,
                        482, 550, 484, -1,
                        482, 483, 551, -1,
                        482, 551, 550, -1,
                        483, 543, 542, -1,
                        483, 542, 551, -1,
                        484, 550, 552, -1,
                        484, 552, 486, -1,
                        484, 486, 485, -1,
                        486, 553, 554, -1,
                        486, 554, 555, -1,
                        486, 555, 488, -1,
                        486, 488, 487, -1,
                        486, 552, 556, -1,
                        486, 556, 557, -1,
                        486, 557, 608, -1,
                        486, 608, 553, -1,
                        488, 555, 558, -1,
                        488, 558, 559, -1,
                        488, 559, 492, -1,
                        488, 492, 489, -1,
                        490, 560, 561, -1,
                        490, 492, 559, -1,
                        490, 559, 560, -1,
                        491, 561, 493, -1,
                        493, 562, 563, -1,
                        493, 563, 564, -1,
                        493, 564, 494, -1,
                        493, 561, 614, -1,
                        493, 614, 562, -1,
                        494, 564, 495, -1,
                        495, 565, 620, -1,
                        495, 620, 566, -1,
                        495, 566, 496, -1,
                        495, 564, 565, -1,
                        496, 566, 497, -1,
                        497, 566, 567, -1,
                        497, 567, 498, -1,
                        498, 567, 568, -1,
                        498, 568, 499, -1,
                        499, 568, 500, -1,
                        500, 569, 570, -1,
                        500, 570, 501, -1,
                        500, 568, 569, -1,
                        501, 570, 571, -1,
                        501, 571, 502, -1,
                        502, 571, 572, -1,
                        502, 572, 503, -1,
                        503, 572, 573, -1,
                        503, 573, 504, -1,
                        504, 573, 574, -1,
                        504, 574, 505, -1,
                        505, 574, 575, -1,
                        505, 575, 506, -1,
                        506, 575, 507, -1,
                        507, 576, 577, -1,
                        507, 577, 578, -1,
                        507, 578, 508, -1,
                        507, 575, 576, -1,
                        508, 578, 509, -1,
                        509, 579, 580, -1,
                        509, 578, 579, -1,
                        510, 580, 511, -1,
                        511, 580, 581, -1,
                        511, 581, 512, -1,
                        512, 582, 583, -1,
                        512, 583, 513, -1,
                        512, 581, 582, -1,
                        513, 583, 584, -1,
                        513, 584, 514, -1,
                        514, 584, 585, -1,
                        514, 585, 515, -1,
                        515, 585, 516, -1,
                        516, 586, 587, -1,
                        516, 587, 517, -1,
                        516, 585, 586, -1,
                        517, 587, 588, -1,
                        517, 588, 518, -1,
                        518, 588, 546, -1,
                        518, 546, 544, -1,
                        520, 549, 589, -1,
                        520, 589, 521, -1,
                        521, 589, 522, -1,
                        522, 589, 590, -1,
                        522, 590, 523, -1,
                        523, 590, 591, -1,
                        523, 591, 524, -1,
                        524, 591, 592, -1,
                        524, 592, 525, -1,
                        525, 592, 526, -1,
                        526, 592, 593, -1,
                        526, 593, 594, -1,
                        526, 594, 527, -1,
                        527, 594, 528, -1,
                        528, 594, 529, -1,
                        529, 594, 530, -1,
                        530, 594, 531, -1,
                        531, 595, 532, -1,
                        531, 594, 596, -1,
                        531, 596, 595, -1,
                        534, 597, 535, -1,
                        536, 597, 648, -1,
                        536, 648, 598, -1,
                        536, 598, 537, -1,
                        537, 598, 599, -1,
                        537, 599, 538, -1,
                        538, 599, 600, -1,
                        538, 600, 601, -1,
                        538, 601, 539, -1,
                        539, 601, 540, -1,
                        540, 601, 602, -1,
                        540, 602, 541, -1,
                        541, 602, 551, -1,
                        541, 551, 542, -1,
                        545, 546, 603, -1,
                        545, 603, 604, -1,
                        545, 604, 547, -1,
                        546, 588, 603, -1,
                        547, 604, 605, -1,
                        547, 605, 548, -1,
                        548, 606, 590, -1,
                        548, 590, 589, -1,
                        548, 589, 549, -1,
                        548, 605, 606, -1,
                        550, 551, 602, -1,
                        550, 602, 601, -1,
                        550, 601, 607, -1,
                        550, 607, 556, -1,
                        550, 556, 552, -1,
                        554, 609, 555, -1,
                        555, 609, 611, -1,
                        555, 611, 558, -1,
                        556, 607, 557, -1,
                        557, 607, 610, -1,
                        557, 610, 608, -1,
                        558, 611, 612, -1,
                        558, 612, 560, -1,
                        558, 560, 559, -1,
                        560, 612, 653, -1,
                        560, 653, 613, -1,
                        560, 613, 614, -1,
                        560, 614, 561, -1,
                        562, 615, 654, -1,
                        562, 654, 616, -1,
                        562, 616, 563, -1,
                        562, 614, 613, -1,
                        562, 613, 653, -1,
                        562, 653, 615, -1,
                        563, 616, 617, -1,
                        563, 617, 618, -1,
                        563, 618, 565, -1,
                        563, 565, 564, -1,
                        565, 618, 619, -1,
                        565, 619, 620, -1,
                        566, 620, 621, -1,
                        566, 621, 567, -1,
                        567, 621, 622, -1,
                        567, 622, 568, -1,
                        568, 622, 623, -1,
                        568, 623, 569, -1,
                        569, 623, 624, -1,
                        569, 624, 570, -1,
                        570, 624, 625, -1,
                        570, 625, 571, -1,
                        571, 625, 626, -1,
                        571, 626, 627, -1,
                        571, 627, 572, -1,
                        572, 627, 628, -1,
                        572, 628, 573, -1,
                        573, 628, 574, -1,
                        574, 628, 575, -1,
                        575, 628, 576, -1,
                        576, 628, 629, -1,
                        576, 629, 630, -1,
                        576, 630, 577, -1,
                        577, 630, 578, -1,
                        578, 631, 633, -1,
                        578, 633, 579, -1,
                        578, 630, 632, -1,
                        578, 632, 631, -1,
                        579, 633, 634, -1,
                        579, 634, 580, -1,
                        580, 634, 581, -1,
                        581, 634, 635, -1,
                        581, 635, 582, -1,
                        582, 636, 637, -1,
                        582, 637, 583, -1,
                        582, 635, 636, -1,
                        583, 637, 638, -1,
                        583, 638, 584, -1,
                        584, 638, 639, -1,
                        584, 639, 585, -1,
                        585, 639, 640, -1,
                        585, 640, 586, -1,
                        586, 640, 641, -1,
                        586, 641, 587, -1,
                        587, 641, 642, -1,
                        587, 642, 588, -1,
                        588, 642, 603, -1,
                        590, 606, 643, -1,
                        590, 643, 591, -1,
                        591, 643, 592, -1,
                        592, 643, 644, -1,
                        592, 644, 645, -1,
                        592, 645, 593, -1,
                        593, 645, 594, -1,
                        594, 645, 646, -1,
                        594, 646, 679, -1,
                        594, 679, 647, -1,
                        594, 647, 596, -1,
                        598, 648, 652, -1,
                        598, 652, 607, -1,
                        598, 607, 599, -1,
                        599, 607, 600, -1,
                        600, 607, 601, -1,
                        603, 649, 604, -1,
                        603, 642, 649, -1,
                        604, 650, 651, -1,
                        604, 651, 605, -1,
                        604, 649, 650, -1,
                        605, 651, 606, -1,
                        606, 651, 643, -1,
                        607, 652, 610, -1,
                        616, 654, 655, -1,
                        616, 655, 617, -1,
                        617, 655, 656, -1,
                        617, 656, 657, -1,
                        617, 657, 619, -1,
                        617, 619, 618, -1,
                        619, 657, 684, -1,
                        619, 684, 658, -1,
                        619, 658, 621, -1,
                        619, 621, 620, -1,
                        621, 658, 659, -1,
                        621, 659, 622, -1,
                        622, 659, 660, -1,
                        622, 660, 623, -1,
                        623, 660, 661, -1,
                        623, 661, 624, -1,
                        624, 661, 625, -1,
                        625, 661, 626, -1,
                        626, 661, 662, -1,
                        631, 632, 633, -1,
                        632, 663, 633, -1,
                        633, 664, 691, -1,
                        633, 691, 665, -1,
                        633, 665, 634, -1,
                        633, 663, 664, -1,
                        634, 665, 635, -1,
                        635, 665, 666, -1,
                        635, 666, 636, -1,
                        636, 667, 668, -1,
                        636, 668, 637, -1,
                        636, 666, 692, -1,
                        636, 692, 667, -1,
                        637, 668, 669, -1,
                        637, 669, 638, -1,
                        638, 669, 670, -1,
                        638, 670, 639, -1,
                        639, 670, 671, -1,
                        639, 671, 640, -1,
                        640, 671, 672, -1,
                        640, 672, 641, -1,
                        641, 673, 674, -1,
                        641, 674, 642, -1,
                        641, 672, 673, -1,
                        642, 674, 649, -1,
                        643, 651, 675, -1,
                        643, 675, 676, -1,
                        643, 676, 644, -1,
                        644, 676, 645, -1,
                        645, 676, 677, -1,
                        645, 677, 646, -1,
                        646, 678, 679, -1,
                        646, 677, 678, -1,
                        649, 680, 681, -1,
                        649, 681, 650, -1,
                        649, 674, 680, -1,
                        650, 681, 651, -1,
                        651, 681, 675, -1,
                        656, 682, 657, -1,
                        657, 682, 683, -1,
                        657, 683, 684, -1,
                        658, 684, 685, -1,
                        658, 685, 659, -1,
                        659, 685, 660, -1,
                        660, 686, 687, -1,
                        660, 687, 661, -1,
                        660, 685, 686, -1,
                        661, 687, 662, -1,
                        662, 687, 688, -1,
                        663, 689, 690, -1,
                        663, 690, 664, -1,
                        664, 690, 722, -1,
                        664, 722, 691, -1,
                        665, 691, 692, -1,
                        665, 692, 666, -1,
                        667, 693, 668, -1,
                        667, 692, 693, -1,
                        668, 694, 669, -1,
                        668, 693, 694, -1,
                        669, 694, 695, -1,
                        669, 695, 696, -1,
                        669, 696, 697, -1,
                        669, 697, 670, -1,
                        670, 697, 698, -1,
                        670, 698, 671, -1,
                        671, 698, 699, -1,
                        671, 699, 672, -1,
                        672, 699, 673, -1,
                        673, 699, 700, -1,
                        673, 700, 701, -1,
                        673, 701, 702, -1,
                        673, 702, 703, -1,
                        673, 703, 704, -1,
                        673, 704, 705, -1,
                        673, 705, 706, -1,
                        673, 706, 707, -1,
                        673, 707, 680, -1,
                        673, 680, 674, -1,
                        675, 681, 676, -1,
                        676, 681, 708, -1,
                        676, 708, 709, -1,
                        676, 709, 677, -1,
                        677, 709, 710, -1,
                        677, 710, 711, -1,
                        677, 711, 712, -1,
                        677, 712, 713, -1,
                        677, 713, 714, -1,
                        677, 714, 715, -1,
                        677, 715, 678, -1,
                        680, 707, 709, -1,
                        680, 709, 708, -1,
                        680, 708, 681, -1,
                        683, 716, 684, -1,
                        684, 716, 717, -1,
                        684, 717, 685, -1,
                        685, 718, 719, -1,
                        685, 719, 686, -1,
                        685, 717, 718, -1,
                        686, 719, 720, -1,
                        686, 720, 688, -1,
                        686, 688, 687, -1,
                        689, 721, 690, -1,
                        690, 721, 722, -1,
                        691, 722, 692, -1,
                        692, 722, 723, -1,
                        692, 723, 724, -1,
                        692, 724, 693, -1,
                        693, 725, 726, -1,
                        693, 726, 694, -1,
                        693, 724, 727, -1,
                        693, 727, 725, -1,
                        694, 726, 695, -1,
                        696, 728, 697, -1,
                        697, 728, 729, -1,
                        697, 729, 698, -1,
                        698, 729, 730, -1,
                        698, 730, 699, -1,
                        699, 731, 732, -1,
                        699, 732, 700, -1,
                        699, 730, 731, -1,
                        701, 733, 702, -1,
                        702, 733, 713, -1,
                        702, 713, 712, -1,
                        702, 712, 703, -1,
                        703, 712, 711, -1,
                        703, 711, 704, -1,
                        704, 711, 710, -1,
                        704, 710, 705, -1,
                        705, 710, 706, -1,
                        706, 710, 709, -1,
                        706, 709, 707, -1,
                        713, 733, 734, -1,
                        713, 734, 714, -1,
                        721, 735, 722, -1,
                        722, 735, 723, -1,
                        723, 736, 724, -1,
                        724, 736, 727, -1,
                ]
            }
        }
    ]
}
#VRML V2.0 utf8

# Vertices: 404
# Triangles: 804

Group {
    children [
        Shape {
            appearance Appearance {
                material Material {
                    diffuseColor 0.860000 0.920000 0.490000
                    ambientIntensity 0.400000
                    specularColor 0.500000 0.500000 0.500000
                    emissiveColor 0.000000 0.000000 0.000000
                    shininess 0.400000
                    transparency 0.500000
                }
            }
            geometry IndexedFaceSet {
                ccw TRUE
                solid TRUE
                convex TRUE
                coord DEF co Coordinate {
                    point [
                        -0.232537 -0.123397 0.113590,
                        -0.232537 -0.349242 0.120954,
                        -0.232537 -0.123397 0.004659,
                        -0.691030 -0.123397 0.124672,
                        -0.232537 -0.351415 0.120847,
                        -0.691030 -0.319512 0.125694,
                        -0.676177 -0.334363 0.125408,
                        -0.232537 -0.125895 0.004648,
                        -0.233348 -0.123397 0.004659,
                        -0.702942 -0.123397 0.124601,
                        -0.232537 -0.364094 0.120218,
                        -0.705882 -0.123397 0.124577,
                        -0.705882 -0.289781 0.124862,
                        -0.705882 -0.304633 0.124874,
                        -0.705882 -0.319512 0.124731,
                        -0.691030 -0.334363 0.125492,
                        -0.676177 -0.349242 0.124648,
                        -0.232537 -0.153861 0.004517,
                        -0.575101 -0.123397 0.004909,
                        -0.232537 -0.365235 0.120052,
                        -0.717135 -0.123397 0.122047,
                        -0.719923 -0.123397 0.121406,
                        -0.719974 -0.274929 0.121465,
                        -0.719974 -0.289781 0.121465,
                        -0.719923 -0.304633 0.121418,
                        -0.719821 -0.319512 0.121334,
                        -0.705882 -0.334363 0.124339,
                        -0.719517 -0.334363 0.121132,
                        -0.705882 -0.349242 0.123413,
                        -0.691030 -0.349242 0.124482,
                        -0.691030 -0.364094 0.121619,
                        -0.676177 -0.364094 0.121631,
                        -0.232537 -0.371887 0.119042,
                        -0.232537 -0.170912 0.004457,
                        -0.587013 -0.123397 0.004921,
                        -0.232537 -0.185791 0.004410,
                        -0.725854 -0.123397 0.119054,
                        -0.727374 -0.260077 0.118484,
                        -0.727374 -0.304633 0.118484,
                        -0.727222 -0.319512 0.118436,
                        -0.726969 -0.334363 0.118329,
                        -0.718909 -0.349242 0.120717,
                        -0.726310 -0.349242 0.118139,
                        -0.716223 -0.364094 0.119731,
                        -0.713739 -0.371697 0.118971,
                        -0.705882 -0.364094 0.121061,
                        -0.705882 -0.371995 0.119125,
                        -0.691030 -0.372185 0.119232,
                        -0.232537 -0.379326 0.114909,
                        -0.232537 -0.198471 0.004386,
                        -0.232537 -0.213322 0.004362,
                        -0.587013 -0.215495 0.004921,
                        -0.601866 -0.123397 0.004956,
                        -0.727324 -0.123397 0.118460,
                        -0.733711 -0.123397 0.112509,
                        -0.735282 -0.123397 0.111036,
                        -0.735282 -0.260077 0.111048,
                        -0.735231 -0.274929 0.111060,
                        -0.735181 -0.289781 0.111060,
                        -0.735079 -0.304633 0.111048,
                        -0.734978 -0.319512 0.111001,
                        -0.734775 -0.334363 0.110906,
                        -0.734420 -0.349242 0.110716,
                        -0.723623 -0.364094 0.117664,
                        -0.733761 -0.364094 0.110229,
                        -0.705882 -0.379435 0.114125,
                        -0.719517 -0.377588 0.113400,
                        -0.691030 -0.379598 0.114220,
                        -0.616718 -0.379489 0.114718,
                        -0.601866 -0.379462 0.114814,
                        -0.587013 -0.379408 0.114861,
                        -0.572161 -0.379353 0.114897,
                        -0.232537 -0.389372 0.107473,
                        -0.232537 -0.245225 0.004362,
                        -0.587013 -0.230374 0.004933,
                        -0.601866 -0.215495 0.004956,
                        -0.616718 -0.123397 0.005016,
                        -0.741213 -0.123397 0.104907,
                        -0.742683 -0.123397 0.103387,
                        -0.742683 -0.230374 0.103387,
                        -0.742683 -0.245225 0.103375,
                        -0.742683 -0.260077 0.103351,
                        -0.742683 -0.274929 0.103316,
                        -0.742632 -0.289781 0.103221,
                        -0.742531 -0.304633 0.103066,
                        -0.742379 -0.319512 0.102793,
                        -0.742176 -0.334363 0.102271,
                        -0.730821 -0.378946 0.107034,
                        -0.741872 -0.349242 0.101023,
                        -0.741213 -0.364339 0.096522,
                        -0.720734 -0.387336 0.105394,
                        -0.705882 -0.388368 0.106701,
                        -0.691030 -0.388639 0.106784,
                        -0.728287 -0.386440 0.104135,
                        -0.616718 -0.389182 0.107283,
                        -0.601866 -0.389264 0.107378,
                        -0.587013 -0.389318 0.107437,
                        -0.572161 -0.389345 0.107461,
                        -0.557258 -0.389345 0.107473,
                        -0.497849 -0.389372 0.107473,
                        -0.232537 -0.390322 0.105881,
                        -0.232537 -0.257905 0.004398,
                        -0.601866 -0.245225 0.004980,
                        -0.601866 -0.230374 0.004968,
                        -0.616718 -0.230374 0.005028,
                        -0.616718 -0.185791 0.005016,
                        -0.631570 -0.123397 0.005170,
                        -0.745268 -0.123397 0.097436,
                        -0.745876 -0.245225 0.095952,
                        -0.745876 -0.260077 0.095928,
                        -0.745876 -0.274929 0.095880,
                        -0.745876 -0.289781 0.095797,
                        -0.745826 -0.304633 0.095631,
                        -0.745673 -0.319512 0.095358,
                        -0.745319 -0.334363 0.094835,
                        -0.734826 -0.378946 0.096593,
                        -0.744609 -0.349242 0.093588,
                        -0.743798 -0.359533 0.091509,
                        -0.742176 -0.368791 0.081734,
                        -0.705882 -0.392902 0.096593,
                        -0.691030 -0.393988 0.096593,
                        -0.676177 -0.394477 0.096593,
                        -0.661325 -0.394830 0.096593,
                        -0.631570 -0.395373 0.096593,
                        -0.616718 -0.395563 0.096593,
                        -0.728946 -0.386983 0.096593,
                        -0.720734 -0.391381 0.081734,
                        -0.720734 -0.389834 0.096593,
                        -0.601866 -0.395698 0.096593,
                        -0.587013 -0.395780 0.096593,
                        -0.572161 -0.395834 0.096593,
                        -0.557258 -0.395861 0.096593,
                        -0.232537 -0.395861 0.096593,
                        -0.232537 -0.260077 0.004410,
                        -0.601866 -0.260077 0.005028,
                        -0.616718 -0.245225 0.005051,
                        -0.631570 -0.230374 0.005182,
                        -0.631570 -0.215495 0.005170,
                        -0.646422 -0.123397 0.005503,
                        -0.745876 -0.123397 0.095952,
                        -0.749070 -0.123397 0.084561,
                        -0.749830 -0.274929 0.081734,
                        -0.749779 -0.289781 0.081734,
                        -0.749678 -0.304633 0.081734,
                        -0.749323 -0.319512 0.081734,
                        -0.748613 -0.334363 0.081734,
                        -0.735890 -0.378946 0.081734,
                        -0.747042 -0.349242 0.081734,
                        -0.744457 -0.361352 0.081734,
                        -0.741618 -0.368167 0.066875,
                        -0.744508 -0.360755 0.066875,
                        -0.705882 -0.395889 0.081734,
                        -0.691030 -0.397871 0.081734,
                        -0.676177 -0.398902 0.081734,
                        -0.661325 -0.399473 0.081734,
                        -0.646422 -0.399798 0.081734,
                        -0.631570 -0.399988 0.081734,
                        -0.729351 -0.387309 0.081734,
                        -0.728794 -0.386874 0.071448,
                        -0.721798 -0.389617 0.066649,
                        -0.705882 -0.395427 0.066875,
                        -0.601866 -0.400233 0.081734,
                        -0.616718 -0.400124 0.081734,
                        -0.572161 -0.400287 0.081734,
                        -0.557258 -0.400314 0.081734,
                        -0.245260 -0.400314 0.081734,
                        -0.232537 -0.396513 0.094408,
                        -0.232537 -0.274929 0.004517,
                        -0.587013 -0.274929 0.005111,
                        -0.601866 -0.274929 0.005146,
                        -0.616718 -0.260077 0.005099,
                        -0.631570 -0.245225 0.005206,
                        -0.646422 -0.245225 0.005526,
                        -0.646422 -0.230374 0.005515,
                        -0.646422 -0.215495 0.005503,
                        -0.649413 -0.123397 0.005610,
                        -0.749830 -0.123397 0.081734,
                        -0.750388 -0.274929 0.066875,
                        -0.750337 -0.289781 0.066875,
                        -0.750236 -0.304633 0.066875,
                        -0.749881 -0.319512 0.066875,
                        -0.749120 -0.334363 0.066875,
                        -0.733356 -0.380168 0.066649,
                        -0.747296 -0.349242 0.066875,
                        -0.743849 -0.358718 0.056434,
                        -0.740199 -0.363823 0.051695,
                        -0.732494 -0.376692 0.052016,
                        -0.691030 -0.397979 0.066875,
                        -0.676177 -0.399282 0.066875,
                        -0.661325 -0.399907 0.066875,
                        -0.646422 -0.400233 0.066875,
                        -0.631570 -0.400423 0.066875,
                        -0.727476 -0.385924 0.061554,
                        -0.717135 -0.388259 0.052016,
                        -0.705882 -0.392033 0.052016,
                        -0.691030 -0.394911 0.052016,
                        -0.601866 -0.400586 0.066875,
                        -0.616718 -0.400531 0.066875,
                        -0.572161 -0.400613 0.066875,
                        -0.232537 -0.400749 0.068098,
                        -0.232537 -0.400477 0.080499,
                        -0.232537 -0.287609 0.004707,
                        -0.587013 -0.289781 0.005325,
                        -0.601866 -0.289781 0.005360,
                        -0.616718 -0.289781 0.005420,
                        -0.616718 -0.274929 0.005218,
                        -0.631570 -0.274929 0.005360,
                        -0.631570 -0.260077 0.005253,
                        -0.646422 -0.260077 0.005574,
                        -0.661325 -0.260077 0.006120,
                        -0.661325 -0.245225 0.006085,
                        -0.661325 -0.230374 0.006061,
                        -0.661325 -0.200643 0.006049,
                        -0.661325 -0.123397 0.006049,
                        -0.750337 -0.123397 0.066875,
                        -0.748107 -0.123397 0.054973,
                        -0.747549 -0.123397 0.052016,
                        -0.747549 -0.289781 0.052016,
                        -0.747448 -0.304633 0.052016,
                        -0.747093 -0.319512 0.052016,
                        -0.746282 -0.334363 0.052016,
                        -0.744609 -0.348428 0.051695,
                        -0.742429 -0.352826 0.046528,
                        -0.730264 -0.373923 0.041872,
                        -0.676177 -0.396323 0.052016,
                        -0.661325 -0.397029 0.052016,
                        -0.646422 -0.397382 0.052016,
                        -0.631570 -0.397572 0.052016,
                        -0.724536 -0.384105 0.052016,
                        -0.714144 -0.386793 0.043963,
                        -0.705882 -0.387987 0.042134,
                        -0.691030 -0.389454 0.039889,
                        -0.587013 -0.397708 0.052016,
                        -0.616718 -0.397653 0.052016,
                        -0.232537 -0.397735 0.052016,
                        -0.245260 -0.400613 0.066875,
                        -0.232537 -0.289781 0.004743,
                        -0.587013 -0.304633 0.005764,
                        -0.601866 -0.304633 0.005800,
                        -0.616718 -0.304633 0.005859,
                        -0.631570 -0.304633 0.006002,
                        -0.631570 -0.289781 0.005574,
                        -0.646422 -0.274929 0.005681,
                        -0.661325 -0.274929 0.006239,
                        -0.676177 -0.274929 0.007344,
                        -0.676177 -0.260077 0.007237,
                        -0.676177 -0.245225 0.007189,
                        -0.676177 -0.230374 0.007177,
                        -0.676177 -0.215495 0.007166,
                        -0.676177 -0.123397 0.007166,
                        -0.744153 -0.123397 0.042561,
                        -0.744153 -0.245225 0.042549,
                        -0.744153 -0.274929 0.042549,
                        -0.744153 -0.289781 0.042573,
                        -0.744102 -0.304633 0.042680,
                        -0.743950 -0.319512 0.042989,
                        -0.743544 -0.334363 0.043702,
                        -0.743190 -0.342916 0.044319,
                        -0.738070 -0.348428 0.038475,
                        -0.728743 -0.357822 0.029246,
                        -0.732393 -0.363307 0.037014,
                        -0.724992 -0.367733 0.031966,
                        -0.715107 -0.372701 0.028866,
                        -0.719568 -0.378267 0.037965,
                        -0.676177 -0.390187 0.038796,
                        -0.661325 -0.390540 0.038214,
                        -0.646422 -0.390730 0.037917,
                        -0.631570 -0.390838 0.037775,
                        -0.705882 -0.382014 0.034698,
                        -0.691030 -0.383969 0.032453,
                        -0.676177 -0.384947 0.031361,
                        -0.601866 -0.390893 0.037691,
                        -0.572161 -0.390893 0.037668,
                        -0.232537 -0.390920 0.037573,
                        -0.616718 -0.390866 0.037715,
                        -0.232537 -0.302461 0.005123,
                        -0.601866 -0.319512 0.006690,
                        -0.232537 -0.304633 0.005194,
                        -0.616718 -0.319512 0.006750,
                        -0.631570 -0.319512 0.006892,
                        -0.646422 -0.319512 0.007201,
                        -0.646422 -0.304633 0.006322,
                        -0.646422 -0.289781 0.005895,
                        -0.661325 -0.289781 0.006429,
                        -0.676177 -0.289781 0.007534,
                        -0.691030 -0.289781 0.009601,
                        -0.691030 -0.274929 0.009422,
                        -0.691030 -0.260077 0.009327,
                        -0.691030 -0.245225 0.009292,
                        -0.691030 -0.230374 0.009280,
                        -0.691030 -0.215495 0.009268,
                        -0.679117 -0.123397 0.007581,
                        -0.739236 -0.260077 0.035114,
                        -0.739236 -0.123397 0.035138,
                        -0.739236 -0.274929 0.035114,
                        -0.739185 -0.289781 0.035150,
                        -0.739084 -0.304633 0.035256,
                        -0.738830 -0.319512 0.035565,
                        -0.738374 -0.334363 0.036266,
                        -0.729807 -0.349242 0.028320,
                        -0.720734 -0.349242 0.023129,
                        -0.720328 -0.363307 0.027156,
                        -0.705882 -0.364094 0.022060,
                        -0.705882 -0.374602 0.027429,
                        -0.661325 -0.385462 0.030790,
                        -0.646422 -0.385734 0.030482,
                        -0.631570 -0.385870 0.030351,
                        -0.616718 -0.385924 0.030280,
                        -0.691030 -0.376530 0.025956,
                        -0.676177 -0.377507 0.025196,
                        -0.587013 -0.385951 0.030244,
                        -0.232537 -0.386033 0.030137,
                        -0.232537 -0.390214 0.036480,
                        -0.587013 -0.319512 0.006667,
                        -0.587013 -0.334363 0.008140,
                        -0.601866 -0.334363 0.008175,
                        -0.616718 -0.334363 0.008223,
                        -0.232537 -0.319512 0.006132,
                        -0.631570 -0.334363 0.008353,
                        -0.646422 -0.334363 0.008638,
                        -0.661325 -0.334363 0.009149,
                        -0.661325 -0.319512 0.007724,
                        -0.661325 -0.304633 0.006857,
                        -0.676177 -0.304633 0.007938,
                        -0.691030 -0.304633 0.009981,
                        -0.705071 -0.304633 0.013057,
                        -0.705527 -0.289781 0.012879,
                        -0.705730 -0.274929 0.012808,
                        -0.705780 -0.260077 0.012760,
                        -0.705831 -0.245225 0.012748,
                        -0.705831 -0.230374 0.012736,
                        -0.691030 -0.123397 0.009268,
                        -0.731835 -0.123397 0.026479,
                        -0.731835 -0.245225 0.026479,
                        -0.731835 -0.260077 0.026491,
                        -0.731784 -0.289781 0.026550,
                        -0.731683 -0.304633 0.026657,
                        -0.731430 -0.319512 0.026895,
                        -0.730923 -0.334363 0.027358,
                        -0.720734 -0.334363 0.021027,
                        -0.709177 -0.334363 0.015979,
                        -0.705121 -0.348591 0.017095,
                        -0.691030 -0.353804 0.015468,
                        -0.691030 -0.364094 0.019126,
                        -0.661325 -0.378050 0.024745,
                        -0.646422 -0.378294 0.024507,
                        -0.631570 -0.378430 0.024412,
                        -0.616718 -0.378484 0.024353,
                        -0.601866 -0.378512 0.024329,
                        -0.677242 -0.363171 0.017226,
                        -0.661325 -0.365886 0.017309,
                        -0.232537 -0.378620 0.024186,
                        -0.232537 -0.384947 0.029258,
                        -0.587013 -0.349242 0.010788,
                        -0.601866 -0.349242 0.010812,
                        -0.232537 -0.334363 0.007676,
                        -0.616718 -0.349242 0.010871,
                        -0.631570 -0.349242 0.010990,
                        -0.646422 -0.349242 0.011240,
                        -0.661325 -0.349242 0.011727,
                        -0.676177 -0.334363 0.010183,
                        -0.676177 -0.319512 0.008781,
                        -0.691030 -0.319512 0.010753,
                        -0.703955 -0.319512 0.013425,
                        -0.711356 -0.319512 0.015409,
                        -0.712522 -0.304633 0.015112,
                        -0.712978 -0.289781 0.014981,
                        -0.713130 -0.274929 0.014922,
                        -0.713232 -0.260077 0.014898,
                        -0.713282 -0.245225 0.014886,
                        -0.713282 -0.200643 0.014874,
                        -0.707352 -0.123397 0.013164,
                        -0.705831 -0.123397 0.012736,
                        -0.722964 -0.123397 0.020540,
                        -0.720734 -0.245225 0.019067,
                        -0.720734 -0.260077 0.019091,
                        -0.720734 -0.274929 0.019126,
                        -0.731784 -0.274929 0.026503,
                        -0.720734 -0.289781 0.019233,
                        -0.720734 -0.304633 0.019459,
                        -0.720734 -0.319512 0.020017,
                        -0.701725 -0.334363 0.014043,
                        -0.699647 -0.343215 0.014577,
                        -0.691030 -0.346391 0.013865,
                        -0.682970 -0.356410 0.014922,
                        -0.646422 -0.366456 0.017084,
                        -0.631570 -0.366728 0.016977,
                        -0.616718 -0.366864 0.016929,
                        -0.601866 -0.366918 0.016905,
                        -0.587013 -0.366945 0.016893,
                        -0.232537 -0.367352 0.016751,
                        -0.673035 -0.357578 0.014506,
                        -0.661325 -0.358447 0.014150,
                        -0.572161 -0.359533 0.013698,
                        -0.601866 -0.359478 0.013722,
                        -0.232537 -0.349242 0.010373,
                        -0.616718 -0.359424 0.013746,
                        -0.631570 -0.359288 0.013805,
                        -0.646422 -0.359017 0.013924,
                        -0.677242 -0.350573 0.013116,
                        -0.691030 -0.334363 0.012059,
                        -0.713282 -0.123397 0.014874,
                        -0.720734 -0.123397 0.019067,
                        -0.232537 -0.359913 0.013520,
                    ]
                }
                coordIndex [ 
                        0, 1, 4, -1,
                        0, 4, 10, -1,
                        0, 10, 19, -1,
                        0, 19, 32, -1,
                        0, 32, 48, -1,
                        0, 48, 72, -1,
                        0, 72, 100, -1,
                        0, 100, 132, -1,
                        0, 132, 166, -1,
                        0, 166, 200, -1,
                        0, 200, 199, -1,
                        0, 199, 234, -1,
                        0, 234, 273, -1,
                        0, 273, 312, -1,
                        0, 312, 311, -1,
                        0, 311, 352, -1,
                        0, 352, 351, -1,
                        0, 351, 390, -1,
                        0, 390, 403, -1,
                        0, 403, 395, -1,
                        0, 395, 355, -1,
                        0, 355, 317, -1,
                        0, 317, 277, -1,
                        0, 277, 275, -1,
                        0, 275, 236, -1,
                        0, 236, 201, -1,
                        0, 201, 167, -1,
                        0, 167, 133, -1,
                        0, 133, 101, -1,
                        0, 101, 73, -1,
                        0, 73, 50, -1,
                        0, 50, 49, -1,
                        0, 49, 35, -1,
                        0, 35, 33, -1,
                        0, 33, 17, -1,
                        0, 17, 7, -1,
                        0, 7, 2, -1,
                        0, 2, 8, -1,
                        0, 8, 18, -1,
                        0, 18, 34, -1,
                        0, 34, 52, -1,
                        0, 52, 76, -1,
                        0, 76, 106, -1,
                        0, 106, 138, -1,
                        0, 138, 175, -1,
                        0, 175, 213, -1,
                        0, 213, 249, -1,
                        0, 249, 291, -1,
                        0, 291, 331, -1,
                        0, 331, 372, -1,
                        0, 372, 371, -1,
                        0, 371, 401, -1,
                        0, 401, 402, -1,
                        0, 402, 373, -1,
                        0, 373, 332, -1,
                        0, 332, 293, -1,
                        0, 293, 250, -1,
                        0, 250, 216, -1,
                        0, 216, 215, -1,
                        0, 215, 214, -1,
                        0, 214, 176, -1,
                        0, 176, 140, -1,
                        0, 140, 139, -1,
                        0, 139, 107, -1,
                        0, 107, 78, -1,
                        0, 78, 77, -1,
                        0, 77, 55, -1,
                        0, 55, 54, -1,
                        0, 54, 53, -1,
                        0, 53, 36, -1,
                        0, 36, 21, -1,
                        0, 21, 20, -1,
                        0, 20, 11, -1,
                        0, 11, 9, -1,
                        0, 9, 3, -1,
                        0, 3, 1, -1,
                        1, 3, 5, -1,
                        1, 5, 6, -1,
                        1, 6, 4, -1,
                        2, 7, 8, -1,
                        3, 9, 5, -1,
                        4, 6, 10, -1,
                        5, 9, 11, -1,
                        5, 11, 12, -1,
                        5, 12, 13, -1,
                        5, 13, 14, -1,
                        5, 14, 15, -1,
                        5, 15, 6, -1,
                        6, 15, 16, -1,
                        6, 16, 10, -1,
                        7, 17, 8, -1,
                        8, 17, 18, -1,
                        10, 16, 19, -1,
                        11, 20, 12, -1,
                        12, 20, 21, -1,
                        12, 21, 13, -1,
                        13, 21, 22, -1,
                        13, 22, 23, -1,
                        13, 23, 24, -1,
                        13, 24, 25, -1,
                        13, 25, 14, -1,
                        14, 26, 15, -1,
                        14, 25, 27, -1,
                        14, 27, 26, -1,
                        15, 26, 28, -1,
                        15, 28, 29, -1,
                        15, 29, 16, -1,
                        16, 29, 30, -1,
                        16, 30, 31, -1,
                        16, 31, 32, -1,
                        16, 32, 19, -1,
                        17, 33, 18, -1,
                        18, 33, 35, -1,
                        18, 35, 34, -1,
                        21, 36, 22, -1,
                        22, 36, 37, -1,
                        22, 37, 38, -1,
                        22, 38, 23, -1,
                        23, 38, 24, -1,
                        24, 38, 39, -1,
                        24, 39, 25, -1,
                        25, 39, 40, -1,
                        25, 40, 27, -1,
                        26, 27, 41, -1,
                        26, 41, 28, -1,
                        27, 40, 42, -1,
                        27, 42, 41, -1,
                        28, 41, 43, -1,
                        28, 43, 44, -1,
                        28, 44, 45, -1,
                        28, 45, 29, -1,
                        29, 45, 30, -1,
                        30, 45, 44, -1,
                        30, 44, 46, -1,
                        30, 46, 47, -1,
                        30, 47, 31, -1,
                        31, 47, 32, -1,
                        32, 47, 48, -1,
                        34, 35, 49, -1,
                        34, 49, 50, -1,
                        34, 50, 73, -1,
                        34, 73, 51, -1,
                        34, 51, 75, -1,
                        34, 75, 52, -1,
                        36, 53, 37, -1,
                        37, 53, 54, -1,
                        37, 54, 55, -1,
                        37, 55, 56, -1,
                        37, 56, 38, -1,
                        38, 56, 57, -1,
                        38, 57, 58, -1,
                        38, 58, 59, -1,
                        38, 59, 60, -1,
                        38, 60, 39, -1,
                        39, 60, 61, -1,
                        39, 61, 40, -1,
                        40, 61, 62, -1,
                        40, 62, 42, -1,
                        41, 42, 63, -1,
                        41, 63, 43, -1,
                        42, 62, 64, -1,
                        42, 64, 63, -1,
                        43, 63, 44, -1,
                        44, 65, 46, -1,
                        44, 63, 66, -1,
                        44, 66, 65, -1,
                        46, 65, 47, -1,
                        47, 65, 67, -1,
                        47, 67, 68, -1,
                        47, 68, 69, -1,
                        47, 69, 70, -1,
                        47, 70, 71, -1,
                        47, 71, 48, -1,
                        48, 71, 70, -1,
                        48, 70, 72, -1,
                        51, 74, 103, -1,
                        51, 103, 75, -1,
                        51, 73, 74, -1,
                        52, 75, 105, -1,
                        52, 105, 76, -1,
                        55, 77, 56, -1,
                        56, 77, 78, -1,
                        56, 78, 79, -1,
                        56, 79, 80, -1,
                        56, 80, 81, -1,
                        56, 81, 82, -1,
                        56, 82, 57, -1,
                        57, 82, 58, -1,
                        58, 82, 59, -1,
                        59, 82, 83, -1,
                        59, 83, 60, -1,
                        60, 83, 84, -1,
                        60, 84, 61, -1,
                        61, 84, 85, -1,
                        61, 85, 62, -1,
                        62, 85, 86, -1,
                        62, 86, 64, -1,
                        63, 64, 87, -1,
                        63, 87, 66, -1,
                        64, 86, 88, -1,
                        64, 88, 89, -1,
                        64, 89, 87, -1,
                        65, 66, 90, -1,
                        65, 90, 91, -1,
                        65, 91, 92, -1,
                        65, 92, 67, -1,
                        66, 87, 93, -1,
                        66, 93, 90, -1,
                        67, 92, 94, -1,
                        67, 94, 95, -1,
                        67, 95, 96, -1,
                        67, 96, 68, -1,
                        68, 96, 69, -1,
                        69, 96, 97, -1,
                        69, 97, 98, -1,
                        69, 98, 70, -1,
                        70, 98, 99, -1,
                        70, 99, 72, -1,
                        72, 99, 100, -1,
                        73, 101, 102, -1,
                        73, 102, 74, -1,
                        74, 102, 103, -1,
                        75, 103, 104, -1,
                        75, 104, 105, -1,
                        76, 105, 137, -1,
                        76, 137, 106, -1,
                        78, 107, 79, -1,
                        79, 107, 108, -1,
                        79, 108, 80, -1,
                        80, 108, 109, -1,
                        80, 109, 81, -1,
                        81, 109, 82, -1,
                        82, 109, 110, -1,
                        82, 110, 111, -1,
                        82, 111, 83, -1,
                        83, 111, 112, -1,
                        83, 112, 84, -1,
                        84, 112, 113, -1,
                        84, 113, 85, -1,
                        85, 113, 86, -1,
                        86, 113, 114, -1,
                        86, 114, 88, -1,
                        87, 89, 115, -1,
                        87, 115, 93, -1,
                        88, 114, 116, -1,
                        88, 116, 117, -1,
                        88, 117, 89, -1,
                        89, 117, 118, -1,
                        89, 118, 115, -1,
                        90, 93, 119, -1,
                        90, 119, 91, -1,
                        91, 119, 120, -1,
                        91, 120, 121, -1,
                        91, 121, 122, -1,
                        91, 122, 92, -1,
                        92, 122, 123, -1,
                        92, 123, 124, -1,
                        92, 124, 94, -1,
                        93, 115, 125, -1,
                        93, 125, 126, -1,
                        93, 126, 127, -1,
                        93, 127, 119, -1,
                        94, 124, 95, -1,
                        95, 124, 128, -1,
                        95, 128, 96, -1,
                        96, 129, 130, -1,
                        96, 130, 97, -1,
                        96, 128, 129, -1,
                        97, 130, 131, -1,
                        97, 131, 98, -1,
                        98, 131, 99, -1,
                        99, 131, 100, -1,
                        100, 131, 132, -1,
                        101, 133, 134, -1,
                        101, 134, 102, -1,
                        102, 134, 170, -1,
                        102, 170, 135, -1,
                        102, 135, 104, -1,
                        102, 104, 103, -1,
                        104, 135, 171, -1,
                        104, 171, 136, -1,
                        104, 136, 137, -1,
                        104, 137, 105, -1,
                        106, 137, 174, -1,
                        106, 174, 138, -1,
                        107, 139, 108, -1,
                        108, 140, 141, -1,
                        108, 141, 109, -1,
                        108, 139, 140, -1,
                        109, 141, 110, -1,
                        110, 141, 111, -1,
                        111, 141, 142, -1,
                        111, 142, 112, -1,
                        112, 142, 143, -1,
                        112, 143, 113, -1,
                        113, 143, 144, -1,
                        113, 144, 114, -1,
                        114, 144, 145, -1,
                        114, 145, 116, -1,
                        115, 146, 125, -1,
                        115, 118, 146, -1,
                        116, 145, 147, -1,
                        116, 147, 117, -1,
                        117, 147, 148, -1,
                        117, 148, 118, -1,
                        118, 149, 146, -1,
                        118, 148, 150, -1,
                        118, 150, 149, -1,
                        119, 151, 152, -1,
                        119, 152, 120, -1,
                        119, 127, 151, -1,
                        120, 152, 153, -1,
                        120, 153, 154, -1,
                        120, 154, 121, -1,
                        121, 154, 122, -1,
                        122, 154, 155, -1,
                        122, 155, 123, -1,
                        123, 155, 156, -1,
                        123, 156, 124, -1,
                        124, 156, 162, -1,
                        124, 162, 128, -1,
                        125, 146, 157, -1,
                        125, 157, 126, -1,
                        126, 151, 127, -1,
                        126, 157, 158, -1,
                        126, 158, 159, -1,
                        126, 159, 160, -1,
                        126, 160, 151, -1,
                        128, 161, 129, -1,
                        128, 162, 161, -1,
                        129, 161, 130, -1,
                        130, 163, 164, -1,
                        130, 164, 131, -1,
                        130, 161, 163, -1,
                        131, 164, 165, -1,
                        131, 165, 132, -1,
                        132, 165, 166, -1,
                        133, 167, 134, -1,
                        134, 168, 169, -1,
                        134, 169, 205, -1,
                        134, 205, 170, -1,
                        134, 167, 168, -1,
                        135, 170, 207, -1,
                        135, 207, 171, -1,
                        136, 171, 172, -1,
                        136, 172, 173, -1,
                        136, 173, 174, -1,
                        136, 174, 137, -1,
                        138, 174, 175, -1,
                        140, 176, 141, -1,
                        141, 176, 177, -1,
                        141, 177, 178, -1,
                        141, 178, 142, -1,
                        142, 178, 179, -1,
                        142, 179, 143, -1,
                        143, 179, 180, -1,
                        143, 180, 144, -1,
                        144, 180, 145, -1,
                        145, 180, 181, -1,
                        145, 181, 147, -1,
                        146, 182, 158, -1,
                        146, 158, 157, -1,
                        146, 149, 182, -1,
                        147, 181, 183, -1,
                        147, 183, 148, -1,
                        148, 183, 150, -1,
                        149, 150, 184, -1,
                        149, 184, 185, -1,
                        149, 185, 186, -1,
                        149, 186, 182, -1,
                        150, 183, 184, -1,
                        151, 160, 187, -1,
                        151, 187, 152, -1,
                        152, 187, 188, -1,
                        152, 188, 153, -1,
                        153, 188, 189, -1,
                        153, 189, 154, -1,
                        154, 189, 190, -1,
                        154, 190, 155, -1,
                        155, 190, 191, -1,
                        155, 191, 156, -1,
                        156, 191, 162, -1,
                        158, 192, 159, -1,
                        158, 182, 192, -1,
                        159, 192, 193, -1,
                        159, 193, 160, -1,
                        160, 193, 194, -1,
                        160, 194, 195, -1,
                        160, 195, 187, -1,
                        161, 196, 163, -1,
                        161, 162, 191, -1,
                        161, 191, 197, -1,
                        161, 197, 196, -1,
                        163, 196, 164, -1,
                        164, 196, 198, -1,
                        164, 198, 199, -1,
                        164, 199, 200, -1,
                        164, 200, 165, -1,
                        165, 200, 166, -1,
                        167, 201, 202, -1,
                        167, 202, 168, -1,
                        168, 202, 203, -1,
                        168, 203, 169, -1,
                        169, 203, 204, -1,
                        169, 204, 205, -1,
                        170, 205, 206, -1,
                        170, 206, 207, -1,
                        171, 207, 208, -1,
                        171, 208, 172, -1,
                        172, 208, 209, -1,
                        172, 209, 210, -1,
                        172, 210, 211, -1,
                        172, 211, 173, -1,
                        173, 211, 174, -1,
                        174, 211, 212, -1,
                        174, 212, 175, -1,
                        175, 212, 213, -1,
                        176, 214, 177, -1,
                        177, 214, 215, -1,
                        177, 215, 216, -1,
                        177, 216, 217, -1,
                        177, 217, 178, -1,
                        178, 217, 218, -1,
                        178, 218, 179, -1,
                        179, 218, 219, -1,
                        179, 219, 180, -1,
                        180, 219, 181, -1,
                        181, 219, 220, -1,
                        181, 220, 221, -1,
                        181, 221, 183, -1,
                        182, 186, 192, -1,
                        183, 221, 184, -1,
                        184, 221, 222, -1,
                        184, 222, 185, -1,
                        185, 222, 223, -1,
                        185, 223, 186, -1,
                        186, 223, 192, -1,
                        187, 195, 224, -1,
                        187, 224, 188, -1,
                        188, 224, 225, -1,
                        188, 225, 189, -1,
                        189, 225, 226, -1,
                        189, 226, 190, -1,
                        190, 226, 227, -1,
                        190, 227, 191, -1,
                        191, 227, 197, -1,
                        192, 223, 228, -1,
                        192, 228, 193, -1,
                        193, 229, 194, -1,
                        193, 228, 229, -1,
                        194, 229, 230, -1,
                        194, 230, 195, -1,
                        195, 230, 231, -1,
                        195, 231, 224, -1,
                        196, 232, 198, -1,
                        196, 197, 233, -1,
                        196, 233, 232, -1,
                        197, 227, 233, -1,
                        198, 232, 234, -1,
                        198, 234, 235, -1,
                        198, 235, 199, -1,
                        199, 235, 234, -1,
                        201, 236, 202, -1,
                        202, 237, 238, -1,
                        202, 238, 203, -1,
                        202, 236, 237, -1,
                        203, 238, 239, -1,
                        203, 239, 204, -1,
                        204, 239, 240, -1,
                        204, 240, 241, -1,
                        204, 241, 206, -1,
                        204, 206, 205, -1,
                        206, 241, 282, -1,
                        206, 282, 242, -1,
                        206, 242, 208, -1,
                        206, 208, 207, -1,
                        208, 242, 209, -1,
                        209, 243, 244, -1,
                        209, 244, 245, -1,
                        209, 245, 246, -1,
                        209, 246, 210, -1,
                        209, 242, 243, -1,
                        210, 246, 211, -1,
                        211, 246, 247, -1,
                        211, 247, 248, -1,
                        211, 248, 212, -1,
                        212, 248, 249, -1,
                        212, 249, 213, -1,
                        216, 250, 251, -1,
                        216, 251, 252, -1,
                        216, 252, 217, -1,
                        217, 252, 253, -1,
                        217, 253, 254, -1,
                        217, 254, 218, -1,
                        218, 254, 255, -1,
                        218, 255, 219, -1,
                        219, 255, 256, -1,
                        219, 256, 220, -1,
                        220, 256, 257, -1,
                        220, 257, 221, -1,
                        221, 257, 222, -1,
                        222, 257, 258, -1,
                        222, 258, 259, -1,
                        222, 259, 260, -1,
                        222, 260, 223, -1,
                        223, 260, 259, -1,
                        223, 259, 261, -1,
                        223, 261, 262, -1,
                        223, 262, 263, -1,
                        223, 263, 229, -1,
                        223, 229, 228, -1,
                        224, 264, 225, -1,
                        224, 231, 264, -1,
                        225, 265, 226, -1,
                        225, 264, 265, -1,
                        226, 266, 227, -1,
                        226, 265, 266, -1,
                        227, 267, 233, -1,
                        227, 266, 267, -1,
                        229, 263, 262, -1,
                        229, 262, 268, -1,
                        229, 268, 230, -1,
                        230, 268, 269, -1,
                        230, 269, 231, -1,
                        231, 269, 270, -1,
                        231, 270, 264, -1,
                        232, 233, 271, -1,
                        232, 271, 272, -1,
                        232, 272, 273, -1,
                        232, 273, 234, -1,
                        233, 274, 271, -1,
                        233, 267, 274, -1,
                        236, 275, 237, -1,
                        237, 276, 238, -1,
                        237, 275, 277, -1,
                        237, 277, 276, -1,
                        238, 276, 278, -1,
                        238, 278, 239, -1,
                        239, 278, 279, -1,
                        239, 279, 240, -1,
                        240, 279, 280, -1,
                        240, 280, 281, -1,
                        240, 281, 282, -1,
                        240, 282, 241, -1,
                        242, 282, 283, -1,
                        242, 283, 243, -1,
                        243, 283, 284, -1,
                        243, 284, 244, -1,
                        244, 284, 285, -1,
                        244, 285, 286, -1,
                        244, 286, 245, -1,
                        245, 286, 287, -1,
                        245, 287, 246, -1,
                        246, 287, 288, -1,
                        246, 288, 289, -1,
                        246, 289, 247, -1,
                        247, 289, 290, -1,
                        247, 290, 248, -1,
                        248, 290, 291, -1,
                        248, 291, 249, -1,
                        250, 292, 251, -1,
                        250, 293, 292, -1,
                        251, 292, 294, -1,
                        251, 294, 252, -1,
                        252, 294, 253, -1,
                        253, 294, 295, -1,
                        253, 295, 254, -1,
                        254, 295, 296, -1,
                        254, 296, 255, -1,
                        255, 296, 297, -1,
                        255, 297, 256, -1,
                        256, 297, 298, -1,
                        256, 298, 257, -1,
                        257, 298, 258, -1,
                        258, 298, 299, -1,
                        258, 299, 259, -1,
                        259, 299, 300, -1,
                        259, 300, 301, -1,
                        259, 301, 261, -1,
                        261, 301, 262, -1,
                        262, 302, 303, -1,
                        262, 303, 268, -1,
                        262, 301, 302, -1,
                        264, 270, 304, -1,
                        264, 304, 265, -1,
                        265, 304, 305, -1,
                        265, 305, 266, -1,
                        266, 305, 306, -1,
                        266, 306, 267, -1,
                        267, 306, 307, -1,
                        267, 307, 274, -1,
                        268, 303, 269, -1,
                        269, 303, 308, -1,
                        269, 308, 270, -1,
                        270, 309, 304, -1,
                        270, 308, 309, -1,
                        271, 310, 272, -1,
                        271, 274, 307, -1,
                        271, 307, 310, -1,
                        272, 310, 311, -1,
                        272, 311, 312, -1,
                        272, 312, 273, -1,
                        276, 277, 313, -1,
                        276, 313, 314, -1,
                        276, 314, 315, -1,
                        276, 315, 316, -1,
                        276, 316, 278, -1,
                        277, 317, 313, -1,
                        278, 316, 318, -1,
                        278, 318, 279, -1,
                        279, 318, 319, -1,
                        279, 319, 280, -1,
                        280, 319, 320, -1,
                        280, 320, 321, -1,
                        280, 321, 281, -1,
                        281, 321, 322, -1,
                        281, 322, 283, -1,
                        281, 283, 282, -1,
                        283, 322, 323, -1,
                        283, 323, 284, -1,
                        284, 323, 324, -1,
                        284, 324, 285, -1,
                        285, 324, 325, -1,
                        285, 325, 326, -1,
                        285, 326, 286, -1,
                        286, 326, 327, -1,
                        286, 327, 287, -1,
                        287, 327, 328, -1,
                        287, 328, 288, -1,
                        288, 328, 329, -1,
                        288, 329, 330, -1,
                        288, 330, 289, -1,
                        289, 330, 290, -1,
                        290, 331, 291, -1,
                        290, 330, 372, -1,
                        290, 372, 331, -1,
                        292, 293, 332, -1,
                        292, 332, 333, -1,
                        292, 333, 294, -1,
                        294, 333, 334, -1,
                        294, 334, 335, -1,
                        294, 335, 295, -1,
                        295, 335, 336, -1,
                        295, 336, 296, -1,
                        296, 336, 337, -1,
                        296, 337, 297, -1,
                        297, 337, 338, -1,
                        297, 338, 298, -1,
                        298, 338, 299, -1,
                        299, 338, 339, -1,
                        299, 339, 300, -1,
                        300, 339, 340, -1,
                        300, 340, 341, -1,
                        300, 341, 301, -1,
                        301, 341, 302, -1,
                        302, 341, 342, -1,
                        302, 342, 343, -1,
                        302, 343, 303, -1,
                        303, 343, 308, -1,
                        304, 344, 305, -1,
                        304, 309, 344, -1,
                        305, 345, 306, -1,
                        305, 344, 345, -1,
                        306, 346, 307, -1,
                        306, 345, 346, -1,
                        307, 347, 348, -1,
                        307, 348, 310, -1,
                        307, 346, 347, -1,
                        308, 343, 349, -1,
                        308, 349, 350, -1,
                        308, 350, 309, -1,
                        309, 350, 344, -1,
                        310, 348, 351, -1,
                        310, 351, 352, -1,
                        310, 352, 311, -1,
                        313, 317, 314, -1,
                        314, 353, 354, -1,
                        314, 354, 315, -1,
                        314, 317, 355, -1,
                        314, 355, 353, -1,
                        315, 354, 316, -1,
                        316, 354, 356, -1,
                        316, 356, 357, -1,
                        316, 357, 318, -1,
                        318, 357, 358, -1,
                        318, 358, 319, -1,
                        319, 358, 359, -1,
                        319, 359, 320, -1,
                        320, 359, 360, -1,
                        320, 360, 321, -1,
                        321, 360, 361, -1,
                        321, 361, 322, -1,
                        322, 361, 323, -1,
                        323, 361, 362, -1,
                        323, 362, 324, -1,
                        324, 362, 363, -1,
                        324, 363, 325, -1,
                        325, 363, 364, -1,
                        325, 364, 365, -1,
                        325, 365, 326, -1,
                        326, 365, 366, -1,
                        326, 366, 327, -1,
                        327, 366, 367, -1,
                        327, 367, 328, -1,
                        328, 367, 368, -1,
                        328, 368, 369, -1,
                        328, 369, 329, -1,
                        329, 369, 330, -1,
                        330, 369, 370, -1,
                        330, 370, 371, -1,
                        330, 371, 372, -1,
                        332, 373, 333, -1,
                        333, 373, 374, -1,
                        333, 374, 334, -1,
                        334, 374, 375, -1,
                        334, 375, 376, -1,
                        334, 376, 377, -1,
                        334, 377, 335, -1,
                        335, 377, 376, -1,
                        335, 376, 378, -1,
                        335, 378, 336, -1,
                        336, 378, 379, -1,
                        336, 379, 337, -1,
                        337, 379, 380, -1,
                        337, 380, 338, -1,
                        338, 380, 339, -1,
                        339, 380, 364, -1,
                        339, 364, 340, -1,
                        340, 364, 363, -1,
                        340, 363, 381, -1,
                        340, 381, 382, -1,
                        340, 382, 341, -1,
                        341, 382, 342, -1,
                        342, 382, 383, -1,
                        342, 383, 384, -1,
                        342, 384, 343, -1,
                        343, 384, 349, -1,
                        344, 350, 385, -1,
                        344, 385, 345, -1,
                        345, 385, 386, -1,
                        345, 386, 346, -1,
                        346, 386, 387, -1,
                        346, 387, 347, -1,
                        347, 387, 388, -1,
                        347, 388, 348, -1,
                        348, 388, 389, -1,
                        348, 389, 390, -1,
                        348, 390, 351, -1,
                        349, 384, 391, -1,
                        349, 391, 350, -1,
                        350, 392, 398, -1,
                        350, 398, 385, -1,
                        350, 391, 392, -1,
                        353, 393, 394, -1,
                        353, 394, 354, -1,
                        353, 355, 395, -1,
                        353, 395, 393, -1,
                        354, 394, 396, -1,
                        354, 396, 356, -1,
                        356, 396, 397, -1,
                        356, 397, 357, -1,
                        357, 397, 398, -1,
                        357, 398, 358, -1,
                        358, 398, 392, -1,
                        358, 392, 359, -1,
                        359, 392, 391, -1,
                        359, 391, 399, -1,
                        359, 399, 360, -1,
                        360, 399, 383, -1,
                        360, 383, 400, -1,
                        360, 400, 361, -1,
                        361, 400, 362, -1,
                        362, 400, 381, -1,
                        362, 381, 363, -1,
                        364, 380, 365, -1,
                        365, 380, 379, -1,
                        365, 379, 366, -1,
                        366, 379, 378, -1,
                        366, 378, 367, -1,
                        367, 378, 376, -1,
                        367, 376, 368, -1,
                        368, 376, 369, -1,
                        369, 376, 375, -1,
                        369, 375, 374, -1,
                        369, 374, 370, -1,
                        370, 401, 371, -1,
                        370, 374, 402, -1,
                        370, 402, 401, -1,
                        373, 402, 374, -1,
                        381, 400, 382, -1,
                        382, 400, 383, -1,
                        383, 399, 384, -1,
                        384, 399, 391, -1,
                        385, 398, 397, -1,
                        385, 397, 386, -1,
                        386, 397, 396, -1,
                        386, 396, 387, -1,
                        387, 396, 394, -1,
                        387, 394, 388, -1,
                        388, 394, 393, -1,
                        388, 393, 389, -1,
                        389, 393, 403, -1,
                        389, 403, 390, -1,
                        393, 395, 403, -1,
                ]
            }
        }
    ]
}
#VRML V2.0 utf8

# Vertices: 357
# Triangles: 710

Group {
    children [
        Shape {
            appearance Appearance {
                material Material {
                    diffuseColor 0.210000 0.620000 0.270000
                    ambientIntensity 0.400000
                    specularColor 0.500000 0.500000 0.500000
                    emissiveColor 0.000000 0.000000 0.000000
                    shininess 0.400000
                    transparency 0.500000
                }
            }
            geometry IndexedFaceSet {
                ccw TRUE
                solid TRUE
                convex TRUE
                coord DEF co Coordinate {
                    point [
                        0.750302 -0.123370 0.066871,
                        0.749871 -0.123370 0.078778,
                        0.750302 -0.200631 0.066871,
                        0.747450 -0.123370 0.052018,
                        0.749764 -0.123370 0.081736,
                        0.749764 -0.245232 0.081736,
                        0.750248 -0.260080 0.066871,
                        0.747450 -0.260080 0.052018,
                        0.746804 -0.123370 0.050157,
                        0.745890 -0.123370 0.095886,
                        0.749656 -0.274928 0.081736,
                        0.745890 -0.215507 0.095886,
                        0.745890 -0.245232 0.095862,
                        0.745836 -0.274928 0.095763,
                        0.750194 -0.274928 0.066871,
                        0.747396 -0.274928 0.052018,
                        0.744114 -0.260080 0.042650,
                        0.744114 -0.245232 0.042626,
                        0.744114 -0.123370 0.042626,
                        0.743307 -0.123370 0.101840,
                        0.745782 -0.289777 0.095603,
                        0.749548 -0.289777 0.081736,
                        0.742661 -0.215507 0.103319,
                        0.742661 -0.245232 0.103294,
                        0.742661 -0.260080 0.103269,
                        0.742608 -0.274928 0.103196,
                        0.750086 -0.289777 0.066871,
                        0.747235 -0.289777 0.052018,
                        0.744007 -0.289777 0.042811,
                        0.744060 -0.274928 0.042700,
                        0.739164 -0.274928 0.035267,
                        0.739218 -0.245232 0.035193,
                        0.743146 -0.123370 0.041147,
                        0.742661 -0.123370 0.103319,
                        0.742500 -0.289777 0.103023,
                        0.742339 -0.304653 0.102678,
                        0.745621 -0.304653 0.095245,
                        0.749279 -0.304653 0.081736,
                        0.735236 -0.245232 0.111010,
                        0.735182 -0.274928 0.110973,
                        0.735075 -0.289777 0.110912,
                        0.749817 -0.304653 0.066871,
                        0.746966 -0.304653 0.052018,
                        0.743899 -0.304653 0.043070,
                        0.739056 -0.289777 0.035378,
                        0.731631 -0.289777 0.026639,
                        0.731739 -0.274928 0.026553,
                        0.739218 -0.123370 0.035193,
                        0.731793 -0.245232 0.026516,
                        0.731793 -0.230356 0.026503,
                        0.735236 -0.123370 0.111010,
                        0.734913 -0.304653 0.110788,
                        0.742016 -0.319501 0.102049,
                        0.745352 -0.319501 0.094629,
                        0.734537 -0.319501 0.110505,
                        0.748741 -0.319501 0.081736,
                        0.728887 -0.123370 0.116964,
                        0.727273 -0.245232 0.118443,
                        0.727273 -0.260080 0.118430,
                        0.727219 -0.274928 0.118406,
                        0.727112 -0.289777 0.118344,
                        0.749279 -0.319501 0.066871,
                        0.746481 -0.319501 0.052018,
                        0.743630 -0.319501 0.043575,
                        0.738895 -0.304653 0.035637,
                        0.731470 -0.304653 0.026799,
                        0.720763 -0.289777 0.019367,
                        0.720763 -0.274928 0.019207,
                        0.720763 -0.260080 0.019145,
                        0.731793 -0.123370 0.026503,
                        0.720763 -0.245232 0.019120,
                        0.720763 -0.230356 0.019108,
                        0.726843 -0.304653 0.118221,
                        0.733891 -0.334377 0.109864,
                        0.741316 -0.334377 0.100841,
                        0.744867 -0.334377 0.093421,
                        0.726251 -0.319501 0.117937,
                        0.747719 -0.334377 0.081736,
                        0.727273 -0.123370 0.118443,
                        0.721354 -0.123370 0.120809,
                        0.719848 -0.245232 0.121401,
                        0.719848 -0.260080 0.121389,
                        0.719794 -0.274928 0.121376,
                        0.719686 -0.289777 0.121339,
                        0.719417 -0.304653 0.121241,
                        0.748257 -0.334377 0.066871,
                        0.745083 -0.334432 0.050946,
                        0.743307 -0.329547 0.044130,
                        0.738518 -0.319501 0.036142,
                        0.731093 -0.319501 0.027120,
                        0.720763 -0.304653 0.019687,
                        0.712799 -0.289777 0.015028,
                        0.713068 -0.274928 0.014954,
                        0.713176 -0.260080 0.014917,
                        0.713230 -0.245232 0.014905,
                        0.720763 -0.123370 0.019108,
                        0.713230 -0.230356 0.014892,
                        0.718826 -0.319501 0.121019,
                        0.725067 -0.334377 0.117296,
                        0.732654 -0.349226 0.108730,
                        0.740079 -0.349226 0.098438,
                        0.743845 -0.349226 0.091005,
                        0.717642 -0.334377 0.120612,
                        0.745782 -0.349226 0.081736,
                        0.746374 -0.349226 0.066871,
                        0.719848 -0.123370 0.121401,
                        0.705912 -0.260080 0.124569,
                        0.705912 -0.274928 0.124556,
                        0.705912 -0.289777 0.124519,
                        0.705912 -0.304653 0.124396,
                        0.705912 -0.319501 0.124088,
                        0.744437 -0.349226 0.055001,
                        0.742823 -0.339455 0.045276,
                        0.738680 -0.334432 0.038361,
                        0.730340 -0.334377 0.027810,
                        0.720763 -0.319501 0.020353,
                        0.712315 -0.304653 0.015188,
                        0.705374 -0.289777 0.012859,
                        0.705643 -0.274928 0.012785,
                        0.705751 -0.260080 0.012760,
                        0.705805 -0.245232 0.012748,
                        0.713230 -0.123370 0.014892,
                        0.705805 -0.215507 0.012735,
                        0.705912 -0.334377 0.123447,
                        0.715597 -0.349226 0.119836,
                        0.723022 -0.349226 0.116162,
                        0.730448 -0.364102 0.106450,
                        0.743092 -0.356856 0.089316,
                        0.737819 -0.362729 0.095208,
                        0.743737 -0.358667 0.081736,
                        0.744060 -0.359710 0.066871,
                        0.743576 -0.358256 0.057774,
                        0.705912 -0.123370 0.124569,
                        0.691008 -0.319501 0.124951,
                        0.691008 -0.334377 0.124704,
                        0.742070 -0.349226 0.047569,
                        0.733999 -0.350598 0.035699,
                        0.729318 -0.346536 0.028747,
                        0.720763 -0.334377 0.021672,
                        0.711185 -0.319501 0.015533,
                        0.703760 -0.319501 0.013339,
                        0.704890 -0.304653 0.013019,
                        0.691008 -0.289777 0.009543,
                        0.691008 -0.274928 0.009383,
                        0.691008 -0.260080 0.009321,
                        0.691008 -0.245232 0.009296,
                        0.691008 -0.230356 0.009284,
                        0.705805 -0.123370 0.012735,
                        0.691008 -0.349226 0.123743,
                        0.705912 -0.349226 0.122079,
                        0.713983 -0.357542 0.119170,
                        0.719686 -0.363141 0.114005,
                        0.728726 -0.372308 0.104588,
                        0.730986 -0.375080 0.096589,
                        0.740940 -0.366105 0.081736,
                        0.741370 -0.367148 0.066871,
                        0.739971 -0.363580 0.052499,
                        0.693967 -0.123370 0.124655,
                        0.691008 -0.123370 0.124667,
                        0.200680 -0.349226 0.120970,
                        0.676158 -0.349226 0.123952,
                        0.732707 -0.364102 0.038903,
                        0.728134 -0.356444 0.029782,
                        0.722215 -0.350598 0.025172,
                        0.708979 -0.334377 0.016174,
                        0.701554 -0.334377 0.013980,
                        0.691008 -0.319501 0.010541,
                        0.691008 -0.304653 0.009863,
                        0.676158 -0.289777 0.007460,
                        0.676158 -0.274928 0.007300,
                        0.676158 -0.260080 0.007213,
                        0.676158 -0.245232 0.007189,
                        0.676158 -0.230356 0.007176,
                        0.688103 -0.123370 0.008865,
                        0.691008 -0.123370 0.009284,
                        0.691600 -0.365392 0.120649,
                        0.705912 -0.360808 0.120020,
                        0.676158 -0.364102 0.121364,
                        0.705912 -0.368246 0.117728,
                        0.720763 -0.375547 0.107078,
                        0.712100 -0.386031 0.103430,
                        0.721408 -0.383094 0.097723,
                        0.732492 -0.379856 0.080282,
                        0.726789 -0.385400 0.084263,
                        0.732815 -0.380240 0.068276,
                        0.732600 -0.376892 0.052018,
                        0.730340 -0.374065 0.041911,
                        0.200680 -0.123370 0.113586,
                        0.200626 -0.123397 0.113586,
                        0.200626 -0.349226 0.120957,
                        0.200626 -0.364102 0.120267,
                        0.200626 -0.371979 0.119071,
                        0.725551 -0.364102 0.031471,
                        0.718126 -0.364102 0.027034,
                        0.705051 -0.348704 0.017247,
                        0.699563 -0.343434 0.014560,
                        0.691008 -0.334377 0.011848,
                        0.676158 -0.319501 0.008582,
                        0.676158 -0.304653 0.007817,
                        0.661308 -0.289777 0.006375,
                        0.661308 -0.274928 0.006203,
                        0.661308 -0.260080 0.006116,
                        0.661308 -0.245232 0.006079,
                        0.661308 -0.230356 0.006067,
                        0.661308 -0.200631 0.006055,
                        0.676158 -0.123370 0.007176,
                        0.696927 -0.371210 0.118788,
                        0.687027 -0.371869 0.119071,
                        0.646457 -0.372061 0.119133,
                        0.676158 -0.372006 0.119145,
                        0.706666 -0.380240 0.109630,
                        0.702200 -0.387184 0.105007,
                        0.706666 -0.389764 0.097723,
                        0.716889 -0.388199 0.093520,
                        0.728188 -0.386388 0.074353,
                        0.721408 -0.388968 0.080282,
                        0.728188 -0.386388 0.074156,
                        0.727650 -0.386031 0.064246,
                        0.724798 -0.384330 0.052018,
                        0.714306 -0.386855 0.043834,
                        0.719525 -0.378319 0.037917,
                        0.714844 -0.372637 0.028932,
                        0.200626 -0.123370 0.113463,
                        0.200626 -0.379417 0.115115,
                        0.705912 -0.364102 0.022115,
                        0.694398 -0.353315 0.015533,
                        0.690093 -0.348704 0.013906,
                        0.676158 -0.334377 0.009937,
                        0.661308 -0.319501 0.007583,
                        0.661308 -0.304653 0.006770,
                        0.646457 -0.289777 0.005845,
                        0.646457 -0.274928 0.005660,
                        0.646457 -0.260080 0.005562,
                        0.646457 -0.245232 0.005525,
                        0.646457 -0.215507 0.005500,
                        0.658348 -0.123370 0.005944,
                        0.661308 -0.123370 0.006055,
                        0.691600 -0.377688 0.114461,
                        0.661308 -0.379444 0.114449,
                        0.676158 -0.379444 0.114141,
                        0.200680 -0.379417 0.115115,
                        0.616703 -0.379417 0.114831,
                        0.631607 -0.379472 0.114770,
                        0.646457 -0.379472 0.114646,
                        0.691008 -0.387980 0.106006,
                        0.691008 -0.393003 0.096589,
                        0.691008 -0.397394 0.081736,
                        0.705912 -0.394622 0.081736,
                        0.721946 -0.389133 0.068276,
                        0.717373 -0.388309 0.052018,
                        0.705912 -0.392042 0.052018,
                        0.705912 -0.388007 0.042010,
                        0.705912 -0.382079 0.034577,
                        0.705912 -0.374641 0.027428,
                        0.200626 -0.123370 0.004724,
                        0.200626 -0.389682 0.107682,
                        0.690093 -0.362812 0.018073,
                        0.684498 -0.356993 0.014732,
                        0.676158 -0.349226 0.012390,
                        0.661308 -0.334377 0.009001,
                        0.646457 -0.319501 0.007090,
                        0.646457 -0.304653 0.006252,
                        0.631607 -0.289777 0.005537,
                        0.631607 -0.274928 0.005340,
                        0.631607 -0.260080 0.005241,
                        0.631607 -0.245232 0.005192,
                        0.646457 -0.123370 0.005500,
                        0.631607 -0.230356 0.005180,
                        0.631607 -0.200631 0.005167,
                        0.676158 -0.388611 0.106708,
                        0.646457 -0.389105 0.107214,
                        0.661308 -0.388941 0.107017,
                        0.587002 -0.389352 0.107460,
                        0.601853 -0.389325 0.107448,
                        0.616703 -0.389297 0.107399,
                        0.631607 -0.389215 0.107337,
                        0.676158 -0.394320 0.096589,
                        0.676158 -0.398794 0.081736,
                        0.691008 -0.397723 0.066871,
                        0.705912 -0.395006 0.066871,
                        0.676158 -0.399178 0.066871,
                        0.691008 -0.394759 0.052018,
                        0.691008 -0.389407 0.039852,
                        0.691008 -0.384110 0.032420,
                        0.691008 -0.376672 0.025801,
                        0.200626 -0.245232 0.000138,
                        0.200680 -0.123370 0.004724,
                        0.200626 -0.396872 0.096589,
                        0.200680 -0.396872 0.096589,
                        0.676158 -0.365199 0.017616,
                        0.676158 -0.357761 0.014436,
                        0.661308 -0.349226 0.011552,
                        0.646457 -0.334377 0.008532,
                        0.631607 -0.319501 0.006831,
                        0.631607 -0.304653 0.005968,
                        0.200626 -0.304653 -0.000774,
                        0.200626 -0.289777 -0.000959,
                        0.631607 -0.123370 0.005167,
                        0.661308 -0.395006 0.096589,
                        0.646457 -0.395390 0.096589,
                        0.631607 -0.395610 0.096589,
                        0.601853 -0.395802 0.096589,
                        0.616703 -0.395720 0.096589,
                        0.661308 -0.399507 0.081736,
                        0.676158 -0.396241 0.052018,
                        0.661308 -0.399892 0.066871,
                        0.661308 -0.397010 0.052018,
                        0.676158 -0.390148 0.038768,
                        0.676158 -0.385043 0.031335,
                        0.676158 -0.377605 0.025049,
                        0.200626 -0.260080 -0.000416,
                        0.572152 -0.123370 0.004908,
                        0.200626 -0.401017 0.087973,
                        0.200680 -0.401017 0.087973,
                        0.661308 -0.366105 0.017234,
                        0.661308 -0.358667 0.014054,
                        0.646457 -0.349226 0.011121,
                        0.631607 -0.334377 0.008286,
                        0.200626 -0.335667 0.001408,
                        0.200626 -0.319501 -0.000158,
                        0.200626 -0.274928 -0.000811,
                        0.616703 -0.123370 0.005019,
                        0.646457 -0.399892 0.081736,
                        0.631607 -0.400111 0.081736,
                        0.646457 -0.400248 0.066871,
                        0.661308 -0.390532 0.038176,
                        0.646457 -0.397367 0.052018,
                        0.661308 -0.385537 0.030744,
                        0.661308 -0.378099 0.024655,
                        0.587002 -0.123370 0.004921,
                        0.598893 -0.123370 0.004945,
                        0.613744 -0.123370 0.005007,
                        0.200626 -0.402472 0.080540,
                        0.200680 -0.402472 0.080553,
                        0.601853 -0.400276 0.081736,
                        0.646457 -0.366599 0.017025,
                        0.646457 -0.359161 0.013845,
                        0.200626 -0.349226 0.003861,
                        0.200626 -0.403762 0.066871,
                        0.631607 -0.400441 0.066871,
                        0.646457 -0.390725 0.037893,
                        0.646457 -0.385757 0.030460,
                        0.631607 -0.397559 0.052018,
                        0.200626 -0.398053 0.038336,
                        0.200626 -0.397915 0.038041,
                        0.646457 -0.378346 0.024457,
                        0.200680 -0.374833 0.012883,
                        0.200680 -0.364102 0.008199,
                        0.200626 -0.364102 0.008199,
                        0.200626 -0.402472 0.052141,
                        0.200680 -0.390176 0.025357,
                        0.200680 -0.382271 0.017925,
                        0.200626 -0.402334 0.051648,
                        0.200626 -0.398190 0.038731,
                        0.200626 -0.390176 0.025357,
                        0.200626 -0.374833 0.012883,
                        0.200626 -0.382271 0.017925,
                    ]
                }
                coordIndex [ 
                        0, 1, 2, -1,
                        0, 2, 7, -1,
                        0, 7, 3, -1,
                        0, 3, 8, -1,
                        0, 8, 18, -1,
                        0, 18, 32, -1,
                        0, 32, 47, -1,
                        0, 47, 69, -1,
                        0, 69, 95, -1,
                        0, 95, 121, -1,
                        0, 121, 147, -1,
                        0, 147, 174, -1,
                        0, 174, 173, -1,
                        0, 173, 205, -1,
                        0, 205, 236, -1,
                        0, 236, 235, -1,
                        0, 235, 266, -1,
                        0, 266, 297, -1,
                        0, 297, 321, -1,
                        0, 321, 331, -1,
                        0, 331, 330, -1,
                        0, 330, 329, -1,
                        0, 329, 311, -1,
                        0, 311, 286, -1,
                        0, 286, 254, -1,
                        0, 254, 222, -1,
                        0, 222, 187, -1,
                        0, 187, 158, -1,
                        0, 158, 157, -1,
                        0, 157, 132, -1,
                        0, 132, 105, -1,
                        0, 105, 79, -1,
                        0, 79, 78, -1,
                        0, 78, 56, -1,
                        0, 56, 50, -1,
                        0, 50, 33, -1,
                        0, 33, 19, -1,
                        0, 19, 9, -1,
                        0, 9, 4, -1,
                        0, 4, 1, -1,
                        1, 4, 5, -1,
                        1, 5, 2, -1,
                        2, 5, 6, -1,
                        2, 6, 7, -1,
                        3, 7, 8, -1,
                        4, 9, 11, -1,
                        4, 11, 5, -1,
                        5, 10, 14, -1,
                        5, 14, 6, -1,
                        5, 11, 12, -1,
                        5, 12, 13, -1,
                        5, 13, 10, -1,
                        6, 14, 15, -1,
                        6, 15, 7, -1,
                        7, 15, 16, -1,
                        7, 16, 17, -1,
                        7, 17, 8, -1,
                        8, 17, 18, -1,
                        9, 19, 11, -1,
                        10, 13, 20, -1,
                        10, 20, 21, -1,
                        10, 21, 26, -1,
                        10, 26, 14, -1,
                        11, 19, 22, -1,
                        11, 22, 23, -1,
                        11, 23, 12, -1,
                        12, 23, 24, -1,
                        12, 24, 13, -1,
                        13, 24, 25, -1,
                        13, 25, 20, -1,
                        14, 26, 15, -1,
                        15, 26, 27, -1,
                        15, 27, 28, -1,
                        15, 28, 29, -1,
                        15, 29, 16, -1,
                        16, 29, 30, -1,
                        16, 30, 31, -1,
                        16, 31, 17, -1,
                        17, 31, 32, -1,
                        17, 32, 18, -1,
                        19, 33, 22, -1,
                        20, 25, 34, -1,
                        20, 34, 35, -1,
                        20, 35, 36, -1,
                        20, 36, 21, -1,
                        21, 36, 37, -1,
                        21, 37, 41, -1,
                        21, 41, 26, -1,
                        22, 33, 50, -1,
                        22, 50, 38, -1,
                        22, 38, 23, -1,
                        23, 38, 24, -1,
                        24, 38, 39, -1,
                        24, 39, 25, -1,
                        25, 39, 40, -1,
                        25, 40, 34, -1,
                        26, 41, 42, -1,
                        26, 42, 27, -1,
                        27, 42, 43, -1,
                        27, 43, 28, -1,
                        28, 43, 44, -1,
                        28, 44, 30, -1,
                        28, 30, 29, -1,
                        30, 44, 45, -1,
                        30, 45, 46, -1,
                        30, 46, 31, -1,
                        31, 47, 32, -1,
                        31, 46, 48, -1,
                        31, 48, 49, -1,
                        31, 49, 69, -1,
                        31, 69, 47, -1,
                        34, 40, 51, -1,
                        34, 51, 35, -1,
                        35, 52, 53, -1,
                        35, 53, 36, -1,
                        35, 51, 54, -1,
                        35, 54, 52, -1,
                        36, 53, 37, -1,
                        37, 55, 61, -1,
                        37, 61, 41, -1,
                        37, 53, 55, -1,
                        38, 50, 56, -1,
                        38, 56, 57, -1,
                        38, 57, 58, -1,
                        38, 58, 39, -1,
                        39, 58, 59, -1,
                        39, 59, 60, -1,
                        39, 60, 40, -1,
                        40, 60, 51, -1,
                        41, 61, 62, -1,
                        41, 62, 42, -1,
                        42, 62, 63, -1,
                        42, 63, 43, -1,
                        43, 63, 64, -1,
                        43, 64, 44, -1,
                        44, 64, 65, -1,
                        44, 65, 45, -1,
                        45, 65, 66, -1,
                        45, 66, 67, -1,
                        45, 67, 46, -1,
                        46, 67, 68, -1,
                        46, 68, 48, -1,
                        48, 68, 70, -1,
                        48, 70, 71, -1,
                        48, 71, 49, -1,
                        49, 71, 95, -1,
                        49, 95, 69, -1,
                        51, 60, 72, -1,
                        51, 72, 54, -1,
                        52, 54, 73, -1,
                        52, 73, 74, -1,
                        52, 74, 75, -1,
                        52, 75, 53, -1,
                        53, 75, 55, -1,
                        54, 72, 76, -1,
                        54, 76, 73, -1,
                        55, 77, 85, -1,
                        55, 85, 61, -1,
                        55, 75, 77, -1,
                        56, 78, 57, -1,
                        57, 78, 79, -1,
                        57, 79, 80, -1,
                        57, 80, 81, -1,
                        57, 81, 58, -1,
                        58, 81, 82, -1,
                        58, 82, 59, -1,
                        59, 82, 83, -1,
                        59, 83, 60, -1,
                        60, 83, 84, -1,
                        60, 84, 72, -1,
                        61, 85, 62, -1,
                        62, 85, 86, -1,
                        62, 86, 87, -1,
                        62, 87, 63, -1,
                        63, 87, 88, -1,
                        63, 88, 64, -1,
                        64, 88, 89, -1,
                        64, 89, 65, -1,
                        65, 89, 90, -1,
                        65, 90, 66, -1,
                        66, 90, 91, -1,
                        66, 91, 92, -1,
                        66, 92, 67, -1,
                        67, 92, 93, -1,
                        67, 93, 68, -1,
                        68, 93, 94, -1,
                        68, 94, 70, -1,
                        70, 94, 96, -1,
                        70, 96, 71, -1,
                        71, 96, 121, -1,
                        71, 121, 95, -1,
                        72, 84, 97, -1,
                        72, 97, 76, -1,
                        73, 76, 98, -1,
                        73, 98, 99, -1,
                        73, 99, 74, -1,
                        74, 100, 101, -1,
                        74, 101, 75, -1,
                        74, 99, 100, -1,
                        75, 101, 77, -1,
                        76, 97, 102, -1,
                        76, 102, 98, -1,
                        77, 103, 104, -1,
                        77, 104, 85, -1,
                        77, 101, 103, -1,
                        79, 105, 80, -1,
                        80, 105, 132, -1,
                        80, 132, 106, -1,
                        80, 106, 107, -1,
                        80, 107, 81, -1,
                        81, 107, 82, -1,
                        82, 107, 108, -1,
                        82, 108, 83, -1,
                        83, 108, 109, -1,
                        83, 109, 84, -1,
                        84, 109, 110, -1,
                        84, 110, 97, -1,
                        85, 104, 111, -1,
                        85, 111, 86, -1,
                        86, 111, 112, -1,
                        86, 112, 87, -1,
                        87, 112, 113, -1,
                        87, 113, 88, -1,
                        88, 113, 114, -1,
                        88, 114, 89, -1,
                        89, 114, 115, -1,
                        89, 115, 90, -1,
                        90, 115, 116, -1,
                        90, 116, 91, -1,
                        91, 116, 141, -1,
                        91, 141, 117, -1,
                        91, 117, 118, -1,
                        91, 118, 92, -1,
                        92, 118, 93, -1,
                        93, 118, 119, -1,
                        93, 119, 120, -1,
                        93, 120, 94, -1,
                        94, 120, 96, -1,
                        96, 120, 122, -1,
                        96, 122, 147, -1,
                        96, 147, 121, -1,
                        97, 110, 123, -1,
                        97, 123, 102, -1,
                        98, 102, 124, -1,
                        98, 124, 125, -1,
                        98, 125, 99, -1,
                        99, 125, 126, -1,
                        99, 126, 100, -1,
                        100, 127, 101, -1,
                        100, 126, 128, -1,
                        100, 128, 127, -1,
                        101, 127, 103, -1,
                        102, 123, 124, -1,
                        103, 127, 129, -1,
                        103, 129, 104, -1,
                        104, 129, 130, -1,
                        104, 130, 131, -1,
                        104, 131, 111, -1,
                        106, 132, 133, -1,
                        106, 133, 107, -1,
                        107, 133, 108, -1,
                        108, 133, 109, -1,
                        109, 133, 134, -1,
                        109, 134, 110, -1,
                        110, 134, 123, -1,
                        111, 131, 135, -1,
                        111, 135, 112, -1,
                        112, 135, 136, -1,
                        112, 136, 113, -1,
                        113, 136, 137, -1,
                        113, 137, 114, -1,
                        114, 137, 138, -1,
                        114, 138, 115, -1,
                        115, 138, 139, -1,
                        115, 139, 116, -1,
                        116, 139, 140, -1,
                        116, 140, 141, -1,
                        117, 141, 142, -1,
                        117, 142, 143, -1,
                        117, 143, 118, -1,
                        118, 143, 144, -1,
                        118, 144, 119, -1,
                        119, 144, 120, -1,
                        120, 144, 145, -1,
                        120, 145, 146, -1,
                        120, 146, 122, -1,
                        122, 146, 174, -1,
                        122, 174, 147, -1,
                        123, 134, 148, -1,
                        123, 148, 149, -1,
                        123, 149, 124, -1,
                        124, 150, 125, -1,
                        124, 149, 150, -1,
                        125, 150, 151, -1,
                        125, 151, 126, -1,
                        126, 152, 128, -1,
                        126, 151, 152, -1,
                        127, 128, 153, -1,
                        127, 153, 154, -1,
                        127, 154, 129, -1,
                        128, 152, 153, -1,
                        129, 154, 155, -1,
                        129, 155, 130, -1,
                        130, 155, 131, -1,
                        131, 155, 156, -1,
                        131, 156, 135, -1,
                        132, 157, 133, -1,
                        133, 157, 158, -1,
                        133, 158, 159, -1,
                        133, 159, 134, -1,
                        134, 160, 148, -1,
                        134, 159, 160, -1,
                        135, 156, 161, -1,
                        135, 161, 136, -1,
                        136, 161, 162, -1,
                        136, 162, 137, -1,
                        137, 162, 163, -1,
                        137, 163, 138, -1,
                        138, 163, 164, -1,
                        138, 164, 139, -1,
                        139, 164, 165, -1,
                        139, 165, 140, -1,
                        140, 165, 166, -1,
                        140, 166, 167, -1,
                        140, 167, 141, -1,
                        141, 167, 142, -1,
                        142, 167, 168, -1,
                        142, 168, 169, -1,
                        142, 169, 143, -1,
                        143, 169, 170, -1,
                        143, 170, 144, -1,
                        144, 170, 171, -1,
                        144, 171, 145, -1,
                        145, 171, 172, -1,
                        145, 172, 146, -1,
                        146, 172, 173, -1,
                        146, 173, 174, -1,
                        148, 175, 176, -1,
                        148, 176, 149, -1,
                        148, 160, 177, -1,
                        148, 177, 175, -1,
                        149, 176, 150, -1,
                        150, 176, 178, -1,
                        150, 178, 151, -1,
                        151, 178, 179, -1,
                        151, 179, 152, -1,
                        152, 179, 180, -1,
                        152, 180, 181, -1,
                        152, 181, 153, -1,
                        153, 182, 154, -1,
                        153, 181, 183, -1,
                        153, 183, 182, -1,
                        154, 182, 155, -1,
                        155, 182, 184, -1,
                        155, 184, 185, -1,
                        155, 185, 156, -1,
                        156, 185, 186, -1,
                        156, 186, 161, -1,
                        158, 187, 188, -1,
                        158, 188, 159, -1,
                        159, 188, 189, -1,
                        159, 189, 190, -1,
                        159, 190, 160, -1,
                        160, 190, 191, -1,
                        160, 191, 177, -1,
                        161, 186, 162, -1,
                        162, 186, 192, -1,
                        162, 192, 193, -1,
                        162, 193, 163, -1,
                        163, 193, 194, -1,
                        163, 194, 164, -1,
                        164, 194, 195, -1,
                        164, 195, 165, -1,
                        165, 195, 196, -1,
                        165, 196, 166, -1,
                        166, 196, 197, -1,
                        166, 197, 198, -1,
                        166, 198, 167, -1,
                        167, 198, 168, -1,
                        168, 198, 199, -1,
                        168, 199, 200, -1,
                        168, 200, 169, -1,
                        169, 200, 201, -1,
                        169, 201, 170, -1,
                        170, 201, 202, -1,
                        170, 202, 171, -1,
                        171, 202, 203, -1,
                        171, 203, 172, -1,
                        172, 203, 204, -1,
                        172, 204, 236, -1,
                        172, 236, 205, -1,
                        172, 205, 173, -1,
                        175, 206, 176, -1,
                        175, 177, 207, -1,
                        175, 207, 206, -1,
                        176, 206, 178, -1,
                        177, 208, 209, -1,
                        177, 209, 207, -1,
                        177, 191, 208, -1,
                        178, 206, 210, -1,
                        178, 210, 179, -1,
                        179, 210, 180, -1,
                        180, 210, 211, -1,
                        180, 211, 212, -1,
                        180, 212, 213, -1,
                        180, 213, 181, -1,
                        181, 213, 183, -1,
                        182, 183, 214, -1,
                        182, 214, 184, -1,
                        183, 213, 215, -1,
                        183, 215, 214, -1,
                        184, 214, 216, -1,
                        184, 216, 217, -1,
                        184, 217, 185, -1,
                        185, 217, 218, -1,
                        185, 218, 186, -1,
                        186, 218, 219, -1,
                        186, 219, 220, -1,
                        186, 220, 221, -1,
                        186, 221, 192, -1,
                        187, 222, 188, -1,
                        188, 222, 254, -1,
                        188, 254, 285, -1,
                        188, 285, 310, -1,
                        188, 310, 320, -1,
                        188, 320, 296, -1,
                        188, 296, 295, -1,
                        188, 295, 319, -1,
                        188, 319, 318, -1,
                        188, 318, 337, -1,
                        188, 337, 348, -1,
                        188, 348, 355, -1,
                        188, 355, 356, -1,
                        188, 356, 354, -1,
                        188, 354, 344, -1,
                        188, 344, 343, -1,
                        188, 343, 353, -1,
                        188, 353, 352, -1,
                        188, 352, 349, -1,
                        188, 349, 338, -1,
                        188, 338, 332, -1,
                        188, 332, 312, -1,
                        188, 312, 287, -1,
                        188, 287, 255, -1,
                        188, 255, 223, -1,
                        188, 223, 191, -1,
                        188, 191, 190, -1,
                        188, 190, 189, -1,
                        191, 223, 208, -1,
                        192, 221, 193, -1,
                        193, 221, 224, -1,
                        193, 224, 194, -1,
                        194, 225, 195, -1,
                        194, 224, 225, -1,
                        195, 225, 226, -1,
                        195, 226, 196, -1,
                        196, 226, 227, -1,
                        196, 227, 197, -1,
                        197, 227, 228, -1,
                        197, 228, 229, -1,
                        197, 229, 198, -1,
                        198, 229, 199, -1,
                        199, 229, 230, -1,
                        199, 230, 231, -1,
                        199, 231, 200, -1,
                        200, 231, 232, -1,
                        200, 232, 201, -1,
                        201, 232, 233, -1,
                        201, 233, 202, -1,
                        202, 233, 234, -1,
                        202, 234, 203, -1,
                        203, 234, 204, -1,
                        204, 234, 235, -1,
                        204, 235, 236, -1,
                        206, 207, 237, -1,
                        206, 237, 211, -1,
                        206, 211, 210, -1,
                        207, 209, 238, -1,
                        207, 238, 239, -1,
                        207, 239, 237, -1,
                        208, 223, 240, -1,
                        208, 240, 209, -1,
                        209, 240, 241, -1,
                        209, 241, 242, -1,
                        209, 242, 243, -1,
                        209, 243, 238, -1,
                        211, 237, 244, -1,
                        211, 244, 245, -1,
                        211, 245, 212, -1,
                        212, 245, 246, -1,
                        212, 246, 247, -1,
                        212, 247, 213, -1,
                        213, 247, 215, -1,
                        214, 215, 248, -1,
                        214, 248, 216, -1,
                        215, 247, 248, -1,
                        216, 248, 217, -1,
                        217, 248, 249, -1,
                        217, 249, 218, -1,
                        218, 249, 219, -1,
                        219, 221, 220, -1,
                        219, 249, 250, -1,
                        219, 250, 251, -1,
                        219, 251, 252, -1,
                        219, 252, 221, -1,
                        221, 252, 253, -1,
                        221, 253, 224, -1,
                        223, 255, 240, -1,
                        224, 253, 256, -1,
                        224, 256, 225, -1,
                        225, 256, 257, -1,
                        225, 257, 226, -1,
                        226, 257, 258, -1,
                        226, 258, 227, -1,
                        227, 258, 259, -1,
                        227, 259, 228, -1,
                        228, 259, 260, -1,
                        228, 260, 261, -1,
                        228, 261, 229, -1,
                        229, 261, 230, -1,
                        230, 261, 262, -1,
                        230, 262, 263, -1,
                        230, 263, 231, -1,
                        231, 263, 264, -1,
                        231, 264, 232, -1,
                        232, 264, 265, -1,
                        232, 265, 233, -1,
                        233, 265, 234, -1,
                        234, 266, 235, -1,
                        234, 265, 267, -1,
                        234, 267, 268, -1,
                        234, 268, 297, -1,
                        234, 297, 266, -1,
                        237, 239, 269, -1,
                        237, 269, 244, -1,
                        238, 243, 270, -1,
                        238, 270, 239, -1,
                        239, 270, 271, -1,
                        239, 271, 269, -1,
                        240, 255, 241, -1,
                        241, 272, 242, -1,
                        241, 255, 272, -1,
                        242, 272, 273, -1,
                        242, 273, 274, -1,
                        242, 274, 243, -1,
                        243, 274, 275, -1,
                        243, 275, 270, -1,
                        244, 269, 276, -1,
                        244, 276, 245, -1,
                        245, 276, 277, -1,
                        245, 277, 246, -1,
                        246, 278, 279, -1,
                        246, 279, 247, -1,
                        246, 277, 280, -1,
                        246, 280, 278, -1,
                        247, 279, 248, -1,
                        248, 279, 249, -1,
                        249, 279, 250, -1,
                        250, 279, 278, -1,
                        250, 278, 281, -1,
                        250, 281, 251, -1,
                        251, 281, 282, -1,
                        251, 282, 283, -1,
                        251, 283, 252, -1,
                        252, 283, 253, -1,
                        253, 283, 284, -1,
                        253, 284, 256, -1,
                        254, 286, 285, -1,
                        255, 287, 288, -1,
                        255, 288, 272, -1,
                        256, 284, 289, -1,
                        256, 289, 257, -1,
                        257, 289, 290, -1,
                        257, 290, 258, -1,
                        258, 290, 291, -1,
                        258, 291, 259, -1,
                        259, 291, 292, -1,
                        259, 292, 260, -1,
                        260, 292, 293, -1,
                        260, 293, 294, -1,
                        260, 294, 261, -1,
                        261, 294, 262, -1,
                        262, 294, 295, -1,
                        262, 295, 263, -1,
                        263, 295, 296, -1,
                        263, 296, 264, -1,
                        264, 296, 265, -1,
                        265, 296, 267, -1,
                        267, 296, 268, -1,
                        268, 296, 297, -1,
                        269, 271, 298, -1,
                        269, 298, 276, -1,
                        270, 299, 271, -1,
                        270, 275, 300, -1,
                        270, 300, 299, -1,
                        271, 299, 298, -1,
                        272, 288, 273, -1,
                        273, 288, 301, -1,
                        273, 301, 274, -1,
                        274, 302, 300, -1,
                        274, 300, 275, -1,
                        274, 301, 302, -1,
                        276, 298, 303, -1,
                        276, 303, 277, -1,
                        277, 303, 305, -1,
                        277, 305, 280, -1,
                        278, 280, 304, -1,
                        278, 304, 281, -1,
                        280, 305, 306, -1,
                        280, 306, 304, -1,
                        281, 304, 282, -1,
                        282, 304, 307, -1,
                        282, 307, 308, -1,
                        282, 308, 283, -1,
                        283, 308, 284, -1,
                        284, 308, 309, -1,
                        284, 309, 289, -1,
                        285, 286, 311, -1,
                        285, 311, 310, -1,
                        287, 312, 313, -1,
                        287, 313, 288, -1,
                        288, 313, 301, -1,
                        289, 309, 314, -1,
                        289, 314, 315, -1,
                        289, 315, 290, -1,
                        290, 315, 291, -1,
                        291, 315, 316, -1,
                        291, 316, 292, -1,
                        292, 316, 317, -1,
                        292, 317, 293, -1,
                        293, 317, 318, -1,
                        293, 318, 319, -1,
                        293, 319, 294, -1,
                        294, 319, 295, -1,
                        296, 320, 297, -1,
                        297, 320, 321, -1,
                        298, 299, 322, -1,
                        298, 322, 303, -1,
                        299, 300, 323, -1,
                        299, 323, 322, -1,
                        300, 302, 323, -1,
                        301, 313, 302, -1,
                        302, 313, 323, -1,
                        303, 322, 305, -1,
                        304, 306, 307, -1,
                        305, 322, 324, -1,
                        305, 324, 326, -1,
                        305, 326, 306, -1,
                        306, 325, 307, -1,
                        306, 326, 325, -1,
                        307, 325, 327, -1,
                        307, 327, 308, -1,
                        308, 327, 309, -1,
                        309, 327, 328, -1,
                        309, 328, 314, -1,
                        310, 311, 329, -1,
                        310, 329, 330, -1,
                        310, 330, 331, -1,
                        310, 331, 321, -1,
                        310, 321, 320, -1,
                        312, 332, 333, -1,
                        312, 333, 313, -1,
                        313, 333, 334, -1,
                        313, 334, 323, -1,
                        314, 328, 335, -1,
                        314, 335, 336, -1,
                        314, 336, 315, -1,
                        315, 336, 316, -1,
                        316, 336, 337, -1,
                        316, 337, 318, -1,
                        316, 318, 317, -1,
                        322, 323, 324, -1,
                        323, 334, 338, -1,
                        323, 338, 339, -1,
                        323, 339, 324, -1,
                        324, 339, 342, -1,
                        324, 342, 326, -1,
                        325, 326, 340, -1,
                        325, 340, 341, -1,
                        325, 341, 327, -1,
                        326, 342, 343, -1,
                        326, 343, 344, -1,
                        326, 344, 340, -1,
                        327, 341, 328, -1,
                        328, 341, 345, -1,
                        328, 345, 335, -1,
                        332, 338, 333, -1,
                        333, 338, 334, -1,
                        335, 345, 346, -1,
                        335, 346, 347, -1,
                        335, 347, 336, -1,
                        336, 347, 337, -1,
                        337, 347, 348, -1,
                        338, 349, 339, -1,
                        339, 349, 342, -1,
                        340, 344, 350, -1,
                        340, 350, 341, -1,
                        341, 350, 351, -1,
                        341, 351, 345, -1,
                        342, 349, 352, -1,
                        342, 352, 353, -1,
                        342, 353, 343, -1,
                        344, 354, 350, -1,
                        345, 351, 346, -1,
                        346, 351, 356, -1,
                        346, 356, 355, -1,
                        346, 355, 348, -1,
                        346, 348, 347, -1,
                        350, 354, 356, -1,
                        350, 356, 351, -1,
                ]
            }
        }
    ]
}
#VRML V2.0 utf8

# Vertices: 154
# Triangles: 304

Group {
    children [
        Shape {
            appearance Appearance {
                material Material {
                    diffuseColor 0.900000 0.590000 0.630000
                    ambientIntensity 0.400000
                    specularColor 0.500000 0.500000 0.500000
                    emissiveColor 0.000000 0.000000 0.000000
                    shininess 0.400000
                    transparency 0.500000
                }
            }
            geometry IndexedFaceSet {
                ccw TRUE
                solid TRUE
                convex TRUE
                coord DEF co Coordinate {
                    point [
                        0.007440 -0.528646 -0.101253,
                        -0.005343 -0.528646 -0.101189,
                        0.007440 -0.431817 -0.087511,
                        0.022273 -0.528646 -0.101237,
                        0.000863 -0.431817 -0.087464,
                        -0.007421 -0.528646 -0.101174,
                        0.022273 -0.431817 -0.087464,
                        0.024323 -0.528646 -0.101221,
                        -0.007421 -0.431817 -0.087400,
                        -0.022283 -0.528646 -0.101000,
                        0.030558 -0.431817 -0.087385,
                        0.037134 -0.528646 -0.101110,
                        -0.022283 -0.431817 -0.087116,
                        -0.037144 -0.528646 -0.100604,
                        0.037134 -0.431817 -0.087321,
                        0.039127 -0.528646 -0.101079,
                        -0.028888 -0.431817 -0.086894,
                        -0.052006 -0.528646 -0.099861,
                        -0.037144 -0.431817 -0.086610,
                        0.051996 -0.431817 -0.086926,
                        0.051996 -0.528646 -0.100826,
                        -0.052006 -0.431817 -0.085566,
                        -0.043749 -0.431817 -0.086151,
                        -0.066867 -0.528646 -0.098470,
                        0.066857 -0.528646 -0.100209,
                        0.053875 -0.528646 -0.100762,
                        0.066857 -0.431817 -0.086135,
                        -0.066867 -0.431817 -0.083574,
                        -0.081728 -0.528646 -0.095845,
                        0.068537 -0.528646 -0.100098,
                        0.081718 -0.431817 -0.084839,
                        0.081718 -0.528646 -0.098976,
                        -0.073472 -0.431817 -0.082135,
                        -0.095565 -0.528646 -0.091496,
                        -0.081728 -0.431817 -0.080316,
                        0.083113 -0.528646 -0.098802,
                        0.090003 -0.431817 -0.083447,
                        0.096580 -0.528646 -0.096793,
                        -0.100860 -0.431817 -0.072552,
                        -0.096732 -0.431817 -0.074639,
                        -0.093429 -0.431817 -0.076300,
                        -0.086824 -0.431817 -0.078577,
                        -0.111280 -0.528646 -0.082293,
                        0.096580 -0.431817 -0.082340,
                        0.097662 -0.528646 -0.096556,
                        -0.105188 -0.431817 -0.069247,
                        -0.111565 -0.528646 -0.082056,
                        -0.110455 -0.431817 -0.065120,
                        0.111441 -0.431817 -0.077834,
                        0.111498 -0.528646 -0.092793,
                        -0.112789 -0.528646 -0.080901,
                        -0.113757 -0.431817 -0.062036,
                        0.119498 -0.431817 -0.074639,
                        0.119242 -0.528646 -0.089535,
                        -0.122811 -0.528646 -0.069927,
                        -0.117885 -0.431817 -0.058083,
                        0.126929 -0.431817 -0.069642,
                        0.126616 -0.528646 -0.085123,
                        -0.123864 -0.528646 -0.068551,
                        -0.119907 -0.431817 -0.054778,
                        0.136409 -0.431817 -0.062210,
                        0.136893 -0.528646 -0.077391,
                        -0.124490 -0.528646 -0.067350,
                        -0.122298 -0.431817 -0.050651,
                        0.144353 -0.431817 -0.051236,
                        0.144979 -0.528646 -0.067413,
                        -0.124974 -0.431817 -0.044642,
                        -0.130925 -0.528646 -0.052470,
                        0.148310 -0.431817 -0.045053,
                        0.145491 -0.528646 -0.066654,
                        -0.128021 -0.431817 -0.037147,
                        -0.131067 -0.528646 -0.052043,
                        0.148737 -0.431817 -0.044136,
                        0.149335 -0.528646 -0.060613,
                        -0.131266 -0.528646 -0.051236,
                        -0.129643 -0.431817 -0.030505,
                        0.150844 -0.431817 -0.037858,
                        0.152495 -0.528646 -0.052628,
                        -0.133743 -0.528646 -0.037147,
                        -0.131152 -0.431817 -0.022093,
                        0.154830 -0.431817 -0.022283,
                        0.156139 -0.528646 -0.037147,
                        -0.133430 -0.528646 -0.022283,
                        -0.131437 -0.431817 -0.014376,
                        0.156225 -0.431817 -0.007434,
                        0.157107 -0.528646 -0.022283,
                        -0.133060 -0.528646 -0.019247,
                        -0.130498 -0.431817 -0.000856,
                        -0.131209 -0.431817 -0.007434,
                        0.155228 -0.431817 0.008047,
                        0.156993 -0.528646 -0.021112,
                        -0.131181 -0.528646 -0.008699,
                        -0.131152 -0.528646 -0.008557,
                        -0.128391 -0.431817 0.007667,
                        0.152125 -0.431817 0.019859,
                        0.155513 -0.528646 -0.007434,
                        -0.125686 -0.528646 0.006212,
                        -0.125231 -0.528646 0.007398,
                        -0.125658 -0.431817 0.014451,
                        0.150616 -0.431817 0.022879,
                        0.151470 -0.528646 0.005501,
                        0.155200 -0.528646 -0.006375,
                        -0.122953 -0.431817 0.020207,
                        -0.120647 -0.528646 0.015542,
                        0.140281 -0.431817 0.036399,
                        0.147228 -0.528646 0.013692,
                        0.147570 -0.528646 0.013075,
                        -0.120106 -0.528646 0.016364,
                        -0.113415 -0.431817 0.032541,
                        0.131513 -0.431817 0.043278,
                        0.128068 -0.528646 0.032984,
                        0.138516 -0.528646 0.024207,
                        0.139256 -0.528646 0.023575,
                        -0.112590 -0.528646 0.023796,
                        -0.110141 -0.431817 0.036225,
                        0.123826 -0.431817 0.048022,
                        0.126929 -0.528646 0.033822,
                        -0.105700 -0.528646 0.030122,
                        -0.105159 -0.528646 0.030580,
                        -0.103650 -0.431817 0.041649,
                        0.119868 -0.431817 0.050077,
                        0.110359 -0.528646 0.041270,
                        -0.096533 -0.528646 0.035371,
                        -0.097501 -0.431817 0.046599,
                        0.111242 -0.431817 0.052861,
                        0.110075 -0.528646 0.041349,
                        -0.080589 -0.528646 0.041823,
                        -0.081614 -0.431817 0.052592,
                        0.105519 -0.431817 0.054173,
                        0.096580 -0.528646 0.045081,
                        -0.080476 -0.528646 0.041855,
                        -0.071878 -0.528646 0.044195,
                        -0.066867 -0.431817 0.055770,
                        0.096580 -0.431817 0.055612,
                        0.082829 -0.528646 0.047437,
                        -0.065500 -0.528646 0.045349,
                        -0.052006 -0.528646 0.047358,
                        -0.052006 -0.431817 0.057494,
                        0.091911 -0.431817 0.056276,
                        0.081718 -0.431817 0.057304,
                        0.078217 -0.431817 0.057573,
                        0.066857 -0.528646 0.048591,
                        -0.037144 -0.528646 0.048591,
                        -0.037144 -0.431817 0.058411,
                        0.066857 -0.431817 0.058205,
                        0.051996 -0.528646 0.049271,
                        -0.022283 -0.528646 0.049224,
                        -0.006596 -0.431817 0.060293,
                        0.064181 -0.431817 0.058316,
                        0.037134 -0.528646 0.049571,
                        0.051996 -0.431817 0.058696,
                        -0.007421 -0.528646 0.049540,
                        0.007440 -0.528646 0.049682,
                        0.022273 -0.528646 0.049682,
                    ]
                }
                coordIndex [ 
                        0, 1, 2, -1,
                        0, 2, 3, -1,
                        0, 3, 7, -1,
                        0, 7, 11, -1,
                        0, 11, 15, -1,
                        0, 15, 20, -1,
                        0, 20, 25, -1,
                        0, 25, 24, -1,
                        0, 24, 29, -1,
                        0, 29, 31, -1,
                        0, 31, 35, -1,
                        0, 35, 37, -1,
                        0, 37, 44, -1,
                        0, 44, 49, -1,
                        0, 49, 53, -1,
                        0, 53, 57, -1,
                        0, 57, 61, -1,
                        0, 61, 65, -1,
                        0, 65, 69, -1,
                        0, 69, 73, -1,
                        0, 73, 77, -1,
                        0, 77, 81, -1,
                        0, 81, 85, -1,
                        0, 85, 90, -1,
                        0, 90, 95, -1,
                        0, 95, 101, -1,
                        0, 101, 100, -1,
                        0, 100, 106, -1,
                        0, 106, 105, -1,
                        0, 105, 112, -1,
                        0, 112, 111, -1,
                        0, 111, 110, -1,
                        0, 110, 116, -1,
                        0, 116, 121, -1,
                        0, 121, 125, -1,
                        0, 125, 129, -1,
                        0, 129, 134, -1,
                        0, 134, 141, -1,
                        0, 141, 145, -1,
                        0, 145, 149, -1,
                        0, 149, 153, -1,
                        0, 153, 152, -1,
                        0, 152, 151, -1,
                        0, 151, 146, -1,
                        0, 146, 142, -1,
                        0, 142, 136, -1,
                        0, 136, 135, -1,
                        0, 135, 131, -1,
                        0, 131, 130, -1,
                        0, 130, 126, -1,
                        0, 126, 122, -1,
                        0, 122, 118, -1,
                        0, 118, 117, -1,
                        0, 117, 113, -1,
                        0, 113, 107, -1,
                        0, 107, 103, -1,
                        0, 103, 97, -1,
                        0, 97, 96, -1,
                        0, 96, 92, -1,
                        0, 92, 91, -1,
                        0, 91, 86, -1,
                        0, 86, 82, -1,
                        0, 82, 78, -1,
                        0, 78, 74, -1,
                        0, 74, 71, -1,
                        0, 71, 67, -1,
                        0, 67, 62, -1,
                        0, 62, 58, -1,
                        0, 58, 54, -1,
                        0, 54, 50, -1,
                        0, 50, 46, -1,
                        0, 46, 42, -1,
                        0, 42, 33, -1,
                        0, 33, 28, -1,
                        0, 28, 23, -1,
                        0, 23, 17, -1,
                        0, 17, 13, -1,
                        0, 13, 9, -1,
                        0, 9, 5, -1,
                        0, 5, 1, -1,
                        1, 4, 2, -1,
                        1, 5, 4, -1,
                        2, 4, 8, -1,
                        2, 8, 12, -1,
                        2, 12, 16, -1,
                        2, 16, 18, -1,
                        2, 18, 22, -1,
                        2, 22, 21, -1,
                        2, 21, 27, -1,
                        2, 27, 32, -1,
                        2, 32, 34, -1,
                        2, 34, 41, -1,
                        2, 41, 40, -1,
                        2, 40, 39, -1,
                        2, 39, 38, -1,
                        2, 38, 45, -1,
                        2, 45, 47, -1,
                        2, 47, 51, -1,
                        2, 51, 55, -1,
                        2, 55, 59, -1,
                        2, 59, 63, -1,
                        2, 63, 66, -1,
                        2, 66, 70, -1,
                        2, 70, 75, -1,
                        2, 75, 79, -1,
                        2, 79, 83, -1,
                        2, 83, 88, -1,
                        2, 88, 87, -1,
                        2, 87, 93, -1,
                        2, 93, 98, -1,
                        2, 98, 102, -1,
                        2, 102, 108, -1,
                        2, 108, 114, -1,
                        2, 114, 119, -1,
                        2, 119, 123, -1,
                        2, 123, 127, -1,
                        2, 127, 132, -1,
                        2, 132, 137, -1,
                        2, 137, 143, -1,
                        2, 143, 147, -1,
                        2, 147, 150, -1,
                        2, 150, 148, -1,
                        2, 148, 144, -1,
                        2, 144, 140, -1,
                        2, 140, 139, -1,
                        2, 139, 138, -1,
                        2, 138, 133, -1,
                        2, 133, 128, -1,
                        2, 128, 124, -1,
                        2, 124, 120, -1,
                        2, 120, 115, -1,
                        2, 115, 109, -1,
                        2, 109, 104, -1,
                        2, 104, 99, -1,
                        2, 99, 94, -1,
                        2, 94, 89, -1,
                        2, 89, 84, -1,
                        2, 84, 80, -1,
                        2, 80, 76, -1,
                        2, 76, 72, -1,
                        2, 72, 68, -1,
                        2, 68, 64, -1,
                        2, 64, 60, -1,
                        2, 60, 56, -1,
                        2, 56, 52, -1,
                        2, 52, 48, -1,
                        2, 48, 43, -1,
                        2, 43, 36, -1,
                        2, 36, 30, -1,
                        2, 30, 26, -1,
                        2, 26, 19, -1,
                        2, 19, 14, -1,
                        2, 14, 10, -1,
                        2, 10, 6, -1,
                        2, 6, 3, -1,
                        3, 6, 7, -1,
                        4, 5, 8, -1,
                        5, 9, 8, -1,
                        6, 10, 11, -1,
                        6, 11, 7, -1,
                        8, 9, 12, -1,
                        9, 13, 12, -1,
                        10, 14, 11, -1,
                        11, 14, 15, -1,
                        12, 13, 16, -1,
                        13, 17, 18, -1,
                        13, 18, 16, -1,
                        14, 19, 20, -1,
                        14, 20, 15, -1,
                        17, 21, 22, -1,
                        17, 22, 18, -1,
                        17, 23, 21, -1,
                        19, 24, 25, -1,
                        19, 25, 20, -1,
                        19, 26, 24, -1,
                        21, 23, 27, -1,
                        23, 28, 27, -1,
                        24, 26, 29, -1,
                        26, 30, 31, -1,
                        26, 31, 29, -1,
                        27, 28, 32, -1,
                        28, 33, 34, -1,
                        28, 34, 32, -1,
                        30, 35, 31, -1,
                        30, 36, 37, -1,
                        30, 37, 35, -1,
                        33, 38, 39, -1,
                        33, 39, 40, -1,
                        33, 40, 41, -1,
                        33, 41, 34, -1,
                        33, 42, 38, -1,
                        36, 43, 37, -1,
                        37, 43, 44, -1,
                        38, 42, 45, -1,
                        42, 46, 47, -1,
                        42, 47, 45, -1,
                        43, 48, 49, -1,
                        43, 49, 44, -1,
                        46, 50, 51, -1,
                        46, 51, 47, -1,
                        48, 52, 49, -1,
                        49, 52, 53, -1,
                        50, 54, 55, -1,
                        50, 55, 51, -1,
                        52, 56, 57, -1,
                        52, 57, 53, -1,
                        54, 58, 55, -1,
                        55, 58, 59, -1,
                        56, 60, 61, -1,
                        56, 61, 57, -1,
                        58, 62, 63, -1,
                        58, 63, 59, -1,
                        60, 64, 65, -1,
                        60, 65, 61, -1,
                        62, 66, 63, -1,
                        62, 67, 66, -1,
                        64, 68, 69, -1,
                        64, 69, 65, -1,
                        66, 67, 70, -1,
                        67, 71, 70, -1,
                        68, 72, 73, -1,
                        68, 73, 69, -1,
                        70, 71, 74, -1,
                        70, 74, 75, -1,
                        72, 76, 77, -1,
                        72, 77, 73, -1,
                        74, 78, 79, -1,
                        74, 79, 75, -1,
                        76, 80, 77, -1,
                        77, 80, 81, -1,
                        78, 82, 83, -1,
                        78, 83, 79, -1,
                        80, 84, 81, -1,
                        81, 84, 85, -1,
                        82, 86, 87, -1,
                        82, 87, 88, -1,
                        82, 88, 83, -1,
                        84, 89, 85, -1,
                        85, 89, 90, -1,
                        86, 91, 87, -1,
                        87, 91, 92, -1,
                        87, 92, 93, -1,
                        89, 94, 95, -1,
                        89, 95, 90, -1,
                        92, 96, 93, -1,
                        93, 96, 97, -1,
                        93, 97, 98, -1,
                        94, 99, 100, -1,
                        94, 100, 101, -1,
                        94, 101, 95, -1,
                        97, 102, 98, -1,
                        97, 103, 102, -1,
                        99, 104, 105, -1,
                        99, 105, 106, -1,
                        99, 106, 100, -1,
                        102, 103, 107, -1,
                        102, 107, 108, -1,
                        104, 109, 110, -1,
                        104, 110, 111, -1,
                        104, 111, 112, -1,
                        104, 112, 105, -1,
                        107, 113, 114, -1,
                        107, 114, 108, -1,
                        109, 115, 116, -1,
                        109, 116, 110, -1,
                        113, 117, 114, -1,
                        114, 117, 118, -1,
                        114, 118, 119, -1,
                        115, 120, 116, -1,
                        116, 120, 121, -1,
                        118, 122, 123, -1,
                        118, 123, 119, -1,
                        120, 124, 121, -1,
                        121, 124, 125, -1,
                        122, 126, 123, -1,
                        123, 126, 127, -1,
                        124, 128, 129, -1,
                        124, 129, 125, -1,
                        126, 130, 127, -1,
                        127, 130, 131, -1,
                        127, 131, 132, -1,
                        128, 133, 134, -1,
                        128, 134, 129, -1,
                        131, 135, 132, -1,
                        132, 135, 136, -1,
                        132, 136, 137, -1,
                        133, 138, 134, -1,
                        134, 139, 140, -1,
                        134, 140, 141, -1,
                        134, 138, 139, -1,
                        136, 142, 137, -1,
                        137, 142, 143, -1,
                        140, 144, 141, -1,
                        141, 144, 145, -1,
                        142, 146, 147, -1,
                        142, 147, 143, -1,
                        144, 148, 145, -1,
                        145, 148, 150, -1,
                        145, 150, 147, -1,
                        145, 147, 149, -1,
                        146, 151, 147, -1,
                        147, 151, 152, -1,
                        147, 152, 153, -1,
                        147, 153, 149, -1,
                ]
            }
        }
    ]
}
#VRML V2.0 utf8

# Vertices: 356
# Triangles: 708

Group {
    children [
        Shape {
            appearance Appearance {
                material Material {
                    diffuseColor 0.720000 0.360000 0.110000
                    ambientIntensity 0.400000
                    specularColor 0.500000 0.500000 0.500000
                    emissiveColor 0.000000 0.000000 0.000000
                    shininess 0.400000
                    transparency 0.500000
                }
            }
            geometry IndexedFaceSet {
                ccw TRUE
                solid TRUE
                convex TRUE
                coord DEF co Coordinate {
                    point [
                        0.200626 -0.123370 0.113465,
                        0.200626 -0.123370 0.004719,
                        0.188712 -0.123370 0.113588,
                        0.200626 -0.123400 0.113588,
                        0.200626 -0.245227 0.000148,
                        0.136559 -0.349240 -0.062002,
                        0.135923 -0.334355 -0.061369,
                        0.126298 -0.334355 -0.067390,
                        0.111712 -0.333057 -0.073146,
                        0.111458 -0.319501 -0.070370,
                        0.103699 -0.327200 -0.074248,
                        0.097890 -0.319531 -0.073064,
                        0.096575 -0.304646 -0.068696,
                        0.081735 -0.304646 -0.070207,
                        0.066853 -0.304646 -0.071003,
                        0.066853 -0.289791 -0.065349,
                        0.096575 -0.123370 0.001597,
                        0.156021 -0.349240 0.120976,
                        -0.232537 -0.123370 0.113588,
                        0.200626 -0.349240 0.120956,
                        0.200626 -0.260082 -0.000404,
                        0.136771 -0.364095 -0.062267,
                        0.126298 -0.364095 -0.069492,
                        0.126298 -0.349240 -0.068819,
                        0.116800 -0.349240 -0.073676,
                        0.106921 -0.337103 -0.075085,
                        0.096575 -0.349240 -0.078656,
                        0.097890 -0.333057 -0.076085,
                        0.093777 -0.324513 -0.074942,
                        0.081735 -0.314851 -0.073534,
                        0.066853 -0.313281 -0.073942,
                        0.052012 -0.312526 -0.074166,
                        0.052012 -0.304646 -0.071431,
                        0.052012 -0.289791 -0.065737,
                        0.082456 -0.123370 0.001229,
                        0.081735 -0.364095 0.120384,
                        -0.066836 -0.349240 0.120976,
                        -0.232537 -0.123370 0.004658,
                        -0.232537 -0.349240 0.120956,
                        0.185744 -0.364095 0.120282,
                        0.200626 -0.364095 0.120262,
                        0.111458 -0.364095 0.120364,
                        0.200626 -0.274967 -0.000812,
                        0.136771 -0.378950 -0.062349,
                        0.126595 -0.393804 -0.069737,
                        0.200626 -0.289791 -0.000955,
                        0.124899 -0.378467 -0.070656,
                        0.119005 -0.383086 -0.074370,
                        0.118751 -0.373183 -0.074248,
                        0.118242 -0.364095 -0.074085,
                        0.110822 -0.364095 -0.076473,
                        0.109338 -0.349240 -0.075840,
                        0.096575 -0.364095 -0.080065,
                        0.081735 -0.364095 -0.082208,
                        0.081735 -0.349240 -0.080616,
                        0.081735 -0.334355 -0.078269,
                        0.081735 -0.322278 -0.075575,
                        0.066853 -0.320708 -0.076044,
                        0.052012 -0.319953 -0.076268,
                        0.037130 -0.319621 -0.076391,
                        0.037130 -0.312194 -0.074268,
                        0.037130 -0.304646 -0.071615,
                        0.037130 -0.289791 -0.065941,
                        0.066853 -0.123370 0.001005,
                        0.078725 -0.123370 0.001168,
                        -0.007433 -0.364095 0.120384,
                        0.052012 -0.372247 0.119180,
                        0.096575 -0.372217 0.119160,
                        -0.232537 -0.153864 0.004515,
                        -0.114409 -0.123370 0.001515,
                        -0.037113 -0.289791 -0.065512,
                        -0.037113 -0.304646 -0.071207,
                        -0.051996 -0.304646 -0.070513,
                        -0.051996 -0.314126 -0.073697,
                        -0.066836 -0.316481 -0.073084,
                        -0.075401 -0.325932 -0.074554,
                        -0.085959 -0.334355 -0.073513,
                        -0.088757 -0.342719 -0.074187,
                        -0.090199 -0.352622 -0.074738,
                        -0.091344 -0.364095 -0.075228,
                        -0.092276 -0.378950 -0.075677,
                        -0.099697 -0.378950 -0.072125,
                        -0.100205 -0.393804 -0.072288,
                        -0.100460 -0.408689 -0.072391,
                        -0.100841 -0.431817 -0.072554,
                        -0.232537 -0.364095 0.120221,
                        -0.037113 -0.364095 0.120364,
                        0.156021 -0.372096 0.119119,
                        0.200626 -0.371975 0.119078,
                        0.136389 -0.431817 -0.062206,
                        0.126934 -0.431817 -0.069635,
                        0.119514 -0.431817 -0.074636,
                        0.200626 -0.304646 -0.000771,
                        0.119175 -0.393804 -0.074452,
                        0.111458 -0.431817 -0.077820,
                        0.111458 -0.393804 -0.077289,
                        0.112857 -0.378467 -0.076411,
                        0.096575 -0.393804 -0.081534,
                        0.096575 -0.378950 -0.080983,
                        0.081735 -0.378950 -0.083269,
                        0.066853 -0.378950 -0.084453,
                        0.066853 -0.364095 -0.083330,
                        0.066853 -0.349240 -0.081657,
                        0.066853 -0.334355 -0.079228,
                        0.052012 -0.334355 -0.079697,
                        0.037130 -0.334355 -0.079942,
                        0.022290 -0.334355 -0.080065,
                        0.007407 -0.319501 -0.076473,
                        0.023562 -0.318021 -0.076024,
                        0.029328 -0.312073 -0.074289,
                        0.023562 -0.306095 -0.072207,
                        0.007407 -0.304585 -0.071697,
                        0.022290 -0.289791 -0.066002,
                        0.037130 -0.123370 0.000780,
                        0.052012 -0.123370 0.000862,
                        0.007407 -0.372247 0.119180,
                        -0.037113 -0.372217 0.119160,
                        0.052012 -0.379705 0.115670,
                        0.081735 -0.372247 0.119160,
                        0.081735 -0.379674 0.115649,
                        -0.232537 -0.183604 0.004413,
                        -0.100714 -0.123370 0.001188,
                        -0.022273 -0.289791 -0.065818,
                        -0.022273 -0.304646 -0.071513,
                        -0.022273 -0.312345 -0.074227,
                        -0.037113 -0.312919 -0.074064,
                        -0.051996 -0.321554 -0.075819,
                        -0.066836 -0.323909 -0.075146,
                        -0.066836 -0.334355 -0.077350,
                        -0.078539 -0.334355 -0.075330,
                        -0.082948 -0.348304 -0.076268,
                        -0.081719 -0.364095 -0.078126,
                        -0.081719 -0.378950 -0.079003,
                        -0.081719 -0.393804 -0.079534,
                        -0.092743 -0.393804 -0.075922,
                        -0.092997 -0.408689 -0.076085,
                        -0.093421 -0.431817 -0.076289,
                        -0.096728 -0.431817 -0.074636,
                        -0.105166 -0.431817 -0.069247,
                        -0.232537 -0.349240 0.010373,
                        -0.232537 -0.334355 0.007679,
                        -0.232537 -0.332181 0.007454,
                        -0.232537 -0.319501 0.006148,
                        -0.232537 -0.317327 0.006005,
                        -0.232537 -0.304646 0.005189,
                        -0.232537 -0.289791 0.004740,
                        -0.232537 -0.274967 0.004536,
                        -0.232537 -0.272763 0.004515,
                        -0.232537 -0.260082 0.004413,
                        -0.232537 -0.245227 0.004373,
                        -0.232537 -0.230372 0.004352,
                        -0.232537 -0.228168 0.004352,
                        -0.232537 -0.371885 0.119037,
                        0.185744 -0.379433 0.115200,
                        0.200626 -0.379403 0.115098,
                        0.111458 -0.379644 0.115568,
                        0.141181 -0.379554 0.115445,
                        0.156021 -0.379523 0.115364,
                        0.144318 -0.431817 -0.051225,
                        0.200626 -0.319501 -0.000159,
                        0.200626 -0.335654 0.001413,
                        0.200626 -0.349240 0.003862,
                        0.096575 -0.431817 -0.082351,
                        0.096575 -0.408689 -0.081881,
                        0.081735 -0.408689 -0.084290,
                        0.081735 -0.393804 -0.083902,
                        0.066853 -0.393804 -0.085127,
                        0.052012 -0.393804 -0.085841,
                        0.052012 -0.378950 -0.085127,
                        0.052012 -0.364095 -0.083943,
                        0.052012 -0.349240 -0.082167,
                        0.037130 -0.349240 -0.082473,
                        0.022290 -0.349240 -0.082616,
                        0.007407 -0.334355 -0.080085,
                        0.007407 -0.312013 -0.074309,
                        0.019449 -0.312013 -0.074309,
                        -0.007433 -0.334355 -0.080024,
                        -0.022273 -0.319772 -0.076350,
                        -0.006967 -0.318051 -0.076003,
                        -0.001667 -0.312043 -0.074309,
                        0.007407 -0.289791 -0.066023,
                        -0.006967 -0.306125 -0.072186,
                        -0.007433 -0.289791 -0.065961,
                        0.022290 -0.123370 0.000739,
                        0.007407 -0.379705 0.115670,
                        -0.022273 -0.372247 0.119160,
                        0.052012 -0.390785 0.108240,
                        0.081735 -0.390725 0.108200,
                        -0.083330 -0.123370 0.000964,
                        -0.011588 -0.312134 -0.074268,
                        -0.037113 -0.320346 -0.076166,
                        -0.037113 -0.334355 -0.079493,
                        -0.051996 -0.334355 -0.078779,
                        -0.051996 -0.349240 -0.081228,
                        -0.066836 -0.349240 -0.079657,
                        -0.066836 -0.364095 -0.081208,
                        -0.066836 -0.378950 -0.082167,
                        -0.066836 -0.393804 -0.082739,
                        -0.066836 -0.408689 -0.083106,
                        -0.081719 -0.408689 -0.079861,
                        -0.081719 -0.431817 -0.080310,
                        -0.086849 -0.431817 -0.078575,
                        -0.110466 -0.431817 -0.065124,
                        -0.232537 -0.359898 0.013516,
                        -0.232537 -0.379312 0.114894,
                        -0.037113 -0.379644 0.115608,
                        -0.022273 -0.379674 0.115629,
                        0.111458 -0.390574 0.108138,
                        0.200626 -0.389668 0.107669,
                        0.126298 -0.390453 0.108077,
                        0.141181 -0.390302 0.108016,
                        0.096575 -0.390664 0.108179,
                        0.148304 -0.431817 -0.045041,
                        0.200626 -0.364095 0.008210,
                        0.081735 -0.431817 -0.084820,
                        0.075121 -0.431817 -0.085412,
                        0.066853 -0.408689 -0.085576,
                        0.052012 -0.408689 -0.086331,
                        0.037130 -0.393804 -0.086229,
                        0.037130 -0.378950 -0.085494,
                        0.037130 -0.364095 -0.084290,
                        0.022290 -0.364095 -0.084433,
                        0.007407 -0.349240 -0.082636,
                        -0.007433 -0.349240 -0.082575,
                        -0.022273 -0.334355 -0.079861,
                        0.007407 -0.123370 0.000719,
                        -0.067811 -0.123370 0.000842,
                        -0.052547 -0.123370 0.000780,
                        -0.037495 -0.123370 0.000739,
                        -0.022528 -0.123370 0.000719,
                        -0.007433 -0.390785 0.108220,
                        0.007407 -0.390785 0.108240,
                        0.052012 -0.398213 0.100117,
                        0.066853 -0.398213 0.100076,
                        0.037130 -0.398213 0.100137,
                        -0.022273 -0.349240 -0.082392,
                        -0.037113 -0.349240 -0.082004,
                        -0.037113 -0.364095 -0.083759,
                        -0.051996 -0.364095 -0.082922,
                        -0.051996 -0.378950 -0.084004,
                        -0.051996 -0.393804 -0.084637,
                        -0.051996 -0.408689 -0.085045,
                        -0.051996 -0.431817 -0.085555,
                        -0.058610 -0.431817 -0.084678,
                        -0.066836 -0.431817 -0.083575,
                        -0.073451 -0.431817 -0.082126,
                        -0.113731 -0.431817 -0.062043,
                        -0.232537 -0.367356 0.016741,
                        -0.232537 -0.380791 0.113812,
                        -0.037113 -0.390664 0.108179,
                        -0.022273 -0.390755 0.108200,
                        0.081735 -0.398152 0.099995,
                        0.200626 -0.396884 0.096586,
                        0.096575 -0.398092 0.099852,
                        0.111458 -0.398001 0.099607,
                        0.052012 -0.431817 0.058705,
                        0.064181 -0.431817 0.058296,
                        0.066853 -0.431817 0.058194,
                        0.078216 -0.431817 0.057562,
                        0.081735 -0.431817 0.057296,
                        0.091911 -0.431817 0.056276,
                        0.148728 -0.431817 -0.044122,
                        0.200626 -0.374844 0.012884,
                        0.200626 -0.382271 0.017905,
                        0.200626 -0.390151 0.025334,
                        0.066853 -0.431817 -0.086127,
                        0.052012 -0.431817 -0.086923,
                        0.045398 -0.431817 -0.087106,
                        0.037130 -0.423544 -0.087106,
                        0.037130 -0.408689 -0.086719,
                        0.022290 -0.393804 -0.086392,
                        0.022290 -0.378950 -0.085637,
                        0.007407 -0.378950 -0.085678,
                        0.007407 -0.364095 -0.084453,
                        -0.007433 -0.364095 -0.084392,
                        -0.007433 -0.398213 0.100097,
                        0.007407 -0.398213 0.100137,
                        -0.006627 -0.431817 0.060276,
                        -0.022273 -0.364095 -0.084188,
                        -0.022273 -0.378950 -0.085392,
                        -0.037113 -0.378950 -0.084943,
                        -0.037113 -0.393804 -0.085637,
                        -0.037113 -0.408689 -0.086086,
                        -0.037113 -0.431817 -0.086616,
                        -0.043728 -0.431817 -0.086147,
                        -0.117886 -0.431817 -0.058083,
                        -0.232537 -0.378618 0.024170,
                        -0.232537 -0.389366 0.107465,
                        -0.051996 -0.390574 0.108118,
                        -0.022273 -0.398182 0.100056,
                        0.200626 -0.401020 0.087973,
                        0.096575 -0.431817 0.055623,
                        0.105522 -0.431817 0.054174,
                        0.111246 -0.431817 0.052867,
                        0.150848 -0.431817 -0.037856,
                        0.200626 -0.390242 0.025456,
                        0.200626 -0.397911 0.038029,
                        0.037130 -0.431817 -0.087310,
                        0.030558 -0.431817 -0.087392,
                        0.022290 -0.408689 -0.086882,
                        0.007407 -0.393804 -0.086433,
                        -0.007433 -0.378950 -0.085616,
                        -0.037113 -0.398122 0.099933,
                        -0.051996 -0.431817 0.057500,
                        -0.007433 -0.393804 -0.086351,
                        -0.022273 -0.393804 -0.086106,
                        -0.022273 -0.408689 -0.086555,
                        -0.028888 -0.431817 -0.086902,
                        -0.119922 -0.431817 -0.054776,
                        -0.232537 -0.397730 0.052010,
                        -0.232537 -0.396733 0.049887,
                        -0.232537 -0.390936 0.037560,
                        -0.232537 -0.386045 0.030110,
                        -0.232537 -0.395858 0.096586,
                        -0.066836 -0.431817 0.055766,
                        0.200626 -0.402470 0.080544,
                        0.119853 -0.431817 0.050071,
                        0.123839 -0.431817 0.048010,
                        0.131513 -0.431817 0.043274,
                        0.140290 -0.431817 0.036396,
                        0.150636 -0.431817 0.022864,
                        0.154834 -0.431817 -0.022283,
                        0.200626 -0.398213 0.038723,
                        0.200626 -0.402349 0.051643,
                        0.022290 -0.431817 -0.087474,
                        0.007407 -0.408689 -0.086923,
                        -0.007433 -0.408689 -0.086841,
                        -0.022273 -0.431817 -0.087106,
                        -0.007433 -0.431817 -0.087412,
                        -0.122296 -0.431817 -0.050654,
                        -0.232537 -0.400719 0.068093,
                        -0.124967 -0.431817 -0.044633,
                        -0.128020 -0.431817 -0.037142,
                        -0.232537 -0.396522 0.094402,
                        -0.097492 -0.431817 0.046601,
                        -0.081634 -0.431817 0.052602,
                        0.200626 -0.403738 0.066869,
                        0.152120 -0.431817 0.019864,
                        0.155215 -0.431817 0.008067,
                        0.200626 -0.402470 0.052133,
                        0.200626 -0.403738 0.066726,
                        0.156233 -0.431817 -0.007425,
                        0.007407 -0.431817 -0.087494,
                        0.007407 -0.423544 -0.087290,
                        -0.131412 -0.431817 -0.014364,
                        -0.131200 -0.431817 -0.007425,
                        -0.232537 -0.400477 0.080503,
                        -0.129631 -0.431817 -0.030509,
                        -0.131158 -0.431817 -0.022079,
                        -0.103640 -0.431817 0.041642,
                        -0.130479 -0.431817 -0.000853,
                        -0.128359 -0.431817 0.007679,
                        -0.125646 -0.431817 0.014476,
                        -0.122932 -0.431817 0.020190,
                        -0.113434 -0.431817 0.032539,
                        -0.110127 -0.431817 0.036213,
                    ]
                }
                coordIndex [ 
                        0, 1, 16, -1,
                        0, 16, 34, -1,
                        0, 34, 64, -1,
                        0, 64, 63, -1,
                        0, 63, 114, -1,
                        0, 114, 113, -1,
                        0, 113, 183, -1,
                        0, 183, 225, -1,
                        0, 225, 229, -1,
                        0, 229, 228, -1,
                        0, 228, 227, -1,
                        0, 227, 226, -1,
                        0, 226, 188, -1,
                        0, 188, 121, -1,
                        0, 121, 69, -1,
                        0, 69, 37, -1,
                        0, 37, 18, -1,
                        0, 18, 2, -1,
                        0, 2, 3, -1,
                        0, 3, 19, -1,
                        0, 19, 40, -1,
                        0, 40, 88, -1,
                        0, 88, 154, -1,
                        0, 154, 208, -1,
                        0, 208, 252, -1,
                        0, 252, 290, -1,
                        0, 290, 315, -1,
                        0, 315, 336, -1,
                        0, 336, 340, -1,
                        0, 340, 339, -1,
                        0, 339, 323, -1,
                        0, 323, 322, -1,
                        0, 322, 296, -1,
                        0, 296, 295, -1,
                        0, 295, 264, -1,
                        0, 264, 263, -1,
                        0, 263, 262, -1,
                        0, 262, 213, -1,
                        0, 213, 161, -1,
                        0, 161, 160, -1,
                        0, 160, 159, -1,
                        0, 159, 92, -1,
                        0, 92, 45, -1,
                        0, 45, 42, -1,
                        0, 42, 20, -1,
                        0, 20, 4, -1,
                        0, 4, 1, -1,
                        1, 4, 5, -1,
                        1, 5, 6, -1,
                        1, 6, 7, -1,
                        1, 7, 8, -1,
                        1, 8, 9, -1,
                        1, 9, 10, -1,
                        1, 10, 11, -1,
                        1, 11, 12, -1,
                        1, 12, 13, -1,
                        1, 13, 14, -1,
                        1, 14, 15, -1,
                        1, 15, 16, -1,
                        2, 17, 3, -1,
                        2, 18, 36, -1,
                        2, 36, 17, -1,
                        3, 17, 19, -1,
                        4, 20, 5, -1,
                        5, 21, 22, -1,
                        5, 22, 23, -1,
                        5, 23, 6, -1,
                        5, 20, 21, -1,
                        6, 23, 7, -1,
                        7, 23, 24, -1,
                        7, 24, 8, -1,
                        8, 24, 25, -1,
                        8, 25, 10, -1,
                        8, 10, 9, -1,
                        10, 25, 26, -1,
                        10, 26, 27, -1,
                        10, 27, 28, -1,
                        10, 28, 11, -1,
                        11, 28, 29, -1,
                        11, 29, 12, -1,
                        12, 29, 13, -1,
                        13, 29, 30, -1,
                        13, 30, 14, -1,
                        14, 30, 31, -1,
                        14, 31, 32, -1,
                        14, 32, 15, -1,
                        15, 32, 33, -1,
                        15, 33, 16, -1,
                        16, 33, 34, -1,
                        17, 35, 19, -1,
                        17, 36, 65, -1,
                        17, 65, 35, -1,
                        18, 37, 68, -1,
                        18, 68, 120, -1,
                        18, 120, 151, -1,
                        18, 151, 150, -1,
                        18, 150, 149, -1,
                        18, 149, 148, -1,
                        18, 148, 147, -1,
                        18, 147, 146, -1,
                        18, 146, 145, -1,
                        18, 145, 144, -1,
                        18, 144, 143, -1,
                        18, 143, 142, -1,
                        18, 142, 141, -1,
                        18, 141, 140, -1,
                        18, 140, 139, -1,
                        18, 139, 203, -1,
                        18, 203, 247, -1,
                        18, 247, 286, -1,
                        18, 286, 312, -1,
                        18, 312, 311, -1,
                        18, 311, 310, -1,
                        18, 310, 309, -1,
                        18, 309, 330, -1,
                        18, 330, 346, -1,
                        18, 346, 333, -1,
                        18, 333, 313, -1,
                        18, 313, 287, -1,
                        18, 287, 248, -1,
                        18, 248, 204, -1,
                        18, 204, 152, -1,
                        18, 152, 85, -1,
                        18, 85, 38, -1,
                        18, 38, 36, -1,
                        19, 39, 40, -1,
                        19, 35, 41, -1,
                        19, 41, 39, -1,
                        20, 42, 21, -1,
                        21, 43, 44, -1,
                        21, 44, 22, -1,
                        21, 42, 45, -1,
                        21, 45, 43, -1,
                        22, 44, 46, -1,
                        22, 46, 47, -1,
                        22, 47, 48, -1,
                        22, 48, 23, -1,
                        23, 48, 49, -1,
                        23, 49, 24, -1,
                        24, 49, 50, -1,
                        24, 50, 51, -1,
                        24, 51, 25, -1,
                        25, 51, 26, -1,
                        26, 51, 52, -1,
                        26, 52, 53, -1,
                        26, 53, 54, -1,
                        26, 54, 27, -1,
                        27, 54, 55, -1,
                        27, 55, 28, -1,
                        28, 55, 56, -1,
                        28, 56, 29, -1,
                        29, 56, 57, -1,
                        29, 57, 30, -1,
                        30, 57, 58, -1,
                        30, 58, 31, -1,
                        31, 58, 59, -1,
                        31, 59, 60, -1,
                        31, 60, 32, -1,
                        32, 60, 61, -1,
                        32, 61, 62, -1,
                        32, 62, 33, -1,
                        33, 63, 64, -1,
                        33, 64, 34, -1,
                        33, 62, 63, -1,
                        35, 65, 115, -1,
                        35, 115, 66, -1,
                        35, 66, 67, -1,
                        35, 67, 41, -1,
                        36, 38, 65, -1,
                        37, 69, 70, -1,
                        37, 70, 71, -1,
                        37, 71, 72, -1,
                        37, 72, 73, -1,
                        37, 73, 74, -1,
                        37, 74, 75, -1,
                        37, 75, 76, -1,
                        37, 76, 77, -1,
                        37, 77, 78, -1,
                        37, 78, 79, -1,
                        37, 79, 80, -1,
                        37, 80, 81, -1,
                        37, 81, 82, -1,
                        37, 82, 83, -1,
                        37, 83, 84, -1,
                        37, 84, 68, -1,
                        38, 85, 86, -1,
                        38, 86, 65, -1,
                        39, 87, 88, -1,
                        39, 88, 40, -1,
                        39, 41, 87, -1,
                        41, 67, 87, -1,
                        43, 89, 90, -1,
                        43, 90, 44, -1,
                        43, 45, 89, -1,
                        44, 90, 91, -1,
                        44, 91, 46, -1,
                        45, 92, 89, -1,
                        46, 91, 93, -1,
                        46, 93, 47, -1,
                        47, 93, 94, -1,
                        47, 94, 95, -1,
                        47, 95, 48, -1,
                        48, 95, 96, -1,
                        48, 96, 49, -1,
                        49, 96, 50, -1,
                        50, 96, 97, -1,
                        50, 97, 98, -1,
                        50, 98, 52, -1,
                        50, 52, 51, -1,
                        52, 98, 99, -1,
                        52, 99, 53, -1,
                        53, 99, 100, -1,
                        53, 100, 101, -1,
                        53, 101, 54, -1,
                        54, 101, 102, -1,
                        54, 102, 55, -1,
                        55, 102, 103, -1,
                        55, 103, 56, -1,
                        56, 103, 57, -1,
                        57, 103, 104, -1,
                        57, 104, 58, -1,
                        58, 104, 105, -1,
                        58, 105, 59, -1,
                        59, 105, 106, -1,
                        59, 106, 107, -1,
                        59, 107, 108, -1,
                        59, 108, 109, -1,
                        59, 109, 60, -1,
                        60, 109, 61, -1,
                        61, 109, 110, -1,
                        61, 110, 111, -1,
                        61, 111, 112, -1,
                        61, 112, 62, -1,
                        62, 112, 113, -1,
                        62, 113, 114, -1,
                        62, 114, 63, -1,
                        65, 86, 116, -1,
                        65, 116, 115, -1,
                        66, 117, 118, -1,
                        66, 118, 67, -1,
                        66, 115, 184, -1,
                        66, 184, 117, -1,
                        67, 118, 117, -1,
                        67, 117, 119, -1,
                        67, 119, 87, -1,
                        68, 84, 120, -1,
                        69, 121, 70, -1,
                        70, 121, 122, -1,
                        70, 122, 123, -1,
                        70, 123, 71, -1,
                        71, 123, 124, -1,
                        71, 124, 125, -1,
                        71, 125, 72, -1,
                        72, 125, 73, -1,
                        73, 125, 126, -1,
                        73, 126, 74, -1,
                        74, 126, 127, -1,
                        74, 127, 75, -1,
                        75, 127, 128, -1,
                        75, 128, 129, -1,
                        75, 129, 76, -1,
                        76, 129, 77, -1,
                        77, 129, 130, -1,
                        77, 130, 131, -1,
                        77, 131, 78, -1,
                        78, 131, 79, -1,
                        79, 131, 132, -1,
                        79, 132, 80, -1,
                        80, 132, 133, -1,
                        80, 133, 134, -1,
                        80, 134, 81, -1,
                        81, 134, 82, -1,
                        82, 134, 135, -1,
                        82, 135, 136, -1,
                        82, 136, 137, -1,
                        82, 137, 83, -1,
                        83, 137, 84, -1,
                        84, 137, 136, -1,
                        84, 136, 201, -1,
                        84, 201, 200, -1,
                        84, 200, 245, -1,
                        84, 245, 244, -1,
                        84, 244, 243, -1,
                        84, 243, 242, -1,
                        84, 242, 284, -1,
                        84, 284, 283, -1,
                        84, 283, 307, -1,
                        84, 307, 327, -1,
                        84, 327, 328, -1,
                        84, 328, 342, -1,
                        84, 342, 324, -1,
                        84, 324, 298, -1,
                        84, 298, 297, -1,
                        84, 297, 267, -1,
                        84, 267, 266, -1,
                        84, 266, 265, -1,
                        84, 265, 215, -1,
                        84, 215, 214, -1,
                        84, 214, 162, -1,
                        84, 162, 94, -1,
                        84, 94, 91, -1,
                        84, 91, 90, -1,
                        84, 90, 89, -1,
                        84, 89, 158, -1,
                        84, 158, 212, -1,
                        84, 212, 261, -1,
                        84, 261, 294, -1,
                        84, 294, 321, -1,
                        84, 321, 341, -1,
                        84, 341, 338, -1,
                        84, 338, 337, -1,
                        84, 337, 320, -1,
                        84, 320, 319, -1,
                        84, 319, 318, -1,
                        84, 318, 317, -1,
                        84, 317, 316, -1,
                        84, 316, 293, -1,
                        84, 293, 292, -1,
                        84, 292, 291, -1,
                        84, 291, 260, -1,
                        84, 260, 259, -1,
                        84, 259, 258, -1,
                        84, 258, 257, -1,
                        84, 257, 256, -1,
                        84, 256, 255, -1,
                        84, 255, 277, -1,
                        84, 277, 303, -1,
                        84, 303, 314, -1,
                        84, 314, 335, -1,
                        84, 335, 334, -1,
                        84, 334, 349, -1,
                        84, 349, 355, -1,
                        84, 355, 354, -1,
                        84, 354, 353, -1,
                        84, 353, 352, -1,
                        84, 352, 351, -1,
                        84, 351, 350, -1,
                        84, 350, 345, -1,
                        84, 345, 344, -1,
                        84, 344, 348, -1,
                        84, 348, 347, -1,
                        84, 347, 332, -1,
                        84, 332, 331, -1,
                        84, 331, 329, -1,
                        84, 329, 308, -1,
                        84, 308, 285, -1,
                        84, 285, 246, -1,
                        84, 246, 202, -1,
                        84, 202, 138, -1,
                        84, 138, 139, -1,
                        84, 139, 140, -1,
                        84, 140, 141, -1,
                        84, 141, 142, -1,
                        84, 142, 143, -1,
                        84, 143, 144, -1,
                        84, 144, 145, -1,
                        84, 145, 146, -1,
                        84, 146, 147, -1,
                        84, 147, 148, -1,
                        84, 148, 149, -1,
                        84, 149, 150, -1,
                        84, 150, 151, -1,
                        84, 151, 120, -1,
                        85, 152, 116, -1,
                        85, 116, 86, -1,
                        87, 119, 88, -1,
                        88, 153, 154, -1,
                        88, 119, 155, -1,
                        88, 155, 156, -1,
                        88, 156, 157, -1,
                        88, 157, 153, -1,
                        89, 92, 159, -1,
                        89, 159, 160, -1,
                        89, 160, 161, -1,
                        89, 161, 158, -1,
                        91, 94, 93, -1,
                        94, 162, 95, -1,
                        95, 162, 163, -1,
                        95, 163, 97, -1,
                        95, 97, 96, -1,
                        97, 163, 164, -1,
                        97, 164, 165, -1,
                        97, 165, 98, -1,
                        98, 165, 99, -1,
                        99, 165, 166, -1,
                        99, 166, 100, -1,
                        100, 166, 167, -1,
                        100, 167, 168, -1,
                        100, 168, 101, -1,
                        101, 168, 169, -1,
                        101, 169, 102, -1,
                        102, 169, 170, -1,
                        102, 170, 103, -1,
                        103, 170, 104, -1,
                        104, 170, 171, -1,
                        104, 171, 105, -1,
                        105, 171, 172, -1,
                        105, 172, 106, -1,
                        106, 172, 222, -1,
                        106, 222, 173, -1,
                        106, 173, 107, -1,
                        107, 174, 175, -1,
                        107, 175, 108, -1,
                        107, 173, 176, -1,
                        107, 176, 177, -1,
                        107, 177, 178, -1,
                        107, 178, 179, -1,
                        107, 179, 174, -1,
                        108, 175, 109, -1,
                        109, 175, 110, -1,
                        110, 175, 111, -1,
                        111, 180, 112, -1,
                        111, 175, 174, -1,
                        111, 174, 179, -1,
                        111, 179, 181, -1,
                        111, 181, 182, -1,
                        111, 182, 180, -1,
                        112, 180, 225, -1,
                        112, 225, 183, -1,
                        112, 183, 113, -1,
                        115, 116, 185, -1,
                        115, 185, 184, -1,
                        116, 152, 184, -1,
                        116, 184, 185, -1,
                        117, 186, 119, -1,
                        117, 184, 231, -1,
                        117, 231, 186, -1,
                        119, 186, 187, -1,
                        119, 187, 155, -1,
                        121, 188, 122, -1,
                        122, 188, 182, -1,
                        122, 182, 123, -1,
                        123, 182, 181, -1,
                        123, 181, 189, -1,
                        123, 189, 124, -1,
                        124, 189, 177, -1,
                        124, 177, 125, -1,
                        125, 177, 190, -1,
                        125, 190, 126, -1,
                        126, 190, 191, -1,
                        126, 191, 192, -1,
                        126, 192, 127, -1,
                        127, 192, 128, -1,
                        128, 192, 193, -1,
                        128, 193, 194, -1,
                        128, 194, 129, -1,
                        129, 194, 130, -1,
                        130, 194, 195, -1,
                        130, 195, 131, -1,
                        131, 195, 196, -1,
                        131, 196, 132, -1,
                        132, 196, 197, -1,
                        132, 197, 133, -1,
                        133, 197, 198, -1,
                        133, 198, 199, -1,
                        133, 199, 134, -1,
                        134, 199, 200, -1,
                        134, 200, 201, -1,
                        134, 201, 135, -1,
                        135, 201, 136, -1,
                        138, 202, 139, -1,
                        139, 202, 203, -1,
                        152, 204, 205, -1,
                        152, 205, 206, -1,
                        152, 206, 184, -1,
                        153, 157, 207, -1,
                        153, 207, 154, -1,
                        154, 207, 209, -1,
                        154, 209, 210, -1,
                        154, 210, 208, -1,
                        155, 187, 211, -1,
                        155, 211, 156, -1,
                        156, 211, 157, -1,
                        157, 211, 207, -1,
                        158, 161, 213, -1,
                        158, 213, 212, -1,
                        162, 214, 163, -1,
                        163, 214, 164, -1,
                        164, 214, 215, -1,
                        164, 215, 265, -1,
                        164, 265, 216, -1,
                        164, 216, 165, -1,
                        165, 216, 166, -1,
                        166, 216, 217, -1,
                        166, 217, 167, -1,
                        167, 217, 269, -1,
                        167, 269, 218, -1,
                        167, 218, 168, -1,
                        168, 218, 219, -1,
                        168, 219, 169, -1,
                        169, 219, 220, -1,
                        169, 220, 170, -1,
                        170, 220, 171, -1,
                        171, 220, 221, -1,
                        171, 221, 172, -1,
                        172, 221, 273, -1,
                        172, 273, 222, -1,
                        173, 222, 223, -1,
                        173, 223, 176, -1,
                        176, 223, 224, -1,
                        176, 224, 177, -1,
                        177, 189, 178, -1,
                        177, 224, 190, -1,
                        178, 189, 179, -1,
                        179, 189, 181, -1,
                        180, 182, 226, -1,
                        180, 226, 227, -1,
                        180, 227, 228, -1,
                        180, 228, 229, -1,
                        180, 229, 225, -1,
                        182, 188, 226, -1,
                        184, 230, 231, -1,
                        184, 206, 230, -1,
                        186, 232, 233, -1,
                        186, 233, 187, -1,
                        186, 231, 276, -1,
                        186, 276, 234, -1,
                        186, 234, 232, -1,
                        187, 233, 211, -1,
                        190, 224, 191, -1,
                        191, 224, 235, -1,
                        191, 235, 236, -1,
                        191, 236, 192, -1,
                        192, 236, 193, -1,
                        193, 236, 237, -1,
                        193, 237, 238, -1,
                        193, 238, 194, -1,
                        194, 238, 195, -1,
                        195, 238, 239, -1,
                        195, 239, 196, -1,
                        196, 239, 240, -1,
                        196, 240, 197, -1,
                        197, 240, 241, -1,
                        197, 241, 198, -1,
                        198, 241, 242, -1,
                        198, 242, 243, -1,
                        198, 243, 244, -1,
                        198, 244, 199, -1,
                        199, 244, 245, -1,
                        199, 245, 200, -1,
                        202, 246, 247, -1,
                        202, 247, 203, -1,
                        204, 248, 249, -1,
                        204, 249, 250, -1,
                        204, 250, 205, -1,
                        205, 250, 230, -1,
                        205, 230, 206, -1,
                        207, 211, 233, -1,
                        207, 233, 251, -1,
                        207, 251, 209, -1,
                        208, 210, 253, -1,
                        208, 253, 254, -1,
                        208, 254, 255, -1,
                        208, 255, 256, -1,
                        208, 256, 257, -1,
                        208, 257, 258, -1,
                        208, 258, 259, -1,
                        208, 259, 260, -1,
                        208, 260, 252, -1,
                        209, 251, 253, -1,
                        209, 253, 210, -1,
                        212, 213, 262, -1,
                        212, 262, 263, -1,
                        212, 263, 264, -1,
                        212, 264, 261, -1,
                        216, 265, 266, -1,
                        216, 266, 217, -1,
                        217, 266, 267, -1,
                        217, 267, 268, -1,
                        217, 268, 269, -1,
                        218, 269, 299, -1,
                        218, 299, 270, -1,
                        218, 270, 219, -1,
                        219, 270, 271, -1,
                        219, 271, 221, -1,
                        219, 221, 220, -1,
                        221, 271, 272, -1,
                        221, 272, 273, -1,
                        222, 273, 274, -1,
                        222, 274, 223, -1,
                        223, 274, 235, -1,
                        223, 235, 224, -1,
                        230, 275, 276, -1,
                        230, 276, 231, -1,
                        230, 250, 275, -1,
                        232, 234, 277, -1,
                        232, 277, 233, -1,
                        233, 277, 251, -1,
                        234, 276, 277, -1,
                        235, 274, 278, -1,
                        235, 278, 236, -1,
                        236, 278, 237, -1,
                        237, 278, 279, -1,
                        237, 279, 280, -1,
                        237, 280, 238, -1,
                        238, 280, 239, -1,
                        239, 280, 281, -1,
                        239, 281, 240, -1,
                        240, 281, 282, -1,
                        240, 282, 241, -1,
                        241, 282, 283, -1,
                        241, 283, 284, -1,
                        241, 284, 242, -1,
                        246, 285, 247, -1,
                        247, 285, 286, -1,
                        248, 287, 249, -1,
                        249, 288, 289, -1,
                        249, 289, 250, -1,
                        249, 287, 288, -1,
                        250, 289, 275, -1,
                        251, 277, 253, -1,
                        252, 260, 291, -1,
                        252, 291, 292, -1,
                        252, 292, 293, -1,
                        252, 293, 290, -1,
                        253, 277, 254, -1,
                        254, 277, 255, -1,
                        261, 264, 295, -1,
                        261, 295, 296, -1,
                        261, 296, 294, -1,
                        267, 297, 268, -1,
                        268, 297, 298, -1,
                        268, 298, 299, -1,
                        268, 299, 269, -1,
                        270, 299, 325, -1,
                        270, 325, 300, -1,
                        270, 300, 272, -1,
                        270, 272, 271, -1,
                        272, 300, 301, -1,
                        272, 301, 274, -1,
                        272, 274, 273, -1,
                        274, 301, 278, -1,
                        275, 277, 276, -1,
                        275, 289, 277, -1,
                        277, 289, 302, -1,
                        277, 302, 287, -1,
                        277, 287, 303, -1,
                        278, 301, 279, -1,
                        279, 301, 304, -1,
                        279, 304, 305, -1,
                        279, 305, 280, -1,
                        280, 305, 281, -1,
                        281, 305, 306, -1,
                        281, 306, 282, -1,
                        282, 306, 307, -1,
                        282, 307, 283, -1,
                        285, 308, 309, -1,
                        285, 309, 310, -1,
                        285, 310, 311, -1,
                        285, 311, 312, -1,
                        285, 312, 286, -1,
                        287, 302, 289, -1,
                        287, 289, 288, -1,
                        287, 313, 314, -1,
                        287, 314, 303, -1,
                        290, 293, 316, -1,
                        290, 316, 317, -1,
                        290, 317, 318, -1,
                        290, 318, 319, -1,
                        290, 319, 320, -1,
                        290, 320, 315, -1,
                        294, 296, 322, -1,
                        294, 322, 323, -1,
                        294, 323, 321, -1,
                        298, 324, 299, -1,
                        299, 324, 325, -1,
                        300, 325, 326, -1,
                        300, 326, 304, -1,
                        300, 304, 301, -1,
                        304, 326, 305, -1,
                        305, 326, 306, -1,
                        306, 327, 307, -1,
                        306, 326, 328, -1,
                        306, 328, 327, -1,
                        308, 329, 309, -1,
                        309, 329, 331, -1,
                        309, 331, 332, -1,
                        309, 332, 330, -1,
                        313, 333, 334, -1,
                        313, 334, 335, -1,
                        313, 335, 314, -1,
                        315, 320, 337, -1,
                        315, 337, 338, -1,
                        315, 338, 336, -1,
                        321, 323, 339, -1,
                        321, 339, 340, -1,
                        321, 340, 341, -1,
                        324, 342, 343, -1,
                        324, 343, 325, -1,
                        325, 343, 326, -1,
                        326, 343, 328, -1,
                        328, 343, 342, -1,
                        330, 344, 345, -1,
                        330, 345, 346, -1,
                        330, 332, 347, -1,
                        330, 347, 348, -1,
                        330, 348, 344, -1,
                        333, 346, 334, -1,
                        334, 346, 349, -1,
                        336, 338, 341, -1,
                        336, 341, 340, -1,
                        345, 350, 346, -1,
                        346, 350, 351, -1,
                        346, 351, 352, -1,
                        346, 352, 353, -1,
                        346, 353, 354, -1,
                        346, 354, 355, -1,
                        346, 355, 349, -1,
                ]
            }
        }
    ]
}
